source node ID,0,1,2,3,4,5,6,7,8,9,10,11,12,13,14,15,16,17,18,19,20,21,22,23,24,25,26,27,28,29,30,31,32,33,34,35,36,37,38,39,40,41,42,43,44,45,46,47,48,49,50,51,52,53,54,55,56,57,58,59,60,61,62,63,64,65,66,67,68,69,70,71,72,73,74,75,76,77,78,79,80,81,82,83,84,85,86,87,88,89,90,91,92,93,94,95,96,97,98,99,100,101,102,103,104,105,106,107,108,109,110,111,112,113,114,115,116,117,118,119,120,121,122,123,124,125,126,127,128,129,130,131,132,133,134,135,136,137,138,139,140,141,142,143,144,145,146,147,148,149,150,151,152,153,154,155,156,157,158,159,160,161,162,163,164,165,166,167,168,169,170,171,172,173,174,175,176,177,178,179,180,181,182,183,184,185,186,187,188,189,190,191,192,193,194,195,196,197,198,199,200,201
0,0.0,0.0,0.0,0.0,0.0,0.0,0.0,0.0,0.0,0.0,0.0,0.0,0.0,0.0,0.0,0.0,0.0,0.0,0.0,-1.4210854715202004e-14,-1.4210854715202004e-14,0.0,2.842170943040401e-14,2.842170943040401e-14,-0.24440381150336066,1.8103640652196589,2.8876225233384503,2.9966270081580433,2.7173148020585245,2.7295546607163885,2.243706699796263,2.3904028577045437,3.071053167202905,4.601449418896152,4.5619579553760445,4.606677583470628,4.616308090223924,0.0,0.0,0.0,0.0,0.0,0.0,2.842170943040401e-14,2.842170943040401e-14,2.842170943040401e-14,2.842170943040401e-14,2.842170943040401e-14,2.842170943040401e-14,2.842170943040401e-14,5.684341886080802e-14,5.684341886080802e-14,5.684341886080802e-14,5.684341886080802e-14,8.526512829121202e-14,2.842170943040401e-14,2.842170943040401e-14,2.842170943040401e-14,0.0,0.0,0.0,0.09269023029139589,0.6571490746990776,1.585268382710126,2.4198545683455563,4.870243648056146,4.968819386451258,3.989934069732101,3.780004423719305,5.095861108220788,5.108598044231087,5.091154626288812,0.0,0.0,0.0,0.0,0.0,-2.842170943040401e-14,0.0,2.842170943040401e-14,2.842170943040401e-14,0.0,-3.2482296330775426,-2.016969119138878,-1.230710036939115,-0.20875193841064288,0.494043380397045,0.49404859112365784,1.9508104083967055,2.643637744276589,2.207145801113086,2.498852431676397,2.119736689412832,0.6933432214338779,0.4923376344818564,0.30866627424779836,3.3409174334422858,4.379063244148739,4.447336510153917,1.8866932690851002,1.7231115919310014,1.866117683203754,4.05551765561421,4.2942897574426695,-0.8018971016170156,-2.0612946804292847,-3.190420082000088,-7.985168583353925,0.0,0.0,0.5095235717291047,0.5889124834366868,0.5122851506828283,-0.365600240484099,-1.0707583652665562,-0.5907606543719055,-0.1685673159794021,1.9942703275079907,-0.713762150016862,0.08653136169957065,0.05925134681973532,2.1562909209777104,2.8426915512224014,3.5088704279849026,4.324442220455268,4.755356376267798,5.021805678414097,0.0,0.0,0.0,0.0,0.0,0.0,-2.842170943040401e-14,-2.842170943040401e-14,0.8724514293897698,0.9152881199764238,0.0,-2.752829915086366,-3.2324584440001303,-1.4814417436178218,-0.23830550518361804,-0.44808369137020065,-0.6851173134052999,-1.400965118618771,0.0,0.0,0.0,0.0,0.0,0.0,0.0,0.0,0.0,0.0,0.0,0.0,0.0,0.0,0.0,0.0,-0.48389992417112637,0.0,0.0,-0.2729874726773289,-0.9977994491815849,-0.9087016395809115,-0.9223079885520349,-3.638166989965029,-2.935644652399347,-2.951127100294869,1.8858816079617213,1.9958546548480456,1.1312033184437666,3.2393593912972847,3.299979315015534,0.0,0.0,0.0,0.0,0.0,0.0,0.0,0.0,0.0,0.0,0.0,0.0,0.0,0.0,0.0,0.0,0.0,0.0,0.0,0.0,0.0,0.0,0.0,0.0,0.0,0.0
1,0.0,0.0,0.0,0.0,0.0,0.0,0.0,0.0,0.0,0.0,0.0,0.0,0.0,0.0,0.0,0.0,0.0,0.0,0.0,-1.4210854715202004e-14,-1.4210854715202004e-14,0.0,2.842170943040401e-14,2.842170943040401e-14,-0.24440381150336066,1.8103640652196589,2.8876225233384503,2.9966270081580433,2.7173148020585245,2.7295546607163885,2.243706699796263,2.3904028577045437,3.071053167202905,4.601449418896152,4.5619579553760445,4.606677583470628,4.616308090223924,0.0,0.0,0.0,0.0,0.0,0.0,2.842170943040401e-14,2.842170943040401e-14,2.842170943040401e-14,2.842170943040401e-14,2.842170943040401e-14,2.842170943040401e-14,2.842170943040401e-14,5.684341886080802e-14,5.684341886080802e-14,5.684341886080802e-14,5.684341886080802e-14,8.526512829121202e-14,2.842170943040401e-14,2.842170943040401e-14,2.842170943040401e-14,0.0,0.0,0.0,0.09269023029139589,0.6571490746990776,1.585268382710126,2.4198545683455563,4.870243648056146,4.968819386451258,3.989934069732101,3.780004423719305,5.095861108220788,5.108598044231087,5.091154626288812,0.0,0.0,0.0,0.0,0.0,-2.842170943040401e-14,0.0,2.842170943040401e-14,2.842170943040401e-14,0.0,-3.2482296330775426,-2.016969119138878,-1.230710036939115,-0.20875193841064288,0.494043380397045,0.49404859112365784,1.9508104083967055,2.643637744276589,2.207145801113086,2.498852431676397,2.119736689412832,0.6933432214338779,0.4923376344818564,0.30866627424779836,3.3409174334422858,4.379063244148739,4.447336510153917,1.8866932690851002,1.7231115919310014,1.866117683203754,4.05551765561421,4.2942897574426695,-0.8018971016170156,-2.0612946804292847,-3.190420082000088,-7.985168583353925,0.0,0.0,0.5095235717291047,0.5889124834366868,0.5122851506828283,-0.365600240484099,-1.0707583652665562,-0.5907606543719055,-0.1685673159794021,1.9942703275079907,-0.713762150016862,0.08653136169957065,0.05925134681973532,2.1562909209777104,2.8426915512224014,3.5088704279849026,4.324442220455268,4.755356376267798,5.021805678414097,0.0,0.0,0.0,0.0,0.0,0.0,-2.842170943040401e-14,-2.842170943040401e-14,0.8724514293897698,0.9152881199764238,0.0,-2.752829915086366,-3.2324584440001303,-1.4814417436178218,-0.23830550518361804,-0.44808369137020065,-0.6851173134052999,-1.400965118618771,0.0,0.0,0.0,0.0,0.0,0.0,0.0,0.0,0.0,0.0,0.0,0.0,0.0,0.0,0.0,0.0,-0.48389992417112637,0.0,0.0,-0.2729874726773289,-0.9977994491815849,-0.9087016395809115,-0.9223079885520349,-3.638166989965029,-2.935644652399347,-2.951127100294869,1.8858816079617213,1.9958546548480456,1.1312033184437809,3.239359391297299,3.2999793150155483,0.0,0.0,0.0,0.0,0.0,0.0,0.0,0.0,0.0,0.0,0.0,0.0,0.0,0.0,0.0,0.0,0.0,0.0,0.0,0.0,0.0,0.0,0.0,0.0,0.0,0.0
2,0.0,0.0,0.0,0.0,0.0,0.0,0.0,0.0,0.0,0.0,0.0,0.0,0.0,0.0,0.0,0.0,0.0,0.0,0.0,-1.4210854715202004e-14,-1.4210854715202004e-14,-1.4210854715202004e-14,-1.4210854715202004e-14,-2.842170943040401e-14,-0.24440381150344592,1.8103640652195736,2.887622523338365,2.996627008157958,2.7173148020584392,2.7295546607163033,2.243706699796178,2.3904028577044585,3.0710531672028196,4.601449418896067,4.561957955375959,4.6066775834705425,4.616308090223839,-2.842170943040401e-14,-2.842170943040401e-14,-2.842170943040401e-14,-2.842170943040401e-14,-2.842170943040401e-14,-2.842170943040401e-14,0.0,0.0,0.0,0.0,0.0,0.0,0.0,2.842170943040401e-14,2.842170943040401e-14,2.842170943040401e-14,2.842170943040401e-14,5.684341886080802e-14,0.0,0.0,0.0,-2.842170943040401e-14,-2.842170943040401e-14,-2.842170943040401e-14,0.09269023029133905,0.6571490746990207,1.585268382710069,2.4198545683454995,4.8702436480561175,4.96881938645123,3.9899340697320724,3.7800044237192765,5.09586110822076,5.108598044231059,5.091154626288784,-2.842170943040401e-14,-2.842170943040401e-14,-2.842170943040401e-14,-2.842170943040401e-14,-2.842170943040401e-14,-5.684341886080802e-14,-2.842170943040401e-14,0.0,0.0,0.0,-3.2482296330775426,-2.016969119138878,-1.230710036939115,-0.20875193841064288,0.494043380397045,0.49404859112364363,1.9508104083967055,2.643637744276589,2.207145801113086,2.498852431676397,2.119736689412832,0.6933432214338779,0.4923376344818564,0.30866627424779836,3.340917433442229,4.379063244148682,4.4473365101538604,1.8866932690849865,1.7231115919308877,1.8661176832036404,4.05551765561421,4.2942897574426695,-0.8018971016170724,-2.0612946804293415,-3.190420082000145,-7.985168583353982,-2.842170943040401e-14,-2.842170943040401e-14,0.5095235717291047,0.5889124834366868,0.5122851506828283,-0.3656002404840706,-1.0707583652665278,-0.5907606543718771,-0.1685673159793737,1.9942703275080191,-0.7137621500169189,0.08653136169951381,0.059251346819678474,2.156290920977682,2.842691551222373,3.508870427984874,4.324442220455239,4.75535637626777,5.0218056784140686,-1.4210854715202004e-14,0.0,0.0,0.0,0.0,0.0,-2.842170943040401e-14,-2.842170943040401e-14,0.8724514293897698,0.9152881199764238,0.0,-2.752829915086366,-3.2324584440001303,-1.4814417436178218,-0.23830550518361804,-0.44808369137020065,-0.6851173134052999,-1.400965118618771,0.0,0.0,0.0,0.0,0.0,0.0,0.0,0.0,0.0,0.0,0.0,0.0,0.0,0.0,0.0,0.0,-0.48389992417112637,0.0,0.0,-0.2729874726773289,-0.9977994491815849,-0.9087016395809115,-0.9223079885520349,-3.638166989965029,-2.935644652399347,-2.951127100294869,1.8858816079617213,1.9958546548480456,1.1312033184437666,3.2393593912972847,3.299979315015534,0.0,0.0,0.0,0.0,0.0,0.0,0.0,0.0,0.0,0.0,0.0,0.0,0.0,0.0,0.0,0.0,0.0,0.0,0.0,0.0,0.0,0.0,0.0,0.0,0.0,0.0
3,0.0,0.0,0.0,0.0,0.0,0.0,0.0,0.0,0.0,0.0,0.0,0.0,0.0,0.0,0.0,0.0,0.0,0.0,0.0,-1.4210854715202004e-14,-1.4210854715202004e-14,-1.4210854715202004e-14,-1.4210854715202004e-14,-1.4210854715202004e-14,-0.2444038115034175,1.810364065219602,2.8876225233383934,2.9966270081579864,2.7173148020584676,2.7295546607163317,2.2437066997962063,2.390402857704487,3.071053167202848,4.601449418896095,4.561957955375988,4.606677583470571,4.616308090223868,-2.842170943040401e-14,-4.263256414560601e-14,-2.842170943040401e-14,-2.842170943040401e-14,-2.842170943040401e-14,-2.842170943040401e-14,0.0,0.0,0.0,0.0,0.0,0.0,0.0,0.0,0.0,0.0,0.0,2.842170943040401e-14,0.0,0.0,0.0,-2.842170943040401e-14,-2.842170943040401e-14,-2.842170943040401e-14,0.09269023029136747,0.6571490746990492,1.5852683827100975,2.419854568345528,4.870243648056146,4.968819386451258,3.989934069732101,3.780004423719305,5.095861108220788,5.108598044231087,5.091154626288812,-2.842170943040401e-14,-2.842170943040401e-14,-2.842170943040401e-14,-2.842170943040401e-14,-2.842170943040401e-14,-5.684341886080802e-14,-2.842170943040401e-14,0.0,0.0,0.0,-3.2482296330775426,-2.016969119138878,-1.230710036939115,-0.20875193841064288,0.494043380397045,0.49404859112364363,1.9508104083966913,2.6436377442765604,2.2071458011130574,2.4988524316763687,2.119736689412804,0.6933432214338495,0.492337634481828,0.30866627424776993,3.3409174334422573,4.3790632441487105,4.447336510153889,1.8866932690850433,1.7231115919309445,1.8661176832036972,4.055517655614182,4.294289757442641,-0.801897101617044,-2.061294680429313,-3.1904200820001165,-7.985168583353953,-2.842170943040401e-14,-2.842170943040401e-14,0.5095235717291047,0.5889124834366868,0.5122851506828283,-0.365600240484099,-1.0707583652665846,-0.5907606543719623,-0.16856731597945895,1.9942703275079339,-0.7137621500168905,0.08653136169954223,0.059251346819706896,2.1562909209777104,2.8426915512224014,3.5088704279849026,4.324442220455268,4.755356376267798,5.021805678414097,-1.4210854715202004e-14,-2.842170943040401e-14,-1.4210854715202004e-14,-1.4210854715202004e-14,-1.4210854715202004e-14,-2.842170943040401e-14,-1.4210854715202004e-14,-1.4210854715202004e-14,0.8724514293897698,0.9152881199764238,0.0,-2.752829915086366,-3.2324584440001303,-1.4814417436178218,-0.23830550518361804,-0.44808369137020065,-0.6851173134052999,-1.400965118618771,0.0,0.0,0.0,0.0,0.0,0.0,0.0,0.0,0.0,0.0,0.0,0.0,0.0,0.0,0.0,0.0,-0.48389992417111216,0.0,0.0,-0.2729874726773289,-0.9977994491815849,-0.9087016395809115,-0.9223079885520349,-3.638166989965029,-2.935644652399347,-2.951127100294869,1.8858816079617213,1.9958546548480456,1.1312033184437738,3.239359391297292,3.2999793150155483,0.0,0.0,0.0,0.0,0.0,0.0,0.0,0.0,0.0,0.0,0.0,0.0,0.0,0.0,0.0,0.0,0.0,0.0,0.0,0.0,0.0,0.0,0.0,0.0,0.0,0.0
4,0.0,0.0,0.0,0.0,0.0,0.0,0.0,0.0,0.0,0.0,0.0,0.0,0.0,0.0,0.0,0.0,0.0,0.0,0.0,-1.4210854715202004e-14,-1.4210854715202004e-14,-1.4210854715202004e-14,-1.4210854715202004e-14,-1.4210854715202004e-14,-0.24440381150338908,1.8103640652196304,2.887622523338422,2.996627008158015,2.717314802058496,2.72955466071636,2.2437066997962347,2.3904028577045153,3.0710531672028765,4.601449418896124,4.561957955376016,4.606677583470599,4.616308090223896,-2.842170943040401e-14,-4.263256414560601e-14,-2.842170943040401e-14,-2.842170943040401e-14,-2.842170943040401e-14,-2.842170943040401e-14,0.0,0.0,0.0,0.0,0.0,0.0,0.0,2.842170943040401e-14,2.842170943040401e-14,2.842170943040401e-14,2.842170943040401e-14,5.684341886080802e-14,0.0,0.0,0.0,-2.842170943040401e-14,-2.842170943040401e-14,-2.842170943040401e-14,0.09269023029136747,0.6571490746990492,1.5852683827100975,2.419854568345528,4.8702436480561175,4.96881938645123,3.9899340697320724,3.7800044237192765,5.09586110822076,5.108598044231059,5.091154626288784,-2.842170943040401e-14,-2.842170943040401e-14,-2.842170943040401e-14,-2.842170943040401e-14,-2.842170943040401e-14,-5.684341886080802e-14,-2.842170943040401e-14,0.0,0.0,0.0,-3.2482296330775426,-2.016969119138878,-1.230710036939115,-0.20875193841064288,0.494043380397045,0.49404859112364363,1.9508104083966913,2.6436377442765604,2.2071458011130574,2.4988524316763687,2.119736689412804,0.6933432214338495,0.492337634481828,0.30866627424776993,3.3409174334422573,4.3790632441487105,4.447336510153889,1.8866932690850433,1.7231115919309445,1.8661176832036972,4.055517655614182,4.294289757442641,-0.801897101617044,-2.061294680429313,-3.1904200820001165,-7.985168583353953,-2.842170943040401e-14,-2.842170943040401e-14,0.5095235717291047,0.5889124834366868,0.5122851506828283,-0.365600240484099,-1.0707583652665846,-0.5907606543719623,-0.16856731597945895,1.9942703275079339,-0.7137621500168905,0.08653136169954223,0.059251346819706896,2.1562909209777104,2.8426915512224014,3.5088704279849026,4.324442220455268,4.755356376267798,5.021805678414097,-1.4210854715202004e-14,-2.842170943040401e-14,-1.4210854715202004e-14,-1.4210854715202004e-14,-1.4210854715202004e-14,-1.4210854715202004e-14,-1.4210854715202004e-14,-1.4210854715202004e-14,0.8724514293897698,0.9152881199764238,0.0,-2.752829915086366,-3.2324584440001303,-1.4814417436178218,-0.23830550518361804,-0.44808369137020065,-0.6851173134052999,-1.400965118618771,0.0,0.0,0.0,0.0,0.0,0.0,0.0,0.0,0.0,0.0,0.0,0.0,0.0,0.0,0.0,0.0,-0.48389992417111216,0.0,0.0,-0.2729874726773289,-0.9977994491815849,-0.9087016395809187,-0.9223079885520349,-3.638166989965029,-2.935644652399347,-2.951127100294869,1.8858816079617213,1.9958546548480456,1.1312033184437738,3.239359391297292,3.2999793150155483,0.0,0.0,0.0,0.0,0.0,0.0,0.0,0.0,0.0,0.0,0.0,0.0,0.0,0.0,0.0,0.0,0.0,0.0,0.0,0.0,0.0,0.0,0.0,0.0,0.0,0.0
5,0.0,0.0,0.0,0.0,0.0,0.0,0.0,0.0,0.0,0.0,0.0,0.0,0.0,0.0,0.0,0.0,0.0,0.0,0.0,-1.4210854715202004e-14,-1.4210854715202004e-14,-1.4210854715202004e-14,-1.4210854715202004e-14,-1.4210854715202004e-14,-0.2444038115034033,1.8103640652196304,2.887622523338422,2.996627008158015,2.717314802058496,2.72955466071636,2.2437066997962347,2.3904028577045153,3.0710531672028765,4.601449418896124,4.561957955376016,4.606677583470599,4.616308090223896,-2.842170943040401e-14,-4.263256414560601e-14,-4.263256414560601e-14,-5.684341886080802e-14,-5.684341886080802e-14,-5.684341886080802e-14,-2.842170943040401e-14,-2.842170943040401e-14,-2.842170943040401e-14,-2.842170943040401e-14,-2.842170943040401e-14,-2.842170943040401e-14,-2.842170943040401e-14,0.0,0.0,0.0,0.0,2.842170943040401e-14,-2.842170943040401e-14,-2.842170943040401e-14,-2.842170943040401e-14,-5.684341886080802e-14,-5.684341886080802e-14,-5.684341886080802e-14,0.09269023029136747,0.6571490746990492,1.5852683827100975,2.419854568345528,4.8702436480561175,4.96881938645123,3.9899340697320724,3.7800044237192765,5.09586110822076,5.108598044231059,5.091154626288784,-5.684341886080802e-14,-5.684341886080802e-14,-5.684341886080802e-14,-5.684341886080802e-14,-5.684341886080802e-14,-8.526512829121202e-14,-5.684341886080802e-14,-2.842170943040401e-14,-2.842170943040401e-14,0.0,-3.2482296330775426,-2.016969119138878,-1.230710036939115,-0.20875193841064288,0.494043380397045,0.49404859112364363,1.9508104083966913,2.6436377442765604,2.2071458011130574,2.4988524316763687,2.119736689412804,0.6933432214338495,0.492337634481828,0.30866627424776993,3.3409174334422573,4.3790632441487105,4.447336510153889,1.8866932690850433,1.7231115919309445,1.8661176832036972,4.055517655614182,4.294289757442641,-0.8018971016170724,-2.0612946804293415,-3.190420082000145,-7.985168583353982,-5.684341886080802e-14,-5.684341886080802e-14,0.5095235717291047,0.5889124834366868,0.5122851506828283,-0.365600240484099,-1.0707583652665846,-0.5907606543719623,-0.16856731597945895,1.9942703275079339,-0.7137621500168905,0.08653136169954223,0.059251346819706896,2.1562909209777104,2.8426915512224014,3.5088704279849026,4.324442220455268,4.755356376267798,5.021805678414097,-1.4210854715202004e-14,-2.842170943040401e-14,-1.4210854715202004e-14,-1.4210854715202004e-14,-1.4210854715202004e-14,-1.4210854715202004e-14,-1.4210854715202004e-14,-1.4210854715202004e-14,0.8724514293897698,0.9152881199764238,0.0,-2.752829915086366,-3.2324584440001303,-1.4814417436178218,-0.23830550518361804,-0.44808369137020065,-0.6851173134052999,-1.400965118618771,0.0,0.0,0.0,0.0,0.0,0.0,0.0,0.0,0.0,0.0,0.0,0.0,0.0,0.0,0.0,0.0,-0.48389992417111216,0.0,0.0,-0.2729874726773289,-0.9977994491815849,-0.9087016395809187,-0.9223079885520349,-3.638166989965029,-2.935644652399347,-2.951127100294869,1.8858816079617213,1.9958546548480456,1.1312033184437738,3.239359391297292,3.2999793150155483,0.0,0.0,0.0,0.0,0.0,0.0,0.0,0.0,0.0,0.0,0.0,0.0,0.0,0.0,0.0,0.0,0.0,0.0,0.0,0.0,0.0,0.0,0.0,0.0,0.0,0.0
6,0.0,0.0,0.0,0.0,0.0,0.0,0.0,0.0,0.0,0.0,0.0,0.0,0.0,0.0,0.0,0.0,0.0,0.0,0.0,-1.4210854715202004e-14,-1.4210854715202004e-14,-1.4210854715202004e-14,-1.4210854715202004e-14,-1.4210854715202004e-14,-0.2444038115034033,1.8103640652196304,2.887622523338422,2.996627008158015,2.717314802058496,2.72955466071636,2.2437066997962347,2.3904028577045153,3.0710531672028765,4.601449418896124,4.561957955376016,4.606677583470599,4.616308090223896,-2.842170943040401e-14,-4.263256414560601e-14,-4.263256414560601e-14,-4.263256414560601e-14,-4.263256414560601e-14,-2.842170943040401e-14,0.0,0.0,0.0,0.0,0.0,0.0,0.0,0.0,0.0,0.0,0.0,2.842170943040401e-14,0.0,0.0,0.0,-5.684341886080802e-14,-5.684341886080802e-14,-5.684341886080802e-14,0.09269023029136747,0.6571490746990492,1.5852683827100975,2.4198545683455137,4.8702436480561175,4.96881938645123,3.9899340697320724,3.7800044237192765,5.09586110822076,5.108598044231059,5.091154626288784,-4.263256414560601e-14,-2.842170943040401e-14,-2.842170943040401e-14,-2.842170943040401e-14,-2.842170943040401e-14,-5.684341886080802e-14,-4.263256414560601e-14,-2.842170943040401e-14,-2.842170943040401e-14,0.0,-3.2482296330775426,-2.016969119138878,-1.230710036939115,-0.20875193841064288,0.494043380397045,0.49404859112364363,1.9508104083966913,2.6436377442765604,2.2071458011130574,2.498852431676383,2.119736689412804,0.6933432214338495,0.492337634481828,0.30866627424776993,3.340917433442243,4.3790632441487105,4.447336510153889,1.8866932690850433,1.7231115919309445,1.8661176832036972,4.055517655614182,4.294289757442641,-0.8018971016170724,-2.0612946804293415,-3.190420082000145,-7.985168583353953,-4.263256414560601e-14,-4.263256414560601e-14,0.5095235717291047,0.5889124834366868,0.5122851506828283,-0.365600240484099,-1.0707583652665846,-0.5907606543719623,-0.16856731597945895,1.9942703275079339,-0.7137621500168905,0.08653136169955644,0.05925134681972111,2.1562909209777104,2.8426915512224014,3.5088704279849026,4.324442220455296,4.755356376267827,5.021805678414111,-1.4210854715202004e-14,-2.842170943040401e-14,-1.4210854715202004e-14,-1.4210854715202004e-14,-1.4210854715202004e-14,-1.4210854715202004e-14,-1.4210854715202004e-14,-1.4210854715202004e-14,0.8724514293897698,0.9152881199764238,0.0,-2.752829915086366,-3.2324584440001303,-1.4814417436178218,-0.23830550518361804,-0.44808369137020065,-0.6851173134052999,-1.400965118618771,0.0,0.0,0.0,0.0,0.0,0.0,0.0,0.0,0.0,0.0,0.0,0.0,0.0,0.0,0.0,0.0,-0.48389992417111216,0.0,0.0,-0.2729874726773289,-0.9977994491815849,-0.9087016395809187,-0.922307988552042,-3.638166989965029,-2.935644652399347,-2.951127100294876,1.8858816079617142,1.9958546548480385,1.1312033184437738,3.239359391297292,3.2999793150155483,0.0,0.0,0.0,0.0,0.0,0.0,0.0,0.0,0.0,0.0,0.0,0.0,0.0,0.0,0.0,0.0,0.0,0.0,0.0,0.0,0.0,0.0,0.0,0.0,0.0,0.0
7,0.0,0.0,0.0,0.0,0.0,0.0,0.0,0.0,0.0,0.0,0.0,0.0,0.0,0.0,0.0,0.0,0.0,0.0,0.0,-1.4210854715202004e-14,-1.4210854715202004e-14,-1.4210854715202004e-14,-1.4210854715202004e-14,-1.4210854715202004e-14,-0.2444038115034033,1.8103640652196304,2.8876225233384076,2.9966270081579864,2.7173148020584676,2.7295546607163033,2.243706699796178,2.3904028577044585,3.0710531672028196,4.601449418896067,4.561957955375959,4.6066775834705425,4.616308090223839,-2.842170943040401e-14,-4.263256414560601e-14,-4.263256414560601e-14,-4.263256414560601e-14,-4.263256414560601e-14,-4.263256414560601e-14,-4.263256414560601e-14,-4.263256414560601e-14,-5.684341886080802e-14,-5.684341886080802e-14,-5.684341886080802e-14,-5.684341886080802e-14,-5.684341886080802e-14,-2.842170943040401e-14,-2.842170943040401e-14,-2.842170943040401e-14,-2.842170943040401e-14,0.0,-5.684341886080802e-14,-5.684341886080802e-14,-5.684341886080802e-14,-4.263256414560601e-14,-2.842170943040401e-14,-2.842170943040401e-14,0.09269023029136747,0.6571490746990349,1.5852683827100833,2.4198545683454995,4.8702436480561175,4.96881938645123,3.9899340697320724,3.7800044237192765,5.09586110822076,5.108598044231059,5.091154626288784,-4.263256414560601e-14,-4.263256414560601e-14,-4.263256414560601e-14,-4.263256414560601e-14,-5.684341886080802e-14,-8.526512829121202e-14,-4.263256414560601e-14,-4.263256414560601e-14,-5.684341886080802e-14,0.0,-3.2482296330775426,-2.016969119138878,-1.230710036939115,-0.20875193841064288,0.494043380397045,0.49404859112364363,1.9508104083966913,2.6436377442765604,2.2071458011130574,2.498852431676383,2.119736689412804,0.6933432214338637,0.492337634481828,0.30866627424778414,3.340917433442229,4.379063244148696,4.447336510153875,1.8866932690850575,1.7231115919309303,1.866117683203683,4.055517655614167,4.294289757442613,-0.8018971016170724,-2.0612946804293415,-3.190420082000145,-7.985168583353968,-4.263256414560601e-14,-4.263256414560601e-14,0.5095235717291047,0.5889124834366868,0.5122851506828283,-0.365600240484099,-1.0707583652665846,-0.5907606543719623,-0.16856731597945895,1.9942703275079339,-0.7137621500168905,0.08653136169955644,0.05925134681972111,2.156290920977696,2.842691551222387,3.5088704279848884,4.324442220455282,4.755356376267812,5.021805678414097,-1.4210854715202004e-14,-2.842170943040401e-14,-1.4210854715202004e-14,-1.4210854715202004e-14,-1.4210854715202004e-14,-1.4210854715202004e-14,-2.842170943040401e-14,-2.842170943040401e-14,0.8724514293897698,0.9152881199764238,0.0,-2.752829915086366,-3.2324584440001303,-1.4814417436178218,-0.23830550518361804,-0.44808369137020776,-0.6851173134053141,-1.4009651186187853,0.0,0.0,0.0,0.0,0.0,0.0,0.0,0.0,0.0,0.0,0.0,0.0,0.0,0.0,0.0,0.0,-0.48389992417111927,0.0,0.0,-0.2729874726773289,-0.9977994491815849,-0.9087016395809187,-0.922307988552042,-3.638166989965029,-2.935644652399347,-2.951127100294876,1.8858816079617142,1.9958546548480456,1.1312033184437738,3.239359391297292,3.2999793150155483,0.0,0.0,0.0,0.0,0.0,0.0,0.0,0.0,0.0,0.0,0.0,0.0,0.0,0.0,0.0,0.0,0.0,0.0,0.0,0.0,0.0,0.0,0.0,0.0,0.0,0.0
8,0.0,0.0,0.0,0.0,0.0,0.0,0.0,0.0,0.0,0.0,0.0,0.0,0.0,0.0,0.0,0.0,0.0,0.0,0.0,-1.4210854715202004e-14,-1.4210854715202004e-14,-1.4210854715202004e-14,-1.4210854715202004e-14,-1.4210854715202004e-14,-0.2444038115034033,1.8103640652196304,2.8876225233384076,2.9966270081579864,2.7173148020584676,2.7295546607163317,2.2437066997962063,2.390402857704487,3.071053167202848,4.601449418896095,4.561957955375988,4.606677583470571,4.616308090223868,-2.842170943040401e-14,-4.263256414560601e-14,-4.263256414560601e-14,-4.263256414560601e-14,-4.263256414560601e-14,-4.263256414560601e-14,-4.263256414560601e-14,-4.263256414560601e-14,-5.684341886080802e-14,-5.684341886080802e-14,-5.684341886080802e-14,-5.684341886080802e-14,-5.684341886080802e-14,-5.684341886080802e-14,-5.684341886080802e-14,-5.684341886080802e-14,-5.684341886080802e-14,-2.842170943040401e-14,-5.684341886080802e-14,-5.684341886080802e-14,-5.684341886080802e-14,-4.263256414560601e-14,-2.842170943040401e-14,-2.842170943040401e-14,0.09269023029136747,0.6571490746990349,1.5852683827100833,2.4198545683454995,4.8702436480561175,4.968819386451258,3.989934069732101,3.780004423719305,5.09586110822076,5.108598044231059,5.091154626288784,-4.263256414560601e-14,-4.263256414560601e-14,-4.263256414560601e-14,-4.263256414560601e-14,-5.684341886080802e-14,-8.526512829121202e-14,-4.263256414560601e-14,-4.263256414560601e-14,-5.684341886080802e-14,0.0,-3.2482296330775426,-2.016969119138878,-1.230710036939115,-0.20875193841064288,0.494043380397045,0.49404859112364363,1.9508104083966913,2.6436377442765604,2.2071458011130574,2.498852431676383,2.119736689412804,0.6933432214338637,0.492337634481828,0.30866627424778414,3.340917433442229,4.379063244148696,4.447336510153875,1.8866932690850575,1.7231115919309303,1.866117683203683,4.055517655614167,4.294289757442613,-0.8018971016170724,-2.0612946804293415,-3.190420082000145,-7.985168583353968,-4.263256414560601e-14,-4.263256414560601e-14,0.5095235717291047,0.5889124834366868,0.5122851506828283,-0.365600240484099,-1.0707583652665846,-0.5907606543719623,-0.16856731597945895,1.9942703275079339,-0.7137621500168905,0.08653136169955644,0.05925134681972111,2.156290920977696,2.842691551222387,3.5088704279848884,4.324442220455282,4.755356376267812,5.021805678414097,-1.4210854715202004e-14,-2.842170943040401e-14,-1.4210854715202004e-14,-1.4210854715202004e-14,-1.4210854715202004e-14,-1.4210854715202004e-14,-2.842170943040401e-14,-2.842170943040401e-14,0.8724514293897698,0.9152881199764238,0.0,-2.752829915086366,-3.2324584440001303,-1.4814417436178218,-0.23830550518361804,-0.44808369137020776,-0.6851173134053141,-1.4009651186187853,0.0,0.0,0.0,0.0,0.0,0.0,0.0,0.0,0.0,0.0,0.0,0.0,0.0,0.0,0.0,0.0,-0.48389992417111927,0.0,0.0,-0.2729874726773289,-0.9977994491815849,-0.9087016395809187,-0.922307988552042,-3.638166989965029,-2.935644652399347,-2.951127100294876,1.8858816079617142,1.9958546548480456,1.1312033184437738,3.239359391297292,3.2999793150155483,0.0,0.0,0.0,0.0,0.0,0.0,0.0,0.0,0.0,0.0,0.0,0.0,0.0,0.0,0.0,0.0,0.0,0.0,0.0,0.0,0.0,0.0,0.0,0.0,0.0,0.0
9,0.0,0.0,0.0,0.0,0.0,0.0,0.0,0.0,0.0,0.0,0.0,0.0,0.0,0.0,0.0,0.0,0.0,0.0,0.0,-1.4210854715202004e-14,-1.4210854715202004e-14,-1.4210854715202004e-14,-1.4210854715202004e-14,-1.4210854715202004e-14,-0.2444038115034033,1.8103640652196304,2.8876225233384076,2.9966270081579864,2.717314802058482,2.7295546607163317,2.2437066997962063,2.390402857704487,3.071053167202848,4.601449418896095,4.561957955375988,4.606677583470571,4.616308090223868,-2.842170943040401e-14,-4.263256414560601e-14,-4.263256414560601e-14,-4.263256414560601e-14,-4.263256414560601e-14,-4.263256414560601e-14,-4.263256414560601e-14,-4.263256414560601e-14,-4.263256414560601e-14,-2.842170943040401e-14,-2.842170943040401e-14,-2.842170943040401e-14,-2.842170943040401e-14,0.0,0.0,0.0,0.0,2.842170943040401e-14,-2.842170943040401e-14,-2.842170943040401e-14,-2.842170943040401e-14,-5.684341886080802e-14,-5.684341886080802e-14,-5.684341886080802e-14,0.09269023029136747,0.6571490746990492,1.5852683827100975,2.4198545683455137,4.870243648056132,4.968819386451273,3.9899340697321293,3.7800044237193333,5.09586110822076,5.108598044231044,5.09115462628877,-4.263256414560601e-14,-4.263256414560601e-14,-4.263256414560601e-14,-4.263256414560601e-14,-2.842170943040401e-14,-2.842170943040401e-14,-4.263256414560601e-14,-4.263256414560601e-14,-4.263256414560601e-14,0.0,-3.2482296330775426,-2.016969119138878,-1.230710036939115,-0.20875193841064288,0.494043380397045,0.49404859112364363,1.9508104083966913,2.6436377442765604,2.2071458011130574,2.498852431676383,2.119736689412804,0.6933432214338637,0.492337634481828,0.30866627424778414,3.340917433442243,4.3790632441487105,4.447336510153889,1.8866932690850575,1.7231115919309303,1.866117683203683,4.055517655614182,4.294289757442641,-0.8018971016170724,-2.0612946804293415,-3.190420082000145,-7.985168583353953,-4.263256414560601e-14,-4.263256414560601e-14,0.5095235717291047,0.5889124834366868,0.5122851506828283,-0.365600240484099,-1.0707583652665846,-0.5907606543719623,-0.16856731597945895,1.9942703275079339,-0.7137621500168905,0.08653136169955644,0.05925134681972111,2.1562909209777104,2.8426915512224014,3.5088704279849026,4.324442220455296,4.755356376267827,5.021805678414111,-1.4210854715202004e-14,-2.842170943040401e-14,-1.4210854715202004e-14,-1.4210854715202004e-14,-1.4210854715202004e-14,-1.4210854715202004e-14,-1.4210854715202004e-14,-1.4210854715202004e-14,0.8724514293897698,0.9152881199764238,0.0,-2.752829915086359,-3.232458444000116,-1.4814417436178076,-0.23830550518360383,-0.44808369137020776,-0.6851173134053141,-1.4009651186187853,0.0,0.0,0.0,0.0,0.0,0.0,0.0,0.0,0.0,0.0,0.0,0.0,0.0,0.0,0.0,0.0,-0.48389992417111927,0.0,0.0,-0.2729874726773325,-0.9977994491815849,-0.9087016395809187,-0.922307988552042,-3.638166989965029,-2.935644652399347,-2.951127100294876,1.8858816079617142,1.9958546548480456,1.1312033184437702,3.239359391297292,3.2999793150155483,0.0,0.0,0.0,0.0,0.0,0.0,0.0,0.0,0.0,0.0,0.0,0.0,0.0,0.0,0.0,0.0,0.0,0.0,0.0,0.0,0.0,0.0,0.0,0.0,0.0,0.0
10,0.0,0.0,0.0,0.0,0.0,0.0,0.0,0.0,0.0,0.0,0.0,0.0,0.0,0.0,0.0,0.0,0.0,0.0,0.0,-1.4210854715202004e-14,-1.4210854715202004e-14,-1.4210854715202004e-14,-1.4210854715202004e-14,-1.4210854715202004e-14,-0.2444038115034033,1.8103640652196304,2.8876225233384076,2.9966270081579864,2.717314802058482,2.729554660716346,2.2437066997962205,2.390402857704487,3.071053167202848,4.601449418896095,4.561957955375988,4.606677583470571,4.616308090223868,-2.842170943040401e-14,-4.263256414560601e-14,-4.263256414560601e-14,-4.263256414560601e-14,-4.263256414560601e-14,-4.263256414560601e-14,-4.263256414560601e-14,-4.263256414560601e-14,-4.263256414560601e-14,-4.263256414560601e-14,-4.263256414560601e-14,-5.684341886080802e-14,-5.684341886080802e-14,-5.684341886080802e-14,-5.684341886080802e-14,-5.684341886080802e-14,-5.684341886080802e-14,-2.842170943040401e-14,-4.263256414560601e-14,-2.842170943040401e-14,-2.842170943040401e-14,-5.684341886080802e-14,-5.684341886080802e-14,-5.684341886080802e-14,0.09269023029136747,0.6571490746990492,1.5852683827100975,2.4198545683455137,4.870243648056132,4.968819386451273,3.9899340697321293,3.7800044237193475,5.095861108220774,5.108598044231073,5.091154626288798,-4.263256414560601e-14,-4.263256414560601e-14,-4.263256414560601e-14,-4.263256414560601e-14,-2.842170943040401e-14,-2.842170943040401e-14,-4.263256414560601e-14,-4.263256414560601e-14,-4.263256414560601e-14,0.0,-3.2482296330775426,-2.016969119138871,-1.230710036939108,-0.20875193841062867,0.4940433803970592,0.49404859112365784,1.9508104083967055,2.6436377442765746,2.2071458011130716,2.498852431676397,2.119736689412818,0.6933432214338779,0.4923376344818422,0.30866627424779836,3.340917433442243,4.3790632441487105,4.447336510153889,1.8866932690850575,1.7231115919309303,1.866117683203683,4.055517655614182,4.294289757442641,-0.8018971016170724,-2.0612946804293415,-3.190420082000145,-7.985168583353953,-4.263256414560601e-14,-4.263256414560601e-14,0.5095235717291189,0.588912483436701,0.5122851506828425,-0.3656002404840848,-1.0707583652665704,-0.5907606543719481,-0.16856731597944474,1.994270327507948,-0.7137621500168905,0.08653136169955644,0.05925134681972111,2.1562909209777246,2.8426915512224156,3.5088704279849168,4.32444222045531,4.755356376267841,5.021805678414125,-1.4210854715202004e-14,-2.842170943040401e-14,-1.4210854715202004e-14,-1.4210854715202004e-14,-1.4210854715202004e-14,-1.4210854715202004e-14,-1.4210854715202004e-14,-1.4210854715202004e-14,0.872451429389784,0.915288119976438,0.0,-2.7528299150863518,-3.232458444000116,-1.4814417436178005,-0.23830550518360383,-0.44808369137020776,-0.6851173134053141,-1.4009651186187853,0.0,0.0,0.0,0.0,0.0,0.0,0.0,0.0,0.0,0.0,0.0,0.0,0.0,0.0,0.0,0.0,-0.48389992417111927,0.0,0.0,-0.2729874726773325,-0.9977994491815849,-0.9087016395809151,-0.922307988552042,-3.638166989965029,-2.935644652399347,-2.951127100294876,1.8858816079617142,1.9958546548480456,1.1312033184437702,3.2393593912972847,3.299979315015541,0.0,0.0,0.0,0.0,0.0,0.0,0.0,0.0,0.0,0.0,0.0,0.0,0.0,0.0,0.0,0.0,0.0,0.0,0.0,0.0,0.0,0.0,0.0,0.0,0.0,0.0
11,0.0,0.0,0.0,0.0,0.0,0.0,0.0,0.0,0.0,0.0,0.0,0.0,0.0,0.0,0.0,0.0,0.0,0.0,0.0,-1.4210854715202004e-14,-1.4210854715202004e-14,-1.4210854715202004e-14,-1.4210854715202004e-14,-1.4210854715202004e-14,-0.2444038115034033,1.8103640652196304,2.8876225233384076,2.9966270081579864,2.717314802058482,2.729554660716346,2.2437066997962347,2.390402857704501,3.0710531672028623,4.6014494188961095,4.561957955376016,4.606677583470599,4.616308090223896,-2.842170943040401e-14,-4.263256414560601e-14,-4.263256414560601e-14,-4.263256414560601e-14,-4.263256414560601e-14,-4.263256414560601e-14,-4.263256414560601e-14,-4.263256414560601e-14,-4.263256414560601e-14,-4.263256414560601e-14,-4.263256414560601e-14,-2.842170943040401e-14,-4.263256414560601e-14,-2.842170943040401e-14,-2.842170943040401e-14,-2.842170943040401e-14,-2.842170943040401e-14,0.0,-4.263256414560601e-14,-2.842170943040401e-14,-2.842170943040401e-14,-4.263256414560601e-14,-2.842170943040401e-14,-2.842170943040401e-14,0.09269023029136747,0.6571490746990349,1.5852683827100833,2.4198545683454995,4.8702436480561175,4.968819386451258,3.989934069732115,3.7800044237193333,5.09586110822076,5.108598044231059,5.091154626288784,-4.263256414560601e-14,-4.263256414560601e-14,-4.263256414560601e-14,-4.263256414560601e-14,-5.684341886080802e-14,-5.684341886080802e-14,-4.263256414560601e-14,-4.263256414560601e-14,-4.263256414560601e-14,0.0,-3.2482296330775426,-2.016969119138871,-1.230710036939115,-0.20875193841064288,0.494043380397045,0.49404859112364363,1.9508104083966913,2.6436377442765604,2.2071458011130574,2.498852431676383,2.119736689412804,0.6933432214338637,0.492337634481828,0.30866627424778414,3.340917433442229,4.379063244148696,4.447336510153875,1.8866932690850575,1.7231115919309303,1.866117683203683,4.055517655614167,4.294289757442627,-0.8018971016170724,-2.0612946804293415,-3.190420082000145,-7.985168583353968,-4.263256414560601e-14,-4.263256414560601e-14,0.5095235717291047,0.5889124834366868,0.5122851506828283,-0.365600240484099,-1.0707583652665846,-0.5907606543719623,-0.16856731597945895,1.9942703275079339,-0.7137621500168905,0.08653136169955644,0.05925134681972111,2.156290920977696,2.842691551222387,3.5088704279848884,4.324442220455282,4.755356376267812,5.021805678414097,-1.4210854715202004e-14,-2.842170943040401e-14,-1.4210854715202004e-14,-1.4210854715202004e-14,-1.4210854715202004e-14,-1.4210854715202004e-14,-2.842170943040401e-14,-2.842170943040401e-14,0.8724514293897698,0.9152881199764238,0.0,-2.7528299150863518,-3.232458444000116,-1.4814417436178076,-0.23830550518361093,-0.44808369137020776,-0.6851173134053141,-1.4009651186187853,0.0,0.0,0.0,0.0,0.0,0.0,0.0,0.0,0.0,0.0,0.0,0.0,0.0,0.0,0.0,0.0,-0.48389992417111927,0.0,0.0,-0.2729874726773289,-0.9977994491815814,-0.9087016395809115,-0.9223079885520349,-3.638166989965022,-2.93564465239934,-2.951127100294869,1.8858816079617213,1.9958546548480527,1.1312033184437702,3.2393593912972847,3.299979315015541,0.0,0.0,0.0,0.0,0.0,0.0,0.0,0.0,0.0,0.0,0.0,0.0,0.0,0.0,0.0,0.0,0.0,0.0,0.0,0.0,0.0,0.0,0.0,0.0,0.0,0.0
12,0.0,0.0,0.0,0.0,0.0,0.0,0.0,0.0,0.0,0.0,0.0,0.0,0.0,0.0,0.0,0.0,0.0,0.0,0.0,0.0,0.0,0.0,0.0,0.0,-0.24440381150338908,1.8103640652196447,2.887622523338422,2.9966270081580006,2.717314802058496,2.72955466071636,2.243706699796249,2.3904028577045153,3.0710531672028765,4.601449418896124,4.561957955376016,4.606677583470599,4.616308090223896,-1.4210854715202004e-14,-2.842170943040401e-14,-2.842170943040401e-14,-2.842170943040401e-14,-2.842170943040401e-14,-2.842170943040401e-14,-2.842170943040401e-14,-2.842170943040401e-14,-2.842170943040401e-14,-2.842170943040401e-14,-2.842170943040401e-14,-1.4210854715202004e-14,-2.842170943040401e-14,-2.842170943040401e-14,-2.842170943040401e-14,-2.842170943040401e-14,-2.842170943040401e-14,0.0,-2.842170943040401e-14,-1.4210854715202004e-14,-1.4210854715202004e-14,-4.263256414560601e-14,-2.842170943040401e-14,-2.842170943040401e-14,0.09269023029138168,0.6571490746990492,1.5852683827100975,2.4198545683455137,4.870243648056132,4.968819386451273,3.9899340697321293,3.7800044237193475,5.095861108220774,5.108598044231073,5.091154626288798,-2.842170943040401e-14,-2.842170943040401e-14,-2.842170943040401e-14,-2.842170943040401e-14,-2.842170943040401e-14,-2.842170943040401e-14,-2.842170943040401e-14,-2.842170943040401e-14,-2.842170943040401e-14,0.0,-3.2482296330775355,-2.0169691191388637,-1.230710036939108,-0.20875193841063577,0.4940433803970592,0.49404859112365784,1.9508104083967055,2.6436377442765746,2.2071458011130716,2.498852431676397,2.119736689412818,0.6933432214338779,0.4923376344818422,0.30866627424779836,3.340917433442243,4.3790632441487105,4.447336510153889,1.8866932690850717,1.7231115919309445,1.8661176832036972,4.055517655614182,4.294289757442641,-0.8018971016170582,-2.0612946804293273,-3.1904200820001307,-7.985168583353953,-2.842170943040401e-14,-2.842170943040401e-14,0.509523571729126,0.588912483436701,0.5122851506828425,-0.3656002404840848,-1.0707583652665704,-0.5907606543719481,-0.16856731597944474,1.994270327507948,-0.7137621500168763,0.08653136169957065,0.05925134681973532,2.1562909209777246,2.8426915512224156,3.5088704279849168,4.32444222045531,4.755356376267841,5.021805678414125,0.0,-1.4210854715202004e-14,0.0,0.0,0.0,0.0,-1.4210854715202004e-14,-1.4210854715202004e-14,0.8724514293897698,0.9152881199764238,0.0,-2.7528299150863447,-3.232458444000109,-1.4814417436178005,-0.23830550518360383,-0.44808369137020065,-0.685117313405307,-1.4009651186187781,0.0,0.0,0.0,0.0,0.0,0.0,0.0,0.0,0.0,0.0,0.0,0.0,0.0,0.0,0.0,0.0,-0.48389992417112637,0.0,0.0,-0.2729874726773289,-0.9977994491815814,-0.9087016395809115,-0.9223079885520349,-3.638166989965022,-2.93564465239934,-2.951127100294869,1.8858816079617213,1.9958546548480527,1.1312033184437702,3.2393593912972847,3.299979315015541,0.0,0.0,0.0,0.0,0.0,0.0,0.0,0.0,0.0,0.0,0.0,0.0,0.0,0.0,0.0,0.0,0.0,0.0,0.0,0.0,0.0,0.0,0.0,0.0,0.0,0.0
13,0.0,0.0,0.0,0.0,0.0,0.0,0.0,0.0,0.0,0.0,0.0,0.0,0.0,0.0,0.0,0.0,0.0,0.0,0.0,0.0,0.0,0.0,1.4210854715202004e-14,1.4210854715202004e-14,-0.24440381150337487,1.8103640652196589,2.887622523338436,2.996627008158015,2.7173148020585103,2.7295546607163743,2.243706699796249,2.3904028577045153,3.0710531672028765,4.601449418896124,4.56195795537603,4.606677583470642,4.616308090223924,0.0,-1.4210854715202004e-14,-1.4210854715202004e-14,-1.4210854715202004e-14,-1.4210854715202004e-14,-1.4210854715202004e-14,-1.4210854715202004e-14,-1.4210854715202004e-14,-1.4210854715202004e-14,-1.4210854715202004e-14,-1.4210854715202004e-14,0.0,-1.4210854715202004e-14,-1.4210854715202004e-14,-1.4210854715202004e-14,-1.4210854715202004e-14,-1.4210854715202004e-14,0.0,-1.4210854715202004e-14,0.0,0.0,-2.842170943040401e-14,-2.842170943040401e-14,-2.842170943040401e-14,0.09269023029139589,0.6571490746990776,1.585268382710126,2.419854568345542,4.87024364805616,4.968819386451301,3.9899340697321577,3.780004423719376,5.095861108220802,5.108598044231101,5.0911546262888265,-1.4210854715202004e-14,-1.4210854715202004e-14,-1.4210854715202004e-14,-1.4210854715202004e-14,0.0,0.0,-1.4210854715202004e-14,-1.4210854715202004e-14,-1.4210854715202004e-14,0.0,-3.2482296330775355,-2.0169691191388637,-1.230710036939108,-0.20875193841064288,0.4940433803970521,0.49404859112365784,1.9508104083967055,2.6436377442765746,2.2071458011130716,2.498852431676397,2.119736689412818,0.6933432214338779,0.4923376344818422,0.30866627424779836,3.3409174334422715,4.379063244148739,4.447336510153917,1.886693269085086,1.7231115919309588,1.8661176832037114,4.055517655614196,4.294289757442655,-0.801897101617044,-2.061294680429313,-3.1904200820001165,-7.985168583353925,-1.4210854715202004e-14,-1.4210854715202004e-14,0.509523571729126,0.5889124834366939,0.5122851506828283,-0.3656002404840848,-1.0707583652665704,-0.5907606543719481,-0.16856731597944474,1.994270327507948,-0.713762150016862,0.08653136169958486,0.05925134681974953,2.1562909209777104,2.8426915512224014,3.5088704279849026,4.324442220455296,4.755356376267827,5.021805678414111,1.4210854715202004e-14,0.0,1.4210854715202004e-14,1.4210854715202004e-14,1.4210854715202004e-14,1.4210854715202004e-14,-7.105427357601002e-15,0.0,0.8724514293897698,0.9152881199764096,0.0,-2.7528299150863447,-3.232458444000109,-1.4814417436178005,-0.23830550518359672,-0.44808369137020776,-0.6851173134053141,-1.4009651186187853,0.0,0.0,0.0,0.0,0.0,0.0,0.0,0.0,0.0,0.0,0.0,0.0,0.0,0.0,0.0,0.0,-0.4838999241711228,0.0,0.0,-0.2729874726773325,-0.9977994491815849,-0.9087016395809187,-0.922307988552042,-3.638166989965029,-2.935644652399347,-2.951127100294876,1.8858816079617142,1.9958546548480456,1.1312033184437702,3.2393593912972847,3.299979315015541,0.0,0.0,0.0,0.0,0.0,0.0,0.0,0.0,0.0,0.0,0.0,0.0,0.0,0.0,0.0,0.0,0.0,0.0,0.0,0.0,0.0,0.0,0.0,0.0,0.0,0.0
14,0.0,0.0,0.0,0.0,0.0,0.0,0.0,0.0,0.0,0.0,0.0,0.0,0.0,0.0,0.0,0.0,0.0,0.0,0.0,0.0,0.0,0.0,0.0,0.0,-0.24440381150338908,1.8103640652196447,2.887622523338422,2.9966270081580006,2.717314802058496,2.72955466071636,2.243706699796249,2.3904028577045153,3.0710531672028765,4.601449418896124,4.56195795537603,4.606677583470628,4.616308090223896,-7.105427357601002e-15,-7.105427357601002e-15,0.0,0.0,0.0,0.0,0.0,0.0,0.0,0.0,0.0,1.4210854715202004e-14,0.0,0.0,0.0,0.0,0.0,1.4210854715202004e-14,0.0,1.4210854715202004e-14,1.4210854715202004e-14,0.0,0.0,0.0,0.09269023029138168,0.6571490746990492,1.5852683827100975,2.4198545683455137,4.870243648056132,4.968819386451273,3.9899340697321293,3.7800044237193475,5.095861108220774,5.108598044231073,5.091154626288798,0.0,0.0,0.0,0.0,0.0,0.0,0.0,0.0,0.0,0.0,-3.2482296330775426,-2.016969119138871,-1.230710036939115,-0.20875193841064998,0.494043380397045,0.49404859112365074,1.9508104083966913,2.6436377442765604,2.2071458011130574,2.498852431676383,2.119736689412804,0.6933432214338637,0.492337634481828,0.30866627424778414,3.340917433442243,4.3790632441487105,4.447336510153889,1.8866932690850717,1.7231115919309445,1.8661176832036972,4.055517655614167,4.294289757442627,-0.8018971016170582,-2.0612946804293273,-3.1904200820001307,-7.985168583353953,0.0,0.0,0.5095235717291189,0.5889124834366868,0.5122851506828212,-0.365600240484099,-1.0707583652665846,-0.5907606543719623,-0.16856731597945895,1.9942703275079339,-0.7137621500168763,0.08653136169957065,0.05925134681973532,2.1562909209777104,2.8426915512224014,3.5088704279849026,4.324442220455296,4.755356376267827,5.021805678414111,7.105427357601002e-15,0.0,7.105427357601002e-15,1.4210854715202004e-14,1.4210854715202004e-14,1.4210854715202004e-14,-7.105427357601002e-15,-7.105427357601002e-15,0.8724514293897556,0.9152881199763954,0.0,-2.7528299150863518,-3.232458444000116,-1.4814417436178076,-0.23830550518361093,-0.44808369137020776,-0.6851173134053141,-1.4009651186187817,0.0,0.0,0.0,0.0,0.0,0.0,0.0,0.0,0.0,0.0,0.0,0.0,0.0,0.0,0.0,0.0,-0.4838999241711228,0.0,0.0,-0.2729874726773289,-0.9977994491815849,-0.9087016395809187,-0.922307988552042,-3.638166989965029,-2.935644652399347,-2.951127100294876,1.8858816079617142,1.9958546548480456,1.1312033184437738,3.239359391297292,3.2999793150155483,0.0,0.0,0.0,0.0,0.0,0.0,0.0,0.0,0.0,0.0,0.0,0.0,0.0,0.0,0.0,0.0,0.0,0.0,0.0,0.0,0.0,0.0,0.0,0.0,0.0,0.0
15,0.0,0.0,0.0,0.0,0.0,0.0,0.0,0.0,0.0,0.0,0.0,0.0,0.0,0.0,0.0,0.0,0.0,0.0,0.0,0.0,0.0,0.0,0.0,0.0,-0.24440381150339618,1.8103640652196304,2.8876225233384076,2.9966270081579864,2.717314802058482,2.729554660716346,2.2437066997962347,2.390402857704501,3.0710531672028623,4.6014494188961095,4.561957955376016,4.6066775834706135,4.616308090223882,-7.105427357601002e-15,-7.105427357601002e-15,-7.105427357601002e-15,0.0,0.0,0.0,0.0,0.0,0.0,0.0,0.0,1.4210854715202004e-14,0.0,0.0,0.0,0.0,0.0,1.4210854715202004e-14,0.0,1.4210854715202004e-14,1.4210854715202004e-14,-1.4210854715202004e-14,0.0,0.0,0.09269023029138879,0.6571490746990776,1.585268382710126,2.419854568345542,4.87024364805616,4.968819386451301,3.9899340697321577,3.780004423719376,5.095861108220802,5.108598044231101,5.0911546262888265,0.0,0.0,0.0,0.0,0.0,0.0,0.0,0.0,0.0,0.0,-3.248229633077539,-2.016969119138871,-1.2307100369391115,-0.20875193841064288,0.4940433803970521,0.49404859112365784,1.9508104083966984,2.6436377442765675,2.2071458011130716,2.498852431676397,2.119736689412818,0.6933432214338779,0.4923376344818422,0.30866627424779836,3.3409174334422715,4.379063244148739,4.447336510153917,1.8866932690850575,1.7231115919309303,1.866117683203683,4.055517655614196,4.294289757442655,-0.8018971016170582,-2.0612946804293273,-3.1904200820001307,-7.985168583353939,0.0,0.0,0.509523571729126,0.5889124834366939,0.5122851506828283,-0.3656002404840919,-1.0707583652665775,-0.5907606543719481,-0.16856731597944474,1.994270327507948,-0.7137621500168763,0.08653136169957065,0.05925134681973532,2.1562909209777175,2.8426915512224085,3.508870427984924,4.32444222045531,4.755356376267841,5.021805678414125,7.105427357601002e-15,0.0,7.105427357601002e-15,0.0,0.0,0.0,-7.105427357601002e-15,-7.105427357601002e-15,0.8724514293897698,0.9152881199764096,0.0,-2.7528299150863553,-3.2324584440001196,-1.4814417436178147,-0.23830550518361804,-0.44808369137020776,-0.6851173134053141,-1.4009651186187817,0.0,0.0,0.0,0.0,0.0,0.0,0.0,0.0,0.0,0.0,0.0,0.0,0.0,0.0,0.0,0.0,-0.4838999241711228,0.0,0.0,-0.2729874726773289,-0.9977994491815849,-0.9087016395809187,-0.922307988552042,-3.638166989965029,-2.935644652399354,-2.951127100294876,1.8858816079617071,1.9958546548480314,1.1312033184437738,3.239359391297292,3.2999793150155483,0.0,0.0,0.0,0.0,0.0,0.0,0.0,0.0,0.0,0.0,0.0,0.0,0.0,0.0,0.0,0.0,0.0,0.0,0.0,0.0,0.0,0.0,0.0,0.0,0.0,0.0
16,0.0,0.0,0.0,0.0,0.0,0.0,0.0,0.0,0.0,0.0,0.0,0.0,0.0,0.0,0.0,0.0,0.0,0.0,0.0,0.0,0.0,0.0,0.0,0.0,-0.24440381150339618,1.8103640652196304,2.8876225233384076,2.9966270081579864,2.717314802058482,2.729554660716346,2.2437066997962347,2.390402857704501,3.0710531672028623,4.6014494188961095,4.561957955376016,4.6066775834706135,4.616308090223882,-7.105427357601002e-15,-7.105427357601002e-15,-7.105427357601002e-15,-7.105427357601002e-15,-1.4210854715202004e-14,-1.4210854715202004e-14,-1.4210854715202004e-14,-1.4210854715202004e-14,-1.4210854715202004e-14,-1.4210854715202004e-14,-1.4210854715202004e-14,0.0,-1.4210854715202004e-14,-1.4210854715202004e-14,-1.4210854715202004e-14,-1.4210854715202004e-14,-1.4210854715202004e-14,0.0,-1.4210854715202004e-14,0.0,0.0,-1.4210854715202004e-14,0.0,0.0,0.09269023029138879,0.6571490746990634,1.5852683827101117,2.419854568345528,4.870243648056146,4.968819386451287,3.9899340697321435,3.7800044237193617,5.095861108220788,5.108598044231087,5.091154626288812,-1.4210854715202004e-14,-1.4210854715202004e-14,-1.4210854715202004e-14,-1.4210854715202004e-14,-2.842170943040401e-14,-2.842170943040401e-14,-1.4210854715202004e-14,-1.4210854715202004e-14,-1.4210854715202004e-14,0.0,-3.248229633077539,-2.0169691191388672,-1.230710036939108,-0.20875193841063577,0.4940433803970592,0.49404859112366495,1.9508104083967055,2.6436377442765746,2.2071458011130787,2.4988524316764114,2.119736689412832,0.6933432214338922,0.4923376344818564,0.30866627424781257,3.3409174334422573,4.379063244148725,4.447336510153903,1.8866932690850575,1.7231115919309303,1.866117683203683,4.055517655614196,4.294289757442655,-0.8018971016170582,-2.0612946804293344,-3.1904200820001307,-7.985168583353939,0.0,0.0,0.5095235717291331,0.588912483436701,0.5122851506828354,-0.3656002404840848,-1.0707583652665704,-0.590760654371941,-0.16856731597942343,1.9942703275079623,-0.7137621500168763,0.08653136169957065,0.05925134681972821,2.1562909209777246,2.8426915512224156,3.508870427984931,4.3244422204553175,4.755356376267848,5.0218056784141325,7.105427357601002e-15,0.0,7.105427357601002e-15,0.0,0.0,0.0,-7.105427357601002e-15,-7.105427357601002e-15,0.8724514293897698,0.9152881199764096,0.0,-2.7528299150863553,-3.2324584440001196,-1.4814417436178147,-0.23830550518361449,-0.4480836913702042,-0.6851173134053088,-1.40096511861878,0.0,0.0,0.0,0.0,0.0,0.0,0.0,0.0,0.0,0.0,0.0,0.0,0.0,0.0,0.0,0.0,-0.4838999241711228,0.0,0.0,-0.2729874726773289,-0.9977994491815849,-0.9087016395809187,-0.922307988552042,-3.638166989965036,-2.935644652399347,-2.951127100294869,1.8858816079617071,1.9958546548480314,1.1312033184437738,3.239359391297292,3.2999793150155483,0.0,0.0,0.0,0.0,0.0,0.0,0.0,0.0,0.0,0.0,0.0,0.0,0.0,0.0,0.0,0.0,0.0,0.0,0.0,0.0,0.0,0.0,0.0,0.0,0.0,0.0
17,0.0,0.0,0.0,0.0,0.0,0.0,0.0,0.0,0.0,0.0,0.0,0.0,0.0,0.0,0.0,0.0,0.0,0.0,0.0,-2.6645352591003757e-15,-1.7763568394002505e-15,-1.7763568394002505e-15,3.552713678800501e-15,0.0,-0.24440381150339618,1.8103640652196376,2.887622523338422,2.9966270081580006,2.717314802058503,2.729554660716367,2.243706699796256,2.3904028577045295,3.0710531672028907,4.601449418896138,4.5619579553760445,4.606677583470642,4.61630809022391,-5.329070518200751e-15,-7.105427357601002e-15,0.0,-3.552713678800501e-15,-7.105427357601002e-15,0.0,0.0,0.0,0.0,0.0,0.0,7.105427357601002e-15,0.0,0.0,0.0,0.0,0.0,1.4210854715202004e-14,0.0,7.105427357601002e-15,7.105427357601002e-15,-7.105427357601002e-15,0.0,0.0,0.09269023029138168,0.6571490746990634,1.5852683827101046,2.419854568345528,4.870243648056139,4.968819386451273,3.989934069732122,3.7800044237193404,5.095861108220774,5.108598044231073,5.091154626288798,-7.105427357601002e-15,0.0,-7.105427357601002e-15,-7.105427357601002e-15,-7.105427357601002e-15,-1.4210854715202004e-14,-7.105427357601002e-15,0.0,-7.105427357601002e-15,0.0,-3.2482296330775426,-2.016969119138871,-1.230710036939115,-0.20875193841064998,0.494043380397045,0.49404859112364363,1.9508104083966913,2.6436377442765604,2.2071458011130574,2.498852431676383,2.119736689412804,0.6933432214338637,0.492337634481828,0.30866627424778414,3.3409174334422502,4.3790632441487105,4.447336510153889,1.8866932690850646,1.7231115919309445,1.8661176832036972,4.055517655614167,4.294289757442627,-0.8018971016170582,-2.061294680429331,-3.190420082000127,-7.985168583353946,-7.105427357601002e-15,-7.105427357601002e-15,0.5095235717291047,0.5889124834366868,0.5122851506828283,-0.365600240484099,-1.0707583652665846,-0.5907606543719623,-0.16856731597945895,1.9942703275079339,-0.7137621500168763,0.08653136169957065,0.05925134681972821,2.156290920977696,2.842691551222387,3.5088704279848884,4.324442220455282,4.755356376267812,5.021805678414097,7.105427357601002e-15,0.0,7.105427357601002e-15,0.0,0.0,0.0,-5.329070518200751e-15,-7.105427357601002e-15,0.8724514293897556,0.9152881199764096,0.0,-2.7528299150863518,-3.232458444000116,-1.4814417436178076,-0.23830550518361093,-0.44808369137020776,-0.6851173134053141,-1.4009651186187853,0.0,0.0,0.0,0.0,0.0,0.0,0.0,0.0,0.0,0.0,0.0,0.0,0.0,0.0,0.0,0.0,-0.48389992417111927,0.0,0.0,-0.2729874726773289,-0.9977994491815849,-0.9087016395809115,-0.9223079885520349,-3.638166989965029,-2.935644652399347,-2.951127100294869,1.8858816079617213,1.9958546548480456,1.1312033184437666,3.2393593912972847,3.299979315015534,0.0,0.0,0.0,0.0,0.0,0.0,0.0,0.0,0.0,0.0,0.0,0.0,0.0,0.0,0.0,0.0,0.0,0.0,0.0,0.0,0.0,0.0,0.0,0.0,0.0,0.0
18,0.0,0.0,0.0,0.0,0.0,0.0,0.0,0.0,0.0,0.0,0.0,0.0,0.0,0.0,0.0,0.0,0.0,0.0,0.0,-2.6645352591003757e-15,-3.552713678800501e-15,-3.552713678800501e-15,1.7763568394002505e-15,3.552713678800501e-15,-0.24440381150339263,1.8103640652196376,2.887622523338422,2.9966270081580006,2.717314802058503,2.729554660716367,2.243706699796256,2.3904028577045295,3.071053167202898,4.601449418896152,4.561957955376059,4.606677583470656,4.616308090223924,-7.105427357601002e-15,-7.105427357601002e-15,0.0,-3.552713678800501e-15,0.0,0.0,0.0,0.0,0.0,0.0,0.0,7.105427357601002e-15,7.105427357601002e-15,1.4210854715202004e-14,1.4210854715202004e-14,1.4210854715202004e-14,1.4210854715202004e-14,2.842170943040401e-14,0.0,7.105427357601002e-15,7.105427357601002e-15,0.0,7.105427357601002e-15,7.105427357601002e-15,0.09269023029138523,0.6571490746990634,1.5852683827101046,2.419854568345535,4.870243648056146,4.96881938645128,3.9899340697321293,3.7800044237193475,5.095861108220781,5.10859804423108,5.091154626288805,0.0,7.105427357601002e-15,0.0,0.0,0.0,-7.105427357601002e-15,0.0,7.105427357601002e-15,0.0,0.0,-3.2482296330775426,-2.016969119138871,-1.230710036939115,-0.20875193841064288,0.494043380397045,0.49404859112364363,1.9508104083966913,2.6436377442765604,2.2071458011130574,2.498852431676383,2.119736689412804,0.6933432214338637,0.492337634481828,0.30866627424778414,3.3409174334422573,4.379063244148718,4.447336510153896,1.8866932690850646,1.7231115919309445,1.8661176832036972,4.055517655614167,4.294289757442627,-0.8018971016170511,-2.0612946804293237,-3.1904200820001236,-7.985168583353946,0.0,0.0,0.5095235717291047,0.5889124834366868,0.5122851506828283,-0.365600240484099,-1.0707583652665846,-0.5907606543719623,-0.16856731597945895,1.9942703275079339,-0.7137621500168692,0.0865313616995742,0.05925134681972821,2.156290920977696,2.842691551222387,3.5088704279848884,4.324442220455282,4.755356376267812,5.021805678414097,1.7763568394002505e-15,-3.552713678800501e-15,3.552713678800501e-15,-3.552713678800501e-15,-3.552713678800501e-15,-3.552713678800501e-15,-7.105427357601002e-15,-7.105427357601002e-15,0.8724514293897698,0.9152881199764238,0.0,-2.7528299150863518,-3.232458444000116,-1.4814417436178076,-0.23830550518360383,-0.44808369137020776,-0.6851173134053141,-1.4009651186187853,0.0,0.0,0.0,0.0,0.0,0.0,0.0,0.0,0.0,0.0,0.0,0.0,0.0,0.0,0.0,0.0,-0.48389992417111927,0.0,0.0,-0.2729874726773289,-0.9977994491815849,-0.9087016395809115,-0.9223079885520349,-3.638166989965029,-2.935644652399347,-2.951127100294869,1.8858816079617213,1.9958546548480456,1.1312033184437666,3.2393593912972847,3.299979315015534,0.0,0.0,0.0,0.0,0.0,0.0,0.0,0.0,0.0,0.0,0.0,0.0,0.0,0.0,0.0,0.0,0.0,0.0,0.0,0.0,0.0,0.0,0.0,0.0,0.0,0.0
19,0.0,0.0,0.0,0.0,0.0,0.0,0.0,0.0,0.0,0.0,-1.4210854715202004e-14,-1.4210854715202004e-14,-1.4210854715202004e-14,-1.4210854715202004e-14,-1.4210854715202004e-14,-1.4210854715202004e-14,-7.105427357601002e-15,-2.6645352591003757e-15,-2.6645352591003757e-15,0.0,0.0,0.0,7.105427357601002e-15,7.105427357601002e-15,-0.24440381150338908,1.8103640652196447,2.887622523338429,2.9966270081580078,2.7173148020585103,2.7295546607163743,2.243706699796263,2.3904028577045366,3.071053167202905,4.601449418896152,4.561957955376059,4.606677583470656,4.616308090223924,-5.329070518200751e-15,-7.105427357601002e-15,0.0,-3.552713678800501e-15,0.0,0.0,0.0,0.0,0.0,0.0,0.0,7.105427357601002e-15,7.105427357601002e-15,1.4210854715202004e-14,1.4210854715202004e-14,1.4210854715202004e-14,1.4210854715202004e-14,2.842170943040401e-14,0.0,7.105427357601002e-15,7.105427357601002e-15,0.0,7.105427357601002e-15,7.105427357601002e-15,0.09269023029138879,0.6571490746990669,1.5852683827101082,2.419854568345528,4.870243648056139,4.968819386451273,3.989934069732122,3.7800044237193404,5.095861108220774,5.108598044231073,5.091154626288798,0.0,7.105427357601002e-15,0.0,0.0,0.0,-7.105427357601002e-15,0.0,7.105427357601002e-15,0.0,-7.105427357601002e-15,-3.2482296330775426,-2.016969119138871,-1.230710036939115,-0.20875193841064288,0.494043380397045,0.49404859112364363,1.9508104083966913,2.6436377442765604,2.2071458011130574,2.498852431676383,2.119736689412804,0.6933432214338637,0.492337634481828,0.30866627424778414,3.3409174334422573,4.379063244148718,4.447336510153896,1.8866932690850717,1.7231115919309516,1.8661176832037043,4.055517655614167,4.294289757442627,-0.8018971016170511,-2.0612946804293237,-3.1904200820001236,-7.985168583353943,0.0,0.0,0.5095235717291047,0.5889124834366868,0.5122851506828283,-0.365600240484099,-1.0707583652665846,-0.5907606543719623,-0.16856731597945895,1.9942703275079339,-0.7137621500168692,0.0865313616995742,0.05925134681972821,2.156290920977696,2.842691551222387,3.5088704279848884,4.324442220455282,4.755356376267812,5.021805678414097,3.552713678800501e-15,-1.7763568394002505e-15,3.552713678800501e-15,-1.7763568394002505e-15,-3.552713678800501e-15,-3.552713678800501e-15,-5.329070518200751e-15,-5.329070518200751e-15,0.8724514293897698,0.9152881199764238,-1.7763568394002505e-15,-2.7528299150863518,-3.232458444000116,-1.4814417436178076,-0.23830550518360383,-0.44808369137021486,-0.6851173134053212,-1.4009651186187924,-7.105427357601002e-15,-7.105427357601002e-15,-7.105427357601002e-15,-7.105427357601002e-15,-1.4210854715202004e-14,-1.4210854715202004e-14,-1.4210854715202004e-14,-1.4210854715202004e-14,-1.4210854715202004e-14,-1.4210854715202004e-14,-1.4210854715202004e-14,-1.4210854715202004e-14,-1.4210854715202004e-14,-1.4210854715202004e-14,-1.4210854715202004e-14,-1.4210854715202004e-14,-0.4838999241711335,-1.4210854715202004e-14,-1.4210854715202004e-14,-0.27298747267734313,-0.9977994491815991,-0.9087016395809258,-0.9223079885520491,-3.6381669899650433,-2.935644652399361,-2.951127100294883,1.8858816079617071,1.9958546548480314,1.1312033184437524,3.2393593912972705,3.29997931501552,-1.4210854715202004e-14,-1.4210854715202004e-14,-1.4210854715202004e-14,0.0,0.0,0.0,-1.4210854715202004e-14,-1.4210854715202004e-14,-1.4210854715202004e-14,-1.4210854715202004e-14,-1.4210854715202004e-14,-1.4210854715202004e-14,-1.4210854715202004e-14,-1.4210854715202004e-14,-1.4210854715202004e-14,-1.4210854715202004e-14,0.0,-1.4210854715202004e-14,-1.4210854715202004e-14,-1.4210854715202004e-14,-1.4210854715202004e-14,-1.4210854715202004e-14,-1.4210854715202004e-14,-1.4210854715202004e-14,-1.4210854715202004e-14,0.0
20,0.0,0.0,0.0,0.0,0.0,0.0,0.0,0.0,0.0,0.0,0.0,0.0,0.0,0.0,0.0,0.0,-7.105427357601002e-15,-3.552713678800501e-15,-3.552713678800501e-15,0.0,0.0,0.0,6.217248937900877e-15,7.105427357601002e-15,-0.24440381150338908,1.8103640652196482,2.8876225233384325,2.9966270081580078,2.7173148020585103,2.7295546607163743,2.243706699796263,2.3904028577045366,3.071053167202905,4.601449418896152,4.561957955376052,4.606677583470642,4.61630809022391,-4.440892098500626e-15,-5.329070518200751e-15,0.0,-3.552713678800501e-15,-3.552713678800501e-15,0.0,0.0,0.0,0.0,0.0,0.0,7.105427357601002e-15,7.105427357601002e-15,7.105427357601002e-15,7.105427357601002e-15,0.0,0.0,1.4210854715202004e-14,0.0,7.105427357601002e-15,7.105427357601002e-15,0.0,7.105427357601002e-15,7.105427357601002e-15,0.09269023029138879,0.6571490746990669,1.5852683827101082,2.4198545683455315,4.870243648056146,4.96881938645128,3.9899340697321293,3.7800044237193475,5.095861108220781,5.10859804423108,5.091154626288805,-3.552713678800501e-15,-3.552713678800501e-15,-7.105427357601002e-15,-7.105427357601002e-15,-7.105427357601002e-15,-1.4210854715202004e-14,-3.552713678800501e-15,0.0,-7.105427357601002e-15,-7.105427357601002e-15,-3.2482296330775497,-2.016969119138878,-1.230710036939115,-0.20875193841064288,0.494043380397045,0.49404859112364363,1.9508104083966913,2.6436377442765604,2.2071458011130574,2.498852431676383,2.119736689412804,0.6933432214338637,0.492337634481828,0.30866627424778414,3.3409174334422573,4.379063244148725,4.447336510153903,1.8866932690850753,1.7231115919309588,1.8661176832037114,4.055517655614167,4.294289757442627,-0.8018971016170475,-2.06129468042932,-3.19042008200012,-7.985168583353946,0.0,-3.552713678800501e-15,0.5095235717291047,0.5889124834366868,0.5122851506828283,-0.365600240484099,-1.0707583652665846,-0.5907606543719623,-0.16856731597945895,1.9942703275079339,-0.7137621500168692,0.0865313616995742,0.05925134681972821,2.156290920977696,2.842691551222387,3.5088704279848884,4.324442220455282,4.755356376267812,5.021805678414097,5.329070518200751e-15,0.0,5.329070518200751e-15,0.0,0.0,0.0,-4.440892098500626e-15,-3.552713678800501e-15,0.8724514293897698,0.9152881199764238,-3.552713678800501e-15,-2.752829915086359,-3.232458444000123,-1.4814417436178076,-0.23830550518360383,-0.44808369137021486,-0.6851173134053212,-1.4009651186187924,-7.105427357601002e-15,-7.105427357601002e-15,-7.105427357601002e-15,-7.105427357601002e-15,0.0,0.0,0.0,0.0,0.0,0.0,0.0,0.0,0.0,0.0,0.0,0.0,-0.48389992417112637,0.0,0.0,-0.2729874726773289,-0.9977994491815849,-0.9087016395809115,-0.9223079885520349,-3.638166989965029,-2.935644652399347,-2.951127100294869,1.8858816079617213,1.9958546548480456,1.1312033184437809,3.239359391297299,3.2999793150155483,0.0,0.0,0.0,0.0,0.0,0.0,0.0,0.0,0.0,0.0,0.0,0.0,0.0,0.0,0.0,0.0,0.0,0.0,0.0,0.0,0.0,0.0,0.0,0.0,0.0,0.0
21,0.0,0.0,0.0,0.0,0.0,0.0,0.0,0.0,0.0,0.0,0.0,0.0,0.0,0.0,0.0,0.0,0.0,-1.7763568394002505e-15,-1.7763568394002505e-15,0.0,0.0,0.0,6.106226635438361e-15,6.217248937900877e-15,-0.24440381150338908,1.8103640652196447,2.887622523338429,2.9966270081580078,2.7173148020585067,2.729554660716367,2.243706699796256,2.3904028577045295,3.071053167202898,4.601449418896145,4.5619579553760445,4.606677583470642,4.616308090223917,-5.329070518200751e-15,-7.105427357601002e-15,0.0,-3.552713678800501e-15,-7.105427357601002e-15,-1.4210854715202004e-14,-1.4210854715202004e-14,-1.4210854715202004e-14,-1.4210854715202004e-14,-1.4210854715202004e-14,-1.4210854715202004e-14,-7.105427357601002e-15,-7.105427357601002e-15,0.0,0.0,0.0,0.0,1.4210854715202004e-14,-1.4210854715202004e-14,-7.105427357601002e-15,-7.105427357601002e-15,-7.105427357601002e-15,0.0,0.0,0.09269023029138879,0.6571490746990634,1.5852683827101046,2.419854568345528,4.870243648056142,4.96881938645128,3.9899340697321293,3.7800044237193475,5.095861108220781,5.10859804423108,5.091154626288805,-7.105427357601002e-15,0.0,-7.105427357601002e-15,-7.105427357601002e-15,-7.105427357601002e-15,-1.4210854715202004e-14,-7.105427357601002e-15,0.0,-7.105427357601002e-15,0.0,-3.2482296330775426,-2.016969119138878,-1.230710036939115,-0.20875193841064288,0.494043380397045,0.49404859112364363,1.9508104083966913,2.6436377442765604,2.2071458011130574,2.498852431676383,2.119736689412804,0.6933432214338637,0.492337634481828,0.30866627424778414,3.340917433442254,4.379063244148714,4.447336510153896,1.8866932690850717,1.723111591930948,1.8661176832037043,4.055517655614167,4.294289757442627,-0.8018971016170493,-2.061294680429322,-3.190420082000122,-7.985168583353943,-7.105427357601002e-15,-7.105427357601002e-15,0.5095235717291047,0.5889124834366868,0.5122851506828283,-0.365600240484099,-1.0707583652665846,-0.5907606543719623,-0.16856731597945895,1.9942703275079339,-0.7137621500168692,0.0865313616995742,0.05925134681972821,2.156290920977696,2.842691551222387,3.5088704279848884,4.324442220455282,4.755356376267812,5.021805678414097,5.329070518200751e-15,0.0,5.329070518200751e-15,0.0,0.0,0.0,-5.329070518200751e-15,-5.329070518200751e-15,0.8724514293897698,0.9152881199764238,0.0,-2.752829915086359,-3.232458444000116,-1.4814417436178076,-0.23830550518360383,-0.44808369137020776,-0.6851173134053141,-1.4009651186187853,0.0,0.0,0.0,0.0,0.0,0.0,0.0,0.0,0.0,0.0,0.0,0.0,0.0,0.0,0.0,0.0,-0.48389992417111927,0.0,0.0,-0.2729874726773289,-0.9977994491815849,-0.9087016395809115,-0.9223079885520349,-3.638166989965029,-2.935644652399347,-2.951127100294869,1.8858816079617213,1.9958546548480456,1.1312033184437666,3.2393593912972847,3.299979315015534,0.0,0.0,0.0,0.0,0.0,0.0,0.0,0.0,0.0,0.0,0.0,0.0,0.0,0.0,0.0,0.0,0.0,0.0,0.0,0.0,0.0,0.0,0.0,0.0,0.0,0.0
22,0.0,0.0,0.0,0.0,0.0,0.0,0.0,0.0,0.0,0.0,0.0,0.0,0.0,0.0,0.0,0.0,7.105427357601002e-15,5.329070518200751e-15,5.329070518200751e-15,7.105427357601002e-15,6.217248937900877e-15,6.106226635438361e-15,0.0,0.0,-0.2444038115033944,1.810364065219641,2.8876225233384254,2.9966270081580006,2.7173148020584996,2.72955466071636,2.243706699796249,2.3904028577045224,3.0710531672028907,4.601449418896131,4.56195795537603,4.606677583470628,4.616308090223903,1.7763568394002505e-15,0.0,7.105427357601002e-15,3.552713678800501e-15,7.105427357601002e-15,1.4210854715202004e-14,1.4210854715202004e-14,1.4210854715202004e-14,1.4210854715202004e-14,1.4210854715202004e-14,1.4210854715202004e-14,2.1316282072803006e-14,2.1316282072803006e-14,2.842170943040401e-14,2.842170943040401e-14,2.842170943040401e-14,2.842170943040401e-14,4.263256414560601e-14,1.4210854715202004e-14,2.1316282072803006e-14,2.1316282072803006e-14,7.105427357601002e-15,1.4210854715202004e-14,1.4210854715202004e-14,0.09269023029138346,0.6571490746990634,1.5852683827101046,2.419854568345528,4.870243648056142,4.96881938645128,3.9899340697321293,3.7800044237193475,5.095861108220781,5.10859804423108,5.091154626288805,7.105427357601002e-15,1.4210854715202004e-14,7.105427357601002e-15,7.105427357601002e-15,7.105427357601002e-15,0.0,7.105427357601002e-15,1.4210854715202004e-14,7.105427357601002e-15,7.105427357601002e-15,-3.2482296330775284,-2.0169691191388637,-1.2307100369391009,-0.20875193841062867,0.4940433803970592,0.49404859112365784,1.9508104083967055,2.6436377442765746,2.2071458011130716,2.498852431676397,2.119736689412818,0.6933432214338779,0.4923376344818422,0.30866627424779836,3.340917433442254,4.379063244148714,4.447336510153896,1.8866932690850682,1.723111591930948,1.8661176832037043,4.055517655614182,4.294289757442641,-0.8018971016170546,-2.0612946804293273,-3.190420082000127,-7.98516858335395,7.105427357601002e-15,7.105427357601002e-15,0.5095235717291189,0.588912483436701,0.5122851506828425,-0.3656002404840848,-1.0707583652665704,-0.5907606543719481,-0.16856731597944474,1.994270327507948,-0.7137621500168763,0.08653136169956355,0.059251346819717554,2.1562909209777246,2.8426915512224156,3.5088704279849168,4.32444222045531,4.755356376267841,5.021805678414125,1.2434497875801753e-14,7.105427357601002e-15,1.4210854715202004e-14,7.105427357601002e-15,7.105427357601002e-15,7.105427357601002e-15,1.7763568394002505e-15,1.7763568394002505e-15,0.872451429389784,0.915288119976438,3.552713678800501e-15,-2.7528299150863518,-3.232458444000116,-1.4814417436178076,-0.23830550518360383,-0.44808369137020065,-0.685117313405307,-1.4009651186187781,7.105427357601002e-15,7.105427357601002e-15,7.105427357601002e-15,7.105427357601002e-15,0.0,0.0,0.0,0.0,0.0,0.0,0.0,0.0,0.0,0.0,0.0,0.0,-0.48389992417111927,0.0,0.0,-0.2729874726773289,-0.9977994491815849,-0.9087016395809115,-0.9223079885520349,-3.638166989965029,-2.935644652399347,-2.951127100294869,1.8858816079617213,1.9958546548480456,1.1312033184437666,3.2393593912972847,3.299979315015534,0.0,0.0,0.0,0.0,0.0,0.0,0.0,0.0,0.0,0.0,0.0,0.0,0.0,0.0,0.0,0.0,0.0,0.0,0.0,0.0,0.0,0.0,0.0,0.0,0.0,0.0
23,0.0,0.0,0.0,0.0,0.0,0.0,0.0,0.0,0.0,0.0,0.0,0.0,0.0,0.0,0.0,0.0,0.0,3.552713678800501e-15,3.552713678800501e-15,7.105427357601002e-15,7.105427357601002e-15,6.217248937900877e-15,0.0,0.0,-0.2444038115033953,1.8103640652196393,2.887622523338422,2.9966270081580006,2.717314802058496,2.729554660716353,2.243706699796242,2.3904028577045153,3.0710531672028836,4.601449418896124,4.561957955376023,4.606677583470621,4.616308090223896,3.552713678800501e-15,3.552713678800501e-15,1.0658141036401503e-14,7.105427357601002e-15,7.105427357601002e-15,1.4210854715202004e-14,1.4210854715202004e-14,1.4210854715202004e-14,1.4210854715202004e-14,1.4210854715202004e-14,1.4210854715202004e-14,2.842170943040401e-14,1.4210854715202004e-14,1.4210854715202004e-14,1.4210854715202004e-14,1.4210854715202004e-14,1.4210854715202004e-14,2.842170943040401e-14,1.4210854715202004e-14,2.1316282072803006e-14,2.1316282072803006e-14,7.105427357601002e-15,1.4210854715202004e-14,1.4210854715202004e-14,0.09269023029138257,0.6571490746990598,1.585268382710101,2.4198545683455244,4.870243648056135,4.968819386451276,3.9899340697321293,3.7800044237193475,5.095861108220777,5.108598044231076,5.091154626288802,7.105427357601002e-15,1.4210854715202004e-14,7.105427357601002e-15,7.105427357601002e-15,7.105427357601002e-15,0.0,7.105427357601002e-15,1.4210854715202004e-14,7.105427357601002e-15,0.0,-3.2482296330775426,-2.016969119138878,-1.230710036939115,-0.20875193841064288,0.494043380397045,0.49404859112364363,1.9508104083966913,2.6436377442765604,2.2071458011130574,2.498852431676383,2.119736689412804,0.6933432214338637,0.492337634481828,0.30866627424779836,3.3409174334422502,4.379063244148714,4.447336510153892,1.8866932690850646,1.723111591930941,1.8661176832036972,4.055517655614167,4.294289757442613,-0.8018971016170555,-2.06129468042933,-3.19042008200013,-7.985168583353952,7.105427357601002e-15,7.105427357601002e-15,0.5095235717291047,0.5889124834366868,0.5122851506828283,-0.365600240484099,-1.0707583652665846,-0.5907606543719623,-0.16856731597945895,1.9942703275079339,-0.7137621500168763,0.0865313616995671,0.05925134681972466,2.156290920977696,2.842691551222387,3.5088704279848884,4.324442220455282,4.755356376267812,5.021805678414097,1.0658141036401503e-14,3.552713678800501e-15,1.0658141036401503e-14,3.552713678800501e-15,3.552713678800501e-15,3.552713678800501e-15,3.552713678800501e-15,3.552713678800501e-15,0.8724514293897698,0.9152881199764238,0.0,-2.752829915086366,-3.2324584440001303,-1.4814417436178218,-0.23830550518361804,-0.44808369137020065,-0.6851173134052999,-1.400965118618771,0.0,0.0,0.0,0.0,0.0,0.0,0.0,0.0,0.0,0.0,0.0,0.0,0.0,0.0,0.0,0.0,-0.48389992417112637,0.0,0.0,-0.2729874726773289,-0.9977994491815849,-0.9087016395809115,-0.9223079885520349,-3.638166989965029,-2.935644652399347,-2.951127100294869,1.8858816079617213,1.9958546548480456,1.1312033184437666,3.2393593912972847,3.299979315015534,0.0,0.0,0.0,0.0,0.0,0.0,0.0,0.0,0.0,0.0,0.0,0.0,0.0,0.0,0.0,0.0,0.0,0.0,0.0,0.0,0.0,0.0,0.0,0.0,0.0,0.0
24,-0.24440381150338908,-0.24440381150338908,-0.24440381150338908,-0.24440381150338908,-0.24440381150338908,-0.24440381150338908,-0.24440381150338908,-0.24440381150338908,-0.24440381150338908,-0.24440381150338908,-0.24440381150338908,-0.24440381150338908,-0.24440381150338908,-0.24440381150338908,-0.24440381150338908,-0.24440381150338908,-0.24440381150338908,-0.24440381150339263,-0.24440381150339263,-0.24440381150338908,-0.24440381150338908,-0.24440381150338908,-0.2444038115033944,-0.2444038115033953,0.0,2.0547678767230346,3.132026334841818,3.241030819661397,2.9617186135618923,2.9739584722197563,2.4881105112996416,2.6348066692079186,3.315456978706287,4.845853230399534,4.806361766879434,4.851081394974031,4.860711901727306,-0.24440381150339263,-0.24440381150339263,-0.24440381150338908,-0.24440381150339618,-0.24440381150339618,-0.2444038115034033,-0.2444038115034033,-0.2444038115034033,-0.2444038115034033,-0.2444038115034033,-0.2444038115034033,-0.24440381150338908,-0.2444038115034033,-0.2444038115034033,-0.2444038115034033,-0.2444038115034033,-0.2444038115034033,-0.24440381150338908,-0.2444038115034033,-0.24440381150338908,-0.24440381150338908,-0.24440381150339618,-0.24440381150338908,-0.24440381150338908,-0.1517135812120145,0.4127452631956636,1.3408645712067049,2.175450756842128,4.625839836552743,4.7244155749478765,3.745530258228726,3.5356006122159442,4.851457296717378,4.864194232727677,4.846750814785402,-0.24440381150339618,-0.24440381150338908,-0.24440381150339618,-0.24440381150339618,-0.24440381150339618,-0.2444038115034033,-0.24440381150339618,-0.24440381150338908,-0.24440381150339618,-0.24440381150338908,-3.4926334445809317,-2.261372930642267,-1.4751138484425041,-0.45315574991403196,0.2496395688936559,0.24964477962025455,1.7064065968933022,2.3992339327731713,1.9627419896096683,2.254448620172994,1.8753328779094147,0.44893940993046044,0.2479338229784389,0.06426246274438085,3.096513621938854,4.134659432645314,4.202932698650496,2.131097080588461,1.967515403434339,2.1105214947070934,3.8111138441107926,4.049885945939252,-1.0463009131204508,-2.3056984919327235,-3.4348238935035234,-8.229572394857346,-0.24440381150339618,-0.24440381150339618,0.2651197602257156,0.3445086719332977,0.26788133917943924,-0.6100040519874881,-1.3151621767699737,-0.8351644658753514,-0.41297112748284803,1.7498665160045448,-0.9581659615202707,-0.15787244980382908,-0.18515246468367508,1.9118871094743213,2.5982877397190123,3.2644666164815135,4.080038408951907,4.5109525647644375,4.777401866910722,-0.24440381150338197,-0.24440381150338908,-0.24440381150338197,-0.24440381150338908,-0.24440381150338908,-0.24440381150338908,-0.24440381150339263,-0.24440381150339263,0.6280476178863807,0.6708843084730347,-0.24440381150338908,-2.997233726589755,-3.4768622555035193,-1.7258455551212109,-0.4827093166870071,-0.6924875028735897,-0.929521124908689,-1.6453689301221601,-0.24440381150338908,-0.24440381150338908,-0.24440381150338908,-0.24440381150338908,-0.24440381150338908,-0.24440381150338908,-0.24440381150338908,-0.24440381150338908,-0.24440381150338908,-0.24440381150338908,-0.24440381150338908,-0.24440381150338908,-0.24440381150338908,-0.24440381150338908,-0.24440381150338908,-0.24440381150338908,-0.7283037356745012,-0.24440381150338908,-0.24440381150338908,-0.517391284180718,-1.242203260684974,-1.1531054510843006,-1.166711800055424,-3.882570801468418,-3.18004846390275,-3.195530911798272,1.6414777964583323,1.7514508433446565,0.8867995069403776,2.9949555797938956,3.055575503512145,-0.24440381150338908,-0.24440381150338908,-0.24440381150338908,-0.24440381150338908,-0.24440381150338908,-0.24440381150338908,-0.24440381150338908,-0.24440381150338908,-0.24440381150338908,-0.24440381150338908,-0.24440381150338908,-0.24440381150338908,-0.24440381150338908,-0.24440381150338908,-0.24440381150338908,-0.24440381150338908,-0.24440381150338908,-0.24440381150338908,-0.24440381150338908,-0.24440381150338908,-0.24440381150338908,-0.24440381150338908,-0.24440381150338908,-0.24440381150338908,-0.24440381150338908,-0.24440381150338908
25,1.8103640652196304,1.8103640652196304,1.8103640652196304,1.8103640652196304,1.8103640652196304,1.8103640652196304,1.8103640652196304,1.8103640652196304,1.8103640652196304,1.8103640652196304,1.8103640652196304,1.8103640652196304,1.8103640652196304,1.8103640652196304,1.8103640652196447,1.8103640652196447,1.8103640652196447,1.8103640652196447,1.8103640652196447,1.8103640652196447,1.8103640652196447,1.8103640652196447,1.8103640652196376,1.8103640652196393,2.0547678767230346,0.0,1.0772584581187834,1.1862629429383604,0.9069507368388567,0.919190595496719,0.43334263457660427,0.5800387924848778,1.2606891019832425,2.791085353676486,2.7515938901563857,2.796313518250983,2.8059440250042584,1.810364065219641,1.8103640652196376,1.8103640652196376,1.8103640652196304,1.8103640652196304,1.8103640652196304,1.8103640652196304,1.8103640652196304,1.8103640652196304,1.8103640652196304,1.8103640652196304,1.8103640652196447,1.8103640652196304,1.8103640652196304,1.8103640652196304,1.8103640652196304,1.8103640652196304,1.8103640652196447,1.8103640652196304,1.8103640652196447,1.8103640652196447,1.8103640652196233,1.8103640652196304,1.8103640652196304,1.9030542955110228,2.467513139918701,3.395632447929742,4.2302186335651655,6.680607713275776,6.77918345167091,5.80029813495176,5.590368488938978,6.906225173440411,6.91896210945071,6.901518691508436,1.8103640652196304,1.8103640652196376,1.8103640652196304,1.8103640652196233,1.8103640652196304,1.8103640652196304,1.8103640652196304,1.8103640652196376,1.8103640652196304,1.8103640652196447,-1.437865567857898,-0.20660505391923323,0.5796540282805296,1.6016121268090018,2.3044074456166896,2.3044126563432883,3.761174473616336,4.454001809496205,4.017509866332702,4.309216496896028,3.9301007546324627,2.5037072866535084,2.302701699701487,2.119030339467429,5.151281498661895,6.189427309368355,6.2577005753735335,0.07632920386542619,-0.08725247328869479,0.05575361798405787,5.8658817208338405,6.1046538226623,1.008466963602583,-0.25093061520968973,-1.3800560167804896,-6.174804518134316,1.8103640652196304,1.8103640652196304,2.3198876369487493,2.3992765486563314,2.322649215902473,1.4447638247355457,0.73960569995306,1.2196034108476823,1.6417967492401857,3.8046343927275643,1.0966019152027613,1.8968954269192047,1.8696154120393587,3.966654986197355,4.653055616442046,5.319234493204547,6.134806285674927,6.565720441487457,6.832169743633756,1.8103640652196518,1.8103640652196447,1.8103640652196518,1.8103640652196447,1.8103640652196447,1.8103640652196447,1.8103640652196376,1.8103640652196376,2.6828154946094145,2.7256521851960684,1.8103640652196447,-0.9424658498667213,-1.4220943787804856,0.3289223216018229,1.5720585600360266,1.362280373849444,1.1252467518143447,0.4093989466008736,1.8103640652196447,1.8103640652196447,1.8103640652196447,1.8103640652196447,1.8103640652196304,1.8103640652196304,1.8103640652196304,1.8103640652196304,1.8103640652196304,1.8103640652196304,1.8103640652196304,1.8103640652196304,1.8103640652196304,1.8103640652196304,1.8103640652196304,1.8103640652196304,1.3264641410485325,1.8103640652196304,1.8103640652196304,1.5373765925423015,0.8125646160380455,0.9016624256387189,0.8880560766675956,-1.8278029247453844,-1.1252805871797307,-1.1407630350752527,3.6962456731813518,3.806218720067676,2.941567383663397,5.049723456516915,5.1103433802351645,1.8103640652196304,1.8103640652196304,1.8103640652196304,1.8103640652196304,1.8103640652196304,1.8103640652196304,1.8103640652196304,1.8103640652196304,1.8103640652196304,1.8103640652196304,1.8103640652196304,1.8103640652196304,1.8103640652196304,1.8103640652196304,1.8103640652196304,1.8103640652196304,1.8103640652196304,1.8103640652196304,1.8103640652196304,1.8103640652196304,1.8103640652196304,1.8103640652196304,1.8103640652196304,1.8103640652196304,1.8103640652196304,1.8103640652196304
26,2.887622523338422,2.887622523338422,2.887622523338422,2.887622523338422,2.887622523338422,2.887622523338422,2.887622523338422,2.887622523338422,2.887622523338422,2.887622523338422,2.887622523338422,2.887622523338422,2.887622523338422,2.887622523338422,2.887622523338422,2.887622523338422,2.887622523338422,2.887622523338429,2.887622523338429,2.887622523338429,2.887622523338429,2.887622523338429,2.887622523338422,2.887622523338422,3.132026334841818,1.0772584581187834,0.0,0.10900448481957747,-0.17030772127992488,-0.15806786262206352,-0.6439158235421782,-0.4972196656339065,0.18343064386445818,1.7138268955577018,1.6743354320376014,1.7190550601321988,1.7286855668854741,2.887622523338422,2.887622523338422,2.887622523338422,2.887622523338422,2.887622523338422,2.887622523338422,2.887622523338422,2.887622523338422,2.887622523338422,2.887622523338422,2.887622523338422,2.887622523338436,2.887622523338422,2.887622523338422,2.887622523338422,2.887622523338422,2.887622523338422,2.887622523338436,2.887622523338422,2.887622523338436,2.887622523338436,2.8876225233384076,2.887622523338422,2.887622523338422,2.9803127536298035,3.5447715980374817,4.472890906048523,5.30747709168395,7.757866171394561,7.8564419097896945,6.877556593070544,6.667626947057762,7.983483631559196,7.996220567569495,7.97877714962722,2.887622523338422,2.887622523338429,2.887622523338422,2.887622523338422,2.887622523338422,2.887622523338422,2.8876225233384147,2.887622523338422,2.887622523338422,2.887622523338422,-0.3606071097391208,0.870653404199544,1.6569124863993068,2.678870584927779,3.381665903735467,3.3816711144620655,4.838432931735113,5.531260267614982,5.094768324451479,5.386474955014791,5.007359212751226,3.5809657447722714,3.37996015782025,3.1962887975861918,6.228539956780672,7.266685767487132,7.334959033492311,1.1535876619842114,0.9900059848300895,1.1330120761028422,6.9431401789526035,7.181912280781063,2.0857254217213637,0.826327842909091,-0.3027975586617089,-5.0975460600155245,2.887622523338422,2.887622523338429,3.3971460950675265,3.4765350067751086,3.39990767402125,2.522022282854323,1.8168641580718372,2.2968618689664595,2.719055207358963,4.881892850846356,2.1738603733215456,2.974153885037989,2.946873870158143,5.043913444316132,5.730314074560823,6.396492951323324,7.21206474379369,7.64297889960622,7.909428201752519,2.887622523338436,2.887622523338429,2.887622523338436,2.887622523338429,2.887622523338429,2.887622523338429,2.887622523338422,2.887622523338422,3.7600739527281917,3.8029106433148456,2.887622523338429,0.13479260825205586,-0.34483592066170843,1.4061807797206,2.649317018154804,2.439538831968221,2.202505209933122,1.4866574047196508,2.887622523338422,2.887622523338422,2.887622523338422,2.887622523338422,2.887622523338422,2.887622523338422,2.887622523338422,2.887622523338422,2.887622523338422,2.8876225233384076,2.8876225233384076,2.887622523338422,2.887622523338422,2.887622523338422,2.8876225233383934,2.8876225233383934,2.4037225991673097,2.887622523338422,2.887622523338422,2.614635050661093,1.889823074156837,1.9789208837575103,1.965314534786387,-0.750544466626593,-0.04802212906093928,-0.06350457695646128,4.773504131300143,4.883477178186467,4.0188258417821885,6.126981914635692,6.18760183835397,2.887622523338422,2.887622523338422,2.887622523338422,2.887622523338422,2.887622523338436,2.8876225233384503,2.887622523338422,2.887622523338422,2.887622523338422,2.887622523338422,2.887622523338422,2.887622523338422,2.887622523338422,2.887622523338422,2.887622523338422,2.887622523338422,2.887622523338422,2.887622523338422,2.887622523338422,2.887622523338422,2.887622523338422,2.887622523338422,2.887622523338422,2.887622523338422,2.887622523338422,2.887622523338422
27,2.996627008158015,2.996627008158015,2.996627008158015,2.996627008158015,2.996627008158015,2.996627008158015,2.996627008158015,2.996627008158015,2.996627008158015,2.996627008158015,2.996627008158015,2.996627008158015,2.996627008158015,2.996627008158015,2.996627008158015,2.996627008158015,2.996627008158015,2.9966270081580078,2.9966270081580078,2.9966270081580078,2.9966270081580078,2.9966270081580078,2.9966270081580006,2.996627008157997,3.2410308196613933,1.1862629429383604,0.10900448481957747,0.0,-0.2793122060995028,-0.26707234744164055,-0.7529203083617553,-0.60622415045348,0.07442615904488292,1.6048224107381266,1.5653309472180226,1.61005057531262,1.6196810820658953,2.9966270081580078,2.9966270081580078,2.9966270081580078,2.9966270081580078,2.9966270081580006,2.9966270081580006,2.9966270081580006,2.9966270081580006,2.9966270081580006,2.9966270081580006,2.9966270081580006,2.996627008158015,2.9966270081580006,2.9966270081580006,2.9966270081580006,2.9966270081580006,2.9966270081580006,2.996627008158015,2.9966270081580006,2.996627008158015,2.996627008158015,2.9966270081580006,2.996627008158015,2.996627008158015,3.0893172384493788,3.653776082857057,4.581895390868098,5.4164815765035215,7.866870656214132,7.965446394609266,6.986561077890116,6.776631431877334,8.092488116378767,8.105225052389066,8.087781634446792,2.9966270081580006,2.9966270081580006,2.9966270081580006,2.9966270081580006,2.9966270081579864,2.9966270081579864,2.9966270081580006,2.9966270081580006,2.9966270081580006,2.996627008158015,-0.2516026249195278,0.979657889019137,1.7659169712188998,2.787875069747372,3.49067038855506,3.4906755992816585,4.947437416554692,5.640264752434575,5.203772809271072,5.495479439834384,5.116363697570819,3.6899702295918644,3.488964642639843,3.305293282405785,6.337544441600251,7.375690252306711,7.4439635183118895,1.2625921468037866,1.0990104696496648,1.2420165609224192,7.0521446637721965,7.290916765600656,2.1947299065409425,0.9353323277286698,-0.19379307384212296,-4.988541575195946,2.9966270081580078,2.9966270081580006,3.5061505798871195,3.5855394915947016,3.508912158840843,2.631026767673916,1.9258686428914444,2.405866353786081,2.8280596921785843,4.990897335665977,2.2828648581411244,3.0831583698575713,3.055878354977729,5.152917929135725,5.839318559380416,6.505497436142917,7.321069228613283,7.751983384425813,8.018432686572112,2.996627008158015,2.9966270081580078,2.996627008158015,2.9966270081580078,2.9966270081580078,2.9966270081580078,2.9966270081580006,2.9966270081580006,3.8690784375477847,3.9119151281344386,2.9966270081580078,0.24379709307164887,-0.2358314358421154,1.515185264540193,2.758321502974397,2.548543316787814,2.311509694752715,1.5956618895392438,2.996627008158015,2.996627008158015,2.996627008158015,2.996627008158015,2.996627008158015,2.996627008158015,2.996627008158015,2.996627008158015,2.996627008158015,2.996627008158015,2.996627008158015,2.996627008158015,2.996627008158015,2.996627008158015,2.9966270081579864,2.9966270081579864,2.5127270839869027,2.996627008158015,2.996627008158015,2.723639535480686,1.99882755897643,2.087925368577089,2.0743190196059516,-0.6415399818070284,0.06098235575865374,0.04549990786313174,4.882508616119708,4.992481663006032,4.1278303266017815,6.235986399455285,6.296606323173563,2.996627008158015,2.996627008158015,2.996627008158015,2.996627008158015,2.996627008158015,2.996627008158015,2.996627008158015,2.996627008158015,2.996627008158015,2.996627008158015,2.996627008158015,2.996627008158015,2.996627008158015,2.996627008158015,2.996627008158015,2.996627008158015,2.996627008158015,2.996627008158015,2.996627008158015,2.996627008158015,2.996627008158015,2.996627008158015,2.996627008158015,2.996627008158015,2.996627008158015,2.996627008158015
28,2.717314802058496,2.717314802058496,2.717314802058496,2.717314802058496,2.717314802058496,2.717314802058496,2.717314802058496,2.7173148020585103,2.7173148020585103,2.717314802058496,2.717314802058496,2.717314802058496,2.717314802058496,2.717314802058496,2.717314802058496,2.717314802058496,2.717314802058496,2.717314802058503,2.717314802058503,2.717314802058503,2.717314802058503,2.7173148020585067,2.717314802058503,2.7173148020584996,2.961718613561896,0.9069507368388585,-0.17030772127992488,-0.2793122060995028,0.0,0.012239858657862257,-0.4736081022622525,-0.3269119443539772,0.3537383651443857,1.8841346168376312,1.8446431533175272,1.8893627814121245,1.8989932881654,2.717314802058496,2.717314802058496,2.717314802058496,2.717314802058496,2.717314802058496,2.717314802058496,2.717314802058496,2.717314802058496,2.717314802058496,2.717314802058496,2.717314802058496,2.7173148020585103,2.717314802058496,2.717314802058496,2.717314802058496,2.717314802058496,2.717314802058496,2.7173148020585103,2.717314802058496,2.7173148020585103,2.7173148020585103,2.717314802058482,2.717314802058496,2.717314802058496,2.810005032349885,3.3744638767575594,4.302583184768601,5.137169370404024,7.587558450114635,7.686134188509769,6.707248871790618,6.4973192257778365,7.81317591027927,7.825912846289569,7.808469428347294,2.717314802058496,2.717314802058496,2.717314802058496,2.717314802058496,2.717314802058496,2.717314802058496,2.717314802058496,2.717314802058496,2.717314802058496,2.717314802058496,-0.5309148310190466,0.7003456829196182,1.486604765119381,2.508562863647853,3.211358182455541,3.2113633931821397,4.668125210455173,5.3609525463350565,4.924460603171553,5.216167233734865,4.8370514914713,3.4106580234923456,3.209652436540324,3.025981076306266,6.058232235500746,7.096378046207207,7.164651312212385,0.9832799407042856,0.8196982635501655,0.9627043548229182,6.772832457672678,7.011604559501137,1.915417700441445,0.6560201216291688,-0.47310527994162754,-5.26785378129545,2.717314802058496,2.717314802058496,3.2268383737876007,3.306227285495183,3.2295999527413244,2.351714561574397,1.6465564367919399,2.1265541476865906,2.548747486079094,4.711585129566487,2.003552652041627,2.803846163758074,2.7765661488782314,4.873605723036206,5.560006353280897,6.226185230043399,7.041757022513764,7.472671178326294,7.739120480472593,2.7173148020585103,2.717314802058503,2.7173148020585103,2.717314802058503,2.717314802058503,2.717314802058503,2.717314802058496,2.717314802058496,3.589766231448266,3.63260292203492,2.717314802058503,-0.035515113027869916,-0.5151436419416342,1.2358730584406743,2.479009296874878,2.2692311106882954,2.032197488653196,1.316349683439725,2.717314802058496,2.717314802058496,2.717314802058496,2.717314802058496,2.717314802058496,2.717314802058496,2.717314802058496,2.717314802058496,2.717314802058496,2.717314802058496,2.717314802058496,2.717314802058496,2.717314802058496,2.717314802058496,2.7173148020584676,2.7173148020584676,2.233414877887384,2.717314802058496,2.717314802058496,2.444327329381167,1.7195153528769254,1.8086131624775987,1.7950068135064612,-0.9208521879065472,-0.21832985034086505,-0.23381229823638705,4.603196410020217,4.713169456906542,3.8485181205022627,5.956674193355781,6.017294117074044,2.717314802058496,2.717314802058496,2.717314802058496,2.717314802058496,2.717314802058496,2.717314802058496,2.717314802058496,2.717314802058496,2.717314802058496,2.717314802058496,2.717314802058496,2.717314802058496,2.717314802058496,2.717314802058496,2.717314802058482,2.717314802058496,2.717314802058496,2.717314802058496,2.717314802058496,2.717314802058496,2.717314802058496,2.717314802058496,2.717314802058496,2.717314802058496,2.717314802058482,2.717314802058496
29,2.72955466071636,2.72955466071636,2.72955466071636,2.72955466071636,2.72955466071636,2.72955466071636,2.72955466071636,2.72955466071636,2.72955466071636,2.72955466071636,2.72955466071636,2.72955466071636,2.72955466071636,2.72955466071636,2.72955466071636,2.72955466071636,2.72955466071636,2.72955466071636,2.72955466071636,2.72955466071636,2.72955466071636,2.72955466071636,2.72955466071636,2.72955466071636,2.9739584722197563,0.919190595496719,-0.15806786262206352,-0.26707234744164055,0.012239858657862257,0.0,-0.4858479609201143,-0.33915180301183945,0.34149850648652347,1.8718947581797671,1.8324032946596631,1.8771229227542605,1.8867534295075359,2.72955466071636,2.72955466071636,2.729554660716367,2.7295546607163743,2.7295546607163743,2.7295546607163743,2.7295546607163743,2.7295546607163743,2.7295546607163743,2.7295546607163743,2.7295546607163743,2.7295546607163885,2.7295546607163743,2.7295546607163743,2.7295546607163743,2.7295546607163743,2.7295546607163743,2.7295546607163885,2.7295546607163743,2.7295546607163885,2.7295546607163885,2.72955466071636,2.72955466071636,2.72955466071636,2.822244891007742,3.3867037354154164,4.314823043426458,5.149409229061881,7.599798308772492,7.698374047167626,6.719488730448475,6.509559084435693,7.825415768937134,7.83815270494744,7.820709287005158,2.7295546607163743,2.7295546607163743,2.7295546607163743,2.7295546607163743,2.7295546607163885,2.7295546607163885,2.7295546607163743,2.7295546607163743,2.7295546607163743,2.72955466071636,-0.5186749723611825,0.7125855415774822,1.498844623777245,2.5208027223057172,3.223598041113405,3.2236032518400037,4.680365069113066,5.373192404992949,4.936700461829446,5.228407092392757,4.849291350129192,3.422897882150238,3.2218922951982165,3.0382209349641585,6.07047209415861,7.108617904865071,7.176891170870249,0.9955197993621461,0.8319381222080224,0.9749442134807751,6.78507231633057,7.02384441815903,1.927657559099302,0.6682599802870257,-0.4608654212837706,-5.255613922637593,2.7295546607163743,2.7295546607163743,3.2390782324454648,3.318467144153047,3.2418398113992026,2.3639544202322895,1.6587962954498323,2.138794006344483,2.5609873447369864,4.723824988224379,2.015792510699484,2.8160860224159308,2.7888060075360883,4.885845581694042,5.572246211938733,6.238425088701234,7.053996881171599,7.48491103698413,7.751360339130429,2.729554660716367,2.72955466071636,2.729554660716367,2.72955466071636,2.72955466071636,2.72955466071636,2.729554660716353,2.729554660716353,3.60200609010613,3.644842780692784,2.72955466071636,-0.023275254370005882,-0.5029037832837702,1.2481129170985383,2.491249155532742,2.2814709693461594,2.04443734731106,1.328589542097589,2.72955466071636,2.72955466071636,2.72955466071636,2.72955466071636,2.72955466071636,2.72955466071636,2.72955466071636,2.72955466071636,2.72955466071636,2.72955466071636,2.72955466071636,2.72955466071636,2.72955466071636,2.72955466071636,2.72955466071636,2.72955466071636,2.2456547365452337,2.72955466071636,2.72955466071636,2.456567188039031,1.7317552115347894,1.8208530211354628,1.8072466721643252,-0.9086123292486548,-0.2060899916829726,-0.2215724395784946,4.615436268678081,4.725409315564406,3.8607579791601268,5.968914052013616,6.02953397573188,2.72955466071636,2.72955466071636,2.72955466071636,2.72955466071636,2.72955466071636,2.72955466071636,2.72955466071636,2.72955466071636,2.72955466071636,2.72955466071636,2.72955466071636,2.72955466071636,2.72955466071636,2.72955466071636,2.72955466071636,2.72955466071636,2.72955466071636,2.72955466071636,2.72955466071636,2.72955466071636,2.72955466071636,2.72955466071636,2.72955466071636,2.7295546607163743,2.7295546607163885,2.72955466071636
30,2.2437066997962347,2.2437066997962347,2.2437066997962347,2.2437066997962347,2.2437066997962347,2.2437066997962347,2.2437066997962347,2.2437066997962347,2.2437066997962347,2.2437066997962347,2.2437066997962347,2.2437066997962347,2.2437066997962347,2.2437066997962347,2.2437066997962347,2.2437066997962347,2.2437066997962347,2.243706699796242,2.243706699796242,2.243706699796242,2.243706699796242,2.243706699796242,2.243706699796242,2.243706699796242,2.488110511299638,0.43334263457660427,-0.6439158235421782,-0.7529203083617553,-0.4736081022622525,-0.4858479609201143,0.0,0.14669615790827484,0.8273464674066382,2.357742719099882,2.318251255579778,2.3629708836743752,2.3726013904276506,2.2437066997962347,2.2437066997962347,2.243706699796249,2.243706699796249,2.243706699796249,2.243706699796249,2.243706699796249,2.243706699796249,2.243706699796249,2.243706699796249,2.243706699796249,2.243706699796263,2.243706699796249,2.243706699796249,2.243706699796249,2.243706699796249,2.243706699796249,2.243706699796263,2.243706699796249,2.243706699796263,2.243706699796263,2.2437066997962347,2.2437066997962347,2.2437066997962347,2.3363969300876306,2.900855774495305,3.8289750825063464,4.66356126814177,7.113950347852381,7.2125260862475145,6.233640769528364,6.023711123515582,7.339567808017023,7.352304744027329,7.334861326085047,2.243706699796249,2.243706699796249,2.243706699796249,2.243706699796249,2.243706699796263,2.243706699796263,2.243706699796249,2.243706699796249,2.243706699796249,2.2437066997962347,-1.004522933281308,0.22673758065735683,1.0129966628571196,2.034954761385592,2.7377500801932797,2.7377552909198926,4.19451710819294,4.8873444440728235,4.4508525009093205,4.742559131472632,4.363443389209067,2.9370499212301127,2.736044334278091,2.552372974044033,5.584624133238499,6.622769943944959,6.691043209950138,0.5096718384420313,0.3460901612879077,0.4890962525606639,6.299224355410445,6.537996457238904,1.4418095981791836,0.18241201936690743,-0.9467133822038889,-5.741461883557712,2.243706699796249,2.243706699796249,2.7532302715253394,2.8326191832329073,2.7559918504790346,1.8781064593121073,1.17294833452965,1.6529460454243008,2.075139383816804,4.237977027304197,1.5299445497793656,2.3302380614958125,2.30295804661597,4.399997620773945,5.086398251018636,5.752577127781137,6.568148920251502,6.999063076064033,7.265512378210332,2.243706699796249,2.243706699796242,2.243706699796249,2.243706699796242,2.243706699796242,2.243706699796242,2.2437066997962347,2.2437066997962347,3.1161581291859903,3.15899481977263,2.243706699796242,-0.5091232152901313,-0.9887517442038956,0.762264956178413,2.0054011946126167,1.795623008426034,1.5585893863909348,0.8427415811774637,2.2437066997962347,2.2437066997962347,2.2437066997962347,2.2437066997962347,2.2437066997962347,2.2437066997962347,2.2437066997962347,2.2437066997962347,2.2437066997962347,2.2437066997962347,2.2437066997962347,2.2437066997962347,2.2437066997962347,2.2437066997962347,2.2437066997962347,2.2437066997962347,1.7598067756251083,2.2437066997962347,2.2437066997962347,1.9707192271189058,1.245907250614664,1.3350050602153374,1.3213987112441998,-1.3944602901688086,-0.6919379526031548,-0.7074204004986768,4.129588307757956,4.23956135464428,3.3749100182400014,5.483066091093519,5.543686014811783,2.2437066997962347,2.2437066997962347,2.2437066997962347,2.2437066997962347,2.2437066997962347,2.2437066997962347,2.2437066997962347,2.2437066997962347,2.2437066997962347,2.243706699796249,2.2437066997962347,2.2437066997962347,2.2437066997962205,2.2437066997962347,2.2437066997962347,2.2437066997962347,2.2437066997962347,2.2437066997962347,2.2437066997962347,2.2437066997962347,2.2437066997962347,2.2437066997962347,2.2437066997962347,2.2437066997962347,2.2437066997962347,2.2437066997962347
31,2.3904028577045153,2.3904028577045153,2.3904028577045153,2.3904028577045153,2.3904028577045153,2.3904028577045153,2.3904028577045153,2.3904028577045153,2.3904028577045153,2.3904028577045153,2.3904028577045295,2.3904028577045437,2.3904028577045437,2.3904028577045437,2.3904028577045295,2.3904028577045295,2.3904028577045295,2.3904028577045224,2.3904028577045224,2.3904028577045224,2.3904028577045224,2.3904028577045224,2.3904028577045224,2.3904028577045224,2.6348066692079186,0.5800387924848813,-0.49721966563390296,-0.60622415045348,-0.3269119443539772,-0.33915180301183945,0.14669615790827484,0.0,0.6806503094983634,2.2110465611916084,2.1715550976715043,2.2162747257661017,2.225905232519377,2.3904028577045224,2.3904028577045224,2.3904028577045295,2.3904028577045295,2.3904028577045295,2.3904028577045295,2.3904028577045295,2.3904028577045295,2.3904028577045295,2.3904028577045295,2.3904028577045295,2.3904028577045437,2.3904028577045295,2.3904028577045295,2.3904028577045295,2.3904028577045295,2.3904028577045295,2.3904028577045437,2.3904028577045295,2.3904028577045437,2.3904028577045437,2.3904028577045295,2.3904028577045437,2.3904028577045437,2.483093087995904,3.0475519324035787,3.97567124041462,4.81025742605005,7.260646505760661,7.359222244155802,6.380336927436659,6.170407281423877,7.486263965925303,7.499000901935602,7.481557483993328,2.3904028577045295,2.3904028577045295,2.3904028577045295,2.3904028577045295,2.3904028577045153,2.3904028577045153,2.3904028577045295,2.3904028577045295,2.3904028577045295,2.3904028577045295,-0.8578267753730131,0.37343373856565165,1.1596928207654145,2.1816509192938867,2.8844462381015887,2.8844514488282016,4.341213266101249,5.034040601981133,4.5975486588176295,4.889255289380941,4.510139547117376,3.0837460791384217,2.8827404921864,2.699069131952342,5.731320291146773,6.76946610185324,6.837739367858418,0.6563679963503084,0.49278631919618476,0.6357924104689374,6.445920513318754,6.684692615147213,1.5885057560874642,0.32910817727518804,-0.8000172242956083,-5.594765725649431,2.3904028577045295,2.3904028577045295,2.8999264294336626,2.9793153411412447,2.902688008387372,2.0248026172204447,1.3196444924379875,1.7996422033326382,2.2218355417251416,4.3846731852125345,1.6766407076876462,2.476934219404093,2.4496542045242506,4.546693778682254,5.233094408926945,5.899273285689446,6.7148450781598115,7.145759233972342,7.412208536118641,2.3904028577045295,2.3904028577045224,2.3904028577045295,2.3904028577045224,2.3904028577045153,2.3904028577045153,2.3904028577045153,2.3904028577045153,3.262854287094285,3.3056909776809107,2.3904028577045153,-0.36242705738183645,-0.8420555862956007,0.9089611140867078,2.1520973525209115,1.9423191663343289,1.7052855442992296,0.9894377390857585,2.3904028577045295,2.3904028577045295,2.3904028577045295,2.3904028577045295,2.3904028577045437,2.3904028577045437,2.3904028577045437,2.3904028577045437,2.3904028577045437,2.3904028577045437,2.3904028577045437,2.3904028577045437,2.3904028577045437,2.3904028577045437,2.3904028577045437,2.3904028577045437,1.9065029335334032,2.3904028577045295,2.3904028577045437,2.117415385027215,1.392603408522973,1.4817012181236464,1.4680948691525089,-1.2477641322604995,-0.5452417946948458,-0.5607242425903678,4.276284465666265,4.386257512552589,3.5216061761483104,5.629762249001828,5.690382172720092,2.3904028577045437,2.3904028577045437,2.3904028577045437,2.3904028577045437,2.3904028577045437,2.3904028577045437,2.3904028577045437,2.3904028577045437,2.3904028577045437,2.3904028577045437,2.3904028577045437,2.3904028577045437,2.3904028577045437,2.3904028577045437,2.3904028577045437,2.3904028577045437,2.3904028577045437,2.390402857704558,2.390402857704558,2.390402857704558,2.3904028577045437,2.3904028577045437,2.3904028577045437,2.3904028577045153,2.3904028577045153,2.3904028577045153
32,3.0710531672028765,3.0710531672028765,3.0710531672028765,3.0710531672028765,3.0710531672028765,3.0710531672028765,3.0710531672028765,3.0710531672028765,3.0710531672028765,3.0710531672028765,3.0710531672028765,3.0710531672028765,3.0710531672028765,3.0710531672028765,3.0710531672028765,3.0710531672028765,3.0710531672028765,3.0710531672028836,3.0710531672028836,3.0710531672028836,3.0710531672028836,3.0710531672028836,3.0710531672028836,3.0710531672028836,3.3154569787062798,1.260689101983246,0.18343064386446173,0.07442615904488292,0.3537383651443857,0.34149850648652347,0.8273464674066382,0.6806503094983634,0.0,1.5303962516932446,1.4909047881731414,1.5356244162677406,1.545254923021016,3.0710531672028765,3.0710531672028694,3.0710531672028765,3.0710531672028765,3.0710531672028765,3.0710531672028765,3.0710531672028765,3.0710531672028765,3.0710531672028765,3.0710531672028765,3.0710531672028765,3.0710531672028907,3.0710531672028765,3.0710531672028765,3.0710531672028765,3.0710531672028765,3.0710531672028765,3.0710531672028907,3.0710531672028765,3.0710531672028907,3.0710531672028907,3.0710531672028623,3.0710531672028765,3.0710531672028765,3.1637433974942724,3.728202241901947,4.656321549912988,5.4909077355484115,7.941296815259022,8.039872553654163,7.06098723693502,6.851057590922238,8.166914275423665,8.179651211433963,8.162207793491689,3.0710531672028765,3.0710531672028765,3.0710531672028765,3.0710531672028765,3.0710531672028765,3.0710531672028765,3.0710531672028765,3.0710531672028765,3.0710531672028765,3.0710531672028765,-0.17717646587466618,1.0540840480639986,1.8403431302637614,2.862301228792248,3.56509654759995,3.5651017583265627,5.02186357559961,5.714690911479494,5.278198968315991,5.569905598879302,5.190789856615737,3.764396388636783,3.5633908016847613,3.3797194414507032,6.411970600645141,7.450116411351601,7.5183896773567795,1.337018305848673,1.173436628694553,1.3164427199673057,7.126570822817115,7.365342924645574,2.2691560655858254,1.0097584867735492,-0.11936691479724715,-4.91411541615107,3.0710531672028765,3.0710531672028765,3.5805767389320238,3.659965650639606,3.583338317885733,2.705452926718806,2.0002948019363487,2.4802925128309994,2.9024858512235028,5.065323494710896,2.3572910171860073,3.1575845289024542,3.130304514022612,5.227344088180615,5.913744718425306,6.5799235951878075,7.395495387658173,7.826409543470703,8.092858845617002,3.0710531672028907,3.0710531672028836,3.0710531672028907,3.0710531672028836,3.0710531672028907,3.0710531672028907,3.0710531672028765,3.0710531672028765,3.9435045965926463,3.986341287179272,3.0710531672028907,0.3182232521165105,-0.1614052767972538,1.5896114235850547,2.8327476620192584,2.622969475832676,2.3859358537975766,1.6700880485841054,3.0710531672028765,3.0710531672028765,3.0710531672028765,3.0710531672028765,3.0710531672028765,3.0710531672028765,3.0710531672028765,3.0710531672028765,3.0710531672028765,3.0710531672028765,3.0710531672028765,3.0710531672028765,3.0710531672028765,3.0710531672028765,3.0710531672028765,3.0710531672028765,2.5871532430317643,3.0710531672028765,3.0710531672028765,2.7980656945255475,2.0732537180213058,2.162351527621979,2.1487451786508416,-0.5671138227621668,0.13540851480348692,0.11992606690796492,4.956934775164598,5.066907822050922,4.202256485646643,6.310412558500161,6.371032482218425,3.0710531672028623,3.0710531672028765,3.0710531672028765,3.0710531672028765,3.0710531672028765,3.0710531672028765,3.0710531672028765,3.0710531672028765,3.0710531672028765,3.0710531672028765,3.0710531672028907,3.071053167202905,3.071053167202905,3.071053167202905,3.071053167202905,3.0710531672028765,3.0710531672028765,3.0710531672028765,3.0710531672028765,3.0710531672028765,3.0710531672028765,3.0710531672028765,3.0710531672028765,3.0710531672028765,3.0710531672028765,3.0710531672028765
33,4.601449418896095,4.601449418896095,4.601449418896095,4.601449418896095,4.601449418896095,4.601449418896095,4.601449418896095,4.601449418896095,4.601449418896095,4.601449418896095,4.601449418896095,4.601449418896095,4.601449418896095,4.601449418896095,4.6014494188961095,4.6014494188961095,4.6014494188961095,4.6014494188961095,4.6014494188961095,4.601449418896117,4.601449418896124,4.601449418896124,4.601449418896124,4.601449418896124,4.84585323039952,2.791085353676486,1.7138268955577054,1.6048224107381301,1.8841346168376347,1.871894758179769,2.3577427190998836,2.2110465611916084,1.5303962516932446,0.0,-0.039491463520102243,0.005228164574495153,0.014858671327770523,4.6014494188961095,4.601449418896095,4.601449418896095,4.601449418896095,4.601449418896095,4.601449418896095,4.601449418896095,4.601449418896095,4.601449418896095,4.601449418896095,4.601449418896095,4.6014494188961095,4.601449418896095,4.601449418896095,4.601449418896095,4.601449418896095,4.601449418896095,4.6014494188961095,4.601449418896095,4.6014494188961095,4.6014494188961095,4.601449418896081,4.601449418896095,4.601449418896095,4.6941396491875125,5.258598493595187,6.186717801606228,7.021303987241659,9.47169306695227,9.57026880534741,8.591383488628267,8.381453842615485,9.697310527116912,9.71004746312721,9.692604045184936,4.601449418896095,4.601449418896095,4.601449418896095,4.601449418896095,4.601449418896095,4.601449418896095,4.601449418896095,4.601449418896095,4.601449418896095,4.6014494188961095,1.3532197858185668,2.5844802997572316,3.3707393819569944,4.392697480485481,5.095492799293197,5.09549801001981,6.552259827292858,7.245087163172741,6.808595220009238,7.100301850572549,6.721186108308984,5.29479264033003,5.0937870533780085,4.9101156931439505,7.942366852338381,8.980512663044848,9.048785929050027,2.867414557541913,2.703832880387793,2.846838971660546,8.656967074510362,8.895739176338822,3.7995523172790655,2.5401547384667893,1.411029336895993,-3.383719164457837,4.601449418896095,4.601449418896095,5.110972990625271,5.190361902332853,5.11373456957898,4.235849178412053,3.530691053629596,4.010688764524247,4.43288210291675,6.595719746404143,3.8876872688792474,4.687980780595694,4.660700765715852,6.7577403398738625,7.4441409701185535,8.110319846881055,8.92589163935142,9.35680579516395,9.623255097310249,4.601449418896124,4.6014494188961095,4.601449418896124,4.601449418896124,4.601449418896124,4.601449418896124,4.601449418896117,4.6014494188961095,5.4739008482858935,5.516737538872519,4.6014494188961095,1.8486195038097435,1.3689909748959792,3.1200076752782877,4.363143913712477,4.153365727525909,3.9163321054908096,3.2004843002773384,4.6014494188961095,4.6014494188961095,4.6014494188961095,4.6014494188961095,4.601449418896095,4.601449418896095,4.601449418896095,4.601449418896095,4.601449418896095,4.601449418896095,4.601449418896095,4.601449418896095,4.601449418896095,4.601449418896095,4.601449418896095,4.601449418896095,4.117549494724997,4.601449418896095,4.601449418896095,4.328461946218766,3.6036499697145246,3.692747779315198,3.6791414303440604,0.963282428931052,1.6658047664967057,1.6503223186011837,6.487331026857817,6.597304073744141,5.732652737339862,7.84080881019338,7.901428733911644,4.601449418896095,4.601449418896095,4.601449418896095,4.601449418896095,4.601449418896095,4.601449418896095,4.601449418896095,4.601449418896095,4.601449418896095,4.601449418896095,4.601449418896095,4.601449418896095,4.601449418896095,4.601449418896095,4.601449418896095,4.601449418896081,4.601449418896067,4.601449418896095,4.601449418896095,4.601449418896095,4.601449418896095,4.601449418896095,4.601449418896095,4.601449418896095,4.601449418896095,4.601449418896095
34,4.561957955375988,4.561957955375988,4.561957955375988,4.561957955375988,4.561957955375988,4.561957955375988,4.561957955375988,4.561957955375988,4.561957955375988,4.561957955375988,4.561957955375988,4.561957955375988,4.561957955375988,4.561957955375988,4.561957955376002,4.561957955376002,4.561957955376002,4.561957955376002,4.561957955376002,4.561957955376016,4.561957955376023,4.561957955376023,4.561957955376023,4.561957955376023,4.806361766879419,2.7515938901563857,1.6743354320376014,1.5653309472180261,1.8446431533175307,1.8324032946596667,2.3182512555797814,2.1715550976715043,1.4909047881731414,-0.039491463520102243,0.0,0.0447196280945974,0.054350134847873655,4.561957955376016,4.561957955376002,4.561957955376002,4.561957955376002,4.561957955376002,4.561957955376002,4.561957955376002,4.561957955376002,4.561957955376002,4.561957955376002,4.561957955376002,4.561957955376016,4.561957955376002,4.561957955376002,4.561957955376002,4.561957955376002,4.561957955376016,4.5619579553760445,4.561957955376002,4.561957955376016,4.561957955376016,4.561957955375988,4.561957955375988,4.561957955375988,4.654648185667405,5.219107030075087,6.147226338086128,6.981812523721544,9.432201603432162,9.530777341827303,8.55189202510816,8.341962379095378,9.657819063596804,9.670555999607103,9.653112581664828,4.561957955376002,4.561957955376002,4.561957955376002,4.561957955376002,4.561957955376016,4.561957955376016,4.561957955376002,4.561957955376002,4.561957955376002,4.561957955376002,1.3137283222984593,2.5449888362371382,3.331247918436901,4.353206016965373,5.0560013357730895,5.056006546499702,6.51276836377275,7.205595699652633,6.76910375648913,7.060810387052442,6.681694644788877,5.2553011768099225,5.054295589857901,4.870624229623843,7.902875388818288,8.941021199524755,9.009294465529933,2.8279230940218127,2.6643414168676927,2.8073475081404453,8.617475610990255,8.856247712818714,3.760060853758965,2.500663274946689,1.3715378733758925,-3.423210627977923,4.561957955376002,4.561957955376002,5.071481527105163,5.1508704388127455,5.074243106058873,4.1963577148919455,3.4911995901094883,3.971197301004139,4.393390639396642,6.556228282884035,3.848195805359147,4.648489317075587,4.621209302195744,6.718248876353755,7.404649506598446,8.070828383360947,8.886400175831312,9.317314331643843,9.583763633790142,4.56195795537603,4.561957955376016,4.56195795537603,4.56195795537603,4.56195795537603,4.56195795537603,4.561957955376016,4.561957955376016,5.434409384765786,5.4772460753524115,4.561957955376002,1.809128040289636,1.3294995113758716,3.08051621175818,4.323652450192384,4.113874264005801,3.876840641970702,3.160992836757231,4.561957955376002,4.561957955376002,4.561957955376002,4.561957955376002,4.561957955375988,4.561957955375988,4.561957955375988,4.561957955375988,4.561957955375988,4.561957955375988,4.561957955375988,4.561957955375988,4.561957955375988,4.561957955375988,4.561957955375988,4.561957955375988,4.07805803120489,4.561957955375988,4.561957955375988,4.288970482698659,3.564158506194417,3.6532563157950904,3.639649966823953,0.9237909654109728,1.626313302976655,1.610830855081133,6.447839563337709,6.557812610224033,5.693161273819754,7.801317346673244,7.861937270391508,4.561957955375988,4.561957955375988,4.561957955375988,4.561957955375988,4.561957955375988,4.561957955375988,4.561957955375988,4.561957955375988,4.561957955375988,4.561957955375988,4.561957955375988,4.561957955375988,4.561957955375988,4.561957955375988,4.561957955375988,4.561957955375988,4.561957955375988,4.561957955375988,4.561957955375988,4.561957955375988,4.561957955375988,4.561957955375988,4.561957955375988,4.561957955375988,4.561957955375988,4.561957955375988
35,4.606677583470599,4.606677583470599,4.606677583470599,4.606677583470599,4.606677583470599,4.606677583470599,4.606677583470599,4.606677583470599,4.606677583470599,4.606677583470599,4.606677583470599,4.606677583470599,4.606677583470599,4.606677583470599,4.606677583470599,4.606677583470599,4.606677583470599,4.606677583470599,4.606677583470599,4.6066775834706135,4.6066775834706135,4.606677583470621,4.606677583470621,4.606677583470621,4.851081394974017,2.796313518250983,1.7190550601321988,1.61005057531262,1.889362781412121,1.8771229227542605,2.3629708836743752,2.2162747257661017,1.5356244162677406,0.005228164574495153,0.0447196280945974,0.0,0.009630506753275703,4.606677583470599,4.606677583470585,4.606677583470585,4.606677583470585,4.606677583470585,4.606677583470585,4.606677583470585,4.606677583470585,4.606677583470585,4.606677583470585,4.606677583470585,4.606677583470599,4.606677583470585,4.606677583470585,4.606677583470571,4.606677583470571,4.606677583470571,4.606677583470599,4.606677583470585,4.606677583470599,4.606677583470599,4.606677583470571,4.606677583470571,4.606677583470571,4.699367813761995,5.26382665816967,6.191945966180711,7.026532151816127,9.476921231526745,9.575496969921886,8.596611653202743,8.386682007189961,9.702538691691387,9.715275627701686,9.697832209759412,4.606677583470585,4.606677583470585,4.606677583470585,4.606677583470585,4.606677583470599,4.606677583470599,4.606677583470585,4.606677583470585,4.606677583470585,4.606677583470599,1.3584479503930567,2.5897084643317214,3.3759675465314842,4.397925645059956,5.100720963867673,5.100726174594286,6.557487991867333,7.2503153277472165,6.8138233845837135,7.105530015147025,6.72641427288346,5.300020804904506,5.099015217952484,4.915343857718426,7.947595016912871,8.985740827619338,9.054014093624517,2.87264272211641,2.70906104496229,2.8520671362350427,8.662195239084838,8.900967340913297,3.8047804818535624,2.5453829030412933,1.416257501470497,-3.3784909998833257,4.606677583470585,4.606677583470585,5.116201155199747,5.195590066907329,5.118962734153456,4.241077342986529,3.5359192182040715,4.015916929098722,4.438110267491226,6.600947910978618,3.8929154334537373,4.693208945170184,4.665928930290349,6.762968504448338,7.449369134693029,8.11554801145553,8.931119803925895,9.362033959738426,9.628483261884725,4.6066775834706135,4.606677583470599,4.6066775834706135,4.6066775834706135,4.6066775834706135,4.6066775834706135,4.6066775834706135,4.6066775834706135,5.479129012860369,5.521965703446995,4.606677583470599,1.8538476683842333,1.3742191394704548,3.1252358398527633,4.368372078286967,4.158593892100399,3.9215602700652994,3.2057124648518283,4.606677583470599,4.606677583470599,4.606677583470599,4.606677583470599,4.606677583470599,4.606677583470599,4.606677583470599,4.606677583470599,4.606677583470599,4.606677583470599,4.606677583470599,4.606677583470599,4.606677583470599,4.606677583470599,4.606677583470571,4.606677583470571,4.122777659299487,4.606677583470599,4.606677583470599,4.33369011079327,3.6088781342890286,3.697975943889702,3.6843695949185644,0.9685105935055844,1.6710329310712382,1.6555504831757162,6.492559191432321,6.602532238318645,5.737880901914366,7.8460369747678556,7.906656898486119,4.606677583470599,4.606677583470599,4.606677583470599,4.606677583470599,4.606677583470599,4.606677583470599,4.606677583470599,4.606677583470599,4.606677583470599,4.606677583470599,4.606677583470599,4.606677583470599,4.606677583470599,4.606677583470599,4.606677583470599,4.606677583470599,4.606677583470599,4.606677583470599,4.606677583470599,4.606677583470599,4.606677583470599,4.606677583470599,4.606677583470599,4.606677583470599,4.606677583470599,4.606677583470599
36,4.616308090223896,4.616308090223896,4.616308090223896,4.616308090223896,4.616308090223896,4.616308090223896,4.616308090223896,4.616308090223896,4.616308090223896,4.616308090223896,4.616308090223896,4.616308090223896,4.616308090223896,4.616308090223896,4.616308090223882,4.616308090223882,4.616308090223882,4.616308090223882,4.616308090223882,4.616308090223896,4.616308090223896,4.616308090223896,4.616308090223896,4.616308090223903,4.860711901727299,2.8059440250042655,1.7286855668854813,1.6196810820659024,1.8989932881654,1.8867534295075359,2.3726013904276506,2.225905232519377,1.5452549230210142,0.014858671327770523,0.054350134847873655,0.009630506753275703,0.0,4.616308090223882,4.616308090223868,4.616308090223868,4.616308090223868,4.616308090223868,4.616308090223868,4.616308090223868,4.616308090223868,4.616308090223868,4.616308090223868,4.616308090223868,4.616308090223882,4.616308090223868,4.616308090223853,4.616308090223839,4.616308090223839,4.616308090223839,4.616308090223868,4.616308090223868,4.616308090223882,4.616308090223882,4.616308090223868,4.616308090223868,4.616308090223868,4.708998320515292,5.273457164922974,6.201576472934022,7.036162658569438,9.486551738280056,9.585127476675197,8.606242159956054,8.396312513943272,9.712169198444698,9.724906134454997,9.707462716512723,4.616308090223868,4.616308090223868,4.616308090223868,4.616308090223868,4.616308090223868,4.616308090223868,4.616308090223868,4.616308090223868,4.616308090223868,4.616308090223882,1.3680784571463391,2.599338971085018,3.385598053284781,4.407556151813253,5.110351470620969,5.110356681347582,6.56711849862063,7.259945834500513,6.82345389133701,7.1151605219003216,6.736044779636757,5.309651311657802,5.108645724705781,4.924974364471723,7.9572255236661675,8.995371334372635,9.063644600377813,2.8822732288696926,2.7186915517155725,2.861697642988325,8.671825745838134,8.910597847666594,3.814410988606852,2.555013409794583,1.4258880082237795,-3.368860493130029,4.616308090223868,4.616308090223868,5.125831661953043,5.205220573660625,5.128593240906753,4.250707849739825,3.545549724957368,4.025547435852019,4.447740774244522,6.610578417731915,3.902545940207027,4.702839451923467,4.675559437043631,6.772599011201635,7.458999641446326,8.125178518208827,8.940750310679192,9.371664466491723,9.638113768638021,4.616308090223896,4.616308090223882,4.616308090223896,4.616308090223896,4.616308090223896,4.616308090223896,4.616308090223896,4.616308090223896,5.488759519613666,5.531596210200291,4.616308090223882,1.8634781751375442,1.38384964622378,3.1348663466060884,4.378002585040292,4.168224398853681,3.931190776818582,3.2153429716051107,4.616308090223882,4.616308090223882,4.616308090223882,4.616308090223882,4.616308090223896,4.616308090223896,4.616308090223896,4.616308090223896,4.616308090223896,4.616308090223896,4.616308090223896,4.616308090223896,4.616308090223896,4.616308090223896,4.616308090223924,4.616308090223924,4.132408166052755,4.616308090223896,4.616308090223896,4.343320617546567,3.6185086410423253,3.7076064506429987,3.694000101671861,0.9781411002588527,1.6806634378245349,1.6651809899290129,6.502189698185617,6.612162745071942,5.747511408667663,7.855667481521181,7.916287405239444,4.616308090223896,4.616308090223896,4.616308090223896,4.616308090223896,4.616308090223896,4.616308090223896,4.616308090223896,4.616308090223896,4.616308090223896,4.616308090223896,4.616308090223896,4.616308090223896,4.616308090223896,4.616308090223896,4.616308090223896,4.616308090223896,4.616308090223896,4.616308090223896,4.616308090223896,4.616308090223896,4.616308090223896,4.616308090223896,4.616308090223896,4.616308090223896,4.616308090223896,4.616308090223896
37,0.0,0.0,0.0,0.0,0.0,0.0,0.0,0.0,0.0,0.0,-1.4210854715202004e-14,-1.4210854715202004e-14,-1.4210854715202004e-14,-1.4210854715202004e-14,-1.4210854715202004e-14,-1.4210854715202004e-14,-7.105427357601002e-15,-7.105427357601002e-15,-7.105427357601002e-15,-5.329070518200751e-15,-4.440892098500626e-15,-5.329070518200751e-15,1.7763568394002505e-15,0.0,-0.24440381150339618,1.8103640652196376,2.887622523338422,2.9966270081580006,2.717314802058503,2.729554660716367,2.243706699796256,2.3904028577045295,3.071053167202898,4.601449418896138,4.5619579553760445,4.606677583470642,4.61630809022391,0.0,-1.7763568394002505e-15,3.552713678800501e-15,3.552713678800501e-15,3.552713678800501e-15,3.552713678800501e-15,3.552713678800501e-15,7.105427357601002e-15,7.105427357601002e-15,7.105427357601002e-15,0.0,7.105427357601002e-15,7.105427357601002e-15,7.105427357601002e-15,7.105427357601002e-15,7.105427357601002e-15,7.105427357601002e-15,1.4210854715202004e-14,7.105427357601002e-15,1.4210854715202004e-14,1.4210854715202004e-14,0.0,7.105427357601002e-15,7.105427357601002e-15,0.09269023029138168,0.6571490746990598,1.585268382710101,2.419854568345521,4.870243648056132,4.9688193864512655,3.989934069732115,3.7800044237193333,5.095861108220767,5.108598044231066,5.091154626288791,3.552713678800501e-15,3.552713678800501e-15,0.0,0.0,0.0,-7.105427357601002e-15,3.552713678800501e-15,1.0658141036401503e-14,7.105427357601002e-15,-7.105427357601002e-15,-3.2482296330775426,-2.016969119138878,-1.230710036939115,-0.20875193841064288,0.494043380397045,0.49404859112364363,1.9508104083966913,2.6436377442765604,2.2071458011130574,2.498852431676383,2.119736689412804,0.6933432214338637,0.492337634481828,0.30866627424778414,3.3409174334422502,4.3790632441487105,4.447336510153889,1.8866932690850646,1.7231115919309445,1.8661176832036972,4.055517655614167,4.294289757442627,-0.8018971016170582,-2.061294680429331,-3.1904200820001307,-7.985168583353957,0.0,-3.552713678800501e-15,0.5095235717291047,0.5889124834366868,0.5122851506828283,-0.365600240484099,-1.0707583652665846,-0.5907606543719623,-0.16856731597945895,1.9942703275079339,-0.7137621500168763,0.0865313616995671,0.05925134681972111,2.156290920977696,2.842691551222387,3.5088704279848884,4.324442220455282,4.755356376267812,5.021805678414097,0.0,-5.329070518200751e-15,0.0,-5.329070518200751e-15,-7.105427357601002e-15,-7.105427357601002e-15,-8.881784197001252e-15,-8.881784197001252e-15,0.8724514293897698,0.9152881199764238,-7.105427357601002e-15,-2.752829915086359,-3.232458444000123,-1.4814417436178218,-0.23830550518361804,-0.44808369137021486,-0.6851173134053212,-1.4009651186187924,-7.105427357601002e-15,-7.105427357601002e-15,-7.105427357601002e-15,-7.105427357601002e-15,-1.4210854715202004e-14,-1.4210854715202004e-14,-1.4210854715202004e-14,-1.4210854715202004e-14,-1.4210854715202004e-14,-1.4210854715202004e-14,-1.4210854715202004e-14,-1.4210854715202004e-14,-1.4210854715202004e-14,-1.4210854715202004e-14,-1.4210854715202004e-14,-1.4210854715202004e-14,-0.4838999241711335,-1.4210854715202004e-14,-1.4210854715202004e-14,-0.27298747267734313,-0.9977994491815991,-0.9087016395809258,-0.9223079885520491,-3.6381669899650433,-2.935644652399361,-2.951127100294883,1.8858816079617071,1.9958546548480314,1.1312033184437524,3.2393593912972705,3.29997931501552,-1.4210854715202004e-14,-1.4210854715202004e-14,-1.4210854715202004e-14,0.0,0.0,0.0,-1.4210854715202004e-14,-1.4210854715202004e-14,-1.4210854715202004e-14,-1.4210854715202004e-14,-1.4210854715202004e-14,-1.4210854715202004e-14,-1.4210854715202004e-14,-1.4210854715202004e-14,-1.4210854715202004e-14,-1.4210854715202004e-14,0.0,-1.4210854715202004e-14,-1.4210854715202004e-14,-1.4210854715202004e-14,-1.4210854715202004e-14,-1.4210854715202004e-14,-1.4210854715202004e-14,-1.4210854715202004e-14,-1.4210854715202004e-14,0.0
38,0.0,0.0,0.0,0.0,0.0,0.0,0.0,0.0,0.0,0.0,0.0,0.0,0.0,0.0,0.0,0.0,-7.105427357601002e-15,-1.0658141036401503e-14,-1.0658141036401503e-14,-7.105427357601002e-15,-5.329070518200751e-15,-5.329070518200751e-15,0.0,0.0,-0.24440381150339618,1.8103640652196376,2.887622523338422,2.9966270081580006,2.717314802058503,2.729554660716367,2.243706699796256,2.3904028577045295,3.071053167202898,4.601449418896152,4.561957955376059,4.606677583470656,4.616308090223924,-1.7763568394002505e-15,0.0,5.329070518200751e-15,3.552713678800501e-15,3.552713678800501e-15,3.552713678800501e-15,3.552713678800501e-15,7.105427357601002e-15,7.105427357601002e-15,7.105427357601002e-15,0.0,7.105427357601002e-15,7.105427357601002e-15,7.105427357601002e-15,7.105427357601002e-15,7.105427357601002e-15,7.105427357601002e-15,1.4210854715202004e-14,7.105427357601002e-15,1.4210854715202004e-14,1.4210854715202004e-14,0.0,7.105427357601002e-15,7.105427357601002e-15,0.09269023029138168,0.6571490746990563,1.5852683827100975,2.419854568345528,4.870243648056139,4.968819386451273,3.989934069732122,3.7800044237193404,5.095861108220774,5.108598044231073,5.091154626288798,3.552713678800501e-15,3.552713678800501e-15,0.0,0.0,0.0,-3.552713678800501e-15,3.552713678800501e-15,1.0658141036401503e-14,7.105427357601002e-15,-7.105427357601002e-15,-3.2482296330775426,-2.016969119138878,-1.230710036939115,-0.20875193841064288,0.494043380397045,0.49404859112364363,1.9508104083966913,2.6436377442765604,2.2071458011130574,2.498852431676383,2.119736689412804,0.6933432214338637,0.492337634481828,0.30866627424778414,3.340917433442243,4.379063244148703,4.447336510153882,1.8866932690850646,1.7231115919309445,1.8661176832036972,4.055517655614182,4.294289757442641,-0.8018971016170582,-2.0612946804293344,-3.1904200820001343,-7.985168583353953,0.0,-3.552713678800501e-15,0.5095235717291047,0.5889124834366868,0.5122851506828283,-0.365600240484099,-1.0707583652665846,-0.5907606543719623,-0.16856731597945895,1.9942703275079339,-0.7137621500168763,0.08653136169957065,0.05925134681972821,2.1562909209777104,2.8426915512224014,3.5088704279849026,4.324442220455296,4.755356376267827,5.021805678414111,0.0,-7.105427357601002e-15,0.0,-7.105427357601002e-15,-7.105427357601002e-15,-7.105427357601002e-15,-1.0658141036401503e-14,-1.0658141036401503e-14,0.8724514293897698,0.9152881199764238,-1.4210854715202004e-14,-2.752829915086366,-3.2324584440001303,-1.4814417436178218,-0.23830550518361804,-0.44808369137021486,-0.6851173134053141,-1.4009651186187853,-7.105427357601002e-15,-7.105427357601002e-15,-7.105427357601002e-15,0.0,0.0,0.0,0.0,0.0,0.0,0.0,0.0,0.0,0.0,0.0,0.0,0.0,-0.48389992417112637,0.0,0.0,-0.2729874726773289,-0.9977994491815849,-0.9087016395809115,-0.9223079885520349,-3.638166989965029,-2.935644652399347,-2.951127100294869,1.8858816079617213,1.9958546548480456,1.1312033184437666,3.2393593912972847,3.299979315015534,0.0,0.0,0.0,0.0,0.0,0.0,0.0,0.0,0.0,0.0,0.0,0.0,0.0,0.0,0.0,0.0,0.0,0.0,0.0,0.0,0.0,0.0,0.0,0.0,0.0,0.0
39,0.0,0.0,0.0,0.0,0.0,0.0,0.0,0.0,0.0,0.0,0.0,0.0,0.0,0.0,0.0,0.0,0.0,-3.552713678800501e-15,-3.552713678800501e-15,0.0,0.0,0.0,7.105427357601002e-15,7.105427357601002e-15,-0.24440381150338908,1.8103640652196447,2.887622523338429,2.9966270081580078,2.7173148020585103,2.7295546607163814,2.243706699796263,2.3904028577045295,3.0710531672028907,4.601449418896138,4.5619579553760445,4.606677583470642,4.61630809022391,3.552713678800501e-15,5.329070518200751e-15,0.0,-2.6645352591003757e-15,-1.7763568394002505e-15,-3.552713678800501e-15,-3.552713678800501e-15,0.0,0.0,0.0,-3.552713678800501e-15,0.0,0.0,0.0,0.0,0.0,0.0,7.105427357601002e-15,0.0,7.105427357601002e-15,0.0,0.0,7.105427357601002e-15,7.105427357601002e-15,0.09269023029138879,0.6571490746990634,1.5852683827101046,2.419854568345535,4.870243648056146,4.96881938645128,3.9899340697321293,3.7800044237193475,5.095861108220788,5.108598044231094,5.091154626288812,-1.7763568394002505e-15,0.0,-3.552713678800501e-15,0.0,0.0,-3.552713678800501e-15,-1.7763568394002505e-15,3.552713678800501e-15,-3.552713678800501e-15,0.0,-3.2482296330775426,-2.016969119138878,-1.230710036939115,-0.20875193841064288,0.494043380397045,0.49404859112364363,1.9508104083966913,2.6436377442765604,2.2071458011130574,2.498852431676383,2.119736689412804,0.6933432214338495,0.492337634481828,0.30866627424776993,3.3409174334422573,4.379063244148718,4.447336510153896,1.8866932690850717,1.7231115919309516,1.8661176832037043,4.055517655614182,4.294289757442641,-0.8018971016170511,-2.0612946804293273,-3.1904200820001236,-7.985168583353946,-1.7763568394002505e-15,-5.329070518200751e-15,0.5095235717291047,0.5889124834366868,0.5122851506828283,-0.365600240484099,-1.0707583652665846,-0.5907606543719623,-0.16856731597945895,1.9942703275079339,-0.7137621500168692,0.08653136169957776,0.05925134681973532,2.1562909209777104,2.8426915512224014,3.5088704279849026,4.324442220455296,4.755356376267827,5.021805678414111,7.105427357601002e-15,0.0,7.105427357601002e-15,0.0,0.0,0.0,-3.552713678800501e-15,-3.552713678800501e-15,0.8724514293897698,0.9152881199764238,0.0,-2.752829915086366,-3.2324584440001303,-1.4814417436178218,-0.23830550518361804,-0.44808369137020065,-0.6851173134052999,-1.400965118618771,0.0,0.0,0.0,0.0,0.0,0.0,0.0,0.0,0.0,0.0,0.0,0.0,0.0,0.0,0.0,0.0,-0.48389992417111216,0.0,0.0,-0.2729874726773289,-0.9977994491815849,-0.9087016395809115,-0.9223079885520349,-3.638166989965029,-2.935644652399347,-2.951127100294883,1.8858816079617213,1.9958546548480456,1.1312033184437666,3.2393593912972847,3.299979315015534,0.0,0.0,0.0,0.0,0.0,0.0,0.0,0.0,0.0,0.0,0.0,0.0,0.0,0.0,0.0,0.0,0.0,0.0,0.0,0.0,0.0,0.0,0.0,0.0,0.0,0.0
40,0.0,0.0,0.0,0.0,0.0,0.0,0.0,0.0,0.0,0.0,0.0,0.0,0.0,0.0,0.0,0.0,-7.105427357601002e-15,-3.552713678800501e-15,-3.552713678800501e-15,0.0,0.0,0.0,7.105427357601002e-15,7.105427357601002e-15,-0.24440381150338908,1.8103640652196447,2.887622523338429,2.9966270081580078,2.7173148020585103,2.72955466071636,2.2437066997962347,2.390402857704501,3.0710531672028623,4.6014494188961095,4.561957955376016,4.6066775834706135,4.616308090223882,3.552713678800501e-15,3.552713678800501e-15,-2.6645352591003757e-15,0.0,0.0,0.0,0.0,3.552713678800501e-15,3.552713678800501e-15,0.0,-3.552713678800501e-15,0.0,0.0,0.0,0.0,0.0,0.0,7.105427357601002e-15,3.552713678800501e-15,1.0658141036401503e-14,7.105427357601002e-15,-3.552713678800501e-15,3.552713678800501e-15,3.552713678800501e-15,0.09269023029138879,0.6571490746990634,1.5852683827101046,2.419854568345535,4.870243648056146,4.96881938645128,3.9899340697321293,3.7800044237193475,5.095861108220788,5.108598044231094,5.091154626288812,0.0,1.7763568394002505e-15,-1.7763568394002505e-15,-1.7763568394002505e-15,-3.552713678800501e-15,-7.105427357601002e-15,0.0,7.105427357601002e-15,0.0,-1.4210854715202004e-14,-3.248229633077557,-2.016969119138892,-1.2307100369391293,-0.2087519384106571,0.4940433803970308,0.4940485911236294,1.950810408396677,2.643637744276546,2.207145801113043,2.4988524316763687,2.1197366894127896,0.6933432214338495,0.492337634481828,0.30866627424776993,3.3409174334422573,4.379063244148718,4.447336510153896,1.8866932690850717,1.7231115919309516,1.8661176832037043,4.055517655614153,4.294289757442613,-0.8018971016170511,-2.0612946804293273,-3.1904200820001236,-7.985168583353946,0.0,-3.552713678800501e-15,0.5095235717290905,0.5889124834366726,0.5122851506828141,-0.3656002404841132,-1.0707583652665988,-0.5907606543719766,-0.16856731597947316,1.9942703275079197,-0.7137621500168692,0.08653136169957776,0.05925134681973532,2.156290920977696,2.842691551222387,3.5088704279848884,4.324442220455282,4.755356376267812,5.021805678414097,3.552713678800501e-15,-3.552713678800501e-15,3.552713678800501e-15,0.0,0.0,0.0,-3.552713678800501e-15,-3.552713678800501e-15,0.8724514293897556,0.9152881199764096,-7.105427357601002e-15,-2.75282991508638,-3.2324584440001445,-1.481441743617836,-0.23830550518363225,-0.44808369137021486,-0.6851173134053141,-1.4009651186187853,0.0,0.0,0.0,0.0,0.0,0.0,0.0,0.0,0.0,0.0,0.0,0.0,0.0,0.0,0.0,0.0,-0.48389992417112637,0.0,0.0,-0.2729874726773289,-0.9977994491815849,-0.9087016395809115,-0.9223079885520349,-3.638166989965029,-2.935644652399361,-2.951127100294883,1.8858816079617213,1.9958546548480456,1.1312033184437666,3.2393593912972847,3.299979315015534,0.0,0.0,0.0,0.0,0.0,0.0,0.0,0.0,0.0,0.0,0.0,0.0,0.0,0.0,0.0,0.0,0.0,0.0,0.0,0.0,0.0,0.0,0.0,0.0,0.0,0.0
41,0.0,0.0,0.0,0.0,0.0,0.0,0.0,0.0,0.0,0.0,0.0,0.0,0.0,0.0,0.0,0.0,0.0,0.0,0.0,0.0,0.0,0.0,0.0,0.0,-0.24440381150339618,1.8103640652196376,2.887622523338422,2.9966270081580006,2.717314802058496,2.72955466071636,2.2437066997962347,2.390402857704501,3.0710531672028623,4.6014494188961095,4.561957955376016,4.6066775834706135,4.616308090223882,3.552713678800501e-15,3.552713678800501e-15,-1.7763568394002505e-15,0.0,0.0,0.0,0.0,0.0,0.0,0.0,0.0,7.105427357601002e-15,7.105427357601002e-15,1.0658141036401503e-14,1.0658141036401503e-14,1.4210854715202004e-14,1.4210854715202004e-14,2.1316282072803006e-14,0.0,7.105427357601002e-15,3.552713678800501e-15,-1.7763568394002505e-15,5.329070518200751e-15,7.105427357601002e-15,0.09269023029138168,0.6571490746990563,1.5852683827100975,2.419854568345521,4.870243648056132,4.968819386451273,3.9899340697321293,3.7800044237193475,5.095861108220774,5.108598044231073,5.091154626288798,0.0,1.3322676295501878e-15,-2.6645352591003757e-15,-2.6645352591003757e-15,-1.7763568394002505e-15,-7.105427357601002e-15,0.0,6.217248937900877e-15,0.0,0.0,-3.2482296330775426,-2.016969119138878,-1.230710036939115,-0.20875193841064288,0.494043380397045,0.49404859112364363,1.9508104083966913,2.6436377442765604,2.2071458011130574,2.4988524316763687,2.119736689412804,0.6933432214338495,0.492337634481828,0.30866627424776993,3.3409174334422502,4.3790632441487105,4.447336510153889,1.8866932690850646,1.7231115919309445,1.8661176832036972,4.055517655614182,4.294289757442641,-0.8018971016170582,-2.0612946804293344,-3.1904200820001307,-7.985168583353953,0.0,-3.552713678800501e-15,0.5095235717291047,0.5889124834366868,0.5122851506828283,-0.365600240484099,-1.0707583652665846,-0.5907606543719623,-0.16856731597945895,1.9942703275079339,-0.7137621500168763,0.08653136169957065,0.05925134681972821,2.1562909209777104,2.8426915512224014,3.5088704279849026,4.324442220455268,4.755356376267798,5.021805678414097,7.105427357601002e-15,0.0,7.105427357601002e-15,0.0,0.0,0.0,-7.105427357601002e-15,-7.105427357601002e-15,0.8724514293897698,0.9152881199764238,0.0,-2.752829915086366,-3.2324584440001303,-1.4814417436178218,-0.23830550518361804,-0.44808369137020065,-0.6851173134052999,-1.400965118618771,0.0,0.0,0.0,0.0,0.0,0.0,0.0,0.0,0.0,0.0,0.0,0.0,0.0,0.0,0.0,0.0,-0.48389992417111216,0.0,0.0,-0.2729874726773289,-0.9977994491815849,-0.9087016395809115,-0.9223079885520349,-3.638166989965015,-2.9356446523993327,-2.9511271002948547,1.8858816079617213,1.9958546548480456,1.1312033184437666,3.2393593912972847,3.299979315015534,0.0,0.0,0.0,0.0,0.0,0.0,0.0,0.0,0.0,0.0,0.0,0.0,0.0,0.0,0.0,0.0,0.0,0.0,0.0,0.0,0.0,0.0,0.0,0.0,0.0,0.0
42,0.0,0.0,0.0,0.0,0.0,0.0,0.0,0.0,0.0,0.0,0.0,0.0,0.0,0.0,0.0,0.0,0.0,0.0,0.0,0.0,0.0,0.0,0.0,0.0,-0.24440381150339618,1.8103640652196376,2.887622523338422,2.9966270081580006,2.717314802058496,2.72955466071636,2.243706699796249,2.3904028577045153,3.0710531672028765,4.601449418896124,4.56195795537603,4.606677583470628,4.616308090223896,3.552713678800501e-15,3.552713678800501e-15,-3.552713678800501e-15,0.0,0.0,0.0,6.661338147750939e-16,1.7763568394002505e-15,1.7763568394002505e-15,1.7763568394002505e-15,0.0,7.105427357601002e-15,3.552713678800501e-15,7.105427357601002e-15,7.105427357601002e-15,7.105427357601002e-15,7.105427357601002e-15,2.1316282072803006e-14,1.7763568394002505e-15,7.105427357601002e-15,3.552713678800501e-15,-1.7763568394002505e-15,3.552713678800501e-15,3.552713678800501e-15,0.09269023029138879,0.6571490746990634,1.5852683827101046,2.419854568345535,4.870243648056146,4.968819386451287,3.9899340697321435,3.7800044237193617,5.095861108220788,5.108598044231087,5.091154626288812,0.0,1.7763568394002505e-15,-1.7763568394002505e-15,-1.7763568394002505e-15,-3.552713678800501e-15,-7.105427357601002e-15,0.0,7.105427357601002e-15,0.0,0.0,-3.2482296330775426,-2.016969119138878,-1.230710036939115,-0.20875193841064288,0.494043380397045,0.49404859112364363,1.9508104083966913,2.6436377442765604,2.2071458011130574,2.4988524316763687,2.119736689412804,0.6933432214338495,0.492337634481828,0.30866627424776993,3.3409174334422573,4.379063244148725,4.447336510153903,1.8866932690850575,1.7231115919309303,1.866117683203683,4.055517655614182,4.294289757442641,-0.8018971016170582,-2.0612946804293344,-3.1904200820001307,-7.9851685833539605,0.0,-3.552713678800501e-15,0.5095235717291047,0.5889124834366868,0.5122851506828283,-0.365600240484099,-1.0707583652665846,-0.5907606543719339,-0.16856731597943053,1.9942703275079623,-0.7137621500168763,0.08653136169957065,0.05925134681972821,2.156290920977696,2.8426915512224014,3.5088704279849026,4.324442220455268,4.755356376267798,5.021805678414097,7.105427357601002e-15,0.0,7.105427357601002e-15,0.0,0.0,0.0,-7.105427357601002e-15,-7.105427357601002e-15,0.8724514293897698,0.9152881199764238,0.0,-2.752829915086366,-3.2324584440001303,-1.4814417436178218,-0.23830550518361804,-0.44808369137020065,-0.6851173134052999,-1.400965118618771,0.0,0.0,0.0,0.0,0.0,0.0,0.0,0.0,0.0,0.0,0.0,0.0,0.0,0.0,0.0,0.0,-0.48389992417112637,0.0,0.0,-0.2729874726773289,-0.9977994491815849,-0.9087016395809258,-0.9223079885520633,-3.6381669899650717,-2.9356446523993895,-2.9511271002949115,1.885881607961693,1.9958546548480172,1.1312033184437666,3.2393593912972705,3.2999793150155483,0.0,0.0,0.0,0.0,0.0,0.0,0.0,0.0,0.0,0.0,0.0,0.0,0.0,0.0,0.0,0.0,0.0,0.0,0.0,0.0,0.0,0.0,0.0,0.0,0.0,0.0
43,0.0,0.0,0.0,0.0,0.0,0.0,0.0,0.0,0.0,0.0,0.0,0.0,0.0,0.0,0.0,0.0,0.0,0.0,0.0,0.0,0.0,0.0,0.0,0.0,-0.24440381150339618,1.8103640652196376,2.887622523338422,2.9966270081580006,2.717314802058496,2.72955466071636,2.2437066997962347,2.390402857704501,3.0710531672028623,4.6014494188961095,4.561957955376016,4.6066775834706135,4.616308090223882,3.552713678800501e-15,3.552713678800501e-15,-3.552713678800501e-15,0.0,0.0,6.661338147750939e-16,0.0,8.881784197001252e-16,8.881784197001252e-16,0.0,-1.7763568394002505e-15,3.552713678800501e-15,3.552713678800501e-15,7.105427357601002e-15,7.105427357601002e-15,7.105427357601002e-15,7.105427357601002e-15,2.1316282072803006e-14,1.7763568394002505e-15,7.105427357601002e-15,3.552713678800501e-15,-1.7763568394002505e-15,3.552713678800501e-15,3.552713678800501e-15,0.09269023029138879,0.6571490746990634,1.5852683827101046,2.419854568345535,4.870243648056146,4.968819386451287,3.9899340697321435,3.7800044237193617,5.095861108220788,5.108598044231087,5.091154626288812,0.0,1.7763568394002505e-15,-1.7763568394002505e-15,-1.7763568394002505e-15,-3.552713678800501e-15,-7.105427357601002e-15,0.0,5.329070518200751e-15,0.0,0.0,-3.2482296330775426,-2.016969119138878,-1.230710036939115,-0.20875193841064288,0.494043380397045,0.49404859112364363,1.950810408396677,2.6436377442765604,2.2071458011130574,2.4988524316763687,2.119736689412804,0.6933432214338495,0.492337634481828,0.30866627424776993,3.3409174334422573,4.379063244148725,4.447336510153903,1.8866932690850717,1.7231115919309445,1.8661176832036972,4.055517655614182,4.294289757442641,-0.8018971016170582,-2.0612946804293344,-3.1904200820001307,-7.985168583353946,0.0,-3.552713678800501e-15,0.5095235717291047,0.5889124834366868,0.5122851506828283,-0.365600240484099,-1.0707583652665704,-0.5907606543719339,-0.16856731597943053,1.9942703275079623,-0.7137621500168763,0.08653136169957065,0.05925134681972821,2.1562909209777104,2.8426915512224014,3.5088704279849026,4.324442220455268,4.755356376267798,5.021805678414097,7.105427357601002e-15,0.0,7.105427357601002e-15,0.0,0.0,0.0,-7.105427357601002e-15,-7.105427357601002e-15,0.8724514293897698,0.9152881199764238,0.0,-2.752829915086366,-3.2324584440001303,-1.4814417436178218,-0.23830550518361804,-0.44808369137020065,-0.6851173134052999,-1.400965118618771,0.0,0.0,0.0,0.0,0.0,0.0,0.0,0.0,0.0,0.0,0.0,0.0,0.0,0.0,0.0,0.0,-0.48389992417111216,0.0,0.0,-0.2729874726773289,-0.9977994491815707,-0.9087016395808973,-0.9223079885520349,-3.6381669899650433,-2.9356446523993895,-2.9511271002949115,1.8858816079617213,1.9958546548480456,1.1312033184437666,3.2393593912972847,3.2999793150155483,0.0,0.0,0.0,0.0,0.0,0.0,0.0,0.0,0.0,0.0,0.0,0.0,0.0,0.0,0.0,0.0,0.0,0.0,0.0,0.0,0.0,0.0,0.0,0.0,0.0,0.0
44,0.0,0.0,0.0,0.0,0.0,0.0,0.0,0.0,0.0,0.0,0.0,0.0,0.0,0.0,0.0,0.0,0.0,0.0,0.0,0.0,0.0,0.0,0.0,0.0,-0.24440381150339618,1.8103640652196304,2.8876225233384076,2.9966270081579864,2.717314802058482,2.729554660716346,2.2437066997962347,2.390402857704501,3.0710531672028623,4.6014494188961095,4.561957955376016,4.6066775834706135,4.616308090223882,7.105427357601002e-15,7.105427357601002e-15,0.0,3.552713678800501e-15,3.552713678800501e-15,1.7763568394002505e-15,8.881784197001252e-16,0.0,0.0,0.0,-1.7763568394002505e-15,3.552713678800501e-15,0.0,3.552713678800501e-15,3.552713678800501e-15,3.552713678800501e-15,3.552713678800501e-15,1.7763568394002505e-14,0.0,7.105427357601002e-15,5.329070518200751e-15,0.0,7.105427357601002e-15,7.105427357601002e-15,0.09269023029138879,0.6571490746990634,1.5852683827101117,2.419854568345528,4.870243648056146,4.968819386451287,3.9899340697321435,3.7800044237193617,5.095861108220788,5.108598044231087,5.091154626288812,3.552713678800501e-15,5.329070518200751e-15,1.7763568394002505e-15,0.0,0.0,-3.552713678800501e-15,3.552713678800501e-15,8.881784197001252e-15,3.552713678800501e-15,0.0,-3.2482296330775426,-2.016969119138878,-1.230710036939115,-0.20875193841064288,0.494043380397045,0.49404859112364363,1.950810408396677,2.6436377442765604,2.2071458011130574,2.4988524316763687,2.119736689412804,0.6933432214338495,0.492337634481828,0.30866627424776993,3.3409174334422573,4.379063244148725,4.447336510153903,1.8866932690850575,1.7231115919309303,1.866117683203683,4.055517655614182,4.294289757442641,-0.8018971016170582,-2.0612946804293344,-3.1904200820001307,-7.985168583353939,0.0,-3.552713678800501e-15,0.5095235717291047,0.5889124834366868,0.5122851506828283,-0.365600240484099,-1.0707583652665562,-0.5907606543719055,-0.1685673159794021,1.9942703275079907,-0.7137621500168763,0.08653136169957065,0.05925134681972821,2.1562909209777104,2.8426915512224014,3.5088704279849026,4.324442220455268,4.755356376267798,5.021805678414097,7.105427357601002e-15,0.0,7.105427357601002e-15,0.0,0.0,0.0,-7.105427357601002e-15,-7.105427357601002e-15,0.8724514293897698,0.9152881199764238,0.0,-2.752829915086366,-3.2324584440001303,-1.4814417436178218,-0.23830550518361804,-0.44808369137020065,-0.6851173134052999,-1.400965118618771,0.0,0.0,0.0,0.0,0.0,0.0,0.0,0.0,0.0,0.0,0.0,0.0,0.0,0.0,0.0,0.0,-0.48389992417111216,0.0,0.0,-0.2729874726773289,-0.9977994491815707,-0.9087016395808973,-0.9223079885520349,-3.6381669899650433,-2.9356446523993895,-2.9511271002949115,1.8858816079617213,1.9958546548480456,1.1312033184437666,3.2393593912972847,3.2999793150155483,0.0,0.0,0.0,0.0,0.0,0.0,0.0,0.0,0.0,0.0,0.0,0.0,0.0,0.0,0.0,0.0,0.0,0.0,0.0,0.0,0.0,0.0,0.0,0.0,0.0,0.0
45,-2.842170943040401e-14,-2.842170943040401e-14,-2.842170943040401e-14,-2.842170943040401e-14,-2.842170943040401e-14,-2.842170943040401e-14,-2.842170943040401e-14,-2.842170943040401e-14,-2.842170943040401e-14,-2.842170943040401e-14,-2.842170943040401e-14,-2.842170943040401e-14,-2.842170943040401e-14,-2.842170943040401e-14,-1.4210854715202004e-14,-1.4210854715202004e-14,-1.4210854715202004e-14,-7.105427357601002e-15,-7.105427357601002e-15,-7.105427357601002e-15,-7.105427357601002e-15,-7.105427357601002e-15,-7.105427357601002e-15,-7.105427357601002e-15,-0.2444038115034033,1.8103640652196304,2.8876225233384076,2.9966270081579864,2.717314802058482,2.729554660716346,2.2437066997962205,2.390402857704487,3.071053167202848,4.601449418896095,4.561957955376002,4.606677583470599,4.616308090223868,0.0,7.105427357601002e-15,0.0,3.552713678800501e-15,1.7763568394002505e-15,1.7763568394002505e-15,8.881784197001252e-16,0.0,0.0,0.0,-1.7763568394002505e-15,3.552713678800501e-15,1.7763568394002505e-15,3.552713678800501e-15,3.552713678800501e-15,3.552713678800501e-15,3.552713678800501e-15,1.7763568394002505e-14,0.0,5.329070518200751e-15,3.552713678800501e-15,0.0,7.105427357601002e-15,7.105427357601002e-15,0.09269023029138168,0.6571490746990492,1.5852683827100975,2.4198545683455137,4.870243648056132,4.968819386451273,3.9899340697321293,3.7800044237193475,5.095861108220774,5.108598044231073,5.091154626288798,1.7763568394002505e-15,3.552713678800501e-15,0.0,0.0,0.0,-3.552713678800501e-15,1.7763568394002505e-15,7.105427357601002e-15,3.552713678800501e-15,-1.4210854715202004e-14,-3.248229633077557,-2.016969119138892,-1.2307100369391293,-0.2087519384106571,0.4940433803970308,0.4940485911236294,1.950810408396677,2.6436377442765604,2.2071458011130574,2.4988524316763687,2.119736689412804,0.6933432214338495,0.492337634481828,0.30866627424776993,3.340917433442243,4.3790632441487105,4.447336510153889,1.8866932690850575,1.7231115919309303,1.866117683203683,4.055517655614182,4.294289757442641,-0.8018971016170653,-2.0612946804293415,-3.190420082000138,-7.985168583353968,7.105427357601002e-15,3.552713678800501e-15,0.5095235717290905,0.5889124834366726,0.5122851506828141,-0.365600240484099,-1.0707583652665562,-0.5907606543719055,-0.1685673159794021,1.9942703275079907,-0.7137621500168834,0.08653136169955644,0.05925134681972111,2.156290920977682,2.842691551222373,3.508870427984874,4.324442220455239,4.75535637626777,5.0218056784140686,0.0,-7.105427357601002e-15,0.0,-7.105427357601002e-15,-7.105427357601002e-15,-7.105427357601002e-15,-1.4210854715202004e-14,-1.4210854715202004e-14,0.8724514293897556,0.9152881199764096,-7.105427357601002e-15,-2.75282991508638,-3.2324584440001445,-1.481441743617836,-0.23830550518363225,-0.44808369137021486,-0.6851173134053141,-1.4009651186187853,-1.4210854715202004e-14,-1.4210854715202004e-14,-1.4210854715202004e-14,-1.4210854715202004e-14,-2.842170943040401e-14,-2.842170943040401e-14,-2.842170943040401e-14,-2.842170943040401e-14,-2.842170943040401e-14,-2.842170943040401e-14,-2.842170943040401e-14,-2.842170943040401e-14,-2.842170943040401e-14,-2.842170943040401e-14,0.0,0.0,-0.48389992417112637,-2.842170943040401e-14,-2.842170943040401e-14,-0.27298747267735735,-0.9977994491815991,-0.9087016395809258,-0.9223079885520633,-3.6381669899650433,-2.9356446523993895,-2.9511271002949115,1.885881607961693,1.9958546548480172,1.1312033184437382,3.239359391297228,3.2999793150154915,-2.842170943040401e-14,-2.842170943040401e-14,-2.842170943040401e-14,-2.842170943040401e-14,-2.842170943040401e-14,-2.842170943040401e-14,-2.842170943040401e-14,-2.842170943040401e-14,-2.842170943040401e-14,-2.842170943040401e-14,-2.842170943040401e-14,-2.842170943040401e-14,-2.842170943040401e-14,-2.842170943040401e-14,-2.842170943040401e-14,-2.842170943040401e-14,-2.842170943040401e-14,-2.842170943040401e-14,-2.842170943040401e-14,-2.842170943040401e-14,-2.842170943040401e-14,-2.842170943040401e-14,-2.842170943040401e-14,-2.842170943040401e-14,-2.842170943040401e-14,-2.842170943040401e-14
46,0.0,0.0,0.0,0.0,0.0,0.0,0.0,0.0,0.0,0.0,0.0,0.0,0.0,0.0,0.0,0.0,0.0,0.0,0.0,0.0,0.0,0.0,0.0,0.0,-0.24440381150338908,1.8103640652196447,2.887622523338422,2.9966270081580006,2.717314802058496,2.72955466071636,2.2437066997962347,2.390402857704501,3.0710531672028623,4.6014494188961095,4.561957955376016,4.6066775834706135,4.616308090223882,0.0,0.0,-3.552713678800501e-15,0.0,0.0,0.0,0.0,0.0,0.0,0.0,-1.7763568394002505e-15,4.440892098500626e-15,1.7763568394002505e-15,3.552713678800501e-15,3.552713678800501e-15,3.552713678800501e-15,3.552713678800501e-15,1.7763568394002505e-14,0.0,7.105427357601002e-15,3.552713678800501e-15,-3.552713678800501e-15,3.552713678800501e-15,7.105427357601002e-15,0.09269023029138168,0.6571490746990634,1.5852683827101117,2.419854568345528,4.870243648056146,4.968819386451287,3.9899340697321435,3.7800044237193617,5.095861108220788,5.108598044231087,5.091154626288812,0.0,0.0,-3.552713678800501e-15,-7.105427357601002e-15,-7.105427357601002e-15,-1.0658141036401503e-14,0.0,3.552713678800501e-15,0.0,0.0,-3.2482296330775426,-2.016969119138878,-1.230710036939115,-0.20875193841064288,0.494043380397045,0.49404859112365784,1.9508104083967055,2.643637744276589,2.207145801113086,2.498852431676397,2.119736689412832,0.6933432214338779,0.4923376344818564,0.30866627424779836,3.3409174334422573,4.379063244148725,4.447336510153903,1.8866932690850717,1.7231115919309445,1.8661176832036972,4.05551765561421,4.2942897574426695,-0.8018971016170582,-2.0612946804293273,-3.1904200820001307,-7.985168583353939,0.0,0.0,0.5095235717291047,0.5889124834366868,0.5122851506828283,-0.365600240484099,-1.0707583652665562,-0.5907606543719055,-0.1685673159794021,1.9942703275079907,-0.7137621500168763,0.08653136169957065,0.05925134681973532,2.1562909209777104,2.8426915512224014,3.5088704279849026,4.324442220455268,4.755356376267798,5.021805678414097,7.105427357601002e-15,0.0,7.105427357601002e-15,0.0,0.0,0.0,-7.105427357601002e-15,-7.105427357601002e-15,0.8724514293897698,0.9152881199763954,0.0,-2.752829915086366,-3.2324584440001303,-1.4814417436178218,-0.23830550518361804,-0.44808369137020065,-0.6851173134052999,-1.400965118618771,0.0,0.0,0.0,0.0,0.0,0.0,0.0,0.0,0.0,0.0,0.0,0.0,0.0,0.0,0.0,0.0,-0.48389992417111216,0.0,0.0,-0.2729874726773289,-0.9977994491815707,-0.9087016395808973,-0.9223079885520349,-3.638166989965015,-2.9356446523993327,-2.9511271002948547,1.8858816079617213,1.9958546548480456,1.1312033184437666,3.2393593912972563,3.29997931501552,0.0,0.0,0.0,0.0,0.0,0.0,0.0,0.0,0.0,0.0,0.0,0.0,0.0,0.0,0.0,0.0,0.0,0.0,0.0,0.0,0.0,0.0,0.0,0.0,0.0,0.0
47,0.0,0.0,0.0,0.0,0.0,0.0,0.0,0.0,0.0,0.0,0.0,0.0,0.0,0.0,0.0,0.0,0.0,0.0,0.0,0.0,0.0,0.0,0.0,0.0,-0.24440381150338908,1.8103640652196447,2.887622523338422,2.9966270081580006,2.717314802058496,2.72955466071636,2.243706699796249,2.3904028577045153,3.0710531672028765,4.601449418896124,4.56195795537603,4.606677583470628,4.616308090223896,0.0,0.0,-3.552713678800501e-15,0.0,0.0,-1.7763568394002505e-15,-1.7763568394002505e-15,-1.7763568394002505e-15,-1.7763568394002505e-15,-1.7763568394002505e-15,0.0,6.217248937900877e-15,3.552713678800501e-15,5.329070518200751e-15,5.329070518200751e-15,7.105427357601002e-15,7.105427357601002e-15,2.1316282072803006e-14,0.0,7.105427357601002e-15,7.105427357601002e-15,0.0,7.105427357601002e-15,7.105427357601002e-15,0.09269023029138168,0.6571490746990492,1.5852683827100975,2.4198545683455137,4.870243648056132,4.968819386451273,3.9899340697321293,3.7800044237193475,5.095861108220774,5.108598044231073,5.091154626288798,0.0,0.0,-7.105427357601002e-15,-7.105427357601002e-15,-7.105427357601002e-15,-1.4210854715202004e-14,0.0,7.105427357601002e-15,0.0,0.0,-3.2482296330775426,-2.016969119138878,-1.230710036939115,-0.20875193841064288,0.4940433803970592,0.49404859112368626,1.950810408396734,2.6436377442766172,2.207145801113114,2.4988524316764256,2.1197366894128606,0.6933432214339064,0.49233763448188483,0.3086662742478268,3.340917433442243,4.3790632441487105,4.447336510153889,1.8866932690850717,1.7231115919309445,1.8661176832036972,4.0555176556142385,4.294289757442698,-0.8018971016170582,-2.0612946804293273,-3.1904200820001307,-7.985168583353953,0.0,0.0,0.5095235717291189,0.588912483436701,0.5122851506828283,-0.365600240484099,-1.0707583652665562,-0.5907606543719055,-0.1685673159794021,1.9942703275079907,-0.7137621500168763,0.08653136169957065,0.05925134681973532,2.156290920977739,2.84269155122243,3.508870427984931,4.324442220455296,4.755356376267827,5.021805678414125,7.105427357601002e-15,0.0,7.105427357601002e-15,0.0,0.0,0.0,-7.105427357601002e-15,-7.105427357601002e-15,0.8724514293897698,0.9152881199763954,0.0,-2.752829915086366,-3.2324584440001303,-1.4814417436178218,-0.23830550518361804,-0.44808369137020065,-0.6851173134052999,-1.400965118618771,0.0,0.0,0.0,0.0,0.0,0.0,0.0,0.0,0.0,0.0,0.0,0.0,0.0,0.0,0.0,0.0,-0.48389992417112637,0.0,0.0,-0.2729874726773289,-0.9977994491815707,-0.9087016395808973,-0.9223079885520349,-3.638166989965015,-2.9356446523993327,-2.9511271002948547,1.8858816079617213,1.9958546548480456,1.1312033184437666,3.2393593912972563,3.29997931501552,0.0,0.0,0.0,0.0,0.0,0.0,0.0,0.0,0.0,0.0,0.0,0.0,0.0,0.0,0.0,0.0,0.0,0.0,0.0,0.0,0.0,0.0,0.0,0.0,0.0,0.0
48,0.0,0.0,0.0,0.0,0.0,0.0,0.0,0.0,0.0,0.0,0.0,0.0,0.0,0.0,0.0,0.0,0.0,7.105427357601002e-15,7.105427357601002e-15,7.105427357601002e-15,7.105427357601002e-15,7.105427357601002e-15,7.105427357601002e-15,0.0,-0.24440381150338908,1.8103640652196447,2.887622523338422,2.9966270081580006,2.717314802058496,2.72955466071636,2.2437066997962347,2.390402857704501,3.0710531672028623,4.6014494188961095,4.561957955376016,4.6066775834706135,4.616308090223882,7.105427357601002e-15,7.105427357601002e-15,7.105427357601002e-15,7.105427357601002e-15,7.105427357601002e-15,7.105427357601002e-15,7.105427357601002e-15,3.552713678800501e-15,3.552713678800501e-15,4.440892098500626e-15,6.217248937900877e-15,0.0,-2.6645352591003757e-15,-8.881784197001252e-16,-8.881784197001252e-16,-1.7763568394002505e-15,-1.7763568394002505e-15,8.881784197001252e-15,3.552713678800501e-15,1.0658141036401503e-14,1.0658141036401503e-14,7.105427357601002e-15,1.4210854715202004e-14,1.4210854715202004e-14,0.09269023029138168,0.6571490746990634,1.5852683827101117,2.419854568345528,4.870243648056146,4.968819386451287,3.9899340697321435,3.7800044237193617,5.095861108220788,5.108598044231087,5.091154626288812,7.105427357601002e-15,7.105427357601002e-15,0.0,0.0,0.0,-7.105427357601002e-15,7.105427357601002e-15,1.4210854715202004e-14,7.105427357601002e-15,0.0,-3.2482296330775426,-2.016969119138878,-1.230710036939115,-0.20875193841064288,0.494043380397045,0.49404859112365784,1.9508104083967055,2.643637744276589,2.207145801113086,2.498852431676397,2.119736689412832,0.6933432214338779,0.4923376344818564,0.30866627424779836,3.3409174334422573,4.379063244148725,4.447336510153903,1.8866932690850717,1.7231115919309445,1.8661176832036972,4.05551765561421,4.2942897574426695,-0.8018971016170582,-2.0612946804293273,-3.1904200820001307,-7.985168583353939,7.105427357601002e-15,7.105427357601002e-15,0.5095235717291189,0.588912483436701,0.5122851506828283,-0.365600240484099,-1.0707583652665562,-0.5907606543719055,-0.1685673159794021,1.9942703275079907,-0.7137621500168763,0.08653136169957065,0.05925134681973532,2.1562909209777104,2.8426915512224014,3.5088704279849026,4.324442220455268,4.755356376267798,5.021805678414097,1.4210854715202004e-14,7.105427357601002e-15,1.4210854715202004e-14,1.4210854715202004e-14,1.4210854715202004e-14,1.4210854715202004e-14,0.0,0.0,0.8724514293897698,0.9152881199763954,1.4210854715202004e-14,-2.752829915086366,-3.2324584440001303,-1.4814417436178218,-0.23830550518361804,-0.44808369137020065,-0.6851173134052999,-1.400965118618771,0.0,0.0,0.0,0.0,0.0,0.0,0.0,0.0,0.0,0.0,0.0,0.0,0.0,0.0,0.0,0.0,-0.48389992417111216,0.0,0.0,-0.2729874726773289,-0.9977994491815707,-0.9087016395808973,-0.9223079885520349,-3.638166989965015,-2.9356446523993327,-2.9511271002948547,1.8858816079617213,1.9958546548480456,1.1312033184437666,3.2393593912972563,3.29997931501552,0.0,0.0,0.0,0.0,0.0,0.0,0.0,0.0,0.0,0.0,0.0,0.0,0.0,0.0,0.0,0.0,0.0,0.0,0.0,0.0,0.0,0.0,0.0,0.0,0.0,0.0
49,0.0,0.0,0.0,0.0,0.0,0.0,0.0,0.0,0.0,0.0,0.0,0.0,0.0,0.0,0.0,0.0,0.0,0.0,0.0,0.0,0.0,0.0,0.0,0.0,-0.24440381150338908,1.8103640652196447,2.887622523338422,2.9966270081580006,2.717314802058496,2.72955466071636,2.243706699796249,2.3904028577045153,3.0710531672028765,4.601449418896124,4.56195795537603,4.606677583470628,4.616308090223896,0.0,0.0,0.0,7.105427357601002e-15,7.105427357601002e-15,7.105427357601002e-15,7.105427357601002e-15,3.552713678800501e-15,1.7763568394002505e-15,1.7763568394002505e-15,3.552713678800501e-15,-2.6645352591003757e-15,0.0,2.220446049250313e-15,1.7763568394002505e-15,1.7763568394002505e-15,1.7763568394002505e-15,1.2434497875801753e-14,3.552713678800501e-15,1.0658141036401503e-14,1.0658141036401503e-14,7.105427357601002e-15,1.4210854715202004e-14,1.4210854715202004e-14,0.09269023029138168,0.6571490746990492,1.5852683827100975,2.4198545683455137,4.870243648056132,4.968819386451273,3.9899340697321293,3.7800044237193475,5.095861108220774,5.108598044231073,5.091154626288798,7.105427357601002e-15,7.105427357601002e-15,0.0,0.0,0.0,-7.105427357601002e-15,7.105427357601002e-15,1.4210854715202004e-14,7.105427357601002e-15,0.0,-3.2482296330775426,-2.016969119138878,-1.230710036939115,-0.20875193841064288,0.4940433803970734,0.49404859112368626,1.950810408396734,2.6436377442766172,2.207145801113114,2.4988524316764256,2.1197366894128606,0.6933432214339064,0.49233763448188483,0.3086662742478268,3.340917433442243,4.3790632441487105,4.447336510153889,1.8866932690850717,1.7231115919309445,1.8661176832036972,4.0555176556142385,4.294289757442698,-0.8018971016170582,-2.0612946804293273,-3.1904200820001307,-7.985168583353953,7.105427357601002e-15,7.105427357601002e-15,0.5095235717291473,0.5889124834367294,0.5122851506828567,-0.3656002404840706,-1.0707583652665278,-0.5907606543718771,-0.1685673159793737,1.9942703275080191,-0.7137621500168763,0.08653136169957065,0.05925134681973532,2.156290920977739,2.84269155122243,3.508870427984931,4.324442220455296,4.755356376267827,5.021805678414125,0.0,-1.4210854715202004e-14,0.0,0.0,0.0,0.0,-7.105427357601002e-15,-1.4210854715202004e-14,0.8724514293897698,0.9152881199763954,0.0,-2.752829915086366,-3.2324584440001303,-1.4814417436178218,-0.23830550518361804,-0.44808369137020065,-0.6851173134052999,-1.400965118618771,0.0,0.0,0.0,0.0,0.0,0.0,0.0,0.0,0.0,0.0,0.0,0.0,0.0,0.0,0.0,0.0,-0.48389992417112637,0.0,0.0,-0.2729874726773289,-0.9977994491815707,-0.9087016395808973,-0.9223079885520349,-3.638166989965015,-2.9356446523993327,-2.9511271002948547,1.8858816079617213,1.9958546548480456,1.1312033184437666,3.2393593912972563,3.29997931501552,0.0,0.0,0.0,0.0,0.0,0.0,0.0,0.0,0.0,0.0,0.0,0.0,0.0,0.0,0.0,0.0,0.0,0.0,0.0,0.0,0.0,0.0,0.0,0.0,0.0,0.0
50,0.0,0.0,0.0,0.0,0.0,0.0,0.0,0.0,0.0,0.0,0.0,0.0,0.0,0.0,-1.4210854715202004e-14,-1.4210854715202004e-14,-1.4210854715202004e-14,-1.4210854715202004e-14,-1.4210854715202004e-14,0.0,0.0,0.0,0.0,0.0,-0.24440381150338908,1.8103640652196447,2.887622523338422,2.9966270081580006,2.717314802058496,2.72955466071636,2.2437066997962347,2.390402857704501,3.0710531672028623,4.6014494188961095,4.561957955376016,4.6066775834706135,4.616308090223896,0.0,0.0,0.0,7.105427357601002e-15,7.105427357601002e-15,7.105427357601002e-15,7.105427357601002e-15,3.552713678800501e-15,3.552713678800501e-15,3.552713678800501e-15,5.329070518200751e-15,-8.881784197001252e-16,2.220446049250313e-15,0.0,0.0,0.0,0.0,1.2434497875801753e-14,3.552713678800501e-15,1.0658141036401503e-14,7.105427357601002e-15,7.105427357601002e-15,1.4210854715202004e-14,1.4210854715202004e-14,0.09269023029138168,0.6571490746990634,1.5852683827101117,2.419854568345528,4.870243648056146,4.968819386451287,3.9899340697321435,3.7800044237193617,5.095861108220788,5.108598044231087,5.091154626288812,7.105427357601002e-15,7.105427357601002e-15,0.0,0.0,0.0,-7.105427357601002e-15,7.105427357601002e-15,1.4210854715202004e-14,7.105427357601002e-15,-1.4210854715202004e-14,-3.248229633077557,-2.016969119138892,-1.2307100369391293,-0.2087519384106713,0.494043380397045,0.49404859112365784,1.9508104083967055,2.643637744276589,2.207145801113086,2.498852431676397,2.119736689412832,0.6933432214338779,0.4923376344818564,0.30866627424779836,3.3409174334422573,4.379063244148725,4.447336510153903,1.8866932690850717,1.7231115919309445,1.8661176832036972,4.05551765561421,4.2942897574426695,-0.8018971016170582,-2.0612946804293273,-3.1904200820001307,-7.985168583353939,7.105427357601002e-15,7.105427357601002e-15,0.5095235717291189,0.588912483436701,0.5122851506828283,-0.365600240484099,-1.0707583652665562,-0.5907606543719055,-0.1685673159794021,1.9942703275079907,-0.7137621500168763,0.08653136169957065,0.05925134681973532,2.1562909209777104,2.8426915512224014,3.5088704279849026,4.324442220455268,4.755356376267798,5.021805678414097,0.0,-1.4210854715202004e-14,0.0,0.0,0.0,0.0,0.0,0.0,0.8724514293897414,0.9152881199763669,-1.4210854715202004e-14,-2.75282991508638,-3.2324584440001445,-1.481441743617836,-0.23830550518363225,-0.44808369137021486,-0.6851173134053141,-1.4009651186187853,-1.4210854715202004e-14,-1.4210854715202004e-14,-1.4210854715202004e-14,-1.4210854715202004e-14,0.0,0.0,0.0,0.0,0.0,0.0,0.0,0.0,0.0,0.0,0.0,0.0,-0.4838999241711406,0.0,0.0,-0.2729874726773289,-0.9977994491815707,-0.9087016395808973,-0.9223079885520349,-3.6381669899650433,-2.9356446523993895,-2.9511271002949115,1.8858816079617213,1.9958546548480456,1.1312033184437666,3.2393593912972847,3.2999793150155483,0.0,0.0,0.0,0.0,0.0,0.0,0.0,0.0,0.0,0.0,0.0,0.0,0.0,0.0,0.0,0.0,0.0,0.0,0.0,0.0,0.0,0.0,0.0,0.0,0.0,0.0
51,0.0,0.0,0.0,0.0,0.0,0.0,0.0,0.0,0.0,0.0,0.0,0.0,0.0,0.0,0.0,0.0,0.0,0.0,0.0,1.4210854715202004e-14,7.105427357601002e-15,1.4210854715202004e-14,1.4210854715202004e-14,1.4210854715202004e-14,-0.24440381150337487,1.8103640652196589,2.887622523338436,2.996627008158015,2.7173148020585103,2.7295546607163743,2.243706699796249,2.3904028577045153,3.0710531672028765,4.601449418896124,4.56195795537603,4.606677583470642,4.616308090223924,7.105427357601002e-15,7.105427357601002e-15,7.105427357601002e-15,7.105427357601002e-15,1.0658141036401503e-14,1.0658141036401503e-14,1.0658141036401503e-14,7.105427357601002e-15,7.105427357601002e-15,5.329070518200751e-15,7.105427357601002e-15,-8.881784197001252e-16,1.7763568394002505e-15,0.0,0.0,0.0,0.0,1.2434497875801753e-14,7.105427357601002e-15,1.4210854715202004e-14,1.4210854715202004e-14,1.4210854715202004e-14,2.1316282072803006e-14,2.1316282072803006e-14,0.09269023029139589,0.6571490746990776,1.585268382710126,2.419854568345542,4.87024364805616,4.968819386451301,3.9899340697321577,3.780004423719376,5.095861108220802,5.108598044231101,5.0911546262888265,1.4210854715202004e-14,2.1316282072803006e-14,1.4210854715202004e-14,1.4210854715202004e-14,1.4210854715202004e-14,7.105427357601002e-15,7.105427357601002e-15,1.4210854715202004e-14,7.105427357601002e-15,0.0,-3.2482296330775426,-2.016969119138878,-1.230710036939115,-0.20875193841064288,0.4940433803970734,0.49404859112368626,1.950810408396734,2.6436377442766172,2.207145801113114,2.4988524316764256,2.1197366894128606,0.6933432214339064,0.49233763448188483,0.3086662742478268,3.3409174334422715,4.379063244148739,4.447336510153917,1.886693269085086,1.7231115919309588,1.8661176832037114,4.0555176556142385,4.294289757442698,-0.801897101617044,-2.061294680429313,-3.1904200820001165,-7.985168583353925,7.105427357601002e-15,7.105427357601002e-15,0.5095235717291473,0.5889124834367294,0.5122851506828567,-0.3656002404840706,-1.0707583652665278,-0.5907606543718771,-0.1685673159793737,1.9942703275080191,-0.713762150016862,0.08653136169958486,0.05925134681974953,2.156290920977739,2.84269155122243,3.508870427984931,4.324442220455296,4.755356376267827,5.021805678414125,1.4210854715202004e-14,0.0,1.4210854715202004e-14,1.4210854715202004e-14,1.4210854715202004e-14,1.4210854715202004e-14,1.4210854715202004e-14,1.4210854715202004e-14,0.8724514293897698,0.9152881199763954,0.0,-2.752829915086366,-3.2324584440001303,-1.4814417436178218,-0.23830550518363225,-0.44808369137020065,-0.6851173134052999,-1.400965118618771,0.0,0.0,0.0,0.0,0.0,0.0,0.0,0.0,0.0,0.0,0.0,0.0,0.0,0.0,0.0,0.0,-0.48389992417111216,0.0,0.0,-0.2729874726773289,-0.9977994491815707,-0.9087016395808973,-0.9223079885520349,-3.6381669899650433,-2.9356446523993895,-2.9511271002949115,1.8858816079617213,1.9958546548480456,1.1312033184437666,3.2393593912972847,3.2999793150155483,0.0,0.0,0.0,0.0,0.0,0.0,0.0,0.0,0.0,0.0,0.0,0.0,0.0,0.0,0.0,0.0,0.0,0.0,0.0,0.0,0.0,0.0,0.0,0.0,0.0,0.0
52,-2.842170943040401e-14,-2.842170943040401e-14,-2.842170943040401e-14,-2.842170943040401e-14,-2.842170943040401e-14,-2.842170943040401e-14,-2.842170943040401e-14,-2.842170943040401e-14,-2.842170943040401e-14,-2.842170943040401e-14,-2.842170943040401e-14,-2.842170943040401e-14,-2.842170943040401e-14,-2.842170943040401e-14,-1.4210854715202004e-14,-1.4210854715202004e-14,-1.4210854715202004e-14,-1.4210854715202004e-14,-1.4210854715202004e-14,0.0,0.0,0.0,0.0,0.0,-0.24440381150338908,1.8103640652196447,2.887622523338422,2.9966270081580006,2.717314802058496,2.72955466071636,2.243706699796249,2.3904028577045153,3.0710531672028765,4.601449418896124,4.561957955376016,4.606677583470599,4.616308090223896,7.105427357601002e-15,7.105427357601002e-15,7.105427357601002e-15,7.105427357601002e-15,7.105427357601002e-15,3.552713678800501e-15,3.552713678800501e-15,0.0,0.0,3.552713678800501e-15,3.552713678800501e-15,-1.7763568394002505e-15,1.7763568394002505e-15,0.0,0.0,0.0,0.0,1.199040866595169e-14,0.0,7.105427357601002e-15,7.105427357601002e-15,7.105427357601002e-15,1.4210854715202004e-14,1.4210854715202004e-14,0.09269023029138168,0.6571490746990492,1.5852683827100975,2.4198545683455137,4.870243648056132,4.968819386451273,3.9899340697321293,3.7800044237193475,5.095861108220774,5.108598044231073,5.091154626288798,7.105427357601002e-15,1.4210854715202004e-14,7.105427357601002e-15,7.105427357601002e-15,7.105427357601002e-15,0.0,7.105427357601002e-15,1.4210854715202004e-14,7.105427357601002e-15,-1.4210854715202004e-14,-3.248229633077557,-2.016969119138892,-1.230710036939115,-0.20875193841064288,0.4940433803970734,0.49404859112368626,1.950810408396734,2.6436377442766172,2.207145801113114,2.4988524316764256,2.1197366894128606,0.6933432214339064,0.49233763448188483,0.3086662742478268,3.340917433442243,4.3790632441487105,4.447336510153889,1.8866932690850717,1.7231115919309445,1.8661176832036972,4.0555176556142385,4.294289757442698,-0.8018971016170582,-2.0612946804293273,-3.1904200820001307,-7.985168583353953,7.105427357601002e-15,7.105427357601002e-15,0.5095235717291473,0.5889124834367294,0.5122851506828567,-0.3656002404840706,-1.0707583652665278,-0.5907606543718771,-0.1685673159793737,1.9942703275080191,-0.7137621500168763,0.08653136169957065,0.05925134681973532,2.156290920977739,2.84269155122243,3.508870427984931,4.324442220455296,4.755356376267827,5.021805678414125,0.0,-1.4210854715202004e-14,0.0,0.0,0.0,0.0,-1.4210854715202004e-14,-1.4210854715202004e-14,0.8724514293897698,0.9152881199763954,-1.4210854715202004e-14,-2.75282991508638,-3.2324584440001445,-1.481441743617836,-0.23830550518363225,-0.44808369137021486,-0.6851173134053141,-1.4009651186187853,-1.4210854715202004e-14,-1.4210854715202004e-14,-1.4210854715202004e-14,-1.4210854715202004e-14,-2.842170943040401e-14,-2.842170943040401e-14,-2.842170943040401e-14,-2.842170943040401e-14,-2.842170943040401e-14,-2.842170943040401e-14,-2.842170943040401e-14,-2.842170943040401e-14,-2.842170943040401e-14,-2.842170943040401e-14,-5.684341886080802e-14,-5.684341886080802e-14,-0.48389992417112637,-2.842170943040401e-14,-2.842170943040401e-14,-0.27298747267735735,-0.9977994491815991,-0.9087016395809258,-0.9223079885520633,-3.6381669899650433,-2.9356446523993895,-2.9511271002949115,1.885881607961693,1.9958546548480172,1.1312033184437382,3.239359391297228,3.2999793150154915,-2.842170943040401e-14,-2.842170943040401e-14,-2.842170943040401e-14,-2.842170943040401e-14,-2.842170943040401e-14,-2.842170943040401e-14,-2.842170943040401e-14,-2.842170943040401e-14,-2.842170943040401e-14,-2.842170943040401e-14,-2.842170943040401e-14,-2.842170943040401e-14,-2.842170943040401e-14,-2.842170943040401e-14,-2.842170943040401e-14,-2.842170943040401e-14,-2.842170943040401e-14,-2.842170943040401e-14,-2.842170943040401e-14,-2.842170943040401e-14,-2.842170943040401e-14,-2.842170943040401e-14,-2.842170943040401e-14,-2.842170943040401e-14,-2.842170943040401e-14,-2.842170943040401e-14
53,-2.842170943040401e-14,-2.842170943040401e-14,-2.842170943040401e-14,-2.842170943040401e-14,-2.842170943040401e-14,-2.842170943040401e-14,-2.842170943040401e-14,-2.842170943040401e-14,-2.842170943040401e-14,-2.842170943040401e-14,-2.842170943040401e-14,-2.842170943040401e-14,-2.842170943040401e-14,-2.842170943040401e-14,-2.842170943040401e-14,-2.842170943040401e-14,-2.842170943040401e-14,-2.842170943040401e-14,-2.842170943040401e-14,-1.4210854715202004e-14,-1.4210854715202004e-14,-1.4210854715202004e-14,-1.4210854715202004e-14,-1.4210854715202004e-14,-0.2444038115034033,1.8103640652196304,2.8876225233384076,2.9966270081579864,2.717314802058482,2.729554660716346,2.2437066997962347,2.390402857704501,3.0710531672028623,4.6014494188961095,4.561957955376016,4.606677583470599,4.616308090223896,-7.105427357601002e-15,-7.105427357601002e-15,-7.105427357601002e-15,0.0,0.0,3.552713678800501e-15,3.552713678800501e-15,0.0,0.0,3.552713678800501e-15,7.105427357601002e-15,0.0,1.7763568394002505e-15,0.0,0.0,0.0,0.0,1.199040866595169e-14,0.0,7.105427357601002e-15,7.105427357601002e-15,0.0,7.105427357601002e-15,7.105427357601002e-15,0.09269023029136747,0.6571490746990349,1.5852683827100833,2.4198545683454995,4.8702436480561175,4.968819386451258,3.989934069732115,3.7800044237193333,5.09586110822076,5.108598044231059,5.091154626288784,0.0,7.105427357601002e-15,0.0,0.0,0.0,-7.105427357601002e-15,0.0,7.105427357601002e-15,0.0,-2.842170943040401e-14,-3.248229633077571,-2.0169691191389063,-1.2307100369391435,-0.2087519384106713,0.494043380397045,0.49404859112365784,1.9508104083967055,2.643637744276589,2.207145801113086,2.498852431676397,2.119736689412832,0.6933432214338779,0.4923376344818564,0.30866627424779836,3.340917433442229,4.379063244148696,4.447336510153875,1.8866932690850575,1.7231115919309303,1.866117683203683,4.05551765561421,4.2942897574426695,-0.8018971016170724,-2.0612946804293415,-3.190420082000145,-7.985168583353968,0.0,0.0,0.5095235717291189,0.588912483436701,0.5122851506828283,-0.365600240484099,-1.0707583652665562,-0.5907606543719055,-0.1685673159794021,1.9942703275079907,-0.7137621500168905,0.08653136169955644,0.05925134681972111,2.1562909209777104,2.8426915512224014,3.5088704279849026,4.324442220455268,4.755356376267798,5.021805678414097,-1.4210854715202004e-14,-2.842170943040401e-14,-1.4210854715202004e-14,-1.4210854715202004e-14,-1.4210854715202004e-14,-1.4210854715202004e-14,-2.842170943040401e-14,-2.842170943040401e-14,0.8724514293897414,0.9152881199763669,-2.842170943040401e-14,-2.7528299150863944,-3.2324584440001587,-1.4814417436178644,-0.23830550518366067,-0.4480836913702291,-0.6851173134053283,-1.4009651186187995,-2.842170943040401e-14,-2.842170943040401e-14,-2.842170943040401e-14,-2.842170943040401e-14,-2.842170943040401e-14,-2.842170943040401e-14,-2.842170943040401e-14,-2.842170943040401e-14,-2.842170943040401e-14,-2.842170943040401e-14,-2.842170943040401e-14,-2.842170943040401e-14,-2.842170943040401e-14,-2.842170943040401e-14,-5.684341886080802e-14,-5.684341886080802e-14,-0.4838999241711548,-2.842170943040401e-14,-2.842170943040401e-14,-0.27298747267735735,-0.9977994491815991,-0.9087016395809258,-0.9223079885520633,-3.6381669899650433,-2.9356446523993895,-2.9511271002949115,1.885881607961693,1.9958546548480172,1.1312033184437382,3.239359391297228,3.2999793150154915,-2.842170943040401e-14,-2.842170943040401e-14,-2.842170943040401e-14,-2.842170943040401e-14,-2.842170943040401e-14,-2.842170943040401e-14,-2.842170943040401e-14,-2.842170943040401e-14,-2.842170943040401e-14,-2.842170943040401e-14,-2.842170943040401e-14,-2.842170943040401e-14,-2.842170943040401e-14,-2.842170943040401e-14,-2.842170943040401e-14,-2.842170943040401e-14,-2.842170943040401e-14,-2.842170943040401e-14,-2.842170943040401e-14,-2.842170943040401e-14,-2.842170943040401e-14,-2.842170943040401e-14,-2.842170943040401e-14,-2.842170943040401e-14,-2.842170943040401e-14,-2.842170943040401e-14
54,0.0,0.0,0.0,0.0,0.0,0.0,0.0,0.0,0.0,0.0,0.0,0.0,0.0,0.0,0.0,0.0,0.0,0.0,0.0,1.4210854715202004e-14,1.4210854715202004e-14,1.4210854715202004e-14,1.4210854715202004e-14,1.4210854715202004e-14,-0.24440381150337487,1.8103640652196589,2.887622523338436,2.996627008158015,2.7173148020585103,2.7295546607163743,2.243706699796263,2.3904028577045295,3.0710531672028907,4.601449418896138,4.5619579553760445,4.606677583470628,4.616308090223924,2.1316282072803006e-14,2.1316282072803006e-14,2.1316282072803006e-14,2.1316282072803006e-14,2.1316282072803006e-14,1.7763568394002505e-14,1.7763568394002505e-14,1.4210854715202004e-14,1.4210854715202004e-14,1.7763568394002505e-14,1.7763568394002505e-14,1.4210854715202004e-14,1.5987211554602254e-14,1.2434497875801753e-14,1.2434497875801753e-14,1.199040866595169e-14,1.199040866595169e-14,0.0,1.4210854715202004e-14,2.1316282072803006e-14,2.1316282072803006e-14,2.1316282072803006e-14,2.842170943040401e-14,2.842170943040401e-14,0.09269023029139589,0.6571490746990634,1.5852683827101117,2.419854568345528,4.870243648056146,4.968819386451287,3.9899340697321435,3.7800044237193617,5.095861108220788,5.108598044231087,5.091154626288812,2.1316282072803006e-14,2.842170943040401e-14,2.1316282072803006e-14,2.1316282072803006e-14,2.1316282072803006e-14,1.4210854715202004e-14,2.1316282072803006e-14,2.842170943040401e-14,2.1316282072803006e-14,0.0,-3.2482296330775426,-2.016969119138878,-1.230710036939115,-0.20875193841064288,0.4940433803970734,0.49404859112368626,1.950810408396734,2.6436377442766172,2.207145801113114,2.4988524316764256,2.1197366894128606,0.6933432214339064,0.49233763448188483,0.3086662742478268,3.3409174334422573,4.379063244148725,4.447336510153903,1.886693269085086,1.7231115919309588,1.8661176832037114,4.0555176556142385,4.294289757442698,-0.801897101617044,-2.061294680429313,-3.1904200820001165,-7.985168583353939,2.1316282072803006e-14,2.1316282072803006e-14,0.5095235717291473,0.5889124834367294,0.5122851506828567,-0.3656002404840706,-1.0707583652665278,-0.5907606543718771,-0.1685673159793737,1.9942703275080191,-0.713762150016862,0.08653136169958486,0.05925134681974953,2.156290920977739,2.84269155122243,3.508870427984931,4.324442220455296,4.755356376267827,5.021805678414125,1.4210854715202004e-14,0.0,1.4210854715202004e-14,1.4210854715202004e-14,1.4210854715202004e-14,1.4210854715202004e-14,0.0,0.0,0.8724514293897698,0.9152881199763954,0.0,-2.752829915086366,-3.2324584440001303,-1.481441743617836,-0.23830550518363225,-0.44808369137020065,-0.6851173134052999,-1.400965118618771,0.0,0.0,0.0,0.0,0.0,0.0,0.0,0.0,0.0,0.0,0.0,0.0,0.0,0.0,0.0,0.0,-0.48389992417112637,0.0,0.0,-0.2729874726773289,-0.9977994491815707,-0.9087016395808973,-0.9223079885520349,-3.6381669899650433,-2.9356446523993895,-2.9511271002949115,1.8858816079617213,1.9958546548480456,1.1312033184437666,3.2393593912972847,3.2999793150155483,0.0,0.0,0.0,0.0,0.0,0.0,0.0,0.0,0.0,0.0,0.0,0.0,0.0,0.0,0.0,0.0,0.0,0.0,0.0,0.0,0.0,0.0,0.0,0.0,0.0,0.0
55,0.0,0.0,0.0,0.0,0.0,0.0,0.0,0.0,0.0,0.0,0.0,0.0,0.0,0.0,0.0,0.0,0.0,0.0,0.0,0.0,0.0,0.0,0.0,0.0,-0.24440381150338908,1.8103640652196447,2.887622523338422,2.9966270081580006,2.717314802058496,2.72955466071636,2.243706699796249,2.3904028577045153,3.0710531672028765,4.601449418896124,4.56195795537603,4.606677583470628,4.616308090223896,7.105427357601002e-15,7.105427357601002e-15,0.0,3.552713678800501e-15,3.552713678800501e-15,1.7763568394002505e-15,1.7763568394002505e-15,0.0,0.0,0.0,0.0,7.105427357601002e-15,7.105427357601002e-15,1.0658141036401503e-14,1.0658141036401503e-14,1.4210854715202004e-14,1.4210854715202004e-14,2.1316282072803006e-14,0.0,6.217248937900877e-15,3.552713678800501e-15,0.0,7.105427357601002e-15,7.105427357601002e-15,0.09269023029138168,0.6571490746990492,1.5852683827100975,2.4198545683455137,4.870243648056132,4.968819386451273,3.9899340697321293,3.7800044237193475,5.095861108220774,5.108598044231073,5.091154626288798,3.552713678800501e-15,3.552713678800501e-15,0.0,0.0,0.0,-3.552713678800501e-15,3.552713678800501e-15,1.0658141036401503e-14,7.105427357601002e-15,0.0,-3.2482296330775426,-2.016969119138878,-1.230710036939115,-0.20875193841064288,0.494043380397045,0.49404859112365784,1.9508104083967055,2.643637744276589,2.207145801113086,2.498852431676397,2.119736689412832,0.6933432214338779,0.4923376344818564,0.30866627424779836,3.340917433442243,4.3790632441487105,4.447336510153889,1.8866932690850717,1.7231115919309445,1.8661176832036972,4.05551765561421,4.2942897574426695,-0.8018971016170582,-2.0612946804293273,-3.1904200820001307,-7.985168583353953,0.0,0.0,0.5095235717291047,0.5889124834366868,0.5122851506828283,-0.365600240484099,-1.0707583652665562,-0.5907606543719055,-0.1685673159794021,1.9942703275079907,-0.7137621500168763,0.08653136169957065,0.05925134681973532,2.1562909209777104,2.8426915512224014,3.5088704279849026,4.324442220455268,4.755356376267798,5.021805678414097,7.105427357601002e-15,0.0,7.105427357601002e-15,0.0,0.0,0.0,-7.105427357601002e-15,-7.105427357601002e-15,0.8724514293897698,0.9152881199764238,0.0,-2.752829915086366,-3.2324584440001303,-1.4814417436178218,-0.23830550518361804,-0.44808369137020065,-0.6851173134052999,-1.400965118618771,0.0,0.0,0.0,0.0,0.0,0.0,0.0,0.0,0.0,0.0,0.0,0.0,0.0,0.0,0.0,0.0,-0.48389992417112637,0.0,0.0,-0.2729874726773289,-0.9977994491815707,-0.9087016395808973,-0.9223079885520349,-3.6381669899650433,-2.9356446523993895,-2.9511271002949115,1.8858816079617213,1.9958546548480456,1.1312033184437666,3.2393593912972847,3.2999793150155483,0.0,0.0,0.0,0.0,0.0,0.0,0.0,0.0,0.0,0.0,0.0,0.0,0.0,0.0,0.0,0.0,0.0,0.0,0.0,0.0,0.0,0.0,0.0,0.0,0.0,0.0
56,0.0,0.0,0.0,0.0,0.0,0.0,0.0,0.0,0.0,0.0,0.0,0.0,0.0,0.0,0.0,0.0,0.0,7.105427357601002e-15,7.105427357601002e-15,7.105427357601002e-15,7.105427357601002e-15,7.105427357601002e-15,7.105427357601002e-15,7.105427357601002e-15,-0.24440381150337487,1.8103640652196589,2.887622523338436,2.996627008158015,2.7173148020585103,2.7295546607163743,2.243706699796263,2.3904028577045295,3.0710531672028907,4.601449418896138,4.5619579553760445,4.606677583470642,4.61630809022391,7.105427357601002e-15,7.105427357601002e-15,3.552713678800501e-15,7.105427357601002e-15,7.105427357601002e-15,7.105427357601002e-15,7.105427357601002e-15,7.105427357601002e-15,7.105427357601002e-15,7.105427357601002e-15,3.552713678800501e-15,7.105427357601002e-15,7.105427357601002e-15,1.0658141036401503e-14,7.105427357601002e-15,7.105427357601002e-15,7.105427357601002e-15,1.4210854715202004e-14,6.217248937900877e-15,0.0,-2.6645352591003757e-15,7.105427357601002e-15,1.4210854715202004e-14,1.4210854715202004e-14,0.09269023029139589,0.6571490746990634,1.5852683827101117,2.419854568345528,4.870243648056146,4.968819386451287,3.9899340697321435,3.7800044237193617,5.095861108220788,5.108598044231087,5.091154626288812,7.105427357601002e-15,7.105427357601002e-15,0.0,0.0,0.0,-7.105427357601002e-15,7.105427357601002e-15,1.4210854715202004e-14,1.0658141036401503e-14,0.0,-3.2482296330775426,-2.016969119138878,-1.230710036939115,-0.20875193841064288,0.494043380397045,0.49404859112365784,1.9508104083967055,2.643637744276589,2.207145801113086,2.498852431676397,2.119736689412832,0.6933432214338779,0.4923376344818564,0.30866627424779836,3.3409174334422573,4.379063244148725,4.447336510153903,1.886693269085086,1.7231115919309588,1.8661176832037114,4.05551765561421,4.2942897574426695,-0.801897101617044,-2.061294680429313,-3.1904200820001165,-7.985168583353939,7.105427357601002e-15,7.105427357601002e-15,0.5095235717291047,0.5889124834366726,0.5122851506827999,-0.3656002404841274,-1.0707583652665846,-0.5907606543719339,-0.16856731597943053,1.9942703275079623,-0.713762150016862,0.08653136169958486,0.05925134681974953,2.1562909209777104,2.8426915512224014,3.5088704279849026,4.324442220455268,4.755356376267798,5.021805678414097,1.4210854715202004e-14,7.105427357601002e-15,1.4210854715202004e-14,7.105427357601002e-15,7.105427357601002e-15,1.4210854715202004e-14,0.0,0.0,0.8724514293897556,0.9152881199763954,1.4210854715202004e-14,-2.752829915086366,-3.2324584440001303,-1.4814417436178218,-0.23830550518361804,-0.44808369137020065,-0.6851173134052999,-1.400965118618771,0.0,0.0,0.0,0.0,0.0,0.0,0.0,0.0,0.0,0.0,0.0,0.0,0.0,0.0,0.0,0.0,-0.48389992417112637,0.0,0.0,-0.2729874726773289,-0.9977994491815707,-0.9087016395808973,-0.9223079885520349,-3.638166989965015,-2.9356446523993327,-2.9511271002948547,1.8858816079617213,1.9958546548480456,1.1312033184437666,3.2393593912972563,3.29997931501552,0.0,0.0,0.0,0.0,0.0,0.0,0.0,0.0,0.0,0.0,0.0,0.0,0.0,0.0,0.0,0.0,0.0,0.0,0.0,0.0,0.0,0.0,0.0,0.0,0.0,0.0
57,0.0,0.0,0.0,0.0,0.0,0.0,0.0,0.0,0.0,0.0,0.0,0.0,0.0,0.0,0.0,0.0,0.0,0.0,0.0,0.0,0.0,0.0,0.0,0.0,-0.24440381150338908,1.8103640652196447,2.887622523338422,2.9966270081580006,2.717314802058496,2.72955466071636,2.243706699796249,2.3904028577045153,3.0710531672028765,4.601449418896124,4.56195795537603,4.606677583470628,4.616308090223896,0.0,0.0,0.0,0.0,0.0,3.552713678800501e-15,3.552713678800501e-15,3.552713678800501e-15,3.552713678800501e-15,0.0,-3.552713678800501e-15,0.0,0.0,0.0,0.0,0.0,0.0,7.105427357601002e-15,3.552713678800501e-15,-2.6645352591003757e-15,0.0,0.0,7.105427357601002e-15,7.105427357601002e-15,0.09269023029138168,0.6571490746990492,1.5852683827100975,2.4198545683455137,4.870243648056132,4.968819386451273,3.9899340697321293,3.7800044237193475,5.095861108220774,5.108598044231073,5.091154626288798,0.0,0.0,-7.105427357601002e-15,-7.105427357601002e-15,-7.105427357601002e-15,-1.4210854715202004e-14,0.0,7.105427357601002e-15,0.0,0.0,-3.2482296330775426,-2.016969119138878,-1.230710036939115,-0.20875193841064288,0.4940433803970592,0.49404859112368626,1.950810408396734,2.6436377442766172,2.207145801113114,2.4988524316764256,2.1197366894128606,0.6933432214339064,0.49233763448188483,0.3086662742478268,3.340917433442243,4.3790632441487105,4.447336510153889,1.8866932690850717,1.7231115919309445,1.8661176832036972,4.0555176556142385,4.294289757442698,-0.8018971016170582,-2.0612946804293273,-3.1904200820001307,-7.985168583353953,0.0,0.0,0.5095235717291189,0.588912483436701,0.5122851506828283,-0.365600240484099,-1.0707583652665562,-0.5907606543719055,-0.1685673159794021,1.9942703275079907,-0.7137621500168763,0.08653136169957065,0.05925134681973532,2.156290920977739,2.84269155122243,3.508870427984931,4.324442220455296,4.755356376267827,5.021805678414125,7.105427357601002e-15,0.0,7.105427357601002e-15,0.0,0.0,0.0,-7.105427357601002e-15,-7.105427357601002e-15,0.8724514293897698,0.9152881199763954,0.0,-2.752829915086366,-3.2324584440001303,-1.4814417436178218,-0.23830550518361804,-0.44808369137020065,-0.6851173134052999,-1.400965118618771,0.0,0.0,0.0,0.0,0.0,0.0,0.0,0.0,0.0,0.0,0.0,0.0,0.0,0.0,0.0,0.0,-0.48389992417112637,0.0,0.0,-0.2729874726773289,-0.9977994491815707,-0.9087016395808973,-0.9223079885520349,-3.638166989965015,-2.9356446523993327,-2.9511271002948547,1.8858816079617213,1.9958546548480456,1.1312033184437666,3.2393593912972563,3.29997931501552,0.0,0.0,0.0,0.0,0.0,0.0,0.0,0.0,0.0,0.0,0.0,0.0,0.0,0.0,0.0,0.0,0.0,0.0,0.0,0.0,0.0,0.0,0.0,0.0,0.0,0.0
58,0.0,0.0,0.0,0.0,0.0,0.0,0.0,0.0,0.0,0.0,0.0,0.0,0.0,0.0,0.0,0.0,0.0,0.0,0.0,0.0,0.0,0.0,0.0,0.0,-0.24440381150339618,1.8103640652196376,2.887622523338422,2.9966270081580006,2.717314802058496,2.72955466071636,2.2437066997962347,2.390402857704501,3.0710531672028623,4.6014494188961095,4.561957955376016,4.6066775834706135,4.616308090223882,0.0,0.0,-7.105427357601002e-15,-3.552713678800501e-15,-1.7763568394002505e-15,-1.7763568394002505e-15,-1.7763568394002505e-15,0.0,0.0,0.0,-3.552713678800501e-15,0.0,0.0,0.0,0.0,0.0,0.0,7.105427357601002e-15,0.0,7.105427357601002e-15,7.105427357601002e-15,0.0,7.993605777301127e-15,7.105427357601002e-15,0.09269023029138879,0.6571490746990634,1.5852683827101117,2.419854568345528,4.870243648056146,4.968819386451287,3.9899340697321435,3.7800044237193617,5.095861108220788,5.108598044231087,5.091154626288812,-1.7763568394002505e-15,0.0,-3.552713678800501e-15,-3.552713678800501e-15,-3.552713678800501e-15,-7.105427357601002e-15,-1.7763568394002505e-15,5.329070518200751e-15,0.0,0.0,-3.2482296330775426,-2.016969119138878,-1.230710036939115,-0.20875193841064288,0.494043380397045,0.49404859112364363,1.950810408396677,2.6436377442765604,2.2071458011130574,2.4988524316763687,2.119736689412804,0.6933432214338495,0.492337634481828,0.30866627424776993,3.3409174334422573,4.379063244148725,4.447336510153903,1.8866932690850717,1.7231115919309445,1.8661176832036972,4.055517655614182,4.294289757442641,-0.8018971016170582,-2.0612946804293344,-3.1904200820001307,-7.985168583353946,-7.105427357601002e-15,-1.0658141036401503e-14,0.5095235717291047,0.5889124834366868,0.5122851506828283,-0.365600240484099,-1.0707583652665562,-0.5907606543719055,-0.1685673159794021,1.9942703275079907,-0.7137621500168763,0.08653136169957065,0.05925134681972821,2.1562909209777104,2.8426915512224014,3.5088704279849026,4.324442220455268,4.755356376267798,5.021805678414097,7.105427357601002e-15,0.0,7.105427357601002e-15,0.0,0.0,0.0,-7.105427357601002e-15,-7.105427357601002e-15,0.8724514293897698,0.9152881199764238,0.0,-2.752829915086366,-3.2324584440001303,-1.4814417436178218,-0.23830550518361804,-0.44808369137020065,-0.6851173134052999,-1.400965118618771,0.0,0.0,0.0,0.0,0.0,0.0,0.0,0.0,0.0,0.0,0.0,0.0,0.0,0.0,0.0,0.0,-0.48389992417111216,0.0,0.0,-0.2729874726773289,-0.9977994491815707,-0.9087016395808973,-0.9223079885520349,-3.638166989965015,-2.9356446523993327,-2.9511271002948547,1.8858816079617213,1.9958546548480456,1.1312033184437666,3.2393593912972563,3.29997931501552,0.0,0.0,0.0,0.0,0.0,0.0,0.0,0.0,0.0,0.0,0.0,0.0,0.0,0.0,0.0,0.0,0.0,0.0,0.0,0.0,0.0,0.0,0.0,0.0,0.0,0.0
59,0.0,0.0,0.0,0.0,0.0,0.0,0.0,0.0,0.0,0.0,0.0,0.0,0.0,0.0,0.0,0.0,0.0,0.0,0.0,0.0,0.0,0.0,0.0,0.0,-0.24440381150339618,1.8103640652196304,2.8876225233384076,2.9966270081579864,2.717314802058482,2.729554660716346,2.2437066997962347,2.390402857704501,3.0710531672028623,4.6014494188961095,4.561957955376016,4.6066775834706135,4.616308090223882,7.105427357601002e-15,7.105427357601002e-15,0.0,3.552713678800501e-15,5.329070518200751e-15,3.552713678800501e-15,3.552713678800501e-15,7.105427357601002e-15,7.105427357601002e-15,7.105427357601002e-15,0.0,7.105427357601002e-15,7.105427357601002e-15,7.105427357601002e-15,7.105427357601002e-15,7.105427357601002e-15,7.105427357601002e-15,1.4210854715202004e-14,7.105427357601002e-15,1.4210854715202004e-14,1.4210854715202004e-14,7.993605777301127e-15,0.0,0.0,0.09269023029138879,0.6571490746990776,1.585268382710126,2.419854568345542,4.87024364805616,4.968819386451301,3.9899340697321577,3.780004423719376,5.095861108220802,5.108598044231101,5.0911546262888265,5.329070518200751e-15,7.105427357601002e-15,0.0,0.0,0.0,-3.552713678800501e-15,5.329070518200751e-15,1.4210854715202004e-14,1.0658141036401503e-14,0.0,-3.2482296330775426,-2.016969119138878,-1.230710036939115,-0.20875193841064288,0.494043380397045,0.49404859112364363,1.950810408396677,2.6436377442765604,2.2071458011130574,2.4988524316763687,2.119736689412804,0.6933432214338495,0.492337634481828,0.30866627424776993,3.3409174334422715,4.379063244148739,4.447336510153917,1.8866932690850575,1.7231115919309303,1.866117683203683,4.055517655614182,4.294289757442641,-0.8018971016170582,-2.0612946804293344,-3.1904200820001307,-7.985168583353939,0.0,-3.552713678800501e-15,0.5095235717291047,0.5889124834366868,0.5122851506828283,-0.365600240484099,-1.0707583652665562,-0.5907606543719055,-0.1685673159794021,1.9942703275079907,-0.7137621500168763,0.08653136169955644,0.05925134681972111,2.1562909209777104,2.8426915512224014,3.5088704279849026,4.324442220455268,4.755356376267798,5.021805678414097,7.105427357601002e-15,0.0,7.105427357601002e-15,0.0,0.0,0.0,-7.105427357601002e-15,-7.105427357601002e-15,0.8724514293897698,0.9152881199764238,0.0,-2.752829915086366,-3.2324584440001303,-1.4814417436178218,-0.23830550518361804,-0.44808369137020065,-0.6851173134052999,-1.400965118618771,0.0,0.0,0.0,0.0,0.0,0.0,0.0,0.0,0.0,0.0,0.0,0.0,0.0,0.0,0.0,0.0,-0.48389992417111216,0.0,0.0,-0.2729874726773289,-0.9977994491815707,-0.9087016395808973,-0.9223079885520349,-3.638166989965015,-2.9356446523993327,-2.9511271002948547,1.8858816079617213,1.9958546548480456,1.1312033184437666,3.2393593912972563,3.29997931501552,0.0,0.0,0.0,0.0,0.0,0.0,0.0,0.0,0.0,0.0,0.0,0.0,0.0,0.0,0.0,0.0,0.0,0.0,0.0,0.0,0.0,0.0,0.0,0.0,0.0,0.0
60,0.0,0.0,0.0,0.0,0.0,0.0,0.0,0.0,0.0,0.0,0.0,0.0,0.0,0.0,0.0,0.0,0.0,7.105427357601002e-15,7.105427357601002e-15,7.105427357601002e-15,7.105427357601002e-15,7.105427357601002e-15,7.105427357601002e-15,7.105427357601002e-15,-0.24440381150338908,1.8103640652196447,2.887622523338422,2.9966270081580006,2.717314802058496,2.72955466071636,2.2437066997962347,2.390402857704501,3.0710531672028623,4.6014494188961095,4.561957955376016,4.6066775834706135,4.616308090223882,7.105427357601002e-15,7.105427357601002e-15,3.552713678800501e-15,7.105427357601002e-15,7.105427357601002e-15,7.105427357601002e-15,7.105427357601002e-15,1.0658141036401503e-14,7.105427357601002e-15,7.105427357601002e-15,0.0,7.105427357601002e-15,7.105427357601002e-15,7.105427357601002e-15,7.105427357601002e-15,7.105427357601002e-15,7.105427357601002e-15,1.4210854715202004e-14,1.4210854715202004e-14,2.1316282072803006e-14,2.1316282072803006e-14,7.105427357601002e-15,0.0,0.0,0.09269023029139589,0.6571490746990776,1.585268382710126,2.419854568345542,4.87024364805616,4.968819386451301,3.9899340697321577,3.780004423719376,5.095861108220802,5.108598044231101,5.0911546262888265,7.105427357601002e-15,7.105427357601002e-15,0.0,0.0,0.0,-7.105427357601002e-15,7.105427357601002e-15,1.4210854715202004e-14,7.105427357601002e-15,0.0,-3.2482296330775426,-2.016969119138878,-1.230710036939115,-0.20875193841064288,0.494043380397045,0.49404859112365784,1.9508104083967055,2.643637744276589,2.207145801113086,2.498852431676397,2.119736689412832,0.6933432214338779,0.4923376344818564,0.30866627424779836,3.3409174334422715,4.379063244148739,4.447336510153917,1.8866932690850717,1.7231115919309445,1.8661176832036972,4.05551765561421,4.2942897574426695,-0.801897101617044,-2.061294680429313,-3.1904200820001165,-7.985168583353925,7.105427357601002e-15,7.105427357601002e-15,0.5095235717291047,0.5889124834366726,0.5122851506827999,-0.3656002404841274,-1.0707583652665846,-0.5907606543719339,-0.16856731597943053,1.9942703275079623,-0.713762150016862,0.08653136169958486,0.05925134681974953,2.1562909209777104,2.8426915512224014,3.5088704279849026,4.324442220455268,4.755356376267798,5.021805678414097,1.4210854715202004e-14,7.105427357601002e-15,1.4210854715202004e-14,7.105427357601002e-15,7.105427357601002e-15,1.4210854715202004e-14,0.0,0.0,0.8724514293897698,0.9152881199763954,1.4210854715202004e-14,-2.752829915086366,-3.2324584440001303,-1.4814417436178218,-0.23830550518361804,-0.44808369137020065,-0.6851173134052999,-1.400965118618771,0.0,0.0,0.0,0.0,0.0,0.0,0.0,0.0,0.0,0.0,0.0,0.0,0.0,0.0,0.0,0.0,-0.48389992417111216,0.0,0.0,-0.2729874726773289,-0.9977994491815707,-0.9087016395808973,-0.9223079885520349,-3.638166989965015,-2.9356446523993327,-2.9511271002948547,1.8858816079617213,1.9958546548480456,1.1312033184437666,3.2393593912972563,3.29997931501552,0.0,0.0,0.0,0.0,0.0,0.0,0.0,0.0,0.0,0.0,0.0,0.0,0.0,0.0,0.0,0.0,0.0,0.0,0.0,0.0,0.0,0.0,0.0,0.0,0.0,0.0
61,0.09269023029139589,0.09269023029139589,0.09269023029139589,0.09269023029139589,0.09269023029139589,0.09269023029139589,0.09269023029139589,0.09269023029139589,0.09269023029139589,0.09269023029139589,0.09269023029139589,0.09269023029139589,0.09269023029139589,0.09269023029139589,0.09269023029138168,0.09269023029138168,0.09269023029138168,0.09269023029138523,0.09269023029138523,0.09269023029138879,0.09269023029138879,0.09269023029139056,0.09269023029138346,0.09269023029138257,-0.1517135812120145,1.9030542955110228,2.980312753629807,3.0893172384493823,2.8100050323498813,2.822244891007742,2.3363969300876306,2.483093087995904,3.1637433974942724,4.69413964918752,4.654648185667419,4.699367813762009,4.708998320515285,0.09269023029138523,0.09269023029138523,0.09269023029138879,0.09269023029138168,0.09269023029138168,0.09269023029138168,0.09269023029138168,0.09269023029138168,0.09269023029138168,0.09269023029138168,0.09269023029138168,0.09269023029139589,0.09269023029138168,0.09269023029138168,0.09269023029138168,0.09269023029138168,0.09269023029138168,0.09269023029139589,0.09269023029138168,0.09269023029139589,0.09269023029139589,0.09269023029138168,0.09269023029138879,0.09269023029139589,0.0,0.5644588444076772,1.4925781524187185,2.3271643380541427,4.777553417764754,4.876129156159891,3.897243839440744,3.6873141934279623,5.003170877929396,5.015907813939695,4.99846439599742,0.09269023029138168,0.09269023029138879,0.09269023029138168,0.09269023029138168,0.09269023029138168,0.09269023029137458,0.09269023029138168,0.09269023029138879,0.09269023029138168,0.09269023029138168,-3.155539402786161,-1.9242788888474962,-1.1380198066477334,-0.1160617081192612,0.5867336106884267,0.5867388214150253,2.043500638688073,2.736327974567942,2.299836031404439,2.5915426619677646,2.2124269197041855,0.786033451725217,0.5850278647731955,0.4013565045391374,3.2482272031508685,4.286373013857332,4.354646279862511,1.9793834993764499,1.8158018222223298,1.958807913495086,4.1482078859055775,4.386979987734037,-0.709206871325673,-1.9686044501379474,-3.0977298517087473,-7.892478353062568,0.09269023029138168,0.09269023029138168,0.6022138020204864,0.6816027137280685,0.60497538097421,-0.2729100101927173,-0.978068134975203,-0.49807042408058066,-0.07587708568807727,2.0869605577993156,-0.6210719197254928,0.17922159199094878,0.1519415771111028,2.248981151269078,2.935381781513769,3.60156065827627,4.417132450746664,4.848046606559194,5.114495908705479,0.09269023029139589,0.09269023029138879,0.09269023029139589,0.09269023029138879,0.09269023029138879,0.09269023029138879,0.09269023029138523,0.09269023029138523,0.9651416596811515,1.0079783502678055,0.09269023029138879,-2.6601396847949843,-3.1397682137087486,-1.38875151332644,-0.14561527489223636,-0.355393461078819,-0.5924270831139182,-1.3082748883273894,0.09269023029138168,0.09269023029138168,0.09269023029138168,0.09269023029138168,0.09269023029139589,0.09269023029139589,0.09269023029139589,0.09269023029139589,0.09269023029139589,0.09269023029139589,0.09269023029139589,0.09269023029139589,0.09269023029139589,0.09269023029139589,0.09269023029139589,0.09269023029139589,-0.3912096938797447,0.09269023029139589,0.09269023029139589,-0.18029724238593303,-0.905109218890189,-0.8160114092895157,-0.829617758260639,-3.545476759673633,-2.8429544221079652,-2.8584368700034872,1.9785718382531172,2.0885448851394415,1.2238935487351625,3.3320496215886806,3.39266954530693,0.09269023029139589,0.09269023029139589,0.09269023029139589,0.09269023029139589,0.09269023029139589,0.09269023029139589,0.09269023029139589,0.09269023029139589,0.09269023029139589,0.09269023029139589,0.09269023029139589,0.09269023029139589,0.09269023029139589,0.09269023029139589,0.09269023029139589,0.09269023029139589,0.09269023029139589,0.09269023029139589,0.09269023029139589,0.09269023029139589,0.09269023029139589,0.09269023029139589,0.09269023029139589,0.09269023029139589,0.09269023029139589,0.09269023029139589
62,0.6571490746990776,0.6571490746990776,0.6571490746990776,0.6571490746990776,0.6571490746990776,0.6571490746990776,0.6571490746990776,0.6571490746990776,0.6571490746990776,0.6571490746990776,0.6571490746990776,0.6571490746990776,0.6571490746990776,0.6571490746990776,0.6571490746990776,0.6571490746990776,0.6571490746990776,0.6571490746990705,0.6571490746990669,0.6571490746990705,0.6571490746990705,0.6571490746990705,0.6571490746990634,0.6571490746990598,0.4127452631956636,2.4675131399186974,3.5447715980374817,3.653776082857057,3.3744638767575594,3.3867037354154235,2.9008557744953123,3.047551932403586,3.728202241901954,5.258598493595201,5.219107030075101,5.263826658169691,5.273457164922959,0.6571490746990669,0.6571490746990634,0.6571490746990634,0.6571490746990563,0.6571490746990563,0.6571490746990492,0.6571490746990492,0.6571490746990492,0.6571490746990492,0.6571490746990492,0.6571490746990492,0.6571490746990634,0.6571490746990492,0.6571490746990492,0.6571490746990492,0.6571490746990492,0.6571490746990492,0.6571490746990634,0.6571490746990492,0.6571490746990634,0.6571490746990634,0.6571490746990563,0.6571490746990634,0.6571490746990492,0.5644588444076772,0.0,0.9281193080110413,1.7627054936464654,4.213094573357077,4.311670311752213,3.332784995033066,3.122855349020284,4.438712033521718,4.4514489695320165,4.434005551589742,0.6571490746990563,0.6571490746990634,0.6571490746990563,0.6571490746990563,0.6571490746990563,0.6571490746990492,0.6571490746990563,0.6571490746990634,0.6571490746990563,0.6571490746990776,-2.591080558378465,-1.3598200444398003,-0.5735609622400375,0.4483971362884347,1.1511924550961226,1.1511976658227212,2.607959483095769,3.300786818975638,2.864294875812135,3.1560015063754605,2.7768857641118814,1.350492296132927,1.1494867091809056,0.9658153489468475,2.6837683587431913,3.7219141694496543,3.7901874354548326,2.5438423437841244,2.380260666630008,2.5232667579027606,4.712666730313259,4.951438832141719,-0.14474802691799482,-1.4041456057302675,-2.5332710073010674,-7.32801950865489,0.6571490746990563,0.6571490746990563,1.1666726464281822,1.2460615581357644,1.169434225381906,0.29154883421497857,-0.41360929056750706,0.06638842032711523,0.4885817587196186,2.6514194022070114,-0.0566130753178129,0.7436804363986305,0.7164004215187845,2.813439995676788,3.499840625921479,4.16601950268398,4.9815912951543595,5.41250545096689,5.678954753113189,0.6571490746990776,0.6571490746990705,0.6571490746990776,0.6571490746990705,0.6571490746990705,0.6571490746990705,0.6571490746990669,0.6571490746990669,1.5296005040888474,1.5724371946755014,0.6571490746990705,-2.0956808403872884,-2.5753093693010527,-0.8242926689187442,0.41884356951545954,0.20906538332887692,-0.027968238706222337,-0.7438160439196935,0.6571490746990776,0.6571490746990776,0.6571490746990776,0.6571490746990776,0.6571490746990776,0.6571490746990776,0.6571490746990776,0.6571490746990776,0.6571490746990776,0.6571490746990776,0.6571490746990776,0.6571490746990776,0.6571490746990776,0.6571490746990776,0.6571490746990776,0.6571490746990776,0.1732491505279654,0.6571490746990776,0.6571490746990776,0.38416160202174865,-0.34065037448250735,-0.251552564881834,-0.2651589138529573,-2.9810179152659515,-2.2784955777002835,-2.2939780255958055,2.543030682660799,2.653003729547123,1.7883523931428442,3.8965084659963622,3.9571283897146117,0.6571490746990776,0.6571490746990776,0.6571490746990776,0.6571490746990776,0.6571490746990776,0.6571490746990776,0.6571490746990776,0.6571490746990776,0.6571490746990776,0.6571490746990776,0.6571490746990776,0.6571490746990776,0.6571490746990776,0.6571490746990776,0.6571490746990776,0.6571490746990776,0.6571490746990776,0.6571490746990776,0.6571490746990776,0.6571490746990776,0.6571490746990776,0.6571490746990776,0.6571490746990776,0.6571490746990776,0.6571490746990776,0.6571490746990776
63,1.5852683827100975,1.5852683827100975,1.5852683827100975,1.5852683827100975,1.5852683827100975,1.5852683827100975,1.5852683827100975,1.5852683827100975,1.5852683827100975,1.5852683827100975,1.5852683827100975,1.5852683827100975,1.5852683827100975,1.5852683827100975,1.5852683827101117,1.5852683827101117,1.5852683827101117,1.5852683827101117,1.5852683827101117,1.5852683827101117,1.5852683827101117,1.5852683827101117,1.5852683827101046,1.585268382710101,1.3408645712067049,3.3956324479297386,4.472890906048523,4.581895390868098,4.302583184768601,4.314823043426465,3.8289750825063535,3.975671240414627,4.656321549912995,6.186717801606235,6.147226338086135,6.191945966180725,6.2015764729339935,1.5852683827101082,1.5852683827101046,1.5852683827101046,1.5852683827101046,1.5852683827101046,1.5852683827100975,1.5852683827100975,1.5852683827101046,1.5852683827101117,1.5852683827101117,1.5852683827101117,1.585268382710126,1.5852683827101117,1.5852683827101117,1.5852683827101117,1.5852683827101117,1.5852683827101117,1.585268382710126,1.5852683827101117,1.585268382710126,1.585268382710126,1.5852683827101046,1.5852683827101117,1.5852683827100975,1.4925781524187185,0.9281193080110413,0.0,0.8345861856354242,3.284975265346036,3.3835510037411716,2.4046656870220247,2.194736041009243,3.5105927255106764,3.5233296615209753,3.5058862435787006,1.5852683827101046,1.5852683827101117,1.5852683827101046,1.5852683827101046,1.5852683827101117,1.5852683827101117,1.5852683827101046,1.5852683827101117,1.5852683827101117,1.5852683827101117,-1.662961250367431,-0.43170073642876616,0.35455834577099665,1.3765164442994688,2.0793117631071567,2.0793169738337554,3.536078791106803,4.228906126986672,3.792414183823169,4.084120814386495,3.7050050721229297,2.2786116041439755,2.077606017191954,1.8939346569578959,3.6118876667542317,4.6500334774606955,4.718306743465874,3.4719616517951657,3.308379974641049,3.451386065913802,5.640786038324308,5.879558140152767,0.7833712810930464,-0.4760262977192262,-1.605151699290026,-6.399900200643845,1.5852683827101046,1.5852683827101046,2.0947919544392164,2.1741808661467985,2.09755353339294,1.2196681422260127,0.5145100174435271,0.9945077283381494,1.4167010667306528,3.5795387102180314,0.8715062326932284,1.6717997444096717,1.6445197295298257,3.741559303687822,4.427959933932513,5.094138810695014,5.909710603165394,6.340624758977924,6.607074061124223,1.5852683827101188,1.5852683827101117,1.5852683827101188,1.5852683827101117,1.5852683827101117,1.5852683827101117,1.5852683827101082,1.5852683827101117,2.4577198120998816,2.5005565026865355,1.5852683827101117,-1.1675615323762543,-1.6471900612900185,0.10382663909228995,1.3469628775264937,1.137184691339911,0.9001510693048118,0.18430326409134068,1.5852683827101117,1.5852683827101117,1.5852683827101117,1.5852683827101117,1.5852683827100975,1.5852683827100975,1.5852683827100975,1.5852683827100975,1.5852683827100975,1.5852683827100975,1.5852683827100975,1.5852683827100975,1.5852683827100975,1.5852683827100975,1.585268382710126,1.585268382710126,1.1013684585389996,1.5852683827100975,1.5852683827100975,1.3122809100327686,0.5874689335285126,0.676566743129186,0.6629603941580626,-2.0528986072549174,-1.3503762696892352,-1.3658587175847572,3.471149990671819,3.581123037558143,2.716471701153864,4.824627774007382,4.885247697725632,1.5852683827100975,1.5852683827100975,1.5852683827100975,1.5852683827100975,1.5852683827100975,1.5852683827100975,1.5852683827100975,1.5852683827100975,1.5852683827100975,1.5852683827100975,1.5852683827100975,1.5852683827100975,1.5852683827100975,1.5852683827100975,1.5852683827100975,1.5852683827100975,1.5852683827100975,1.5852683827100975,1.5852683827100975,1.5852683827100975,1.5852683827100975,1.5852683827100975,1.5852683827100975,1.5852683827100975,1.5852683827100975,1.5852683827100975
64,2.419854568345528,2.419854568345528,2.419854568345528,2.419854568345528,2.419854568345528,2.419854568345528,2.419854568345528,2.419854568345528,2.419854568345528,2.419854568345528,2.419854568345528,2.419854568345528,2.419854568345528,2.419854568345528,2.419854568345528,2.419854568345528,2.419854568345528,2.419854568345528,2.419854568345528,2.419854568345528,2.419854568345528,2.419854568345528,2.419854568345521,2.4198545683455244,2.175450756842128,4.2302186335651655,5.30747709168395,5.416481576503529,5.137169370404031,5.149409229061895,4.663561268141784,4.8102574260500575,5.490907735548426,7.02130398724168,6.981812523721587,7.026532151816184,7.036162658569452,2.419854568345521,2.419854568345521,2.419854568345521,2.419854568345521,2.419854568345521,2.4198545683455137,2.4198545683455137,2.4198545683455137,2.4198545683455137,2.4198545683455137,2.4198545683455137,2.419854568345528,2.4198545683455137,2.4198545683455137,2.4198545683455137,2.4198545683455137,2.4198545683455137,2.419854568345528,2.4198545683455137,2.419854568345528,2.419854568345528,2.4198545683455137,2.419854568345528,2.419854568345528,2.3271643380541427,1.7627054936464654,0.8345861856354242,0.0,2.450389079710612,2.5489648181057483,1.5700795013866014,1.3601498553738196,2.676006539875253,2.688743475885552,2.6713000579432773,2.419854568345521,2.419854568345528,2.419854568345521,2.419854568345528,2.419854568345528,2.419854568345528,2.419854568345521,2.419854568345528,2.419854568345528,2.419854568345528,-0.8283750647320147,0.40288544920665004,1.1891445314064129,2.211102629934885,2.913897948742573,2.9139031594691716,4.370664976742219,5.063492312622088,4.627000369458585,4.918707000021897,4.539591257758332,3.1131977897793774,2.912192202827356,2.728520842593298,4.446473852389655,5.484619663096119,5.552892929101297,4.3065478374305926,4.1429661602764725,4.285972251549225,6.47537222395971,6.714144325788169,1.6179574667284662,0.35855988791619353,-0.7705655136546063,-5.5653140150084255,2.419854568345521,2.419854568345521,2.9293781400746326,3.0087670517822147,2.9321397190283562,2.054254327861429,1.3490962030789433,1.8290939139735656,2.251287252366069,4.414124895853462,1.7060924183286446,2.506385930045088,2.479105915165242,4.576145489323238,5.262546119567929,5.9287249963304305,6.74429678880081,7.175210944613326,7.441660246759625,2.419854568345535,2.419854568345528,2.419854568345535,2.419854568345528,2.419854568345528,2.419854568345528,2.419854568345521,2.419854568345521,3.2923059977352978,3.3351426883219517,2.419854568345528,-0.33297534674083806,-0.8126038756546023,0.9384128247277062,2.18154906316191,1.9717708769753273,1.734737254940228,1.0188894497267569,2.419854568345528,2.419854568345528,2.419854568345528,2.419854568345528,2.419854568345528,2.419854568345528,2.419854568345528,2.419854568345528,2.419854568345528,2.419854568345528,2.419854568345528,2.419854568345528,2.419854568345528,2.419854568345528,2.4198545683455563,2.4198545683455563,1.9359546441744158,2.419854568345528,2.419854568345528,2.146867095668199,1.422055119163943,1.5111529287646164,1.4975465797935072,-1.218312421619487,-0.5157900840538048,-0.5312725319493268,4.305736176307278,4.415709223193602,3.5510578867892946,5.659213959642813,5.719833883361062,2.419854568345528,2.419854568345528,2.419854568345528,2.419854568345528,2.419854568345528,2.419854568345528,2.419854568345528,2.419854568345528,2.419854568345528,2.419854568345528,2.419854568345528,2.419854568345528,2.419854568345528,2.419854568345528,2.419854568345528,2.419854568345528,2.419854568345528,2.419854568345528,2.419854568345528,2.419854568345528,2.419854568345528,2.419854568345528,2.419854568345528,2.419854568345528,2.419854568345528,2.419854568345528
65,4.8702436480561175,4.8702436480561175,4.8702436480561175,4.8702436480561175,4.8702436480561175,4.8702436480561175,4.8702436480561175,4.870243648056132,4.870243648056132,4.8702436480561175,4.8702436480561175,4.8702436480561175,4.8702436480561175,4.8702436480561175,4.870243648056132,4.870243648056132,4.870243648056132,4.870243648056132,4.870243648056132,4.870243648056132,4.870243648056132,4.870243648056135,4.870243648056132,4.870243648056135,4.625839836552743,6.680607713275776,7.757866171394561,7.8668706562141395,7.587558450114642,7.599798308772506,7.113950347852395,7.260646505760668,7.941296815259037,9.471693066952284,9.43220160343219,9.476921231526788,9.486551738280056,4.870243648056132,4.870243648056132,4.870243648056132,4.870243648056132,4.870243648056132,4.870243648056132,4.870243648056132,4.870243648056132,4.870243648056132,4.870243648056132,4.870243648056132,4.870243648056146,4.870243648056132,4.870243648056132,4.870243648056132,4.870243648056132,4.870243648056132,4.870243648056146,4.870243648056132,4.870243648056146,4.870243648056146,4.8702436480561175,4.8702436480561175,4.8702436480561175,4.777553417764755,4.213094573357077,3.284975265346036,2.450389079710612,0.0,0.09857573839513645,-0.8803095783240096,-1.0902392243367913,0.22561746016464035,0.23835439617493925,0.22091097823266548,4.870243648056132,4.870243648056132,4.870243648056132,4.870243648056132,4.870243648056146,4.870243648056146,4.870243648056132,4.870243648056132,4.870243648056132,4.870243648056132,1.622014014978589,2.853274528917254,3.6395336111170167,4.661491709645489,5.364287028453177,5.364292239179775,6.821054056452809,7.513881392332678,7.077389449169175,7.369096079732486,6.989980337468921,5.563586869489967,5.3625812825379455,5.1789099223038875,6.896862932100266,7.93500874280673,8.003282008811912,6.7569369171412035,6.593355239987083,6.736361331259836,8.9257613036703,9.164533405498759,4.068346546439081,2.808948967626808,1.6798235660560152,-3.1149249352978075,4.870243648056125,4.8702436480561175,5.379767219785236,5.4591561314928185,5.38252879873896,4.504643407572033,3.7994852827895613,4.279482993684212,4.701676332076715,6.864513975564108,4.1564814980392555,4.956775009755702,4.92949499487586,7.026534569033842,7.712935199278547,8.379114076041049,9.194685868511414,9.625600024323944,9.892049326470243,4.870243648056139,4.870243648056132,4.870243648056139,4.870243648056132,4.870243648056132,4.870243648056132,4.870243648056125,4.870243648056125,5.742695077445902,5.7855317680325555,4.870243648056132,2.1174137329697658,1.6377852040560015,3.38880190443831,4.631938142872514,4.422159956685931,4.185126334650832,3.4692785294373607,4.870243648056132,4.870243648056132,4.870243648056132,4.870243648056132,4.8702436480561175,4.8702436480561175,4.8702436480561175,4.8702436480561175,4.8702436480561175,4.8702436480561175,4.8702436480561175,4.8702436480561175,4.8702436480561175,4.8702436480561175,4.870243648056146,4.870243648056146,4.38634372388502,4.8702436480561175,4.8702436480561175,4.597256175378789,3.8724441988745326,3.961542008475192,3.9479356595040542,1.2320766580910458,1.9345989956566996,1.9191165477611776,6.75612525601781,6.866098302904135,6.001446966499884,8.109603039353388,8.170222963071666,4.8702436480561175,4.8702436480561175,4.8702436480561175,4.8702436480561175,4.8702436480561175,4.8702436480561175,4.8702436480561175,4.8702436480561175,4.8702436480561175,4.8702436480561175,4.8702436480561175,4.8702436480561175,4.8702436480561175,4.8702436480561175,4.870243648056132,4.8702436480561175,4.8702436480561175,4.8702436480561175,4.8702436480561175,4.8702436480561175,4.8702436480561175,4.8702436480561175,4.8702436480561175,4.8702436480561175,4.870243648056103,4.8702436480561175
66,4.968819386451287,4.968819386451287,4.968819386451287,4.968819386451287,4.968819386451287,4.968819386451287,4.968819386451287,4.968819386451287,4.968819386451287,4.968819386451287,4.968819386451287,4.968819386451287,4.968819386451287,4.968819386451287,4.968819386451287,4.968819386451287,4.968819386451287,4.96881938645128,4.96881938645128,4.96881938645128,4.96881938645128,4.96881938645128,4.96881938645128,4.968819386451276,4.724415574947884,6.779183451670917,7.856441909789702,7.96544639460928,7.686134188509783,7.698374047167654,7.212526086247536,7.359222244155802,8.039872553654163,9.57026880534741,9.530777341827317,9.575496969921915,9.585127476675183,4.96881938645128,4.96881938645128,4.96881938645128,4.968819386451287,4.968819386451287,4.968819386451287,4.968819386451287,4.968819386451287,4.968819386451287,4.968819386451287,4.968819386451287,4.968819386451301,4.968819386451287,4.968819386451287,4.968819386451287,4.968819386451287,4.968819386451287,4.968819386451301,4.968819386451287,4.968819386451301,4.968819386451301,4.968819386451273,4.968819386451287,4.968819386451287,4.876129156159891,4.311670311752213,3.3835510037411716,2.5489648181057483,0.09857573839513645,0.0,-0.9788853167191465,-1.1888149627319278,0.3241931985597777,0.3369301345700766,0.3194867166278019,4.968819386451287,4.968819386451287,4.968819386451287,4.968819386451287,4.968819386451287,4.968819386451287,4.968819386451287,4.968819386451287,4.968819386451287,4.968819386451287,1.7205897533737442,2.951850267312409,3.7381093495121718,4.760067448040644,5.462862766848332,5.462867977574945,6.919629794847992,7.612457130727876,7.175965187564373,7.467671818127684,7.088556075864119,5.662162607885165,5.461157020933143,5.277485660699085,6.995438670495403,8.033584481201867,8.101857747207049,6.855512655536344,6.691930978382224,6.834937069654977,9.024337042065497,9.263109143893956,4.166922284834222,2.9075247060219453,1.778399304451149,-3.0163491969026737,4.968819386451287,4.968819386451287,5.4783429581803915,5.557731869887974,5.481104537134115,4.603219145967188,3.8980610211847306,4.378058732079381,4.800252070471885,6.963089713959278,4.2550572364344035,5.05535074815085,5.028070733271008,7.125110307428997,7.811510937673688,8.47768981443619,9.293261606906555,9.724175762719085,9.990625064865384,4.968819386451287,4.96881938645128,4.968819386451287,4.96881938645128,4.96881938645128,4.96881938645128,4.968819386451273,4.968819386451273,5.841270815841057,5.884107506427711,4.96881938645128,2.215989471364921,1.7363609424511566,3.487377642833465,4.730513881267669,4.520735695081086,4.283702073045987,3.567854267832516,4.968819386451287,4.968819386451287,4.968819386451287,4.968819386451287,4.968819386451287,4.968819386451287,4.968819386451287,4.968819386451287,4.968819386451287,4.968819386451287,4.968819386451287,4.968819386451287,4.968819386451287,4.968819386451287,4.968819386451287,4.968819386451287,4.484919462280175,4.968819386451287,4.968819386451287,4.695831913773958,3.971019937269716,4.0601177468703895,4.046511397899252,1.330652396486272,2.033174734051954,2.017692286156432,6.854700994413008,6.964674041299332,6.1000227048950535,8.208178777748543,8.268798701466807,4.968819386451287,4.968819386451287,4.968819386451287,4.968819386451287,4.968819386451287,4.968819386451287,4.968819386451287,4.968819386451287,4.968819386451287,4.968819386451287,4.968819386451287,4.968819386451287,4.968819386451287,4.968819386451273,4.968819386451287,4.968819386451287,4.968819386451287,4.968819386451287,4.968819386451287,4.968819386451287,4.968819386451287,4.968819386451287,4.968819386451287,4.968819386451301,4.968819386451315,4.968819386451287
67,3.9899340697321293,3.9899340697321293,3.9899340697321293,3.9899340697321293,3.9899340697321293,3.9899340697321293,3.9899340697321293,3.9899340697321293,3.9899340697321293,3.9899340697321293,3.9899340697321293,3.9899340697321293,3.9899340697321293,3.9899340697321293,3.9899340697321293,3.9899340697321293,3.9899340697321293,3.9899340697321293,3.9899340697321293,3.9899340697321293,3.9899340697321293,3.9899340697321293,3.9899340697321293,3.9899340697321293,3.745530258228733,5.800298134951767,6.877556593070551,6.98656107789013,6.707248871790625,6.719488730448489,6.233640769528378,6.380336927436645,7.060987236935006,8.591383488628253,8.55189202510816,8.596611653202757,8.606242159956025,3.989934069732122,3.989934069732122,3.989934069732122,3.9899340697321293,3.9899340697321293,3.9899340697321293,3.9899340697321293,3.9899340697321293,3.9899340697321293,3.9899340697321293,3.9899340697321293,3.9899340697321435,3.9899340697321293,3.9899340697321293,3.9899340697321293,3.9899340697321293,3.9899340697321293,3.9899340697321435,3.9899340697321293,3.9899340697321435,3.9899340697321435,3.989934069732115,3.9899340697321293,3.9899340697321293,3.897243839440744,3.332784995033066,2.4046656870220247,1.5700795013866014,-0.8803095783240096,-0.9788853167191465,0.0,-0.20992964601278152,-0.654692118159371,-0.6419551821490721,-0.6593986000913468,3.9899340697321293,3.9899340697321293,3.9899340697321293,3.9899340697321293,3.9899340697321293,3.9899340697321293,3.9899340697321293,3.9899340697321293,3.9899340697321293,3.9899340697321293,0.7417044366545866,1.9729649505932514,2.759224032793014,3.7811821313214864,4.483977450129174,4.483982660855787,5.940744478128835,6.633571814008718,6.197079870845215,6.488786501408526,6.1096707591449615,4.683277291166007,4.482271704213986,4.298600343979928,6.01655335377626,7.05469916448272,7.1229724304878985,5.876627338817194,5.713045661663074,5.8560517529358265,8.04545172534634,8.284223827174799,3.188036968115071,1.9286393893027949,0.7995139877319986,-3.995234513621824,3.9899340697321293,3.9899340697321293,4.499457641461234,4.578846553168816,4.502219220414958,3.6243338292480303,2.919175704465573,3.3991734153602238,3.821366753752727,5.98420439724012,3.276171919715253,4.0764654314317,4.0491854165518575,6.14622499070984,6.832625620954531,7.498804497717032,8.314376290187397,8.745290445999927,9.011739748146226,3.9899340697321364,3.9899340697321293,3.9899340697321364,3.9899340697321293,3.9899340697321293,3.989934069732122,3.989934069732122,3.989934069732122,4.862385499121899,4.905222189708539,3.989934069732122,1.2371041546457633,0.757475625731999,2.5084923261143075,3.7516285645485112,3.5418503783619286,3.3048167563268294,2.5889689511133582,3.9899340697321293,3.9899340697321293,3.9899340697321293,3.9899340697321293,3.989934069732115,3.989934069732101,3.989934069732101,3.989934069732101,3.989934069732101,3.989934069732101,3.989934069732101,3.989934069732101,3.989934069732101,3.989934069732101,3.989934069732101,3.989934069732101,3.506034145561017,3.9899340697321293,3.9899340697321293,3.7169465970548003,2.9921346205505586,3.081232430151232,3.0676260811800944,0.3517670797671144,1.0542894173327682,1.0388069694372462,5.875815677693851,5.985788724580175,5.121137388175896,7.2292934610293855,7.289913384747649,3.9899340697321293,3.9899340697321293,3.9899340697321293,3.9899340697321293,3.9899340697321293,3.9899340697321293,3.9899340697321293,3.9899340697321293,3.989934069732115,3.989934069732115,3.9899340697321293,3.9899340697321293,3.989934069732115,3.9899340697321293,3.9899340697321293,3.9899340697321293,3.9899340697321293,3.9899340697321293,3.9899340697321293,3.9899340697321293,3.9899340697321293,3.9899340697321293,3.9899340697321293,3.9899340697321293,3.9899340697321293,3.9899340697321293
68,3.7800044237193333,3.7800044237193333,3.7800044237193333,3.7800044237193333,3.7800044237193333,3.7800044237193333,3.7800044237193333,3.7800044237193333,3.7800044237193333,3.7800044237193333,3.7800044237193333,3.7800044237193333,3.7800044237193333,3.7800044237193333,3.7800044237193475,3.7800044237193475,3.7800044237193475,3.7800044237193475,3.7800044237193475,3.7800044237193475,3.7800044237193475,3.7800044237193475,3.7800044237193475,3.7800044237193475,3.5356006122159513,5.590368488938985,6.667626947057769,6.776631431877348,6.497319225777844,6.509559084435708,6.023711123515582,6.170407281423849,6.85105759092221,8.381453842615457,8.341962379095364,8.386682007189961,8.39631251394323,3.7800044237193404,3.7800044237193404,3.7800044237193475,3.7800044237193475,3.7800044237193475,3.7800044237193475,3.7800044237193475,3.7800044237193475,3.7800044237193475,3.7800044237193475,3.7800044237193475,3.7800044237193617,3.7800044237193475,3.7800044237193475,3.7800044237193475,3.7800044237193475,3.7800044237193475,3.7800044237193617,3.7800044237193475,3.7800044237193617,3.7800044237193617,3.7800044237193333,3.7800044237193333,3.7800044237193333,3.6873141934279623,3.122855349020284,2.194736041009243,1.3601498553738196,-1.0902392243367913,-1.1888149627319278,-0.20992964601278152,0.0,-0.8646217641721492,-0.8518848281618503,-0.869328246104125,3.7800044237193475,3.7800044237193475,3.7800044237193475,3.7800044237193475,3.7800044237193617,3.7800044237193617,3.7800044237193475,3.7800044237193475,3.7800044237193475,3.7800044237193475,0.5317747906418049,1.7630353045804696,2.5492943867802325,3.5712524853087046,4.2740478041163925,4.27405301484302,5.730814832116067,6.423642167995951,5.9871502248324475,6.278856855395759,5.899741113132194,4.47334764515324,4.272342058201218,4.08867069796716,5.806623707763475,6.844769518469938,6.913042784475117,5.666697692804412,5.503116015650292,5.646122106923045,7.835522079333572,8.074294181162031,2.9781073221022893,1.7187097432900131,0.5895843417192168,-4.205164159634606,3.7800044237193475,3.7800044237193475,4.289527995448452,4.368916907156034,4.292289574402162,3.4144041832352343,2.709246058452777,3.189243769347428,3.611437107739931,5.774274751227324,3.0662422737024713,3.866535785418918,3.8392557705390757,5.936295344697072,6.622695974941763,7.288874851704264,8.10444664417463,8.53536079998716,8.801810102133459,3.7800044237193546,3.7800044237193475,3.7800044237193546,3.7800044237193475,3.7800044237193475,3.7800044237193404,3.7800044237193404,3.7800044237193404,4.652455853109117,4.695292543695757,3.7800044237193404,1.0271745086329815,0.5475459797192173,2.2985626801015258,3.5416989185357295,3.331920732349147,3.0948871103140476,2.3790393051005765,3.7800044237193475,3.7800044237193475,3.7800044237193475,3.7800044237193475,3.780004423719319,3.780004423719305,3.780004423719305,3.780004423719305,3.780004423719305,3.780004423719305,3.780004423719305,3.780004423719305,3.780004423719305,3.780004423719305,3.7800044237192765,3.7800044237192765,3.2961044995482354,3.7800044237193333,3.7800044237193333,3.5070169510420044,2.7822049745377626,2.871302784138436,2.8576964351672984,0.14183743375429003,0.8443597713199438,0.8288773234244218,5.665886031681055,5.775859078567379,4.9112077421631,7.019363815016618,7.079983738734882,3.7800044237193333,3.7800044237193333,3.7800044237193333,3.7800044237193333,3.7800044237193333,3.7800044237193333,3.7800044237193333,3.7800044237193333,3.780004423719319,3.780004423719319,3.7800044237193333,3.7800044237193333,3.780004423719319,3.7800044237193333,3.7800044237193333,3.7800044237193333,3.7800044237193333,3.7800044237193333,3.7800044237193333,3.7800044237193333,3.7800044237193333,3.7800044237193333,3.7800044237193333,3.7800044237193333,3.7800044237193333,3.7800044237193333
69,5.09586110822076,5.09586110822076,5.09586110822076,5.09586110822076,5.09586110822076,5.09586110822076,5.09586110822076,5.09586110822076,5.09586110822076,5.09586110822076,5.09586110822076,5.09586110822076,5.09586110822076,5.09586110822076,5.095861108220774,5.095861108220774,5.095861108220774,5.095861108220781,5.095861108220781,5.095861108220781,5.095861108220781,5.095861108220781,5.095861108220781,5.095861108220777,4.851457296717385,6.9062251734404185,7.983483631559203,8.092488116378782,7.813175910279284,7.825415768937148,7.33956780801703,7.486263965925303,8.166914275423665,9.697310527116912,9.657819063596818,9.702538691691416,9.712169198444684,5.095861108220774,5.095861108220774,5.095861108220781,5.095861108220788,5.095861108220788,5.095861108220788,5.095861108220788,5.095861108220788,5.095861108220788,5.095861108220788,5.095861108220788,5.095861108220802,5.095861108220788,5.095861108220788,5.095861108220788,5.095861108220788,5.095861108220788,5.095861108220802,5.095861108220788,5.095861108220802,5.095861108220802,5.095861108220788,5.095861108220788,5.095861108220788,5.003170877929396,4.438712033521718,3.5105927255106764,2.676006539875253,0.22561746016464035,0.3241931985597777,-0.654692118159371,-0.8646217641721528,0.0,0.012736936010299127,-0.004706481931975315,5.095861108220788,5.095861108220788,5.095861108220788,5.095861108220788,5.095861108220788,5.095861108220788,5.095861108220788,5.095861108220788,5.095861108220788,5.095861108220774,1.8476314751432312,3.078891989081896,3.865151071281659,4.887109169810131,5.589904488617819,5.589909699344432,7.046671516617494,7.739498852497377,7.303006909333874,7.594713539897185,7.21559779763362,5.789204329654666,5.5881987427026445,5.404527382468586,7.122480392264908,8.160626202971368,8.22889946897655,6.982554377305846,6.8189727001517255,6.961978791424478,9.151378763834998,9.390150865663458,4.293964006603723,3.0345664277914466,1.9054410262206503,-2.8893074751331724,5.095861108220788,5.095861108220788,5.6053846799498785,5.684773591657461,5.608146258903602,4.730260867736689,4.025102742954232,4.505100453848883,4.927293792241386,7.090131435728779,4.382098958203905,5.182392469920352,5.155112455040509,7.25215202919847,7.938552659443161,8.604731536205662,9.420303328676027,9.851217484488558,10.117666786634857,5.095861108220788,5.095861108220781,5.095861108220788,5.095861108220781,5.095861108220781,5.095861108220781,5.095861108220774,5.095861108220774,5.968312537610544,6.0111492281971834,5.095861108220781,2.343031193134408,1.8634026642206436,3.614419364602952,4.857555603037156,4.647777416850573,4.410743794815474,3.694895989602003,5.095861108220774,5.095861108220774,5.095861108220774,5.095861108220774,5.09586110822076,5.09586110822076,5.09586110822076,5.09586110822076,5.09586110822076,5.09586110822076,5.09586110822076,5.09586110822076,5.09586110822076,5.09586110822076,5.095861108220731,5.095861108220731,4.611961184049662,5.09586110822076,5.09586110822076,4.822873635543431,4.098061659039189,4.187159468639862,4.173553119668725,1.4576941182557164,2.1602164558213985,2.1447340079258765,6.981742716182481,7.091715763068805,6.227064426664526,8.335220499518044,8.395840423236308,5.09586110822076,5.09586110822076,5.09586110822076,5.09586110822076,5.09586110822076,5.09586110822076,5.09586110822076,5.09586110822076,5.09586110822076,5.09586110822076,5.09586110822076,5.09586110822076,5.09586110822076,5.0958611082207455,5.095861108220731,5.09586110822076,5.09586110822076,5.09586110822076,5.09586110822076,5.09586110822076,5.09586110822076,5.09586110822076,5.09586110822076,5.095861108220774,5.095861108220788,5.09586110822076
70,5.108598044231087,5.108598044231087,5.108598044231087,5.108598044231087,5.108598044231087,5.108598044231087,5.108598044231087,5.108598044231087,5.108598044231087,5.108598044231087,5.108598044231087,5.108598044231087,5.108598044231087,5.108598044231087,5.108598044231087,5.108598044231087,5.108598044231087,5.10859804423108,5.10859804423108,5.10859804423108,5.10859804423108,5.10859804423108,5.10859804423108,5.108598044231076,4.864194232727684,6.918962109450717,7.996220567569502,8.10522505238908,7.825912846289583,7.83815270494744,7.352304744027322,7.499000901935588,8.17965121143395,9.710047463127196,9.670555999607103,9.7152756277017,9.724906134454969,5.10859804423108,5.10859804423108,5.10859804423108,5.108598044231087,5.108598044231087,5.108598044231087,5.108598044231087,5.108598044231087,5.108598044231087,5.108598044231087,5.108598044231087,5.108598044231101,5.108598044231087,5.108598044231087,5.108598044231087,5.108598044231087,5.108598044231087,5.108598044231101,5.108598044231087,5.108598044231101,5.108598044231101,5.108598044231087,5.108598044231087,5.108598044231087,5.015907813939695,4.4514489695320165,3.5233296615209753,2.688743475885552,0.23835439617493925,0.3369301345700748,-0.6419551821490721,-0.8518848281618538,0.012736936010299127,0.0,-0.017443417942274664,5.108598044231087,5.108598044231087,5.108598044231087,5.108598044231087,5.108598044231087,5.108598044231087,5.108598044231087,5.108598044231087,5.108598044231087,5.108598044231087,1.8603684111535443,3.091628925092209,3.877888007291972,4.899846105820444,5.602641424628132,5.602646635354731,7.0594084526277925,7.752235788507676,7.315743845344173,7.607450475907484,7.228334733643919,5.801941265664965,5.600935678712943,5.417264318478885,7.135217328275207,8.173363138981667,8.24163640498685,6.9952913133161445,6.831709636162024,6.974715727434777,9.164115699845297,9.402887801673756,4.306700942614022,3.0473033638017455,1.9181779622309492,-2.8765705391228735,5.108598044231087,5.108598044231087,5.618121615960192,5.697510527667774,5.6208831949139295,4.742997803747016,4.037839678964559,4.51783738985921,4.940030728251713,7.102868371739106,4.394835894214204,5.1951294059306505,5.167849391050808,7.264888965208769,7.95128959545346,8.617468472215961,9.433040264686326,9.863954420498857,10.130403722645156,5.108598044231087,5.10859804423108,5.108598044231087,5.10859804423108,5.10859804423108,5.10859804423108,5.108598044231073,5.108598044231073,5.981049473620857,6.023886164207511,5.108598044231073,2.355768129144721,1.8761396002309567,3.627156300613265,4.870292539047469,4.660514352860886,4.423480730825787,3.707632925612316,5.108598044231087,5.108598044231087,5.108598044231087,5.108598044231087,5.108598044231087,5.108598044231087,5.108598044231087,5.108598044231087,5.108598044231087,5.108598044231087,5.108598044231087,5.108598044231087,5.108598044231087,5.108598044231087,5.108598044231087,5.108598044231087,4.624698120059961,5.108598044231087,5.108598044231087,4.835610571553758,4.110798595049516,4.19989640465019,4.186290055679052,1.4704310542660721,2.1729533918317543,2.1574709439362323,6.994479652192808,7.104452699079133,6.239801362674854,8.347957435528343,8.408577359246607,5.108598044231087,5.108598044231087,5.108598044231087,5.108598044231087,5.108598044231087,5.108598044231087,5.108598044231087,5.108598044231087,5.108598044231087,5.108598044231087,5.108598044231087,5.108598044231087,5.108598044231073,5.108598044231087,5.108598044231087,5.108598044231087,5.108598044231087,5.108598044231087,5.108598044231087,5.108598044231087,5.108598044231087,5.108598044231087,5.108598044231087,5.108598044231101,5.108598044231115,5.108598044231087
71,5.091154626288812,5.091154626288812,5.091154626288812,5.091154626288812,5.091154626288812,5.091154626288812,5.091154626288812,5.091154626288812,5.091154626288812,5.091154626288812,5.091154626288812,5.091154626288812,5.091154626288812,5.091154626288812,5.091154626288798,5.091154626288798,5.091154626288798,5.091154626288805,5.091154626288805,5.091154626288805,5.091154626288805,5.091154626288805,5.091154626288805,5.091154626288802,4.846750814785409,6.901518691508443,7.978777149627227,8.087781634446806,7.808469428347308,7.820709287005172,7.334861326085054,7.481557483993328,8.162207793491689,9.692604045184936,9.653112581664843,9.69783220975944,9.707462716512708,5.091154626288798,5.091154626288798,5.091154626288805,5.091154626288812,5.091154626288812,5.091154626288812,5.091154626288812,5.091154626288812,5.091154626288812,5.091154626288812,5.091154626288812,5.0911546262888265,5.091154626288812,5.091154626288812,5.091154626288812,5.091154626288812,5.091154626288812,5.0911546262888265,5.091154626288812,5.0911546262888265,5.0911546262888265,5.091154626288798,5.091154626288812,5.091154626288812,4.99846439599742,4.434005551589742,3.5058862435787006,2.6713000579432773,0.22091097823266548,0.3194867166278019,-0.6593986000913468,-0.8693282461041285,-0.004706481931975315,-0.017443417942274664,0.0,5.091154626288812,5.091154626288812,5.091154626288812,5.091154626288812,5.091154626288812,5.091154626288812,5.091154626288812,5.091154626288812,5.091154626288812,5.091154626288798,1.8429249932112555,3.0741855071499202,3.860444589349683,4.882402687878155,5.585198006685843,5.585203217412442,7.041965034685489,7.734792370565373,7.29830042740187,7.590007057965181,7.210891315701616,5.784497847722662,5.58349226077064,5.399820900536582,7.117773910332932,8.155919721039393,8.224192987044574,6.97784789537387,6.81426621821975,6.957272309492502,9.146672281902994,9.385444383731453,4.289257524671747,3.029859945859471,1.9007345442886745,-2.894013957065148,5.091154626288812,5.091154626288812,5.600678198017903,5.680067109725471,5.603439776971612,4.725554385804685,4.020396261022228,4.500393971916878,4.922587310309382,7.085424953796775,4.377392476271929,5.177685987988376,5.150405973108533,7.247445547266494,7.933846177511185,8.600025054273686,9.415596846744052,9.846511002556582,10.11296030470288,5.091154626288812,5.091154626288805,5.091154626288812,5.091154626288805,5.091154626288805,5.091154626288805,5.091154626288798,5.091154626288798,5.963606055678568,6.006442746265222,5.091154626288805,2.338324711202432,1.8586961822886678,3.6097128826709763,4.85284912110518,4.6430709349185975,4.406037312883498,3.690189507670027,5.091154626288798,5.091154626288798,5.091154626288798,5.091154626288798,5.091154626288812,5.091154626288812,5.091154626288812,5.091154626288812,5.091154626288812,5.091154626288812,5.091154626288812,5.091154626288812,5.091154626288812,5.091154626288812,5.091154626288812,5.091154626288812,4.607254702117672,5.091154626288812,5.091154626288812,4.818167153611483,4.093355177107242,4.182452986707915,4.168846637736777,1.4529876363237975,2.1555099738894796,2.1400275259939576,6.977036234250534,7.087009281136858,6.222357944732579,8.330514017586069,8.391133941304332,5.091154626288812,5.091154626288812,5.091154626288812,5.091154626288812,5.091154626288812,5.091154626288812,5.091154626288812,5.091154626288812,5.091154626288812,5.091154626288812,5.091154626288812,5.091154626288812,5.091154626288798,5.091154626288812,5.091154626288812,5.091154626288812,5.091154626288812,5.091154626288812,5.091154626288812,5.091154626288812,5.091154626288812,5.091154626288812,5.091154626288812,5.0911546262888265,5.091154626288841,5.091154626288812
72,0.0,0.0,0.0,0.0,0.0,0.0,0.0,0.0,0.0,0.0,0.0,0.0,0.0,0.0,0.0,0.0,0.0,0.0,0.0,0.0,0.0,0.0,0.0,0.0,-0.24440381150339618,1.8103640652196376,2.887622523338422,2.9966270081580006,2.717314802058496,2.72955466071636,2.2437066997962347,2.390402857704501,3.0710531672028623,4.6014494188961095,4.561957955376016,4.6066775834706135,4.616308090223882,3.552713678800501e-15,3.552713678800501e-15,-3.552713678800501e-15,0.0,0.0,0.0,0.0,0.0,0.0,0.0,-3.552713678800501e-15,0.0,0.0,3.552713678800501e-15,0.0,0.0,0.0,7.105427357601002e-15,0.0,7.105427357601002e-15,7.105427357601002e-15,-1.7763568394002505e-15,5.329070518200751e-15,3.552713678800501e-15,0.09269023029138879,0.6571490746990634,1.5852683827101046,2.419854568345535,4.870243648056146,4.968819386451287,3.9899340697321435,3.7800044237193617,5.095861108220788,5.108598044231087,5.091154626288812,0.0,1.3322676295501878e-15,-3.1086244689504383e-15,-2.6645352591003757e-15,-3.552713678800501e-15,-8.881784197001252e-15,0.0,5.329070518200751e-15,0.0,0.0,-3.2482296330775426,-2.016969119138878,-1.230710036939115,-0.20875193841064288,0.494043380397045,0.49404859112364363,1.9508104083966913,2.6436377442765604,2.207145801113086,2.498852431676397,2.119736689412832,0.6933432214338779,0.4923376344818564,0.30866627424779836,3.3409174334422573,4.379063244148725,4.447336510153903,1.8866932690850646,1.7231115919309445,1.8661176832036972,4.05551765561421,4.2942897574426695,-0.8018971016170582,-2.0612946804293344,-3.1904200820001307,-7.985168583353946,0.0,0.0,0.5095235717291047,0.5889124834366868,0.5122851506828283,-0.365600240484099,-1.0707583652665846,-0.5907606543719623,-0.16856731597943053,1.9942703275079623,-0.7137621500168763,0.08653136169957065,0.05925134681972821,2.156290920977696,2.842691551222387,3.5088704279848884,4.324442220455268,4.755356376267798,5.021805678414097,0.0,-7.105427357601002e-15,0.0,-7.105427357601002e-15,-7.105427357601002e-15,-7.105427357601002e-15,0.0,0.0,0.8724514293897698,0.9152881199764238,0.0,-2.752829915086366,-3.2324584440001303,-1.4814417436178218,-0.23830550518361804,-0.44808369137020065,-0.6851173134052999,-1.400965118618771,0.0,0.0,0.0,0.0,0.0,0.0,0.0,0.0,0.0,0.0,0.0,0.0,0.0,0.0,0.0,0.0,-0.48389992417112637,0.0,0.0,-0.2729874726773289,-0.9977994491815849,-0.9087016395809115,-0.9223079885520349,-3.6381669899650433,-2.9356446523993895,-2.9511271002949115,1.8858816079617213,1.9958546548480456,1.1312033184437666,3.2393593912972847,3.299979315015534,0.0,0.0,0.0,0.0,0.0,0.0,0.0,0.0,0.0,0.0,0.0,0.0,0.0,0.0,0.0,0.0,0.0,0.0,0.0,0.0,0.0,0.0,0.0,0.0,0.0,0.0
73,0.0,0.0,0.0,0.0,0.0,0.0,0.0,0.0,0.0,0.0,0.0,0.0,0.0,0.0,0.0,0.0,0.0,0.0,0.0,0.0,0.0,0.0,0.0,0.0,-0.24440381150339618,1.8103640652196376,2.887622523338429,2.996627008158015,2.7173148020585103,2.7295546607163743,2.243706699796263,2.3904028577045295,3.0710531672028907,4.601449418896138,4.5619579553760445,4.606677583470642,4.61630809022391,3.552713678800501e-15,3.552713678800501e-15,-3.552713678800501e-15,0.0,1.3322676295501878e-15,1.7763568394002505e-15,1.7763568394002505e-15,1.7763568394002505e-15,1.7763568394002505e-15,3.552713678800501e-15,3.552713678800501e-15,7.105427357601002e-15,7.105427357601002e-15,7.105427357601002e-15,7.105427357601002e-15,7.105427357601002e-15,7.105427357601002e-15,1.4210854715202004e-14,0.0,7.105427357601002e-15,3.552713678800501e-15,0.0,7.105427357601002e-15,7.105427357601002e-15,0.09269023029138168,0.6571490746990563,1.5852683827100975,2.419854568345521,4.870243648056132,4.968819386451273,3.9899340697321293,3.7800044237193475,5.095861108220774,5.108598044231073,5.091154626288798,1.3322676295501878e-15,0.0,-4.218847493575595e-15,-4.440892098500626e-15,-4.440892098500626e-15,-1.0658141036401503e-14,1.7763568394002505e-15,8.881784197001252e-15,1.7763568394002505e-15,0.0,-3.2482296330775426,-2.016969119138878,-1.230710036939115,-0.20875193841064288,0.494043380397045,0.49404859112364363,1.9508104083966913,2.6436377442765746,2.207145801113086,2.498852431676397,2.119736689412832,0.6933432214338779,0.4923376344818564,0.30866627424779836,3.3409174334422502,4.3790632441487105,4.447336510153889,1.8866932690850575,1.7231115919309303,1.866117683203683,4.05551765561421,4.2942897574426695,-0.8018971016170582,-2.0612946804293344,-3.1904200820001307,-7.985168583353953,0.0,-3.552713678800501e-15,0.5095235717291047,0.5889124834366868,0.5122851506828283,-0.365600240484099,-1.0707583652665846,-0.5907606543719339,-0.16856731597943053,1.9942703275079623,-0.7137621500168763,0.08653136169957065,0.05925134681972821,2.156290920977696,2.842691551222387,3.5088704279849026,4.324442220455268,4.755356376267798,5.021805678414097,7.105427357601002e-15,0.0,7.105427357601002e-15,0.0,0.0,0.0,-7.105427357601002e-15,-7.105427357601002e-15,0.8724514293897698,0.9152881199764238,0.0,-2.752829915086366,-3.2324584440001303,-1.4814417436178218,-0.23830550518361804,-0.44808369137020065,-0.6851173134052999,-1.400965118618771,0.0,0.0,0.0,0.0,0.0,0.0,0.0,0.0,0.0,0.0,0.0,0.0,0.0,0.0,0.0,0.0,-0.48389992417112637,0.0,0.0,-0.2729874726773289,-0.9977994491815849,-0.9087016395809115,-0.9223079885520349,-3.6381669899650433,-2.9356446523993895,-2.9511271002949115,1.8858816079617213,1.9958546548480456,1.1312033184437666,3.2393593912972847,3.2999793150155483,0.0,0.0,0.0,0.0,0.0,0.0,0.0,0.0,0.0,0.0,0.0,0.0,0.0,0.0,0.0,0.0,0.0,0.0,0.0,0.0,0.0,0.0,0.0,0.0,0.0,0.0
74,0.0,0.0,0.0,0.0,0.0,0.0,0.0,0.0,0.0,0.0,0.0,0.0,0.0,0.0,-1.4210854715202004e-14,-1.4210854715202004e-14,-1.4210854715202004e-14,-7.105427357601002e-15,-7.105427357601002e-15,-7.105427357601002e-15,-7.105427357601002e-15,-7.105427357601002e-15,-7.105427357601002e-15,-7.105427357601002e-15,-0.2444038115034033,1.8103640652196304,2.887622523338422,2.9966270081580006,2.717314802058496,2.72955466071636,2.2437066997962347,2.390402857704501,3.0710531672028623,4.6014494188961095,4.561957955376016,4.6066775834706135,4.616308090223882,0.0,0.0,-5.329070518200751e-15,-3.552713678800501e-15,-3.552713678800501e-15,-3.552713678800501e-15,-3.552713678800501e-15,-3.552713678800501e-15,-3.552713678800501e-15,-7.105427357601002e-15,-1.0658141036401503e-14,-7.105427357601002e-15,-7.105427357601002e-15,-7.105427357601002e-15,-7.105427357601002e-15,-7.105427357601002e-15,-7.105427357601002e-15,0.0,-3.552713678800501e-15,3.552713678800501e-15,0.0,-7.105427357601002e-15,0.0,0.0,0.09269023029138168,0.6571490746990563,1.5852683827100975,2.419854568345521,4.870243648056132,4.968819386451273,3.9899340697321293,3.7800044237193475,5.095861108220774,5.108598044231073,5.091154626288798,-3.1086244689504383e-15,-4.218847493575595e-15,0.0,0.0,0.0,-5.329070518200751e-15,-3.552713678800501e-15,3.552713678800501e-15,0.0,-1.4210854715202004e-14,-3.248229633077557,-2.016969119138892,-1.2307100369391293,-0.2087519384106571,0.4940433803970308,0.4940485911236294,1.950810408396677,2.6436377442765604,2.2071458011130574,2.4988524316763687,2.119736689412804,0.6933432214338495,0.492337634481828,0.30866627424776993,3.3409174334422573,4.379063244148725,4.447336510153903,1.8866932690850575,1.7231115919309303,1.866117683203683,4.055517655614182,4.294289757442641,-0.8018971016170653,-2.0612946804293415,-3.190420082000138,-7.985168583353953,-3.552713678800501e-15,-7.105427357601002e-15,0.5095235717290905,0.5889124834366726,0.5122851506828141,-0.3656002404841132,-1.0707583652665988,-0.5907606543719623,-0.16856731597945895,1.9942703275079339,-0.7137621500168834,0.08653136169956355,0.05925134681972111,2.156290920977682,2.842691551222373,3.508870427984874,4.324442220455239,4.75535637626777,5.0218056784140686,0.0,-7.105427357601002e-15,0.0,-7.105427357601002e-15,-7.105427357601002e-15,-7.105427357601002e-15,-1.4210854715202004e-14,-1.4210854715202004e-14,0.8724514293897556,0.9152881199764096,-7.105427357601002e-15,-2.75282991508638,-3.2324584440001445,-1.481441743617836,-0.23830550518363225,-0.44808369137021486,-0.6851173134053141,-1.4009651186187853,-1.4210854715202004e-14,-1.4210854715202004e-14,-1.4210854715202004e-14,-1.4210854715202004e-14,0.0,0.0,0.0,0.0,0.0,0.0,0.0,0.0,0.0,0.0,0.0,0.0,-0.4838999241711406,0.0,0.0,-0.2729874726773289,-0.9977994491815849,-0.9087016395809115,-0.9223079885520349,-3.6381669899650433,-2.9356446523993895,-2.9511271002949115,1.8858816079617213,1.9958546548480456,1.1312033184437666,3.2393593912972705,3.2999793150155483,0.0,0.0,0.0,0.0,0.0,0.0,0.0,0.0,0.0,0.0,0.0,0.0,0.0,0.0,0.0,0.0,0.0,0.0,0.0,0.0,0.0,0.0,0.0,0.0,0.0,0.0
75,0.0,0.0,0.0,0.0,0.0,0.0,0.0,0.0,0.0,0.0,0.0,0.0,0.0,0.0,0.0,0.0,0.0,0.0,0.0,0.0,0.0,0.0,0.0,0.0,-0.24440381150339618,1.8103640652196376,2.887622523338422,2.9966270081580006,2.717314802058496,2.72955466071636,2.243706699796249,2.3904028577045153,3.0710531672028765,4.601449418896124,4.56195795537603,4.606677583470628,4.616308090223896,0.0,0.0,-7.105427357601002e-15,-3.552713678800501e-15,-3.552713678800501e-15,-3.552713678800501e-15,-3.552713678800501e-15,0.0,0.0,0.0,-3.552713678800501e-15,0.0,0.0,0.0,0.0,0.0,0.0,7.105427357601002e-15,0.0,7.105427357601002e-15,7.105427357601002e-15,-3.552713678800501e-15,3.552713678800501e-15,3.552713678800501e-15,0.09269023029138879,0.6571490746990634,1.5852683827101046,2.419854568345528,4.870243648056146,4.968819386451287,3.9899340697321435,3.7800044237193617,5.095861108220788,5.108598044231087,5.091154626288812,-3.552713678800501e-15,-4.440892098500626e-15,0.0,0.0,0.0,-5.329070518200751e-15,-3.552713678800501e-15,1.7763568394002505e-15,-3.552713678800501e-15,0.0,-3.2482296330775426,-2.016969119138878,-1.230710036939115,-0.20875193841064288,0.494043380397045,0.49404859112364363,1.9508104083966913,2.6436377442765604,2.2071458011130574,2.4988524316763687,2.119736689412804,0.6933432214338495,0.492337634481828,0.30866627424776993,3.3409174334422573,4.379063244148725,4.447336510153903,1.8866932690850575,1.7231115919309303,1.866117683203683,4.055517655614182,4.294289757442641,-0.8018971016170582,-2.0612946804293344,-3.1904200820001307,-7.9851685833539605,-7.105427357601002e-15,-1.0658141036401503e-14,0.5095235717291047,0.5889124834366868,0.5122851506828283,-0.365600240484099,-1.0707583652665846,-0.5907606543719339,-0.16856731597943053,1.9942703275079623,-0.7137621500168763,0.08653136169957065,0.05925134681972821,2.156290920977696,2.8426915512224014,3.5088704279849026,4.324442220455268,4.755356376267798,5.021805678414097,7.105427357601002e-15,0.0,7.105427357601002e-15,0.0,0.0,0.0,-7.105427357601002e-15,-7.105427357601002e-15,0.8724514293897698,0.9152881199764238,0.0,-2.752829915086366,-3.2324584440001303,-1.4814417436178218,-0.23830550518361804,-0.44808369137020065,-0.6851173134052999,-1.400965118618771,0.0,0.0,0.0,0.0,0.0,0.0,0.0,0.0,0.0,0.0,0.0,0.0,0.0,0.0,0.0,0.0,-0.48389992417112637,0.0,0.0,-0.2729874726773289,-0.9977994491815707,-0.9087016395808973,-0.9223079885520349,-3.638166989965015,-2.9356446523993327,-2.9511271002948547,1.8858816079617213,1.9958546548480456,1.1312033184437666,3.2393593912972563,3.29997931501552,0.0,0.0,0.0,0.0,0.0,0.0,0.0,0.0,0.0,0.0,0.0,0.0,0.0,0.0,0.0,0.0,0.0,0.0,0.0,0.0,0.0,0.0,0.0,0.0,0.0,0.0
76,0.0,0.0,0.0,0.0,0.0,0.0,0.0,0.0,0.0,0.0,0.0,0.0,0.0,0.0,-1.4210854715202004e-14,-1.4210854715202004e-14,-1.4210854715202004e-14,-7.105427357601002e-15,-7.105427357601002e-15,-7.105427357601002e-15,-7.105427357601002e-15,-7.105427357601002e-15,-7.105427357601002e-15,-7.105427357601002e-15,-0.2444038115034033,1.8103640652196304,2.8876225233384076,2.9966270081579864,2.717314802058482,2.729554660716346,2.2437066997962347,2.390402857704501,3.0710531672028623,4.6014494188961095,4.561957955376016,4.6066775834706135,4.616308090223882,0.0,0.0,-7.105427357601002e-15,-3.552713678800501e-15,-1.7763568394002505e-15,-3.552713678800501e-15,-3.552713678800501e-15,0.0,0.0,0.0,-3.552713678800501e-15,0.0,0.0,0.0,0.0,0.0,0.0,7.105427357601002e-15,0.0,7.105427357601002e-15,7.105427357601002e-15,-3.552713678800501e-15,3.552713678800501e-15,3.552713678800501e-15,0.09269023029138168,0.6571490746990563,1.5852683827100975,2.4198545683455137,4.870243648056132,4.968819386451273,3.9899340697321293,3.7800044237193475,5.095861108220774,5.108598044231073,5.091154626288798,-1.7763568394002505e-15,-4.440892098500626e-15,0.0,0.0,0.0,-5.329070518200751e-15,-1.7763568394002505e-15,7.105427357601002e-15,3.552713678800501e-15,-1.4210854715202004e-14,-3.248229633077557,-2.016969119138892,-1.2307100369391293,-0.2087519384106571,0.4940433803970308,0.4940485911236294,1.950810408396677,2.6436377442765604,2.2071458011130574,2.4988524316763687,2.119736689412804,0.6933432214338495,0.492337634481828,0.30866627424776993,3.3409174334422573,4.379063244148725,4.447336510153903,1.8866932690850575,1.7231115919309303,1.866117683203683,4.055517655614182,4.294289757442641,-0.8018971016170653,-2.0612946804293415,-3.190420082000138,-7.985168583353953,-7.105427357601002e-15,-1.0658141036401503e-14,0.5095235717290905,0.5889124834366726,0.5122851506828141,-0.3656002404841132,-1.0707583652665846,-0.5907606543719339,-0.16856731597943053,1.9942703275079623,-0.7137621500168834,0.08653136169956355,0.05925134681972111,2.156290920977682,2.842691551222373,3.508870427984874,4.324442220455239,4.75535637626777,5.0218056784140686,0.0,-7.105427357601002e-15,0.0,-7.105427357601002e-15,-7.105427357601002e-15,-7.105427357601002e-15,-1.4210854715202004e-14,-1.4210854715202004e-14,0.8724514293897556,0.9152881199764096,-7.105427357601002e-15,-2.75282991508638,-3.2324584440001445,-1.481441743617836,-0.23830550518363225,-0.44808369137021486,-0.6851173134053141,-1.4009651186187853,-1.4210854715202004e-14,-1.4210854715202004e-14,-1.4210854715202004e-14,-1.4210854715202004e-14,0.0,0.0,0.0,0.0,0.0,0.0,0.0,0.0,0.0,0.0,0.0,0.0,-0.4838999241711406,0.0,0.0,-0.2729874726773289,-0.9977994491815707,-0.9087016395808973,-0.9223079885520349,-3.6381669899650433,-2.9356446523993895,-2.9511271002949115,1.8858816079617213,1.9958546548480456,1.1312033184437666,3.2393593912972847,3.2999793150155483,0.0,0.0,0.0,0.0,0.0,0.0,0.0,0.0,0.0,0.0,0.0,0.0,0.0,0.0,0.0,0.0,0.0,0.0,0.0,0.0,0.0,0.0,0.0,0.0,0.0,0.0
77,-2.842170943040401e-14,-2.842170943040401e-14,-2.842170943040401e-14,-2.842170943040401e-14,-2.842170943040401e-14,-2.842170943040401e-14,-2.842170943040401e-14,-2.842170943040401e-14,-2.842170943040401e-14,-2.842170943040401e-14,-2.842170943040401e-14,-2.842170943040401e-14,-2.842170943040401e-14,-2.842170943040401e-14,-1.4210854715202004e-14,-1.4210854715202004e-14,-1.4210854715202004e-14,-1.4210854715202004e-14,-1.4210854715202004e-14,-1.4210854715202004e-14,-1.4210854715202004e-14,-1.4210854715202004e-14,-1.4210854715202004e-14,-1.4210854715202004e-14,-0.2444038115034104,1.8103640652196162,2.8876225233383934,2.9966270081579722,2.7173148020584676,2.7295546607163317,2.2437066997962063,2.3904028577044727,3.071053167202834,4.601449418896081,4.561957955375988,4.606677583470585,4.616308090223853,-7.105427357601002e-15,-3.552713678800501e-15,-1.0658141036401503e-14,-7.105427357601002e-15,-7.105427357601002e-15,-7.105427357601002e-15,-7.105427357601002e-15,-3.552713678800501e-15,-3.552713678800501e-15,-7.105427357601002e-15,-1.4210854715202004e-14,-7.105427357601002e-15,-7.105427357601002e-15,-7.105427357601002e-15,-7.105427357601002e-15,-7.105427357601002e-15,-7.105427357601002e-15,0.0,-3.552713678800501e-15,7.105427357601002e-15,7.105427357601002e-15,-1.0658141036401503e-14,-3.552713678800501e-15,0.0,0.09269023029137458,0.6571490746990492,1.5852683827100975,2.4198545683455137,4.870243648056132,4.968819386451273,3.9899340697321293,3.7800044237193475,5.095861108220774,5.108598044231073,5.091154626288798,-7.105427357601002e-15,-8.881784197001252e-15,-5.329070518200751e-15,-5.329070518200751e-15,-5.329070518200751e-15,0.0,-7.105427357601002e-15,-3.552713678800501e-15,-7.105427357601002e-15,-1.4210854715202004e-14,-3.248229633077557,-2.016969119138892,-1.2307100369391293,-0.2087519384106571,0.4940433803970308,0.4940485911236294,1.950810408396677,2.6436377442765604,2.2071458011130574,2.4988524316763687,2.119736689412804,0.6933432214338495,0.492337634481828,0.30866627424776993,3.340917433442243,4.3790632441487105,4.447336510153889,1.8866932690850433,1.7231115919309161,1.8661176832036688,4.055517655614182,4.294289757442641,-0.8018971016170724,-2.0612946804293486,-3.190420082000145,-7.985168583353968,-7.105427357601002e-15,-1.0658141036401503e-14,0.5095235717290905,0.5889124834366726,0.5122851506828141,-0.365600240484099,-1.0707583652665562,-0.5907606543719055,-0.1685673159794021,1.9942703275079907,-0.7137621500168905,0.08653136169954223,0.059251346819706896,2.156290920977682,2.842691551222373,3.508870427984874,4.324442220455239,4.75535637626777,5.0218056784140686,-7.105427357601002e-15,-1.4210854715202004e-14,-7.105427357601002e-15,-1.4210854715202004e-14,-1.4210854715202004e-14,-1.4210854715202004e-14,-2.1316282072803006e-14,-2.1316282072803006e-14,0.8724514293897556,0.9152881199764096,-1.4210854715202004e-14,-2.75282991508638,-3.2324584440001445,-1.481441743617836,-0.23830550518363225,-0.44808369137021486,-0.6851173134053141,-1.4009651186187853,-1.4210854715202004e-14,-1.4210854715202004e-14,-1.4210854715202004e-14,-1.4210854715202004e-14,-2.842170943040401e-14,-2.842170943040401e-14,-2.842170943040401e-14,-2.842170943040401e-14,-2.842170943040401e-14,-2.842170943040401e-14,-2.842170943040401e-14,-2.842170943040401e-14,-2.842170943040401e-14,-2.842170943040401e-14,0.0,0.0,-0.48389992417112637,-2.842170943040401e-14,-2.842170943040401e-14,-0.27298747267735735,-0.9977994491815991,-0.9087016395809258,-0.9223079885520633,-3.6381669899650433,-2.9356446523993895,-2.9511271002949115,1.885881607961693,1.9958546548480172,1.1312033184437382,3.239359391297228,3.2999793150154915,-2.842170943040401e-14,-2.842170943040401e-14,-2.842170943040401e-14,-2.842170943040401e-14,-2.842170943040401e-14,-2.842170943040401e-14,-2.842170943040401e-14,-2.842170943040401e-14,-2.842170943040401e-14,-2.842170943040401e-14,-2.842170943040401e-14,-2.842170943040401e-14,-2.842170943040401e-14,-2.842170943040401e-14,-2.842170943040401e-14,-2.842170943040401e-14,-2.842170943040401e-14,-2.842170943040401e-14,-2.842170943040401e-14,-2.842170943040401e-14,-2.842170943040401e-14,-2.842170943040401e-14,-2.842170943040401e-14,-2.842170943040401e-14,-2.842170943040401e-14,-2.842170943040401e-14
78,0.0,0.0,0.0,0.0,0.0,0.0,0.0,0.0,0.0,0.0,0.0,0.0,0.0,0.0,0.0,0.0,0.0,0.0,0.0,0.0,0.0,0.0,0.0,0.0,-0.24440381150339618,1.8103640652196376,2.887622523338422,2.9966270081580006,2.717314802058496,2.72955466071636,2.2437066997962347,2.390402857704501,3.0710531672028623,4.6014494188961095,4.561957955376016,4.6066775834706135,4.616308090223882,3.552713678800501e-15,3.552713678800501e-15,-1.7763568394002505e-15,0.0,0.0,0.0,1.7763568394002505e-15,1.7763568394002505e-15,1.7763568394002505e-15,0.0,-3.552713678800501e-15,0.0,0.0,0.0,0.0,0.0,0.0,7.105427357601002e-15,3.552713678800501e-15,1.0658141036401503e-14,7.105427357601002e-15,-1.7763568394002505e-15,5.329070518200751e-15,3.552713678800501e-15,0.09269023029138879,0.6571490746990634,1.5852683827101046,2.419854568345535,4.870243648056146,4.968819386451287,3.9899340697321435,3.7800044237193617,5.095861108220788,5.108598044231087,5.091154626288812,0.0,1.7763568394002505e-15,-2.6645352591003757e-15,-3.552713678800501e-15,-3.552713678800501e-15,-8.881784197001252e-15,0.0,6.217248937900877e-15,0.0,0.0,-3.2482296330775426,-2.016969119138878,-1.230710036939115,-0.20875193841064288,0.494043380397045,0.49404859112364363,1.9508104083966913,2.6436377442765604,2.2071458011130574,2.4988524316763687,2.119736689412804,0.6933432214338495,0.492337634481828,0.30866627424776993,3.3409174334422573,4.379063244148725,4.447336510153903,1.8866932690850646,1.7231115919309374,1.8661176832036972,4.055517655614182,4.294289757442641,-0.8018971016170582,-2.0612946804293344,-3.1904200820001307,-7.985168583353946,0.0,-3.552713678800501e-15,0.5095235717291047,0.5889124834366868,0.5122851506828283,-0.365600240484099,-1.0707583652665846,-0.5907606543719623,-0.16856731597945895,1.9942703275079339,-0.7137621500168763,0.08653136169957065,0.05925134681972821,2.1562909209777104,2.8426915512224014,3.5088704279849026,4.324442220455268,4.755356376267798,5.021805678414097,7.105427357601002e-15,0.0,7.105427357601002e-15,0.0,0.0,0.0,-7.105427357601002e-15,-7.105427357601002e-15,0.8724514293897698,0.9152881199764238,0.0,-2.752829915086366,-3.2324584440001303,-1.4814417436178218,-0.23830550518361804,-0.44808369137020065,-0.6851173134052999,-1.400965118618771,0.0,0.0,0.0,0.0,0.0,0.0,0.0,0.0,0.0,0.0,0.0,0.0,0.0,0.0,0.0,0.0,-0.48389992417111216,0.0,0.0,-0.2729874726773289,-0.9977994491815849,-0.9087016395809115,-0.9223079885520349,-3.638166989965015,-2.9356446523993327,-2.9511271002948547,1.8858816079617213,1.9958546548480456,1.1312033184437666,3.2393593912972847,3.2999793150155483,0.0,0.0,0.0,0.0,0.0,0.0,0.0,0.0,0.0,0.0,0.0,0.0,0.0,0.0,0.0,0.0,0.0,0.0,0.0,0.0,0.0,0.0,0.0,0.0,0.0,0.0
79,2.842170943040401e-14,2.842170943040401e-14,2.842170943040401e-14,2.842170943040401e-14,2.842170943040401e-14,2.842170943040401e-14,2.842170943040401e-14,2.842170943040401e-14,2.842170943040401e-14,2.842170943040401e-14,2.842170943040401e-14,2.842170943040401e-14,2.842170943040401e-14,2.842170943040401e-14,1.4210854715202004e-14,1.4210854715202004e-14,1.4210854715202004e-14,7.105427357601002e-15,7.105427357601002e-15,7.105427357601002e-15,7.105427357601002e-15,7.105427357601002e-15,7.105427357601002e-15,7.105427357601002e-15,-0.24440381150338908,1.8103640652196447,2.887622523338422,2.9966270081580006,2.717314802058496,2.72955466071636,2.243706699796249,2.3904028577045153,3.0710531672028765,4.601449418896124,4.56195795537603,4.606677583470628,4.616308090223896,1.0658141036401503e-14,1.0658141036401503e-14,3.552713678800501e-15,7.105427357601002e-15,6.217248937900877e-15,7.105427357601002e-15,7.105427357601002e-15,7.105427357601002e-15,7.105427357601002e-15,7.105427357601002e-15,3.552713678800501e-15,7.105427357601002e-15,7.105427357601002e-15,7.105427357601002e-15,7.105427357601002e-15,7.105427357601002e-15,7.105427357601002e-15,1.4210854715202004e-14,7.105427357601002e-15,1.4210854715202004e-14,1.0658141036401503e-14,5.329070518200751e-15,1.4210854715202004e-14,1.4210854715202004e-14,0.09269023029138879,0.6571490746990634,1.5852683827101046,2.419854568345535,4.870243648056146,4.968819386451287,3.9899340697321435,3.7800044237193617,5.095861108220788,5.108598044231087,5.091154626288812,6.217248937900877e-15,8.881784197001252e-15,5.329070518200751e-15,5.329070518200751e-15,7.105427357601002e-15,3.552713678800501e-15,6.217248937900877e-15,0.0,-6.217248937900877e-15,1.4210854715202004e-14,-3.2482296330775284,-2.0169691191388637,-1.2307100369391009,-0.20875193841062867,0.4940433803970592,0.49404859112365784,1.9508104083967055,2.643637744276589,2.207145801113086,2.498852431676397,2.119736689412832,0.6933432214338779,0.4923376344818564,0.30866627424779836,3.3409174334422573,4.379063244148725,4.447336510153903,1.8866932690850717,1.7231115919309445,1.8661176832036972,4.05551765561421,4.2942897574426695,-0.8018971016170511,-2.0612946804293273,-3.1904200820001236,-7.985168583353946,7.105427357601002e-15,3.552713678800501e-15,0.5095235717291189,0.588912483436701,0.5122851506828425,-0.3656002404840848,-1.0707583652665704,-0.5907606543719339,-0.16856731597943053,1.9942703275079623,-0.7137621500168692,0.08653136169957776,0.05925134681973532,2.1562909209777104,2.8426915512224014,3.5088704279849026,4.324442220455268,4.755356376267798,5.021805678414097,1.4210854715202004e-14,7.105427357601002e-15,1.4210854715202004e-14,7.105427357601002e-15,7.105427357601002e-15,7.105427357601002e-15,0.0,0.0,0.872451429389784,0.915288119976438,7.105427357601002e-15,-2.7528299150863518,-3.232458444000116,-1.4814417436178076,-0.23830550518360383,-0.44808369137018644,-0.6851173134052857,-1.4009651186187568,1.4210854715202004e-14,1.4210854715202004e-14,1.4210854715202004e-14,1.4210854715202004e-14,2.842170943040401e-14,2.842170943040401e-14,2.842170943040401e-14,2.842170943040401e-14,2.842170943040401e-14,2.842170943040401e-14,2.842170943040401e-14,2.842170943040401e-14,2.842170943040401e-14,2.842170943040401e-14,5.684341886080802e-14,5.684341886080802e-14,-0.48389992417111216,2.842170943040401e-14,2.842170943040401e-14,-0.2729874726773005,-0.9977994491815565,-0.9087016395808973,-0.9223079885520349,-3.6381669899650433,-2.9356446523993895,-2.9511271002949115,1.8858816079617213,1.9958546548480456,1.131203318443795,3.239359391297299,3.2999793150155767,2.842170943040401e-14,2.842170943040401e-14,2.842170943040401e-14,2.842170943040401e-14,2.842170943040401e-14,2.842170943040401e-14,2.842170943040401e-14,2.842170943040401e-14,2.842170943040401e-14,2.842170943040401e-14,2.842170943040401e-14,2.842170943040401e-14,2.842170943040401e-14,2.842170943040401e-14,2.842170943040401e-14,2.842170943040401e-14,2.842170943040401e-14,2.842170943040401e-14,2.842170943040401e-14,2.842170943040401e-14,2.842170943040401e-14,2.842170943040401e-14,2.842170943040401e-14,2.842170943040401e-14,2.842170943040401e-14,2.842170943040401e-14
80,-2.842170943040401e-14,-2.842170943040401e-14,-2.842170943040401e-14,-2.842170943040401e-14,-2.842170943040401e-14,-2.842170943040401e-14,-2.842170943040401e-14,-2.842170943040401e-14,-2.842170943040401e-14,-2.842170943040401e-14,-2.842170943040401e-14,-2.842170943040401e-14,-2.842170943040401e-14,-2.842170943040401e-14,-1.4210854715202004e-14,-1.4210854715202004e-14,-1.4210854715202004e-14,-7.105427357601002e-15,-7.105427357601002e-15,-7.105427357601002e-15,-7.105427357601002e-15,-7.105427357601002e-15,-7.105427357601002e-15,-7.105427357601002e-15,-0.2444038115034033,1.8103640652196304,2.8876225233384076,2.9966270081579864,2.717314802058482,2.729554660716346,2.2437066997962205,2.390402857704487,3.071053167202848,4.601449418896095,4.561957955376002,4.606677583470599,4.616308090223868,0.0,3.552713678800501e-15,-3.552713678800501e-15,0.0,0.0,0.0,0.0,3.552713678800501e-15,3.552713678800501e-15,0.0,-7.105427357601002e-15,0.0,0.0,0.0,0.0,0.0,0.0,7.105427357601002e-15,3.552713678800501e-15,1.0658141036401503e-14,7.105427357601002e-15,-3.552713678800501e-15,3.552713678800501e-15,0.0,0.09269023029138168,0.6571490746990563,1.5852683827100975,2.4198545683455137,4.870243648056132,4.968819386451273,3.9899340697321293,3.7800044237193475,5.095861108220774,5.108598044231073,5.091154626288798,0.0,1.7763568394002505e-15,-3.552713678800501e-15,-7.105427357601002e-15,-7.105427357601002e-15,-1.0658141036401503e-14,0.0,-6.217248937900877e-15,0.0,-1.4210854715202004e-14,-3.248229633077557,-2.016969119138892,-1.2307100369391293,-0.2087519384106571,0.4940433803970308,0.4940485911236294,1.950810408396677,2.6436377442765604,2.2071458011130574,2.4988524316763687,2.119736689412804,0.6933432214338495,0.492337634481828,0.30866627424776993,3.3409174334422573,4.379063244148725,4.447336510153903,1.8866932690850575,1.7231115919309303,1.866117683203683,4.055517655614182,4.294289757442641,-0.8018971016170653,-2.0612946804293415,-3.190420082000138,-7.985168583353968,0.0,-3.552713678800501e-15,0.5095235717290905,0.5889124834366726,0.5122851506828141,-0.365600240484099,-1.0707583652665562,-0.5907606543719055,-0.1685673159794021,1.9942703275079907,-0.7137621500168834,0.08653136169956355,0.05925134681972111,2.156290920977682,2.842691551222373,3.508870427984874,4.324442220455239,4.75535637626777,5.0218056784140686,0.0,-7.105427357601002e-15,0.0,-7.105427357601002e-15,-7.105427357601002e-15,-7.105427357601002e-15,-1.4210854715202004e-14,-1.4210854715202004e-14,0.8724514293897556,0.9152881199764096,-7.105427357601002e-15,-2.75282991508638,-3.2324584440001445,-1.481441743617836,-0.23830550518363225,-0.44808369137021486,-0.6851173134053141,-1.4009651186187853,-1.4210854715202004e-14,-1.4210854715202004e-14,-1.4210854715202004e-14,-1.4210854715202004e-14,-2.842170943040401e-14,-2.842170943040401e-14,-2.842170943040401e-14,-2.842170943040401e-14,-2.842170943040401e-14,-2.842170943040401e-14,-2.842170943040401e-14,-2.842170943040401e-14,-2.842170943040401e-14,-2.842170943040401e-14,-5.684341886080802e-14,-5.684341886080802e-14,-0.48389992417112637,-2.842170943040401e-14,-2.842170943040401e-14,-0.27298747267735735,-0.9977994491815991,-0.9087016395809258,-0.9223079885520633,-3.6381669899650717,-2.9356446523993895,-2.9511271002949115,1.885881607961693,1.9958546548480172,1.1312033184437382,3.2393593912972563,3.29997931501552,-2.842170943040401e-14,-2.842170943040401e-14,-2.842170943040401e-14,-2.842170943040401e-14,-2.842170943040401e-14,-2.842170943040401e-14,-2.842170943040401e-14,-2.842170943040401e-14,-2.842170943040401e-14,-2.842170943040401e-14,-2.842170943040401e-14,-2.842170943040401e-14,-2.842170943040401e-14,-2.842170943040401e-14,-5.684341886080802e-14,-2.842170943040401e-14,-2.842170943040401e-14,-2.842170943040401e-14,-2.842170943040401e-14,-2.842170943040401e-14,-2.842170943040401e-14,-2.842170943040401e-14,-2.842170943040401e-14,-2.842170943040401e-14,-2.842170943040401e-14,-2.842170943040401e-14
81,0.0,0.0,0.0,0.0,0.0,0.0,0.0,0.0,0.0,0.0,0.0,0.0,0.0,0.0,0.0,0.0,0.0,0.0,0.0,0.0,0.0,0.0,0.0,0.0,-0.24440381150339618,1.8103640652196447,2.887622523338422,2.9966270081580006,2.717314802058496,2.72955466071636,2.2437066997962347,2.390402857704501,3.0710531672028623,4.6014494188961095,4.561957955376016,4.6066775834706135,4.616308090223882,0.0,0.0,0.0,0.0,0.0,0.0,0.0,0.0,0.0,0.0,0.0,1.4210854715202004e-14,0.0,0.0,0.0,0.0,0.0,1.4210854715202004e-14,0.0,1.4210854715202004e-14,1.4210854715202004e-14,0.0,0.0,0.0,0.09269023029138168,0.6571490746990634,1.5852683827101117,2.419854568345528,4.870243648056146,4.968819386451287,3.9899340697321435,3.7800044237193617,5.095861108220788,5.108598044231087,5.091154626288812,0.0,0.0,0.0,0.0,0.0,0.0,0.0,0.0,0.0,0.0,-3.248229633077539,-2.016969119138871,-1.2307100369391115,-0.20875193841063933,0.4940433803970592,0.49404859112366495,1.9508104083967055,2.6436377442765746,2.2071458011130787,2.4988524316764114,2.1197366894128393,0.6933432214338922,0.4923376344818564,0.30866627424781257,3.3409174334422573,4.379063244148725,4.447336510153903,1.8866932690850717,1.7231115919309445,1.8661176832036972,4.05551765561421,4.2942897574426695,-0.8018971016170582,-2.0612946804293273,-3.1904200820001307,-7.985168583353953,0.0,0.0,0.5095235717291331,0.588912483436701,0.5122851506828354,-0.3656002404840848,-1.0707583652665633,-0.5907606543719339,-0.16856731597941632,1.9942703275079765,-0.7137621500168763,0.08653136169957065,0.05925134681973532,2.1562909209777246,2.8426915512224227,3.508870427984938,4.324442220455325,4.755356376267855,5.02180567841414,7.105427357601002e-15,0.0,7.105427357601002e-15,0.0,0.0,0.0,-7.105427357601002e-15,-7.105427357601002e-15,0.8724514293897769,0.9152881199764167,0.0,-2.7528299150863553,-3.2324584440001196,-1.4814417436178111,-0.23830550518361093,-0.4480836913702042,-0.685117313405307,-1.4009651186187781,0.0,0.0,0.0,0.0,0.0,0.0,0.0,0.0,0.0,0.0,0.0,0.0,0.0,0.0,0.0,0.0,-0.4838999241711228,0.0,0.0,-0.2729874726773289,-0.9977994491815849,-0.9087016395809187,-0.9223079885520349,-3.638166989965029,-2.935644652399347,-2.951127100294869,1.8858816079617213,1.9958546548480456,1.1312033184437738,3.239359391297292,3.2999793150155483,0.0,0.0,0.0,0.0,0.0,0.0,0.0,0.0,0.0,0.0,0.0,0.0,0.0,0.0,0.0,0.0,0.0,0.0,0.0,0.0,0.0,0.0,0.0,0.0,0.0,0.0
82,-3.2482296330775426,-3.2482296330775426,-3.2482296330775426,-3.2482296330775426,-3.2482296330775426,-3.2482296330775426,-3.2482296330775426,-3.2482296330775426,-3.2482296330775426,-3.2482296330775426,-3.2482296330775426,-3.2482296330775426,-3.2482296330775426,-3.2482296330775426,-3.2482296330775426,-3.248229633077539,-3.248229633077539,-3.2482296330775426,-3.2482296330775426,-3.2482296330775426,-3.2482296330775426,-3.2482296330775426,-3.2482296330775355,-3.2482296330775426,-3.4926334445809317,-1.437865567857898,-0.3606071097391208,-0.251602624919542,-0.5309148310190466,-0.5186749723611825,-1.004522933281308,-0.8578267753730415,-0.1771764658746804,1.3532197858185668,1.3137283222984735,1.3584479503930709,1.3680784571463391,-3.2482296330775426,-3.248229633077557,-3.248229633077557,-3.248229633077557,-3.248229633077557,-3.248229633077557,-3.248229633077557,-3.248229633077557,-3.248229633077557,-3.248229633077557,-3.248229633077557,-3.2482296330775426,-3.248229633077557,-3.248229633077557,-3.248229633077557,-3.248229633077557,-3.248229633077557,-3.2482296330775426,-3.248229633077557,-3.2482296330775426,-3.2482296330775426,-3.248229633077557,-3.248229633077557,-3.248229633077557,-3.155539402786161,-2.5910805583784793,-1.662961250367431,-0.8283750647320147,1.6220140149786033,1.7205897533737442,0.7417044366546008,0.5317747906418191,1.8476314751432454,1.8603684111535443,1.8429249932112697,-3.248229633077557,-3.248229633077557,-3.248229633077557,-3.248229633077557,-3.248229633077557,-3.248229633077557,-3.248229633077557,-3.248229633077557,-3.248229633077557,-3.248229633077539,0.0,1.23126051393867,2.017519596138431,3.0394776946669033,3.7422730134745983,3.7422782242012076,5.199040041474248,5.891867377354117,5.455375434190621,5.747082064753954,5.367966322490382,3.941572854511435,3.740567267559406,3.5568959073253623,0.09268780036471469,1.130833611071182,1.1991068770763604,-1.361536363992471,-1.525118041146598,-1.3821119498738454,7.303747288691753,7.542519390520212,-4.050126734694601,-5.30952431350687,-6.438649715077673,-11.233398216431482,-3.248229633077557,-3.248229633077557,3.7577532048066686,3.83714211651424,3.7605147837603816,2.8826293925934614,2.1774712678109793,2.657468978705616,3.0796623170981334,5.242499960585526,-3.961991783094419,-3.161698271377972,-3.1889782862578073,5.404520554055267,6.090921184299965,6.757100061062481,7.572671853532867,8.003586009345398,8.270035311491682,-3.2482296330775284,-3.2482296330775426,-3.2482296330775284,-3.2482296330775284,-3.2482296330775284,-3.2482296330775284,-3.2482296330775497,-3.2482296330775497,4.120681062467316,4.163517753053963,-3.2482296330775426,0.49539971799118465,0.015771189077420367,1.7667878894597262,3.0099241278939264,-3.6963133244477433,-3.9333469464828497,-4.649194751696317,-3.248229633077539,-3.248229633077539,-3.2482296330775355,-3.248229633077532,-3.2482296330775426,-3.2482296330775426,-3.2482296330775355,-3.2482296330775284,-3.2482296330775284,-3.2482296330775284,-3.2482296330775284,-3.2482296330775284,-3.2482296330775284,-3.2482296330775284,-3.2482296330775284,-3.2482296330775284,-3.732129557248662,-3.2482296330775426,-3.2482296330775426,-3.5212171057548716,-4.246029082259128,-4.156931272658454,-4.1705376216295775,-6.886396623042572,-6.1838742854768896,-6.1993567333724116,-1.3623480251158213,-1.252374978229497,-2.117026314633776,-0.00887024178025797,0.051749681937991454,-3.2482296330775426,-3.2482296330775426,-3.2482296330775497,-3.2482296330775426,-3.2482296330775426,-3.2482296330775426,-3.2482296330775426,-3.2482296330775426,-3.2482296330775426,-3.2482296330775426,-3.2482296330775426,-3.2482296330775426,-3.2482296330775426,-3.2482296330775426,-3.2482296330775426,-3.2482296330775426,-3.2482296330775426,-3.2482296330775426,-3.2482296330775426,-3.2482296330775426,-3.2482296330775426,-3.2482296330775426,-3.2482296330775426,-3.2482296330775426,-3.2482296330775426,-3.2482296330775426
83,-2.0169691191388637,-2.0169691191388637,-2.0169691191388637,-2.0169691191388637,-2.0169691191388637,-2.0169691191388637,-2.0169691191388637,-2.0169691191388637,-2.0169691191388637,-2.0169691191388637,-2.016969119138871,-2.016969119138871,-2.016969119138871,-2.016969119138871,-2.016969119138871,-2.016969119138871,-2.016969119138871,-2.016969119138871,-2.016969119138871,-2.016969119138871,-2.016969119138871,-2.0169691191388637,-2.0169691191388637,-2.0169691191388637,-2.2613729306422528,-0.20660505391921902,0.8706534041995582,0.979657889019137,0.7003456829196324,0.7125855415774964,0.22673758065737104,0.37343373856563744,1.0540840480639986,2.584480299757246,2.5449888362371382,2.5897084643317214,2.599338971085018,-2.016969119138878,-2.016969119138892,-2.016969119138892,-2.016969119138892,-2.016969119138892,-2.016969119138892,-2.016969119138892,-2.016969119138892,-2.016969119138892,-2.016969119138892,-2.016969119138892,-2.016969119138878,-2.016969119138892,-2.016969119138892,-2.016969119138892,-2.016969119138892,-2.016969119138878,-2.0169691191388637,-2.016969119138892,-2.016969119138878,-2.016969119138878,-2.0169691191389063,-2.0169691191389063,-2.0169691191389063,-1.924278888847482,-1.3598200444398003,-0.43170073642875195,0.40288544920666425,2.8532745289172823,2.951850267312423,1.9729649505932798,1.763035304580498,3.0788919890819244,3.0916289250922233,3.0741855071499486,-2.016969119138892,-2.016969119138892,-2.016969119138892,-2.016969119138892,-2.016969119138878,-2.016969119138878,-2.016969119138892,-2.016969119138892,-2.016969119138892,-2.016969119138871,1.23126051393867,0.0,0.7862590821997602,1.8082171807282315,2.5110124995359264,2.5110177102625286,3.9677795275355727,4.660606863415438,4.224114920251942,4.515821550815275,4.136705808551703,2.710312340572763,2.5093067536207343,2.3256353933866905,1.3239483143033937,2.362094125009861,2.4303673910150394,-0.13027585005379194,-0.29385752720791913,-0.15085143593516648,6.072486774753074,6.311258876581533,-2.818866220755922,-4.078263799568191,-5.207389201138994,-10.002137702492803,-2.016969119138892,-2.016969119138892,2.5264926908679968,2.6058816025755682,2.529254269821706,1.6513688786547824,0.9462107538723004,1.4262084647669298,1.8484018031594474,4.01123944664684,-2.73073126915574,-1.930437757439293,-1.9577177723191284,4.173260040116588,4.859660670361279,5.525839547123795,6.341411339594181,6.772325495406712,7.038774797552996,-2.0169691191388637,-2.016969119138878,-2.0169691191388637,-2.0169691191388637,-2.0169691191388637,-2.0169691191388637,-2.0169691191388637,-2.0169691191388637,2.8894205485286406,2.9322572391152875,-2.016969119138871,1.7266602319298539,1.2470317030160896,2.998048403398398,4.2411846418326,-2.4650528105090785,-2.702086432544185,-3.4179342377576525,-2.016969119138871,-2.016969119138871,-2.016969119138871,-2.016969119138871,-2.016969119138871,-2.016969119138878,-2.016969119138878,-2.016969119138878,-2.016969119138878,-2.016969119138878,-2.016969119138878,-2.016969119138878,-2.016969119138878,-2.016969119138878,-2.016969119138878,-2.016969119138878,-2.5008690433099936,-2.0169691191388637,-2.0169691191388637,-2.2899565918161926,-3.0147685683204486,-2.925670758719775,-2.9392771076908986,-5.655136109103893,-4.952613771538211,-4.968096219433733,-0.13108751117714235,-0.02111446429081809,-0.885765800695097,1.222390272158421,1.2830101958766704,-2.016969119138871,-2.016969119138871,-2.0169691191388637,-2.016969119138878,-2.016969119138878,-2.016969119138878,-2.016969119138871,-2.016969119138878,-2.016969119138878,-2.016969119138878,-2.016969119138871,-2.0169691191388637,-2.016969119138871,-2.016969119138878,-2.016969119138878,-2.016969119138871,-2.016969119138871,-2.016969119138871,-2.016969119138871,-2.016969119138871,-2.016969119138871,-2.016969119138871,-2.016969119138871,-2.0169691191388637,-2.0169691191388637,-2.0169691191388637
84,-1.230710036939115,-1.230710036939115,-1.230710036939115,-1.230710036939115,-1.230710036939115,-1.230710036939115,-1.230710036939115,-1.230710036939115,-1.230710036939115,-1.230710036939115,-1.230710036939108,-1.2307100369391009,-1.2307100369391009,-1.2307100369391009,-1.2307100369391009,-1.230710036939108,-1.230710036939108,-1.2307100369391009,-1.2307100369391009,-1.2307100369391009,-1.2307100369391009,-1.2307100369391009,-1.2307100369391009,-1.2307100369391009,-1.47511384844249,0.5796540282805438,1.656912486399321,1.7659169712188998,1.4866047651193952,1.4988446237772592,1.0129966628571339,1.1596928207654003,1.8403431302637614,3.3707393819570086,3.331247918436901,3.3759675465314842,3.385598053284781,-1.230710036939115,-1.2307100369391293,-1.2307100369391293,-1.2307100369391293,-1.2307100369391293,-1.2307100369391293,-1.2307100369391293,-1.2307100369391293,-1.2307100369391293,-1.2307100369391293,-1.2307100369391293,-1.230710036939115,-1.2307100369391293,-1.2307100369391293,-1.2307100369391293,-1.230710036939115,-1.230710036939115,-1.2307100369390866,-1.2307100369391293,-1.230710036939115,-1.230710036939115,-1.2307100369391435,-1.2307100369391435,-1.2307100369391435,-1.1380198066477192,-0.5735609622400375,0.35455834577101086,1.189144531406427,3.639533611117045,3.738109349512186,2.7592240327930426,2.549294386780261,3.8651510712816872,3.877888007291986,3.8604445893497115,-1.2307100369391293,-1.2307100369391293,-1.2307100369391293,-1.2307100369391293,-1.230710036939115,-1.230710036939115,-1.2307100369391293,-1.2307100369391293,-1.2307100369391293,-1.230710036939108,2.017519596138431,0.7862590821997602,0.0,1.0219580985284713,1.7247534173361654,1.724758628062773,3.181520445335817,3.874347781215686,3.4378558380521937,3.7295624686155264,3.3504467263519544,1.9240532583730072,1.7230476714209786,1.5393763111869347,2.1102073965031565,3.148353207209624,3.216626473214802,0.6559832321459709,0.4924015549918437,0.6354076462645963,5.286227692553325,5.524999794381785,-2.032607138556159,-3.292004717368428,-4.421130118939232,-9.21587862029304,-1.2307100369391293,-1.2307100369391293,1.7402336086682357,1.8196225203758054,1.742995187621947,0.8651097964550267,0.15995167167254465,0.6399493825671776,1.0621427209596916,3.2249803644470845,-1.9444721869559771,-1.1441786752395302,-1.1714586901193655,3.3870009579168325,4.073401588161527,4.7395804649240425,5.555152257394425,5.986066413206956,6.2525157153532405,-1.2307100369391009,-1.230710036939115,-1.2307100369391009,-1.2307100369391009,-1.2307100369391009,-1.2307100369391009,-1.2307100369391009,-1.2307100369391009,2.103161466328883,2.14599815691553,-1.2307100369391009,2.512919314129615,2.0332907852158506,3.7843074855981556,5.027443724032356,-1.6787937283093086,-1.915827350344415,-2.631675155557886,-1.230710036939108,-1.230710036939108,-1.230710036939108,-1.230710036939108,-1.2307100369391009,-1.2307100369391009,-1.2307100369391009,-1.2307100369391009,-1.2307100369391009,-1.2307100369391009,-1.2307100369391009,-1.2307100369391009,-1.2307100369391009,-1.2307100369391009,-1.2307100369391009,-1.2307100369391009,-1.7146099611102308,-1.2307100369391009,-1.2307100369391009,-1.5036975096164298,-2.228509486120686,-2.1394116765200124,-2.1530180254911357,-4.86887702690413,-4.166354689338448,-4.18183713723397,0.6551715710226205,0.7651446179089447,-0.09950671849532,2.008649354358198,2.0692692780764474,-1.2307100369391009,-1.2307100369391009,-1.2307100369391009,-1.230710036939115,-1.230710036939115,-1.230710036939115,-1.2307100369391009,-1.2307100369391009,-1.2307100369391009,-1.2307100369391009,-1.2307100369391009,-1.2307100369391009,-1.2307100369391009,-1.2307100369391009,-1.2307100369391009,-1.2307100369391009,-1.2307100369391009,-1.2307100369391009,-1.2307100369391009,-1.2307100369391009,-1.2307100369391009,-1.2307100369391009,-1.2307100369391009,-1.2307100369391009,-1.2307100369391009,-1.230710036939115
85,-0.20875193841064288,-0.20875193841064288,-0.20875193841064288,-0.20875193841064288,-0.20875193841064288,-0.20875193841064288,-0.20875193841064288,-0.20875193841064288,-0.20875193841064288,-0.20875193841064288,-0.20875193841064288,-0.20875193841064288,-0.20875193841064288,-0.20875193841064288,-0.20875193841064288,-0.20875193841064288,-0.20875193841063577,-0.20875193841064288,-0.20875193841064288,-0.2087519384106571,-0.2087519384106571,-0.2087519384106571,-0.2087519384106571,-0.2087519384106571,-0.45315574991404617,1.6016121268089876,2.6788705849277648,2.7878750697473436,2.508562863647839,2.520802722305703,2.034954761385592,2.1816509192938582,2.862301228792205,4.392697480485452,4.353206016965345,4.397925645059928,4.407556151813225,-0.2087519384106713,-0.2087519384106855,-0.2087519384106855,-0.2087519384106855,-0.2087519384106855,-0.2087519384106855,-0.2087519384106855,-0.2087519384106855,-0.2087519384106855,-0.2087519384106855,-0.2087519384106855,-0.2087519384106713,-0.2087519384106713,-0.2087519384106713,-0.2087519384106713,-0.2087519384106713,-0.2087519384106713,-0.20875193841064288,-0.2087519384106855,-0.2087519384106713,-0.2087519384106713,-0.2087519384106855,-0.2087519384106713,-0.2087519384106713,-0.11606170811927541,0.44839713628839206,1.3765164442994404,2.2111026299348566,4.661491709645475,4.7600674480406155,3.781182131321472,3.5712524853086904,4.887109169810117,4.899846105820416,4.882402687878141,-0.2087519384106855,-0.2087519384106855,-0.2087519384106855,-0.2087519384106855,-0.20875193841069972,-0.20875193841069972,-0.2087519384106855,-0.2087519384106855,-0.2087519384106855,-0.20875193841063577,3.0394776946669033,1.8082171807282315,1.0219580985284713,0.0,0.702795318807695,0.7028005295343007,2.1595623468073484,2.852389682687221,2.4158977395237216,2.7076043700870542,2.3284886278234787,0.9020951598445279,0.7010895728924993,0.5174182126584554,3.132165495031586,4.170311305738053,4.238584571743232,1.6779413306744146,1.5143596535202875,1.65736574479304,4.264269594024846,4.503041695853305,-1.0106490400277153,-2.2700466188399844,-3.399172020410788,-8.19392052176461,-0.2087519384106855,-0.2087519384106855,0.7182755101397653,0.7976644218473368,0.7210370890934747,-0.15684830207344547,-0.8620064268559275,-0.38200871596129815,0.0401846224312159,2.203022265918605,-0.9225140884275334,-0.12222057671108644,-0.14950059159092177,2.3650428593883603,3.0514434896330584,3.717622366395574,4.53319415886596,4.964108314678491,5.230557616824779,-0.2087519384106571,-0.2087519384106713,-0.2087519384106571,-0.2087519384106571,-0.2087519384106571,-0.2087519384106571,-0.2087519384106713,-0.2087519384106713,1.081203367800411,1.124040058387056,-0.20875193841064288,3.534877412658087,3.055248883744323,4.806265584126631,6.049401822560828,-0.6568356297808435,-0.8938692518159499,-1.609717057029421,-0.20875193841063577,-0.20875193841063577,-0.20875193841063577,-0.20875193841063577,-0.20875193841064288,-0.20875193841064288,-0.20875193841064288,-0.20875193841064288,-0.20875193841064288,-0.20875193841064288,-0.20875193841064288,-0.20875193841064288,-0.20875193841064288,-0.20875193841064288,-0.20875193841064288,-0.20875193841064288,-0.6926518625817621,-0.20875193841064288,-0.20875193841064288,-0.4817394110879718,-1.2065513875922278,-1.1174535779915544,-1.1310599269626778,-3.846918928375672,-3.14439659080999,-3.159879038705512,1.6771296695510785,1.7871027164374027,0.9224513800331238,3.030607452886642,3.091227376604891,-0.20875193841064288,-0.20875193841064288,-0.20875193841064288,-0.20875193841064288,-0.20875193841064288,-0.20875193841064288,-0.20875193841064288,-0.20875193841064288,-0.20875193841064288,-0.20875193841064288,-0.20875193841064288,-0.20875193841064288,-0.20875193841064288,-0.20875193841064288,-0.20875193841064288,-0.20875193841064288,-0.20875193841064288,-0.20875193841064288,-0.20875193841064288,-0.20875193841064288,-0.20875193841064288,-0.20875193841064288,-0.20875193841064288,-0.20875193841064288,-0.20875193841064288,-0.20875193841064288
86,0.494043380397045,0.494043380397045,0.494043380397045,0.494043380397045,0.494043380397045,0.494043380397045,0.494043380397045,0.494043380397045,0.494043380397045,0.494043380397045,0.494043380397045,0.494043380397045,0.494043380397045,0.494043380397045,0.494043380397045,0.494043380397045,0.4940433803970521,0.494043380397045,0.494043380397045,0.4940433803970308,0.4940433803970308,0.4940433803970308,0.4940433803970308,0.4940433803970308,0.2496395688936417,2.3044074456166754,3.3816659037354526,3.4906703885550314,3.211358182455527,3.223598041113391,2.7377500801932655,2.884446238101532,3.565096547599893,5.09549279929314,5.056001335773033,5.100720963867616,5.1103514706209126,0.49404338039701656,0.49404338039700235,0.49404338039700235,0.49404338039700235,0.49404338039700235,0.49404338039700235,0.49404338039700235,0.49404338039700235,0.49404338039700235,0.49404338039700235,0.49404338039698814,0.49404338039698814,0.49404338039698814,0.49404338039701656,0.49404338039701656,0.49404338039701656,0.49404338039701656,0.494043380397045,0.49404338039700235,0.49404338039701656,0.49404338039700235,0.49404338039698814,0.49404338039698814,0.49404338039698814,0.5867336106884125,1.1511924550960941,2.0793117631071425,2.9138979487425587,5.364287028453177,5.462862766848318,4.483977450129174,4.2740478041163925,5.589904488617819,5.602641424628118,5.585198006685843,0.49404338039700235,0.49404338039700235,0.49404338039700235,0.49404338039700235,0.49404338039701656,0.49404338039701656,0.49404338039700235,0.49404338039700235,0.49404338039700235,0.4940433803970521,3.7422730134745947,2.5110124995359246,1.7247534173361654,0.702795318807695,0.0,5.21072660575328e-06,1.4567670279996499,2.1495943638795225,1.7131024207160266,2.0048090512793593,1.6256933090157837,0.19929984103684006,-0.0017057459151885723,-0.18537710614923242,3.834960813839288,4.8731066245457555,4.941379890550934,2.3807366494821025,2.2171549723279753,2.360161063600728,3.561474275217151,3.8002463770456103,-0.3078537212200274,-1.5672513000322965,-2.6963767016031,-7.491125202956908,0.49404338039700235,0.49404338039700235,0.015480191332070362,0.09486910303964136,0.01824177028577978,-0.8596436208811404,-1.5648017456636225,-1.0848040347689931,-0.6626106963764791,1.5002269471109138,-0.2197187696198455,0.5805747420966014,0.5532947272167661,1.6622475405806636,2.34864817082536,3.0148270475878753,3.830398840058262,4.261312995870796,4.5277622980170875,0.4940433803970308,0.49404338039701656,0.4940433803970308,0.4940433803970308,0.4940433803970308,0.4940433803970308,0.4940433803970308,0.4940433803970308,1.7839986866081077,1.8268353771947528,0.494043380397045,4.2376727314657785,3.758044202552014,5.509060902934319,6.752197141368519,0.04595968902684433,-0.19107393300826203,-0.9069217382217332,0.4940433803970521,0.4940433803970521,0.4940433803970521,0.4940433803970521,0.494043380397045,0.494043380397045,0.494043380397045,0.494043380397045,0.494043380397045,0.494043380397045,0.494043380397045,0.494043380397045,0.494043380397045,0.494043380397045,0.494043380397045,0.494043380397045,0.010143456225925718,0.494043380397045,0.494043380397045,0.22105590771971606,-0.5037560687845399,-0.41465825918386656,-0.4282646081549899,-3.144123609567984,-2.441601272002302,-2.457083719897824,2.3799249883587663,2.4898980352450906,1.6252466988408258,3.733402771694344,3.7940226954125933,0.494043380397045,0.494043380397045,0.494043380397045,0.494043380397045,0.494043380397045,0.494043380397045,0.494043380397045,0.494043380397045,0.494043380397045,0.494043380397045,0.494043380397045,0.494043380397045,0.494043380397045,0.494043380397045,0.494043380397045,0.494043380397045,0.494043380397045,0.494043380397045,0.494043380397045,0.494043380397045,0.494043380397045,0.494043380397045,0.494043380397045,0.494043380397045,0.494043380397045,0.494043380397045
87,0.49404859112365784,0.49404859112365784,0.49404859112365784,0.49404859112365784,0.49404859112365784,0.49404859112365784,0.49404859112365784,0.49404859112365784,0.49404859112365784,0.49404859112365784,0.49404859112367205,0.49404859112367205,0.49404859112367205,0.49404859112367205,0.49404859112367205,0.49404859112367205,0.49404859112367205,0.49404859112367205,0.49404859112367205,0.49404859112365784,0.49404859112365784,0.49404859112365784,0.49404859112365784,0.49404859112365784,0.24964477962026876,2.3044126563433025,3.3816711144620797,3.4906755992816585,3.211363393182154,3.223603251840032,2.737755290919921,2.8844514488282016,3.5651017583265627,5.09549801001981,5.056006546499702,5.100726174594286,5.110356681347582,0.49404859112364363,0.4940485911236294,0.4940485911236294,0.4940485911236294,0.4940485911236294,0.4940485911236294,0.4940485911236294,0.4940485911236294,0.4940485911236294,0.4940485911236294,0.4940485911236294,0.4940485911236294,0.4940485911236294,0.4940485911236294,0.4940485911236294,0.4940485911236294,0.4940485911236294,0.49404859112365784,0.4940485911236294,0.4940485911236294,0.4940485911236294,0.4940485911236152,0.4940485911236294,0.4940485911236294,0.5867388214150395,1.151197665822707,2.0793169738337554,2.9139031594691716,5.36429223917979,5.4628679775749305,4.483982660855787,4.274053014842991,5.5899096993444175,5.602646635354702,5.5852032174124275,0.4940485911236294,0.4940485911236294,0.4940485911236294,0.4940485911236294,0.4940485911236294,0.4940485911236294,0.4940485911236294,0.4940485911236294,0.4940485911236294,0.49404859112367205,3.742278224201204,2.511017710262532,1.724758628062773,0.7028005295343007,5.21072660575328e-06,0.0,1.456761817273045,2.149589153152915,1.7130972099894173,2.00480384055275,1.6256880982891744,0.19929463031023076,-0.001710956641801431,-0.18538231687584528,3.834966024565901,4.873111835272368,4.941385101277547,2.3807418602087296,2.2171601830546024,2.360166274327355,3.561469064490545,3.800241166319008,-0.30784851049340034,-1.5672460893056694,-2.696371490876473,-7.491119992230296,0.4940485911236294,0.4940485911236294,0.015485402058676101,0.09487431376624755,0.018246981012385532,-0.8596384101545365,-1.5647965349370168,-1.0847988240423874,-0.6626054856498733,1.500232157837516,-0.21971355889321842,0.5805799528232285,0.5532999379433932,1.6622423298540587,2.348642960098756,3.014821836861268,3.8303936293316525,4.2613077851441865,4.527757087290478,0.49404859112365784,0.49404859112364363,0.49404859112365784,0.49404859112365784,0.49404859112365784,0.49404859112365784,0.49404859112364363,0.49404859112364363,1.7840038973347134,1.8268405879213603,0.49404859112367205,4.237677942192388,3.75804941327862,5.5090661136609285,6.752202352095132,0.045964899753464294,-0.19106872228164207,-0.9069165274951132,0.49404859112367205,0.49404859112367205,0.49404859112367205,0.49404859112367205,0.49404859112367205,0.49404859112367205,0.49404859112367205,0.49404859112367205,0.49404859112367205,0.49404859112367205,0.49404859112367205,0.49404859112367205,0.49404859112367205,0.49404859112367205,0.49404859112367205,0.49404859112367205,0.010148666952552787,0.49404859112367205,0.49404859112367205,0.22106111844634313,-0.5037508580579129,-0.4146530484572395,-0.42825939742836283,-3.144118398841357,-2.441596061275675,-2.457078509171197,2.3799301990853934,2.4899032459717176,1.625251909567453,3.733407982420971,3.7940279061392204,0.49404859112367205,0.49404859112367205,0.49404859112367205,0.49404859112365784,0.49404859112365784,0.49404859112365784,0.49404859112367205,0.49404859112367205,0.49404859112367205,0.49404859112367205,0.49404859112367205,0.49404859112367205,0.49404859112367205,0.49404859112367205,0.49404859112367205,0.49404859112367205,0.49404859112365784,0.49404859112367205,0.49404859112367205,0.49404859112367205,0.49404859112367205,0.49404859112367205,0.49404859112367205,0.49404859112367205,0.49404859112367205,0.49404859112365784
88,1.9508104083967055,1.9508104083967055,1.9508104083967055,1.9508104083967055,1.9508104083967055,1.9508104083967055,1.9508104083967055,1.9508104083967055,1.9508104083967055,1.9508104083967055,1.9508104083967055,1.9508104083967055,1.9508104083967055,1.9508104083967055,1.9508104083967197,1.9508104083967197,1.9508104083967126,1.9508104083967197,1.9508104083967197,1.9508104083967055,1.9508104083967055,1.9508104083967055,1.9508104083967055,1.9508104083967055,1.7064065968933164,3.76117447361635,4.838432931735127,4.947437416554692,4.668125210455173,4.680365069113009,4.194517108192883,4.341213266101164,5.021863575599525,6.552259827292772,6.512768363772665,6.557487991867248,6.567118498620545,1.9508104083966913,1.950810408396677,1.950810408396677,1.950810408396677,1.950810408396677,1.950810408396677,1.9508104083966913,1.9508104083967055,1.9508104083967055,1.9508104083967055,1.9508104083967055,1.9508104083967055,1.9508104083967055,1.9508104083967055,1.9508104083967055,1.9508104083967055,1.9508104083967055,1.950810408396734,1.9508104083967055,1.9508104083967055,1.9508104083967055,1.9508104083966629,1.950810408396677,1.950810408396677,2.043500638688087,2.6079594830957546,3.536078791106803,4.370664976742219,6.821054056452823,6.9196297948479355,5.940744478128778,5.730814832115982,7.046671516617465,7.059408452627764,7.041965034685489,1.950810408396677,1.950810408396677,1.950810408396677,1.9508104083966913,1.950810408396677,1.9508104083966487,1.950810408396677,1.950810408396677,1.9508104083966487,1.9508104083967126,5.199040041474248,3.9677795275355763,3.181520445335817,2.159562346807345,1.4567670279996499,1.456761817273045,0.0,0.6928273358798709,0.2563353927163732,0.5480420232797041,0.16892628101613028,-1.257467186962817,-1.458472773914849,-1.6421441341488965,5.291727841838949,6.329873652545402,6.39814691855058,3.8375036774817772,3.67392200032765,3.8169280916003885,2.104707247217501,2.343479349045964,1.1489133067796473,-0.11048427203262179,-1.2396096736034252,-6.034358174957248,1.950810408396677,1.950810408396677,1.4722472193317202,1.5516361310392917,1.4750087982854332,0.597123407118513,-0.1080347176639691,0.3719629932306674,0.794156331623185,2.956993975110578,1.2370482583798292,2.037341770096276,2.010061755216441,3.119004147127102,3.8054047773717983,4.471583654134314,5.2871554466047,5.718069602417234,5.984518904563526,1.9508104083967055,1.9508104083966913,1.9508104083967055,1.9508104083967055,1.9508104083967055,1.9508104083967055,1.9508104083966913,1.9508104083966913,3.2407657146077575,3.2836024051944044,1.9508104083967197,5.694439759465439,5.214811230551675,6.965827930933983,8.208964169368187,1.5027267170265048,1.2656930949913985,0.5498452897779273,1.9508104083967126,1.9508104083967126,1.9508104083967126,1.9508104083967197,1.9508104083967055,1.9508104083967055,1.9508104083967055,1.9508104083967055,1.9508104083967055,1.9508104083967055,1.9508104083967055,1.9508104083967055,1.9508104083967055,1.9508104083967055,1.9508104083967055,1.9508104083967055,1.4669104842255933,1.9508104083967055,1.9508104083967055,1.6778229357193766,0.9530109592151206,1.042108768815794,1.0285024198446706,-1.6873565815683236,-0.9848342440026414,-1.0003166918981634,3.836692016358427,3.946665063244751,3.082013726840472,5.19016979969399,5.25078972341224,1.9508104083967055,1.9508104083967055,1.9508104083967055,1.9508104083967055,1.9508104083967055,1.9508104083967055,1.9508104083967055,1.9508104083967055,1.9508104083967055,1.9508104083967055,1.9508104083967055,1.9508104083967055,1.9508104083967055,1.9508104083967055,1.9508104083967055,1.9508104083967055,1.9508104083967055,1.9508104083967055,1.9508104083967055,1.9508104083967055,1.9508104083967055,1.9508104083967055,1.9508104083967055,1.9508104083967055,1.9508104083967055,1.9508104083967055
89,2.643637744276589,2.643637744276589,2.643637744276589,2.643637744276589,2.6436377442765746,2.6436377442765604,2.6436377442765604,2.6436377442765604,2.6436377442765604,2.6436377442765604,2.6436377442765604,2.6436377442765604,2.6436377442765604,2.6436377442765604,2.6436377442765746,2.6436377442765746,2.6436377442765746,2.6436377442765746,2.6436377442765746,2.6436377442765604,2.6436377442765604,2.6436377442765604,2.6436377442765604,2.6436377442765604,2.3992339327731713,4.454001809496205,5.5312602676149965,5.640264752434575,5.3609525463350565,5.3731924049929205,4.887344444072795,5.034040601981076,5.714690911479437,7.245087163172684,7.2055956996525765,7.25031532774716,7.259945834500456,2.643637744276546,2.643637744276532,2.643637744276532,2.643637744276532,2.643637744276532,2.643637744276532,2.6436377442765604,2.6436377442765604,2.6436377442765604,2.6436377442765604,2.6436377442765604,2.6436377442765604,2.6436377442765604,2.6436377442765604,2.6436377442765604,2.6436377442765604,2.6436377442765604,2.643637744276589,2.6436377442765604,2.6436377442765604,2.6436377442765604,2.643637744276532,2.643637744276532,2.643637744276532,2.736327974567942,3.3007868189756095,4.228906126986658,5.063492312622074,7.513881392332678,7.61245713072779,6.633571814008633,6.423642167995837,7.73949885249732,7.752235788507619,7.734792370565344,2.643637744276532,2.643637744276532,2.643637744276532,2.643637744276532,2.643637744276532,2.6436377442765036,2.643637744276532,2.6436377442765604,2.6436377442765604,2.6436377442765746,5.89186737735411,4.660606863415438,3.8743477812156826,2.852389682687214,2.149594363879519,2.149589153152915,0.6928273358798709,0.0,-0.43649194316349593,-0.14478531260016414,-0.5239010548637371,-1.9502945228426825,-2.1513001097947146,-2.334971470028762,5.9845551777188035,7.022700988425271,7.090974254430449,4.530331013361618,4.366749336207505,4.509755427480258,1.4118799113376337,1.650652013166095,1.8417406426595022,0.5823430638472331,-0.5467823377235703,-5.341530839077393,2.643637744276532,2.643637744276532,2.1650745552115893,2.2444634669191608,2.1678361341653023,1.289950742998382,0.5847926182159,1.0647903291105365,1.486983667503054,3.649821310990447,1.9298755942596841,2.730169105976131,2.7028890910962957,3.811831483006973,4.498232113251671,5.164410990014186,5.979982782484573,6.410896938297103,6.677346240443391,2.6436377442765604,2.643637744276546,2.6436377442765604,2.6436377442765604,2.6436377442765604,2.6436377442765604,2.643637744276546,2.643637744276546,3.933593050487623,3.9764297410742664,2.6436377442765746,6.387267095345301,5.907638566431537,7.658655266813845,8.901791505248042,2.195554052906367,1.9585204308712605,1.2426726256577822,2.6436377442765746,2.6436377442765746,2.6436377442765746,2.6436377442765746,2.6436377442765604,2.6436377442765604,2.6436377442765604,2.6436377442765604,2.6436377442765604,2.6436377442765604,2.6436377442765604,2.6436377442765604,2.6436377442765604,2.6436377442765604,2.6436377442765604,2.6436377442765604,2.1597378201054553,2.6436377442765604,2.6436377442765604,2.3706502715992315,1.6458382950949755,1.7349361046956489,1.7213297557245255,-0.9945292456884687,-0.2920069081227865,-0.3074893560183085,4.529519352238282,4.639492399124606,3.774841062720327,5.882997135573845,5.9436170592920945,2.6436377442765604,2.6436377442765604,2.6436377442765604,2.6436377442765604,2.6436377442765604,2.6436377442765604,2.6436377442765604,2.6436377442765604,2.6436377442765604,2.6436377442765604,2.6436377442765604,2.6436377442765604,2.6436377442765604,2.6436377442765604,2.6436377442765604,2.6436377442765604,2.6436377442765604,2.6436377442765604,2.6436377442765604,2.6436377442765604,2.6436377442765604,2.6436377442765604,2.6436377442765604,2.6436377442765604,2.6436377442765604,2.643637744276589
90,2.207145801113086,2.207145801113086,2.207145801113086,2.207145801113086,2.207145801113086,2.207145801113086,2.207145801113086,2.207145801113086,2.207145801113086,2.207145801113086,2.207145801113086,2.207145801113086,2.207145801113086,2.207145801113086,2.207145801113086,2.207145801113086,2.2071458011130787,2.207145801113086,2.207145801113086,2.2071458011130716,2.2071458011130716,2.2071458011130716,2.2071458011130716,2.2071458011130716,1.9627419896096825,4.017509866332716,5.094768324451508,5.203772809271101,4.924460603171582,4.9367004618294175,4.450852500909292,4.597548658817573,5.278198968315934,6.808595220009181,6.7691037564890735,6.813823384583657,6.823453891336953,2.2071458011130574,2.207145801113043,2.207145801113043,2.207145801113043,2.2071458011130574,2.2071458011130574,2.207145801113086,2.207145801113086,2.207145801113086,2.207145801113086,2.207145801113086,2.207145801113086,2.207145801113086,2.207145801113114,2.207145801113114,2.207145801113114,2.207145801113114,2.2071458011131426,2.207145801113086,2.207145801113086,2.207145801113086,2.2071458011130574,2.2071458011130574,2.2071458011130574,2.2998360314044533,2.8642948758121207,3.7924141838231833,4.627000369458614,7.077389449169203,7.175965187564316,6.197079870845158,5.987150224832362,7.303006909333845,7.315743845344144,7.29830042740187,2.2071458011130574,2.2071458011130574,2.2071458011130574,2.2071458011130574,2.2071458011130574,2.207145801113029,2.2071458011130574,2.207145801113086,2.207145801113086,2.2071458011130787,5.455375434190614,4.224114920251942,3.4378558380521866,2.4158977395237216,1.7131024207160266,1.7130972099894173,0.2563353927163732,-0.43649194316349593,0.0,0.29170663056333135,-0.08740911170024201,-1.5138025796791883,-1.7148081666312187,-1.8984795268652643,5.548063234555315,6.586209045261768,6.654482311266946,4.0938390701981575,3.9302573930440587,4.073263484316811,1.8483718545011314,2.0871439563295944,1.4052486994960134,0.14585112068374428,-0.9832742808870591,-5.778022782240896,2.207145801113043,2.207145801113029,1.728582612048097,1.8079715237556684,1.7313441910018064,0.8534587998348897,0.14830067505241118,0.6282983859470406,1.0504917243395582,3.213329367826951,1.4933836510961953,2.2936771628126422,2.266397147932807,3.375339539843477,4.0617401700881715,4.727919046850687,5.543490839321073,5.974404995133604,6.240854297279888,2.2071458011130716,2.2071458011130574,2.2071458011130716,2.2071458011130716,2.2071458011130716,2.2071458011130716,2.2071458011130574,2.2071458011130574,3.4971011073241343,3.539937797910774,2.207145801113086,5.950775152181805,5.471146623268041,7.222163323650349,8.465299562084553,1.7590621097428851,1.5220284877077859,0.8061806824943147,2.207145801113086,2.207145801113086,2.207145801113086,2.207145801113086,2.207145801113086,2.207145801113086,2.207145801113086,2.207145801113086,2.207145801113086,2.207145801113086,2.207145801113086,2.207145801113086,2.207145801113086,2.207145801113086,2.207145801113086,2.207145801113086,1.7232458769419594,2.207145801113086,2.207145801113086,1.9341583284357569,1.2093463519315009,1.2984441615321742,1.284837812561051,-1.4310211888519433,-0.7284988512862753,-0.7439812991817973,4.093027409074807,4.203000455961131,3.3383491195568524,5.4465051924103705,5.50712511612862,2.207145801113086,2.207145801113086,2.207145801113086,2.207145801113086,2.207145801113086,2.207145801113086,2.207145801113086,2.207145801113086,2.207145801113086,2.207145801113086,2.207145801113086,2.207145801113086,2.207145801113086,2.207145801113086,2.207145801113086,2.207145801113086,2.207145801113086,2.207145801113086,2.207145801113086,2.207145801113086,2.207145801113086,2.207145801113086,2.207145801113086,2.207145801113086,2.207145801113086,2.207145801113086
91,2.4988524316764256,2.4988524316764256,2.4988524316764256,2.4988524316764256,2.4988524316764256,2.4988524316764256,2.4988524316764256,2.4988524316764256,2.4988524316764256,2.4988524316764256,2.4988524316764256,2.4988524316764256,2.4988524316764256,2.4988524316764256,2.4988524316764114,2.4988524316764114,2.4988524316764114,2.4988524316764114,2.4988524316764114,2.498852431676397,2.498852431676397,2.498852431676397,2.498852431676397,2.498852431676397,2.254448620173008,4.309216496896028,5.386474955014819,5.495479439834412,5.216167233734893,5.228407092392757,4.742559131472632,4.8892552893809125,5.569905598879274,7.100301850572521,7.060810387052413,7.1055300151469964,7.115160521900293,2.498852431676383,2.4988524316763687,2.4988524316763687,2.4988524316763687,2.4988524316763687,2.4988524316763687,2.498852431676397,2.498852431676397,2.498852431676397,2.498852431676397,2.498852431676397,2.498852431676397,2.498852431676397,2.498852431676397,2.498852431676397,2.498852431676397,2.498852431676397,2.4988524316764256,2.498852431676397,2.498852431676397,2.498852431676397,2.4988524316763687,2.4988524316763687,2.4988524316763687,2.591542661967779,3.1560015063754605,4.084120814386495,4.918707000021925,7.369096079732515,7.467671818127627,6.48878650140847,6.278856855395674,7.594713539897157,7.607450475907456,7.590007057965181,2.4988524316763687,2.4988524316763687,2.4988524316763687,2.4988524316763687,2.4988524316763687,2.4988524316763403,2.4988524316763687,2.498852431676397,2.498852431676397,2.4988524316764114,5.747082064753947,4.515821550815275,3.7295624686155193,2.7076043700870542,2.0048090512793593,2.00480384055275,0.5480420232797059,-0.14478531260016414,0.29170663056333135,0.0,-0.37911574226357336,-1.8055092102425183,-2.0065147971945514,-2.190186157428597,5.8397698651186545,6.877915675825108,6.946188941830286,4.385545700761469,4.22196402360737,4.364970114880123,1.5566652239378005,1.7954373257662617,1.696955330059339,0.43755775124706986,-0.6915676503237336,-5.486316151677556,2.4988524316763687,2.4988524316763687,2.0202892426114296,2.099678154319001,2.023050821565139,1.1451654303982224,0.44000730561574386,0.9200050165103733,1.3421983549028909,3.5050359983902837,1.7850902816595209,2.585383793375968,2.5581037784961325,3.6670461704068096,4.353446800651504,5.0196256774140195,5.835197469884406,6.2661116256969365,6.532560927843221,2.498852431676397,2.498852431676383,2.498852431676397,2.498852431676397,2.498852431676397,2.498852431676397,2.498852431676397,2.498852431676397,3.78880773788746,3.8316444284740996,2.4988524316764114,6.242481782745138,5.7628532538313735,7.513869954213682,8.757006192647879,2.0507687403062107,1.8137351182711114,1.0978873130576403,2.4988524316764114,2.4988524316764114,2.4988524316764114,2.4988524316764114,2.4988524316764256,2.4988524316764256,2.4988524316764256,2.4988524316764256,2.4988524316764256,2.4988524316764256,2.4988524316764256,2.4988524316764256,2.4988524316764256,2.4988524316764256,2.4988524316764256,2.4988524316764256,2.014952507505285,2.4988524316764256,2.4988524316764256,2.2258649589990966,1.5010529824948406,1.590150792095514,1.5765444431243907,-1.1393145582885893,-0.43679222072290713,-0.45227466861842913,4.384734039638147,4.494707086524471,3.630055750120192,5.73821182297371,5.79883174669196,2.4988524316764256,2.4988524316764256,2.4988524316764256,2.4988524316764256,2.4988524316764256,2.4988524316764256,2.4988524316764256,2.4988524316764256,2.4988524316764256,2.4988524316764256,2.4988524316764256,2.4988524316764256,2.4988524316764256,2.4988524316764256,2.4988524316764256,2.4988524316764256,2.4988524316764256,2.4988524316764256,2.4988524316764256,2.4988524316764256,2.4988524316764256,2.4988524316764256,2.4988524316764256,2.4988524316764256,2.4988524316764256,2.4988524316764256
92,2.119736689412832,2.119736689412832,2.119736689412832,2.119736689412832,2.119736689412832,2.119736689412832,2.119736689412832,2.119736689412832,2.119736689412832,2.119736689412832,2.119736689412832,2.119736689412832,2.119736689412832,2.119736689412832,2.119736689412832,2.119736689412832,2.119736689412832,2.119736689412832,2.119736689412832,2.119736689412818,2.119736689412818,2.119736689412818,2.119736689412818,2.119736689412818,1.875332877909429,3.9301007546324627,5.007359212751254,5.116363697570847,4.837051491471328,4.849291350129192,4.363443389209067,4.5101395471173475,5.190789856615709,6.721186108308956,6.681694644788848,6.7264142728834315,6.736044779636728,2.119736689412804,2.1197366894127896,2.1197366894127896,2.1197366894127896,2.119736689412804,2.119736689412804,2.119736689412832,2.119736689412832,2.119736689412832,2.119736689412832,2.119736689412832,2.119736689412832,2.119736689412832,2.119736689412832,2.119736689412832,2.119736689412832,2.119736689412832,2.1197366894128606,2.119736689412832,2.119736689412832,2.119736689412832,2.119736689412804,2.119736689412804,2.119736689412804,2.2124269197041997,2.7768857641118814,3.7050050721229297,4.53959125775836,6.989980337468978,7.088556075864091,6.109670759144933,5.899741113132137,7.21559779763362,7.228334733643919,7.2108913157016445,2.119736689412804,2.119736689412804,2.119736689412804,2.119736689412804,2.119736689412804,2.1197366894127754,2.119736689412804,2.119736689412832,2.119736689412832,2.1197366894128393,5.367966322490375,4.136705808551703,3.3504467263519473,2.328488627823482,1.6256933090157872,1.6256880982891815,0.16892628101613383,-0.5239010548637371,-0.08740911170024201,-0.37911574226357336,0.0,-1.4263934679789454,-1.6273990549309758,-1.8110704151650214,5.4606541228550896,6.498799933561543,6.567073199566721,4.0064299584978755,3.8428482813437768,3.9858543726165294,1.9357809662013725,2.1745530680298337,1.3178395877957598,0.05844200898349072,-1.0706833925873127,-5.86543189394115,2.1197366894127754,2.1197366894127754,1.6411735003478576,1.720562412055429,1.6439350793015635,0.7660496881346432,0.060891563352164724,0.5408892742467941,0.9630826126393117,3.1259202561267045,1.4059745393959417,2.2062680511123745,2.178988036232539,3.287930428143241,3.974331058387939,4.640509935150455,5.456081727620841,5.8869958834333715,6.153445185579656,2.119736689412818,2.119736689412804,2.119736689412818,2.119736689412818,2.119736689412818,2.119736689412818,2.119736689412804,2.119736689412804,3.409691995623895,3.4525286862105347,2.119736689412832,5.863366040481566,5.3837375115678014,7.13475421195011,8.377890450384314,1.6716529980426458,1.4346193760075465,0.7187715707940754,2.119736689412832,2.119736689412832,2.119736689412832,2.119736689412832,2.119736689412832,2.119736689412832,2.119736689412832,2.119736689412832,2.119736689412832,2.119736689412832,2.119736689412832,2.119736689412832,2.119736689412832,2.119736689412832,2.119736689412832,2.119736689412832,1.63583676524172,2.119736689412832,2.119736689412832,1.8467492167355033,1.1219372402312473,1.2110350498319207,1.1974287008607973,-1.5184303005521826,-0.8159079629865005,-0.8313904108820225,4.0056182973745535,4.115591344260878,3.250940007856599,5.359096080710117,5.419716004428366,2.119736689412832,2.119736689412832,2.119736689412832,2.119736689412832,2.119736689412832,2.119736689412832,2.119736689412832,2.119736689412832,2.119736689412832,2.119736689412832,2.119736689412832,2.119736689412832,2.119736689412832,2.119736689412832,2.119736689412832,2.119736689412832,2.119736689412832,2.119736689412832,2.119736689412832,2.119736689412832,2.119736689412832,2.119736689412832,2.119736689412832,2.119736689412832,2.119736689412832,2.119736689412832
93,0.6933432214339064,0.6933432214339064,0.6933432214339064,0.6933432214339064,0.6933432214339064,0.6933432214339064,0.6933432214339064,0.6933432214339064,0.6933432214339064,0.6933432214339064,0.6933432214339064,0.6933432214339064,0.6933432214339064,0.6933432214339064,0.6933432214338922,0.6933432214338922,0.6933432214338922,0.6933432214338922,0.6933432214338922,0.6933432214338779,0.6933432214338779,0.6933432214338779,0.6933432214338779,0.6933432214338779,0.44893940993048886,2.5037072866535084,3.5809657447723,3.689970229591893,3.410658023492374,3.4228978821502096,2.9370499212300842,3.083746079138365,3.764396388636726,5.294792640329973,5.255301176809866,5.300020804904449,5.3096513116577455,0.6933432214338637,0.6933432214338495,0.6933432214338779,0.6933432214338779,0.6933432214338779,0.6933432214338779,0.6933432214339064,0.6933432214339064,0.6933432214339064,0.6933432214339064,0.6933432214339064,0.6933432214339064,0.6933432214339064,0.6933432214339348,0.6933432214339348,0.6933432214339348,0.6933432214339348,0.6933432214339632,0.6933432214339064,0.6933432214339064,0.6933432214339064,0.6933432214338779,0.6933432214338779,0.6933432214338779,0.7860334517252738,1.3504922961329555,2.278611604144004,3.1131977897794343,5.563586869490024,5.662162607885136,4.683277291165979,4.473347645153183,5.789204329654666,5.801941265664965,5.78449784772269,0.6933432214338779,0.6933432214338779,0.6933432214338779,0.6933432214338779,0.6933432214338779,0.6933432214338495,0.6933432214338779,0.6933432214339064,0.6933432214339064,0.6933432214338922,3.9415728545114277,2.710312340572756,1.9240532583730001,0.902095159844535,0.19929984103684006,0.1992946303102343,-1.2574671869628133,-1.9502945228426842,-1.5138025796791883,-1.8055092102425183,-1.4263934679789454,0.0,-0.20100558695203175,-0.3846769471860769,4.034260654876164,5.072406465582617,5.140679731587795,2.5800364905189213,2.4164548133648225,2.559460904637575,0.5093874982224271,0.7481596000508866,-0.10855388018316603,-1.3679514589954351,-2.4970768605662386,-7.2918253619200755,0.6933432214338779,0.6933432214338779,0.21478003236891396,0.29416894407648186,0.2175416113226163,-0.6603437798443039,-1.3655019046267824,-0.885504193732153,-0.46331085533963545,1.6995267881477574,-0.02041892858298411,0.7798745831334486,0.7525945682536133,1.861536960164294,2.547937590408992,3.2141164671715075,4.029688259641894,4.460602415454424,4.727051717600709,0.6933432214338779,0.6933432214338637,0.6933432214338779,0.6933432214338779,0.6933432214338779,0.6933432214338779,0.6933432214338779,0.6933432214338779,1.9832985276449406,2.0261352182315804,0.6933432214338922,4.436972572502619,3.9573440435888543,5.708360743971156,6.951496982405359,0.2452595300636915,0.008225908028592244,-0.7076218971848789,0.6933432214338922,0.6933432214338922,0.6933432214338922,0.6933432214338922,0.6933432214339064,0.6933432214339064,0.6933432214339064,0.6933432214339064,0.6933432214339064,0.6933432214339064,0.6933432214339064,0.6933432214339064,0.6933432214339064,0.6933432214339064,0.6933432214339064,0.6933432214339064,0.20944329726276578,0.6933432214339064,0.6933432214339064,0.42035574875657744,-0.30445622774767855,-0.21535841814700518,-0.22896476711812852,-2.944823768531137,-2.242301430965483,-2.257783878861005,2.5792248293956277,2.689197876281952,1.824546539877673,3.932702612731177,3.9933225364494547,0.6933432214339064,0.6933432214339064,0.6933432214339064,0.6933432214339064,0.6933432214339206,0.6933432214339348,0.6933432214339064,0.6933432214339064,0.6933432214339064,0.6933432214339064,0.6933432214339064,0.6933432214339064,0.6933432214339064,0.6933432214339064,0.6933432214339064,0.6933432214339064,0.6933432214339064,0.6933432214339064,0.6933432214339064,0.6933432214339064,0.6933432214339064,0.6933432214339064,0.6933432214339064,0.6933432214339064,0.6933432214339064,0.6933432214339064
94,0.49233763448188483,0.49233763448188483,0.49233763448188483,0.49233763448188483,0.49233763448188483,0.49233763448188483,0.49233763448188483,0.49233763448188483,0.49233763448188483,0.49233763448188483,0.49233763448188483,0.49233763448188483,0.49233763448188483,0.49233763448188483,0.4923376344818706,0.4923376344818706,0.4923376344818706,0.4923376344818706,0.4923376344818706,0.4923376344818564,0.4923376344818564,0.4923376344818564,0.4923376344818564,0.4923376344818564,0.24793382297846733,2.302701699701487,3.3799601578202783,3.4889646426398713,3.2096524365403525,3.2218922951982165,2.736044334278091,2.8827404921863717,3.563390801684733,5.09378705337798,5.0542955898578725,5.099015217952456,5.108645724705752,0.4923376344818422,0.492337634481828,0.4923376344818564,0.4923376344818564,0.4923376344818564,0.4923376344818564,0.49233763448188483,0.49233763448188483,0.49233763448188483,0.49233763448188483,0.49233763448188483,0.49233763448188483,0.49233763448188483,0.49233763448188483,0.49233763448188483,0.49233763448188483,0.49233763448188483,0.49233763448191326,0.49233763448188483,0.49233763448188483,0.49233763448188483,0.4923376344818564,0.4923376344818564,0.4923376344818564,0.5850278647732523,1.149486709180934,2.0776060171919823,2.9121922028274128,5.362581282538031,5.461157020933143,4.482271704213986,4.27234205820119,5.588198742702673,5.600935678712972,5.583492260770697,0.4923376344818564,0.4923376344818564,0.4923376344818564,0.4923376344818564,0.4923376344818564,0.492337634481828,0.4923376344818564,0.49233763448188483,0.49233763448188483,0.4923376344818706,3.740567267559406,2.5093067536207343,1.7230476714209786,0.7010895728925064,-0.0017057459151885723,-0.0017109566417978783,-1.4584727739148455,-2.151300109794718,-1.7148081666312187,-2.0065147971945496,-1.6273990549309758,-0.20100558695203175,0.0,-0.18367136023404518,3.833255067924142,4.871400878630595,4.939674144635774,2.379030903566928,2.2154492264128294,2.358455317685582,0.3083819112703985,0.5471540130988615,-0.30955946713518756,-1.5689570459474567,-2.69808244751826,-7.492830948872097,0.4923376344818564,0.4923376344818564,0.013774445416885328,0.09316335712445323,0.016536024370587654,-0.8613493667963326,-1.5665074915788182,-1.0865097806841888,-0.6643164422916712,1.4985212011957216,-0.22142451553500564,0.5788689961814271,0.5515889813015917,1.6605313732122582,2.3469320034569563,3.0131108802194717,3.828682672689858,4.259596828502389,4.526046130648673,0.4923376344818564,0.4923376344818422,0.4923376344818564,0.4923376344818564,0.4923376344818564,0.4923376344818564,0.4923376344818564,0.4923376344818564,1.782292940692912,1.8251296312795517,0.4923376344818706,4.235966985550597,3.7563384566368327,5.507355157019134,6.750491395453338,0.04425394311166997,-0.1927796789234293,-0.9086274841369004,0.4923376344818706,0.4923376344818706,0.4923376344818706,0.4923376344818706,0.49233763448188483,0.49233763448188483,0.49233763448188483,0.49233763448188483,0.49233763448188483,0.49233763448188483,0.49233763448188483,0.49233763448188483,0.49233763448188483,0.49233763448188483,0.49233763448188483,0.49233763448188483,0.00843771031074425,0.49233763448188483,0.49233763448188483,0.2193501618045559,-0.5054618146997001,-0.4163640050990409,-0.4299703540701785,-3.1458293554831585,-2.4433070179175047,-2.4587894658130267,2.3782192424435777,2.488192289329902,1.6235409529256515,3.7316970257791553,3.792316949497433,0.49233763448188483,0.49233763448188483,0.49233763448188483,0.49233763448188483,0.49233763448188483,0.49233763448188483,0.49233763448188483,0.49233763448188483,0.49233763448188483,0.49233763448188483,0.49233763448188483,0.49233763448188483,0.49233763448188483,0.49233763448188483,0.49233763448188483,0.49233763448188483,0.49233763448188483,0.49233763448188483,0.49233763448188483,0.49233763448188483,0.49233763448188483,0.49233763448188483,0.49233763448188483,0.49233763448188483,0.49233763448188483,0.49233763448188483
95,0.3086662742478268,0.3086662742478268,0.3086662742478268,0.3086662742478268,0.3086662742478268,0.3086662742478268,0.3086662742478268,0.3086662742478268,0.3086662742478268,0.3086662742478268,0.3086662742478268,0.3086662742478268,0.3086662742478268,0.3086662742478268,0.3086662742478268,0.3086662742478268,0.3086662742478268,0.3086662742478268,0.3086662742478268,0.30866627424781257,0.30866627424781257,0.30866627424781257,0.30866627424781257,0.3086662742478268,0.06426246274440928,2.119030339467429,3.19628879758622,3.305293282405813,3.0259810763062944,3.0382209349641585,2.552372974044033,2.6990691319523137,3.379719441450675,4.910115693143922,4.8706242296238145,4.915343857718398,4.924974364471694,0.30866627424779836,0.30866627424778414,0.30866627424779836,0.30866627424779836,0.30866627424779836,0.30866627424779836,0.3086662742478268,0.3086662742478268,0.3086662742478268,0.3086662742478268,0.3086662742478268,0.3086662742478268,0.3086662742478268,0.3086662742478268,0.3086662742478268,0.3086662742478268,0.3086662742478268,0.3086662742478552,0.3086662742478268,0.3086662742478268,0.3086662742478268,0.30866627424779836,0.30866627424779836,0.30866627424779836,0.40135650453919425,0.9658153489468759,1.8939346569579243,2.7285208425933547,5.178909922303973,5.277485660699085,4.298600343979928,4.088670697967132,5.404527382468615,5.417264318478914,5.399820900536639,0.30866627424779836,0.30866627424779836,0.30866627424779836,0.30866627424779836,0.30866627424779836,0.30866627424776993,0.30866627424779836,0.3086662742478268,0.3086662742478268,0.3086662742478268,3.556895907325355,2.3256353933866833,1.5393763111869276,0.5174182126584554,-0.18537710614923952,-0.18538231687584528,-1.6421441341488894,-2.334971470028762,-1.898479526865266,-2.190186157428597,-1.8110704151650232,-0.3846769471860769,-0.18367136023404518,0.0,3.649583707690084,4.687729518396537,4.756002784401716,2.1953595433328417,2.031777866178743,2.1747839574514956,0.12471055103634754,0.3634826528648105,-0.4932308273692172,-1.7526284061814863,-2.8817538077522897,-7.676502309106127,0.30866627424779836,0.30866627424779836,-0.16989691481716562,-0.09050800310959772,-0.1671353358634633,-1.0450207270303835,-1.7501788518128691,-1.2701811409182397,-0.8479878025257221,1.3148498409616565,-0.4050958757690637,0.395197635947369,0.3679176210675337,1.4768600129782143,2.1632606432229053,2.8294395199854208,3.6450113124558072,4.075925468268338,4.342374770414622,0.30866627424781257,0.30866627424779836,0.30866627424781257,0.30866627424781257,0.30866627424779836,0.30866627424779836,0.30866627424781257,0.30866627424781257,1.5986215804588682,1.641458271045508,0.3086662742478268,4.052295625316546,3.572667096402782,5.32368379678509,6.566820035219294,-0.13941741712237388,-0.37645103915747313,-1.0922988443709443,0.3086662742478268,0.3086662742478268,0.3086662742478268,0.3086662742478268,0.3086662742478268,0.3086662742478268,0.3086662742478268,0.3086662742478268,0.3086662742478268,0.3086662742478268,0.3086662742478268,0.3086662742478268,0.3086662742478268,0.3086662742478268,0.3086662742478552,0.3086662742478552,-0.17523364992328538,0.3086662742478268,0.3086662742478268,0.03567880157049785,-0.6891331749337439,-0.6000353653330706,-0.6136417143042081,-3.329500715717188,-2.6269783781515343,-2.6424608260470563,2.194547882209548,2.3045209290958724,1.4398695926915934,3.548025665545083,3.6086455892633467,0.3086662742478268,0.3086662742478268,0.3086662742478268,0.3086662742478268,0.3086662742478268,0.3086662742478268,0.3086662742478268,0.3086662742478268,0.3086662742478268,0.3086662742478268,0.3086662742478268,0.3086662742478268,0.3086662742478268,0.3086662742478268,0.3086662742478552,0.3086662742478268,0.3086662742478268,0.3086662742478268,0.3086662742478268,0.3086662742478268,0.3086662742478268,0.3086662742478268,0.3086662742478268,0.3086662742478268,0.3086662742478268,0.3086662742478268
96,3.3409174334422573,3.3409174334422573,3.3409174334422573,3.3409174334422573,3.3409174334422573,3.3409174334422573,3.3409174334422573,3.3409174334422573,3.3409174334422573,3.3409174334422573,3.3409174334422573,3.3409174334422573,3.3409174334422573,3.3409174334422573,3.3409174334422573,3.3409174334422573,3.3409174334422573,3.3409174334422573,3.3409174334422573,3.3409174334422573,3.3409174334422573,3.3409174334422573,3.3409174334422502,3.3409174334422502,3.096513621938854,5.151281498661888,6.228539956780672,6.337544441600251,6.058232235500753,6.070472094158617,5.584624133238506,5.73132029114678,6.411970600645148,7.942366852338395,7.902875388818302,7.947595016912899,7.9572255236661675,3.3409174334422573,3.3409174334422573,3.3409174334422573,3.3409174334422573,3.3409174334422573,3.3409174334422573,3.3409174334422573,3.3409174334422573,3.3409174334422573,3.3409174334422573,3.3409174334422573,3.3409174334422715,3.3409174334422573,3.3409174334422573,3.3409174334422573,3.3409174334422573,3.3409174334422573,3.3409174334422715,3.3409174334422573,3.3409174334422715,3.3409174334422715,3.3409174334422573,3.3409174334422573,3.3409174334422573,3.2482272031508685,2.6837683587431913,3.6118876667542317,4.446473852389655,6.896862932100266,6.995438670495403,6.01655335377626,5.806623707763478,7.122480392264908,7.135217328275207,7.117773910332932,3.3409174334422573,3.3409174334422644,3.3409174334422573,3.3409174334422573,3.3409174334422573,3.3409174334422573,3.3409174334422573,3.3409174334422715,3.3409174334422715,3.3409174334422573,0.09268780036471469,1.3239483143033794,2.1102073965031423,3.1321654950316145,3.8349608138393023,3.834966024565901,5.291727841838949,5.984555177718832,5.548063234555343,5.8397698651186545,5.4606541228550896,4.034260654876135,3.8332550679241137,3.6495837076900557,0.0,1.0381458107064638,1.1064190767116422,5.227610702527315,5.064029025373195,5.207035116645947,7.396435089056467,7.635207190884927,2.539020331825192,1.2796227530129194,0.1504973514421195,-4.644251149911703,3.3409174334422573,3.3409174334422573,3.850441005171362,3.929829916878944,3.8532025841250857,2.9753171929581583,2.2701590681756727,2.750156779070295,3.1723501174628126,5.335187760950191,2.627155283425374,3.4274487951418173,3.4001687802619713,5.4972083544199535,6.1836089846646445,6.849787861427146,7.665359653897525,8.096273809710056,8.362723111856354,3.3409174334422644,3.3409174334422573,3.3409174334422644,3.3409174334422573,3.3409174334422573,3.3409174334422573,3.3409174334422502,3.3409174334422502,4.213368862832027,4.256205553418681,3.3409174334422573,0.5880875183558913,0.10845898944212706,1.8594756898244356,3.1026119282586393,2.8928337420720567,2.6558001200369574,1.9399523148234863,3.3409174334422573,3.3409174334422573,3.3409174334422573,3.3409174334422573,3.3409174334422573,3.3409174334422573,3.3409174334422573,3.3409174334422573,3.3409174334422573,3.3409174334422573,3.3409174334422573,3.3409174334422573,3.3409174334422573,3.3409174334422573,3.3409174334422573,3.3409174334422573,2.857017509271131,3.3409174334422573,3.3409174334422573,3.0679299607649284,2.3431179842606724,2.432215793861346,2.4186094448902224,-0.29724955652278595,0.4052727810428678,0.3897903331473458,5.226799041403979,5.336772088290303,4.472120751886024,6.580276824739542,6.640896748457791,3.3409174334422573,3.3409174334422573,3.3409174334422573,3.3409174334422573,3.3409174334422573,3.3409174334422573,3.3409174334422573,3.3409174334422573,3.3409174334422573,3.3409174334422573,3.3409174334422573,3.3409174334422573,3.3409174334422573,3.3409174334422573,3.3409174334422573,3.3409174334422573,3.3409174334422573,3.3409174334422573,3.3409174334422573,3.3409174334422573,3.3409174334422573,3.3409174334422573,3.3409174334422573,3.3409174334422573,3.3409174334422573,3.3409174334422573
97,4.3790632441487105,4.3790632441487105,4.3790632441487105,4.3790632441487105,4.3790632441487105,4.3790632441487105,4.3790632441487105,4.379063244148725,4.379063244148725,4.3790632441487105,4.3790632441487105,4.3790632441487105,4.3790632441487105,4.3790632441487105,4.3790632441487105,4.3790632441487105,4.3790632441487105,4.3790632441487105,4.3790632441487105,4.3790632441487105,4.3790632441487105,4.379063244148714,4.3790632441487105,4.379063244148714,4.134659432645321,6.189427309368355,7.2666857674871395,7.375690252306718,7.096378046207221,7.108617904865085,6.622769943944974,6.769466101853247,7.450116411351615,8.980512663044863,8.94102119952477,8.985740827619367,8.995371334372635,4.3790632441487105,4.3790632441487105,4.3790632441487105,4.3790632441487105,4.3790632441487105,4.3790632441487105,4.3790632441487105,4.3790632441487105,4.3790632441487105,4.3790632441487105,4.3790632441487105,4.379063244148725,4.3790632441487105,4.3790632441487105,4.3790632441487105,4.3790632441487105,4.3790632441487105,4.379063244148725,4.3790632441487105,4.379063244148725,4.379063244148725,4.3790632441487105,4.3790632441487105,4.3790632441487105,4.286373013857332,3.7219141694496543,4.6500334774606955,5.484619663096119,7.93500874280673,8.033584481201867,7.05469916448272,6.844769518469938,8.160626202971368,8.173363138981667,8.155919721039393,4.3790632441487105,4.3790632441487105,4.3790632441487105,4.3790632441487105,4.3790632441487105,4.3790632441487105,4.3790632441487105,4.3790632441487105,4.3790632441487105,4.3790632441487105,1.1308336110711679,2.3620941250098326,3.1483532072095954,4.170311305738068,4.8731066245457555,4.873111835272354,6.329873652545402,7.022700988425271,6.586209045261768,6.877915675825079,6.498799933561514,5.07240646558256,4.8714008786305385,4.68772951839648,1.0381458107064638,0.0,0.06827326600517858,6.265756513233782,6.102174836079662,6.245180927352415,8.434580899762892,8.673353001591352,3.5771661425316594,2.3177685637193868,1.188643162148594,-3.6061053392052287,4.379063244148703,4.379063244148696,4.888586815877815,4.967975727585397,4.891348394831539,4.0134630036646115,3.308304878882126,3.7883025897767766,4.21049592816928,6.373333571656673,3.6653010941318342,4.465594605848281,4.438314590968439,6.535354165126407,7.221754795371112,7.887933672133613,8.703505464603978,9.134419620416509,9.400868922562807,4.379063244148718,4.3790632441487105,4.379063244148718,4.3790632441487105,4.3790632441487105,4.3790632441487105,4.379063244148703,4.379063244148703,5.25151467353848,5.294351364125134,4.3790632441487105,1.6262333290623445,1.1466048001485802,2.8976215005308887,4.1407577389650925,3.93097955277851,3.6939459307434106,2.9780981255299395,4.3790632441487105,4.3790632441487105,4.3790632441487105,4.3790632441487105,4.3790632441487105,4.3790632441487105,4.3790632441487105,4.3790632441487105,4.3790632441487105,4.3790632441487105,4.3790632441487105,4.3790632441487105,4.3790632441487105,4.3790632441487105,4.3790632441487105,4.3790632441487105,3.895163319977584,4.3790632441487105,4.3790632441487105,4.106075771471382,3.3812637949671256,3.4703616045677848,3.456755255596647,0.7408962541836672,1.443418591749321,1.427936143853799,6.264944852110403,6.374917898996728,5.510266562592477,7.618422635445981,7.679042559164259,4.3790632441487105,4.3790632441487105,4.3790632441487105,4.3790632441487105,4.3790632441487105,4.3790632441487105,4.3790632441487105,4.3790632441487105,4.3790632441487105,4.3790632441487105,4.3790632441487105,4.3790632441487105,4.3790632441487105,4.3790632441487105,4.379063244148725,4.3790632441487105,4.3790632441487105,4.3790632441487105,4.3790632441487105,4.3790632441487105,4.3790632441487105,4.3790632441487105,4.3790632441487105,4.3790632441487105,4.379063244148696,4.3790632441487105
98,4.447336510153889,4.447336510153889,4.447336510153889,4.447336510153889,4.447336510153889,4.447336510153889,4.447336510153889,4.447336510153903,4.447336510153903,4.447336510153889,4.447336510153889,4.447336510153889,4.447336510153889,4.447336510153889,4.447336510153889,4.447336510153889,4.447336510153889,4.447336510153896,4.447336510153896,4.447336510153896,4.447336510153896,4.4473365101538995,4.447336510153896,4.447336510153892,4.202932698650496,6.257700575373526,7.334959033492311,7.4439635183118895,7.164651312212392,7.176891170870256,6.691043209950138,6.837739367858411,7.5183896773567795,9.048785929050027,9.009294465529933,9.05401409362453,9.063644600377799,4.447336510153889,4.447336510153889,4.447336510153889,4.447336510153889,4.447336510153889,4.447336510153889,4.447336510153889,4.447336510153889,4.447336510153889,4.447336510153889,4.447336510153889,4.447336510153903,4.447336510153889,4.447336510153889,4.447336510153889,4.447336510153889,4.447336510153889,4.447336510153903,4.447336510153889,4.447336510153903,4.447336510153903,4.447336510153889,4.447336510153889,4.447336510153889,4.354646279862511,3.7901874354548326,4.718306743465874,5.552892929101297,8.003282008811905,8.101857747207042,7.122972430487891,6.91304278447511,8.228899468976543,8.241636404986842,8.224192987044567,4.447336510153889,4.447336510153889,4.447336510153889,4.447336510153889,4.447336510153889,4.447336510153889,4.447336510153889,4.447336510153889,4.447336510153889,4.447336510153889,1.1991068770763462,2.430367391015011,3.216626473214774,4.238584571743246,4.941379890550934,4.9413851012775325,6.39814691855058,7.090974254430449,6.654482311266946,6.946188941830258,6.567073199566693,5.140679731587738,4.939674144635717,4.756002784401659,1.1064190767116422,0.06827326600517858,0.0,6.3340297792389535,6.170448102084833,6.313454193357586,8.50285416576807,8.74162626759653,3.645439408536838,2.3860418297245616,1.2569164281537653,-3.5378320732000574,4.447336510153882,4.447336510153875,4.9568600818829935,5.036248993590576,4.959621660836717,4.081736269669804,3.3765781448873327,3.8565758557819834,4.278769194174487,6.44160683766188,3.7335743601370197,4.533867871853467,4.506587856973624,6.603627431131585,7.29002806137629,7.956206938138791,8.771778730609157,9.202692886421687,9.469142188567986,4.447336510153903,4.447336510153896,4.447336510153903,4.447336510153896,4.447336510153896,4.447336510153896,4.447336510153889,4.447336510153889,5.319787939543659,5.362624630130313,4.447336510153896,1.6945065950675229,1.2148780661537586,2.965894766536067,4.209031004970271,3.999252818783688,3.762219196748589,3.046371391535118,4.447336510153889,4.447336510153889,4.447336510153889,4.447336510153889,4.447336510153889,4.447336510153889,4.447336510153889,4.447336510153889,4.447336510153889,4.447336510153889,4.447336510153889,4.447336510153889,4.447336510153889,4.447336510153889,4.447336510153889,4.447336510153889,3.9634365859827625,4.447336510153889,4.447336510153889,4.17434903747656,3.449537060972318,3.5386348705729915,3.525028521601854,0.8091695201888456,1.5116918577544993,1.4962094098589773,6.33321811811561,6.4431911650019345,5.5785398285976555,7.6866959014511735,7.747315825169437,4.447336510153889,4.447336510153889,4.447336510153889,4.447336510153889,4.447336510153889,4.447336510153889,4.447336510153889,4.447336510153889,4.447336510153889,4.447336510153889,4.447336510153889,4.447336510153889,4.447336510153889,4.447336510153889,4.447336510153903,4.447336510153889,4.447336510153889,4.447336510153889,4.447336510153889,4.447336510153889,4.447336510153889,4.447336510153889,4.447336510153889,4.447336510153889,4.447336510153875,4.447336510153889
99,1.8866932690850717,1.8866932690850717,1.8866932690850717,1.8866932690850717,1.8866932690850717,1.8866932690850717,1.8866932690850717,1.8866932690850717,1.8866932690850717,1.8866932690850717,1.8866932690850717,1.8866932690850717,1.8866932690850717,1.8866932690850717,1.8866932690850717,1.8866932690850717,1.8866932690850717,1.8866932690850717,1.8866932690850717,1.8866932690850717,1.8866932690850717,1.8866932690850717,1.8866932690850646,1.8866932690850646,2.131097080588461,0.07632920386542619,1.1535876619842114,1.2625921468037884,0.9832799407042856,0.9955197993621461,0.5096718384420313,0.6563679963503048,1.3370183058486695,2.867414557541913,2.8279230940218127,2.87264272211641,2.8822732288696855,1.8866932690850717,1.8866932690850717,1.8866932690850717,1.8866932690850717,1.8866932690850717,1.8866932690850717,1.8866932690850717,1.8866932690850717,1.8866932690850717,1.8866932690850717,1.8866932690850717,1.886693269085086,1.8866932690850717,1.8866932690850717,1.8866932690850717,1.8866932690850717,1.8866932690850717,1.886693269085086,1.8866932690850717,1.886693269085086,1.886693269085086,1.8866932690850575,1.8866932690850717,1.8866932690850717,1.9793834993764463,2.5438423437841244,3.4719616517951657,4.3065478374305926,6.7569369171412035,6.855512655536337,5.876627338817187,5.666697692804405,6.9825543773058385,6.995291313316137,6.977847895373863,1.8866932690850717,1.8866932690850788,1.8866932690850717,1.8866932690850717,1.8866932690850717,1.8866932690850717,1.8866932690850717,1.886693269085086,1.886693269085086,1.8866932690850717,-1.361536363992471,-0.13027585005380615,0.6559832321459567,1.6779413306744289,2.3807366494821167,2.3807418602087154,3.837503677481763,4.530331013361632,4.093839070198129,4.3855457007614405,4.0064299584978755,2.5800364905189213,2.3790309035668997,2.1953595433328417,5.227610702527315,6.265756513233775,6.3340297792389535,0.0,-0.16358167715412142,-0.02057558588136832,5.942210924699253,6.180983026527713,1.0847961674680064,-0.1746014113442662,-1.303726812915066,-6.098475314268889,1.8866932690850717,1.8866932690850717,2.3962168408141764,2.4756057525217585,2.3989784197679,1.5210930286009727,0.8159349038184871,1.2959326147131094,1.7181259531056128,3.8809635965930056,1.1729311190681884,1.9732246307846317,1.9459446159047857,4.042984190062782,4.729384820307473,5.395563697069974,6.2111354895403394,6.64204964535287,6.908498947499169,1.8866932690850788,1.8866932690850717,1.8866932690850788,1.8866932690850717,1.8866932690850717,1.8866932690850717,1.8866932690850646,1.8866932690850646,2.7591446984748416,2.8019813890614955,1.8866932690850717,-0.8661366460012943,-1.3457651749150585,0.40525152546724996,1.6483877639014537,1.438609577714871,1.2015759556797718,0.4857281504663007,1.8866932690850717,1.8866932690850717,1.8866932690850717,1.8866932690850717,1.8866932690850717,1.8866932690850717,1.8866932690850717,1.8866932690850717,1.8866932690850717,1.8866932690850717,1.8866932690850717,1.8866932690850717,1.8866932690850717,1.8866932690850717,1.8866932690850717,1.8866932690850717,1.4027933449139596,1.8866932690850717,1.8866932690850717,1.6137057964077428,0.8888938199034868,0.9779916295041602,0.9643852805330368,-1.7514737208799431,-1.048951383314261,-1.064433831209783,3.772574877046793,3.8825479239331173,3.0178965875288384,5.126052660382342,5.18667258410062,1.8866932690850717,1.8866932690850717,1.8866932690850717,1.8866932690850717,1.886693269085086,1.8866932690851002,1.8866932690850717,1.8866932690850717,1.8866932690850717,1.8866932690850717,1.8866932690850717,1.8866932690850717,1.8866932690850717,1.8866932690850717,1.8866932690850717,1.8866932690850717,1.8866932690850717,1.8866932690850717,1.8866932690850717,1.8866932690850717,1.8866932690850717,1.8866932690850717,1.8866932690850717,1.8866932690850717,1.8866932690850717,1.8866932690850717
100,1.7231115919309445,1.7231115919309445,1.7231115919309445,1.7231115919309445,1.7231115919309445,1.7231115919309445,1.7231115919309445,1.7231115919309445,1.7231115919309445,1.7231115919309445,1.7231115919309445,1.7231115919309445,1.7231115919309445,1.7231115919309445,1.7231115919309588,1.7231115919309588,1.7231115919309588,1.7231115919309516,1.7231115919309516,1.7231115919309516,1.7231115919309516,1.7231115919309516,1.7231115919309445,1.7231115919309445,1.967515403434339,-0.08725247328869479,0.9900059848300877,1.0990104696496648,0.819698263550162,0.8319381222080224,0.3460901612879077,0.49278631919618476,1.173436628694553,2.7038328803878002,2.6643414168676998,2.709061044962297,2.7186915517155725,1.7231115919309516,1.7231115919309516,1.7231115919309516,1.7231115919309516,1.7231115919309516,1.7231115919309445,1.7231115919309445,1.7231115919309445,1.7231115919309445,1.7231115919309445,1.7231115919309445,1.7231115919309588,1.7231115919309445,1.7231115919309445,1.7231115919309445,1.7231115919309445,1.7231115919309445,1.7231115919309588,1.7231115919309445,1.7231115919309588,1.7231115919309588,1.7231115919309445,1.7231115919309445,1.7231115919309445,1.8158018222223262,2.3802606666300044,3.308379974641042,4.142966160276465,6.593355239987076,6.69193097838221,5.71304566166306,5.503116015650278,6.818972700151711,6.83170963616201,6.8142662182197355,1.7231115919309516,1.7231115919309516,1.7231115919309445,1.7231115919309445,1.7231115919309445,1.7231115919309445,1.7231115919309516,1.7231115919309588,1.7231115919309588,1.7231115919309588,-1.525118041146584,-0.29385752720791913,0.4924015549918437,1.5143596535203159,2.2171549723280037,2.2171601830546024,3.67392200032765,4.366749336207519,3.9302573930440303,4.221964023607342,3.8428482813437768,2.4164548133648225,2.215449226412801,2.031777866178743,5.064029025373195,6.102174836079655,6.170448102084833,-0.16358167715412142,0.0,0.14300609127275354,5.778629247545155,6.017401349373614,0.9212144903138864,-0.3381830884983863,-1.4673084900691862,-6.262056991423009,1.7231115919309516,1.7231115919309516,2.2326351636600634,2.3120240753676455,2.235396742613787,1.3575113514468597,0.6523532266643741,1.1323509375590106,1.554544275951514,3.717381919438907,1.0093494419140683,1.8096429536305116,1.7823629387506656,3.879402512908669,4.56580314315336,5.2319820199158755,6.047553812386241,6.478467968198771,6.74491727034507,1.7231115919309588,1.7231115919309516,1.7231115919309588,1.7231115919309516,1.7231115919309516,1.7231115919309516,1.7231115919309445,1.7231115919309445,2.5955630213207286,2.6383997119073825,1.7231115919309516,-1.0297183231554072,-1.5093468520691715,0.24166984831313698,1.4848060867473407,1.275027900560758,1.0379942785256588,0.3221464733121877,1.7231115919309588,1.7231115919309588,1.7231115919309588,1.7231115919309588,1.7231115919309445,1.7231115919309445,1.7231115919309445,1.7231115919309445,1.7231115919309445,1.7231115919309445,1.7231115919309588,1.723111591930973,1.723111591930973,1.723111591930973,1.7231115919309445,1.7231115919309445,1.2392116677598466,1.7231115919309445,1.7231115919309445,1.4501241192536156,0.7253121427493596,0.814409952350033,0.8008036033789097,-1.9150553980340703,-1.2125330604683882,-1.2280155083639102,3.608993199892666,3.71896624677899,2.854314910374711,4.962470983228215,5.023090906946493,1.7231115919309445,1.7231115919309445,1.7231115919309445,1.7231115919309445,1.7231115919309445,1.7231115919309445,1.7231115919309445,1.7231115919309445,1.7231115919309445,1.7231115919309445,1.7231115919309445,1.7231115919309445,1.7231115919309445,1.7231115919309445,1.7231115919309445,1.7231115919309445,1.7231115919309445,1.7231115919309445,1.7231115919309445,1.7231115919309445,1.7231115919309445,1.7231115919309445,1.7231115919309445,1.7231115919309445,1.7231115919309445,1.7231115919309445
101,1.8661176832036972,1.8661176832036972,1.8661176832036972,1.8661176832036972,1.8661176832036972,1.8661176832036972,1.8661176832036972,1.8661176832036972,1.8661176832036972,1.8661176832036972,1.8661176832036972,1.8661176832036972,1.8661176832036972,1.8661176832036972,1.8661176832036972,1.8661176832036972,1.8661176832036972,1.8661176832037043,1.8661176832037043,1.8661176832037043,1.8661176832037043,1.8661176832037043,1.8661176832036972,1.8661176832036972,2.1105214947070934,0.05575361798405609,1.1330120761028404,1.2420165609224192,0.9627043548229146,0.9749442134807751,0.48909625256066036,0.6357924104689374,1.3164427199673057,2.846838971660546,2.8073475081404453,2.8520671362350427,2.861697642988318,1.8661176832036972,1.8661176832036972,1.8661176832036972,1.8661176832036972,1.8661176832036972,1.8661176832036972,1.8661176832036972,1.8661176832036972,1.8661176832036972,1.8661176832036972,1.8661176832036972,1.8661176832037114,1.8661176832036972,1.8661176832036972,1.8661176832036972,1.8661176832036972,1.8661176832036972,1.8661176832037114,1.8661176832036972,1.8661176832037114,1.8661176832037114,1.866117683203683,1.8661176832036972,1.8661176832036972,1.9588079134950789,2.5232667579027535,3.4513860659137947,4.285972251549225,6.736361331259836,6.83493706965497,5.856051752935819,5.646122106923038,6.961978791424471,6.97471572743477,6.957272309492495,1.8661176832036972,1.8661176832036972,1.8661176832036972,1.8661176832036972,1.8661176832036972,1.8661176832036972,1.8661176832036972,1.8661176832036972,1.8661176832036972,1.8661176832036972,-1.3821119498738454,-0.1508514359351807,0.6354076462645821,1.6573657447930543,2.360161063600742,2.360166274327341,3.8169280916003743,4.509755427480258,4.073263484316755,4.364970114880066,3.985854372616501,2.5594609046375467,2.358455317685525,2.174783957451467,5.20703511664594,6.245180927352401,6.313454193357579,-0.02057558588136832,0.14300609127275354,0.0,5.921635338817879,6.160407440646338,1.064220581586639,-0.19517699722563364,-1.3243023987964335,-6.119050900150256,1.86611768320369,1.866117683203683,2.375641254932802,2.455030166640384,2.3784028338865255,1.5005174427195982,0.7953593179371268,1.2753570288317633,1.6975503672242667,3.8603880107116595,1.152355533186821,1.9526490449032678,1.9253690300234254,4.0224086041814076,4.7088092344260986,5.3749881111886,6.190559903658965,6.621474059471495,6.887923361617794,1.8661176832037114,1.8661176832037043,1.8661176832037114,1.8661176832037043,1.8661176832037043,1.8661176832037043,1.8661176832036972,1.8661176832036972,2.738569112593467,2.781405803180121,1.8661176832037043,-0.8867122318826688,-1.366340760796433,0.3846759395858754,1.6278121780200792,1.4180339918334965,1.1810003697983973,0.46515256458492615,1.8661176832036972,1.8661176832036972,1.8661176832036972,1.8661176832036972,1.8661176832036972,1.8661176832036972,1.8661176832036972,1.8661176832036972,1.8661176832036972,1.8661176832036972,1.8661176832036972,1.8661176832036972,1.8661176832036972,1.8661176832036972,1.8661176832036972,1.8661176832036972,1.382217759032585,1.8661176832036972,1.8661176832036972,1.5931302105263683,0.8683182340221123,0.9574160436227714,0.9438096946516339,-1.772049306761346,-1.0695269691956923,-1.0850094170912143,3.75199929116539,3.8619723380517144,2.997321001647464,5.105477074500968,5.1660969982192455,1.8661176832036972,1.8661176832036972,1.8661176832036972,1.8661176832036972,1.8661176832036972,1.8661176832036972,1.8661176832036972,1.8661176832036972,1.8661176832036972,1.8661176832036972,1.8661176832036972,1.8661176832036972,1.8661176832036972,1.8661176832036972,1.8661176832036972,1.8661176832036972,1.8661176832036972,1.8661176832036972,1.8661176832036972,1.8661176832036972,1.8661176832036972,1.8661176832036972,1.8661176832036972,1.8661176832036972,1.8661176832036972,1.8661176832036972
102,4.05551765561421,4.05551765561421,4.05551765561421,4.05551765561421,4.05551765561421,4.05551765561421,4.05551765561421,4.05551765561421,4.05551765561421,4.05551765561421,4.05551765561421,4.05551765561421,4.05551765561421,4.05551765561421,4.055517655614224,4.055517655614224,4.055517655614224,4.055517655614224,4.055517655614224,4.05551765561421,4.05551765561421,4.05551765561421,4.05551765561421,4.05551765561421,3.811113844110821,5.8658817208338405,6.943140178952632,7.052144663772225,6.772832457672706,6.78507231633057,6.299224355410445,6.445920513318725,7.1265708228170865,8.656967074510334,8.617475610990226,8.66219523908481,8.671825745838106,4.055517655614196,4.055517655614182,4.055517655614182,4.055517655614182,4.055517655614182,4.055517655614182,4.05551765561421,4.05551765561421,4.05551765561421,4.05551765561421,4.05551765561421,4.05551765561421,4.05551765561421,4.0555176556142385,4.0555176556142385,4.0555176556142385,4.0555176556142385,4.055517655614267,4.05551765561421,4.05551765561421,4.05551765561421,4.055517655614182,4.055517655614182,4.055517655614182,4.1482078859055775,4.712666730313259,5.640786038324308,6.475372223959738,8.925761303670328,9.02433704206544,8.045451725346283,7.8355220793334865,9.15137876383497,9.164115699845269,9.146672281902994,4.055517655614182,4.055517655614182,4.055517655614182,4.055517655614182,4.055517655614182,4.055517655614153,4.055517655614182,4.05551765561421,4.05551765561421,4.055517655614224,7.303747288691753,6.072486774753081,5.286227692553325,4.264269594024853,3.561474275217158,3.5614690644905522,2.1047072472175046,1.4118799113376337,1.8483718545011314,1.5566652239378005,1.9357809662013725,0.5093874982224271,0.30838191127039494,0.12471055103634754,7.396435089056467,8.43458089976292,8.502854165768099,5.942210924699253,5.778629247545155,5.921635338817907,0.0,0.2387721018284612,3.253620553997166,1.994222975184897,0.8650975736140936,-3.9296509277397433,4.055517655614182,4.055517655614182,3.576954466549232,3.6563433782568,3.579716045502934,2.701830654336014,1.9966725295535284,2.4766702404481578,2.8988635788406754,5.061701222328061,3.3417555055973196,4.142049017313752,4.114769002433917,5.223711394344612,5.910112024589303,6.576290901351818,7.391862693822205,7.822776849634735,8.08922615178102,4.05551765561421,4.055517655614196,4.05551765561421,4.05551765561421,4.055517655614196,4.055517655614196,4.055517655614196,4.055517655614196,5.345472961825266,5.388309652411905,4.055517655614224,7.799147006682944,7.319518477769179,9.070535178151488,10.313671416585692,3.6074339642440236,3.3704003422089244,2.6545525369954532,4.055517655614224,4.055517655614224,4.055517655614224,4.055517655614224,4.05551765561421,4.05551765561421,4.05551765561421,4.05551765561421,4.05551765561421,4.055517655614196,4.055517655614196,4.05551765561421,4.05551765561421,4.05551765561421,4.05551765561421,4.05551765561421,3.571617731443112,4.05551765561421,4.05551765561421,3.782530182936881,3.057718206432625,3.1468160160332843,3.1332096670621468,0.41735066564913836,1.1198730032148205,1.1043905553192985,5.941399263575903,6.051372310462227,5.186720974057977,7.2948770469114805,7.355496970629758,4.05551765561421,4.05551765561421,4.05551765561421,4.05551765561421,4.055517655614224,4.0555176556142385,4.05551765561421,4.05551765561421,4.05551765561421,4.05551765561421,4.05551765561421,4.05551765561421,4.05551765561421,4.05551765561421,4.05551765561421,4.05551765561421,4.05551765561421,4.05551765561421,4.05551765561421,4.05551765561421,4.05551765561421,4.05551765561421,4.05551765561421,4.05551765561421,4.05551765561421,4.05551765561421
103,4.2942897574426695,4.2942897574426695,4.2942897574426695,4.2942897574426695,4.2942897574426695,4.2942897574426695,4.2942897574426695,4.294289757442684,4.294289757442684,4.2942897574426695,4.2942897574426695,4.2942897574426695,4.2942897574426695,4.2942897574426695,4.294289757442684,4.294289757442684,4.294289757442684,4.294289757442684,4.294289757442684,4.2942897574426695,4.2942897574426695,4.2942897574426695,4.2942897574426695,4.2942897574426695,4.049885945939252,6.1046538226622715,7.181912280781063,7.290916765600656,7.011604559501137,7.023844418159001,6.537996457238876,6.684692615147156,7.3653429246455175,8.895739176338765,8.856247712818657,8.90096734091324,8.910597847666537,4.294289757442655,4.294289757442641,4.294289757442641,4.294289757442641,4.294289757442641,4.294289757442641,4.2942897574426695,4.2942897574426695,4.2942897574426695,4.2942897574426695,4.2942897574426695,4.2942897574426695,4.2942897574426695,4.2942897574426695,4.2942897574426695,4.2942897574426695,4.2942897574426695,4.294289757442698,4.2942897574426695,4.2942897574426695,4.2942897574426695,4.294289757442641,4.294289757442641,4.294289757442641,4.386979987734037,4.951438832141719,5.879558140152767,6.714144325788197,9.164533405498815,9.263109143893928,8.28422382717477,8.074294181161974,9.390150865663458,9.402887801673756,9.385444383731482,4.294289757442641,4.294289757442641,4.294289757442641,4.294289757442641,4.294289757442641,4.294289757442613,4.294289757442641,4.2942897574426695,4.2942897574426695,4.294289757442684,7.542519390520212,6.31125887658154,5.524999794381785,4.5030416958533195,3.8002463770456245,3.800241166319015,2.3434793490459676,1.650652013166095,2.087143956329591,1.79543732576626,2.1745530680298337,0.7481596000508866,0.5471540130988544,0.36348265286480697,7.635207190884927,8.67335300159138,8.741626267596558,6.180983026527684,6.017401349373586,6.160407440646338,0.2387721018284612,0.0,3.4923926558256255,2.2329950770133564,1.103869675442553,-3.690878825911284,4.294289757442641,4.294289757442641,3.8157265683776984,3.8951154800852663,3.8184881473314007,2.9406027561644805,2.235444631382002,2.7154423422766314,3.137635680669149,5.300473324156528,3.580527607425779,4.380821119142212,4.353541104262376,5.462483496173071,6.148884126417762,6.815063003180278,7.630634795650664,8.061548951463195,8.32799825360948,4.2942897574426695,4.294289757442655,4.294289757442655,4.2942897574426695,4.294289757442655,4.2942897574426695,4.294289757442655,4.294289757442655,5.584245063653732,5.627081754240372,4.294289757442684,8.037919108511403,7.558290579597639,9.309307279979947,10.552443518414151,3.846206066072483,3.609172444037384,2.8933246388239127,4.294289757442684,4.294289757442684,4.294289757442684,4.294289757442684,4.2942897574426695,4.2942897574426695,4.2942897574426695,4.2942897574426695,4.2942897574426695,4.2942897574426695,4.2942897574426695,4.2942897574426695,4.2942897574426695,4.2942897574426695,4.294289757442698,4.294289757442698,3.8103898332715715,4.2942897574426695,4.2942897574426695,4.021302284765341,3.2964903082610846,3.3855881178617437,3.371981768890606,0.6561227674775978,1.3586451050432515,1.3431626571477295,6.180171365404362,6.290144412290687,5.425493075886436,7.53364914873994,7.594269072458218,4.2942897574426695,4.2942897574426695,4.2942897574426695,4.2942897574426695,4.2942897574426695,4.2942897574426695,4.2942897574426695,4.2942897574426695,4.2942897574426695,4.2942897574426695,4.2942897574426695,4.2942897574426695,4.2942897574426695,4.2942897574426695,4.294289757442684,4.2942897574426695,4.2942897574426695,4.2942897574426695,4.2942897574426695,4.2942897574426695,4.2942897574426695,4.2942897574426695,4.2942897574426695,4.2942897574426695,4.294289757442655,4.2942897574426695
104,-0.8018971016170724,-0.8018971016170724,-0.8018971016170724,-0.8018971016170724,-0.8018971016170724,-0.8018971016170724,-0.8018971016170724,-0.8018971016170724,-0.8018971016170724,-0.8018971016170724,-0.8018971016170724,-0.8018971016170724,-0.8018971016170724,-0.8018971016170724,-0.8018971016170582,-0.8018971016170582,-0.8018971016170511,-0.8018971016170475,-0.8018971016170475,-0.801897101617044,-0.801897101617044,-0.8018971016170475,-0.8018971016170546,-0.8018971016170555,-1.0463009131204508,1.008466963602583,2.085725421721367,2.1947299065409425,1.9154177004414414,1.927657559099302,1.4418095981791907,1.5885057560874642,2.2691560655858325,3.7995523172790726,3.760060853758972,3.8047804818535695,3.814410988606845,-0.8018971016170475,-0.8018971016170475,-0.801897101617044,-0.801897101617044,-0.801897101617044,-0.801897101617044,-0.801897101617044,-0.801897101617044,-0.801897101617044,-0.801897101617044,-0.801897101617044,-0.8018971016170298,-0.801897101617044,-0.801897101617044,-0.801897101617044,-0.801897101617044,-0.801897101617044,-0.8018971016170298,-0.8018971016170369,-0.8018971016170298,-0.8018971016170298,-0.801897101617044,-0.8018971016170369,-0.8018971016170298,-0.709206871325673,-0.14474802691799482,0.7833712810930464,1.6179574667284697,4.068346546439084,4.166922284834222,3.188036968115071,2.9781073221022893,4.293964006603723,4.306700942614022,4.289257524671747,-0.801897101617044,-0.8018971016170369,-0.801897101617044,-0.801897101617044,-0.801897101617044,-0.8018971016170511,-0.801897101617044,-0.8018971016170369,-0.801897101617044,-0.8018971016170511,-4.050126734694587,-2.818866220755922,-2.032607138556159,-1.0106490400276869,-0.307853721219999,-0.30784851049340034,1.1489133067796473,1.8417406426595164,1.4052486994960134,1.696955330059339,1.3178395877957598,-0.10855388018319445,-0.309559467135216,-0.49323082736927404,2.5390203318251956,3.577166142531656,3.645439408536838,1.08479616746801,0.9212144903138899,1.0642205815866461,3.2536205539971377,3.492392655825597,0.0,-1.2593975788122733,-2.388522980383073,-7.1832714817368934,-0.801897101617044,-0.801897101617044,-0.2923735298879393,-0.2129846181803572,-0.28961195093421566,-1.167497342101143,-1.8726554668836286,-1.3926577559890063,-0.9704644175965029,1.19237322589089,-1.515659251633931,-0.7153657399174911,-0.7426457547973371,1.3543938193606664,2.0407944496053574,2.7069733263678586,3.522545118838252,3.9534592746507826,4.219908576797067,-0.8018971016170369,-0.801897101617044,-0.8018971016170369,-0.801897101617044,-0.801897101617044,-0.801897101617044,-0.8018971016170475,-0.8018971016170475,0.07055432777272586,0.11339101835937981,-0.801897101617044,-3.55472701670341,-4.034355545617174,-2.2833388452348657,-1.040202606800662,-1.2499807929872588,-1.487014415022358,-2.2028622202358292,-0.8018971016170511,-0.8018971016170511,-0.801897101617044,-0.801897101617044,-0.8018971016170724,-0.8018971016170724,-0.8018971016170724,-0.8018971016170724,-0.8018971016170724,-0.8018971016170724,-0.8018971016170724,-0.8018971016170724,-0.8018971016170724,-0.8018971016170724,-0.8018971016170724,-0.8018971016170724,-1.2857970257881703,-0.8018971016170724,-0.8018971016170724,-1.0748845742944013,-1.7996965507986573,-1.710598741197984,-1.7242050901691073,-4.4400640915821015,-3.7375417540164335,-3.7530242019119555,1.083984506344649,1.1939575532309732,0.32930621682669425,2.4374622896802123,2.4980822133984617,-0.8018971016170724,-0.8018971016170724,-0.8018971016170724,-0.8018971016170724,-0.8018971016170724,-0.8018971016170724,-0.8018971016170724,-0.8018971016170724,-0.8018971016170724,-0.8018971016170724,-0.8018971016170724,-0.8018971016170724,-0.8018971016170724,-0.8018971016170724,-0.8018971016170724,-0.8018971016170724,-0.8018971016170724,-0.8018971016170724,-0.8018971016170724,-0.8018971016170724,-0.8018971016170724,-0.8018971016170724,-0.8018971016170724,-0.8018971016170724,-0.8018971016170724,-0.8018971016170724
105,-2.0612946804293415,-2.0612946804293415,-2.0612946804293415,-2.0612946804293415,-2.0612946804293415,-2.0612946804293415,-2.0612946804293415,-2.0612946804293415,-2.0612946804293415,-2.0612946804293415,-2.0612946804293415,-2.0612946804293415,-2.0612946804293415,-2.0612946804293415,-2.0612946804293273,-2.0612946804293273,-2.06129468042932,-2.0612946804293237,-2.0612946804293237,-2.06129468042932,-2.06129468042932,-2.0612946804293237,-2.061294680429329,-2.06129468042933,-2.305698491932727,-0.2509306152096933,0.826327842909091,0.9353323277286663,0.6560201216291688,0.6682599802870328,0.18241201936692164,0.32910817727519515,1.0097584867735634,2.5401547384668106,2.50066327494671,2.5453829030413004,2.555013409794576,-2.0612946804293237,-2.0612946804293273,-2.0612946804293273,-2.0612946804293344,-2.0612946804293344,-2.0612946804293415,-2.0612946804293415,-2.0612946804293415,-2.0612946804293415,-2.0612946804293415,-2.0612946804293415,-2.0612946804293273,-2.0612946804293415,-2.0612946804293415,-2.0612946804293415,-2.0612946804293415,-2.0612946804293415,-2.0612946804293273,-2.0612946804293415,-2.0612946804293273,-2.0612946804293273,-2.0612946804293344,-2.0612946804293273,-2.0612946804293415,-1.9686044501379474,-1.404145605730271,-0.4760262977192298,0.35855988791619353,2.808948967626801,2.9075247060219382,1.9286393893027878,1.718709743290006,3.0345664277914395,3.0473033638017384,3.0298599458594637,-2.0612946804293344,-2.0612946804293273,-2.0612946804293344,-2.0612946804293344,-2.0612946804293344,-2.0612946804293415,-2.0612946804293344,-2.0612946804293273,-2.0612946804293344,-2.061294680429313,-5.309524313506856,-4.078263799568191,-3.292004717368428,-2.270046618839956,-1.567251300032268,-1.5672460893056694,-0.11048427203262179,0.5823430638472473,0.14585112068374428,0.43755775124706986,0.05844200898349072,-1.3679514589954636,-1.568957045947485,-1.7526284061815431,1.2796227530129194,2.3177685637193797,2.3860418297245616,-0.1746014113442662,-0.3381830884983863,-0.1951769972256301,1.9942229751848686,2.232995077013328,-1.2593975788122733,0.0,-1.1291254015707999,-5.923873902924622,-2.0612946804293344,-2.0612946804293344,-1.5517711087002084,-1.4723821969926263,-1.5490095297464848,-2.426894920913412,-3.1320530456958977,-2.6520553348012754,-2.229861996408772,-0.0670243529213792,-2.7750568304462035,-1.9747633187297602,-2.002043333609606,0.09499624054839728,0.7813968707930883,1.4475757475555895,2.263147540025983,2.6940616958385135,2.960510997984798,-2.061294680429313,-2.06129468042932,-2.0612946804293166,-2.0612946804293237,-2.0612946804293273,-2.0612946804293273,-2.0612946804293237,-2.0612946804293237,-1.1888432510395432,-1.1460065604528893,-2.06129468042932,-4.814124595515679,-5.293753124429443,-3.542736424047135,-2.299600185612931,-2.5093783717995137,-2.746411993834613,-3.462259799048084,-2.06129468042932,-2.061294680429313,-2.061294680429313,-2.061294680429313,-2.0612946804293415,-2.0612946804293415,-2.0612946804293415,-2.0612946804293415,-2.0612946804293415,-2.0612946804293415,-2.0612946804293415,-2.0612946804293415,-2.0612946804293415,-2.0612946804293273,-2.061294680429313,-2.061294680429313,-2.5451946046004252,-2.0612946804293415,-2.0612946804293415,-2.3342821531066704,-3.0590941296109264,-2.969996320010253,-2.9836026689813764,-5.699461670394371,-4.996939332828703,-5.012421780724225,-0.17541307246762017,-0.06544002558129591,-0.9300913619855748,1.1780647108679432,1.2386846345861926,-2.0612946804293415,-2.0612946804293415,-2.0612946804293415,-2.0612946804293415,-2.0612946804293415,-2.0612946804293415,-2.0612946804293415,-2.0612946804293415,-2.0612946804293415,-2.0612946804293415,-2.0612946804293415,-2.0612946804293415,-2.0612946804293415,-2.0612946804293415,-2.0612946804293415,-2.0612946804293415,-2.0612946804293415,-2.0612946804293415,-2.0612946804293415,-2.0612946804293415,-2.0612946804293415,-2.0612946804293415,-2.0612946804293415,-2.0612946804293415,-2.0612946804293415,-2.0612946804293415
106,-3.1904200820001165,-3.1904200820001165,-3.1904200820001165,-3.1904200820001165,-3.1904200820001165,-3.1904200820001165,-3.1904200820001165,-3.1904200820001165,-3.1904200820001165,-3.1904200820001165,-3.1904200820001165,-3.1904200820001165,-3.1904200820001165,-3.1904200820001165,-3.1904200820001165,-3.1904200820001165,-3.1904200820001165,-3.1904200820001236,-3.190420082000127,-3.1904200820001236,-3.1904200820001236,-3.19042008200012,-3.190420082000127,-3.190420082000129,-3.434823893503525,-1.3800560167804896,-0.3027975586617053,-0.19379307384213007,-0.47310527994162754,-0.4608654212837635,-0.9467133822038747,-0.8000172242956012,-0.11936691479723294,1.4110293368960143,1.3715378733759138,1.4162575014705112,1.4258880082237795,-3.190420082000127,-3.1904200820001307,-3.1904200820001307,-3.190420082000138,-3.190420082000138,-3.190420082000145,-3.190420082000145,-3.190420082000145,-3.190420082000145,-3.190420082000145,-3.190420082000145,-3.1904200820001307,-3.190420082000145,-3.190420082000145,-3.190420082000145,-3.190420082000145,-3.190420082000145,-3.1904200820001307,-3.190420082000145,-3.1904200820001307,-3.1904200820001307,-3.190420082000138,-3.1904200820001307,-3.190420082000145,-3.0977298517087455,-2.5332710073010674,-1.605151699290026,-0.7705655136546028,1.6798235660560152,1.778399304451149,0.7995139877319986,0.5895843417192168,1.9054410262206503,1.9181779622309492,1.9007345442886745,-3.190420082000138,-3.1904200820001307,-3.190420082000138,-3.190420082000138,-3.190420082000138,-3.190420082000145,-3.190420082000138,-3.1904200820001307,-3.1904200820001307,-3.1904200820001165,-6.438649715077659,-5.207389201138994,-4.421130118939232,-3.3991720204107594,-2.6963767016030715,-2.696371490876473,-1.2396096736034252,-0.5467823377235561,-0.9832742808870591,-0.6915676503237336,-1.0706833925873127,-2.497076860566267,-2.6980824475182885,-2.8817538077523466,0.15049735144212306,1.188643162148587,1.2569164281537653,-1.3037268129150625,-1.4673084900691826,-1.3243023987964264,0.8650975736140651,1.1038696754425246,-2.388522980383073,-1.1291254015707999,0.0,-4.794748501353822,-3.190420082000138,-3.190420082000138,-2.680896510271012,-2.6015075985634297,-2.678134931317288,-3.5560203224842155,-4.261178447266701,-3.781180736372079,-3.3589873979795755,-1.1961497544921826,-3.9041822320170034,-3.10388872030056,-3.131168735180406,-1.0341291610224062,-0.34772853077771515,0.31845034598478605,1.1340221384551796,1.56493629426771,1.8313855964139947,-3.1904200820001165,-3.1904200820001236,-3.19042008200012,-3.190420082000127,-3.1904200820001307,-3.1904200820001307,-3.190420082000127,-3.190420082000127,-2.3179686526103467,-2.2751319620236927,-3.1904200820001236,-5.9432499970864825,-6.422878526000247,-4.671861825617938,-3.4287255871837345,-3.638503773370317,-3.8755373954054164,-4.5913852006188876,-3.1904200820001094,-3.1904200820001023,-3.1904200820001023,-3.1904200820001023,-3.1904200820001165,-3.1904200820001165,-3.1904200820001165,-3.1904200820001165,-3.1904200820001165,-3.1904200820001165,-3.1904200820001165,-3.1904200820001165,-3.1904200820001165,-3.1904200820001023,-3.190420082000088,-3.190420082000088,-3.6743200061712287,-3.1904200820001165,-3.1904200820001165,-3.4634075546774454,-4.188219531181701,-4.099121721581028,-4.112728070552151,-6.828587071965146,-6.126064734399478,-6.141547182295,-1.3045384740383952,-1.194565427152071,-2.05921676355635,0.048939309297168165,0.10955923301541759,-3.1904200820001165,-3.1904200820001165,-3.1904200820001165,-3.1904200820001165,-3.1904200820001165,-3.1904200820001165,-3.1904200820001165,-3.1904200820001165,-3.1904200820001165,-3.1904200820001165,-3.1904200820001165,-3.1904200820001165,-3.1904200820001165,-3.1904200820001165,-3.1904200820001165,-3.1904200820001165,-3.1904200820001165,-3.1904200820001165,-3.1904200820001165,-3.1904200820001165,-3.1904200820001165,-3.1904200820001165,-3.1904200820001165,-3.1904200820001165,-3.1904200820001165,-3.1904200820001165
107,-7.985168583353953,-7.985168583353953,-7.985168583353953,-7.985168583353953,-7.985168583353953,-7.985168583353953,-7.985168583353953,-7.985168583353953,-7.985168583353953,-7.985168583353953,-7.985168583353953,-7.985168583353953,-7.985168583353953,-7.985168583353953,-7.985168583353953,-7.985168583353953,-7.985168583353953,-7.985168583353946,-7.985168583353946,-7.985168583353946,-7.985168583353946,-7.985168583353943,-7.98516858335395,-7.985168583353948,-8.229572394857342,-6.174804518134309,-5.0975460600155245,-4.988541575195946,-5.267853781295443,-5.255613922637579,-5.74146188355769,-5.594765725649417,-4.9141154161510485,-3.3837191644578013,-3.4232106279778947,-3.3784909998832973,-3.368860493130029,-7.985168583353953,-7.985168583353953,-7.985168583353953,-7.985168583353953,-7.985168583353953,-7.985168583353953,-7.985168583353953,-7.985168583353953,-7.985168583353953,-7.985168583353953,-7.985168583353953,-7.985168583353939,-7.985168583353953,-7.985168583353953,-7.985168583353953,-7.985168583353953,-7.985168583353953,-7.985168583353939,-7.985168583353953,-7.985168583353939,-7.985168583353939,-7.9851685833539605,-7.985168583353939,-7.985168583353925,-7.892478353062565,-7.3280195086548865,-6.399900200643842,-5.565314015008415,-3.1149249352978075,-3.0163491969026737,-3.995234513621824,-4.205164159634606,-2.8893074751331724,-2.8765705391228735,-2.894013957065148,-7.985168583353953,-7.985168583353953,-7.985168583353953,-7.985168583353946,-7.985168583353953,-7.985168583353953,-7.985168583353946,-7.985168583353946,-7.985168583353953,-7.985168583353953,-11.233398216431496,-10.002137702492831,-9.215878620293068,-8.193920521764596,-7.491125202956908,-7.49111999223031,-6.034358174957262,-5.341530839077393,-5.778022782240896,-5.486316151677585,-5.86543189394115,-7.291825361920104,-7.492830948872125,-7.6765023091061835,-4.644251149911696,-3.606105339205236,-3.5378320732000574,-6.098475314268882,-6.262056991423002,-6.119050900150249,-3.9296509277397718,-3.6908788259113123,-7.183271481736894,-5.923873902924622,-4.794748501353822,0.0,-7.985168583353953,-7.9851685833539605,-7.475645011624849,-7.396256099917267,-7.472883432671125,-8.350768823838052,-9.055926948620538,-8.575929237725916,-8.153735899333412,-5.9908982558460195,-8.698930733370826,-7.898637221654383,-7.925917236534229,-5.828877662376243,-5.142477032131552,-4.476298155369051,-3.6607263628986857,-3.2298122070861552,-2.9633629049398564,-7.985168583353939,-7.985168583353946,-7.985168583353939,-7.985168583353946,-7.985168583353946,-7.985168583353946,-7.98516858335395,-7.985168583353946,-7.112717153964184,-7.06988046337753,-7.985168583353946,-10.73799849844032,-11.217627027354084,-9.466610326971775,-8.223474088537571,-8.433252274724154,-8.670285896759253,-9.386133701972724,-7.985168583353953,-7.985168583353953,-7.985168583353953,-7.985168583353953,-7.985168583353953,-7.985168583353953,-7.985168583353953,-7.985168583353953,-7.985168583353953,-7.985168583353939,-7.985168583353939,-7.985168583353953,-7.985168583353953,-7.985168583353953,-7.985168583353925,-7.985168583353925,-8.469068507525066,-7.985168583353953,-7.985168583353953,-8.258156056031282,-8.982968032535538,-8.893870222934865,-8.907476571906003,-11.623335573318997,-10.920813235753315,-10.936295683648837,-6.0992869753922605,-5.989313928505936,-6.853965264910187,-4.745809192056669,-4.685189268338405,-7.985168583353953,-7.985168583353953,-7.985168583353953,-7.985168583353953,-7.985168583353968,-7.985168583353982,-7.985168583353953,-7.985168583353953,-7.985168583353953,-7.985168583353953,-7.985168583353953,-7.985168583353953,-7.985168583353953,-7.985168583353953,-7.985168583353953,-7.985168583353953,-7.985168583353953,-7.985168583353953,-7.985168583353953,-7.985168583353953,-7.985168583353953,-7.985168583353953,-7.985168583353953,-7.985168583353953,-7.985168583353953,-7.985168583353953
108,0.0,0.0,0.0,0.0,0.0,0.0,0.0,0.0,0.0,0.0,0.0,0.0,0.0,0.0,0.0,0.0,0.0,-7.105427357601002e-15,-7.105427357601002e-15,0.0,0.0,0.0,0.0,0.0,-0.24440381150339618,1.8103640652196376,2.887622523338422,2.9966270081580006,2.717314802058496,2.72955466071636,2.243706699796249,2.3904028577045153,3.0710531672028765,4.601449418896124,4.56195795537603,4.606677583470628,4.616308090223896,3.552713678800501e-15,3.552713678800501e-15,-1.7763568394002505e-15,0.0,0.0,0.0,0.0,3.552713678800501e-15,3.552713678800501e-15,0.0,-7.105427357601002e-15,0.0,0.0,0.0,0.0,0.0,0.0,7.105427357601002e-15,3.552713678800501e-15,1.4210854715202004e-14,1.4210854715202004e-14,-3.552713678800501e-15,3.552713678800501e-15,0.0,0.09269023029138168,0.6571490746990563,1.5852683827100975,2.419854568345521,4.870243648056132,4.968819386451273,3.9899340697321293,3.7800044237193475,5.095861108220774,5.108598044231073,5.091154626288798,0.0,0.0,-3.552713678800501e-15,-7.105427357601002e-15,-7.105427357601002e-15,-1.0658141036401503e-14,0.0,3.552713678800501e-15,0.0,0.0,-3.2482296330775426,-2.016969119138878,-1.230710036939115,-0.20875193841064288,0.494043380397045,0.49404859112364363,1.9508104083966913,2.6436377442765604,2.2071458011130716,2.498852431676397,2.119736689412832,0.6933432214338779,0.4923376344818564,0.30866627424779836,3.3409174334422502,4.3790632441487105,4.447336510153889,1.8866932690850646,1.7231115919309445,1.8661176832037043,4.05551765561421,4.2942897574426695,-0.8018971016170582,-2.0612946804293344,-3.1904200820001307,-7.985168583353953,0.0,-3.1086244689504383e-15,0.5095235717291047,0.5889124834366868,0.5122851506828283,-0.365600240484099,-1.0707583652665846,-0.5907606543719623,-0.16856731597945895,1.9942703275079339,-0.7137621500168763,0.08653136169957065,0.05925134681972821,2.156290920977696,2.842691551222387,3.5088704279848884,4.324442220455268,4.755356376267798,5.021805678414097,7.105427357601002e-15,0.0,7.105427357601002e-15,0.0,0.0,0.0,-3.552713678800501e-15,-7.105427357601002e-15,0.8724514293897698,0.9152881199764238,-7.105427357601002e-15,-2.752829915086366,-3.2324584440001303,-1.4814417436178218,-0.23830550518361804,-0.44808369137020065,-0.6851173134052999,-1.400965118618771,0.0,0.0,0.0,0.0,0.0,0.0,0.0,0.0,0.0,0.0,0.0,0.0,0.0,0.0,0.0,0.0,-0.48389992417112637,0.0,0.0,-0.2729874726773289,-0.9977994491815849,-0.9087016395809115,-0.9223079885520349,-3.638166989965015,-2.9356446523993327,-2.9511271002948547,1.8858816079617213,1.9958546548480456,1.1312033184437666,3.2393593912972847,3.299979315015534,0.0,0.0,0.0,0.0,0.0,0.0,0.0,0.0,0.0,0.0,0.0,0.0,0.0,0.0,0.0,0.0,0.0,0.0,0.0,0.0,0.0,0.0,0.0,0.0,0.0,0.0
109,0.0,0.0,0.0,0.0,0.0,0.0,0.0,0.0,0.0,0.0,0.0,0.0,0.0,0.0,0.0,0.0,0.0,-7.105427357601002e-15,-7.105427357601002e-15,-7.105427357601002e-15,-3.552713678800501e-15,0.0,0.0,0.0,-0.24440381150339618,1.8103640652196376,2.887622523338429,2.996627008158015,2.7173148020585103,2.7295546607163743,2.243706699796263,2.3904028577045295,3.0710531672028907,4.601449418896138,4.5619579553760445,4.606677583470642,4.61630809022391,0.0,0.0,-5.329070518200751e-15,-3.552713678800501e-15,-3.552713678800501e-15,-3.552713678800501e-15,-3.552713678800501e-15,0.0,0.0,0.0,-7.105427357601002e-15,0.0,0.0,0.0,0.0,0.0,0.0,7.105427357601002e-15,0.0,7.105427357601002e-15,7.105427357601002e-15,-3.552713678800501e-15,3.552713678800501e-15,0.0,0.09269023029138168,0.6571490746990563,1.5852683827100975,2.419854568345521,4.870243648056132,4.968819386451273,3.9899340697321293,3.7800044237193475,5.095861108220774,5.108598044231073,5.091154626288798,-3.552713678800501e-15,-3.552713678800501e-15,-1.0658141036401503e-14,-1.4210854715202004e-14,-1.4210854715202004e-14,-1.7763568394002505e-14,-3.552713678800501e-15,0.0,-3.552713678800501e-15,0.0,-3.2482296330775426,-2.016969119138878,-1.230710036939115,-0.20875193841064288,0.494043380397045,0.49404859112364363,1.9508104083966913,2.6436377442765604,2.207145801113086,2.498852431676397,2.119736689412832,0.6933432214338779,0.4923376344818564,0.30866627424779836,3.3409174334422502,4.3790632441487105,4.447336510153889,1.8866932690850646,1.7231115919309445,1.8661176832036972,4.05551765561421,4.2942897574426695,-0.8018971016170582,-2.0612946804293344,-3.1904200820001307,-7.985168583353953,-3.1086244689504383e-15,0.0,0.5095235717291047,0.5889124834366868,0.5122851506828283,-0.365600240484099,-1.0707583652665846,-0.5907606543719623,-0.16856731597943053,1.9942703275079623,-0.7137621500168763,0.08653136169957065,0.05925134681972821,2.156290920977696,2.842691551222387,3.5088704279849026,4.324442220455268,4.755356376267798,5.021805678414097,0.0,-7.105427357601002e-15,0.0,-7.105427357601002e-15,-7.105427357601002e-15,-7.105427357601002e-15,-7.105427357601002e-15,-7.105427357601002e-15,0.8724514293897698,0.9152881199764238,-7.105427357601002e-15,-2.752829915086366,-3.2324584440001303,-1.4814417436178218,-0.23830550518361804,-0.44808369137020065,-0.6851173134052999,-1.400965118618771,0.0,0.0,0.0,0.0,0.0,0.0,0.0,0.0,0.0,0.0,0.0,0.0,0.0,0.0,0.0,0.0,-0.48389992417112637,0.0,0.0,-0.2729874726773289,-0.9977994491815849,-0.9087016395809115,-0.9223079885520349,-3.638166989965015,-2.9356446523993327,-2.9511271002948547,1.8858816079617213,1.9958546548480456,1.1312033184437666,3.2393593912972847,3.299979315015534,0.0,0.0,0.0,0.0,0.0,0.0,0.0,0.0,0.0,0.0,0.0,0.0,0.0,0.0,0.0,0.0,0.0,0.0,0.0,0.0,0.0,0.0,0.0,0.0,0.0,0.0
110,0.5095235717291473,0.5095235717291473,0.5095235717291473,0.5095235717291473,0.5095235717291473,0.5095235717291473,0.5095235717291473,0.5095235717291473,0.5095235717291473,0.5095235717291473,0.5095235717291331,0.5095235717291331,0.5095235717291331,0.5095235717291331,0.5095235717291331,0.5095235717291331,0.5095235717291331,0.5095235717291331,0.5095235717291331,0.5095235717291189,0.5095235717291189,0.5095235717291189,0.5095235717291189,0.5095235717291189,0.2651197602257298,2.3198876369487635,3.3971460950675407,3.5061505798871195,3.226838373787615,3.239078232445479,2.7532302715253536,2.899926429433634,3.5805767389319954,5.110972990625243,5.071481527105135,5.116201155199718,5.125831661953015,0.5095235717291047,0.5095235717290905,0.5095235717290905,0.5095235717290905,0.5095235717290905,0.5095235717290905,0.5095235717290905,0.5095235717290905,0.5095235717290905,0.5095235717290905,0.5095235717290905,0.5095235717290905,0.5095235717290905,0.5095235717290905,0.5095235717290905,0.5095235717290905,0.5095235717290905,0.5095235717291189,0.5095235717290905,0.5095235717291047,0.5095235717291047,0.5095235717290905,0.5095235717290905,0.5095235717290905,0.6022138020205006,1.1666726464281822,2.0947919544392306,2.929378140074647,5.379767219785265,5.478342958180406,4.499457641461262,4.289527995448495,5.605384679949907,5.618121615960206,5.600678198017931,0.5095235717290905,0.5095235717290905,0.5095235717290905,0.5095235717290905,0.5095235717290905,0.5095235717290905,0.5095235717290905,0.5095235717290905,0.5095235717290905,0.5095235717291331,3.7577532048066686,2.5264926908679985,1.7402336086682375,0.7182755101397653,0.015480191332070362,0.015485402058676101,1.4722472193317202,2.165074555211593,1.7285826120481005,2.020289242611433,1.6411735003478576,0.21478003236890686,0.013774445416878223,-0.16989691481716562,3.850441005171376,4.888586815877844,4.956860081883022,2.3962168408141906,2.2326351636600634,2.375641254932816,3.576954466549232,3.8157265683776913,-0.2923735298879393,-1.5517711087002084,-2.680896510271012,-7.47564501162482,0.5095235717290905,0.5095235717290905,0.0,0.07938891170757101,0.0027615789537094315,-0.8751238122132108,-1.5802819369956929,-1.10028422610106,-0.6780908877085459,1.484746755778847,-0.20423857828775738,0.5960549334286895,0.5687749185488542,1.6777277319127357,2.364128362157434,3.0303072389199492,3.8458790313903357,4.27679318720287,4.543242489349161,0.5095235717291189,0.5095235717291047,0.5095235717291189,0.5095235717291189,0.5095235717291189,0.5095235717291189,0.5095235717291189,0.5095235717291189,1.7994788779401762,1.8423155685268213,0.5095235717291331,4.253152922797852,3.773524393884088,5.524541094266393,6.7676773327006,0.061439880358925336,-0.17559374167618103,-0.8914415468896522,0.5095235717291331,0.5095235717291331,0.5095235717291331,0.5095235717291331,0.5095235717291331,0.5095235717291331,0.5095235717291331,0.5095235717291331,0.5095235717291331,0.5095235717291331,0.5095235717291331,0.5095235717291331,0.5095235717291331,0.5095235717291331,0.5095235717291331,0.5095235717291331,0.02562364755801383,0.5095235717291331,0.5095235717291331,0.23653609905180417,-0.4882758774524518,-0.39917806785177845,-0.4127844168229018,-3.128643418235896,-2.426121080670214,-2.441603528565736,2.3954051796908544,2.5053782265771787,1.6407268901728997,3.7488829630264178,3.809502886744667,0.5095235717291331,0.5095235717291331,0.5095235717291331,0.5095235717291473,0.5095235717291473,0.5095235717291473,0.5095235717291331,0.5095235717291331,0.5095235717291331,0.5095235717291331,0.5095235717291331,0.5095235717291331,0.5095235717291331,0.5095235717291331,0.5095235717291331,0.5095235717291331,0.5095235717291473,0.5095235717291331,0.5095235717291331,0.5095235717291331,0.5095235717291331,0.5095235717291331,0.5095235717291331,0.5095235717291331,0.5095235717291331,0.5095235717291473
111,0.5889124834367294,0.5889124834367294,0.5889124834367294,0.5889124834367294,0.5889124834367294,0.5889124834367294,0.5889124834367294,0.5889124834367294,0.5889124834367294,0.5889124834367294,0.5889124834367152,0.5889124834367152,0.5889124834367152,0.5889124834367152,0.5889124834367152,0.5889124834367152,0.5889124834367081,0.5889124834367152,0.5889124834367152,0.588912483436701,0.588912483436701,0.588912483436701,0.588912483436701,0.588912483436701,0.3445086719333119,2.3992765486563457,3.476535006775123,3.5855394915947016,3.306227285495197,3.318467144153061,2.8326191832329357,2.9793153411412163,3.6599656506395775,5.190361902332825,5.150870438812717,5.1955900669073,5.205220573660597,0.5889124834366868,0.5889124834366726,0.5889124834366726,0.5889124834366726,0.5889124834366726,0.5889124834366726,0.5889124834366726,0.5889124834366726,0.5889124834366726,0.5889124834366584,0.5889124834366442,0.5889124834366442,0.5889124834366442,0.5889124834366442,0.5889124834366442,0.5889124834366442,0.5889124834366442,0.5889124834366726,0.5889124834366726,0.5889124834366726,0.5889124834366726,0.5889124834366726,0.5889124834366726,0.5889124834366726,0.6816027137280827,1.2460615581357644,2.1741808661468127,3.008767051782229,5.459156131492847,5.557731869887988,4.578846553168859,4.368916907156077,5.684773591657489,5.697510527667788,5.6800671097255275,0.5889124834366726,0.5889124834366726,0.5889124834366726,0.5889124834366726,0.5889124834366726,0.5889124834366726,0.5889124834366726,0.5889124834366726,0.5889124834366726,0.5889124834367081,3.8371421165142436,2.6058816025755718,1.819622520375809,0.7976644218473368,0.09486910303964136,0.09487431376624755,1.5516361310392917,2.2444634669191643,1.8079715237556684,2.099678154319001,1.7205624120554255,0.29416894407648186,0.09316335712445323,-0.09050800310959062,3.9298299168789583,4.967975727585426,5.036248993590604,2.4756057525217727,2.3120240753676455,2.455030166640398,3.6563433782567927,3.895115480085252,-0.2129846181803572,-1.4723821969926263,-2.6015075985634297,-7.396256099917238,0.5889124834366726,0.5889124834366726,0.07938891170757101,0.0,-0.07662733275386158,-0.9545127239207822,-1.6596708487032643,-1.1796731378086331,-0.7574797994161173,1.4053578440712755,-0.12484966658017527,0.6754438451362716,0.6481638302564363,1.7571166436203072,2.4435172738650017,3.109696150627517,3.9252679430979036,4.356182098910438,4.622631401056729,0.588912483436701,0.5889124834366868,0.588912483436701,0.588912483436701,0.588912483436701,0.588912483436701,0.588912483436701,0.588912483436701,1.8788677896477477,1.9217044802343928,0.5889124834367152,4.332541834505427,3.852913305591663,5.603930005973972,6.847066244408175,0.14082879206650034,-0.09620482996860602,-0.8120526351820772,0.5889124834367081,0.5889124834367081,0.5889124834367081,0.5889124834367081,0.5889124834367152,0.5889124834367152,0.5889124834367152,0.5889124834367152,0.5889124834367152,0.5889124834367152,0.5889124834367152,0.5889124834367152,0.5889124834367152,0.5889124834367152,0.5889124834367152,0.5889124834367152,0.10501255926558883,0.5889124834367152,0.5889124834367152,0.3159250107593863,-0.4088869657448697,-0.31978915614419634,-0.3333955051153197,-3.049254506528314,-2.3467321689626317,-2.3622146168581537,2.4747940913984365,2.584767138284761,1.7201158018804819,3.828271874734,3.8888917984522493,0.5889124834367152,0.5889124834367152,0.5889124834367152,0.5889124834367294,0.5889124834367294,0.5889124834367294,0.5889124834367152,0.5889124834367152,0.5889124834367152,0.5889124834367152,0.5889124834367152,0.5889124834367152,0.5889124834367152,0.5889124834367152,0.5889124834367152,0.5889124834367152,0.5889124834367294,0.5889124834367152,0.5889124834367152,0.5889124834367152,0.5889124834367152,0.5889124834367152,0.5889124834367152,0.5889124834367152,0.5889124834367152,0.5889124834367294
112,0.5122851506828567,0.5122851506828567,0.5122851506828567,0.5122851506828567,0.5122851506828567,0.5122851506828567,0.5122851506828567,0.5122851506828567,0.5122851506828567,0.5122851506828567,0.5122851506828425,0.5122851506828425,0.5122851506828425,0.5122851506828425,0.5122851506828425,0.5122851506828425,0.5122851506828354,0.5122851506828425,0.5122851506828425,0.5122851506828283,0.5122851506828283,0.5122851506828283,0.5122851506828283,0.5122851506828283,0.26788133917943924,2.322649215902473,3.39990767402125,3.508912158840829,3.2295999527413244,3.2418398113991884,2.755991850479063,2.9026880083873436,3.583338317885705,5.113734569578952,5.074243106058844,5.118962734153428,5.128593240906724,0.5122851506828141,0.5122851506827999,0.5122851506827999,0.5122851506827999,0.5122851506827999,0.5122851506827999,0.5122851506827999,0.5122851506827999,0.5122851506827999,0.5122851506827999,0.5122851506827999,0.5122851506827999,0.5122851506827999,0.5122851506827999,0.5122851506827999,0.5122851506827999,0.5122851506827999,0.5122851506828283,0.5122851506827999,0.5122851506827999,0.5122851506827999,0.5122851506827999,0.5122851506827999,0.5122851506827999,0.60497538097421,1.1694342253818917,2.09755353339294,2.9321397190283562,5.382528798738974,5.481104537134129,4.502219220414986,4.29228957440219,5.608146258903616,5.620883194913901,5.603439776971626,0.5122851506827999,0.5122851506827999,0.5122851506827999,0.5122851506827999,0.5122851506827999,0.5122851506827999,0.5122851506827999,0.5122851506827999,0.5122851506827999,0.5122851506828354,3.760514783760378,2.529254269821706,1.742995187621947,0.7210370890934747,0.01824177028577978,0.018246981012385532,1.4750087982854296,2.1678361341653023,1.7313441910018028,2.0230508215651355,1.64393507930156,0.2175416113226163,0.016536024370587654,-0.1671353358634562,3.8532025841250857,4.891348394831553,4.959621660836731,2.3989784197679,2.235396742613773,2.3784028338865255,3.579716045502934,3.8184881473313936,-0.28961195093422987,-1.549009529746499,-2.6781349313173024,-7.472883432671111,0.5122851506827999,0.5122851506827999,0.0027615789537094315,-0.07662733275386158,0.0,-0.8778853911669211,-1.583043515949404,-1.103045805054773,-0.6808524666622624,1.4819851768251304,-0.20147699933404795,0.598816512382399,0.5715364975025636,1.6804893108664452,2.3668899411111397,3.033068817873655,3.8486406103440416,4.279554766156572,4.54600406830286,0.5122851506828283,0.5122851506828141,0.5122851506828283,0.5122851506828283,0.5122851506828283,0.5122851506828283,0.5122851506828283,0.5122851506828283,1.8022404568938875,1.8450771474805343,0.5122851506828425,4.255914501751565,3.7762859728377975,5.527302673220106,6.77043891165431,0.06420145931262766,-0.1728321627224787,-0.8886799679359498,0.5122851506828354,0.5122851506828354,0.5122851506828354,0.5122851506828354,0.5122851506828425,0.5122851506828425,0.5122851506828425,0.5122851506828425,0.5122851506828425,0.5122851506828425,0.5122851506828425,0.5122851506828425,0.5122851506828425,0.5122851506828425,0.5122851506828425,0.5122851506828425,0.028385226511716155,0.5122851506828425,0.5122851506828425,0.2392976780055136,-0.4855142984987424,-0.396416488898069,-0.41002283786919236,-3.1258818392821865,-2.4233595017165044,-2.4388419496120264,2.398166758644564,2.508139805530888,1.6434884691266092,3.751644541980127,3.8122644656983766,0.5122851506828425,0.5122851506828425,0.5122851506828425,0.5122851506828567,0.5122851506828567,0.5122851506828567,0.5122851506828425,0.5122851506828425,0.5122851506828425,0.5122851506828425,0.5122851506828425,0.5122851506828425,0.5122851506828425,0.5122851506828425,0.5122851506828425,0.5122851506828425,0.5122851506828567,0.5122851506828425,0.5122851506828425,0.5122851506828425,0.5122851506828425,0.5122851506828425,0.5122851506828425,0.5122851506828425,0.5122851506828425,0.5122851506828567
113,-0.3656002404840706,-0.3656002404840706,-0.3656002404840706,-0.3656002404840706,-0.3656002404840706,-0.3656002404840706,-0.3656002404840706,-0.3656002404840706,-0.3656002404840706,-0.3656002404840706,-0.3656002404840706,-0.3656002404840706,-0.3656002404840706,-0.3656002404840706,-0.3656002404840706,-0.3656002404840706,-0.3656002404840706,-0.3656002404840706,-0.3656002404840706,-0.3656002404840848,-0.3656002404840848,-0.3656002404840848,-0.3656002404840848,-0.3656002404840848,-0.6100040519874739,1.4447638247355599,2.522022282854337,2.631026767673916,2.3517145615744113,2.363954420232261,1.8781064593121357,2.0248026172204163,2.7054529267187775,4.235849178412025,4.196357714891917,4.2410773429865,4.250707849739797,-0.365600240484099,-0.3656002404841132,-0.3656002404841132,-0.3656002404841132,-0.3656002404841132,-0.3656002404841132,-0.3656002404841132,-0.3656002404841132,-0.3656002404841274,-0.3656002404841274,-0.3656002404841274,-0.3656002404841274,-0.3656002404841274,-0.3656002404841274,-0.3656002404841274,-0.3656002404841274,-0.3656002404841274,-0.365600240484099,-0.3656002404841274,-0.3656002404841274,-0.3656002404841274,-0.3656002404841132,-0.365600240484099,-0.365600240484099,-0.2729100101927031,0.29154883421496436,1.2196681422260127,2.054254327861429,4.504643407572047,4.603219145967188,3.6243338292480303,3.4144041832352343,4.730260867736689,4.742997803746988,4.725554385804713,-0.3656002404841132,-0.3656002404841132,-0.3656002404841132,-0.3656002404841132,-0.3656002404841274,-0.36560024048415585,-0.3656002404841132,-0.3656002404841132,-0.3656002404841274,-0.3656002404840706,2.882629392593465,1.6513688786547895,0.8651097964550267,-0.15684830207344547,-0.8596436208811404,-0.8596384101545365,0.5971234071185094,1.289950742998382,0.8534587998348897,1.1451654303982224,0.7660496881346504,-0.6603437798442968,-0.8613493667963255,-1.0450207270303693,2.9753171929581583,4.013463003664626,4.081736269669804,1.521093028600987,1.3575113514468597,1.5005174427196124,2.701830654336021,2.9406027561644805,-1.167497342101143,-2.426894920913412,-3.5560203224842155,-8.350768823838038,-0.3656002404841132,-0.3656002404841132,-0.8751238122132108,-0.9545127239207822,-0.8778853911669211,0.0,-0.7051581247824816,-0.2251604138878509,0.19703292450466137,2.3598705679920506,-1.079362390500961,-0.27906887878451414,-0.3063488936643495,0.8026039196995214,1.489004549944216,2.1551834267067314,2.9707552191771143,3.4016693749896447,3.6681186771359293,-0.3656002404840848,-0.365600240484099,-0.3656002404840848,-0.3656002404840848,-0.3656002404840848,-0.3656002404840848,-0.365600240484099,-0.365600240484099,0.9243550657269637,0.9671917563136105,-0.3656002404840706,3.378029110584656,2.8984005816708915,4.6494172820532,5.892553520487397,-0.8136839318542783,-1.0507175538893847,-1.7665653591028558,-0.3656002404840706,-0.3656002404840706,-0.3656002404840706,-0.3656002404840706,-0.3656002404840706,-0.3656002404840706,-0.3656002404840706,-0.3656002404840706,-0.3656002404840706,-0.3656002404840706,-0.3656002404840706,-0.3656002404840706,-0.3656002404840706,-0.3656002404840706,-0.3656002404840706,-0.3656002404840706,-0.8495001646551898,-0.3656002404840706,-0.3656002404840706,-0.6385877131613995,-1.3633996896656555,-1.2743018800649821,-1.2879082290361055,-4.0037672304491,-3.3012448928834175,-3.3167273407789395,1.5202813674776507,1.630254414363975,0.7656030779596961,2.873759150813214,2.9343790745314635,-0.3656002404840706,-0.3656002404840706,-0.3656002404840706,-0.3656002404840706,-0.3656002404840706,-0.3656002404840706,-0.3656002404840706,-0.3656002404840706,-0.3656002404840706,-0.3656002404840706,-0.3656002404840706,-0.3656002404840706,-0.3656002404840706,-0.3656002404840706,-0.3656002404840706,-0.3656002404840706,-0.3656002404840706,-0.3656002404840706,-0.3656002404840706,-0.3656002404840706,-0.3656002404840706,-0.3656002404840706,-0.3656002404840706,-0.3656002404840706,-0.3656002404840706,-0.3656002404840706
114,-1.0707583652665562,-1.0707583652665562,-1.0707583652665562,-1.0707583652665562,-1.0707583652665562,-1.0707583652665562,-1.0707583652665562,-1.0707583652665562,-1.0707583652665562,-1.0707583652665562,-1.0707583652665562,-1.0707583652665562,-1.0707583652665562,-1.0707583652665562,-1.0707583652665562,-1.0707583652665562,-1.0707583652665562,-1.0707583652665562,-1.0707583652665562,-1.0707583652665704,-1.0707583652665704,-1.0707583652665704,-1.0707583652665704,-1.0707583652665704,-1.3151621767699595,0.7396056999530742,1.8168641580718514,1.925868642891416,1.6465564367919114,1.6587962954497755,1.17294833452965,1.3196444924379307,2.000294801936292,3.530691053629539,3.4911995901094315,3.5359192182040147,3.5455497249573114,-1.0707583652665846,-1.0707583652665988,-1.0707583652665988,-1.0707583652665988,-1.0707583652665988,-1.0707583652665988,-1.0707583652665988,-1.070758365266613,-1.070758365266613,-1.070758365266613,-1.070758365266613,-1.070758365266613,-1.070758365266613,-1.070758365266613,-1.070758365266613,-1.070758365266613,-1.070758365266613,-1.0707583652665846,-1.070758365266613,-1.070758365266613,-1.070758365266613,-1.070758365266613,-1.070758365266613,-1.070758365266613,-0.9780681349751887,-0.41360929056750706,0.5145100174435413,1.3490962030789575,3.7994852827895897,3.898061021184702,2.9191757044655446,2.7092460584527487,4.025102742954232,4.037839678964531,4.020396261022256,-1.0707583652665988,-1.0707583652665988,-1.0707583652665988,-1.0707583652665846,-1.0707583652665846,-1.070758365266613,-1.0707583652665988,-1.0707583652665988,-1.070758365266613,-1.0707583652665562,2.1774712678109793,0.9462107538723039,0.15995167167254465,-0.8620064268559275,-1.5648017456636243,-1.5647965349370203,-0.10803471766397621,0.5847926182158929,0.14830067505239697,0.44000730561572965,0.06089156335215762,-1.3655019046267824,-1.566507491578811,-1.750178851812855,2.270159068175687,3.30830487888214,3.3765781448873327,0.8159349038185013,0.6523532266643741,0.7953593179371126,1.9966725295535284,2.235444631381988,-1.8726554668836286,-3.1320530456958977,-4.261178447266701,-9.05592694862051,-1.0707583652665988,-1.0707583652665988,-1.5802819369956946,-1.659670848703266,-1.583043515949404,-0.7051581247824816,0.0,0.47999771089463117,0.9021910492871434,3.0650286927745345,-1.7845205152834467,-0.9842270035669998,-1.011507018446835,0.09744579491703931,0.7838464251617339,1.4500253019242493,2.2655970943946357,2.696511250207166,2.962960552353451,-1.0707583652665704,-1.0707583652665846,-1.0707583652665704,-1.0707583652665704,-1.0707583652665704,-1.0707583652665704,-1.0707583652665704,-1.0707583652665704,0.21919694094448516,0.262033631531132,-1.0707583652665562,2.67287098580217,2.193242456888406,3.9442591572707144,5.187395395704911,-1.518842056636764,-1.7558756786718703,-2.4717234838853415,-1.0707583652665562,-1.0707583652665562,-1.0707583652665562,-1.0707583652665562,-1.0707583652665562,-1.0707583652665562,-1.0707583652665562,-1.0707583652665562,-1.0707583652665562,-1.0707583652665562,-1.0707583652665562,-1.0707583652665562,-1.0707583652665562,-1.0707583652665562,-1.0707583652665562,-1.0707583652665562,-1.5546582894376755,-1.0707583652665562,-1.0707583652665562,-1.3437458379438851,-2.068557814448141,-1.9794600048474678,-1.993066353818591,-4.708925355231585,-4.006403017665903,-4.021885465561425,0.8151232426951651,0.9250962895814894,0.060444953177210436,2.1686010260307285,2.229220949748978,-1.0707583652665562,-1.0707583652665562,-1.0707583652665562,-1.0707583652665562,-1.0707583652665562,-1.0707583652665562,-1.0707583652665562,-1.0707583652665562,-1.0707583652665562,-1.0707583652665562,-1.0707583652665562,-1.0707583652665562,-1.0707583652665562,-1.0707583652665562,-1.0707583652665562,-1.0707583652665562,-1.0707583652665562,-1.0707583652665562,-1.0707583652665562,-1.0707583652665562,-1.0707583652665562,-1.0707583652665562,-1.0707583652665562,-1.0707583652665562,-1.0707583652665562,-1.0707583652665562
115,-0.5907606543719623,-0.5907606543719623,-0.5907606543719623,-0.5907606543719623,-0.5907606543719481,-0.5907606543719339,-0.5907606543719339,-0.5907606543719339,-0.5907606543719339,-0.5907606543719339,-0.5907606543719339,-0.5907606543719339,-0.5907606543719339,-0.5907606543719339,-0.5907606543719339,-0.5907606543719339,-0.5907606543719339,-0.5907606543719339,-0.5907606543719339,-0.5907606543719481,-0.5907606543719481,-0.5907606543719481,-0.5907606543719481,-0.5907606543719481,-0.8351644658753372,1.2196034108476965,2.296861868966488,2.405866353786081,2.126554147686562,2.1387940063443978,1.6529460454242724,1.799642203332553,2.480292512830914,4.010688764524161,3.9711973010040538,4.015916929098637,4.025547435851934,-0.5907606543719623,-0.5907606543719766,-0.5907606543719766,-0.5907606543719766,-0.5907606543719766,-0.5907606543719908,-0.5907606543719623,-0.5907606543719623,-0.5907606543719623,-0.5907606543719623,-0.5907606543719623,-0.5907606543719623,-0.5907606543719623,-0.5907606543719339,-0.5907606543719339,-0.5907606543719339,-0.5907606543719339,-0.5907606543719055,-0.5907606543719623,-0.5907606543719623,-0.5907606543719623,-0.5907606543719623,-0.5907606543719623,-0.5907606543719623,-0.49807042408056645,0.06638842032710102,0.9945077283381494,1.8290939139735656,4.279482993684184,4.378058732079296,3.3991734153601385,3.1892437693473425,4.505100453848826,4.517837389859125,4.50039397191685,-0.5907606543719766,-0.5907606543719908,-0.5907606543719908,-0.5907606543719908,-0.5907606543719908,-0.5907606543720192,-0.5907606543719766,-0.5907606543719623,-0.5907606543719623,-0.5907606543719339,2.6574689787056087,1.4262084647669369,0.639949382567174,-0.38200871596129815,-1.0848040347689931,-1.0847988240423874,0.3719629932306532,1.0647903291105223,0.6282983859470264,0.920005016510359,0.540889274246787,-0.8855041937321602,-1.0865097806841888,-1.2701811409182326,2.750156779070295,3.7883025897767766,3.856575855781955,1.2959326147131236,1.1323509375590106,1.2753570288317633,2.4766702404481578,2.715442342276617,-1.3926577559890063,-2.6520553348012754,-3.781180736372079,-8.575929237725902,-0.5907606543719766,-0.5907606543719766,-1.1002842261010635,-1.1796731378086331,-1.103045805054773,-0.2251604138878509,0.47999771089463117,0.0,0.4221933383925127,2.5850309818799033,-1.3045228043888244,-0.5042292926723775,-0.5315093075522128,0.5774435058116723,1.2638441360563704,1.9300230128188858,2.7455948052892722,3.1765089611018027,3.4429582632480873,-0.5907606543719481,-0.5907606543719623,-0.5907606543719481,-0.5907606543719481,-0.5907606543719481,-0.5907606543719481,-0.5907606543719623,-0.5907606543719623,0.699194651839111,0.7420313424257543,-0.5907606543719339,3.1528686966967996,2.6732401677830353,4.424256868165344,5.66739310659954,-1.0388443457421417,-1.275877967777248,-1.991725772990712,-0.5907606543719339,-0.5907606543719339,-0.5907606543719339,-0.5907606543719339,-0.5907606543719339,-0.5907606543719339,-0.5907606543719339,-0.5907606543719339,-0.5907606543719339,-0.5907606543719339,-0.5907606543719339,-0.5907606543719339,-0.5907606543719339,-0.5907606543719339,-0.5907606543719339,-0.5907606543719339,-1.0746605785430532,-0.5907606543719339,-0.5907606543719339,-0.8637481270492628,-1.5885601035535188,-1.4994622939528455,-1.5130686429239688,-4.228927644336963,-3.526405306771281,-3.541887754666803,1.2951209535897874,1.4050940004761117,0.5404426640718327,2.6485987369253507,2.7092186606436,-0.5907606543719339,-0.5907606543719339,-0.5907606543719339,-0.5907606543719339,-0.5907606543719339,-0.5907606543719339,-0.5907606543719339,-0.5907606543719339,-0.5907606543719339,-0.5907606543719339,-0.5907606543719339,-0.5907606543719339,-0.5907606543719339,-0.5907606543719339,-0.5907606543719339,-0.5907606543719339,-0.5907606543719339,-0.5907606543719339,-0.5907606543719339,-0.5907606543719339,-0.5907606543719339,-0.5907606543719339,-0.5907606543719339,-0.5907606543719339,-0.5907606543719339,-0.5907606543719623
116,-0.1685673159794021,-0.1685673159794021,-0.1685673159794021,-0.1685673159794021,-0.1685673159794021,-0.1685673159794021,-0.1685673159794021,-0.1685673159794021,-0.1685673159794021,-0.1685673159794021,-0.1685673159794021,-0.1685673159794021,-0.1685673159794021,-0.1685673159794021,-0.16856731597941632,-0.16856731597941632,-0.16856731597941632,-0.16856731597941632,-0.16856731597941632,-0.16856731597943053,-0.16856731597943053,-0.16856731597943053,-0.16856731597943053,-0.16856731597943053,-0.4129711274828196,1.6417967492402141,2.7190552073589913,2.8280596921785843,2.5487474860790655,2.5609873447369296,2.075139383816804,2.221835541725085,2.902485851223446,4.432882102916693,4.393390639396586,4.438110267491169,4.4477407742444655,-0.16856731597944474,-0.16856731597945895,-0.16856731597945895,-0.16856731597945895,-0.16856731597945895,-0.16856731597945895,-0.16856731597943053,-0.16856731597943053,-0.16856731597943053,-0.16856731597943053,-0.16856731597943053,-0.16856731597943053,-0.16856731597943053,-0.16856731597943053,-0.16856731597943053,-0.16856731597943053,-0.16856731597943053,-0.1685673159794021,-0.16856731597943053,-0.16856731597943053,-0.16856731597943053,-0.16856731597945895,-0.16856731597945895,-0.16856731597945895,-0.07587708568804885,0.48858175871963283,1.4167010667306812,2.2512872523661116,4.701676332076744,4.800252070471856,3.8213667537526987,3.611437107739903,4.927293792241386,4.940030728251685,4.92258731030941,-0.16856731597945895,-0.16856731597945895,-0.16856731597945895,-0.16856731597945895,-0.16856731597945895,-0.16856731597948738,-0.16856731597945895,-0.16856731597943053,-0.16856731597943053,-0.16856731597941632,3.079662317098119,1.8484018031594474,1.0621427209596916,0.04018462243121945,-0.6626106963764755,-0.6626054856498698,0.7941563316231708,1.48698366750304,1.050491724339544,1.3421983549028766,0.9630826126393046,-0.46331085533963545,-0.6643164422916641,-0.8479878025257079,3.1723501174628126,4.21049592816928,4.278769194174458,1.7181259531056412,1.5545442759515424,1.697550367224295,2.8988635788406754,3.137635680669135,-0.9704644175964887,-2.229861996408758,-3.3589873979795613,-8.15373589933337,-0.16856731597945895,-0.16856731597945895,-0.6780908877085459,-0.7574797994161173,-0.6808524666622588,0.19703292450466137,0.9021910492871434,0.4221933383925127,0.0,2.162837643487392,-0.8823294659963068,-0.08203595427985988,-0.10931596915969521,0.9996368442041899,1.6860374744488809,2.3522163512113963,3.1677881436817827,3.598702299494313,3.865151601640598,-0.16856731597943053,-0.16856731597944474,-0.16856731597943053,-0.16856731597943053,-0.16856731597943053,-0.16856731597943053,-0.16856731597943053,-0.16856731597943053,1.121387990231625,1.1642246808182648,-0.16856731597941632,3.57506203508931,3.095433506175546,4.846450206557854,6.089586444992051,-0.6166510073496241,-0.8536846293847304,-1.5695324345982016,-0.16856731597941632,-0.16856731597941632,-0.16856731597941632,-0.16856731597941632,-0.1685673159794021,-0.1685673159794021,-0.1685673159794021,-0.1685673159794021,-0.1685673159794021,-0.1685673159794021,-0.1685673159794021,-0.1685673159794021,-0.1685673159794021,-0.1685673159794021,-0.1685673159794021,-0.1685673159794021,-0.6524672401505356,-0.1685673159794021,-0.1685673159794021,-0.44155478865673103,-1.166366765160987,-1.0772689555603137,-1.090875304531437,-3.806734305944431,-3.1042119683787632,-3.1196944162742852,1.7173142919823192,1.8272873388686435,0.9626360024643645,3.0707920753178826,3.131411999036132,-0.1685673159794021,-0.1685673159794021,-0.1685673159794021,-0.1685673159794021,-0.1685673159794021,-0.1685673159794021,-0.1685673159794021,-0.1685673159794021,-0.1685673159794021,-0.1685673159794021,-0.1685673159794021,-0.1685673159794021,-0.1685673159794021,-0.1685673159794021,-0.1685673159794021,-0.1685673159794021,-0.1685673159794021,-0.1685673159794021,-0.1685673159794021,-0.1685673159794021,-0.1685673159794021,-0.1685673159794021,-0.1685673159794021,-0.1685673159794021,-0.1685673159794021,-0.1685673159794021
117,1.9942703275079623,1.9942703275079623,1.9942703275079623,1.9942703275079623,1.9942703275079623,1.9942703275079623,1.9942703275079623,1.9942703275079623,1.9942703275079623,1.9942703275079623,1.9942703275079623,1.9942703275079623,1.9942703275079623,1.9942703275079623,1.9942703275079623,1.9942703275079623,1.9942703275079623,1.9942703275079623,1.9942703275079623,1.994270327507948,1.994270327507948,1.994270327507948,1.994270327507948,1.994270327507948,1.749866516004559,3.8046343927275927,4.881892850846384,4.990897335665977,4.711585129566458,4.723824988224294,4.237977027304169,4.384673185212449,5.06532349471081,6.595719746404058,6.55622828288395,6.600947910978533,6.61057841773183,1.9942703275079339,1.9942703275079197,1.9942703275079197,1.9942703275079197,1.9942703275079339,1.9942703275079339,1.9942703275079623,1.9942703275079623,1.9942703275079623,1.9942703275079623,1.9942703275079623,1.9942703275079623,1.9942703275079623,1.9942703275079907,1.9942703275079907,1.9942703275079907,1.9942703275079907,1.9942703275080191,1.9942703275079623,1.9942703275079623,1.9942703275079623,1.9942703275079339,1.9942703275079339,1.9942703275079339,2.0869605577993298,2.6514194022070114,3.57953871021806,4.41412489585349,6.86451397556408,6.963089713959192,5.984204397240035,5.774274751227239,7.090131435728722,7.102868371739021,7.085424953796746,1.9942703275079339,1.9942703275079339,1.9942703275079339,1.9942703275079339,1.9942703275079339,1.9942703275079054,1.9942703275079339,1.9942703275079623,1.9942703275079623,1.9942703275079623,5.242499960585498,4.011239446646826,3.2249803644470703,2.203022265918605,1.5002269471109138,1.500232157837516,2.9569939751105565,3.6498213109904256,3.2133293678269297,3.5050359983902624,3.1259202561266903,1.6995267881477503,1.4985212011957216,1.3148498409616707,5.33518776095022,6.373333571656673,6.441606837661851,3.8809635965930056,3.717381919438907,3.8603880107116595,5.061701222328061,5.300473324156528,1.19237322589089,-0.0670243529213792,-1.1961497544921826,-5.9908982558460195,1.9942703275079054,1.9942703275079054,1.4847467557788434,1.405357844071272,1.481985176825134,2.359870567992054,3.0650286927745345,2.5850309818799033,2.162837643487392,0.0,1.2805081774910718,2.0808016892075045,2.053521674327669,3.1624744876915756,3.8488751179362737,4.515053994698789,5.330625787169176,5.761539942981706,6.027989245127991,1.994270327507948,1.9942703275079339,1.994270327507948,1.994270327507948,1.994270327507948,1.994270327507948,1.9942703275079339,1.9942703275079339,3.2842256337190108,3.3270623243056505,1.9942703275079623,5.737899678576689,5.258271149662924,7.009287850045233,8.25242408847943,1.5461866361377616,1.3091530141026624,0.5933052088891912,1.9942703275079623,1.9942703275079623,1.9942703275079623,1.9942703275079623,1.9942703275079623,1.9942703275079623,1.9942703275079623,1.9942703275079623,1.9942703275079623,1.9942703275079623,1.9942703275079623,1.9942703275079623,1.9942703275079623,1.9942703275079623,1.9942703275079339,1.9942703275079339,1.510370403336836,1.9942703275079623,1.9942703275079623,1.7212828548306334,0.9964708783263774,1.0855686879270507,1.0719623389559274,-1.6438966624570526,-0.9413743248913988,-0.9568567727869208,3.8801519354696836,3.990124982356008,3.125473645951729,5.233629718805247,5.294249642523496,1.9942703275079623,1.9942703275079623,1.9942703275079623,1.9942703275079623,1.9942703275079623,1.9942703275079623,1.9942703275079623,1.9942703275079623,1.9942703275079623,1.9942703275079623,1.9942703275079623,1.9942703275079623,1.9942703275079623,1.9942703275079623,1.9942703275079623,1.9942703275079623,1.9942703275079623,1.9942703275079623,1.9942703275079623,1.9942703275079623,1.9942703275079623,1.9942703275079623,1.9942703275079623,1.9942703275079623,1.9942703275079623,1.9942703275079623
118,-0.713762150016862,-0.713762150016862,-0.713762150016862,-0.713762150016862,-0.713762150016862,-0.713762150016862,-0.713762150016862,-0.713762150016862,-0.713762150016862,-0.713762150016862,-0.713762150016862,-0.713762150016862,-0.713762150016862,-0.713762150016862,-0.7137621500168763,-0.7137621500168763,-0.7137621500168763,-0.7137621500168727,-0.7137621500168727,-0.7137621500168692,-0.7137621500168692,-0.7137621500168692,-0.7137621500168763,-0.7137621500168763,-0.9581659615202707,1.0966019152027648,2.173860373321549,2.2828648581411244,2.003552652041627,2.015792510699491,1.5299445497793798,1.6766407076876533,2.3572910171860215,3.8876872688792616,3.848195805359161,3.8929154334537515,3.902545940207027,-0.7137621500168727,-0.7137621500168727,-0.7137621500168692,-0.7137621500168763,-0.7137621500168763,-0.7137621500168763,-0.7137621500168763,-0.7137621500168763,-0.7137621500168763,-0.7137621500168763,-0.7137621500168763,-0.713762150016862,-0.7137621500168763,-0.7137621500168763,-0.7137621500168763,-0.7137621500168763,-0.7137621500168763,-0.713762150016862,-0.7137621500168763,-0.713762150016862,-0.713762150016862,-0.7137621500168763,-0.7137621500168692,-0.713762150016862,-0.6210719197254928,-0.0566130753178129,0.8715062326932284,1.7060924183286517,4.156481498039259,4.255057236434396,3.276171919715246,3.066242273702464,4.382098958203898,4.3948358942141965,4.377392476271922,-0.7137621500168763,-0.7137621500168692,-0.7137621500168763,-0.7137621500168763,-0.7137621500168763,-0.7137621500168834,-0.7137621500168763,-0.7137621500168692,-0.7137621500168763,-0.7137621500168763,-3.961991783094419,-2.730731269155754,-1.9444721869559913,-0.9225140884275191,-0.21971876961983128,-0.21971355889323263,1.237048258379815,1.9298755942596841,1.493383651096181,1.7850902816595067,1.4059745393959275,-0.02041892858304095,-0.22142451553506248,-0.40509587576912054,2.6271552834253775,3.665301094131838,3.7335743601370197,1.172931119068192,1.0093494419140718,1.152355533186828,3.3417555055973196,3.580527607425779,-1.515659251633931,-2.7750568304462035,-3.9041822320170034,-8.698930733370826,-0.7137621500168763,-0.7137621500168763,-0.2042385782877716,-0.12484966658018948,-0.20147699933404795,-1.0793623905009753,-1.784520515283461,-1.3045228043888386,-0.8823294659963352,1.2805081774910576,0.0,0.8002935117164425,0.7730134968365996,1.4425287709608199,2.128929401205511,2.795108277968012,3.6106800704384057,4.041594226250936,4.308043528397221,-0.713762150016862,-0.7137621500168692,-0.713762150016862,-0.7137621500168692,-0.7137621500168692,-0.7137621500168692,-0.7137621500168727,-0.7137621500168727,0.15868927937289357,0.20152596995954752,-0.7137621500168692,-3.4665920651032422,-3.9462205940170065,-2.195203893634698,-0.9520676552004943,-1.161845841387077,-1.3988794634221762,-2.1147272686356473,-0.7137621500168763,-0.7137621500168763,-0.7137621500168763,-0.7137621500168763,-0.713762150016862,-0.713762150016862,-0.713762150016862,-0.713762150016862,-0.713762150016862,-0.713762150016862,-0.713762150016862,-0.713762150016862,-0.713762150016862,-0.713762150016862,-0.713762150016862,-0.713762150016862,-1.1976620741880026,-0.713762150016862,-0.713762150016862,-0.986749622694191,-1.711561599198447,-1.6224637895977736,-1.636070138568897,-4.351929139981891,-3.649406802416223,-3.664889250311745,1.1721194579448593,1.2820925048311835,0.4174411684269046,2.5255972412804226,2.586217164998672,-0.713762150016862,-0.713762150016862,-0.713762150016862,-0.713762150016862,-0.713762150016862,-0.713762150016862,-0.713762150016862,-0.713762150016862,-0.713762150016862,-0.713762150016862,-0.713762150016862,-0.713762150016862,-0.713762150016862,-0.713762150016862,-0.713762150016862,-0.713762150016862,-0.713762150016862,-0.713762150016862,-0.713762150016862,-0.713762150016862,-0.713762150016862,-0.713762150016862,-0.713762150016862,-0.713762150016862,-0.713762150016862,-0.713762150016862
119,0.08653136169957065,0.08653136169957065,0.08653136169957065,0.08653136169957065,0.08653136169957065,0.08653136169957065,0.08653136169957065,0.08653136169957065,0.08653136169957065,0.08653136169957065,0.08653136169957065,0.08653136169957065,0.08653136169957065,0.08653136169957065,0.08653136169955644,0.08653136169955644,0.08653136169956355,0.0865313616995671,0.0865313616995671,0.08653136169957065,0.08653136169957065,0.08653136169957065,0.08653136169956355,0.0865313616995671,-0.15787244980382908,1.8968954269192082,2.9741538850379925,3.0831583698575713,2.803846163758074,2.816086022415938,2.3302380614958267,2.4769342194041,3.1575845289024684,4.6879807805957086,4.648489317075608,4.693208945170198,4.702839451923467,0.0865313616995671,0.08653136169956355,0.08653136169956355,0.08653136169955644,0.08653136169955644,0.08653136169955644,0.08653136169955644,0.08653136169955644,0.08653136169955644,0.08653136169955644,0.08653136169955644,0.08653136169957065,0.08653136169955644,0.08653136169955644,0.08653136169955644,0.08653136169955644,0.08653136169955644,0.08653136169957065,0.08653136169955644,0.08653136169957065,0.08653136169957065,0.08653136169955644,0.08653136169957065,0.08653136169957065,0.17922159199094878,0.7436804363986269,1.6717997444096682,2.5063859300450915,4.956775009755702,5.055350748150836,4.076465431431686,3.866535785418904,5.182392469920337,5.195129405930636,5.177685987988362,0.08653136169955644,0.08653136169956355,0.08653136169955644,0.08653136169955644,0.08653136169955644,0.08653136169955644,0.08653136169955644,0.08653136169956355,0.08653136169955644,0.08653136169957065,-3.161698271377972,-1.9304377574393072,-1.1441786752395444,-0.12222057671107223,0.5805747420966156,0.5805799528232143,2.037341770096262,2.730169105976131,2.293677162812628,2.5853837933759536,2.2062680511123887,0.7798745831334486,0.5788689961814271,0.395197635947369,3.4274487951418173,4.465594605848281,4.5338678718534595,1.9732246307846353,1.8096429536305116,1.9526490449032678,4.142049017313752,4.380821119142212,-0.7153657399174911,-1.9747633187297637,-3.1038887203005636,-7.898637221654386,0.08653136169955644,0.08653136169955644,0.5960549334286753,0.6754438451362574,0.598816512382399,-0.27906887878452835,-0.984227003567014,-0.5042292926723917,-0.0820359542798883,2.0808016892075187,0.8002935117164425,0.0,-0.027280014879843106,2.242822282677267,2.929222912921958,3.595401789684459,4.410973582154853,4.841887737967397,5.108337040113696,0.08653136169957776,0.08653136169957065,0.08653136169957776,0.08653136169957065,0.08653136169957065,0.08653136169957065,0.0865313616995671,0.0865313616995671,0.9589827910893405,1.0018194816759944,0.08653136169957065,-2.6662985533867953,-3.1459270823005596,-1.3949103819182511,-0.15177414348404739,-0.36155232967063,-0.5985859517057293,-1.3144337569192004,0.08653136169955644,0.08653136169955644,0.08653136169955644,0.08653136169955644,0.08653136169957065,0.08653136169957065,0.08653136169957065,0.08653136169957065,0.08653136169957065,0.08653136169957065,0.08653136169957065,0.08653136169957065,0.08653136169957065,0.08653136169957065,0.08653136169959907,0.08653136169959907,-0.3973685624715557,0.08653136169957065,0.08653136169957065,-0.18645611097775827,-0.9112680874820143,-0.8221702778813409,-0.8357766268524642,-3.5516356282654584,-2.8491132906997905,-2.8645957385953125,1.972412969661292,2.0823860165476162,1.2177346801433373,3.3258907529968553,3.3865106767151048,0.08653136169957065,0.08653136169957065,0.08653136169957065,0.08653136169957065,0.08653136169957065,0.08653136169957065,0.08653136169957065,0.08653136169957065,0.08653136169957065,0.08653136169957065,0.08653136169957065,0.08653136169957065,0.08653136169957065,0.08653136169957065,0.08653136169957065,0.08653136169957065,0.08653136169957065,0.08653136169957065,0.08653136169957065,0.08653136169957065,0.08653136169957065,0.08653136169957065,0.08653136169957065,0.08653136169957065,0.08653136169957065,0.08653136169957065
120,0.05925134681973532,0.05925134681973532,0.05925134681973532,0.05925134681973532,0.05925134681973532,0.05925134681973532,0.05925134681973532,0.05925134681973532,0.05925134681973532,0.05925134681973532,0.05925134681973532,0.05925134681973532,0.05925134681973532,0.05925134681973532,0.05925134681973532,0.05925134681973532,0.05925134681973532,0.05925134681973532,0.059251346819731765,0.05925134681973532,0.05925134681973532,0.059251346819731765,0.05925134681972466,0.05925134681972288,-0.18515246468367152,1.8696154120393622,2.9468738701581465,3.0558783549777218,2.7765661488782243,2.7888060075360883,2.302958046615977,2.4496542045242506,3.130304514022619,4.660700765715866,4.6212093021957585,4.665928930290349,4.675559437043617,0.059251346819731765,0.05925134681972821,0.05925134681972821,0.05925134681972111,0.05925134681972111,0.05925134681972111,0.05925134681972111,0.05925134681972111,0.05925134681972111,0.05925134681972111,0.05925134681972111,0.05925134681973532,0.05925134681972111,0.05925134681972111,0.05925134681972111,0.05925134681972111,0.05925134681972111,0.05925134681973532,0.05925134681972111,0.05925134681973532,0.05925134681973532,0.05925134681972111,0.05925134681973532,0.05925134681973532,0.15194157711110634,0.7164004215187845,1.6445197295298257,2.479105915165249,4.929494994875867,5.028070733271001,4.04918541655185,3.8392557705390686,5.155112455040502,5.167849391050801,5.150405973108526,0.05925134681972111,0.05925134681972821,0.05925134681972111,0.05925134681972111,0.05925134681972111,0.05925134681972111,0.05925134681972111,0.05925134681972821,0.05925134681972111,0.05925134681973532,-3.1889782862578073,-1.9577177723191426,-1.1714586901193798,-0.14950059159090756,0.5532947272167803,0.553299937943379,2.0100617552164266,2.7028890910962957,2.2663971479327927,2.5581037784961183,2.1789880362325533,0.7525945682536133,0.5515889813015917,0.3679176210675337,3.400168780261975,4.438314590968439,4.506587856973617,1.9459446159047893,1.7823629387506692,1.9253690300234254,4.114769002433917,4.353541104262376,-0.7426457547973335,-2.002043333609606,-3.131168735180406,-7.925917236534229,0.05925134681972111,0.05925134681972111,0.56877491854884,0.6481638302564221,0.5715364975025636,-0.3063488936643637,-1.0115070184468493,-0.531509307552227,-0.10931596915972364,2.0535216743276408,0.7730134968365996,-0.027280014879843106,0.0,2.2155422677974315,2.9019428980421225,3.5681217748046237,4.383693567275017,4.814607723087562,5.081057025233861,0.05925134681974242,0.05925134681973532,0.05925134681974242,0.05925134681973532,0.05925134681973532,0.05925134681973532,0.059251346819731765,0.059251346819731765,0.9317027762095051,0.9745394667961591,0.05925134681973532,-2.6935785682666307,-3.173207097180395,-1.4221903967980865,-0.17905415836388272,-0.38883234455046534,-0.6258659665855646,-1.3417137717990357,0.05925134681973532,0.05925134681973532,0.05925134681973532,0.05925134681973532,0.05925134681973532,0.05925134681973532,0.05925134681973532,0.05925134681973532,0.05925134681973532,0.05925134681973532,0.05925134681973532,0.05925134681973532,0.05925134681973532,0.05925134681973532,0.05925134681973532,0.05925134681973532,-0.42464857735139105,0.05925134681973532,0.05925134681973532,-0.2137361258575936,-0.9385481023618496,-0.8494502927611762,-0.8630566417322996,-3.5789156431452938,-2.876393305579626,-2.891875753475148,1.9451329547814566,2.055106001667781,1.190454665263502,3.29861073811702,3.3592306618352694,0.05925134681973532,0.05925134681973532,0.05925134681973532,0.05925134681973532,0.05925134681973532,0.05925134681973532,0.05925134681973532,0.05925134681973532,0.05925134681973532,0.05925134681973532,0.05925134681973532,0.05925134681973532,0.05925134681973532,0.05925134681973532,0.05925134681973532,0.05925134681973532,0.05925134681973532,0.05925134681973532,0.05925134681973532,0.05925134681973532,0.05925134681973532,0.05925134681973532,0.05925134681973532,0.05925134681973532,0.05925134681973532,0.05925134681973532
121,2.1562909209777104,2.1562909209777104,2.1562909209777104,2.1562909209777104,2.1562909209777104,2.1562909209777104,2.1562909209777104,2.1562909209777104,2.1562909209777104,2.1562909209777104,2.1562909209777104,2.1562909209777104,2.1562909209777104,2.1562909209777104,2.1562909209777246,2.1562909209777246,2.1562909209777246,2.1562909209777246,2.1562909209777246,2.1562909209777104,2.1562909209777104,2.1562909209777104,2.1562909209777104,2.1562909209777104,1.9118871094743213,3.966654986197355,5.043913444316132,5.152917929135697,4.873605723036178,4.885845581694014,4.399997620773888,4.546693778682169,5.22734408818053,6.757740339873777,6.71824887635367,6.762968504448253,6.7725990112015495,2.156290920977696,2.156290920977682,2.156290920977682,2.156290920977682,2.156290920977682,2.156290920977682,2.156290920977696,2.1562909209777104,2.1562909209777104,2.1562909209777104,2.1562909209777104,2.1562909209777104,2.1562909209777104,2.1562909209777104,2.1562909209777104,2.1562909209777104,2.1562909209777104,2.156290920977739,2.1562909209777104,2.1562909209777104,2.1562909209777104,2.1562909209776677,2.156290920977682,2.156290920977682,2.248981151269092,2.8134399956767595,3.741559303687808,4.576145489323224,7.026534569033828,7.12511030742894,6.146224990709783,5.936295344696987,7.25215202919847,7.264888965208769,7.247445547266494,2.156290920977682,2.156290920977682,2.156290920977682,2.156290920977696,2.156290920977682,2.1562909209776535,2.156290920977682,2.156290920977682,2.1562909209776535,2.1562909209777246,5.40452055405526,4.173260040116592,3.387000957916829,2.365042859388357,1.6622475405806636,1.6622423298540587,3.119004147127102,3.811831483006973,3.3753395398434733,3.667046170406806,3.2879304281432304,1.8615369601642868,1.6605313732122582,1.4768600129782143,5.4972083544199535,6.535354165126407,6.603627431131585,4.042984190062782,3.879402512908655,4.022408604181393,5.223711394344605,5.462483496173064,1.3543938193606522,0.09499624054838307,-1.0341291610224204,-5.828877662376243,2.156290920977682,2.156290920977682,1.677727731912734,1.7571166436203036,1.6804893108664416,0.8026039196995178,0.09744579491703576,0.5774435058116687,0.9996368442041828,3.1624744876915756,1.442528770960834,2.242822282677281,2.2155422677974457,0.0,0.6864006302446963,1.35257950700721,2.1681512994775964,2.5990654552901287,2.865514757436417,2.1562909209777104,2.156290920977696,2.1562909209777104,2.1562909209777104,2.1562909209777104,2.1562909209777104,2.156290920977696,2.156290920977696,3.446246227188766,3.489082917775413,2.1562909209777246,5.899920272046451,5.420291743132687,7.171308443514995,8.414444681949192,1.7082072296075168,1.4711736075724104,0.7553258023589393,2.1562909209777246,2.1562909209777246,2.1562909209777246,2.1562909209777246,2.1562909209777104,2.1562909209777104,2.1562909209777104,2.1562909209777104,2.1562909209777104,2.1562909209777104,2.1562909209777104,2.1562909209777104,2.1562909209777104,2.1562909209777104,2.1562909209777104,2.1562909209777104,1.6723909968066053,2.1562909209777104,2.1562909209777104,1.8833034483003814,1.1584914717961254,1.2475892813967988,1.2339829324256755,-1.4818760689873187,-0.7793537314216366,-0.7948361793171586,4.042172528939432,4.152145575825756,3.287494239421477,5.395650312274995,5.4562702359932445,2.1562909209777104,2.1562909209777104,2.1562909209777104,2.1562909209777104,2.1562909209777104,2.1562909209777104,2.1562909209777104,2.1562909209777104,2.1562909209777104,2.1562909209777104,2.1562909209777104,2.1562909209777104,2.1562909209777104,2.1562909209777104,2.1562909209777104,2.1562909209777104,2.1562909209777104,2.1562909209777104,2.1562909209777104,2.1562909209777104,2.1562909209777104,2.1562909209777104,2.1562909209777104,2.1562909209777104,2.1562909209777104,2.1562909209777104
122,2.84269155122243,2.84269155122243,2.84269155122243,2.84269155122243,2.8426915512224156,2.8426915512224014,2.8426915512224014,2.8426915512224014,2.8426915512224014,2.8426915512224014,2.8426915512224014,2.8426915512224014,2.8426915512224014,2.8426915512224014,2.8426915512224156,2.8426915512224156,2.8426915512224156,2.8426915512224156,2.8426915512224156,2.8426915512224014,2.8426915512224014,2.8426915512224014,2.8426915512224014,2.8426915512224014,2.5982877397190123,4.653055616442046,5.730314074560837,5.839318559380416,5.560006353280897,5.5722462119387615,5.086398251018636,5.233094408926917,5.913744718425278,7.444140970118525,7.4046495065984175,7.449369134693001,7.458999641446297,2.842691551222387,2.842691551222373,2.842691551222373,2.842691551222373,2.842691551222373,2.842691551222373,2.8426915512224014,2.8426915512224014,2.8426915512224014,2.8426915512224014,2.8426915512224014,2.8426915512224014,2.8426915512224014,2.8426915512224014,2.8426915512224014,2.8426915512224014,2.8426915512224014,2.84269155122243,2.8426915512224014,2.8426915512224014,2.8426915512224014,2.842691551222373,2.842691551222373,2.842691551222373,2.935381781513783,3.4998406259214505,4.427959933932499,5.262546119567915,7.712935199278519,7.811510937673631,6.832625620954474,6.622695974941678,7.938552659443161,7.95128959545346,7.933846177511185,2.842691551222373,2.842691551222373,2.842691551222373,2.842691551222373,2.842691551222373,2.8426915512223445,2.842691551222373,2.8426915512224014,2.8426915512224014,2.8426915512224156,6.090921184299958,4.859660670361286,4.073401588161527,3.0514434896330584,2.3486481708253635,2.348642960098756,3.805404777371802,4.4982321132516745,4.061740170088179,4.353446800651511,3.974331058387939,2.547937590408992,2.3469320034569634,2.1632606432229196,6.1836089846646445,7.221754795371112,7.29002806137629,4.729384820307459,4.565803143153346,4.7088092344260986,5.91011202458931,6.148884126417769,2.040794449605343,0.7813968707930741,-0.34772853077772936,-5.142477032131552,2.842691551222373,2.842691551222387,2.364128362157434,2.4435172738650053,2.3668899411111433,1.489004549944223,0.783846425161741,1.2638441360563775,1.686037474448895,3.848875117936288,2.128929401205525,2.929222912921972,2.9019428980421367,0.6864006302446963,0.0,0.6661788767625136,1.4817506692329,1.9126648250454332,2.1791141271917223,2.8426915512224014,2.842691551222387,2.8426915512224014,2.8426915512224014,2.8426915512224014,2.8426915512224014,2.842691551222387,2.842691551222387,4.132646857433464,4.175483548020107,2.8426915512224156,6.586320902291149,6.106692373377385,7.857709073759693,9.10084531219389,2.394607859852208,2.1575742378171014,1.4417264326036232,2.8426915512224156,2.8426915512224156,2.8426915512224156,2.8426915512224156,2.8426915512224014,2.8426915512224014,2.8426915512224014,2.8426915512224014,2.8426915512224014,2.8426915512224014,2.8426915512224014,2.8426915512224014,2.8426915512224014,2.8426915512224014,2.8426915512224014,2.8426915512224014,2.3587916270512963,2.8426915512224014,2.8426915512224014,2.5697040785450724,1.8448921020408164,1.9339899116414898,1.9203835626703665,-0.7954754387426277,-0.09295310117694555,-0.10843554907246755,4.728573159184123,4.838546206070447,3.973894869666168,6.082050942519686,6.1426708662379355,2.8426915512224014,2.8426915512224014,2.8426915512224014,2.8426915512224014,2.8426915512224014,2.8426915512224014,2.8426915512224014,2.8426915512224014,2.8426915512224014,2.8426915512224014,2.8426915512224014,2.8426915512224014,2.8426915512224014,2.8426915512224014,2.8426915512224014,2.8426915512224014,2.8426915512224014,2.8426915512224014,2.8426915512224014,2.8426915512224014,2.8426915512224014,2.8426915512224014,2.8426915512224014,2.8426915512224014,2.8426915512224014,2.84269155122243
123,3.508870427984931,3.508870427984931,3.508870427984931,3.508870427984931,3.508870427984931,3.508870427984931,3.508870427984931,3.508870427984931,3.508870427984931,3.508870427984931,3.508870427984931,3.508870427984931,3.508870427984931,3.508870427984931,3.508870427984931,3.508870427984931,3.508870427984924,3.508870427984931,3.508870427984931,3.5088704279849168,3.5088704279849168,3.5088704279849168,3.5088704279849168,3.5088704279849168,3.2644666164815277,5.319234493204561,6.396492951323353,6.505497436142946,6.226185230043427,6.238425088701263,5.752577127781137,5.899273285689418,6.579923595187779,8.110319846881026,8.070828383360919,8.115548011455502,8.125178518208799,3.5088704279849026,3.5088704279848884,3.5088704279848884,3.5088704279848884,3.5088704279848884,3.508870427984874,3.5088704279849026,3.5088704279849026,3.5088704279849026,3.5088704279849026,3.5088704279849026,3.5088704279849026,3.5088704279849026,3.508870427984931,3.508870427984931,3.508870427984931,3.508870427984931,3.5088704279849594,3.5088704279849026,3.5088704279849026,3.5088704279849026,3.5088704279849026,3.5088704279849026,3.5088704279849026,3.6015606582762985,4.166019502683966,5.0941388106950285,5.928724996330445,8.379114076041049,8.477689814436161,7.498804497717003,7.2888748517042075,8.60473153620569,8.61746847221599,8.600025054273715,3.5088704279849026,3.5088704279849026,3.5088704279849026,3.5088704279849026,3.5088704279849026,3.508870427984874,3.5088704279849026,3.508870427984931,3.508870427984931,3.508870427984924,6.7571000610624665,5.525839547123795,4.739580464924035,3.7176223663955668,3.014827047587872,3.014821836861266,4.47158365413431,5.164410990014183,4.727919046850687,5.0196256774140195,4.6405099351504475,3.2141164671715003,3.0131108802194717,2.829439519985428,6.849787861427146,7.887933672133613,7.956206938138791,5.395563697069974,5.2319820199158755,5.374988111188628,6.576290901351818,6.815063003180278,2.7069733263678586,1.4475757475555895,0.31845034598478605,-4.476298155369037,3.5088704279848884,3.508870427984874,3.030307238919942,3.1096961506275136,3.0330688178736516,2.1551834267067314,1.4500253019242493,1.9300230128188858,2.3522163512114034,4.515053994698796,2.7951082779680405,3.5954017896844874,3.568121774804652,1.35257950700721,0.6661788767625136,0.0,0.8155717924703865,1.2464859482829196,1.5129352504292086,3.5088704279849168,3.5088704279849026,3.5088704279849168,3.5088704279849168,3.5088704279849168,3.5088704279849168,3.5088704279849026,3.5088704279849026,4.7988257341959795,4.841662424782619,3.508870427984931,7.252499779053657,6.772871250139893,8.523887950522202,9.767024188956405,3.0607867366147232,2.823753114579617,2.1079053093661457,3.508870427984924,3.5088704279849168,3.5088704279849168,3.5088704279849168,3.508870427984931,3.508870427984931,3.508870427984931,3.508870427984931,3.508870427984931,3.508870427984931,3.508870427984931,3.508870427984931,3.508870427984931,3.5088704279849168,3.5088704279849026,3.5088704279849026,3.0249705038138046,3.508870427984931,3.508870427984931,3.235882955307602,2.511070978803346,2.6001687884040194,2.586562439432896,-0.1292965619800981,0.5732257755855699,0.5577433276900479,5.394752035946652,5.504725082832977,4.640073746428698,6.748229819282216,6.808849743000465,3.508870427984931,3.508870427984931,3.508870427984931,3.508870427984931,3.508870427984931,3.508870427984931,3.508870427984931,3.508870427984931,3.508870427984931,3.508870427984931,3.508870427984931,3.508870427984931,3.508870427984931,3.508870427984931,3.508870427984931,3.508870427984931,3.508870427984931,3.508870427984931,3.508870427984931,3.508870427984931,3.508870427984931,3.508870427984931,3.508870427984931,3.508870427984931,3.508870427984931,3.508870427984931
124,4.324442220455325,4.324442220455325,4.324442220455325,4.324442220455325,4.324442220455325,4.324442220455325,4.324442220455325,4.324442220455325,4.324442220455325,4.324442220455325,4.324442220455325,4.324442220455325,4.324442220455325,4.324442220455325,4.32444222045531,4.32444222045531,4.32444222045531,4.32444222045531,4.32444222045531,4.324442220455296,4.324442220455296,4.324442220455296,4.324442220455296,4.324442220455296,4.080038408951907,6.134806285674941,7.212064743793718,7.321069228613311,7.041757022513792,7.053996881171628,6.568148920251502,6.714845078159783,7.395495387658144,8.925891639351391,8.886400175831284,8.931119803925867,8.940750310679164,4.324442220455282,4.324442220455268,4.324442220455268,4.324442220455268,4.324442220455268,4.324442220455268,4.324442220455296,4.324442220455296,4.324442220455296,4.324442220455296,4.324442220455296,4.324442220455296,4.324442220455296,4.324442220455325,4.324442220455325,4.324442220455325,4.324442220455325,4.324442220455353,4.324442220455296,4.324442220455296,4.324442220455296,4.324442220455268,4.324442220455268,4.324442220455268,4.417132450746678,4.981591295154374,5.909710603165422,6.744296788800838,9.194685868511442,9.293261606906555,8.314376290187397,8.104446644174601,9.420303328676084,9.433040264686383,9.415596846744108,4.324442220455268,4.324442220455268,4.324442220455268,4.324442220455268,4.324442220455268,4.324442220455239,4.324442220455268,4.324442220455296,4.324442220455296,4.32444222045531,7.572671853532846,6.341411339594174,5.555152257394418,4.533194158865953,3.8303988400582583,3.8303936293316525,5.287155446604697,5.979982782484566,5.543490839321073,5.835197469884406,5.456081727620834,4.029688259641894,3.8286826726898653,3.6450113124558214,7.665359653897582,8.703505464604035,8.771778730609213,6.211135489540368,6.047553812386269,6.190559903659022,7.391862693822205,7.630634795650664,3.522545118838238,2.263147540025969,1.1340221384551654,-3.6607263628986573,4.324442220455268,4.324442220455268,3.8458790313903286,3.9252679430979,3.848640610344038,2.9707552191771214,2.265597094394643,2.7455948052892722,3.16778814368179,5.330625787169183,3.61068007043842,4.410973582154867,4.3836935672750315,2.1681512994775964,1.4817506692329,0.8155717924703865,0.0,0.4309141558125327,0.6973634579588215,4.324442220455296,4.324442220455282,4.324442220455296,4.324442220455296,4.324442220455296,4.324442220455296,4.324442220455296,4.324442220455296,5.614397526666359,5.657234217252999,4.32444222045531,8.068071571524037,7.5884430426102725,9.339459742992581,10.582595981426778,3.8763585290851097,3.6393249070500104,2.9234771018365393,4.324442220455303,4.324442220455296,4.324442220455296,4.324442220455296,4.324442220455325,4.324442220455325,4.324442220455325,4.324442220455325,4.324442220455325,4.324442220455325,4.324442220455325,4.324442220455325,4.324442220455325,4.324442220455325,4.324442220455296,4.324442220455296,3.840542296284184,4.324442220455325,4.324442220455325,4.051454747777996,3.3266427712737396,3.415740580874413,3.4021342319032897,0.6862752304903097,1.3887975680559634,1.3733151201604414,6.210323828417046,6.32029687530337,5.455645538899091,7.563801611752609,7.624421535470859,4.324442220455325,4.324442220455325,4.324442220455325,4.324442220455325,4.324442220455325,4.324442220455325,4.324442220455325,4.324442220455325,4.324442220455325,4.324442220455325,4.324442220455325,4.324442220455325,4.324442220455325,4.324442220455325,4.324442220455325,4.324442220455325,4.324442220455325,4.324442220455325,4.324442220455325,4.324442220455325,4.324442220455325,4.324442220455325,4.324442220455325,4.324442220455325,4.324442220455325,4.324442220455325
125,4.755356376267855,4.755356376267855,4.755356376267855,4.755356376267855,4.755356376267855,4.755356376267855,4.755356376267855,4.755356376267855,4.755356376267855,4.755356376267855,4.755356376267855,4.755356376267855,4.755356376267855,4.755356376267855,4.755356376267841,4.755356376267841,4.755356376267841,4.755356376267841,4.755356376267841,4.755356376267827,4.755356376267827,4.755356376267827,4.755356376267827,4.755356376267827,4.5109525647644375,6.565720441487471,7.642978899606248,7.7519833844258415,7.472671178326323,7.484911036984187,6.999063076064061,7.145759233972342,7.826409543470703,9.35680579516395,9.317314331643843,9.362033959738426,9.371664466491723,4.755356376267812,4.755356376267798,4.755356376267798,4.755356376267798,4.755356376267798,4.755356376267798,4.755356376267827,4.755356376267827,4.755356376267827,4.755356376267827,4.755356376267827,4.755356376267827,4.755356376267827,4.755356376267827,4.755356376267827,4.755356376267827,4.755356376267827,4.755356376267855,4.755356376267827,4.755356376267827,4.755356376267827,4.755356376267798,4.755356376267798,4.755356376267798,4.848046606559208,5.412505450966904,6.3406247589779525,7.175210944613383,9.625600024324001,9.724175762719113,8.745290445999956,8.53536079998716,9.851217484488643,9.863954420498942,9.846511002556667,4.755356376267798,4.755356376267798,4.755356376267798,4.755356376267798,4.755356376267798,4.75535637626777,4.755356376267798,4.755356376267827,4.755356376267827,4.755356376267848,8.003586009345383,6.772325495406712,5.986066413206956,4.964108314678491,4.261312995870796,4.26130778514419,5.718069602417234,6.410896938297103,5.974404995133611,6.266111625696944,5.8869958834333715,4.460602415454424,4.259596828502396,4.075925468268352,8.096273809710112,9.134419620416566,9.202692886421744,6.642049645352898,6.4784679681987996,6.621474059471552,7.822776849634742,8.061548951463202,3.9534592746507684,2.6940616958384993,1.5649362942676959,-3.229812207086127,4.755356376267798,4.755356376267798,4.276793187202866,4.356182098910438,4.279554766156572,3.401669374989652,2.6965112502071733,3.1765089611018027,3.5987022994943203,5.761539942981713,4.04159422625095,4.841887737967383,4.814607723087548,2.5990654552901287,1.9126648250454323,1.2464859482829196,0.4309141558125327,0.0,0.26644930214628904,4.755356376267827,4.755356376267812,4.755356376267827,4.755356376267827,4.755356376267827,4.755356376267827,4.755356376267827,4.755356376267827,6.0453116824789035,6.088148373065543,4.755356376267841,8.498985727336574,8.01935719842281,9.770373898805119,11.013510137239322,4.307272684897654,4.070239062862555,3.354391257649084,4.755356376267841,4.755356376267841,4.755356376267841,4.755356376267841,4.755356376267855,4.755356376267855,4.755356376267855,4.755356376267855,4.755356376267855,4.755356376267855,4.755356376267855,4.755356376267855,4.755356376267855,4.755356376267855,4.755356376267855,4.755356376267855,4.271456452096729,4.755356376267855,4.755356376267855,4.482368903590526,3.75755692708627,3.8466547366869435,3.83304838771582,1.1171893863028401,1.8197117238685223,1.8042292759730003,6.641237984229576,6.751211031115901,5.886559694711622,7.99471576756514,8.055335691283389,4.755356376267855,4.755356376267855,4.755356376267855,4.755356376267855,4.755356376267855,4.755356376267855,4.755356376267855,4.755356376267855,4.755356376267855,4.755356376267855,4.755356376267855,4.755356376267855,4.755356376267855,4.755356376267855,4.755356376267855,4.755356376267855,4.755356376267855,4.755356376267855,4.755356376267855,4.755356376267855,4.755356376267855,4.755356376267855,4.755356376267855,4.755356376267855,4.755356376267855,4.755356376267855
126,5.021805678414125,5.021805678414125,5.021805678414125,5.021805678414125,5.021805678414125,5.021805678414125,5.021805678414125,5.021805678414125,5.021805678414125,5.021805678414125,5.021805678414125,5.021805678414125,5.021805678414125,5.021805678414125,5.021805678414125,5.021805678414125,5.021805678414125,5.021805678414125,5.021805678414125,5.021805678414111,5.021805678414111,5.021805678414111,5.021805678414111,5.021805678414111,4.777401866910722,6.832169743633756,7.909428201752547,8.01843268657214,7.7391204804726215,7.751360339130457,7.265512378210332,7.412208536118612,8.092858845616973,9.62325509731022,9.583763633790113,9.628483261884696,9.638113768637993,5.021805678414097,5.021805678414083,5.021805678414083,5.0218056784140686,5.0218056784140686,5.0218056784140686,5.021805678414097,5.021805678414097,5.021805678414097,5.021805678414097,5.021805678414097,5.021805678414097,5.021805678414097,5.021805678414097,5.021805678414097,5.021805678414097,5.021805678414097,5.021805678414125,5.021805678414097,5.021805678414097,5.021805678414097,5.0218056784140686,5.0218056784140686,5.0218056784140686,5.114495908705493,5.6789547531131745,6.607074061124223,7.441660246759653,9.892049326470271,9.990625064865384,9.011739748146226,8.80181010213343,10.117666786634913,10.130403722645212,10.112960304702938,5.0218056784140686,5.0218056784140686,5.0218056784140686,5.0218056784140686,5.0218056784140686,5.02180567841404,5.0218056784140686,5.021805678414097,5.021805678414097,5.0218056784141325,8.270035311491668,7.038774797552996,6.2525157153532405,5.230557616824775,4.52776229801708,4.527757087290475,5.984518904563519,6.677346240443388,6.2408542972798955,6.532560927843228,6.153445185579656,4.727051717600709,4.52604613064868,4.3423747704146365,8.362723111856383,9.400868922562836,9.469142188568014,6.908498947499197,6.744917270345098,6.887923361617851,8.089226151781027,8.327998253609486,4.219908576797053,2.960510997984784,1.8313855964139805,-2.963362904939828,5.0218056784140686,5.0218056784140686,4.543242489349151,4.622631401056722,4.546004068302857,3.6681186771359364,2.962960552353458,3.4429582632480873,3.865151601640605,6.027989245127998,4.308043528397235,5.108337040113682,5.0810570252338465,2.865514757436417,2.1791141271917205,1.5129352504292077,0.6973634579588215,0.26644930214628904,0.0,5.021805678414111,5.021805678414097,5.021805678414111,5.021805678414111,5.021805678414111,5.021805678414111,5.021805678414111,5.021805678414111,6.311760984625188,6.354597675211828,5.021805678414125,8.765435029482859,8.285806500569095,10.036823200951403,11.279959439385607,4.573721987043939,4.33668836500884,3.6208405597953686,5.021805678414125,5.021805678414125,5.021805678414125,5.021805678414125,5.021805678414125,5.021805678414125,5.021805678414125,5.021805678414125,5.021805678414125,5.021805678414125,5.021805678414125,5.021805678414125,5.021805678414125,5.021805678414125,5.021805678414125,5.021805678414125,4.537905754243013,5.021805678414125,5.021805678414125,4.7488182057367965,4.0240062292325405,4.113104038833214,4.0994976898620905,1.3836386884491105,2.0861610260147927,2.0706785781192707,6.907687286375847,7.017660333262171,6.153008996857892,8.26116506971141,8.32178499342966,5.021805678414125,5.021805678414125,5.021805678414125,5.021805678414125,5.021805678414125,5.021805678414125,5.021805678414125,5.021805678414125,5.021805678414125,5.021805678414125,5.021805678414125,5.021805678414125,5.021805678414125,5.021805678414125,5.021805678414125,5.021805678414125,5.021805678414125,5.021805678414125,5.021805678414125,5.021805678414125,5.021805678414125,5.021805678414125,5.021805678414125,5.021805678414125,5.021805678414125,5.021805678414125
127,0.0,0.0,0.0,0.0,0.0,0.0,0.0,0.0,0.0,0.0,0.0,0.0,0.0,0.0,0.0,0.0,0.0,0.0,1.7763568394002505e-15,3.552713678800501e-15,5.329070518200751e-15,5.329070518200751e-15,1.2434497875801753e-14,1.0658141036401503e-14,-0.24440381150338553,1.8103640652196447,2.887622523338429,2.9966270081580078,2.7173148020585103,2.7295546607163743,2.243706699796263,2.3904028577045366,3.071053167202898,4.601449418896152,4.561957955376059,4.606677583470656,4.616308090223924,0.0,0.0,7.105427357601002e-15,3.552713678800501e-15,7.105427357601002e-15,1.4210854715202004e-14,1.4210854715202004e-14,1.4210854715202004e-14,1.4210854715202004e-14,1.4210854715202004e-14,1.4210854715202004e-14,2.1316282072803006e-14,1.4210854715202004e-14,1.4210854715202004e-14,1.4210854715202004e-14,1.4210854715202004e-14,1.4210854715202004e-14,2.842170943040401e-14,1.4210854715202004e-14,2.1316282072803006e-14,2.1316282072803006e-14,7.105427357601002e-15,1.4210854715202004e-14,1.4210854715202004e-14,0.09269023029139234,0.6571490746990705,1.5852683827101117,2.419854568345535,4.870243648056146,4.96881938645128,3.9899340697321293,3.7800044237193475,5.095861108220781,5.10859804423108,5.091154626288805,7.105427357601002e-15,1.4210854715202004e-14,7.105427357601002e-15,7.105427357601002e-15,7.105427357601002e-15,0.0,7.105427357601002e-15,1.4210854715202004e-14,7.105427357601002e-15,0.0,-3.2482296330775426,-2.016969119138878,-1.230710036939115,-0.20875193841064288,0.494043380397045,0.49404859112364363,1.9508104083966913,2.6436377442765604,2.2071458011130574,2.498852431676383,2.119736689412804,0.6933432214338637,0.492337634481828,0.30866627424778414,3.3409174334422644,4.379063244148725,4.447336510153903,1.8866932690850717,1.7231115919309516,1.8661176832037043,4.055517655614182,4.294289757442641,-0.801897101617044,-2.0612946804293166,-3.1904200820001165,-7.985168583353939,7.105427357601002e-15,7.105427357601002e-15,0.5095235717291047,0.5889124834366868,0.5122851506828283,-0.365600240484099,-1.0707583652665846,-0.5907606543719623,-0.16856731597945895,1.9942703275079339,-0.713762150016862,0.08653136169958131,0.05925134681973532,2.1562909209777104,2.8426915512224014,3.5088704279849026,4.324442220455296,4.755356376267827,5.021805678414111,0.0,-6.661338147750939e-15,-4.440892098500626e-16,-6.217248937900877e-15,-5.329070518200751e-15,-5.329070518200751e-15,0.0,0.0,0.8724514293897698,0.9152881199764238,0.0,-2.752829915086366,-3.2324584440001303,-1.4814417436178218,-0.23830550518361804,-0.44808369137020776,-0.6851173134053141,-1.4009651186187781,0.0,0.0,0.0,0.0,0.0,0.0,0.0,0.0,0.0,0.0,0.0,0.0,0.0,0.0,0.0,0.0,-0.48389992417111927,0.0,0.0,-0.2729874726773289,-0.9977994491815849,-0.9087016395809115,-0.9223079885520349,-3.638166989965029,-2.935644652399347,-2.951127100294869,1.8858816079617213,1.9958546548480456,1.1312033184437666,3.2393593912972847,3.299979315015534,0.0,0.0,0.0,0.0,0.0,0.0,0.0,0.0,0.0,0.0,0.0,0.0,0.0,0.0,0.0,0.0,0.0,0.0,0.0,0.0,0.0,0.0,0.0,0.0,0.0,0.0
128,0.0,0.0,0.0,0.0,0.0,0.0,0.0,0.0,0.0,0.0,0.0,0.0,0.0,0.0,-1.4210854715202004e-14,-1.4210854715202004e-14,-7.105427357601002e-15,-3.552713678800501e-15,-3.552713678800501e-15,0.0,0.0,0.0,5.329070518200751e-15,3.552713678800501e-15,-0.24440381150339263,1.8103640652196376,2.887622523338422,2.9966270081580006,2.717314802058503,2.729554660716367,2.243706699796256,2.3904028577045295,3.0710531672028907,4.601449418896138,4.5619579553760445,4.606677583470642,4.61630809022391,-3.552713678800501e-15,-3.552713678800501e-15,3.552713678800501e-15,0.0,0.0,0.0,0.0,0.0,0.0,0.0,0.0,7.105427357601002e-15,0.0,0.0,0.0,0.0,0.0,1.4210854715202004e-14,0.0,7.105427357601002e-15,7.105427357601002e-15,0.0,7.105427357601002e-15,7.105427357601002e-15,0.09269023029138523,0.6571490746990634,1.5852683827101046,2.419854568345528,4.870243648056139,4.968819386451273,3.989934069732122,3.7800044237193404,5.095861108220774,5.108598044231073,5.091154626288798,0.0,7.105427357601002e-15,0.0,0.0,0.0,-7.105427357601002e-15,0.0,7.105427357601002e-15,0.0,-7.105427357601002e-15,-3.2482296330775426,-2.016969119138878,-1.230710036939115,-0.20875193841064288,0.494043380397045,0.49404859112364363,1.9508104083966913,2.6436377442765604,2.2071458011130574,2.498852431676383,2.119736689412804,0.6933432214338637,0.492337634481828,0.30866627424778414,3.3409174334422502,4.3790632441487105,4.447336510153889,1.8866932690850646,1.7231115919309445,1.8661176832036972,4.055517655614167,4.294289757442627,-0.8018971016170511,-2.0612946804293237,-3.190420082000127,-7.985168583353946,0.0,0.0,0.5095235717291047,0.5889124834366868,0.5122851506828283,-0.365600240484099,-1.0707583652665846,-0.5907606543719623,-0.16856731597945895,1.9942703275079339,-0.7137621500168692,0.0865313616995742,0.05925134681972821,2.156290920977696,2.842691551222387,3.5088704279848884,4.324442220455282,4.755356376267812,5.021805678414097,-6.661338147750939e-15,0.0,5.995204332975845e-15,4.440892098500626e-16,0.0,0.0,-3.552713678800501e-15,-3.552713678800501e-15,0.8724514293897698,0.9152881199764238,0.0,-2.752829915086366,-3.2324584440001303,-1.4814417436178218,-0.23830550518361804,-0.44808369137021486,-0.6851173134053141,-1.4009651186187853,-7.105427357601002e-15,-7.105427357601002e-15,-7.105427357601002e-15,-1.4210854715202004e-14,0.0,0.0,0.0,0.0,0.0,0.0,0.0,0.0,0.0,0.0,0.0,0.0,-0.4838999241711335,0.0,0.0,-0.2729874726773289,-0.9977994491815849,-0.9087016395809115,-0.9223079885520349,-3.638166989965029,-2.935644652399347,-2.951127100294869,1.8858816079617213,1.9958546548480456,1.1312033184437666,3.2393593912972847,3.299979315015534,0.0,0.0,0.0,0.0,0.0,0.0,0.0,0.0,0.0,0.0,0.0,0.0,0.0,0.0,0.0,0.0,0.0,0.0,0.0,0.0,0.0,0.0,0.0,0.0,0.0,0.0
129,0.0,0.0,0.0,0.0,0.0,0.0,0.0,0.0,0.0,0.0,0.0,0.0,0.0,0.0,0.0,0.0,0.0,3.552713678800501e-15,3.552713678800501e-15,7.105427357601002e-15,5.329070518200751e-15,5.329070518200751e-15,1.0658141036401503e-14,1.4210854715202004e-14,-0.24440381150338197,1.8103640652196518,2.887622523338436,2.996627008158015,2.7173148020585174,2.7295546607163814,2.2437066997962702,2.3904028577045437,3.071053167202905,4.601449418896152,4.561957955376059,4.606677583470656,4.616308090223924,1.7763568394002505e-15,0.0,7.105427357601002e-15,3.552713678800501e-15,7.105427357601002e-15,1.4210854715202004e-14,1.4210854715202004e-14,1.4210854715202004e-14,1.4210854715202004e-14,1.4210854715202004e-14,1.4210854715202004e-14,2.842170943040401e-14,1.4210854715202004e-14,1.4210854715202004e-14,1.4210854715202004e-14,1.4210854715202004e-14,1.4210854715202004e-14,2.842170943040401e-14,1.4210854715202004e-14,2.1316282072803006e-14,2.1316282072803006e-14,7.105427357601002e-15,1.4210854715202004e-14,1.4210854715202004e-14,0.09269023029139589,0.6571490746990776,1.5852683827101188,2.419854568345542,4.870243648056153,4.968819386451287,3.9899340697321364,3.7800044237193546,5.095861108220788,5.108598044231087,5.091154626288812,7.105427357601002e-15,1.4210854715202004e-14,7.105427357601002e-15,7.105427357601002e-15,7.105427357601002e-15,0.0,7.105427357601002e-15,1.4210854715202004e-14,7.105427357601002e-15,0.0,-3.2482296330775426,-2.016969119138878,-1.230710036939115,-0.20875193841064288,0.494043380397045,0.49404859112364363,1.9508104083966913,2.6436377442765604,2.2071458011130574,2.498852431676383,2.119736689412804,0.6933432214338637,0.492337634481828,0.30866627424778414,3.3409174334422644,4.379063244148725,4.447336510153903,1.8866932690850788,1.7231115919309588,1.8661176832037114,4.055517655614182,4.294289757442641,-0.801897101617044,-2.06129468042932,-3.19042008200012,-7.985168583353939,7.105427357601002e-15,7.105427357601002e-15,0.5095235717291047,0.5889124834366868,0.5122851506828283,-0.365600240484099,-1.0707583652665846,-0.5907606543719623,-0.16856731597945895,1.9942703275079339,-0.713762150016862,0.08653136169958486,0.05925134681974242,2.1562909209777104,2.8426915512224014,3.5088704279849026,4.324442220455296,4.755356376267827,5.021805678414111,-4.440892098500626e-16,5.995204332975845e-15,0.0,-5.440092820663267e-15,-5.773159728050814e-15,-6.217248937900877e-15,1.7763568394002505e-15,0.0,0.8724514293897698,0.9152881199764238,0.0,-2.752829915086366,-3.2324584440001303,-1.4814417436178218,-0.23830550518361804,-0.44808369137020776,-0.6851173134053141,-1.4009651186187853,0.0,0.0,0.0,0.0,0.0,0.0,0.0,0.0,0.0,0.0,0.0,0.0,0.0,0.0,0.0,0.0,-0.48389992417111927,0.0,0.0,-0.2729874726773289,-0.9977994491815849,-0.9087016395809115,-0.9223079885520349,-3.638166989965029,-2.935644652399347,-2.951127100294869,1.8858816079617213,1.9958546548480456,1.1312033184437666,3.2393593912972847,3.299979315015534,0.0,0.0,0.0,0.0,0.0,0.0,0.0,0.0,0.0,0.0,0.0,0.0,0.0,0.0,0.0,0.0,0.0,0.0,0.0,0.0,0.0,0.0,0.0,0.0,0.0,0.0
130,0.0,0.0,0.0,0.0,0.0,0.0,0.0,0.0,0.0,0.0,0.0,0.0,0.0,0.0,0.0,0.0,0.0,-3.552713678800501e-15,-3.552713678800501e-15,0.0,-1.7763568394002505e-15,0.0,7.105427357601002e-15,7.105427357601002e-15,-0.24440381150338908,1.8103640652196447,2.887622523338429,2.9966270081580078,2.7173148020585103,2.7295546607163743,2.243706699796263,2.3904028577045366,3.071053167202898,4.601449418896152,4.561957955376059,4.606677583470656,4.616308090223924,-5.329070518200751e-15,-7.105427357601002e-15,0.0,0.0,0.0,0.0,0.0,0.0,0.0,0.0,0.0,1.4210854715202004e-14,0.0,0.0,0.0,0.0,0.0,1.4210854715202004e-14,0.0,7.105427357601002e-15,7.105427357601002e-15,0.0,7.105427357601002e-15,7.105427357601002e-15,0.09269023029138879,0.6571490746990634,1.5852683827101046,2.419854568345528,4.870243648056139,4.968819386451273,3.989934069732122,3.7800044237193404,5.095861108220774,5.108598044231073,5.091154626288798,0.0,7.105427357601002e-15,0.0,0.0,0.0,-7.105427357601002e-15,0.0,7.105427357601002e-15,0.0,0.0,-3.2482296330775426,-2.016969119138878,-1.230710036939115,-0.20875193841064288,0.494043380397045,0.49404859112364363,1.9508104083966913,2.6436377442765604,2.2071458011130574,2.498852431676383,2.119736689412804,0.6933432214338637,0.492337634481828,0.30866627424778414,3.3409174334422502,4.3790632441487105,4.447336510153889,1.8866932690850717,1.7231115919309516,1.8661176832037043,4.055517655614167,4.294289757442613,-0.8018971016170511,-2.0612946804293273,-3.190420082000127,-7.985168583353946,0.0,0.0,0.5095235717291047,0.5889124834366868,0.5122851506828283,-0.365600240484099,-1.0707583652665846,-0.5907606543719623,-0.16856731597945895,1.9942703275079339,-0.7137621500168692,0.08653136169957776,0.05925134681973532,2.156290920977696,2.842691551222387,3.5088704279848884,4.324442220455282,4.755356376267812,5.021805678414097,-6.217248937900877e-15,4.440892098500626e-16,-5.440092820663267e-15,0.0,0.0,0.0,-5.329070518200751e-15,-7.105427357601002e-15,0.8724514293897698,0.9152881199764238,-7.105427357601002e-15,-2.752829915086366,-3.2324584440001303,-1.4814417436178218,-0.23830550518361804,-0.44808369137020776,-0.6851173134053141,-1.4009651186187853,0.0,0.0,0.0,0.0,0.0,0.0,0.0,0.0,0.0,0.0,0.0,0.0,0.0,0.0,0.0,0.0,-0.48389992417111927,0.0,0.0,-0.2729874726773289,-0.9977994491815849,-0.9087016395809115,-0.9223079885520349,-3.638166989965029,-2.935644652399347,-2.951127100294869,1.8858816079617213,1.9958546548480456,1.1312033184437666,3.2393593912972847,3.299979315015534,0.0,0.0,0.0,0.0,0.0,0.0,0.0,0.0,0.0,0.0,0.0,0.0,0.0,0.0,0.0,0.0,0.0,0.0,0.0,0.0,0.0,0.0,0.0,0.0,0.0,0.0
131,0.0,0.0,0.0,0.0,0.0,0.0,0.0,0.0,0.0,0.0,0.0,0.0,0.0,0.0,0.0,0.0,0.0,-7.105427357601002e-15,-7.105427357601002e-15,-3.552713678800501e-15,-3.552713678800501e-15,-7.105427357601002e-15,0.0,0.0,-0.24440381150339618,1.8103640652196376,2.887622523338422,2.9966270081580006,2.717314802058503,2.729554660716367,2.243706699796256,2.3904028577045295,3.0710531672028907,4.601449418896138,4.5619579553760445,4.606677583470642,4.61630809022391,-7.105427357601002e-15,-7.105427357601002e-15,0.0,0.0,0.0,0.0,0.0,0.0,0.0,0.0,0.0,1.4210854715202004e-14,0.0,0.0,0.0,0.0,0.0,1.4210854715202004e-14,0.0,7.105427357601002e-15,7.105427357601002e-15,0.0,7.105427357601002e-15,7.105427357601002e-15,0.09269023029138879,0.6571490746990634,1.5852683827101046,2.419854568345535,4.870243648056146,4.96881938645128,3.9899340697321293,3.7800044237193475,5.095861108220781,5.10859804423108,5.091154626288805,0.0,7.105427357601002e-15,0.0,0.0,0.0,-7.105427357601002e-15,0.0,7.105427357601002e-15,0.0,0.0,-3.2482296330775426,-2.016969119138878,-1.230710036939115,-0.20875193841064288,0.494043380397045,0.49404859112364363,1.9508104083966913,2.6436377442765604,2.2071458011130574,2.498852431676383,2.119736689412804,0.6933432214338637,0.492337634481828,0.30866627424776993,3.3409174334422573,4.379063244148718,4.447336510153896,1.8866932690850646,1.7231115919309445,1.8661176832036972,4.055517655614182,4.294289757442641,-0.8018971016170582,-2.0612946804293344,-3.1904200820001307,-7.985168583353953,0.0,0.0,0.5095235717291047,0.5889124834366868,0.5122851506828283,-0.365600240484099,-1.0707583652665846,-0.5907606543719623,-0.16856731597945895,1.9942703275079339,-0.7137621500168763,0.08653136169957065,0.05925134681972821,2.1562909209777104,2.8426915512224014,3.5088704279849026,4.324442220455296,4.755356376267827,5.021805678414111,-7.105427357601002e-15,0.0,-5.773159728050814e-15,0.0,0.0,0.0,-7.105427357601002e-15,-7.105427357601002e-15,0.8724514293897698,0.9152881199764238,-7.105427357601002e-15,-2.752829915086366,-3.2324584440001303,-1.4814417436178218,-0.23830550518361804,-0.44808369137020065,-0.6851173134052999,-1.400965118618771,0.0,0.0,0.0,0.0,0.0,0.0,0.0,0.0,0.0,0.0,0.0,0.0,0.0,0.0,0.0,0.0,-0.48389992417111216,0.0,0.0,-0.2729874726773289,-0.9977994491815849,-0.9087016395809115,-0.9223079885520349,-3.638166989965029,-2.935644652399347,-2.951127100294869,1.8858816079617213,1.9958546548480456,1.1312033184437666,3.2393593912972847,3.299979315015534,0.0,0.0,0.0,0.0,0.0,0.0,0.0,0.0,0.0,0.0,0.0,0.0,0.0,0.0,0.0,0.0,0.0,0.0,0.0,0.0,0.0,0.0,0.0,0.0,0.0,0.0
132,0.0,0.0,0.0,0.0,0.0,0.0,0.0,0.0,0.0,0.0,0.0,0.0,0.0,0.0,0.0,0.0,0.0,-3.552713678800501e-15,-3.552713678800501e-15,0.0,0.0,0.0,7.105427357601002e-15,7.105427357601002e-15,-0.24440381150338908,1.8103640652196447,2.887622523338429,2.9966270081580078,2.7173148020585103,2.7295546607163743,2.243706699796263,2.3904028577045295,3.0710531672028907,4.601449418896138,4.5619579553760445,4.606677583470642,4.61630809022391,-3.552713678800501e-15,-3.552713678800501e-15,0.0,-7.105427357601002e-15,-7.105427357601002e-15,-1.4210854715202004e-14,-1.4210854715202004e-14,-1.4210854715202004e-14,-1.4210854715202004e-14,-1.4210854715202004e-14,-1.4210854715202004e-14,0.0,-1.4210854715202004e-14,-1.4210854715202004e-14,-1.4210854715202004e-14,-1.4210854715202004e-14,-1.4210854715202004e-14,0.0,-1.4210854715202004e-14,-1.4210854715202004e-14,-1.4210854715202004e-14,-7.105427357601002e-15,0.0,0.0,0.09269023029138879,0.6571490746990634,1.5852683827101046,2.419854568345535,4.870243648056146,4.96881938645128,3.9899340697321293,3.7800044237193475,5.095861108220781,5.10859804423108,5.091154626288805,-7.105427357601002e-15,0.0,-7.105427357601002e-15,-7.105427357601002e-15,-7.105427357601002e-15,-1.4210854715202004e-14,-7.105427357601002e-15,0.0,-7.105427357601002e-15,0.0,-3.2482296330775426,-2.016969119138878,-1.230710036939115,-0.20875193841064288,0.494043380397045,0.49404859112364363,1.9508104083966913,2.6436377442765604,2.2071458011130574,2.498852431676383,2.119736689412804,0.6933432214338637,0.492337634481828,0.30866627424776993,3.3409174334422573,4.379063244148718,4.447336510153896,1.8866932690850717,1.7231115919309516,1.8661176832037043,4.055517655614182,4.294289757442641,-0.8018971016170511,-2.0612946804293273,-3.1904200820001236,-7.985168583353946,-7.105427357601002e-15,-7.105427357601002e-15,0.5095235717291047,0.5889124834366868,0.5122851506828283,-0.365600240484099,-1.0707583652665846,-0.5907606543719623,-0.16856731597945895,1.9942703275079339,-0.7137621500168692,0.08653136169957776,0.05925134681973532,2.1562909209777104,2.8426915512224014,3.5088704279849026,4.324442220455296,4.755356376267827,5.021805678414111,-6.217248937900877e-15,8.881784197001252e-16,-5.329070518200751e-15,0.0,0.0,0.0,-3.552713678800501e-15,-3.552713678800501e-15,0.8724514293897698,0.9152881199764238,0.0,-2.752829915086366,-3.2324584440001303,-1.4814417436178218,-0.23830550518361804,-0.44808369137020065,-0.6851173134052999,-1.400965118618771,0.0,0.0,0.0,0.0,0.0,0.0,0.0,0.0,0.0,0.0,0.0,0.0,0.0,0.0,0.0,0.0,-0.48389992417111216,0.0,0.0,-0.2729874726773289,-0.9977994491815849,-0.9087016395809115,-0.9223079885520349,-3.638166989965029,-2.935644652399347,-2.951127100294869,1.8858816079617213,1.9958546548480456,1.1312033184437666,3.2393593912972847,3.299979315015534,0.0,0.0,0.0,0.0,0.0,0.0,0.0,0.0,0.0,0.0,0.0,0.0,0.0,0.0,0.0,0.0,0.0,0.0,0.0,0.0,0.0,0.0,0.0,0.0,0.0,0.0
133,-2.842170943040401e-14,-2.842170943040401e-14,-2.842170943040401e-14,-2.842170943040401e-14,-2.842170943040401e-14,-2.842170943040401e-14,-2.842170943040401e-14,-2.842170943040401e-14,-2.842170943040401e-14,-2.842170943040401e-14,-1.4210854715202004e-14,-1.4210854715202004e-14,-1.4210854715202004e-14,-1.4210854715202004e-14,-1.4210854715202004e-14,-1.4210854715202004e-14,-7.105427357601002e-15,-7.105427357601002e-15,-7.105427357601002e-15,-5.329070518200751e-15,-4.440892098500626e-15,-5.329070518200751e-15,1.7763568394002505e-15,3.552713678800501e-15,-0.24440381150339263,1.810364065219641,2.887622523338422,2.9966270081580006,2.717314802058503,2.729554660716367,2.243706699796256,2.3904028577045295,3.071053167202898,4.601449418896138,4.5619579553760445,4.606677583470642,4.61630809022391,-8.881784197001252e-15,-1.0658141036401503e-14,-3.552713678800501e-15,-7.105427357601002e-15,-7.105427357601002e-15,-1.4210854715202004e-14,-1.4210854715202004e-14,-1.4210854715202004e-14,-1.4210854715202004e-14,-1.4210854715202004e-14,-1.4210854715202004e-14,-7.105427357601002e-15,-7.105427357601002e-15,0.0,0.0,0.0,0.0,1.4210854715202004e-14,-1.4210854715202004e-14,-7.105427357601002e-15,-7.105427357601002e-15,-7.105427357601002e-15,0.0,0.0,0.09269023029138523,0.6571490746990634,1.5852683827101046,2.4198545683455244,4.870243648056139,4.968819386451273,3.989934069732122,3.7800044237193404,5.095861108220774,5.108598044231073,5.091154626288798,-7.105427357601002e-15,0.0,-7.105427357601002e-15,-7.105427357601002e-15,-7.105427357601002e-15,-1.4210854715202004e-14,-7.105427357601002e-15,0.0,-7.105427357601002e-15,-7.105427357601002e-15,-3.2482296330775426,-2.016969119138878,-1.230710036939115,-0.20875193841064288,0.494043380397045,0.49404859112364363,1.9508104083966913,2.6436377442765604,2.2071458011130574,2.498852431676383,2.119736689412804,0.6933432214338637,0.492337634481828,0.30866627424778414,3.3409174334422502,4.3790632441487105,4.447336510153889,1.8866932690850646,1.7231115919309445,1.8661176832036972,4.055517655614182,4.294289757442641,-0.8018971016170511,-2.0612946804293237,-3.1904200820001236,-7.985168583353943,-7.105427357601002e-15,-7.105427357601002e-15,0.5095235717291047,0.5889124834366868,0.5122851506828283,-0.365600240484099,-1.0707583652665846,-0.5907606543719623,-0.16856731597945895,1.9942703275079339,-0.7137621500168692,0.0865313616995742,0.05925134681972821,2.1562909209777104,2.8426915512224014,3.5088704279849026,4.324442220455296,4.755356376267827,5.021805678414111,0.0,-5.329070518200751e-15,0.0,-5.329070518200751e-15,-7.105427357601002e-15,-7.105427357601002e-15,0.0,0.0,0.8724514293897698,0.9152881199764238,-7.105427357601002e-15,-2.752829915086359,-3.232458444000123,-1.4814417436178218,-0.23830550518361804,-0.44808369137021486,-0.6851173134053212,-1.4009651186187924,-7.105427357601002e-15,-7.105427357601002e-15,-7.105427357601002e-15,-7.105427357601002e-15,-1.4210854715202004e-14,-1.4210854715202004e-14,-1.4210854715202004e-14,-1.4210854715202004e-14,-1.4210854715202004e-14,-1.4210854715202004e-14,-1.4210854715202004e-14,-1.4210854715202004e-14,-1.4210854715202004e-14,-1.4210854715202004e-14,-1.4210854715202004e-14,-1.4210854715202004e-14,-0.4838999241711335,-1.4210854715202004e-14,-1.4210854715202004e-14,-0.27298747267734313,-0.9977994491815991,-0.9087016395809258,-0.9223079885520491,-3.6381669899650433,-2.935644652399361,-2.951127100294883,1.8858816079617071,1.9958546548480314,1.1312033184437666,3.2393593912972847,3.299979315015534,-1.4210854715202004e-14,-1.4210854715202004e-14,-1.4210854715202004e-14,-2.842170943040401e-14,-2.842170943040401e-14,-2.842170943040401e-14,-1.4210854715202004e-14,-1.4210854715202004e-14,-1.4210854715202004e-14,-1.4210854715202004e-14,-1.4210854715202004e-14,-1.4210854715202004e-14,-1.4210854715202004e-14,-1.4210854715202004e-14,-1.4210854715202004e-14,-1.4210854715202004e-14,-2.842170943040401e-14,-1.4210854715202004e-14,-1.4210854715202004e-14,-1.4210854715202004e-14,-1.4210854715202004e-14,-1.4210854715202004e-14,-1.4210854715202004e-14,-1.4210854715202004e-14,-1.4210854715202004e-14,-2.842170943040401e-14
134,0.0,0.0,0.0,0.0,0.0,0.0,0.0,0.0,0.0,0.0,0.0,0.0,0.0,0.0,-1.4210854715202004e-14,-1.4210854715202004e-14,-7.105427357601002e-15,-7.105427357601002e-15,-5.329070518200751e-15,-3.552713678800501e-15,-3.552713678800501e-15,-3.552713678800501e-15,1.7763568394002505e-15,3.552713678800501e-15,-0.24440381150339263,1.8103640652196376,2.887622523338422,2.9966270081580006,2.717314802058503,2.729554660716367,2.243706699796256,2.3904028577045295,3.071053167202898,4.601449418896138,4.5619579553760445,4.606677583470642,4.61630809022391,-7.105427357601002e-15,-7.105427357601002e-15,0.0,-3.552713678800501e-15,0.0,0.0,0.0,0.0,0.0,0.0,0.0,7.105427357601002e-15,0.0,0.0,0.0,0.0,0.0,1.4210854715202004e-14,0.0,7.105427357601002e-15,7.105427357601002e-15,0.0,7.105427357601002e-15,7.105427357601002e-15,0.09269023029138523,0.6571490746990634,1.5852683827101046,2.419854568345528,4.870243648056139,4.968819386451273,3.989934069732122,3.7800044237193404,5.095861108220774,5.108598044231073,5.091154626288798,0.0,7.105427357601002e-15,0.0,0.0,0.0,-7.105427357601002e-15,0.0,7.105427357601002e-15,0.0,-7.105427357601002e-15,-3.2482296330775426,-2.016969119138878,-1.230710036939115,-0.20875193841064288,0.494043380397045,0.49404859112364363,1.9508104083966913,2.6436377442765604,2.2071458011130574,2.498852431676383,2.119736689412804,0.6933432214338637,0.492337634481828,0.30866627424778414,3.3409174334422502,4.3790632441487105,4.447336510153889,1.8866932690850646,1.7231115919309445,1.8661176832036972,4.055517655614167,4.294289757442627,-0.8018971016170511,-2.0612946804293237,-3.1904200820001236,-7.985168583353939,0.0,0.0,0.5095235717291047,0.5889124834366868,0.5122851506828283,-0.365600240484099,-1.0707583652665846,-0.5907606543719623,-0.16856731597945895,1.9942703275079339,-0.7137621500168692,0.0865313616995742,0.05925134681972821,2.156290920977696,2.842691551222387,3.5088704279848884,4.324442220455282,4.755356376267812,5.021805678414097,1.7763568394002505e-15,-3.552713678800501e-15,3.552713678800501e-15,-3.552713678800501e-15,-3.552713678800501e-15,-3.552713678800501e-15,0.0,0.0,0.8724514293897698,0.9152881199764238,-7.105427357601002e-15,-2.752829915086366,-3.2324584440001303,-1.4814417436178218,-0.23830550518361804,-0.44808369137021486,-0.6851173134053212,-1.4009651186187924,-7.105427357601002e-15,-7.105427357601002e-15,-7.105427357601002e-15,-7.105427357601002e-15,0.0,0.0,0.0,0.0,0.0,0.0,0.0,0.0,0.0,0.0,0.0,0.0,-0.4838999241711335,0.0,0.0,-0.2729874726773289,-0.9977994491815849,-0.9087016395809115,-0.9223079885520349,-3.638166989965029,-2.935644652399347,-2.951127100294869,1.8858816079617213,1.9958546548480456,1.1312033184437666,3.2393593912972847,3.299979315015534,0.0,0.0,0.0,0.0,0.0,0.0,0.0,0.0,0.0,0.0,0.0,0.0,0.0,0.0,0.0,0.0,0.0,0.0,0.0,0.0,0.0,0.0,0.0,0.0,0.0,0.0
135,0.8724514293897698,0.8724514293897698,0.8724514293897698,0.8724514293897698,0.8724514293897698,0.8724514293897698,0.8724514293897698,0.8724514293897698,0.8724514293897698,0.8724514293897698,0.872451429389784,0.872451429389784,0.872451429389784,0.872451429389784,0.872451429389784,0.872451429389784,0.872451429389784,0.872451429389784,0.872451429389784,0.8724514293897698,0.8724514293897698,0.8724514293897698,0.8724514293897698,0.8724514293897698,0.6280476178863807,2.6828154946094145,3.7600739527281917,3.8690784375477705,3.589766231448266,3.60200609010613,3.116158129186033,3.2628542870943136,3.9435045965926747,5.473900848285922,5.434409384765814,5.4791290128603976,5.488759519613694,0.8724514293897556,0.8724514293897414,0.8724514293897414,0.8724514293897414,0.8724514293897414,0.8724514293897414,0.8724514293897414,0.8724514293897414,0.8724514293897414,0.8724514293897414,0.8724514293897414,0.8724514293897414,0.8724514293897414,0.8724514293897414,0.8724514293897414,0.8724514293897414,0.8724514293897414,0.8724514293897698,0.8724514293897414,0.8724514293897414,0.8724514293897414,0.8724514293897272,0.8724514293897414,0.8724514293897414,0.9651416596811515,1.529600504088819,2.4577198120998673,3.2923059977352835,5.742695077445902,5.8412708158410425,4.862385499121899,4.652455853109117,5.968312537610544,5.981049473620843,5.963606055678568,0.8724514293897414,0.8724514293897414,0.8724514293897414,0.8724514293897414,0.8724514293897414,0.8724514293897414,0.8724514293897414,0.8724514293897414,0.8724514293897414,0.872451429389784,4.120681062467316,2.889420548528644,2.103161466328883,1.081203367800411,1.7839986866081077,1.7840038973347134,3.2407657146077575,3.9335930504876266,3.4971011073241343,3.788807737887467,3.409691995623895,1.9832985276449548,1.7822929406929262,1.5986215804588824,4.213368862832013,5.25151467353848,5.319787939543659,2.7591446984748416,2.5955630213207144,2.738569112593467,5.345472961825266,5.584245063653725,0.07055432777271164,-1.1888432510395575,-2.317968652610361,-7.112717153964184,0.8724514293897414,0.8724514293897414,1.799478877940178,1.8788677896477495,1.802240456893891,0.9243550657269672,0.21919694094448516,0.6991946518391181,1.1213879902316322,3.284225633719025,0.15868927937289357,0.9589827910893405,0.9317027762095051,3.446246227188773,4.132646857433468,4.798825734195983,5.614397526666366,6.045311682478896,6.311760984625181,0.8724514293897698,0.8724514293897556,0.8724514293897698,0.8724514293897698,0.8724514293897698,0.8724514293897698,0.8724514293897556,0.8724514293897556,0.0,0.042836690586645076,0.872451429389784,4.6160807804585,4.1364522515447355,5.8874689519270405,7.130605190361244,0.4243677380195763,0.18733411598446992,-0.5285136892290012,0.872451429389784,0.872451429389784,0.872451429389784,0.872451429389784,0.872451429389784,0.872451429389784,0.872451429389784,0.872451429389784,0.872451429389784,0.872451429389784,0.872451429389784,0.872451429389784,0.872451429389784,0.872451429389784,0.872451429389784,0.872451429389784,0.38855150521866477,0.872451429389784,0.872451429389784,0.5994639567124551,-0.12534801979180088,-0.03625021019112751,-0.049856559162250846,-2.765715560575245,-2.063193223009563,-2.078675670905085,2.7583330373515054,2.8683060842378296,2.003654747833565,4.111810820687083,4.172430744405332,0.872451429389784,0.872451429389784,0.872451429389784,0.8724514293897698,0.8724514293897698,0.8724514293897698,0.872451429389784,0.872451429389784,0.872451429389784,0.872451429389784,0.872451429389784,0.872451429389784,0.872451429389784,0.872451429389784,0.872451429389784,0.872451429389784,0.8724514293897698,0.872451429389784,0.872451429389784,0.872451429389784,0.872451429389784,0.872451429389784,0.872451429389784,0.872451429389784,0.872451429389784,0.8724514293897698
136,0.9152881199763954,0.9152881199763954,0.9152881199763954,0.9152881199763954,0.9152881199763954,0.9152881199763954,0.9152881199763954,0.9152881199763954,0.9152881199763954,0.9152881199763954,0.9152881199764096,0.9152881199764096,0.9152881199764096,0.9152881199764096,0.9152881199764096,0.9152881199764096,0.9152881199764096,0.9152881199764096,0.9152881199764096,0.9152881199763954,0.9152881199763954,0.9152881199763954,0.9152881199763954,0.9152881199763954,0.6708843084730063,2.72565218519604,3.802910643314817,3.911915128134396,3.6326029220348914,3.6448427806927555,3.1589948197726585,3.305690977680939,3.9863412871793003,5.5167375388725475,5.47724607535244,5.521965703447023,5.53159621020032,0.9152881199763812,0.9152881199763669,0.9152881199763669,0.9152881199763669,0.9152881199763669,0.9152881199763669,0.9152881199763669,0.9152881199763669,0.9152881199763669,0.9152881199763669,0.9152881199763669,0.9152881199763669,0.9152881199763669,0.9152881199763954,0.9152881199763954,0.9152881199763954,0.9152881199763954,0.9152881199764238,0.9152881199763669,0.9152881199763669,0.9152881199763669,0.9152881199763527,0.9152881199763669,0.9152881199763669,1.007978350267777,1.5724371946754445,2.500556502686493,3.335142688321909,5.785531768032527,5.884107506427668,4.905222189708525,4.695292543695743,6.011149228197155,6.02388616420744,6.006442746265165,0.9152881199763669,0.9152881199763669,0.9152881199763669,0.9152881199763669,0.9152881199763669,0.9152881199763669,0.9152881199763669,0.9152881199763669,0.9152881199763669,0.9152881199764096,4.163517753053956,2.9322572391152875,2.1459981569155264,1.124040058387056,1.826835377194751,1.8268405879213532,3.2836024051943973,3.9764297410742664,3.539937797910774,3.8316444284741067,3.4525286862105347,2.0261352182315875,1.8251296312795589,1.641458271045515,4.2562055534186385,5.294351364125106,5.362624630130284,2.801981389061467,2.63839971190734,2.7814058031800926,5.388309652411905,5.627081754240365,0.11339101835933718,-1.146006560452932,-2.2751319620237354,-7.069880463377558,0.9152881199763669,0.9152881199763669,1.8423155685268213,1.9217044802343928,1.8450771474805308,0.967191756313607,0.2620336315311249,0.7420313424257543,1.164224680818272,3.3270623243056647,0.2015259699595191,1.001819481675966,0.9745394667961307,3.489082917775413,4.175483548020107,4.841662424782619,5.657234217253006,6.088148373065536,6.354597675211821,0.9152881199763954,0.9152881199763812,0.9152881199763954,0.9152881199763954,0.9152881199763954,0.9152881199763954,0.9152881199763812,0.9152881199763812,0.042836690586645076,0.0,0.9152881199764096,4.6589174710451395,4.179288942131375,5.93030564251368,7.173441880947877,0.4672044286062018,0.23017080657109545,-0.4856769986423757,0.9152881199764096,0.9152881199764096,0.9152881199764096,0.9152881199764096,0.9152881199764096,0.9152881199764096,0.9152881199764096,0.9152881199764096,0.9152881199764096,0.9152881199764096,0.9152881199764096,0.9152881199764096,0.9152881199764096,0.9152881199764096,0.9152881199764096,0.9152881199764096,0.4313881958052903,0.9152881199764096,0.9152881199764096,0.6423006472990807,-0.08251132920517534,0.006586480395498029,-0.00701986857562531,-2.7228788699886195,-2.0203565324229373,-2.0358389803184593,2.801169727938131,2.911142774824455,2.0464914384201904,4.1546475112737085,4.215267434991958,0.9152881199764096,0.9152881199764096,0.9152881199764096,0.9152881199763954,0.9152881199763954,0.9152881199763954,0.9152881199764096,0.9152881199764096,0.9152881199764096,0.9152881199764096,0.9152881199764096,0.9152881199764096,0.9152881199764096,0.9152881199764096,0.9152881199764096,0.9152881199764096,0.9152881199763954,0.9152881199764096,0.9152881199764096,0.9152881199764096,0.9152881199764096,0.9152881199764096,0.9152881199764096,0.9152881199764096,0.9152881199764096,0.9152881199763954
137,0.0,0.0,0.0,0.0,0.0,0.0,0.0,0.0,0.0,0.0,0.0,0.0,0.0,0.0,0.0,0.0,0.0,0.0,0.0,-1.7763568394002505e-15,-3.552713678800501e-15,0.0,7.105427357601002e-15,7.105427357601002e-15,-0.24440381150338908,1.8103640652196447,2.887622523338429,2.9966270081580078,2.7173148020585103,2.7295546607163743,2.243706699796256,2.3904028577045295,3.0710531672028907,4.601449418896138,4.5619579553760445,4.606677583470642,4.61630809022391,-7.105427357601002e-15,-7.105427357601002e-15,0.0,0.0,0.0,0.0,0.0,0.0,0.0,0.0,0.0,1.4210854715202004e-14,0.0,0.0,0.0,0.0,0.0,1.4210854715202004e-14,0.0,0.0,0.0,0.0,7.105427357601002e-15,0.0,0.09269023029139589,0.6571490746990705,1.5852683827101117,2.419854568345535,4.870243648056146,4.96881938645128,3.9899340697321293,3.7800044237193475,5.095861108220781,5.10859804423108,5.091154626288798,0.0,7.105427357601002e-15,0.0,0.0,0.0,-7.105427357601002e-15,0.0,7.105427357601002e-15,0.0,0.0,-3.2482296330775426,-2.016969119138871,-1.230710036939108,-0.20875193841062867,0.4940433803970592,0.49404859112365784,1.9508104083967055,2.6436377442765746,2.2071458011130716,2.498852431676397,2.119736689412818,0.6933432214338779,0.4923376344818422,0.30866627424779836,3.3409174334422644,4.379063244148725,4.447336510153903,1.8866932690850717,1.7231115919309516,1.8661176832037043,4.055517655614182,4.294289757442641,-0.8018971016170511,-2.0612946804293273,-3.1904200820001236,-7.985168583353946,0.0,0.0,0.5095235717291189,0.588912483436701,0.5122851506828425,-0.3656002404840848,-1.0707583652665704,-0.5907606543719481,-0.16856731597944474,1.994270327507948,-0.7137621500168692,0.08653136169957776,0.05925134681973532,2.1562909209777246,2.8426915512224156,3.5088704279849168,4.32444222045531,4.755356376267841,5.021805678414125,0.0,-7.105427357601002e-15,0.0,-7.105427357601002e-15,-7.105427357601002e-15,-7.105427357601002e-15,-7.105427357601002e-15,-7.105427357601002e-15,0.872451429389784,0.915288119976438,0.0,-2.7528299150863518,-3.232458444000116,-1.4814417436178005,-0.23830550518360383,-0.44808369137020776,-0.6851173134053141,-1.4009651186187853,0.0,0.0,0.0,0.0,0.0,0.0,0.0,0.0,0.0,0.0,0.0,0.0,0.0,0.0,0.0,0.0,-0.48389992417111927,0.0,0.0,-0.2729874726773289,-0.9977994491815849,-0.9087016395809115,-0.9223079885520349,-3.638166989965029,-2.935644652399347,-2.951127100294869,1.8858816079617213,1.9958546548480456,1.1312033184437809,3.239359391297299,3.2999793150155483,0.0,0.0,0.0,0.0,0.0,0.0,0.0,0.0,0.0,0.0,0.0,0.0,0.0,0.0,0.0,0.0,0.0,0.0,0.0,0.0,0.0,0.0,0.0,0.0,0.0,0.0
138,-2.7528299150863518,-2.7528299150863518,-2.7528299150863518,-2.7528299150863518,-2.7528299150863518,-2.7528299150863518,-2.7528299150863518,-2.7528299150863518,-2.7528299150863518,-2.7528299150863518,-2.752829915086359,-2.752829915086359,-2.752829915086359,-2.752829915086359,-2.752829915086359,-2.7528299150863553,-2.7528299150863553,-2.752829915086359,-2.752829915086359,-2.752829915086359,-2.752829915086359,-2.752829915086359,-2.7528299150863518,-2.7528299150863518,-2.997233726589741,-0.9424658498667071,0.13479260825207007,0.24379709307164887,-0.035515113027855705,-0.02327525436999167,-0.5091232152901171,-0.36242705738185066,0.3182232521165105,1.8486195038097577,1.8091280402896643,1.8538476683842617,1.8634781751375442,-2.752829915086366,-2.75282991508638,-2.75282991508638,-2.75282991508638,-2.75282991508638,-2.75282991508638,-2.75282991508638,-2.75282991508638,-2.75282991508638,-2.75282991508638,-2.75282991508638,-2.752829915086366,-2.75282991508638,-2.75282991508638,-2.75282991508638,-2.75282991508638,-2.75282991508638,-2.752829915086366,-2.75282991508638,-2.752829915086366,-2.752829915086366,-2.75282991508638,-2.75282991508638,-2.75282991508638,-2.66013968479497,-2.0956808403872884,-1.16756153237624,-0.33297534674082385,2.117413732969794,2.215989471364935,1.2371041546457917,1.02717450863301,2.3430311931344363,2.355768129144735,2.3383247112024605,-2.75282991508638,-2.75282991508638,-2.75282991508638,-2.75282991508638,-2.75282991508638,-2.75282991508638,-2.75282991508638,-2.75282991508638,-2.75282991508638,-2.7528299150863553,0.49539971799118465,1.7266602319298539,2.512919314129615,3.534877412658087,4.237672731465782,4.237677942192384,5.694439759465425,6.387267095345294,5.950775152181798,6.242481782745131,5.863366040481559,4.4369725725026115,4.235966985550583,4.052295625316532,0.5880875183559056,1.626233329062373,1.6945065950675513,-0.86613664600128,-1.0297183231554072,-0.8867122318826546,7.799147006682929,8.037919108511382,-3.55472701670341,-4.814124595515679,-5.9432499970864825,-10.737998498440291,-2.75282991508638,-2.75282991508638,4.253152922797852,4.332541834505424,4.255914501751562,3.3780291105846416,2.672870985802163,3.1528686966967925,3.57506203508931,5.737899678576703,-3.466592065103228,-2.666298553386781,-2.6935785682666165,5.899920272046444,6.586320902291142,7.252499779053657,8.068071571524044,8.498985727336574,8.765435029482859,-2.7528299150863518,-2.752829915086366,-2.7528299150863518,-2.7528299150863518,-2.7528299150863518,-2.7528299150863518,-2.752829915086359,-2.7528299150863518,4.616080780458496,4.658917471045143,-2.752829915086359,0.0,-0.47962852891376473,1.2713881714685416,2.514524409902741,-3.2009136064565595,-3.437947228491666,-4.1537950337051335,-2.7528299150863553,-2.7528299150863553,-2.752829915086359,-2.752829915086359,-2.752829915086359,-2.752829915086359,-2.752829915086366,-2.752829915086366,-2.752829915086366,-2.752829915086366,-2.752829915086366,-2.752829915086366,-2.752829915086366,-2.752829915086366,-2.752829915086366,-2.752829915086366,-3.236729839257478,-2.7528299150863518,-2.7528299150863447,-3.0258173877636807,-3.7506293642679367,-3.6615315546672633,-3.6751379036383867,-6.390996905051381,-5.688474567485699,-5.703957015381221,-0.8669483071246304,-0.7569752602383062,-1.621626596642571,0.4865294762109471,0.5471493999291965,-2.752829915086359,-2.752829915086359,-2.7528299150863518,-2.7528299150863518,-2.7528299150863518,-2.7528299150863518,-2.752829915086359,-2.752829915086366,-2.752829915086366,-2.752829915086366,-2.752829915086359,-2.7528299150863518,-2.7528299150863518,-2.7528299150863518,-2.7528299150863518,-2.752829915086359,-2.752829915086359,-2.752829915086359,-2.752829915086359,-2.752829915086359,-2.752829915086359,-2.752829915086359,-2.752829915086359,-2.7528299150863518,-2.7528299150863518,-2.7528299150863518
139,-3.2324584440001303,-3.2324584440001303,-3.2324584440001303,-3.2324584440001303,-3.2324584440001303,-3.2324584440001303,-3.2324584440001303,-3.2324584440001303,-3.2324584440001303,-3.2324584440001303,-3.232458444000123,-3.232458444000123,-3.232458444000123,-3.232458444000123,-3.232458444000123,-3.2324584440001196,-3.2324584440001196,-3.232458444000123,-3.232458444000123,-3.232458444000123,-3.232458444000123,-3.2324584440001303,-3.2324584440001303,-3.2324584440001303,-3.4768622555035193,-1.4220943787804856,-0.34483592066170843,-0.23583143584212962,-0.5151436419416342,-0.5029037832837702,-0.9887517442038813,-0.8420555862956149,-0.1614052767972538,1.3689909748959934,1.3294995113759,1.3742191394704832,1.38384964622378,-3.232458444000123,-3.2324584440001303,-3.2324584440001303,-3.2324584440001303,-3.2324584440001303,-3.2324584440001303,-3.2324584440001303,-3.2324584440001303,-3.2324584440001303,-3.2324584440001303,-3.2324584440001303,-3.232458444000116,-3.2324584440001303,-3.2324584440001303,-3.2324584440001303,-3.2324584440001303,-3.232458444000116,-3.232458444000102,-3.2324584440001303,-3.232458444000116,-3.232458444000116,-3.2324584440001445,-3.2324584440001445,-3.2324584440001445,-3.1397682137087486,-2.575309369301081,-1.6471900612900328,-0.8126038756546166,1.6377852040560015,1.7363609424511424,0.757475625731999,0.5475459797192173,1.8634026642206436,1.8761396002309425,1.8586961822886678,-3.2324584440001303,-3.2324584440001303,-3.2324584440001303,-3.2324584440001303,-3.232458444000116,-3.232458444000116,-3.2324584440001303,-3.2324584440001303,-3.2324584440001303,-3.2324584440001196,0.015771189077420367,1.2470317030160913,2.0332907852158524,3.0552488837443263,3.7580442025520213,3.758049413278627,5.214811230551668,5.907638566431537,5.471146623268041,5.7628532538313735,5.3837375115678014,3.9573440435888614,3.7563384566368327,3.572667096402782,0.10845898944211285,1.1466048001485802,1.2148780661537586,-1.3457651749150585,-1.5093468520691857,-1.366340760796433,7.319518477769172,7.558290579597632,-4.0343555456171885,-5.293753124429458,-6.422878526000261,-11.217627027354084,-3.2324584440001303,-3.2324584440001303,3.7735243938840917,3.852913305591663,3.7762859728377975,2.8984005816708773,2.193242456888399,2.673240167783028,3.095433506175546,5.258271149662939,-3.9462205940170065,-3.1459270823005596,-3.173207097180395,5.420291743132687,6.106692373377385,6.7728712501399,7.588443042610287,8.019357198422817,8.285806500569102,-3.232458444000116,-3.2324584440001303,-3.232458444000116,-3.232458444000116,-3.232458444000116,-3.232458444000116,-3.2324584440001303,-3.2324584440001303,4.1364522515447355,4.179288942131382,-3.232458444000123,-0.47962852891376473,0.0,1.7510167003823067,2.994152938816507,-3.680542135370324,-3.91757575740543,-4.633423562618898,-3.2324584440001196,-3.2324584440001196,-3.232458444000116,-3.232458444000116,-3.232458444000123,-3.232458444000116,-3.232458444000116,-3.232458444000116,-3.232458444000116,-3.232458444000116,-3.232458444000116,-3.232458444000116,-3.232458444000116,-3.232458444000116,-3.232458444000116,-3.232458444000116,-3.7163583681712424,-3.2324584440001303,-3.232458444000123,-3.505445916677459,-4.230257893181715,-4.141160083581042,-4.154766432552165,-6.870625433965159,-6.168103096399477,-6.183585544294999,-1.346576836038409,-1.2366037891520847,-2.1012551255563494,0.006900947297168614,0.06752087101541804,-3.232458444000123,-3.232458444000116,-3.232458444000116,-3.232458444000116,-3.232458444000116,-3.232458444000116,-3.232458444000123,-3.232458444000116,-3.232458444000116,-3.232458444000116,-3.232458444000123,-3.2324584440001303,-3.2324584440001374,-3.2324584440001445,-3.2324584440001445,-3.232458444000123,-3.232458444000123,-3.232458444000123,-3.232458444000123,-3.232458444000123,-3.232458444000123,-3.232458444000123,-3.232458444000123,-3.2324584440001303,-3.2324584440001303,-3.2324584440001303
140,-1.481441743617836,-1.481441743617836,-1.481441743617836,-1.481441743617836,-1.481441743617836,-1.481441743617836,-1.481441743617836,-1.481441743617836,-1.481441743617836,-1.481441743617836,-1.4814417436178218,-1.4814417436178147,-1.4814417436178147,-1.4814417436178147,-1.4814417436178147,-1.4814417436178147,-1.4814417436178111,-1.4814417436178147,-1.4814417436178147,-1.4814417436178147,-1.4814417436178076,-1.4814417436178076,-1.4814417436178076,-1.4814417436178076,-1.7258455551211966,0.3289223216018371,1.4061807797206143,1.515185264540193,1.2358730584406885,1.2481129170985525,0.7622649561784272,0.9089611140866936,1.5896114235850547,3.120007675278302,3.0805162117582086,3.1252358398527917,3.1348663466060884,-1.4814417436178218,-1.481441743617836,-1.481441743617836,-1.481441743617836,-1.481441743617836,-1.481441743617836,-1.481441743617836,-1.481441743617836,-1.481441743617836,-1.481441743617836,-1.481441743617836,-1.4814417436178218,-1.481441743617836,-1.481441743617836,-1.481441743617836,-1.481441743617836,-1.481441743617836,-1.4814417436178076,-1.481441743617836,-1.4814417436178218,-1.4814417436178218,-1.481441743617836,-1.481441743617836,-1.481441743617836,-1.3887515133264259,-0.8242926689187442,0.10382663909230416,0.9384128247277204,3.3888019044383384,3.4873776428334793,2.508492326114336,2.298562680101554,3.6144193646029805,3.6271563006132794,3.6097128826710048,-1.481441743617836,-1.481441743617836,-1.481441743617836,-1.481441743617836,-1.481441743617836,-1.481441743617836,-1.481441743617836,-1.481441743617836,-1.481441743617836,-1.4814417436178111,1.7667878894597262,2.998048403398398,3.784307485598159,4.806265584126631,5.509060902934326,5.509066113660936,6.965827930933976,7.658655266813845,7.222163323650349,7.513869954213682,7.13475421195011,5.70836074397117,5.507355157019134,5.32368379678509,1.8594756898244498,2.897621500530917,2.9658947665360955,0.4052515254672642,0.24166984831313698,0.38467593958588964,9.07053517815148,9.309307279979947,-2.2833388452348657,-3.542736424047135,-4.671861825617938,-9.466610326971747,-1.481441743617836,-1.481441743617836,5.5245410942664,5.603930005973968,5.527302673220106,4.649417282053186,3.9442591572707073,4.424256868165337,4.846450206557854,7.009287850045247,-2.195203893634684,-1.394910381918237,-1.4221903967980722,7.171308443514995,7.857709073759693,8.523887950522209,9.339459742992595,9.770373898805126,10.03682320095141,-1.4814417436178076,-1.4814417436178218,-1.4814417436178076,-1.4814417436178076,-1.4814417436178076,-1.4814417436178076,-1.4814417436178076,-1.4814417436178076,5.8874689519270405,5.930305642513684,-1.4814417436178147,1.2713881714685416,1.7510167003823067,0.0,1.243136238434201,-1.9295254349880153,-2.1665590570231217,-2.882406862236593,-1.4814417436178111,-1.4814417436178111,-1.4814417436178076,-1.4814417436178076,-1.4814417436178218,-1.4814417436178218,-1.4814417436178218,-1.4814417436178218,-1.4814417436178218,-1.4814417436178218,-1.4814417436178218,-1.4814417436178218,-1.4814417436178218,-1.4814417436178218,-1.4814417436178218,-1.4814417436178218,-1.965341667788934,-1.4814417436178218,-1.4814417436178218,-1.7544292162951507,-2.4792411927994067,-2.3901433831987333,-2.4037497321698567,-5.119608733582851,-4.417086396017169,-4.432568843912691,0.40443986434389956,0.5144129112302238,-0.3502384251740409,1.7579176476794771,1.8185375713977265,-1.4814417436178147,-1.4814417436178076,-1.4814417436178076,-1.4814417436178076,-1.4814417436178076,-1.4814417436178076,-1.4814417436178147,-1.4814417436178076,-1.4814417436178076,-1.4814417436178076,-1.4814417436178147,-1.4814417436178218,-1.4814417436178218,-1.4814417436178218,-1.4814417436178218,-1.4814417436178147,-1.4814417436178147,-1.4814417436178147,-1.4814417436178147,-1.4814417436178218,-1.4814417436178218,-1.4814417436178218,-1.4814417436178218,-1.4814417436178218,-1.4814417436178218,-1.481441743617836
141,-0.23830550518360383,-0.23830550518360383,-0.23830550518360383,-0.23830550518360383,-0.23830550518360383,-0.23830550518360383,-0.23830550518360383,-0.23830550518360383,-0.23830550518360383,-0.23830550518360383,-0.23830550518361804,-0.23830550518361804,-0.23830550518361804,-0.23830550518361804,-0.23830550518361804,-0.23830550518361804,-0.23830550518361449,-0.23830550518361804,-0.23830550518362514,-0.23830550518363225,-0.23830550518363225,-0.23830550518363225,-0.23830550518363225,-0.23830550518363225,-0.48270931668702133,1.5720585600360124,2.6493170181547896,2.7583215029743684,2.479009296874864,2.491249155532728,2.0054011946126025,2.152097352520869,2.83274766201923,4.363143913712477,4.323652450192384,4.368372078286967,4.378002585040264,-0.23830550518364646,-0.23830550518366067,-0.23830550518366067,-0.23830550518366067,-0.23830550518366067,-0.23830550518366067,-0.23830550518366067,-0.23830550518366067,-0.23830550518366067,-0.23830550518366067,-0.23830550518366067,-0.23830550518364646,-0.23830550518366067,-0.23830550518363225,-0.23830550518363225,-0.23830550518363225,-0.23830550518363225,-0.23830550518360383,-0.23830550518366067,-0.23830550518364646,-0.23830550518364646,-0.23830550518366067,-0.23830550518366067,-0.23830550518366067,-0.14561527489225057,0.4188435695154311,1.3469628775264795,2.1815490631618957,4.631938142872514,4.730513881267655,3.7516285645485112,3.5416989185357295,4.857555603037156,4.870292539047455,4.85284912110518,-0.23830550518366067,-0.23830550518366067,-0.23830550518366067,-0.23830550518366067,-0.23830550518366067,-0.23830550518366067,-0.23830550518366067,-0.23830550518366067,-0.23830550518366067,-0.23830550518361449,3.0099241278939246,4.2411846418325965,5.027443724032356,6.049401822560828,6.7521971413685264,6.752202352095132,8.208964169368173,8.901791505248042,8.465299562084546,8.757006192647872,8.3778904503843,6.951496982405359,6.750491395453324,6.56682003521928,3.102611928258625,4.1407577389650925,4.209031004970271,1.6483877639014395,1.4848060867473123,1.627812178020065,10.313671416585663,10.552443518414123,-1.0402026068006904,-2.2996001856129595,-3.428725587183763,-8.223474088537571,-0.23830550518366067,-0.23830550518366067,6.7676773327006,6.847066244408168,6.770438911654303,5.8925535204873825,5.187395395704904,5.667393106599533,6.089586444992051,8.252424088479437,-0.9520676552005085,-0.1517741434840616,-0.17905415836389693,8.414444681949192,9.10084531219389,9.767024188956405,10.582595981426799,11.01351013723933,11.279959439385614,-0.23830550518363225,-0.23830550518364646,-0.23830550518363225,-0.23830550518363225,-0.23830550518363225,-0.23830550518363225,-0.23830550518363225,-0.23830550518363225,7.130605190361244,7.173441880947884,-0.23830550518361804,2.514524409902741,2.994152938816507,1.243136238434201,0.0,-0.6863891965538187,-0.923422818588925,-1.6392706238023962,-0.23830550518361804,-0.23830550518361804,-0.23830550518361804,-0.23830550518361804,-0.23830550518361804,-0.23830550518361804,-0.23830550518361804,-0.23830550518361804,-0.23830550518361804,-0.23830550518361804,-0.23830550518361804,-0.23830550518361804,-0.23830550518361804,-0.23830550518361804,-0.23830550518361804,-0.23830550518361804,-0.7222054293547373,-0.23830550518361804,-0.23830550518361804,-0.511292977860947,-1.236104954365203,-1.1470071447645296,-1.160613493735653,-3.876472495148647,-3.173950157582965,-3.189432605478487,1.6475761027781033,1.7575491496644275,0.8928978132601486,3.0010538861136666,3.061673809831916,-0.23830550518361804,-0.23830550518361804,-0.23830550518361804,-0.23830550518360383,-0.23830550518360383,-0.23830550518360383,-0.23830550518361804,-0.23830550518361804,-0.23830550518361804,-0.23830550518361804,-0.23830550518361804,-0.23830550518361804,-0.23830550518361804,-0.23830550518361804,-0.23830550518361804,-0.23830550518361804,-0.23830550518360383,-0.23830550518361804,-0.23830550518361804,-0.23830550518361804,-0.23830550518361804,-0.23830550518361804,-0.23830550518361804,-0.23830550518361804,-0.23830550518361804,-0.23830550518360383
142,-0.44808369137020065,-0.44808369137020065,-0.44808369137020065,-0.44808369137020065,-0.44808369137020065,-0.44808369137020065,-0.44808369137020065,-0.44808369137020776,-0.44808369137020776,-0.44808369137020776,-0.44808369137020776,-0.44808369137020776,-0.44808369137020776,-0.4480836913702042,-0.4480836913702042,-0.4480836913702042,-0.4480836913702042,-0.44808369137020776,-0.44808369137020776,-0.44808369137020776,-0.44808369137020776,-0.44808369137020776,-0.44808369137020776,-0.44808369137021486,-0.6924875028736039,1.3622803738494298,2.439538831968207,2.548543316787786,2.269231110688281,2.2814709693461452,1.795623008426034,1.9423191663343005,2.6229694758326616,4.153365727525909,4.1138742640058155,4.158593892100413,4.168224398853681,-0.44808369137021486,-0.44808369137021486,-0.44808369137020065,-0.44808369137020065,-0.44808369137020065,-0.44808369137020065,-0.44808369137020065,-0.44808369137020065,-0.44808369137020065,-0.44808369137020065,-0.44808369137020065,-0.44808369137018644,-0.44808369137020065,-0.44808369137020065,-0.44808369137020065,-0.44808369137020065,-0.44808369137020065,-0.44808369137018644,-0.44808369137020065,-0.44808369137018644,-0.44808369137018644,-0.44808369137021486,-0.44808369137021486,-0.44808369137021486,-0.3553934610788332,0.2090653833288343,1.1371846913398826,1.9717708769752988,4.422159956685917,4.520735695081058,3.5418503783619144,3.3319207323491327,4.647777416850559,4.660514352860858,4.643070934918583,-0.44808369137020065,-0.44808369137020065,-0.44808369137020065,-0.44808369137020065,-0.44808369137018644,-0.44808369137018644,-0.44808369137020065,-0.44808369137020065,-0.44808369137020065,-0.4480836913702042,-3.6963133244477433,-2.4650528105090714,-1.6787937283093122,-0.6568356297808435,0.045959689026851436,0.04596489975345719,1.5027267170264977,2.195554052906367,1.759062109742871,2.0507687403061965,1.6716529980426174,0.2452595300636773,0.04425394311164155,-0.1394174171224023,2.8928337420720283,3.9309795527784956,3.999252818783674,1.4386095777148569,1.2750279005607297,1.4180339918334823,3.607433964243981,3.8462060660724404,-1.249980792987273,-2.509378371799542,-3.6385037733703456,-8.433252274724168,-0.44808369137020065,-0.44808369137020065,0.061439880358925336,0.14082879206649324,0.06420145931262766,-0.8136839318542926,-1.5188420566367782,-1.0388443457421488,-0.6166510073496312,1.5461866361377616,-1.1618458413870911,-0.3615523296706442,-0.38883234455047955,1.7082072296075168,2.394607859852208,3.0607867366147232,3.8763585290851097,4.30727268489764,4.573721987043925,-0.44808369137020065,-0.44808369137020776,-0.44808369137020065,-0.44808369137020776,-0.44808369137020065,-0.44808369137020065,-0.44808369137021486,-0.44808369137021486,0.4243677380195692,0.4672044286062089,-0.44808369137020776,-3.2009136064565595,-3.680542135370324,-1.9295254349880153,-0.6863891965538187,0.0,-0.2370336220351037,-0.9528814272485744,-0.4480836913702042,-0.4480836913702042,-0.44808369137020776,-0.44808369137020776,-0.44808369137020776,-0.44808369137020776,-0.44808369137020776,-0.44808369137020776,-0.44808369137020065,-0.44808369137020065,-0.44808369137020065,-0.44808369137020065,-0.44808369137020065,-0.44808369137020065,-0.44808369137020065,-0.44808369137020065,-0.9319836155413252,-0.44808369137020065,-0.44808369137020065,-0.7210711640475296,-1.4458831405517856,-1.3567853309511122,-1.3703916799222355,-4.08625068133523,-3.3837283437695476,-3.3992107916650696,1.4377979165915207,1.547770963477845,0.6831196270735731,2.791275699927084,2.8518956236453334,-0.44808369137020776,-0.44808369137020776,-0.44808369137020776,-0.44808369137020776,-0.44808369137021486,-0.44808369137021486,-0.44808369137020776,-0.44808369137021486,-0.44808369137021486,-0.44808369137021486,-0.44808369137020776,-0.44808369137020065,-0.44808369137020065,-0.44808369137020065,-0.44808369137020065,-0.44808369137020776,-0.44808369137020776,-0.44808369137020776,-0.44808369137020776,-0.44808369137020776,-0.44808369137020776,-0.44808369137020776,-0.44808369137020776,-0.44808369137020776,-0.44808369137020065,-0.44808369137020065
143,-0.6851173134052999,-0.6851173134052999,-0.6851173134052999,-0.6851173134052999,-0.6851173134052999,-0.6851173134052999,-0.6851173134052999,-0.6851173134052999,-0.6851173134052999,-0.6851173134052999,-0.6851173134052999,-0.6851173134052999,-0.6851173134052999,-0.6851173134052999,-0.685117313405307,-0.685117313405307,-0.685117313405307,-0.6851173134053141,-0.6851173134053141,-0.6851173134053141,-0.6851173134053141,-0.6851173134053141,-0.6851173134053141,-0.6851173134053141,-0.9295211249087032,1.1252467518143305,2.2025052099331077,2.3115096947526865,2.032197488653182,2.044437347311046,1.5585893863909206,1.705285544299187,2.385935853797548,3.9163321054907954,3.876840641970702,3.9215602700652994,3.9311907768185677,-0.6851173134053141,-0.6851173134053283,-0.6851173134053283,-0.6851173134053283,-0.6851173134053283,-0.6851173134053283,-0.6851173134053283,-0.6851173134053283,-0.6851173134053283,-0.6851173134053283,-0.6851173134053283,-0.6851173134053141,-0.6851173134053283,-0.6851173134053283,-0.6851173134053283,-0.6851173134053283,-0.6851173134053283,-0.6851173134053141,-0.6851173134053283,-0.6851173134053141,-0.6851173134053141,-0.6851173134053283,-0.6851173134053283,-0.6851173134053283,-0.5924270831139324,-0.02796823870625076,0.9001510693047976,1.7347372549402138,4.185126334650832,4.283702073045973,3.3048167563268294,3.0948871103140476,4.410743794815474,4.423480730825773,4.406037312883498,-0.6851173134053283,-0.6851173134053283,-0.6851173134053283,-0.6851173134053283,-0.6851173134053283,-0.6851173134053283,-0.6851173134053283,-0.6851173134053283,-0.6851173134053283,-0.685117313405307,-3.933346946482846,-2.7020864325441742,-1.915827350344415,-0.8938692518159428,-0.19107393300824782,-0.19106872228164207,1.2656930949913985,1.9585204308712676,1.5220284877077717,1.8137351182710972,1.434619376007518,0.008225908028578033,-0.1927796789234577,-0.37645103915750155,2.655800120036943,3.6939459307434106,3.762219196748589,1.2015759556797576,1.0379942785256304,1.181000369798383,3.370400342208896,3.6091724440373554,-1.4870144150223723,-2.7464119938346414,-3.875537395405445,-8.670285896759253,-0.6851173134053283,-0.6851173134053283,-0.17559374167617392,-0.09620482996860602,-0.1728321627224716,-1.0507175538893918,-1.7558756786718774,-1.275877967777248,-0.8536846293847447,1.3091530141026482,-1.3988794634221904,-0.5985859517057435,-0.6258659665855788,1.4711736075724176,2.1575742378171086,2.823753114579617,3.6393249070500104,4.070239062862541,4.3366883650088255,-0.685117313405307,-0.6851173134053141,-0.6851173134052999,-0.6851173134052999,-0.6851173134052999,-0.6851173134052999,-0.6851173134053212,-0.6851173134053212,0.18733411598446992,0.23017080657110967,-0.6851173134053141,-3.4379472284916623,-3.9175757574054266,-2.1665590570231217,-0.923422818588925,-0.2370336220351037,0.0,-0.7158478052134704,-0.685117313405307,-0.685117313405307,-0.685117313405307,-0.685117313405307,-0.6851173134052999,-0.6851173134052999,-0.6851173134052999,-0.6851173134052999,-0.6851173134052999,-0.6851173134052999,-0.6851173134052999,-0.6851173134052999,-0.6851173134052999,-0.6851173134052999,-0.6851173134052999,-0.6851173134052999,-1.1690172375764298,-0.6851173134052999,-0.6851173134052999,-0.9581047860826288,-1.6829167625868848,-1.5938189529862115,-1.6074253019573348,-4.323284303370329,-3.620761965804647,-3.636244413700169,1.2007642945564214,1.3107373414427457,0.44608600503846674,2.5542420778919848,2.614862001610234,-0.6851173134052999,-0.6851173134052999,-0.6851173134052999,-0.6851173134052999,-0.6851173134052999,-0.6851173134052999,-0.6851173134052999,-0.6851173134052999,-0.6851173134052999,-0.6851173134052999,-0.6851173134052999,-0.6851173134052999,-0.6851173134052999,-0.6851173134052999,-0.6851173134052999,-0.6851173134052999,-0.6851173134052999,-0.6851173134052999,-0.6851173134052999,-0.6851173134052999,-0.6851173134052999,-0.6851173134052999,-0.6851173134052999,-0.6851173134052999,-0.6851173134052999,-0.6851173134052999
144,-1.4009651186187853,-1.4009651186187853,-1.4009651186187853,-1.4009651186187853,-1.4009651186187853,-1.4009651186187853,-1.4009651186187853,-1.4009651186187853,-1.4009651186187853,-1.4009651186187853,-1.4009651186187853,-1.4009651186187853,-1.4009651186187853,-1.4009651186187853,-1.4009651186187781,-1.4009651186187781,-1.4009651186187781,-1.400965118618771,-1.400965118618771,-1.400965118618771,-1.400965118618771,-1.400965118618771,-1.400965118618771,-1.400965118618771,-1.6453689301221601,0.4093989466008736,1.4866574047196508,1.5956618895392296,1.316349683439725,1.328589542097589,0.8427415811774779,0.9894377390857443,1.6700880485841054,3.2004843002773526,3.1609928367572593,3.2057124648518567,3.215342971605125,-1.400965118618771,-1.4009651186187853,-1.4009651186187853,-1.4009651186187853,-1.4009651186187853,-1.4009651186187853,-1.4009651186187853,-1.4009651186187853,-1.4009651186187853,-1.4009651186187853,-1.4009651186187853,-1.400965118618771,-1.4009651186187853,-1.4009651186187853,-1.4009651186187853,-1.4009651186187853,-1.4009651186187853,-1.400965118618771,-1.4009651186187853,-1.400965118618771,-1.400965118618771,-1.4009651186187995,-1.4009651186187853,-1.4009651186187853,-1.3082748883273894,-0.7438160439197219,0.18430326409132647,1.0188894497267427,3.4692785294373607,3.5678542678325016,2.5889689511133582,2.3790393051005765,3.694895989602003,3.7076329256123017,3.690189507670027,-1.4009651186187853,-1.4009651186187853,-1.4009651186187853,-1.4009651186187853,-1.4009651186187853,-1.4009651186187853,-1.4009651186187853,-1.4009651186187853,-1.4009651186187853,-1.4009651186187781,-4.649194751696321,-3.417934237757649,-2.6316751555578897,-1.609717057029421,-0.9069217382217261,-0.9069165274951203,0.5498452897779202,1.2426726256577894,0.8061806824942863,1.097887313057612,0.7187715707940328,-0.7076218971849073,-0.908627484136943,-1.092298844370987,1.939952314823472,2.9780981255299395,3.046371391535118,0.4857281504663007,0.3221464733121735,0.46515256458492615,2.6545525369954106,2.89332463882387,-2.2028622202358292,-3.4622597990480983,-4.591385200618902,-9.386133701972724,-1.4009651186187853,-1.4009651186187853,-0.8914415468896522,-0.8120526351820843,-0.8886799679359498,-1.76656535910287,-2.4717234838853557,-1.9917257729907263,-1.5695324345982158,0.593305208889177,-2.1147272686356473,-1.3144337569192004,-1.3417137717990357,0.7553258023589393,1.4417264326036303,2.1079053093661315,2.923477101836525,3.3543912576490555,3.62084055979534,-1.400965118618771,-1.4009651186187853,-1.400965118618771,-1.400965118618771,-1.400965118618771,-1.400965118618771,-1.4009651186187781,-1.4009651186187781,-0.5285136892290154,-0.4856769986423757,-1.400965118618771,-4.153795033705137,-4.633423562618901,-2.882406862236593,-1.639270623802389,-0.9528814272485744,-0.7158478052134704,0.0,-1.4009651186187781,-1.4009651186187781,-1.4009651186187781,-1.4009651186187746,-1.4009651186187853,-1.4009651186187853,-1.4009651186187853,-1.4009651186187853,-1.4009651186187853,-1.4009651186187853,-1.4009651186187853,-1.4009651186187853,-1.4009651186187853,-1.4009651186187853,-1.4009651186187853,-1.4009651186187853,-1.8848650427899045,-1.4009651186187853,-1.4009651186187853,-1.6739525912961142,-2.39876456780037,-2.309666758199697,-2.32327310717082,-5.039132108583814,-4.336609771018132,-4.352092218913654,0.4849164893429361,0.5948895362292603,-0.2697618001750186,1.8383942726784994,1.8990141963967488,-1.4009651186187853,-1.4009651186187853,-1.4009651186187853,-1.4009651186187853,-1.4009651186187853,-1.4009651186187853,-1.4009651186187853,-1.4009651186187853,-1.4009651186187853,-1.4009651186187853,-1.4009651186187853,-1.4009651186187853,-1.4009651186187853,-1.4009651186187853,-1.4009651186187853,-1.4009651186187853,-1.4009651186187853,-1.4009651186187853,-1.4009651186187853,-1.4009651186187853,-1.4009651186187853,-1.4009651186187853,-1.4009651186187853,-1.4009651186187853,-1.4009651186187853,-1.4009651186187853
145,0.0,0.0,0.0,0.0,0.0,0.0,0.0,0.0,0.0,0.0,0.0,0.0,0.0,0.0,0.0,0.0,0.0,0.0,0.0,0.0,0.0,0.0,0.0,0.0,-0.24440381150339618,1.8103640652196304,2.8876225233384076,2.9966270081579864,2.717314802058482,2.729554660716346,2.2437066997962205,2.390402857704487,3.071053167202848,4.601449418896095,4.561957955376002,4.606677583470599,4.616308090223868,-7.105427357601002e-15,-7.105427357601002e-15,-7.105427357601002e-15,0.0,0.0,0.0,0.0,0.0,0.0,0.0,0.0,1.4210854715202004e-14,0.0,0.0,0.0,0.0,0.0,1.4210854715202004e-14,0.0,1.4210854715202004e-14,1.4210854715202004e-14,0.0,0.0,0.0,0.09269023029138879,0.6571490746990634,1.5852683827101117,2.419854568345528,4.870243648056146,4.968819386451287,3.9899340697321435,3.7800044237193617,5.095861108220788,5.108598044231087,5.091154626288812,0.0,0.0,0.0,0.0,0.0,0.0,0.0,0.0,0.0,0.0,-3.248229633077539,-2.0169691191388672,-1.230710036939108,-0.20875193841064288,0.4940433803970521,0.49404859112365784,1.9508104083966984,2.6436377442765675,2.2071458011130716,2.498852431676397,2.119736689412818,0.6933432214338779,0.4923376344818422,0.30866627424779836,3.3409174334422573,4.379063244148725,4.447336510153903,1.8866932690850575,1.7231115919309303,1.866117683203683,4.055517655614182,4.294289757442641,-0.8018971016170582,-2.0612946804293344,-3.1904200820001307,-7.985168583353953,0.0,0.0,0.509523571729126,0.5889124834366939,0.5122851506828283,-0.3656002404840919,-1.0707583652665775,-0.5907606543719481,-0.16856731597943053,1.994270327507948,-0.7137621500168763,0.08653136169955644,0.05925134681972111,2.1562909209777175,2.8426915512224085,3.508870427984924,4.3244422204553175,4.755356376267841,5.021805678414125,7.105427357601002e-15,0.0,7.105427357601002e-15,0.0,0.0,0.0,-7.105427357601002e-15,-7.105427357601002e-15,0.8724514293897698,0.9152881199764096,0.0,-2.7528299150863553,-3.2324584440001196,-1.4814417436178147,-0.23830550518361804,-0.44808369137020065,-0.685117313405307,-1.4009651186187746,0.0,0.0,0.0,0.0,0.0,0.0,0.0,0.0,0.0,0.0,0.0,0.0,0.0,0.0,0.0,0.0,-0.4838999241711228,0.0,0.0,-0.2729874726773289,-0.9977994491815849,-0.9087016395809187,-0.922307988552042,-3.638166989965029,-2.935644652399347,-2.951127100294869,1.8858816079617071,1.9958546548480314,1.1312033184437738,3.239359391297292,3.2999793150155483,0.0,0.0,0.0,0.0,0.0,0.0,0.0,0.0,0.0,0.0,0.0,0.0,0.0,0.0,0.0,0.0,0.0,0.0,0.0,0.0,0.0,0.0,0.0,0.0,0.0,0.0
146,0.0,0.0,0.0,0.0,0.0,0.0,0.0,0.0,0.0,0.0,0.0,0.0,0.0,0.0,0.0,0.0,0.0,0.0,0.0,0.0,0.0,0.0,0.0,0.0,-0.24440381150339618,1.8103640652196447,2.887622523338422,2.9966270081580006,2.717314802058496,2.72955466071636,2.243706699796249,2.3904028577045153,3.0710531672028765,4.601449418896124,4.56195795537603,4.606677583470628,4.616308090223896,0.0,0.0,0.0,0.0,0.0,0.0,0.0,0.0,0.0,0.0,0.0,1.4210854715202004e-14,0.0,0.0,0.0,0.0,0.0,1.4210854715202004e-14,0.0,1.4210854715202004e-14,1.4210854715202004e-14,-1.4210854715202004e-14,0.0,0.0,0.09269023029138168,0.6571490746990492,1.5852683827100975,2.4198545683455137,4.870243648056132,4.968819386451273,3.9899340697321293,3.7800044237193475,5.095861108220774,5.108598044231073,5.091154626288798,0.0,0.0,0.0,0.0,0.0,0.0,0.0,0.0,0.0,0.0,-3.2482296330775426,-2.016969119138871,-1.2307100369391115,-0.20875193841063577,0.4940433803970592,0.49404859112366495,1.9508104083967055,2.6436377442765746,2.2071458011130716,2.498852431676397,2.119736689412818,0.6933432214338779,0.4923376344818422,0.30866627424779836,3.340917433442243,4.3790632441487105,4.447336510153889,1.8866932690850717,1.7231115919309445,1.8661176832036972,4.055517655614196,4.294289757442655,-0.8018971016170582,-2.0612946804293273,-3.1904200820001307,-7.985168583353939,0.0,0.0,0.5095235717291331,0.588912483436701,0.5122851506828354,-0.3656002404840848,-1.0707583652665704,-0.590760654371941,-0.16856731597942343,1.9942703275079623,-0.7137621500168763,0.08653136169957065,0.05925134681973532,2.1562909209777246,2.8426915512224156,3.508870427984924,4.32444222045531,4.755356376267841,5.021805678414125,7.105427357601002e-15,0.0,7.105427357601002e-15,0.0,0.0,0.0,-7.105427357601002e-15,-7.105427357601002e-15,0.8724514293897698,0.9152881199764096,0.0,-2.752829915086359,-3.232458444000123,-1.4814417436178147,-0.23830550518361093,-0.4480836913702042,-0.6851173134053106,-1.4009651186187781,0.0,0.0,0.0,0.0,0.0,0.0,0.0,0.0,0.0,0.0,0.0,0.0,0.0,0.0,0.0,0.0,-0.48389992417112637,0.0,0.0,-0.2729874726773289,-0.9977994491815849,-0.9087016395809187,-0.9223079885520349,-3.638166989965029,-2.935644652399347,-2.951127100294869,1.8858816079617213,1.9958546548480456,1.1312033184437738,3.239359391297292,3.2999793150155483,0.0,0.0,0.0,0.0,0.0,0.0,0.0,0.0,0.0,0.0,0.0,0.0,0.0,0.0,0.0,0.0,0.0,0.0,0.0,0.0,0.0,0.0,0.0,0.0,0.0,0.0
147,0.0,0.0,0.0,0.0,0.0,0.0,0.0,0.0,0.0,0.0,0.0,0.0,0.0,0.0,0.0,0.0,0.0,0.0,0.0,0.0,0.0,0.0,0.0,0.0,-0.24440381150338908,1.8103640652196447,2.887622523338422,2.9966270081580006,2.717314802058496,2.72955466071636,2.2437066997962347,2.390402857704501,3.0710531672028623,4.6014494188961095,4.561957955376016,4.6066775834706135,4.616308090223882,0.0,0.0,1.4210854715202004e-14,1.4210854715202004e-14,1.4210854715202004e-14,1.4210854715202004e-14,1.4210854715202004e-14,1.4210854715202004e-14,1.4210854715202004e-14,1.4210854715202004e-14,1.4210854715202004e-14,2.842170943040401e-14,1.4210854715202004e-14,1.4210854715202004e-14,1.4210854715202004e-14,1.4210854715202004e-14,1.4210854715202004e-14,2.842170943040401e-14,1.4210854715202004e-14,2.842170943040401e-14,2.842170943040401e-14,0.0,0.0,0.0,0.09269023029138168,0.6571490746990634,1.5852683827101117,2.419854568345528,4.870243648056146,4.968819386451287,3.9899340697321435,3.7800044237193617,5.095861108220788,5.108598044231087,5.091154626288812,1.4210854715202004e-14,1.4210854715202004e-14,1.4210854715202004e-14,1.4210854715202004e-14,2.842170943040401e-14,2.842170943040401e-14,1.4210854715202004e-14,1.4210854715202004e-14,1.4210854715202004e-14,0.0,-3.248229633077539,-2.016969119138871,-1.230710036939115,-0.20875193841064288,0.4940433803970521,0.49404859112365784,1.9508104083966984,2.6436377442765746,2.2071458011130716,2.498852431676397,2.119736689412818,0.6933432214338779,0.4923376344818422,0.30866627424779836,3.3409174334422573,4.379063244148725,4.447336510153903,1.8866932690850717,1.7231115919309445,1.8661176832036972,4.055517655614182,4.294289757442641,-0.801897101617044,-2.061294680429313,-3.1904200820001165,-7.985168583353939,1.4210854715202004e-14,1.4210854715202004e-14,0.509523571729126,0.5889124834366939,0.5122851506828283,-0.3656002404840919,-1.0707583652665775,-0.5907606543719481,-0.16856731597944474,1.994270327507948,-0.7137621500168763,0.08653136169957065,0.05925134681973532,2.1562909209777175,2.8426915512224156,3.5088704279849168,4.32444222045531,4.755356376267841,5.021805678414125,7.105427357601002e-15,0.0,7.105427357601002e-15,0.0,0.0,0.0,-7.105427357601002e-15,-7.105427357601002e-15,0.8724514293897698,0.9152881199764096,0.0,-2.7528299150863553,-3.2324584440001196,-1.4814417436178076,-0.23830550518360383,-0.44808369137020776,-0.6851173134053141,-1.4009651186187817,0.0,0.0,0.0,0.0,0.0,0.0,0.0,0.0,0.0,0.0,0.0,0.0,0.0,0.0,0.0,0.0,-0.4838999241711228,0.0,0.0,-0.2729874726773289,-0.9977994491815849,-0.9087016395809187,-0.9223079885520349,-3.638166989965029,-2.935644652399347,-2.951127100294869,1.8858816079617213,1.9958546548480456,1.1312033184437738,3.239359391297292,3.2999793150155483,0.0,0.0,0.0,0.0,0.0,0.0,0.0,0.0,0.0,0.0,0.0,0.0,0.0,0.0,0.0,0.0,0.0,0.0,0.0,0.0,0.0,0.0,0.0,0.0,0.0,0.0
148,0.0,0.0,0.0,0.0,0.0,0.0,0.0,0.0,0.0,0.0,0.0,0.0,0.0,0.0,0.0,0.0,0.0,0.0,0.0,0.0,0.0,0.0,0.0,0.0,-0.24440381150338908,1.8103640652196447,2.887622523338422,2.9966270081580006,2.717314802058496,2.72955466071636,2.2437066997962347,2.390402857704501,3.0710531672028623,4.6014494188961095,4.561957955376016,4.6066775834706135,4.616308090223882,0.0,-1.4210854715202004e-14,-1.4210854715202004e-14,-1.4210854715202004e-14,-1.4210854715202004e-14,-1.4210854715202004e-14,-1.4210854715202004e-14,-1.4210854715202004e-14,-1.4210854715202004e-14,-1.4210854715202004e-14,-1.4210854715202004e-14,0.0,-1.4210854715202004e-14,-1.4210854715202004e-14,-1.4210854715202004e-14,-1.4210854715202004e-14,-1.4210854715202004e-14,0.0,-1.4210854715202004e-14,0.0,0.0,-2.842170943040401e-14,-2.842170943040401e-14,-2.842170943040401e-14,0.09269023029138168,0.6571490746990634,1.5852683827101117,2.419854568345528,4.870243648056146,4.968819386451287,3.9899340697321435,3.7800044237193617,5.095861108220788,5.108598044231087,5.091154626288812,-1.4210854715202004e-14,-1.4210854715202004e-14,-1.4210854715202004e-14,-1.4210854715202004e-14,0.0,0.0,-1.4210854715202004e-14,-1.4210854715202004e-14,-1.4210854715202004e-14,0.0,-3.248229633077539,-2.0169691191388637,-1.230710036939108,-0.20875193841063577,0.4940433803970592,0.49404859112366495,1.9508104083967055,2.6436377442765746,2.2071458011130716,2.498852431676397,2.119736689412818,0.6933432214338779,0.4923376344818422,0.30866627424779836,3.3409174334422573,4.379063244148725,4.447336510153903,1.8866932690850717,1.7231115919309445,1.8661176832036972,4.055517655614196,4.294289757442655,-0.8018971016170582,-2.0612946804293273,-3.1904200820001307,-7.985168583353939,-1.4210854715202004e-14,-1.4210854715202004e-14,0.5095235717291331,0.588912483436701,0.5122851506828354,-0.3656002404840848,-1.0707583652665704,-0.5907606543719481,-0.16856731597944474,1.994270327507948,-0.7137621500168763,0.08653136169957065,0.05925134681973532,2.1562909209777246,2.8426915512224156,3.5088704279849168,4.32444222045531,4.755356376267841,5.021805678414125,7.105427357601002e-15,0.0,1.4210854715202004e-14,1.4210854715202004e-14,1.4210854715202004e-14,1.4210854715202004e-14,-7.105427357601002e-15,-7.105427357601002e-15,0.8724514293897698,0.9152881199764096,0.0,-2.7528299150863518,-3.232458444000116,-1.4814417436178076,-0.23830550518360383,-0.44808369137020065,-0.685117313405307,-1.4009651186187781,0.0,0.0,0.0,0.0,0.0,0.0,0.0,0.0,0.0,0.0,0.0,0.0,0.0,0.0,0.0,0.0,-0.4838999241711228,0.0,0.0,-0.2729874726773289,-0.9977994491815849,-0.9087016395809115,-0.9223079885520349,-3.638166989965029,-2.935644652399347,-2.951127100294869,1.8858816079617213,1.9958546548480456,1.1312033184437666,3.2393593912972847,3.299979315015534,0.0,0.0,0.0,0.0,0.0,0.0,0.0,0.0,0.0,0.0,0.0,0.0,0.0,0.0,0.0,0.0,0.0,0.0,0.0,0.0,0.0,0.0,0.0,0.0,0.0,0.0
149,0.0,0.0,0.0,0.0,0.0,0.0,0.0,0.0,0.0,0.0,0.0,0.0,0.0,0.0,0.0,0.0,0.0,0.0,0.0,-1.4210854715202004e-14,-1.4210854715202004e-14,-1.4210854715202004e-14,-1.4210854715202004e-14,-1.4210854715202004e-14,-0.2444038115034033,1.8103640652196304,2.8876225233384076,2.9966270081579864,2.717314802058482,2.729554660716346,2.2437066997962205,2.390402857704487,3.071053167202848,4.601449418896095,4.561957955375988,4.606677583470571,4.616308090223868,-2.842170943040401e-14,-4.263256414560601e-14,-4.263256414560601e-14,-4.263256414560601e-14,-4.263256414560601e-14,-4.263256414560601e-14,-4.263256414560601e-14,-4.263256414560601e-14,-4.263256414560601e-14,-4.263256414560601e-14,-5.684341886080802e-14,-5.684341886080802e-14,-5.684341886080802e-14,-5.684341886080802e-14,-5.684341886080802e-14,-5.684341886080802e-14,-5.684341886080802e-14,-2.842170943040401e-14,-4.263256414560601e-14,-2.842170943040401e-14,-5.684341886080802e-14,-5.684341886080802e-14,-5.684341886080802e-14,-5.684341886080802e-14,0.09269023029136747,0.6571490746990492,1.5852683827100975,2.4198545683455137,4.870243648056132,4.968819386451273,3.9899340697321293,3.7800044237193475,5.095861108220774,5.108598044231073,5.091154626288798,-4.263256414560601e-14,-4.263256414560601e-14,-4.263256414560601e-14,-4.263256414560601e-14,-2.842170943040401e-14,-2.842170943040401e-14,-4.263256414560601e-14,-4.263256414560601e-14,-4.263256414560601e-14,0.0,-3.2482296330775426,-2.016969119138871,-1.2307100369391009,-0.20875193841062867,0.4940433803970592,0.49404859112365784,1.9508104083967055,2.6436377442765746,2.2071458011130716,2.498852431676397,2.119736689412818,0.6933432214338779,0.4923376344818422,0.30866627424779836,3.340917433442243,4.3790632441487105,4.447336510153889,1.8866932690850575,1.7231115919309303,1.866117683203683,4.055517655614182,4.294289757442641,-0.8018971016170724,-2.0612946804293415,-3.190420082000145,-7.985168583353953,-4.263256414560601e-14,-4.263256414560601e-14,0.5095235717291189,0.588912483436701,0.5122851506828425,-0.3656002404840848,-1.0707583652665704,-0.5907606543719481,-0.16856731597944474,1.994270327507948,-0.7137621500168905,0.08653136169955644,0.05925134681972111,2.1562909209777246,2.8426915512224156,3.5088704279849168,4.32444222045531,4.755356376267841,5.021805678414125,-1.4210854715202004e-14,-2.842170943040401e-14,-1.4210854715202004e-14,-1.4210854715202004e-14,-1.4210854715202004e-14,-1.4210854715202004e-14,-1.4210854715202004e-14,-1.4210854715202004e-14,0.872451429389784,0.915288119976438,0.0,-2.7528299150863518,-3.232458444000116,-1.4814417436178076,-0.23830550518360383,-0.44808369137020776,-0.6851173134053141,-1.4009651186187853,0.0,0.0,0.0,0.0,0.0,0.0,0.0,0.0,0.0,0.0,0.0,0.0,0.0,0.0,0.0,0.0,-0.48389992417111927,0.0,0.0,-0.2729874726773325,-0.9977994491815849,-0.9087016395809151,-0.922307988552042,-3.638166989965029,-2.935644652399347,-2.951127100294876,1.8858816079617142,1.9958546548480456,1.1312033184437702,3.2393593912972847,3.299979315015541,0.0,0.0,0.0,0.0,0.0,0.0,0.0,0.0,0.0,0.0,0.0,0.0,0.0,0.0,0.0,0.0,0.0,0.0,0.0,0.0,0.0,0.0,0.0,0.0,0.0,0.0
150,0.0,0.0,0.0,0.0,0.0,0.0,0.0,0.0,0.0,0.0,0.0,0.0,0.0,0.0,0.0,0.0,0.0,0.0,0.0,-1.4210854715202004e-14,-1.4210854715202004e-14,-1.4210854715202004e-14,-1.4210854715202004e-14,-1.4210854715202004e-14,-0.2444038115034033,1.8103640652196304,2.8876225233384076,2.9966270081579864,2.717314802058482,2.72955466071636,2.2437066997962347,2.3904028577045153,3.0710531672028765,4.601449418896124,4.561957955376016,4.606677583470599,4.616308090223896,-2.842170943040401e-14,-4.263256414560601e-14,-4.263256414560601e-14,-4.263256414560601e-14,-4.263256414560601e-14,-4.263256414560601e-14,-4.263256414560601e-14,-4.263256414560601e-14,-4.263256414560601e-14,-2.842170943040401e-14,-2.842170943040401e-14,-2.842170943040401e-14,-2.842170943040401e-14,-2.842170943040401e-14,-2.842170943040401e-14,-2.842170943040401e-14,-2.842170943040401e-14,0.0,-2.842170943040401e-14,-2.842170943040401e-14,-2.842170943040401e-14,-5.684341886080802e-14,-5.684341886080802e-14,-5.684341886080802e-14,0.09269023029136747,0.6571490746990492,1.5852683827100975,2.4198545683455137,4.870243648056132,4.968819386451273,3.9899340697321293,3.7800044237193333,5.09586110822076,5.108598044231044,5.09115462628877,-4.263256414560601e-14,-4.263256414560601e-14,-4.263256414560601e-14,-4.263256414560601e-14,-2.842170943040401e-14,-2.842170943040401e-14,-4.263256414560601e-14,-4.263256414560601e-14,-4.263256414560601e-14,0.0,-3.2482296330775426,-2.016969119138878,-1.230710036939115,-0.20875193841064288,0.494043380397045,0.49404859112364363,1.9508104083966913,2.6436377442765604,2.2071458011130574,2.498852431676383,2.119736689412804,0.6933432214338637,0.492337634481828,0.30866627424778414,3.340917433442243,4.3790632441487105,4.447336510153889,1.8866932690850575,1.7231115919309303,1.866117683203683,4.055517655614182,4.294289757442641,-0.8018971016170724,-2.0612946804293415,-3.190420082000145,-7.985168583353953,-4.263256414560601e-14,-4.263256414560601e-14,0.5095235717291047,0.5889124834366868,0.5122851506828283,-0.365600240484099,-1.0707583652665846,-0.5907606543719623,-0.16856731597945895,1.9942703275079339,-0.7137621500168905,0.08653136169955644,0.05925134681972111,2.1562909209777104,2.8426915512224014,3.5088704279849026,4.324442220455296,4.755356376267827,5.021805678414111,-1.4210854715202004e-14,-2.842170943040401e-14,-1.4210854715202004e-14,-1.4210854715202004e-14,-1.4210854715202004e-14,-1.4210854715202004e-14,-1.4210854715202004e-14,-1.4210854715202004e-14,0.8724514293897698,0.9152881199764238,0.0,-2.752829915086359,-3.232458444000116,-1.4814417436178076,-0.23830550518360383,-0.44808369137020776,-0.6851173134053141,-1.4009651186187853,0.0,0.0,0.0,0.0,0.0,0.0,0.0,0.0,0.0,0.0,0.0,0.0,0.0,0.0,0.0,0.0,-0.48389992417111927,0.0,0.0,-0.2729874726773325,-0.9977994491815849,-0.9087016395809187,-0.922307988552042,-3.638166989965029,-2.935644652399347,-2.951127100294876,1.8858816079617142,1.9958546548480456,1.1312033184437702,3.2393593912972847,3.299979315015541,0.0,0.0,0.0,0.0,0.0,0.0,0.0,0.0,0.0,0.0,0.0,0.0,0.0,0.0,0.0,0.0,0.0,0.0,0.0,0.0,0.0,0.0,0.0,0.0,0.0,0.0
151,0.0,0.0,0.0,0.0,0.0,0.0,0.0,0.0,0.0,0.0,0.0,0.0,0.0,0.0,0.0,0.0,0.0,0.0,0.0,-1.4210854715202004e-14,-1.4210854715202004e-14,-1.4210854715202004e-14,-1.4210854715202004e-14,-1.4210854715202004e-14,-0.2444038115034033,1.8103640652196304,2.8876225233384076,2.9966270081579864,2.717314802058482,2.72955466071636,2.2437066997962347,2.3904028577045153,3.0710531672028765,4.601449418896124,4.561957955376016,4.606677583470599,4.616308090223896,-2.842170943040401e-14,-4.263256414560601e-14,-4.263256414560601e-14,-4.263256414560601e-14,-4.263256414560601e-14,-4.263256414560601e-14,-4.263256414560601e-14,-4.263256414560601e-14,-2.842170943040401e-14,-2.842170943040401e-14,-2.842170943040401e-14,-2.842170943040401e-14,-2.842170943040401e-14,-2.842170943040401e-14,-2.842170943040401e-14,-2.842170943040401e-14,-2.842170943040401e-14,0.0,-2.842170943040401e-14,-2.842170943040401e-14,-2.842170943040401e-14,-5.684341886080802e-14,-5.684341886080802e-14,-5.684341886080802e-14,0.09269023029136747,0.6571490746990492,1.5852683827100975,2.4198545683455137,4.870243648056132,4.968819386451273,3.9899340697321293,3.7800044237193333,5.09586110822076,5.108598044231044,5.0911546262887555,-4.263256414560601e-14,-4.263256414560601e-14,-4.263256414560601e-14,-4.263256414560601e-14,-2.842170943040401e-14,-5.684341886080802e-14,-4.263256414560601e-14,-4.263256414560601e-14,-4.263256414560601e-14,0.0,-3.2482296330775426,-2.016969119138878,-1.230710036939115,-0.20875193841064288,0.494043380397045,0.49404859112364363,1.9508104083966913,2.6436377442765604,2.2071458011130574,2.498852431676383,2.119736689412804,0.6933432214338637,0.492337634481828,0.30866627424778414,3.340917433442243,4.3790632441487105,4.447336510153889,1.8866932690850575,1.7231115919309303,1.866117683203683,4.055517655614182,4.294289757442641,-0.8018971016170724,-2.0612946804293415,-3.190420082000145,-7.985168583353953,-4.263256414560601e-14,-4.263256414560601e-14,0.5095235717291047,0.5889124834366868,0.5122851506828283,-0.365600240484099,-1.0707583652665846,-0.5907606543719623,-0.16856731597945895,1.9942703275079339,-0.7137621500168905,0.08653136169955644,0.05925134681972111,2.1562909209777104,2.8426915512224014,3.5088704279849026,4.324442220455296,4.755356376267827,5.021805678414111,-1.4210854715202004e-14,-2.842170943040401e-14,-1.4210854715202004e-14,-1.4210854715202004e-14,-1.4210854715202004e-14,-1.4210854715202004e-14,-1.4210854715202004e-14,-1.4210854715202004e-14,0.8724514293897698,0.9152881199764238,0.0,-2.752829915086366,-3.2324584440001303,-1.4814417436178218,-0.23830550518361804,-0.44808369137020776,-0.6851173134053141,-1.4009651186187781,0.0,0.0,0.0,0.0,0.0,0.0,0.0,0.0,0.0,0.0,0.0,0.0,0.0,0.0,0.0,0.0,-0.48389992417111927,0.0,0.0,-0.2729874726773289,-0.9977994491815849,-0.9087016395809187,-0.922307988552042,-3.638166989965029,-2.935644652399347,-2.951127100294876,1.8858816079617142,1.9958546548480456,1.1312033184437702,3.2393593912972847,3.299979315015541,0.0,0.0,0.0,0.0,0.0,0.0,0.0,0.0,0.0,0.0,0.0,0.0,0.0,0.0,0.0,0.0,0.0,0.0,0.0,0.0,0.0,0.0,0.0,0.0,0.0,0.0
152,0.0,0.0,0.0,0.0,0.0,0.0,0.0,0.0,0.0,0.0,0.0,0.0,0.0,0.0,0.0,0.0,0.0,0.0,0.0,-1.4210854715202004e-14,-1.4210854715202004e-14,-1.4210854715202004e-14,-1.4210854715202004e-14,-1.4210854715202004e-14,-0.2444038115034033,1.8103640652196304,2.8876225233384076,2.9966270081579864,2.7173148020584676,2.7295546607163317,2.2437066997962063,2.390402857704487,3.071053167202848,4.601449418896095,4.561957955375988,4.606677583470571,4.616308090223868,-2.842170943040401e-14,-4.263256414560601e-14,-4.263256414560601e-14,-4.263256414560601e-14,-4.263256414560601e-14,-4.263256414560601e-14,-4.263256414560601e-14,-4.263256414560601e-14,-5.684341886080802e-14,-5.684341886080802e-14,-5.684341886080802e-14,-5.684341886080802e-14,-5.684341886080802e-14,-5.684341886080802e-14,-5.684341886080802e-14,-5.684341886080802e-14,-5.684341886080802e-14,-2.842170943040401e-14,-5.684341886080802e-14,-5.684341886080802e-14,-5.684341886080802e-14,-4.263256414560601e-14,-2.842170943040401e-14,-2.842170943040401e-14,0.09269023029136747,0.6571490746990349,1.5852683827100833,2.4198545683454995,4.8702436480561175,4.968819386451258,3.989934069732101,3.780004423719305,5.09586110822076,5.108598044231059,5.091154626288784,-4.263256414560601e-14,-4.263256414560601e-14,-4.263256414560601e-14,-4.263256414560601e-14,-5.684341886080802e-14,-8.526512829121202e-14,-4.263256414560601e-14,-4.263256414560601e-14,-5.684341886080802e-14,0.0,-3.2482296330775426,-2.016969119138878,-1.230710036939115,-0.20875193841064288,0.494043380397045,0.49404859112364363,1.9508104083966913,2.6436377442765604,2.2071458011130574,2.498852431676383,2.119736689412804,0.6933432214338637,0.492337634481828,0.30866627424778414,3.340917433442229,4.379063244148696,4.447336510153875,1.8866932690850575,1.7231115919309303,1.866117683203683,4.055517655614167,4.294289757442613,-0.8018971016170724,-2.0612946804293415,-3.190420082000145,-7.985168583353968,-4.263256414560601e-14,-4.263256414560601e-14,0.5095235717291047,0.5889124834366868,0.5122851506828283,-0.365600240484099,-1.0707583652665846,-0.5907606543719623,-0.16856731597945895,1.9942703275079339,-0.7137621500168905,0.08653136169955644,0.05925134681972111,2.156290920977696,2.842691551222387,3.5088704279848884,4.324442220455282,4.755356376267812,5.021805678414097,-1.4210854715202004e-14,-2.842170943040401e-14,-1.4210854715202004e-14,-1.4210854715202004e-14,-1.4210854715202004e-14,-1.4210854715202004e-14,-2.842170943040401e-14,-2.842170943040401e-14,0.8724514293897698,0.9152881199764238,0.0,-2.752829915086366,-3.2324584440001303,-1.4814417436178218,-0.23830550518361804,-0.44808369137020776,-0.6851173134053141,-1.4009651186187853,0.0,0.0,0.0,0.0,0.0,0.0,0.0,0.0,0.0,0.0,0.0,0.0,0.0,0.0,0.0,0.0,-0.48389992417111927,0.0,0.0,-0.2729874726773289,-0.9977994491815849,-0.9087016395809187,-0.922307988552042,-3.638166989965029,-2.935644652399347,-2.951127100294876,1.8858816079617142,1.9958546548480456,1.1312033184437738,3.239359391297292,3.2999793150155483,0.0,0.0,0.0,0.0,0.0,0.0,0.0,0.0,0.0,0.0,0.0,0.0,0.0,0.0,0.0,0.0,0.0,0.0,0.0,0.0,0.0,0.0,0.0,0.0,0.0,0.0
153,0.0,0.0,0.0,0.0,0.0,0.0,0.0,0.0,0.0,0.0,0.0,0.0,0.0,0.0,0.0,0.0,0.0,0.0,0.0,-1.4210854715202004e-14,-1.4210854715202004e-14,-1.4210854715202004e-14,-1.4210854715202004e-14,-1.4210854715202004e-14,-0.2444038115034033,1.8103640652196304,2.8876225233384076,2.9966270081579864,2.7173148020584676,2.7295546607163317,2.2437066997962063,2.390402857704487,3.071053167202848,4.601449418896095,4.561957955375988,4.606677583470571,4.616308090223868,-2.842170943040401e-14,-4.263256414560601e-14,-4.263256414560601e-14,-4.263256414560601e-14,-4.263256414560601e-14,-4.263256414560601e-14,-2.842170943040401e-14,-2.842170943040401e-14,-2.842170943040401e-14,-2.842170943040401e-14,-2.842170943040401e-14,-2.842170943040401e-14,-2.842170943040401e-14,-2.842170943040401e-14,-2.842170943040401e-14,-2.842170943040401e-14,-2.842170943040401e-14,0.0,-2.842170943040401e-14,-2.842170943040401e-14,-2.842170943040401e-14,-2.842170943040401e-14,-2.842170943040401e-14,-2.842170943040401e-14,0.09269023029136747,0.6571490746990349,1.5852683827100833,2.4198545683454995,4.8702436480561175,4.968819386451258,3.989934069732101,3.780004423719305,5.09586110822076,5.108598044231059,5.091154626288784,-4.263256414560601e-14,-4.263256414560601e-14,-4.263256414560601e-14,-5.684341886080802e-14,-5.684341886080802e-14,-8.526512829121202e-14,-4.263256414560601e-14,-4.263256414560601e-14,-5.684341886080802e-14,0.0,-3.2482296330775426,-2.016969119138878,-1.230710036939115,-0.20875193841064288,0.494043380397045,0.49404859112364363,1.9508104083966913,2.6436377442765604,2.2071458011130574,2.498852431676383,2.119736689412804,0.6933432214338637,0.492337634481828,0.30866627424779836,3.340917433442229,4.379063244148696,4.447336510153875,1.8866932690850575,1.7231115919309303,1.866117683203683,4.055517655614167,4.294289757442613,-0.8018971016170724,-2.0612946804293415,-3.190420082000145,-7.985168583353968,-4.263256414560601e-14,-4.263256414560601e-14,0.5095235717291047,0.5889124834366868,0.5122851506828283,-0.365600240484099,-1.0707583652665846,-0.5907606543719623,-0.16856731597945895,1.9942703275079339,-0.7137621500168905,0.08653136169955644,0.05925134681972111,2.156290920977696,2.842691551222387,3.5088704279848884,4.324442220455282,4.755356376267812,5.021805678414097,-1.4210854715202004e-14,-2.842170943040401e-14,-1.4210854715202004e-14,-1.4210854715202004e-14,-1.4210854715202004e-14,-1.4210854715202004e-14,-2.842170943040401e-14,-2.842170943040401e-14,0.8724514293897698,0.9152881199764238,0.0,-2.752829915086366,-3.2324584440001303,-1.4814417436178218,-0.23830550518361804,-0.44808369137020065,-0.6851173134052999,-1.400965118618771,0.0,0.0,0.0,0.0,0.0,0.0,0.0,0.0,0.0,0.0,0.0,0.0,0.0,0.0,0.0,0.0,-0.48389992417112637,0.0,0.0,-0.2729874726773289,-0.9977994491815849,-0.9087016395809187,-0.922307988552042,-3.638166989965029,-2.935644652399347,-2.951127100294876,1.8858816079617142,1.9958546548480456,1.1312033184437738,3.239359391297292,3.2999793150155483,0.0,0.0,0.0,0.0,0.0,0.0,0.0,0.0,0.0,0.0,0.0,0.0,0.0,0.0,0.0,0.0,0.0,0.0,0.0,0.0,0.0,0.0,0.0,0.0,0.0,0.0
154,0.0,0.0,0.0,0.0,0.0,0.0,0.0,0.0,0.0,0.0,0.0,0.0,0.0,0.0,0.0,0.0,0.0,0.0,0.0,-1.4210854715202004e-14,-1.4210854715202004e-14,-1.4210854715202004e-14,-1.4210854715202004e-14,-1.4210854715202004e-14,-0.2444038115034033,1.8103640652196304,2.8876225233383934,2.9966270081579864,2.7173148020584676,2.7295546607163317,2.2437066997962063,2.390402857704487,3.071053167202848,4.601449418896095,4.561957955375988,4.606677583470571,4.616308090223868,-2.842170943040401e-14,-4.263256414560601e-14,-4.263256414560601e-14,-4.263256414560601e-14,-4.263256414560601e-14,-2.842170943040401e-14,0.0,0.0,0.0,0.0,0.0,0.0,0.0,2.842170943040401e-14,2.842170943040401e-14,2.842170943040401e-14,2.842170943040401e-14,5.684341886080802e-14,0.0,0.0,0.0,-5.684341886080802e-14,-5.684341886080802e-14,-5.684341886080802e-14,0.09269023029136747,0.6571490746990492,1.5852683827100975,2.4198545683455137,4.870243648056146,4.968819386451258,3.989934069732101,3.780004423719305,5.095861108220788,5.108598044231087,5.091154626288812,-4.263256414560601e-14,-4.263256414560601e-14,-4.263256414560601e-14,-2.842170943040401e-14,-2.842170943040401e-14,-5.684341886080802e-14,-4.263256414560601e-14,-2.842170943040401e-14,-2.842170943040401e-14,0.0,-3.2482296330775426,-2.016969119138878,-1.230710036939115,-0.20875193841064288,0.494043380397045,0.49404859112364363,1.9508104083966913,2.6436377442765604,2.2071458011130574,2.498852431676383,2.119736689412804,0.6933432214338637,0.492337634481828,0.30866627424776993,3.340917433442243,4.3790632441487105,4.447336510153889,1.8866932690850575,1.7231115919309303,1.8661176832036688,4.055517655614182,4.294289757442641,-0.8018971016170724,-2.0612946804293415,-3.190420082000145,-7.985168583353953,-4.263256414560601e-14,-4.263256414560601e-14,0.5095235717291047,0.5889124834366868,0.5122851506828283,-0.365600240484099,-1.0707583652665846,-0.5907606543719623,-0.16856731597945895,1.9942703275079339,-0.7137621500168905,0.08653136169955644,0.05925134681972111,2.1562909209777104,2.8426915512224014,3.5088704279849026,4.324442220455296,4.755356376267827,5.021805678414111,-1.4210854715202004e-14,-2.842170943040401e-14,-1.4210854715202004e-14,-1.4210854715202004e-14,-1.4210854715202004e-14,-1.4210854715202004e-14,-1.4210854715202004e-14,-1.4210854715202004e-14,0.8724514293897698,0.9152881199764238,0.0,-2.752829915086366,-3.2324584440001303,-1.4814417436178218,-0.23830550518361804,-0.44808369137020065,-0.6851173134052999,-1.400965118618771,0.0,0.0,0.0,0.0,0.0,0.0,0.0,0.0,0.0,0.0,0.0,0.0,0.0,0.0,0.0,0.0,-0.48389992417111216,0.0,0.0,-0.2729874726773289,-0.9977994491815849,-0.9087016395809187,-0.922307988552042,-3.638166989965029,-2.935644652399347,-2.951127100294876,1.8858816079617142,1.9958546548480456,1.1312033184437738,3.239359391297292,3.2999793150155483,0.0,0.0,0.0,0.0,0.0,0.0,0.0,0.0,0.0,0.0,0.0,0.0,0.0,0.0,0.0,0.0,0.0,0.0,0.0,0.0,0.0,0.0,0.0,0.0,0.0,0.0
155,0.0,0.0,0.0,0.0,0.0,0.0,0.0,0.0,0.0,0.0,0.0,0.0,0.0,0.0,0.0,0.0,0.0,0.0,0.0,-1.4210854715202004e-14,-1.4210854715202004e-14,-1.4210854715202004e-14,-1.4210854715202004e-14,-1.4210854715202004e-14,-0.2444038115034033,1.8103640652196304,2.887622523338422,2.996627008158015,2.717314802058496,2.72955466071636,2.2437066997962347,2.3904028577045153,3.0710531672028765,4.601449418896124,4.561957955376016,4.606677583470599,4.616308090223896,-2.842170943040401e-14,-4.263256414560601e-14,-4.263256414560601e-14,-4.263256414560601e-14,-4.263256414560601e-14,-2.842170943040401e-14,0.0,0.0,0.0,0.0,0.0,0.0,0.0,0.0,0.0,0.0,0.0,2.842170943040401e-14,0.0,0.0,0.0,-5.684341886080802e-14,-5.684341886080802e-14,-5.684341886080802e-14,0.09269023029136747,0.6571490746990492,1.5852683827100975,2.4198545683455137,4.8702436480561175,4.96881938645123,3.9899340697320724,3.7800044237192765,5.09586110822076,5.108598044231059,5.091154626288784,-4.263256414560601e-14,-4.263256414560601e-14,-5.684341886080802e-14,-5.684341886080802e-14,-5.684341886080802e-14,-8.526512829121202e-14,-4.263256414560601e-14,-2.842170943040401e-14,-2.842170943040401e-14,0.0,-3.2482296330775426,-2.016969119138878,-1.230710036939115,-0.20875193841064288,0.494043380397045,0.49404859112364363,1.9508104083966913,2.6436377442765604,2.2071458011130574,2.498852431676383,2.119736689412804,0.6933432214338637,0.492337634481828,0.30866627424776993,3.340917433442243,4.3790632441487105,4.447336510153889,1.8866932690850575,1.7231115919309303,1.8661176832036688,4.055517655614182,4.294289757442641,-0.8018971016170724,-2.0612946804293415,-3.190420082000145,-7.985168583353953,-4.263256414560601e-14,-4.263256414560601e-14,0.5095235717291047,0.5889124834366868,0.5122851506828283,-0.365600240484099,-1.0707583652665846,-0.5907606543719623,-0.16856731597945895,1.9942703275079339,-0.7137621500168905,0.08653136169955644,0.05925134681972111,2.1562909209777104,2.8426915512224014,3.5088704279849026,4.324442220455296,4.755356376267827,5.021805678414111,-1.4210854715202004e-14,-2.842170943040401e-14,-1.4210854715202004e-14,-1.4210854715202004e-14,-1.4210854715202004e-14,-1.4210854715202004e-14,-1.4210854715202004e-14,-1.4210854715202004e-14,0.8724514293897698,0.9152881199764238,0.0,-2.752829915086366,-3.2324584440001303,-1.4814417436178218,-0.23830550518361804,-0.44808369137020065,-0.6851173134052999,-1.400965118618771,0.0,0.0,0.0,0.0,0.0,0.0,0.0,0.0,0.0,0.0,0.0,0.0,0.0,0.0,0.0,0.0,-0.48389992417111216,0.0,0.0,-0.2729874726773289,-0.9977994491815849,-0.9087016395809187,-0.922307988552042,-3.638166989965029,-2.935644652399347,-2.951127100294876,1.8858816079617142,1.9958546548480456,1.1312033184437738,3.239359391297292,3.2999793150155483,0.0,0.0,0.0,0.0,0.0,0.0,0.0,0.0,0.0,0.0,0.0,0.0,0.0,0.0,0.0,0.0,0.0,0.0,0.0,0.0,0.0,0.0,0.0,0.0,0.0,0.0
156,0.0,0.0,0.0,0.0,0.0,0.0,0.0,0.0,0.0,0.0,0.0,0.0,0.0,0.0,0.0,0.0,0.0,0.0,0.0,-1.4210854715202004e-14,-1.4210854715202004e-14,-1.4210854715202004e-14,-1.4210854715202004e-14,-1.4210854715202004e-14,-0.2444038115034033,1.8103640652196304,2.887622523338422,2.996627008158015,2.717314802058496,2.72955466071636,2.2437066997962347,2.3904028577045153,3.0710531672028765,4.601449418896124,4.561957955376016,4.606677583470599,4.616308090223896,-2.842170943040401e-14,-4.263256414560601e-14,-4.263256414560601e-14,-4.263256414560601e-14,-4.263256414560601e-14,-5.684341886080802e-14,-2.842170943040401e-14,-2.842170943040401e-14,-2.842170943040401e-14,-2.842170943040401e-14,-2.842170943040401e-14,-2.842170943040401e-14,-2.842170943040401e-14,-2.842170943040401e-14,-2.842170943040401e-14,-2.842170943040401e-14,-2.842170943040401e-14,0.0,-2.842170943040401e-14,-2.842170943040401e-14,-2.842170943040401e-14,-2.842170943040401e-14,-2.842170943040401e-14,-2.842170943040401e-14,0.09269023029136747,0.6571490746990349,1.5852683827100833,2.4198545683454995,4.8702436480561175,4.968819386451258,3.989934069732101,3.780004423719305,5.09586110822076,5.108598044231059,5.091154626288784,-4.263256414560601e-14,-5.684341886080802e-14,-5.684341886080802e-14,-5.684341886080802e-14,-5.684341886080802e-14,-8.526512829121202e-14,-4.263256414560601e-14,-2.842170943040401e-14,-2.842170943040401e-14,0.0,-3.2482296330775426,-2.016969119138878,-1.230710036939115,-0.20875193841064288,0.494043380397045,0.49404859112364363,1.9508104083966913,2.6436377442765604,2.2071458011130574,2.498852431676383,2.119736689412804,0.6933432214338495,0.492337634481828,0.30866627424776993,3.3409174334422147,4.379063244148682,4.4473365101538604,1.8866932690850575,1.7231115919309445,1.8661176832036972,4.055517655614182,4.294289757442641,-0.8018971016170724,-2.0612946804293415,-3.190420082000145,-7.985168583353968,-4.263256414560601e-14,-4.263256414560601e-14,0.5095235717291047,0.5889124834366868,0.5122851506828283,-0.365600240484099,-1.0707583652665846,-0.5907606543719623,-0.16856731597945895,1.9942703275079339,-0.7137621500168905,0.08653136169955644,0.05925134681972111,2.156290920977696,2.842691551222387,3.5088704279848884,4.324442220455282,4.755356376267812,5.021805678414097,-1.4210854715202004e-14,-2.842170943040401e-14,-1.4210854715202004e-14,-1.4210854715202004e-14,-1.4210854715202004e-14,-1.4210854715202004e-14,-2.842170943040401e-14,-2.842170943040401e-14,0.8724514293897698,0.9152881199764238,0.0,-2.752829915086366,-3.2324584440001303,-1.4814417436178218,-0.23830550518361804,-0.44808369137020065,-0.6851173134052999,-1.400965118618771,0.0,0.0,0.0,0.0,0.0,0.0,0.0,0.0,0.0,0.0,0.0,0.0,0.0,0.0,0.0,0.0,-0.48389992417112637,0.0,0.0,-0.2729874726773289,-0.9977994491815849,-0.9087016395809187,-0.922307988552042,-3.638166989965029,-2.935644652399347,-2.951127100294876,1.8858816079617142,1.9958546548480385,1.1312033184437738,3.239359391297292,3.2999793150155483,0.0,0.0,0.0,0.0,0.0,0.0,0.0,0.0,0.0,0.0,0.0,0.0,0.0,0.0,0.0,0.0,0.0,0.0,0.0,0.0,0.0,0.0,0.0,0.0,0.0,0.0
157,0.0,0.0,0.0,0.0,0.0,0.0,0.0,0.0,0.0,0.0,0.0,0.0,0.0,0.0,0.0,0.0,0.0,0.0,0.0,-1.4210854715202004e-14,-1.4210854715202004e-14,-1.4210854715202004e-14,-1.4210854715202004e-14,-1.4210854715202004e-14,-0.2444038115034033,1.8103640652196304,2.887622523338422,2.996627008158015,2.717314802058496,2.7295546607163317,2.2437066997962063,2.390402857704487,3.071053167202848,4.601449418896095,4.561957955375988,4.606677583470571,4.616308090223868,-2.842170943040401e-14,-4.263256414560601e-14,-4.263256414560601e-14,-4.263256414560601e-14,-2.842170943040401e-14,-2.842170943040401e-14,0.0,0.0,0.0,0.0,0.0,0.0,0.0,2.842170943040401e-14,2.842170943040401e-14,2.842170943040401e-14,2.842170943040401e-14,5.684341886080802e-14,0.0,0.0,0.0,-2.842170943040401e-14,-2.842170943040401e-14,-2.842170943040401e-14,0.09269023029136747,0.6571490746990349,1.5852683827100975,2.419854568345528,4.8702436480561175,4.96881938645123,3.9899340697320724,3.7800044237192765,5.09586110822076,5.108598044231059,5.091154626288784,-2.842170943040401e-14,-2.842170943040401e-14,-2.842170943040401e-14,-2.842170943040401e-14,-2.842170943040401e-14,-5.684341886080802e-14,-2.842170943040401e-14,0.0,0.0,0.0,-3.2482296330775426,-2.016969119138878,-1.230710036939115,-0.20875193841064288,0.494043380397045,0.49404859112364363,1.9508104083966913,2.6436377442765604,2.2071458011130574,2.498852431676383,2.119736689412818,0.6933432214338779,0.4923376344818564,0.30866627424779836,3.340917433442229,4.379063244148682,4.4473365101538604,1.8866932690850717,1.723111591930973,1.8661176832037256,4.055517655614182,4.294289757442641,-0.8018971016170724,-2.0612946804293415,-3.190420082000145,-7.985168583353982,-5.684341886080802e-14,-5.684341886080802e-14,0.5095235717291047,0.5889124834366868,0.5122851506828283,-0.365600240484099,-1.0707583652665846,-0.5907606543719623,-0.16856731597945895,1.9942703275079054,-0.7137621500168905,0.08653136169955644,0.05925134681972111,2.156290920977696,2.842691551222387,3.5088704279848884,4.324442220455282,4.755356376267827,5.021805678414125,-1.4210854715202004e-14,-2.842170943040401e-14,-1.4210854715202004e-14,-1.4210854715202004e-14,-1.4210854715202004e-14,-1.4210854715202004e-14,-2.842170943040401e-14,-2.842170943040401e-14,0.8724514293897698,0.9152881199764238,0.0,-2.752829915086366,-3.2324584440001303,-1.4814417436178218,-0.23830550518361804,-0.44808369137020065,-0.6851173134052999,-1.400965118618771,0.0,0.0,0.0,0.0,0.0,0.0,0.0,0.0,0.0,0.0,0.0,0.0,0.0,0.0,0.0,0.0,-0.48389992417112637,0.0,0.0,-0.2729874726773289,-0.9977994491815849,-0.9087016395809187,-0.922307988552042,-3.638166989965029,-2.935644652399347,-2.951127100294869,1.8858816079617213,1.9958546548480456,1.1312033184437738,3.239359391297292,3.2999793150155483,0.0,0.0,0.0,0.0,0.0,0.0,0.0,0.0,0.0,0.0,0.0,0.0,0.0,0.0,0.0,0.0,0.0,0.0,0.0,0.0,0.0,0.0,0.0,0.0,0.0,0.0
158,0.0,0.0,0.0,0.0,0.0,0.0,0.0,0.0,0.0,0.0,0.0,0.0,0.0,0.0,0.0,0.0,0.0,0.0,0.0,-1.4210854715202004e-14,-1.4210854715202004e-14,-1.4210854715202004e-14,-1.4210854715202004e-14,-1.4210854715202004e-14,-0.2444038115034033,1.8103640652196304,2.887622523338422,2.996627008158015,2.717314802058496,2.7295546607163317,2.2437066997962063,2.390402857704487,3.071053167202848,4.601449418896095,4.561957955375988,4.606677583470571,4.616308090223868,-2.842170943040401e-14,-4.263256414560601e-14,-4.263256414560601e-14,-5.684341886080802e-14,-5.684341886080802e-14,-5.684341886080802e-14,-2.842170943040401e-14,-2.842170943040401e-14,-2.842170943040401e-14,-2.842170943040401e-14,-2.842170943040401e-14,-2.842170943040401e-14,-2.842170943040401e-14,-2.842170943040401e-14,-2.842170943040401e-14,-2.842170943040401e-14,-2.842170943040401e-14,0.0,-2.842170943040401e-14,-2.842170943040401e-14,-2.842170943040401e-14,-5.684341886080802e-14,-5.684341886080802e-14,-5.684341886080802e-14,0.09269023029136747,0.6571490746990492,1.5852683827100975,2.419854568345528,4.870243648056146,4.968819386451258,3.989934069732101,3.780004423719305,5.095861108220788,5.108598044231087,5.091154626288812,-5.684341886080802e-14,-5.684341886080802e-14,-5.684341886080802e-14,-5.684341886080802e-14,-5.684341886080802e-14,-8.526512829121202e-14,-5.684341886080802e-14,-2.842170943040401e-14,-2.842170943040401e-14,0.0,-3.2482296330775426,-2.016969119138878,-1.230710036939115,-0.20875193841064288,0.494043380397045,0.49404859112364363,1.9508104083966913,2.6436377442765604,2.2071458011130574,2.4988524316763687,2.119736689412804,0.6933432214338495,0.492337634481828,0.30866627424776993,3.3409174334422573,4.3790632441487105,4.447336510153889,1.8866932690850717,1.723111591930973,1.8661176832037256,4.055517655614182,4.294289757442641,-0.8018971016170724,-2.0612946804293273,-3.1904200820001307,-7.985168583353953,-5.684341886080802e-14,-5.684341886080802e-14,0.5095235717291047,0.5889124834366868,0.5122851506828283,-0.365600240484099,-1.0707583652665846,-0.5907606543719623,-0.16856731597945895,1.9942703275079339,-0.7137621500168905,0.08653136169954223,0.059251346819706896,2.1562909209777104,2.8426915512224014,3.5088704279849026,4.324442220455268,4.755356376267798,5.021805678414097,-1.4210854715202004e-14,-2.842170943040401e-14,-1.4210854715202004e-14,-1.4210854715202004e-14,-1.4210854715202004e-14,-1.4210854715202004e-14,-1.4210854715202004e-14,-1.4210854715202004e-14,0.8724514293897698,0.9152881199764238,0.0,-2.752829915086366,-3.2324584440001303,-1.4814417436178218,-0.23830550518361804,-0.44808369137020065,-0.6851173134052999,-1.400965118618771,0.0,0.0,0.0,0.0,0.0,0.0,0.0,0.0,0.0,0.0,0.0,0.0,0.0,0.0,0.0,0.0,-0.48389992417111216,0.0,0.0,-0.2729874726773289,-0.9977994491815849,-0.9087016395809187,-0.9223079885520349,-3.638166989965029,-2.935644652399347,-2.951127100294869,1.8858816079617213,1.9958546548480456,1.1312033184437738,3.239359391297292,3.2999793150155483,0.0,0.0,0.0,0.0,0.0,0.0,0.0,0.0,0.0,0.0,0.0,0.0,0.0,0.0,0.0,0.0,0.0,0.0,0.0,0.0,0.0,0.0,0.0,0.0,0.0,0.0
159,0.0,0.0,0.0,0.0,0.0,0.0,0.0,0.0,0.0,0.0,0.0,0.0,0.0,0.0,0.0,0.0,0.0,0.0,0.0,-1.4210854715202004e-14,-1.4210854715202004e-14,-1.4210854715202004e-14,-1.4210854715202004e-14,-1.4210854715202004e-14,-0.2444038115034175,1.810364065219602,2.8876225233383934,2.9966270081579864,2.7173148020584676,2.7295546607163317,2.2437066997962063,2.390402857704487,3.071053167202848,4.601449418896095,4.561957955375988,4.606677583470571,4.616308090223868,-2.842170943040401e-14,-4.263256414560601e-14,-2.842170943040401e-14,-2.842170943040401e-14,-2.842170943040401e-14,-2.842170943040401e-14,0.0,0.0,0.0,0.0,0.0,0.0,0.0,0.0,0.0,0.0,0.0,2.842170943040401e-14,0.0,0.0,0.0,-2.842170943040401e-14,-2.842170943040401e-14,-2.842170943040401e-14,0.09269023029136747,0.6571490746990492,1.5852683827100975,2.419854568345528,4.870243648056146,4.968819386451258,3.989934069732101,3.780004423719305,5.095861108220788,5.108598044231087,5.091154626288812,-2.842170943040401e-14,-2.842170943040401e-14,-2.842170943040401e-14,-2.842170943040401e-14,-2.842170943040401e-14,-5.684341886080802e-14,-2.842170943040401e-14,0.0,0.0,0.0,-3.2482296330775426,-2.016969119138878,-1.230710036939115,-0.20875193841064288,0.494043380397045,0.49404859112364363,1.9508104083966913,2.6436377442765604,2.2071458011130574,2.4988524316763687,2.119736689412804,0.6933432214338495,0.492337634481828,0.30866627424776993,3.3409174334422573,4.3790632441487105,4.447336510153889,1.8866932690850433,1.7231115919309445,1.8661176832036972,4.055517655614182,4.294289757442641,-0.801897101617044,-2.061294680429313,-3.1904200820001165,-7.985168583353953,-2.842170943040401e-14,-2.842170943040401e-14,0.5095235717291047,0.5889124834366868,0.5122851506828283,-0.365600240484099,-1.0707583652665846,-0.5907606543719623,-0.16856731597945895,1.9942703275079339,-0.7137621500168905,0.08653136169954223,0.059251346819706896,2.1562909209777104,2.8426915512224014,3.5088704279849026,4.324442220455268,4.755356376267798,5.021805678414097,-1.4210854715202004e-14,-2.842170943040401e-14,-1.4210854715202004e-14,-1.4210854715202004e-14,-1.4210854715202004e-14,-2.842170943040401e-14,-1.4210854715202004e-14,-1.4210854715202004e-14,0.8724514293897698,0.9152881199764238,0.0,-2.752829915086366,-3.2324584440001303,-1.4814417436178218,-0.23830550518361804,-0.44808369137020065,-0.6851173134052999,-1.400965118618771,0.0,0.0,0.0,0.0,0.0,0.0,0.0,0.0,0.0,0.0,0.0,0.0,0.0,0.0,0.0,0.0,-0.48389992417111216,0.0,0.0,-0.2729874726773289,-0.9977994491815849,-0.9087016395809187,-0.9223079885520349,-3.638166989965029,-2.935644652399347,-2.951127100294869,1.8858816079617213,1.9958546548480456,1.1312033184437738,3.239359391297292,3.2999793150155483,0.0,0.0,0.0,0.0,0.0,0.0,0.0,0.0,0.0,0.0,0.0,0.0,0.0,0.0,0.0,0.0,0.0,0.0,0.0,0.0,0.0,0.0,0.0,0.0,0.0,0.0
160,0.0,0.0,0.0,0.0,0.0,0.0,0.0,0.0,0.0,0.0,0.0,0.0,0.0,0.0,0.0,0.0,0.0,0.0,0.0,-1.4210854715202004e-14,-1.4210854715202004e-14,-1.4210854715202004e-14,-1.4210854715202004e-14,0.0,-0.2444038115034175,1.810364065219602,2.8876225233383934,2.9966270081579864,2.7173148020584676,2.7295546607163317,2.2437066997962063,2.390402857704487,3.071053167202848,4.601449418896095,4.561957955375988,4.606677583470571,4.616308090223868,-2.842170943040401e-14,-4.263256414560601e-14,-2.842170943040401e-14,-2.842170943040401e-14,-2.842170943040401e-14,-2.842170943040401e-14,0.0,0.0,0.0,0.0,0.0,0.0,0.0,0.0,0.0,0.0,0.0,2.842170943040401e-14,0.0,0.0,0.0,-2.842170943040401e-14,-2.842170943040401e-14,-2.842170943040401e-14,0.09269023029136747,0.6571490746990492,1.5852683827100975,2.419854568345528,4.870243648056146,4.968819386451258,3.989934069732101,3.780004423719305,5.095861108220788,5.108598044231087,5.091154626288812,-2.842170943040401e-14,-2.842170943040401e-14,-2.842170943040401e-14,-2.842170943040401e-14,-2.842170943040401e-14,-5.684341886080802e-14,-2.842170943040401e-14,0.0,0.0,0.0,-3.2482296330775426,-2.016969119138878,-1.230710036939115,-0.20875193841064288,0.494043380397045,0.49404859112364363,1.950810408396677,2.6436377442765604,2.2071458011130574,2.4988524316763687,2.119736689412804,0.6933432214338495,0.492337634481828,0.30866627424776993,3.3409174334422573,4.3790632441487105,4.447336510153889,1.8866932690850433,1.7231115919309445,1.8661176832036972,4.055517655614182,4.294289757442641,-0.801897101617044,-2.061294680429313,-3.1904200820001165,-7.985168583353953,-2.842170943040401e-14,-2.842170943040401e-14,0.5095235717291047,0.5889124834366868,0.5122851506828283,-0.365600240484099,-1.0707583652665562,-0.5907606543719055,-0.1685673159794021,1.9942703275079907,-0.7137621500168905,0.08653136169954223,0.059251346819706896,2.1562909209777104,2.8426915512224014,3.5088704279849026,4.324442220455268,4.755356376267798,5.021805678414097,-1.4210854715202004e-14,-2.842170943040401e-14,-1.4210854715202004e-14,-2.842170943040401e-14,-2.842170943040401e-14,-2.842170943040401e-14,-1.4210854715202004e-14,-1.4210854715202004e-14,0.8724514293897698,0.9152881199764238,0.0,-2.752829915086366,-3.2324584440001303,-1.4814417436178218,-0.23830550518361804,-0.44808369137020065,-0.6851173134052999,-1.400965118618771,0.0,0.0,0.0,0.0,0.0,0.0,0.0,0.0,0.0,0.0,0.0,0.0,0.0,0.0,0.0,0.0,-0.48389992417111216,0.0,0.0,-0.2729874726773289,-0.9977994491815849,-0.9087016395809115,-0.9223079885520349,-3.638166989965029,-2.935644652399347,-2.951127100294869,1.8858816079617213,1.9958546548480456,1.1312033184437738,3.239359391297299,3.2999793150155483,0.0,0.0,0.0,0.0,0.0,0.0,0.0,0.0,0.0,0.0,0.0,0.0,0.0,0.0,0.0,0.0,0.0,0.0,0.0,0.0,0.0,0.0,0.0,0.0,0.0,0.0
161,-0.48389992417112637,-0.48389992417112637,-0.48389992417112637,-0.48389992417112637,-0.48389992417112637,-0.48389992417112637,-0.48389992417112637,-0.48389992417111927,-0.48389992417111927,-0.48389992417111927,-0.48389992417111927,-0.48389992417111927,-0.48389992417111927,-0.4838999241711228,-0.4838999241711228,-0.4838999241711228,-0.4838999241711228,-0.48389992417111927,-0.48389992417111927,-0.48389992417111927,-0.48389992417111927,-0.48389992417111927,-0.48389992417111927,-0.48389992417111216,-0.7283037356745012,1.3264641410485325,2.4037225991673097,2.5127270839868885,2.233414877887384,2.245654736545248,1.7598067756251368,1.9065029335334032,2.5871532430317643,4.1175494947250115,4.078058031204918,4.122777659299516,4.132408166052784,-0.48389992417111927,-0.48389992417111927,-0.48389992417111216,-0.48389992417111216,-0.48389992417111216,-0.48389992417111216,-0.48389992417111216,-0.48389992417111216,-0.48389992417111216,-0.48389992417111216,-0.48389992417111216,-0.48389992417109795,-0.48389992417111216,-0.48389992417111216,-0.48389992417111216,-0.48389992417111216,-0.48389992417111216,-0.48389992417109795,-0.48389992417111216,-0.48389992417109795,-0.48389992417109795,-0.48389992417111216,-0.48389992417111216,-0.48389992417111216,-0.3912096938797305,0.173249150527937,1.1013684585389854,1.9359546441744016,4.38634372388502,4.4849194622801605,3.506034145561017,3.2961044995482354,4.611961184049662,4.624698120059961,4.607254702117686,-0.48389992417111216,-0.48389992417111216,-0.48389992417111216,-0.48389992417111216,-0.48389992417111216,-0.48389992417111216,-0.48389992417111216,-0.48389992417111216,-0.48389992417111216,-0.4838999241711228,-3.732129557248662,-2.50086904330999,-1.7146099611102308,-0.6926518625817621,0.010143456225932823,0.010148666952538576,1.4669104842255791,2.1597378201054482,1.7232458769419452,2.0149525075052708,1.6358367652416916,0.20944329726275157,0.008437710310715829,-0.17523364992332802,2.857017509271131,3.8951633199775983,3.9634365859827767,1.4027933449139596,1.2392116677598324,1.382217759032585,3.5716177314430695,3.810389833271529,-1.2857970257881703,-2.5451946046004394,-3.674320006171243,-8.469068507525066,-0.48389992417111216,-0.48389992417111216,0.025623647558006724,0.10501255926557462,0.02838522651170905,-0.8495001646552112,-1.5546582894376968,-1.0746605785430674,-0.6524672401505498,1.510370403336836,-1.1976620741879884,-0.3973685624715415,-0.42464857735137684,1.6723909968065982,2.358791627051289,3.0249705038137975,3.840542296284184,4.271456452096714,4.537905754242999,-0.48389992417111216,-0.48389992417111927,-0.48389992417111216,-0.48389992417111927,-0.48389992417112637,-0.48389992417112637,-0.48389992417112637,-0.48389992417112637,0.38855150521864346,0.4313881958052832,-0.48389992417111927,-3.236729839257478,-3.7163583681712424,-1.965341667788934,-0.7222054293547302,-0.9319836155413252,-1.1690172375764298,-1.8848650427898974,-0.4838999241711228,-0.4838999241711228,-0.48389992417111927,-0.48389992417111927,-0.48389992417111927,-0.48389992417111927,-0.48389992417111927,-0.48389992417111927,-0.48389992417112637,-0.48389992417112637,-0.48389992417112637,-0.48389992417112637,-0.48389992417112637,-0.48389992417112637,-0.48389992417112637,-0.48389992417112637,0.0,-0.48389992417112637,-0.48389992417112637,-0.7568873968484553,-1.4816993733527113,-1.392601563752038,-1.4062079127231613,-4.1220669141361554,-3.4195445765704733,-3.4350270244659953,1.401981683790595,1.5119547306769192,0.6473033942726474,2.7554594671261725,2.816079390844422,-0.48389992417111927,-0.48389992417111927,-0.48389992417111927,-0.48389992417111927,-0.48389992417111216,-0.48389992417111216,-0.48389992417111927,-0.48389992417111216,-0.48389992417111216,-0.48389992417111216,-0.48389992417111927,-0.48389992417112637,-0.48389992417112637,-0.48389992417112637,-0.48389992417112637,-0.48389992417111927,-0.48389992417111927,-0.48389992417111927,-0.48389992417111927,-0.48389992417111927,-0.48389992417111927,-0.48389992417111927,-0.48389992417111927,-0.48389992417111927,-0.48389992417112637,-0.48389992417112637
162,0.0,0.0,0.0,0.0,0.0,0.0,0.0,0.0,0.0,0.0,0.0,0.0,0.0,0.0,0.0,0.0,0.0,0.0,0.0,-1.4210854715202004e-14,-1.4210854715202004e-14,-1.4210854715202004e-14,-1.4210854715202004e-14,-1.4210854715202004e-14,-0.2444038115034033,1.8103640652196304,2.8876225233384076,2.9966270081579864,2.717314802058482,2.729554660716346,2.2437066997962205,2.390402857704487,3.071053167202848,4.601449418896095,4.561957955375988,4.606677583470571,4.616308090223868,-2.842170943040401e-14,-4.263256414560601e-14,-4.263256414560601e-14,-4.263256414560601e-14,-4.263256414560601e-14,-4.263256414560601e-14,-4.263256414560601e-14,-4.263256414560601e-14,-4.263256414560601e-14,-4.263256414560601e-14,-4.263256414560601e-14,-5.684341886080802e-14,-5.684341886080802e-14,-5.684341886080802e-14,-5.684341886080802e-14,-5.684341886080802e-14,-5.684341886080802e-14,-2.842170943040401e-14,-4.263256414560601e-14,-2.842170943040401e-14,-2.842170943040401e-14,-5.684341886080802e-14,-5.684341886080802e-14,-5.684341886080802e-14,0.09269023029136747,0.6571490746990492,1.5852683827100975,2.4198545683455137,4.870243648056132,4.968819386451273,3.9899340697321293,3.7800044237193475,5.095861108220774,5.108598044231073,5.091154626288798,-4.263256414560601e-14,-4.263256414560601e-14,-4.263256414560601e-14,-4.263256414560601e-14,-2.842170943040401e-14,-2.842170943040401e-14,-4.263256414560601e-14,-4.263256414560601e-14,-4.263256414560601e-14,0.0,-3.2482296330775426,-2.016969119138871,-1.230710036939108,-0.20875193841062867,0.4940433803970592,0.49404859112365784,1.9508104083967055,2.6436377442765746,2.2071458011130716,2.498852431676397,2.119736689412818,0.6933432214338779,0.4923376344818422,0.30866627424779836,3.340917433442243,4.3790632441487105,4.447336510153889,1.8866932690850575,1.7231115919309303,1.866117683203683,4.055517655614182,4.294289757442641,-0.8018971016170724,-2.0612946804293415,-3.190420082000145,-7.985168583353953,-4.263256414560601e-14,-4.263256414560601e-14,0.5095235717291189,0.588912483436701,0.5122851506828425,-0.3656002404840848,-1.0707583652665704,-0.5907606543719481,-0.16856731597944474,1.994270327507948,-0.7137621500168905,0.08653136169955644,0.05925134681972111,2.1562909209777246,2.8426915512224156,3.5088704279849168,4.32444222045531,4.755356376267841,5.021805678414125,-1.4210854715202004e-14,-2.842170943040401e-14,-1.4210854715202004e-14,-1.4210854715202004e-14,-1.4210854715202004e-14,-1.4210854715202004e-14,-1.4210854715202004e-14,-1.4210854715202004e-14,0.872451429389784,0.915288119976438,0.0,-2.7528299150863518,-3.232458444000116,-1.4814417436178005,-0.23830550518360383,-0.44808369137020776,-0.6851173134053141,-1.4009651186187853,0.0,0.0,0.0,0.0,0.0,0.0,0.0,0.0,0.0,0.0,0.0,0.0,0.0,0.0,0.0,0.0,-0.48389992417111927,0.0,0.0,-0.2729874726773289,-0.9977994491815814,-0.9087016395809133,-0.9223079885520349,-3.638166989965022,-2.93564465239934,-2.951127100294869,1.8858816079617213,1.9958546548480527,1.131203318443772,3.2393593912972882,3.2999793150155448,0.0,0.0,0.0,0.0,0.0,0.0,0.0,0.0,0.0,0.0,0.0,0.0,0.0,0.0,0.0,0.0,0.0,0.0,0.0,0.0,0.0,0.0,0.0,0.0,0.0,0.0
163,0.0,0.0,0.0,0.0,0.0,0.0,0.0,0.0,0.0,0.0,0.0,0.0,0.0,0.0,0.0,0.0,0.0,0.0,0.0,-1.4210854715202004e-14,-1.4210854715202004e-14,-1.4210854715202004e-14,-1.4210854715202004e-14,-1.4210854715202004e-14,-0.2444038115034033,1.8103640652196304,2.8876225233384076,2.9966270081579864,2.717314802058482,2.729554660716346,2.2437066997962347,2.3904028577045153,3.0710531672028765,4.601449418896124,4.561957955376016,4.606677583470599,4.616308090223896,-2.842170943040401e-14,-4.263256414560601e-14,-4.263256414560601e-14,-4.263256414560601e-14,-4.263256414560601e-14,-4.263256414560601e-14,-4.263256414560601e-14,-4.263256414560601e-14,-4.263256414560601e-14,-5.684341886080802e-14,-5.684341886080802e-14,-5.684341886080802e-14,-5.684341886080802e-14,-2.842170943040401e-14,-2.842170943040401e-14,-2.842170943040401e-14,-2.842170943040401e-14,0.0,-5.684341886080802e-14,-5.684341886080802e-14,-5.684341886080802e-14,-4.263256414560601e-14,-2.842170943040401e-14,-2.842170943040401e-14,0.09269023029136747,0.6571490746990349,1.5852683827100833,2.4198545683454995,4.8702436480561175,4.968819386451244,3.989934069732101,3.780004423719305,5.09586110822076,5.108598044231044,5.09115462628877,-4.263256414560601e-14,-4.263256414560601e-14,-4.263256414560601e-14,-4.263256414560601e-14,-5.684341886080802e-14,-5.684341886080802e-14,-4.263256414560601e-14,-4.263256414560601e-14,-4.263256414560601e-14,0.0,-3.2482296330775426,-2.016969119138878,-1.230710036939115,-0.20875193841064288,0.494043380397045,0.49404859112364363,1.9508104083966913,2.6436377442765604,2.2071458011130574,2.498852431676383,2.119736689412804,0.6933432214338637,0.492337634481828,0.30866627424778414,3.340917433442229,4.379063244148696,4.447336510153875,1.8866932690850575,1.7231115919309303,1.866117683203683,4.055517655614167,4.294289757442627,-0.8018971016170724,-2.0612946804293415,-3.190420082000145,-7.985168583353968,-4.263256414560601e-14,-4.263256414560601e-14,0.5095235717291047,0.5889124834366868,0.5122851506828283,-0.365600240484099,-1.0707583652665846,-0.5907606543719623,-0.16856731597945895,1.9942703275079339,-0.7137621500168905,0.08653136169955644,0.05925134681972111,2.156290920977696,2.842691551222387,3.5088704279848884,4.324442220455282,4.755356376267812,5.021805678414097,-1.4210854715202004e-14,-2.842170943040401e-14,-1.4210854715202004e-14,-1.4210854715202004e-14,-1.4210854715202004e-14,-1.4210854715202004e-14,-2.842170943040401e-14,-2.842170943040401e-14,0.8724514293897698,0.9152881199764238,0.0,-2.752829915086359,-3.232458444000123,-1.4814417436178218,-0.23830550518361804,-0.44808369137020776,-0.6851173134053141,-1.4009651186187853,0.0,0.0,0.0,0.0,0.0,0.0,0.0,0.0,0.0,0.0,0.0,0.0,0.0,0.0,0.0,0.0,-0.48389992417111927,0.0,0.0,-0.2729874726773298,-0.9977994491815831,-0.9087016395809151,-0.9223079885520384,-3.6381669899650255,-2.935644652399347,-2.951127100294876,1.8858816079617142,1.9958546548480491,1.131203318443771,3.2393593912972847,3.299979315015541,0.0,0.0,0.0,0.0,0.0,0.0,0.0,0.0,0.0,0.0,0.0,0.0,0.0,0.0,0.0,0.0,0.0,0.0,0.0,0.0,0.0,0.0,0.0,0.0,0.0,0.0
164,-0.2729874726773289,-0.2729874726773289,-0.2729874726773289,-0.2729874726773289,-0.2729874726773289,-0.2729874726773289,-0.2729874726773289,-0.2729874726773289,-0.2729874726773289,-0.2729874726773289,-0.2729874726773289,-0.2729874726773289,-0.2729874726773289,-0.2729874726773289,-0.2729874726773289,-0.2729874726773289,-0.2729874726773289,-0.2729874726773289,-0.2729874726773289,-0.27298747267734313,-0.27298747267734313,-0.27298747267734313,-0.27298747267734313,-0.27298747267734313,-0.5173912841807322,1.5373765925423015,2.6146350506610787,2.7236395354806575,2.4443273293811387,2.4565671880389743,1.970719227118849,2.1174153850271296,2.7980656945254907,4.328461946218738,4.28897048269863,4.3336901107932135,4.34332061754651,-0.27298747267735735,-0.27298747267737156,-0.27298747267737156,-0.27298747267737156,-0.27298747267737156,-0.27298747267737156,-0.27298747267737156,-0.27298747267737156,-0.27298747267738577,-0.27298747267738577,-0.27298747267738577,-0.27298747267738577,-0.27298747267738577,-0.27298747267735735,-0.27298747267735735,-0.27298747267735735,-0.27298747267735735,-0.2729874726773289,-0.27298747267738577,-0.27298747267738577,-0.27298747267738577,-0.27298747267737156,-0.27298747267735735,-0.27298747267735735,-0.18029724238596145,0.384161602021706,1.3122809100327544,2.1468670956681706,4.597256175378789,4.695831913773901,3.7169465970547435,3.5070169510419476,4.822873635543431,4.83561057155373,4.818167153611455,-0.27298747267737156,-0.27298747267737156,-0.27298747267737156,-0.27298747267737156,-0.27298747267738577,-0.2729874726774142,-0.27298747267737156,-0.27298747267737156,-0.27298747267738577,-0.2729874726773289,-3.5212171057548716,-2.289956591816207,-1.503697509616444,-0.4817394110879718,0.22105590771971606,0.2210611184463147,1.6778229357193624,2.3706502715992315,1.9341583284357284,2.225864958999054,1.8467492167354749,0.4203557487565348,0.21935016180449907,0.03567880157045522,3.0679299607649,4.106075771471367,4.174349037476546,1.6137057964077286,1.4501241192536014,1.593130210526354,3.7825301829368385,4.021302284765284,-1.0748845742944013,-2.3342821531066704,-3.463407554677474,-8.258156056031297,-0.27298747267737156,-0.27298747267737156,0.23653609905177575,0.31592501075935786,0.2392976780054994,-0.6385877131614279,-1.3437458379439136,-0.8637481270492913,-0.4415547886567879,1.721282854830605,-0.9867496226942194,-0.18645611097777248,-0.21373612585760782,1.8833034483003672,2.5697040785450582,3.2358829553075594,4.051454747777953,4.4823689035904835,4.748818205736768,-0.27298747267734313,-0.27298747267735735,-0.27298747267734313,-0.27298747267734313,-0.27298747267734313,-0.27298747267734313,-0.27298747267735735,-0.27298747267735735,0.5994639567124409,0.6423006472990949,-0.2729874726773289,-3.025817387763695,-3.505445916677459,-1.7544292162951507,-0.511292977860947,-0.7210711640475367,-0.958104786082643,-1.6739525912961142,-0.2729874726773289,-0.2729874726773289,-0.2729874726773289,-0.2729874726773289,-0.2729874726773289,-0.2729874726773289,-0.2729874726773289,-0.2729874726773289,-0.2729874726773289,-0.2729874726773289,-0.2729874726773289,-0.2729874726773289,-0.2729874726773289,-0.2729874726773289,-0.2729874726773289,-0.2729874726773289,-0.7568873968484482,-0.2729874726773289,-0.2729874726773298,0.0,-0.7248119765042533,-0.6357141669035844,-0.6493205158747077,-3.365179517287693,-2.6626571797220144,-2.6781396276175435,2.1588690806390503,2.268842127525385,0.8582158457664413,2.9663719186199575,3.0269918423382123,-0.2729874726773289,-0.2729874726773289,-0.2729874726773289,-0.2729874726773289,-0.2729874726773289,-0.2729874726773289,-0.2729874726773289,-0.2729874726773289,-0.2729874726773289,-0.2729874726773289,-0.2729874726773289,-0.2729874726773289,-0.2729874726773289,-0.2729874726773289,-0.2729874726773289,-0.2729874726773289,-0.2729874726773289,-0.2729874726773289,-0.2729874726773289,-0.2729874726773289,-0.2729874726773289,-0.2729874726773289,-0.2729874726773289,-0.2729874726773289,-0.2729874726773289,-0.2729874726773289
165,-0.9977994491815707,-0.9977994491815707,-0.9977994491815707,-0.9977994491815707,-0.9977994491815707,-0.9977994491815707,-0.9977994491815707,-0.9977994491815778,-0.9977994491815778,-0.9977994491815778,-0.9977994491815814,-0.9977994491815814,-0.9977994491815778,-0.9977994491815778,-0.9977994491815778,-0.9977994491815778,-0.9977994491815849,-0.9977994491815849,-0.9977994491815849,-0.9977994491815991,-0.9977994491815991,-0.9977994491815991,-0.9977994491815991,-0.9977994491815991,-1.2422032606849882,0.8125646160380455,1.8898230741568227,1.9988275589764015,1.719515352876897,1.731755211534761,1.2459072506146356,1.3926034085229162,2.0732537180212773,3.6036499697145246,3.564158506194417,3.608878134289,3.618508641042297,-0.9977994491816133,-0.9977994491816276,-0.9977994491816276,-0.9977994491816276,-0.9977994491816276,-0.9977994491816276,-0.9977994491816276,-0.9977994491816276,-0.9977994491816276,-0.9977994491816276,-0.9977994491816276,-0.9977994491816276,-0.9977994491816276,-0.9977994491816276,-0.9977994491816276,-0.9977994491816276,-0.9977994491816276,-0.9977994491815991,-0.9977994491816276,-0.9977994491816276,-0.9977994491816276,-0.9977994491816276,-0.9977994491816276,-0.9977994491816276,-0.9051092188902174,-0.34065037448253577,0.5874689335285126,1.4220551191639288,3.872444198874547,3.9710199372696877,2.99213462055053,2.782204974537734,4.098061659039189,4.110798595049488,4.093355177107213,-0.9977994491816276,-0.9977994491816276,-0.9977994491816276,-0.9977994491816276,-0.9977994491816276,-0.997799449181656,-0.9977994491816276,-0.9977994491816276,-0.9977994491816276,-0.9977994491815849,-4.246029082259128,-3.014768568320463,-2.2285094861207,-1.2065513875922278,-0.5037560687845399,-0.5037508580579413,0.9530109592151064,1.6458382950949755,1.2093463519314724,1.501052982494798,1.1219372402312189,-0.3044562277477212,-0.5054618146997569,-0.6891331749338008,2.343117984260658,3.3812637949671256,3.449537060972318,0.8888938199034726,0.7253121427493454,0.8683182340220981,3.0577182064325967,3.296490308261042,-1.7996965507986573,-3.0590941296109264,-4.18821953118173,-8.982968032535538,-0.9977994491816276,-0.9977994491816276,-0.48827587745248024,-0.40888696574489813,-0.4855142984987566,-1.363399689665684,-2.0685578144481696,-1.5885601035535473,-1.1663667651610439,0.996470878326349,-1.7115615991984754,-0.9112680874820285,-0.9385481023618638,1.1584914717961112,1.8448921020408022,2.5110709788033034,3.326642771273697,3.7575569270862275,4.024006229232512,-0.9977994491815991,-0.9977994491816133,-0.9977994491815991,-0.9977994491815991,-0.9977994491815991,-0.9977994491815991,-0.9977994491815991,-0.9977994491815991,-0.1253480197918151,-0.08251132920516113,-0.9977994491815849,-3.750629364267951,-4.230257893181715,-2.4792411927994067,-1.236104954365203,-1.4458831405517856,-1.6829167625868848,-2.398764567800356,-0.9977994491815849,-0.9977994491815849,-0.9977994491815849,-0.9977994491815849,-0.9977994491815814,-0.9977994491815778,-0.9977994491815778,-0.9977994491815778,-0.9977994491815778,-0.9977994491815778,-0.9977994491815778,-0.9977994491815778,-0.9977994491815778,-0.9977994491815778,-0.9977994491815778,-0.9977994491815707,-1.4816993733527113,-0.9977994491815831,-0.9977994491815831,-0.7248119765042533,0.0,0.08909780960066915,0.07549146062954648,-2.6403675407834424,-1.937845203217762,-1.9533276511132893,2.8836810571433027,2.9936541040296376,0.13340386926218706,2.2415599421157033,2.30217986583396,-0.9977994491815814,-0.9977994491815849,-0.9977994491815849,-0.9977994491815849,-0.9977994491815849,-0.9977994491815849,-0.9977994491815778,-0.9977994491815849,-0.9977994491815849,-0.9977994491815849,-0.9977994491815814,-0.9977994491815814,-0.9977994491815814,-0.9977994491815778,-0.9977994491815778,-0.9977994491815778,-0.9977994491815778,-0.9977994491815778,-0.9977994491815778,-0.9977994491815778,-0.9977994491815778,-0.9977994491815778,-0.9977994491815778,-0.9977994491815849,-0.9977994491815849,-0.9977994491815707
166,-0.9087016395809258,-0.9087016395809258,-0.9087016395809258,-0.9087016395809258,-0.9087016395809258,-0.9087016395809258,-0.9087016395809258,-0.9087016395809187,-0.9087016395809187,-0.9087016395809187,-0.9087016395809151,-0.9087016395809151,-0.9087016395809187,-0.9087016395809187,-0.9087016395809187,-0.9087016395809187,-0.9087016395809115,-0.9087016395809115,-0.9087016395809115,-0.9087016395809258,-0.9087016395809258,-0.9087016395809258,-0.9087016395809258,-0.9087016395809258,-1.1531054510843148,0.9016624256387189,1.978920883757496,2.0879253685770607,1.808613162477542,1.8208530211353775,1.3350050602152521,1.4817012181235327,2.162351527621894,3.692747779315141,3.6532563157950335,3.6979759438896167,3.7076064506429134,-0.90870163958094,-0.9087016395809542,-0.9087016395809542,-0.9087016395809542,-0.9087016395809542,-0.9087016395809542,-0.9087016395809258,-0.9087016395809258,-0.9087016395809258,-0.9087016395809258,-0.9087016395809258,-0.9087016395809258,-0.9087016395809258,-0.9087016395809258,-0.9087016395809258,-0.9087016395809258,-0.9087016395809258,-0.9087016395808973,-0.9087016395809258,-0.9087016395809258,-0.9087016395809258,-0.9087016395809542,-0.9087016395809542,-0.9087016395809542,-0.8160114092895441,-0.2515525648818766,0.6765667431291718,1.511152928764588,3.961542008475192,4.060117746870304,3.0812324301511467,2.8713027841383507,4.187159468639834,4.199896404650133,4.182452986707858,-0.9087016395809542,-0.9087016395809542,-0.9087016395809542,-0.9087016395809542,-0.9087016395809542,-0.9087016395809826,-0.9087016395809542,-0.9087016395809258,-0.9087016395809258,-0.9087016395809115,-4.156931272658454,-2.9256707587197894,-2.1394116765200266,-1.1174535779915544,-0.41465825918386656,-0.4146530484572679,1.0421087688157797,1.7349361046956489,1.2984441615321458,1.5901507920954714,1.2110350498318923,-0.21535841814704781,-0.41636400509906935,-0.6000353653331274,2.4322157938613174,3.4703616045677848,3.538634870572963,0.977991629504146,0.8144099523500188,0.9574160436227714,3.146816016033256,3.3855881178617153,-1.710598741197984,-2.969996320010253,-4.0991217215810565,-8.89387022293488,-0.9087016395809542,-0.9087016395809542,-0.3991780678518069,-0.31978915614422476,-0.39641648889808323,-1.2743018800650106,-1.9794600048474962,-1.499462293952874,-1.0772689555603705,1.0855686879270223,-1.622463789597802,-0.8221702778813551,-0.8494502927611904,1.2475892813967988,1.9339899116414898,2.600168788403991,3.4157405808743846,3.846654736686915,4.1131040388332,-0.9087016395809258,-0.90870163958094,-0.9087016395809258,-0.9087016395809258,-0.9087016395809258,-0.9087016395809258,-0.90870163958094,-0.90870163958094,-0.03625021019114172,0.00658648039551224,-0.9087016395809115,-3.6615315546672775,-4.141160083581042,-2.3901433831987333,-1.1470071447645296,-1.3567853309511122,-1.5938189529862115,-2.3096667581996826,-0.9087016395809115,-0.9087016395809115,-0.9087016395809115,-0.9087016395809115,-0.9087016395809151,-0.9087016395809187,-0.9087016395809187,-0.9087016395809187,-0.9087016395809187,-0.9087016395809187,-0.9087016395809187,-0.9087016395809187,-0.9087016395809187,-0.9087016395809187,-0.9087016395809187,-0.9087016395809258,-1.3926015637520237,-0.9087016395809169,-0.9087016395809151,-0.6357141669035844,0.08909780960066915,0.0,-0.01360634897112245,-2.7294653503841104,-2.02694301281843,-2.0424254607139556,2.794583247542633,2.904556294428966,0.2225016788628551,2.3306577517163696,2.391277675434626,-0.9087016395809151,-0.9087016395809115,-0.9087016395809115,-0.9087016395809115,-0.9087016395809115,-0.9087016395809115,-0.9087016395809187,-0.9087016395809115,-0.9087016395809115,-0.9087016395809115,-0.9087016395809151,-0.9087016395809151,-0.9087016395809187,-0.9087016395809258,-0.9087016395809258,-0.9087016395809187,-0.9087016395809187,-0.9087016395809187,-0.9087016395809187,-0.9087016395809187,-0.9087016395809187,-0.9087016395809187,-0.9087016395809187,-0.9087016395809115,-0.9087016395809115,-0.9087016395809258
167,-0.9223079885520349,-0.9223079885520349,-0.9223079885520349,-0.9223079885520349,-0.9223079885520349,-0.9223079885520349,-0.9223079885520349,-0.9223079885520349,-0.9223079885520349,-0.9223079885520349,-0.9223079885520349,-0.9223079885520349,-0.9223079885520349,-0.9223079885520349,-0.9223079885520349,-0.9223079885520349,-0.9223079885520349,-0.9223079885520349,-0.9223079885520349,-0.9223079885520491,-0.9223079885520491,-0.9223079885520491,-0.9223079885520491,-0.9223079885520491,-1.1667118000554382,0.8880560766675956,1.965314534786387,2.07431901960598,1.7950068135064612,1.8072466721643252,1.3213987112441998,1.4680948691524804,2.1487451786508416,3.679141430344089,3.6396499668239812,3.6843695949185644,3.694000101671861,-0.9223079885520633,-0.9223079885520775,-0.9223079885520775,-0.9223079885520775,-0.9223079885520917,-0.9223079885520917,-0.9223079885520633,-0.9223079885520633,-0.9223079885520633,-0.9223079885520633,-0.9223079885520633,-0.9223079885520633,-0.9223079885520633,-0.9223079885520349,-0.9223079885520349,-0.9223079885520349,-0.9223079885520349,-0.9223079885520065,-0.9223079885520633,-0.9223079885520633,-0.9223079885520633,-0.9223079885520917,-0.9223079885520917,-0.9223079885520917,-0.8296177582606674,-0.26515891385298573,0.6629603941580626,1.4975465797934788,3.9479356595040827,4.046511397899195,3.0676260811800375,2.8576964351672416,4.173553119668725,4.186290055679024,4.168846637736749,-0.9223079885520917,-0.9223079885520917,-0.9223079885520917,-0.9223079885520917,-0.9223079885520917,-0.9223079885521202,-0.9223079885520917,-0.9223079885520633,-0.9223079885520633,-0.9223079885520349,-4.1705376216295775,-2.9392771076909128,-2.15301802549115,-1.1310599269626778,-0.4282646081549899,-0.42825939742839125,1.0285024198446564,1.7213297557245255,1.2848378125610225,1.576544443124348,1.197428700860769,-0.22896476711818536,-0.4299703540702069,-0.613641714304265,2.4186094448902224,3.4567552555966756,3.525028521601854,0.9643852805330084,0.8008036033789097,0.9438096946516623,3.1332096670621468,3.371981768890606,-1.7242050901691073,-2.9836026689813764,-4.11272807055218,-8.907476571905988,-0.9223079885520775,-0.9223079885520633,-0.4127844168229302,-0.3333955051153481,-0.41002283786920657,-1.287908229036134,-1.9930663538186195,-1.5130686429239972,-1.0908753045314938,1.071962338955899,-1.6360701385689254,-0.8357766268524784,-0.8630566417323138,1.2339829324256755,1.9203835626703665,2.5865624394328677,3.4021342319032613,3.8330483877157917,4.099497689862076,-0.9223079885520491,-0.9223079885520633,-0.9223079885520491,-0.9223079885520491,-0.9223079885520491,-0.9223079885520491,-0.9223079885520491,-0.9223079885520491,-0.04985655916226506,-0.007019868575611099,-0.9223079885520349,-3.675137903638401,-4.154766432552165,-2.4037497321698567,-1.160613493735653,-1.3703916799222355,-1.6074253019573348,-2.323273107170806,-0.9223079885520349,-0.9223079885520349,-0.9223079885520349,-0.9223079885520349,-0.9223079885520349,-0.9223079885520349,-0.9223079885520349,-0.9223079885520349,-0.9223079885520349,-0.9223079885520349,-0.9223079885520349,-0.9223079885520349,-0.9223079885520349,-0.9223079885520349,-0.9223079885520349,-0.9223079885520349,-1.406207912723147,-0.9223079885520349,-0.9223079885520349,-0.649320515874706,0.07549146062954648,-0.01360634897112245,0.0,-2.715859001412988,-2.0133366638473094,-2.028819111742836,2.808189596513756,2.9181626434000876,0.20889532989173532,2.31705140274525,2.3776713264635063,-0.9223079885520313,-0.9223079885520349,-0.9223079885520349,-0.9223079885520349,-0.9223079885520349,-0.9223079885520349,-0.9223079885520349,-0.9223079885520349,-0.9223079885520349,-0.9223079885520349,-0.9223079885520349,-0.9223079885520349,-0.9223079885520349,-0.9223079885520349,-0.9223079885520349,-0.9223079885520349,-0.9223079885520349,-0.9223079885520349,-0.9223079885520349,-0.9223079885520349,-0.9223079885520349,-0.9223079885520349,-0.9223079885520349,-0.9223079885520349,-0.9223079885520349,-0.9223079885520349
168,-3.638166989965029,-3.638166989965029,-3.638166989965029,-3.638166989965029,-3.638166989965029,-3.638166989965029,-3.638166989965029,-3.638166989965022,-3.638166989965022,-3.638166989965022,-3.638166989965022,-3.6381669899650255,-3.638166989965022,-3.638166989965022,-3.638166989965022,-3.638166989965022,-3.638166989965015,-3.638166989965015,-3.638166989965015,-3.638166989965029,-3.638166989965029,-3.638166989965029,-3.638166989965029,-3.638166989965029,-3.882570801468418,-1.8278029247453844,-0.750544466626593,-0.641539981807,-0.9208521879065188,-0.9086123292486548,-1.3944602901687801,-1.2477641322604995,-0.5671138227621384,0.9632824289311088,0.9237909654110013,0.9685105935055844,0.9781411002588811,-3.6381669899650433,-3.6381669899650575,-3.6381669899650575,-3.6381669899650433,-3.6381669899650433,-3.6381669899650433,-3.638166989965015,-3.638166989965015,-3.638166989965015,-3.638166989965015,-3.638166989965015,-3.638166989965015,-3.638166989965015,-3.638166989965015,-3.638166989965015,-3.638166989965015,-3.638166989965015,-3.6381669899649864,-3.638166989965015,-3.638166989965015,-3.638166989965015,-3.6381669899650433,-3.6381669899650433,-3.6381669899650433,-3.5454767596736474,-2.98101791526598,-2.0528986072549458,-1.2183124216195154,1.2320766580910743,1.3306523964861867,0.35176707976702914,0.1418374337542332,1.4576941182557164,1.4704310542660153,1.4529876363237406,-3.6381669899650433,-3.6381669899650433,-3.6381669899650433,-3.6381669899650433,-3.6381669899650433,-3.6381669899650717,-3.6381669899650433,-3.638166989965015,-3.638166989965015,-3.638166989965015,-6.8863966230425575,-5.655136109103893,-4.86887702690413,-3.8469189283756577,-3.14412360956797,-3.1441183988413712,-1.6873565815683236,-0.9945292456884545,-1.4310211888519433,-1.1393145582886177,-1.5184303005521826,-2.944823768531137,-3.1458293554831585,-3.3295007157172165,-0.29724955652278595,0.7408962541836672,0.8091695201888456,-1.7514737208799431,-1.915055398034042,-1.7720493067612892,0.4173506656491952,0.6561227674776546,-4.440064091582087,-5.699461670394356,-6.82858707196516,-11.623335573318997,-3.6381669899650433,-3.6381669899650433,-3.12864341823591,-3.049254506528328,-3.1258818392821865,-4.003767230449114,-4.7089253552315995,-4.228927644336977,-3.806734305944474,-1.643896662457081,-4.351929139981905,-3.5516356282654584,-3.5789156431452938,-1.4818760689873187,-0.7954754387426277,-0.1292965619801265,0.6862752304902529,1.1171893863027833,1.383638688449082,-3.638166989965029,-3.6381669899650433,-3.638166989965029,-3.638166989965029,-3.638166989965029,-3.638166989965029,-3.6381669899650433,-3.6381669899650433,-2.765715560575245,-2.722878869988591,-3.638166989965015,-6.390996905051381,-6.870625433965145,-5.119608733582837,-3.876472495148633,-4.0862506813352155,-4.323284303370315,-5.039132108583786,-3.638166989965015,-3.638166989965015,-3.638166989965015,-3.638166989965015,-3.638166989965022,-3.638166989965022,-3.638166989965022,-3.638166989965022,-3.638166989965022,-3.638166989965022,-3.638166989965022,-3.638166989965022,-3.638166989965022,-3.638166989965029,-3.638166989965029,-3.638166989965029,-4.122066914136141,-3.638166989965029,-3.638166989965029,-3.3651795172876966,-2.6403675407834424,-2.7294653503841104,-2.715859001412988,0.0,0.7025223375656795,0.6870398896701522,0.09233059510076735,0.2023036419871005,-2.506963671521259,-0.3988075986677373,-0.33818767494948077,-3.638166989965029,-3.638166989965029,-3.638166989965029,-3.638166989965029,-3.638166989965029,-3.638166989965029,-3.638166989965022,-3.638166989965015,-3.638166989965015,-3.638166989965015,-3.638166989965029,-3.638166989965029,-3.638166989965029,-3.638166989965029,-3.638166989965029,-3.638166989965022,-3.638166989965022,-3.638166989965022,-3.638166989965022,-3.638166989965022,-3.638166989965022,-3.638166989965022,-3.638166989965022,-3.638166989965022,-3.638166989965022,-3.638166989965029
169,-2.935644652399347,-2.935644652399347,-2.935644652399347,-2.935644652399347,-2.935644652399347,-2.935644652399347,-2.935644652399347,-2.935644652399347,-2.935644652399347,-2.935644652399347,-2.935644652399347,-2.935644652399347,-2.935644652399347,-2.935644652399347,-2.935644652399347,-2.935644652399347,-2.935644652399347,-2.935644652399347,-2.935644652399347,-2.935644652399361,-2.935644652399361,-2.935644652399361,-2.935644652399361,-2.935644652399361,-3.18004846390275,-1.1252805871797307,-0.04802212906093928,0.06098235575865374,-0.21832985034086505,-0.20608999168300102,-0.6919379526031264,-0.5452417946948458,0.13540851480351535,1.6658047664967626,1.626313302976655,1.6710329310712382,1.6806634378245349,-2.9356446523993753,-2.9356446523993895,-2.9356446523993895,-2.9356446523993895,-2.9356446523993895,-2.9356446523993895,-2.935644652399361,-2.935644652399361,-2.935644652399361,-2.935644652399361,-2.935644652399361,-2.935644652399361,-2.935644652399361,-2.935644652399361,-2.935644652399361,-2.935644652399361,-2.935644652399361,-2.9356446523993327,-2.935644652399361,-2.935644652399361,-2.935644652399361,-2.9356446523993895,-2.9356446523993895,-2.9356446523993895,-2.8429544221079794,-2.2784955777002835,-1.3503762696892352,-0.5157900840538048,1.9345989956568133,2.0331747340519257,1.0542894173327682,0.8443597713199722,2.1602164558214554,2.1729533918317543,2.1555099738894796,-2.9356446523993895,-2.9356446523993895,-2.9356446523993895,-2.9356446523993895,-2.9356446523993895,-2.935644652399418,-2.9356446523993895,-2.935644652399361,-2.935644652399361,-2.935644652399347,-6.1838742854768896,-4.952613771538225,-4.166354689338462,-3.14439659080999,-2.441601272002302,-2.4415960612757033,-0.9848342440026556,-0.2920069081227865,-0.7284988512862753,-0.436792220722964,-0.8159079629865289,-2.242301430965483,-2.4433070179175047,-2.6269783781515628,0.40527278104292463,1.4434185917493778,1.5116918577545562,-1.0489513833142894,-1.2125330604683882,-1.0695269691956355,1.119873003214849,1.3586451050433084,-3.737541754016405,-4.996939332828674,-6.126064734399478,-10.920813235753315,-2.9356446523993895,-2.9356446523993895,-2.4261210806702422,-2.34673216896266,-2.4233595017165186,-3.301244892883446,-4.0064030176659315,-3.5264053067713093,-3.104211968378806,-0.9413743248913988,-3.6494068024162374,-2.849113290699819,-2.8763933055796542,-0.7793537314216508,-0.09295310117695976,0.5732257755855414,1.3887975680559066,1.819711723868437,2.086161026014736,-2.935644652399361,-2.9356446523993753,-2.935644652399361,-2.935644652399361,-2.935644652399361,-2.935644652399361,-2.935644652399361,-2.935644652399361,-2.063193223009577,-2.020356532422923,-2.935644652399347,-5.688474567485713,-6.168103096399477,-4.417086396017169,-3.173950157582965,-3.3837283437695476,-3.620761965804647,-4.336609771018118,-2.935644652399347,-2.935644652399347,-2.935644652399347,-2.935644652399347,-2.935644652399347,-2.935644652399347,-2.935644652399347,-2.935644652399347,-2.935644652399347,-2.935644652399347,-2.935644652399347,-2.935644652399347,-2.935644652399347,-2.935644652399347,-2.935644652399347,-2.935644652399347,-3.4195445765704733,-2.935644652399347,-2.935644652399347,-2.6626571797220144,-1.937845203217762,-2.026943012818432,-2.0133366638473094,0.7025223375656795,0.0,-0.015482447895526996,0.7948529326664477,0.9048259795527827,-1.8044413339555767,0.30371473889794487,0.3643346626162014,-2.935644652399347,-2.935644652399347,-2.935644652399347,-2.935644652399347,-2.935644652399347,-2.935644652399347,-2.935644652399347,-2.935644652399347,-2.935644652399347,-2.935644652399347,-2.935644652399347,-2.935644652399347,-2.935644652399347,-2.935644652399347,-2.935644652399347,-2.935644652399347,-2.935644652399347,-2.935644652399347,-2.935644652399347,-2.935644652399347,-2.935644652399347,-2.935644652399347,-2.935644652399347,-2.935644652399347,-2.935644652399347,-2.935644652399347
170,-2.951127100294883,-2.951127100294883,-2.951127100294883,-2.951127100294883,-2.951127100294883,-2.951127100294883,-2.951127100294883,-2.951127100294883,-2.951127100294883,-2.951127100294883,-2.951127100294883,-2.951127100294883,-2.951127100294883,-2.951127100294883,-2.951127100294883,-2.951127100294883,-2.951127100294883,-2.951127100294883,-2.951127100294883,-2.9511271002948973,-2.9511271002948973,-2.9511271002948973,-2.9511271002948973,-2.9511271002948973,-3.1955309117983006,-1.140763035075281,-0.0635045769564897,0.04549990786310332,-0.23381229823641547,-0.22157243957857986,-0.7074204004987052,-0.5607242425904246,0.1199260669079365,1.6503223186011837,1.6108308550810762,1.6555504831756593,1.665180989928956,-2.9511271002949115,-2.9511271002949258,-2.9511271002949258,-2.9511271002949115,-2.9511271002949115,-2.9511271002949115,-2.951127100294883,-2.951127100294883,-2.951127100294883,-2.951127100294883,-2.951127100294883,-2.951127100294883,-2.951127100294883,-2.9511271002948547,-2.9511271002948547,-2.9511271002948547,-2.9511271002948547,-2.9511271002948263,-2.951127100294883,-2.951127100294883,-2.951127100294883,-2.9511271002949115,-2.9511271002949115,-2.9511271002949115,-2.85843687000353,-2.293978025595834,-1.3658587175847856,-0.5312725319493552,1.9191165477612344,2.017692286156347,1.0388069694371893,0.8288773234243934,2.1447340079258765,2.1574709439361754,2.140027525993901,-2.9511271002949115,-2.9511271002949115,-2.9511271002949115,-2.9511271002949115,-2.9511271002949115,-2.95112710029494,-2.9511271002949115,-2.951127100294883,-2.951127100294883,-2.951127100294883,-6.199356733372426,-4.968096219433761,-4.181837137233998,-3.159879038705526,-2.457083719897838,-2.4570785091712395,-1.0003166918981918,-0.3074893560183227,-0.7439812991817973,-0.452274668618486,-0.8313904108820509,-2.257783878861005,-2.4587894658130267,-2.6424608260470848,0.3897903331473742,1.4279361438538274,1.4962094098590057,-1.0644338312098398,-1.2280155083639386,-1.085009417091186,1.104390555319327,1.3431626571477864,-3.7530242019119555,-5.012421780724225,-6.141547182295028,-10.936295683648865,-2.9511271002949115,-2.9511271002949115,-2.4416035285657784,-2.3622146168581963,-2.438841949612055,-3.316727340778982,-4.021885465561468,-3.5418877546668455,-3.119694416274328,-0.9568567727869493,-3.664889250311788,-2.8645957385953693,-2.8918757534752046,-0.794836179317187,-0.10843554907249597,0.5577433276900194,1.3733151201603846,1.804229275972915,2.070678578119214,-2.9511271002948973,-2.9511271002949115,-2.9511271002948973,-2.9511271002948973,-2.9511271002948973,-2.9511271002948973,-2.9511271002949115,-2.9511271002949115,-2.0786756709051133,-2.0358389803184593,-2.951127100294883,-5.703957015381249,-6.183585544295013,-4.432568843912705,-3.189432605478501,-3.3992107916650838,-3.636244413700183,-4.352092218913654,-2.951127100294883,-2.951127100294883,-2.951127100294883,-2.951127100294883,-2.951127100294883,-2.951127100294883,-2.951127100294883,-2.951127100294883,-2.951127100294883,-2.951127100294883,-2.951127100294883,-2.951127100294883,-2.951127100294883,-2.951127100294883,-2.951127100294883,-2.951127100294883,-3.4350270244660095,-2.951127100294876,-2.951127100294876,-2.6781396276175435,-1.9533276511132893,-2.0424254607139574,-2.028819111742836,0.6870398896701522,-0.015482447895526996,0.0,0.7793704847709222,0.8893435316572571,-1.8199237818511058,0.28823229100240866,0.3488522147206652,-2.951127100294883,-2.951127100294883,-2.951127100294883,-2.951127100294883,-2.951127100294883,-2.951127100294883,-2.951127100294883,-2.951127100294883,-2.951127100294883,-2.951127100294883,-2.951127100294883,-2.951127100294883,-2.951127100294883,-2.951127100294883,-2.951127100294883,-2.951127100294883,-2.951127100294883,-2.951127100294883,-2.951127100294883,-2.951127100294883,-2.951127100294883,-2.951127100294883,-2.951127100294883,-2.951127100294883,-2.951127100294883,-2.951127100294883
171,1.8858816079617213,1.8858816079617213,1.8858816079617213,1.8858816079617213,1.8858816079617213,1.8858816079617213,1.8858816079617213,1.8858816079617213,1.8858816079617213,1.8858816079617213,1.8858816079617213,1.8858816079617213,1.8858816079617213,1.8858816079617213,1.8858816079617213,1.8858816079617213,1.8858816079617213,1.8858816079617213,1.8858816079617213,1.8858816079617071,1.8858816079617071,1.8858816079617071,1.8858816079617071,1.8858816079617071,1.641477796458318,3.6962456731813518,4.773504131300143,4.882508616119736,4.603196410020217,4.615436268678081,4.129588307757956,4.276284465666237,4.956934775164598,6.487331026857845,6.4478395633377374,6.492559191432321,6.502189698185617,1.885881607961693,1.8858816079616787,1.885881607961693,1.885881607961693,1.885881607961693,1.885881607961693,1.8858816079617213,1.8858816079617213,1.8858816079617213,1.8858816079617213,1.8858816079617213,1.8858816079617213,1.8858816079617213,1.8858816079617213,1.8858816079617213,1.8858816079617213,1.8858816079617213,1.8858816079617498,1.8858816079617213,1.8858816079617213,1.8858816079617213,1.885881607961693,1.885881607961693,1.885881607961693,1.978571838253103,2.5430306826607705,3.471149990671819,4.305736176307249,6.756125256017867,6.85470099441298,5.875815677693822,5.665886031681026,6.981742716182509,6.994479652192808,6.977036234250534,1.885881607961693,1.885881607961693,1.885881607961693,1.885881607961693,1.885881607961693,1.8858816079616645,1.885881607961693,1.8858816079617213,1.8858816079617213,1.8858816079617213,-1.3623480251158213,-0.13108751117715656,0.6551715710226063,1.6771296695510785,2.3799249883587663,2.379930199085365,3.8366920163584126,4.529519352238296,4.093027409074807,4.3847340396381185,4.0056182973745535,2.5792248293955993,2.3782192424435777,2.1945478822095197,5.226799041403979,6.264944852110432,6.33321811811561,3.7725748770467646,3.608993199892666,3.7519992911654185,5.941399263575931,6.180171365404391,1.083984506344649,-0.17541307246762017,-1.3045384740384236,-6.0992869753922605,1.885881607961693,1.885881607961693,2.395405179690826,2.474794091398408,2.3981667586445496,1.5202813674776223,0.8151232426951367,1.295120953589759,1.7173142919822908,3.8801519354696836,1.1721194579448309,1.9724129696612636,1.9451329547814282,4.0421725289394175,4.7285731591841085,5.39475203594661,6.210323828416989,6.6412379842295195,6.907687286375818,1.8858816079617071,1.885881607961693,1.8858816079617071,1.8858816079617071,1.8858816079617071,1.8858816079617071,1.885881607961693,1.885881607961693,2.758333037351491,2.801169727938145,1.8858816079617213,-0.8669483071246447,-1.346576836038409,0.40443986434389956,1.6475761027781033,1.4377979165915207,1.2007642945564214,0.4849164893429503,1.8858816079617213,1.8858816079617213,1.8858816079617213,1.8858816079617213,1.8858816079617213,1.8858816079617213,1.8858816079617213,1.8858816079617213,1.8858816079617213,1.8858816079617213,1.8858816079617213,1.8858816079617213,1.8858816079617213,1.8858816079617213,1.8858816079617213,1.8858816079617213,1.401981683790595,1.8858816079617213,1.8858816079617178,2.1588690806390503,2.8836810571433027,2.794583247542633,2.808189596513756,0.09233059510076735,0.7948529326664477,0.7793704847709186,0.0,0.10997304688633247,3.017084926405488,5.125240999259006,5.1858609229772625,1.8858816079617213,1.8858816079617213,1.8858816079617213,1.8858816079617213,1.8858816079617213,1.8858816079617213,1.8858816079617213,1.8858816079617213,1.8858816079617213,1.8858816079617213,1.8858816079617213,1.8858816079617213,1.8858816079617213,1.8858816079617213,1.8858816079617213,1.8858816079617213,1.8858816079617213,1.8858816079617213,1.8858816079617213,1.8858816079617213,1.8858816079617213,1.8858816079617213,1.8858816079617213,1.8858816079617213,1.8858816079617213,1.8858816079617213
172,1.9958546548480598,1.9958546548480598,1.9958546548480598,1.9958546548480598,1.9958546548480598,1.9958546548480598,1.9958546548480598,1.9958546548480598,1.9958546548480598,1.9958546548480598,1.9958546548480598,1.9958546548480598,1.9958546548480598,1.9958546548480598,1.9958546548480598,1.9958546548480598,1.9958546548480598,1.9958546548480598,1.9958546548480598,1.9958546548480456,1.9958546548480456,1.9958546548480456,1.9958546548480456,1.9958546548480456,1.7514508433446565,3.806218720067676,4.883477178186467,4.99248166300606,4.713169456906542,4.725409315564406,4.23956135464428,4.386257512552561,5.066907822050922,6.597304073744169,6.557812610224062,6.602532238318645,6.612162745071942,1.9958546548480314,1.9958546548480172,1.9958546548480172,1.9958546548480172,1.9958546548480172,1.9958546548480172,1.9958546548480456,1.9958546548480456,1.9958546548480456,1.9958546548480456,1.9958546548480456,1.9958546548480456,1.9958546548480456,1.995854654848074,1.995854654848074,1.995854654848074,1.995854654848074,1.9958546548481024,1.9958546548480456,1.9958546548480456,1.9958546548480456,1.9958546548480172,1.9958546548480172,1.9958546548480172,2.088544885139413,2.6530037295470947,3.581123037558143,4.4157092231935735,6.866098302904163,6.964674041299276,5.985788724580118,5.775859078567322,7.091715763068805,7.104452699079104,7.0870092811368295,1.9958546548480172,1.9958546548480172,1.9958546548480172,1.9958546548480172,1.9958546548480172,1.9958546548479887,1.9958546548480172,1.9958546548480456,1.9958546548480456,1.9958546548480598,-1.2523749782294828,-0.02111446429081809,0.7651446179089447,1.787102716437417,2.489898035245105,2.4899032459717034,3.946665063244751,4.63949239912462,4.203000455961131,4.494707086524443,4.115591344260878,2.6891978762819235,2.488192289329902,2.304520929095844,5.336772088290303,6.374917898996756,6.4431911650019345,3.8825479239331173,3.7189662467790185,3.861972338051771,6.051372310462256,6.290144412290715,1.1939575532310016,-0.06544002558126749,-1.194565427152071,-5.989313928505908,1.9958546548480172,1.9958546548480172,2.5053782265771645,2.5847671382847466,2.508139805530888,1.6302544143639608,0.9250962895814752,1.4050940004760974,1.827287338868615,3.990124982356008,1.282092504831155,2.082386016547588,2.0551060016677525,4.15214557582577,4.838546206070461,5.504725082832977,6.320296875303342,6.751211031115872,7.017660333262171,1.9958546548480456,1.9958546548480314,1.9958546548480456,1.9958546548480456,1.9958546548480456,1.9958546548480456,1.9958546548480314,1.9958546548480314,2.8683060842378296,2.9111427748244836,1.9958546548480598,-0.7569752602383062,-1.2366037891520705,0.514412911230238,1.7575491496644418,1.5477709634778591,1.3107373414427599,0.5948895362292888,1.9958546548480598,1.9958546548480598,1.9958546548480598,1.9958546548480598,1.9958546548480598,1.9958546548480598,1.9958546548480598,1.9958546548480598,1.9958546548480598,1.9958546548480598,1.9958546548480598,1.9958546548480598,1.9958546548480598,1.9958546548480598,1.9958546548480598,1.9958546548480598,1.5119547306769476,1.9958546548480527,1.9958546548480527,2.268842127525385,2.9936541040296376,2.904556294428966,2.9181626434000876,0.2023036419871005,0.9048259795527791,0.88934353165725,0.10997304688633247,0.0,3.127057973291823,5.2352140461453445,5.295833969863601,1.9958546548480598,1.9958546548480598,1.9958546548480598,1.9958546548480598,1.9958546548480598,1.9958546548480598,1.9958546548480598,1.9958546548480598,1.9958546548480598,1.9958546548480598,1.9958546548480598,1.9958546548480598,1.9958546548480598,1.9958546548480598,1.9958546548480598,1.9958546548480598,1.9958546548480598,1.9958546548480598,1.9958546548480598,1.9958546548480598,1.9958546548480598,1.9958546548480598,1.9958546548480598,1.9958546548480598,1.9958546548480598,1.9958546548480598
173,1.1312033184437666,1.1312033184437666,1.1312033184437666,1.1312033184437666,1.1312033184437666,1.1312033184437666,1.1312033184437666,1.1312033184437666,1.1312033184437666,1.1312033184437702,1.1312033184437702,1.1312033184437702,1.1312033184437666,1.1312033184437666,1.1312033184437666,1.1312033184437666,1.1312033184437666,1.1312033184437666,1.1312033184437666,1.1312033184437524,1.1312033184437524,1.1312033184437524,1.1312033184437524,1.1312033184437524,0.8867995069403634,2.941567383663397,4.018825841782174,4.127830326601753,3.8485181205022343,3.8607579791600983,3.374910018239973,3.5216061761482536,4.202256485646615,5.732652737339862,5.693161273819754,5.7378809019143375,5.747511408667634,1.1312033184437382,1.131203318443724,1.131203318443724,1.131203318443724,1.131203318443724,1.131203318443724,1.131203318443724,1.131203318443724,1.1312033184437098,1.1312033184437098,1.1312033184437098,1.1312033184437098,1.1312033184437098,1.1312033184437098,1.1312033184437098,1.1312033184437098,1.1312033184437098,1.1312033184437382,1.1312033184437098,1.1312033184437098,1.1312033184437098,1.131203318443724,1.1312033184437382,1.1312033184437382,1.2238935487351341,1.7883523931428016,2.71647170115385,3.551057886789266,6.001446966499884,6.100022704895025,5.1211373881758675,4.9112077421630715,6.227064426664526,6.239801362674825,6.2223579447325505,1.131203318443724,1.131203318443724,1.131203318443724,1.131203318443724,1.1312033184437098,1.1312033184436814,1.131203318443724,1.131203318443724,1.1312033184437098,1.1312033184437666,-2.117026314633776,-0.8857658006951112,-0.09950671849534842,0.9224513800331238,1.6252466988408116,1.6252519095674103,3.082013726840458,3.774841062720327,3.338349119556824,3.6300557501201496,3.2509400078565704,1.8245465398776304,1.6235409529255946,1.4398695926915508,4.472120751885996,5.510266562592463,5.578539828597641,3.017896587528824,2.854314910374697,2.9973210016474496,5.186720974057934,5.425493075886379,0.32930621682669425,-0.9300913619855748,-2.0592167635563783,-6.853965264910201,1.131203318443724,1.131203318443724,1.6407268901728713,1.7201158018804534,1.643488469126595,0.7656030779596676,0.060444953177182015,0.5404426640718043,0.9626360024643077,3.1254736459517005,0.4174411684268762,1.217734680143323,1.1904546652634878,3.287494239421463,3.973894869666154,4.640073746428655,5.455645538899049,5.886559694711579,6.153008996857864,1.1312033184437524,1.1312033184437382,1.1312033184437524,1.1312033184437524,1.1312033184437524,1.1312033184437524,1.1312033184437382,1.1312033184437382,2.0036547478335365,2.0464914384201904,1.1312033184437666,-1.6216265966425993,-2.1012551255563636,-0.3502384251740551,0.8928978132601486,0.6831196270735589,0.4460860050384525,-0.2697618001750186,1.1312033184437666,1.1312033184437666,1.1312033184437666,1.1312033184437666,1.1312033184437702,1.1312033184437666,1.1312033184437666,1.1312033184437666,1.1312033184437666,1.1312033184437666,1.1312033184437666,1.1312033184437666,1.1312033184437666,1.1312033184437666,1.1312033184437666,1.1312033184437666,0.6473033942726474,1.131203318443772,1.131203318443771,0.8582158457664413,0.13340386926218883,0.22250167886285688,0.20889532989173532,-2.5069636715212518,-1.8044413339555732,-1.8199237818511023,3.017084926405488,3.127057973291823,0.0,2.1081560728535154,2.168775996571773,1.1312033184437702,1.1312033184437738,1.1312033184437738,1.1312033184437738,1.1312033184437738,1.1312033184437738,1.1312033184437666,1.1312033184437666,1.1312033184437666,1.1312033184437666,1.1312033184437702,1.1312033184437702,1.1312033184437702,1.1312033184437666,1.1312033184437666,1.1312033184437666,1.1312033184437666,1.1312033184437666,1.1312033184437666,1.1312033184437666,1.1312033184437666,1.1312033184437666,1.1312033184437666,1.1312033184437702,1.1312033184437666,1.1312033184437666
174,3.239359391297299,3.239359391297299,3.239359391297299,3.239359391297292,3.2393593912972847,3.2393593912972847,3.2393593912972847,3.2393593912972776,3.2393593912972776,3.2393593912972776,3.239359391297281,3.239359391297281,3.2393593912972847,3.2393593912972847,3.2393593912972847,3.2393593912972847,3.2393593912972847,3.2393593912972847,3.2393593912972847,3.2393593912972705,3.2393593912972705,3.2393593912972705,3.2393593912972705,3.2393593912972705,2.9949555797938814,5.049723456516915,6.126981914635692,6.235986399455271,5.956674193355752,5.968914052013616,5.483066091093491,5.629762249001772,6.310412558500133,7.84080881019338,7.801317346673272,7.8460369747678556,7.855667481521152,3.2393593912972563,3.239359391297242,3.239359391297242,3.239359391297242,3.239359391297242,3.239359391297228,3.2393593912972563,3.2393593912972563,3.2393593912972563,3.2393593912972563,3.2393593912972563,3.2393593912972563,3.2393593912972563,3.2393593912972563,3.2393593912972563,3.2393593912972563,3.2393593912972563,3.2393593912972847,3.2393593912972563,3.2393593912972563,3.2393593912972563,3.2393593912972563,3.2393593912972563,3.2393593912972563,3.332049621588652,3.8965084659963196,4.824627774007368,5.659213959642784,8.109603039353402,8.208178777748543,7.2292934610293855,7.01936381501659,8.335220499518044,8.347957435528343,8.330514017586069,3.239359391297242,3.239359391297242,3.2393593912972563,3.2393593912972563,3.2393593912972563,3.239359391297228,3.239359391297242,3.239359391297242,3.239359391297228,3.2393593912972847,-0.00887024178025797,1.2223902721584068,2.0086493543581696,3.030607452886642,3.7334027716943297,3.7334079824209283,5.190169799693976,5.882997135573845,5.446505192410342,5.738211822973668,5.3590960807100885,3.932702612731134,3.7316970257790985,3.5480256655450546,6.580276824739514,7.618422635445981,7.6866959014511735,5.126052660382342,4.962470983228229,5.105477074500968,7.294877046911466,7.533649148739926,2.4374622896802123,1.1780647108679432,0.048939309297139744,-4.745809192056683,3.239359391297242,3.239359391297242,3.7488829630263893,3.8282718747339715,3.751644541980113,2.8737591508131857,2.1686010260307,2.6485987369253223,3.0707920753178257,5.2336297188052185,2.525597241280394,3.325890752996841,3.298610738117006,5.395650312274981,6.082050942519672,6.748229819282173,7.563801611752567,7.994715767565097,8.261165069711382,3.2393593912972705,3.2393593912972563,3.2393593912972705,3.2393593912972705,3.2393593912972705,3.2393593912972705,3.2393593912972563,3.2393593912972563,4.1118108206870545,4.1546475112737085,3.2393593912972847,0.4865294762109187,0.006900947297154403,1.757917647679463,3.0010538861136666,2.791275699927084,2.5542420778919848,1.8383942726785136,3.2393593912972847,3.2393593912972847,3.2393593912972847,3.2393593912972847,3.239359391297281,3.2393593912972847,3.2393593912972847,3.2393593912972847,3.2393593912972847,3.2393593912972847,3.2393593912972847,3.2393593912972847,3.2393593912972847,3.2393593912972847,3.239359391297292,3.239359391297299,2.7554594671261583,3.239359391297283,3.2393593912972847,2.9663719186199557,2.2415599421157033,2.330657751716373,2.3170514027452533,-0.3988075986677373,0.30371473889794487,0.28823229100241576,5.125240999259006,5.235214046145337,2.1081560728535154,0.0,0.06061992371825653,3.239359391297281,3.2393593912972776,3.2393593912972776,3.2393593912972776,3.2393593912972776,3.2393593912972776,3.2393593912972847,3.2393593912972847,3.2393593912972847,3.2393593912972847,3.239359391297281,3.239359391297281,3.2393593912972847,3.2393593912972847,3.2393593912972847,3.2393593912972847,3.2393593912972847,3.2393593912972847,3.2393593912972847,3.2393593912972847,3.2393593912972847,3.2393593912972847,3.2393593912972847,3.2393593912972776,3.2393593912972776,3.2393593912972847
175,3.2999793150155483,3.2999793150155483,3.2999793150155483,3.2999793150155483,3.2999793150155483,3.2999793150155554,3.2999793150155483,3.2999793150155483,3.2999793150155483,3.2999793150155483,3.2999793150155483,3.2999793150155483,3.2999793150155483,3.2999793150155483,3.2999793150155483,3.2999793150155483,3.2999793150155483,3.2999793150155483,3.2999793150155483,3.299979315015534,3.299979315015534,3.299979315015534,3.299979315015534,3.299979315015534,3.055575503512145,5.110343380235193,6.18760183835397,6.296606323173563,6.017294117074044,6.02953397573188,5.543686014811755,5.690382172720035,6.371032482218396,7.901428733911644,7.861937270391536,7.906656898486119,7.916287405239416,3.29997931501552,3.2999793150155057,3.2999793150155057,3.2999793150155057,3.2999793150154915,3.2999793150154915,3.29997931501552,3.29997931501552,3.29997931501552,3.29997931501552,3.29997931501552,3.29997931501552,3.29997931501552,3.29997931501552,3.29997931501552,3.29997931501552,3.29997931501552,3.2999793150155483,3.29997931501552,3.29997931501552,3.29997931501552,3.2999793150154915,3.2999793150154915,3.2999793150154915,3.392669545306916,3.9571283897145975,4.885247697725646,5.719833883361062,8.170222963071694,8.268798701466807,7.289913384747649,7.079983738734853,8.395840423236336,8.408577359246635,8.39113394130436,3.2999793150155057,3.29997931501552,3.29997931501552,3.29997931501552,3.29997931501552,3.2999793150154915,3.2999793150154915,3.29997931501552,3.29997931501552,3.2999793150155483,0.051749681938005665,1.2830101958766704,2.0692692780764332,3.0912273766049054,3.7940226954125933,3.794027906139192,5.25078972341224,5.943617059292109,5.507125116128606,5.798831746691931,5.419716004428352,3.993322536449398,3.7923169494973763,3.6086455892633182,6.640896748457791,7.679042559164259,7.747315825169437,5.18667258410062,5.023090906946521,5.166096998219274,7.35549697062973,7.594269072458189,2.498082213398476,1.2386846345862068,0.10955923301540338,-4.685189268338405,3.29997931501552,3.29997931501552,3.809502886744653,3.888891798452235,3.8122644656983766,2.9343790745314493,2.2292209497489637,2.709218660643586,3.1314119990360894,5.294249642523482,2.586217164998658,3.3865106767151048,3.3592306618352694,5.456270235993259,6.14267086623795,6.808849743000451,7.6244215354708444,8.055335691283375,8.32178499342966,3.299979315015534,3.29997931501552,3.299979315015534,3.299979315015534,3.299979315015534,3.299979315015534,3.299979315015534,3.299979315015534,4.172430744405318,4.215267434991972,3.2999793150155483,0.5471493999291823,0.06752087101541804,1.8185375713977265,3.0616738098319303,2.8518956236453477,2.6148620016102484,1.8990141963967773,3.299979315015541,3.299979315015534,3.299979315015534,3.299979315015534,3.2999793150155483,3.2999793150155483,3.2999793150155483,3.2999793150155483,3.2999793150155483,3.2999793150155483,3.2999793150155483,3.2999793150155483,3.2999793150155483,3.2999793150155483,3.2999793150155483,3.2999793150155483,2.816079390844436,3.2999793150155483,3.2999793150155448,3.0269918423382123,2.30217986583396,2.3912776754346297,2.3776713264635063,-0.33818767494948077,0.3643346626162014,0.3488522147206723,5.1858609229772625,5.295833969863594,2.168775996571773,0.06061992371825653,0.0,3.2999793150155448,3.2999793150155483,3.2999793150155483,3.2999793150155483,3.2999793150155483,3.2999793150155483,3.2999793150155483,3.2999793150155483,3.2999793150155483,3.2999793150155483,3.2999793150155483,3.2999793150155483,3.2999793150155483,3.2999793150155483,3.2999793150155483,3.2999793150155483,3.2999793150155483,3.2999793150155483,3.2999793150155448,3.2999793150155448,3.299979315015541,3.299979315015541,3.299979315015541,3.2999793150155483,3.2999793150155483,3.2999793150155483
176,0.0,0.0,0.0,0.0,0.0,0.0,0.0,0.0,0.0,0.0,0.0,0.0,0.0,0.0,0.0,0.0,0.0,0.0,0.0,-1.4210854715202004e-14,-1.4210854715202004e-14,-1.4210854715202004e-14,-1.4210854715202004e-14,-1.4210854715202004e-14,-0.2444038115034033,1.8103640652196304,2.8876225233384076,2.9966270081579864,2.717314802058482,2.729554660716346,2.2437066997962205,2.390402857704487,3.071053167202848,4.601449418896095,4.561957955375988,4.606677583470571,4.616308090223868,-2.842170943040401e-14,-4.263256414560601e-14,-4.263256414560601e-14,-4.263256414560601e-14,-4.263256414560601e-14,-4.263256414560601e-14,-4.263256414560601e-14,-4.263256414560601e-14,-4.263256414560601e-14,-4.263256414560601e-14,-4.263256414560601e-14,-5.684341886080802e-14,-5.684341886080802e-14,-2.842170943040401e-14,-2.842170943040401e-14,-2.842170943040401e-14,-2.842170943040401e-14,0.0,-4.263256414560601e-14,-2.842170943040401e-14,-2.842170943040401e-14,-5.684341886080802e-14,-5.684341886080802e-14,-5.684341886080802e-14,0.09269023029136747,0.6571490746990492,1.5852683827100975,2.4198545683455137,4.870243648056132,4.968819386451273,3.9899340697321293,3.7800044237193475,5.095861108220774,5.108598044231073,5.091154626288798,-4.263256414560601e-14,-4.263256414560601e-14,-4.263256414560601e-14,-4.263256414560601e-14,-2.842170943040401e-14,-2.842170943040401e-14,-4.263256414560601e-14,-4.263256414560601e-14,-4.263256414560601e-14,0.0,-3.2482296330775426,-2.016969119138871,-1.230710036939115,-0.20875193841064288,0.494043380397045,0.49404859112364363,1.9508104083966913,2.6436377442765604,2.2071458011130574,2.498852431676383,2.119736689412804,0.6933432214338637,0.492337634481828,0.30866627424778414,3.340917433442243,4.3790632441487105,4.447336510153889,1.8866932690850575,1.7231115919309303,1.866117683203683,4.055517655614182,4.294289757442641,-0.8018971016170724,-2.0612946804293415,-3.190420082000145,-7.985168583353953,-4.263256414560601e-14,-4.263256414560601e-14,0.5095235717291047,0.5889124834366868,0.5122851506828283,-0.365600240484099,-1.0707583652665846,-0.5907606543719623,-0.16856731597945895,1.9942703275079339,-0.7137621500168905,0.08653136169955644,0.05925134681972111,2.1562909209777104,2.8426915512224014,3.5088704279849026,4.324442220455296,4.755356376267827,5.021805678414111,-1.4210854715202004e-14,-2.842170943040401e-14,-1.4210854715202004e-14,-1.4210854715202004e-14,-1.4210854715202004e-14,-1.4210854715202004e-14,-1.4210854715202004e-14,-1.4210854715202004e-14,0.8724514293897698,0.9152881199764238,0.0,-2.7528299150863518,-3.232458444000116,-1.4814417436178076,-0.23830550518360383,-0.44808369137020776,-0.6851173134053141,-1.4009651186187853,0.0,0.0,0.0,0.0,0.0,0.0,0.0,0.0,0.0,0.0,0.0,0.0,0.0,0.0,0.0,0.0,-0.48389992417111927,0.0,0.0,-0.2729874726773325,-0.9977994491815849,-0.9087016395809151,-0.9223079885520384,-3.638166989965029,-2.935644652399347,-2.951127100294876,1.8858816079617142,1.9958546548480456,1.1312033184437702,3.2393593912972847,3.2999793150155448,0.0,0.0,0.0,0.0,0.0,0.0,0.0,0.0,0.0,0.0,0.0,0.0,0.0,0.0,0.0,0.0,0.0,0.0,0.0,0.0,0.0,0.0,0.0,0.0,0.0,0.0
177,0.0,0.0,0.0,0.0,0.0,0.0,0.0,0.0,0.0,0.0,0.0,0.0,0.0,0.0,0.0,0.0,0.0,0.0,0.0,-1.4210854715202004e-14,-1.4210854715202004e-14,-1.4210854715202004e-14,-1.4210854715202004e-14,-1.4210854715202004e-14,-0.2444038115034033,1.8103640652196304,2.8876225233384076,2.9966270081579864,2.717314802058482,2.729554660716346,2.2437066997962347,2.3904028577045153,3.0710531672028765,4.601449418896124,4.561957955376016,4.606677583470599,4.616308090223896,-2.842170943040401e-14,-4.263256414560601e-14,-4.263256414560601e-14,-4.263256414560601e-14,-4.263256414560601e-14,-4.263256414560601e-14,-4.263256414560601e-14,-4.263256414560601e-14,-4.263256414560601e-14,-5.684341886080802e-14,-5.684341886080802e-14,-5.684341886080802e-14,-5.684341886080802e-14,-2.842170943040401e-14,-2.842170943040401e-14,-2.842170943040401e-14,-2.842170943040401e-14,0.0,-4.263256414560601e-14,-2.842170943040401e-14,-2.842170943040401e-14,-4.263256414560601e-14,-2.842170943040401e-14,-2.842170943040401e-14,0.09269023029136747,0.6571490746990349,1.5852683827100833,2.4198545683454995,4.8702436480561175,4.968819386451258,3.9899340697321293,3.7800044237193475,5.09586110822076,5.108598044231044,5.09115462628877,-4.263256414560601e-14,-4.263256414560601e-14,-4.263256414560601e-14,-4.263256414560601e-14,-5.684341886080802e-14,-5.684341886080802e-14,-4.263256414560601e-14,-4.263256414560601e-14,-4.263256414560601e-14,0.0,-3.2482296330775426,-2.016969119138878,-1.230710036939115,-0.20875193841064288,0.494043380397045,0.49404859112364363,1.9508104083966913,2.6436377442765604,2.2071458011130574,2.498852431676383,2.119736689412804,0.6933432214338637,0.492337634481828,0.30866627424778414,3.340917433442229,4.379063244148696,4.447336510153875,1.8866932690850575,1.7231115919309303,1.866117683203683,4.055517655614167,4.294289757442627,-0.8018971016170724,-2.0612946804293415,-3.190420082000145,-7.985168583353968,-4.263256414560601e-14,-4.263256414560601e-14,0.5095235717291047,0.5889124834366868,0.5122851506828283,-0.365600240484099,-1.0707583652665846,-0.5907606543719623,-0.16856731597945895,1.9942703275079339,-0.7137621500168905,0.08653136169955644,0.05925134681972111,2.156290920977696,2.842691551222387,3.5088704279848884,4.324442220455282,4.755356376267812,5.021805678414097,-1.4210854715202004e-14,-2.842170943040401e-14,-1.4210854715202004e-14,-1.4210854715202004e-14,-1.4210854715202004e-14,-1.4210854715202004e-14,-2.842170943040401e-14,-2.842170943040401e-14,0.8724514293897698,0.9152881199764238,0.0,-2.7528299150863518,-3.232458444000123,-1.4814417436178218,-0.23830550518361804,-0.44808369137020776,-0.6851173134053141,-1.4009651186187853,0.0,0.0,0.0,0.0,0.0,0.0,0.0,0.0,0.0,0.0,0.0,0.0,0.0,0.0,0.0,0.0,-0.48389992417111927,0.0,0.0,-0.2729874726773325,-0.9977994491815849,-0.9087016395809151,-0.922307988552042,-3.638166989965029,-2.935644652399347,-2.951127100294876,1.8858816079617142,1.9958546548480456,1.1312033184437702,3.2393593912972882,3.299979315015541,0.0,0.0,0.0,0.0,0.0,0.0,0.0,0.0,0.0,0.0,0.0,0.0,0.0,0.0,0.0,0.0,0.0,0.0,0.0,0.0,0.0,0.0,0.0,0.0,0.0,0.0
178,0.0,0.0,0.0,0.0,0.0,0.0,0.0,0.0,0.0,0.0,0.0,0.0,0.0,0.0,0.0,0.0,0.0,0.0,0.0,-1.4210854715202004e-14,-1.4210854715202004e-14,-1.4210854715202004e-14,-1.4210854715202004e-14,-1.4210854715202004e-14,-0.2444038115034033,1.8103640652196304,2.8876225233384076,2.9966270081579864,2.717314802058482,2.7295546607163317,2.2437066997962063,2.390402857704487,3.071053167202848,4.601449418896095,4.561957955375988,4.606677583470571,4.616308090223868,-2.842170943040401e-14,-4.263256414560601e-14,-4.263256414560601e-14,-4.263256414560601e-14,-4.263256414560601e-14,-4.263256414560601e-14,-4.263256414560601e-14,-4.263256414560601e-14,-5.684341886080802e-14,-5.684341886080802e-14,-5.684341886080802e-14,-5.684341886080802e-14,-5.684341886080802e-14,-5.684341886080802e-14,-5.684341886080802e-14,-5.684341886080802e-14,-5.684341886080802e-14,-2.842170943040401e-14,-5.684341886080802e-14,-5.684341886080802e-14,-5.684341886080802e-14,-4.263256414560601e-14,-2.842170943040401e-14,-2.842170943040401e-14,0.09269023029136747,0.6571490746990349,1.5852683827100833,2.4198545683454995,4.8702436480561175,4.968819386451273,3.9899340697321293,3.7800044237193333,5.09586110822076,5.108598044231059,5.091154626288784,-4.263256414560601e-14,-4.263256414560601e-14,-4.263256414560601e-14,-4.263256414560601e-14,-5.684341886080802e-14,-8.526512829121202e-14,-4.263256414560601e-14,-4.263256414560601e-14,-4.263256414560601e-14,0.0,-3.2482296330775426,-2.016969119138878,-1.230710036939115,-0.20875193841064288,0.494043380397045,0.49404859112364363,1.9508104083966913,2.6436377442765604,2.2071458011130574,2.498852431676383,2.119736689412804,0.6933432214338637,0.492337634481828,0.30866627424778414,3.340917433442229,4.379063244148696,4.447336510153875,1.8866932690850575,1.7231115919309303,1.866117683203683,4.055517655614167,4.294289757442627,-0.8018971016170724,-2.0612946804293415,-3.190420082000145,-7.985168583353968,-4.263256414560601e-14,-4.263256414560601e-14,0.5095235717291047,0.5889124834366868,0.5122851506828283,-0.365600240484099,-1.0707583652665846,-0.5907606543719623,-0.16856731597945895,1.9942703275079339,-0.7137621500168905,0.08653136169955644,0.05925134681972111,2.156290920977696,2.842691551222387,3.5088704279848884,4.324442220455282,4.755356376267812,5.021805678414097,-1.4210854715202004e-14,-2.842170943040401e-14,-1.4210854715202004e-14,-1.4210854715202004e-14,-1.4210854715202004e-14,-1.4210854715202004e-14,-2.842170943040401e-14,-2.842170943040401e-14,0.8724514293897698,0.9152881199764238,0.0,-2.752829915086366,-3.2324584440001303,-1.4814417436178218,-0.23830550518361804,-0.44808369137020776,-0.6851173134053141,-1.4009651186187781,0.0,0.0,0.0,0.0,0.0,0.0,0.0,0.0,0.0,0.0,0.0,0.0,0.0,0.0,0.0,0.0,-0.48389992417111927,0.0,0.0,-0.2729874726773289,-0.9977994491815849,-0.9087016395809187,-0.922307988552042,-3.638166989965029,-2.935644652399347,-2.951127100294876,1.8858816079617142,1.9958546548480456,1.1312033184437702,3.2393593912972847,3.299979315015541,0.0,0.0,0.0,0.0,0.0,0.0,0.0,0.0,0.0,0.0,0.0,0.0,0.0,0.0,0.0,0.0,0.0,0.0,0.0,0.0,0.0,0.0,0.0,0.0,0.0,0.0
179,0.0,0.0,0.0,0.0,0.0,0.0,0.0,0.0,0.0,0.0,0.0,0.0,0.0,0.0,0.0,0.0,0.0,0.0,0.0,-1.4210854715202004e-14,-1.4210854715202004e-14,-1.4210854715202004e-14,-1.4210854715202004e-14,-1.4210854715202004e-14,-0.2444038115034033,1.8103640652196304,2.8876225233384076,2.9966270081579864,2.7173148020584676,2.7295546607163033,2.243706699796178,2.3904028577044585,3.0710531672028196,4.601449418896067,4.561957955375959,4.6066775834705425,4.616308090223839,-2.842170943040401e-14,-4.263256414560601e-14,-4.263256414560601e-14,-4.263256414560601e-14,-4.263256414560601e-14,-4.263256414560601e-14,-4.263256414560601e-14,-2.842170943040401e-14,-2.842170943040401e-14,-2.842170943040401e-14,-2.842170943040401e-14,-2.842170943040401e-14,-2.842170943040401e-14,0.0,0.0,0.0,0.0,2.842170943040401e-14,-2.842170943040401e-14,-2.842170943040401e-14,-2.842170943040401e-14,-4.263256414560601e-14,-2.842170943040401e-14,-2.842170943040401e-14,0.09269023029136747,0.6571490746990349,1.5852683827100833,2.4198545683454995,4.8702436480561175,4.96881938645123,3.9899340697320724,3.7800044237192765,5.09586110822076,5.108598044231059,5.091154626288784,-4.263256414560601e-14,-4.263256414560601e-14,-4.263256414560601e-14,-4.263256414560601e-14,-5.684341886080802e-14,-8.526512829121202e-14,-4.263256414560601e-14,-4.263256414560601e-14,-5.684341886080802e-14,0.0,-3.2482296330775426,-2.016969119138878,-1.230710036939115,-0.20875193841064288,0.494043380397045,0.49404859112364363,1.9508104083966913,2.6436377442765604,2.2071458011130574,2.498852431676383,2.119736689412804,0.6933432214338637,0.492337634481828,0.30866627424779836,3.340917433442229,4.379063244148696,4.447336510153875,1.8866932690850575,1.7231115919309303,1.866117683203683,4.055517655614167,4.294289757442613,-0.8018971016170724,-2.0612946804293415,-3.190420082000145,-7.985168583353968,-4.263256414560601e-14,-4.263256414560601e-14,0.5095235717291047,0.5889124834366868,0.5122851506828283,-0.365600240484099,-1.0707583652665846,-0.5907606543719623,-0.16856731597945895,1.9942703275079339,-0.7137621500168905,0.08653136169955644,0.05925134681972111,2.156290920977696,2.842691551222387,3.5088704279848884,4.324442220455282,4.755356376267812,5.021805678414097,-1.4210854715202004e-14,-2.842170943040401e-14,-1.4210854715202004e-14,-1.4210854715202004e-14,-1.4210854715202004e-14,-1.4210854715202004e-14,-2.842170943040401e-14,-2.842170943040401e-14,0.8724514293897698,0.9152881199764238,0.0,-2.752829915086366,-3.2324584440001303,-1.4814417436178218,-0.23830550518361804,-0.44808369137020776,-0.6851173134053141,-1.4009651186187853,0.0,0.0,0.0,0.0,0.0,0.0,0.0,0.0,0.0,0.0,0.0,0.0,0.0,0.0,0.0,0.0,-0.48389992417111927,0.0,0.0,-0.2729874726773289,-0.9977994491815849,-0.9087016395809187,-0.922307988552042,-3.638166989965029,-2.935644652399347,-2.951127100294876,1.8858816079617142,1.9958546548480456,1.1312033184437738,3.239359391297292,3.2999793150155483,0.0,0.0,0.0,0.0,0.0,0.0,0.0,0.0,0.0,0.0,0.0,0.0,0.0,0.0,0.0,0.0,0.0,0.0,0.0,0.0,0.0,0.0,0.0,0.0,0.0,0.0
180,0.0,0.0,0.0,0.0,0.0,0.0,0.0,0.0,0.0,0.0,0.0,0.0,0.0,0.0,0.0,0.0,0.0,0.0,0.0,-1.4210854715202004e-14,-1.4210854715202004e-14,-1.4210854715202004e-14,-1.4210854715202004e-14,-1.4210854715202004e-14,-0.2444038115034033,1.8103640652196304,2.887622523338422,2.996627008158015,2.717314802058496,2.72955466071636,2.2437066997962347,2.3904028577045153,3.0710531672028765,4.601449418896124,4.561957955376016,4.606677583470599,4.616308090223896,-2.842170943040401e-14,-4.263256414560601e-14,-4.263256414560601e-14,-4.263256414560601e-14,-4.263256414560601e-14,-2.842170943040401e-14,0.0,0.0,0.0,0.0,0.0,0.0,0.0,0.0,0.0,0.0,0.0,2.842170943040401e-14,0.0,0.0,0.0,-5.684341886080802e-14,-5.684341886080802e-14,-5.684341886080802e-14,0.09269023029136747,0.6571490746990492,1.5852683827100975,2.4198545683455137,4.8702436480561175,4.96881938645123,3.9899340697320724,3.7800044237192765,5.09586110822076,5.108598044231059,5.091154626288784,-4.263256414560601e-14,-4.263256414560601e-14,-5.684341886080802e-14,-5.684341886080802e-14,-5.684341886080802e-14,-8.526512829121202e-14,-4.263256414560601e-14,-2.842170943040401e-14,-2.842170943040401e-14,0.0,-3.2482296330775426,-2.016969119138878,-1.230710036939115,-0.20875193841064288,0.494043380397045,0.49404859112364363,1.9508104083966913,2.6436377442765604,2.2071458011130574,2.498852431676383,2.119736689412804,0.6933432214338637,0.492337634481828,0.30866627424776993,3.340917433442243,4.3790632441487105,4.447336510153889,1.8866932690850433,1.7231115919309445,1.8661176832036972,4.055517655614182,4.294289757442641,-0.8018971016170724,-2.0612946804293415,-3.190420082000145,-7.985168583353953,-4.263256414560601e-14,-4.263256414560601e-14,0.5095235717291047,0.5889124834366868,0.5122851506828283,-0.365600240484099,-1.0707583652665846,-0.5907606543719623,-0.16856731597945895,1.9942703275079339,-0.7137621500168905,0.08653136169955644,0.05925134681972111,2.1562909209777104,2.8426915512224014,3.5088704279849026,4.324442220455296,4.755356376267827,5.021805678414111,-1.4210854715202004e-14,-2.842170943040401e-14,-1.4210854715202004e-14,-1.4210854715202004e-14,-1.4210854715202004e-14,-1.4210854715202004e-14,-1.4210854715202004e-14,-1.4210854715202004e-14,0.8724514293897698,0.9152881199764238,0.0,-2.752829915086366,-3.2324584440001303,-1.4814417436178218,-0.23830550518361804,-0.44808369137020065,-0.6851173134052999,-1.400965118618771,0.0,0.0,0.0,0.0,0.0,0.0,0.0,0.0,0.0,0.0,0.0,0.0,0.0,0.0,0.0,0.0,-0.48389992417111216,0.0,0.0,-0.2729874726773289,-0.9977994491815849,-0.9087016395809187,-0.922307988552042,-3.638166989965029,-2.935644652399347,-2.951127100294876,1.8858816079617142,1.9958546548480385,1.1312033184437738,3.239359391297292,3.2999793150155483,0.0,0.0,0.0,0.0,0.0,0.0,0.0,0.0,0.0,0.0,0.0,0.0,0.0,0.0,0.0,0.0,0.0,0.0,0.0,0.0,0.0,0.0,0.0,0.0,0.0,0.0
181,0.0,0.0,0.0,0.0,0.0,0.0,0.0,0.0,0.0,0.0,0.0,0.0,0.0,0.0,0.0,0.0,0.0,0.0,0.0,-1.4210854715202004e-14,-1.4210854715202004e-14,-1.4210854715202004e-14,-1.4210854715202004e-14,-1.4210854715202004e-14,-0.2444038115034033,1.8103640652196304,2.8876225233384076,2.9966270081579864,2.7173148020584676,2.7295546607163033,2.243706699796178,2.3904028577044585,3.0710531672028196,4.601449418896067,4.561957955375959,4.6066775834705425,4.616308090223839,-2.842170943040401e-14,-4.263256414560601e-14,-4.263256414560601e-14,-4.263256414560601e-14,-4.263256414560601e-14,-5.684341886080802e-14,-2.842170943040401e-14,-2.842170943040401e-14,-2.842170943040401e-14,-2.842170943040401e-14,-2.842170943040401e-14,-2.842170943040401e-14,-2.842170943040401e-14,0.0,0.0,0.0,0.0,2.842170943040401e-14,-2.842170943040401e-14,-2.842170943040401e-14,-2.842170943040401e-14,-2.842170943040401e-14,-2.842170943040401e-14,-2.842170943040401e-14,0.09269023029136747,0.6571490746990349,1.5852683827100833,2.4198545683454995,4.8702436480561175,4.96881938645123,3.9899340697320724,3.7800044237192765,5.09586110822076,5.108598044231059,5.091154626288784,-4.263256414560601e-14,-5.684341886080802e-14,-5.684341886080802e-14,-5.684341886080802e-14,-5.684341886080802e-14,-8.526512829121202e-14,-4.263256414560601e-14,-2.842170943040401e-14,-2.842170943040401e-14,0.0,-3.2482296330775426,-2.016969119138878,-1.230710036939115,-0.20875193841064288,0.494043380397045,0.49404859112364363,1.9508104083966913,2.6436377442765604,2.2071458011130574,2.498852431676383,2.119736689412804,0.6933432214338495,0.492337634481828,0.30866627424776993,3.3409174334422147,4.379063244148682,4.4473365101538604,1.8866932690850575,1.7231115919309445,1.8661176832036972,4.055517655614182,4.294289757442641,-0.8018971016170724,-2.0612946804293415,-3.190420082000145,-7.985168583353968,-4.263256414560601e-14,-4.263256414560601e-14,0.5095235717291047,0.5889124834366868,0.5122851506828283,-0.365600240484099,-1.0707583652665846,-0.5907606543719623,-0.16856731597945895,1.9942703275079339,-0.7137621500168905,0.08653136169955644,0.05925134681972111,2.156290920977696,2.842691551222387,3.5088704279848884,4.324442220455282,4.755356376267812,5.021805678414097,-1.4210854715202004e-14,-2.842170943040401e-14,-1.4210854715202004e-14,-1.4210854715202004e-14,-1.4210854715202004e-14,-1.4210854715202004e-14,-2.842170943040401e-14,-2.842170943040401e-14,0.8724514293897698,0.9152881199764238,0.0,-2.752829915086366,-3.2324584440001303,-1.4814417436178218,-0.23830550518361804,-0.44808369137020065,-0.6851173134052999,-1.400965118618771,0.0,0.0,0.0,0.0,0.0,0.0,0.0,0.0,0.0,0.0,0.0,0.0,0.0,0.0,0.0,0.0,-0.48389992417112637,0.0,0.0,-0.2729874726773289,-0.9977994491815849,-0.9087016395809187,-0.922307988552042,-3.638166989965029,-2.935644652399347,-2.951127100294876,1.8858816079617142,1.9958546548480385,1.1312033184437738,3.239359391297292,3.2999793150155483,0.0,0.0,0.0,0.0,0.0,0.0,0.0,0.0,0.0,0.0,0.0,0.0,0.0,0.0,0.0,0.0,0.0,0.0,0.0,0.0,0.0,0.0,0.0,0.0,0.0,0.0
182,0.0,0.0,0.0,0.0,0.0,0.0,0.0,0.0,0.0,0.0,0.0,0.0,0.0,0.0,0.0,0.0,0.0,0.0,0.0,-1.4210854715202004e-14,-1.4210854715202004e-14,-1.4210854715202004e-14,-1.4210854715202004e-14,-1.4210854715202004e-14,-0.2444038115034033,1.8103640652196304,2.8876225233384076,2.9966270081579864,2.717314802058482,2.729554660716346,2.2437066997962347,2.390402857704501,3.0710531672028623,4.601449418896124,4.561957955376016,4.606677583470599,4.616308090223896,-2.842170943040401e-14,-4.263256414560601e-14,-4.263256414560601e-14,-4.263256414560601e-14,-4.263256414560601e-14,-4.263256414560601e-14,-4.263256414560601e-14,-4.263256414560601e-14,-4.263256414560601e-14,-4.263256414560601e-14,-4.263256414560601e-14,-2.842170943040401e-14,-2.842170943040401e-14,0.0,0.0,0.0,0.0,2.842170943040401e-14,-4.263256414560601e-14,-2.842170943040401e-14,-2.842170943040401e-14,-4.263256414560601e-14,-2.842170943040401e-14,-2.842170943040401e-14,0.09269023029136747,0.6571490746990349,1.5852683827100833,2.4198545683454995,4.8702436480561175,4.968819386451258,3.989934069732115,3.7800044237193333,5.09586110822076,5.108598044231059,5.091154626288784,-4.263256414560601e-14,-4.263256414560601e-14,-4.263256414560601e-14,-4.263256414560601e-14,-5.684341886080802e-14,-5.684341886080802e-14,-4.263256414560601e-14,-4.263256414560601e-14,-4.263256414560601e-14,0.0,-3.2482296330775355,-2.0169691191388637,-1.230710036939108,-0.20875193841064288,0.494043380397045,0.49404859112364363,1.9508104083966913,2.6436377442765604,2.2071458011130574,2.498852431676383,2.119736689412804,0.6933432214338637,0.492337634481828,0.30866627424778414,3.340917433442229,4.379063244148696,4.447336510153875,1.8866932690850575,1.7231115919309303,1.866117683203683,4.055517655614182,4.294289757442641,-0.8018971016170724,-2.0612946804293415,-3.190420082000145,-7.985168583353968,-4.263256414560601e-14,-4.263256414560601e-14,0.5095235717291047,0.5889124834366868,0.5122851506828283,-0.365600240484099,-1.0707583652665846,-0.5907606543719623,-0.16856731597945895,1.9942703275079339,-0.7137621500168905,0.08653136169955644,0.05925134681972111,2.1562909209777104,2.8426915512224014,3.5088704279849026,4.324442220455296,4.755356376267827,5.021805678414111,-1.4210854715202004e-14,-2.842170943040401e-14,-1.4210854715202004e-14,-1.4210854715202004e-14,-1.4210854715202004e-14,-1.4210854715202004e-14,-2.842170943040401e-14,-2.842170943040401e-14,0.8724514293897698,0.9152881199764238,0.0,-2.7528299150863447,-3.232458444000109,-1.4814417436178005,-0.23830550518359672,-0.44808369137020776,-0.6851173134053141,-1.4009651186187853,0.0,0.0,0.0,0.0,0.0,0.0,0.0,0.0,0.0,0.0,0.0,0.0,0.0,0.0,0.0,0.0,-0.48389992417112637,0.0,0.0,-0.2729874726773325,-0.9977994491815849,-0.9087016395809187,-0.922307988552042,-3.638166989965029,-2.935644652399347,-2.951127100294876,1.8858816079617142,1.9958546548480456,1.1312033184437702,3.2393593912972847,3.299979315015541,0.0,0.0,0.0,0.0,0.0,0.0,0.0,0.0,0.0,0.0,0.0,0.0,0.0,0.0,0.0,0.0,0.0,0.0,0.0,0.0,0.0,0.0,0.0,0.0,0.0,0.0
183,0.0,0.0,0.0,0.0,0.0,0.0,0.0,0.0,0.0,0.0,0.0,0.0,0.0,0.0,0.0,0.0,0.0,0.0,0.0,-1.4210854715202004e-14,-1.4210854715202004e-14,-1.4210854715202004e-14,-1.4210854715202004e-14,-1.4210854715202004e-14,-0.2444038115034033,1.8103640652196304,2.8876225233384076,2.9966270081579864,2.717314802058482,2.729554660716346,2.2437066997962347,2.3904028577045153,3.0710531672028765,4.601449418896124,4.561957955376016,4.606677583470599,4.616308090223896,-2.842170943040401e-14,-4.263256414560601e-14,-4.263256414560601e-14,-4.263256414560601e-14,-4.263256414560601e-14,-4.263256414560601e-14,-4.263256414560601e-14,-4.263256414560601e-14,-4.263256414560601e-14,-4.263256414560601e-14,-2.842170943040401e-14,-2.842170943040401e-14,-2.842170943040401e-14,0.0,0.0,0.0,0.0,2.842170943040401e-14,-4.263256414560601e-14,-2.842170943040401e-14,-2.842170943040401e-14,-4.263256414560601e-14,-2.842170943040401e-14,-2.842170943040401e-14,0.09269023029136747,0.6571490746990349,1.5852683827100833,2.4198545683454995,4.8702436480561175,4.968819386451258,3.989934069732115,3.7800044237193333,5.09586110822076,5.108598044231059,5.091154626288784,-4.263256414560601e-14,-4.263256414560601e-14,-4.263256414560601e-14,-4.263256414560601e-14,-5.684341886080802e-14,-5.684341886080802e-14,-4.263256414560601e-14,-4.263256414560601e-14,-4.263256414560601e-14,0.0,-3.2482296330775426,-2.016969119138871,-1.230710036939108,-0.20875193841062867,0.4940433803970592,0.49404859112365784,1.9508104083967055,2.6436377442765746,2.2071458011130716,2.498852431676397,2.119736689412818,0.6933432214338779,0.4923376344818422,0.30866627424779836,3.340917433442229,4.379063244148696,4.447336510153875,1.8866932690850575,1.7231115919309303,1.866117683203683,4.055517655614196,4.294289757442655,-0.8018971016170724,-2.0612946804293415,-3.190420082000145,-7.985168583353968,-4.263256414560601e-14,-4.263256414560601e-14,0.5095235717291189,0.588912483436701,0.5122851506828425,-0.3656002404840848,-1.0707583652665704,-0.5907606543719481,-0.16856731597944474,1.994270327507948,-0.7137621500168905,0.08653136169955644,0.05925134681972111,2.1562909209777104,2.8426915512224014,3.5088704279849026,4.324442220455296,4.755356376267827,5.021805678414111,-1.4210854715202004e-14,-2.842170943040401e-14,-1.4210854715202004e-14,-1.4210854715202004e-14,-1.4210854715202004e-14,-1.4210854715202004e-14,-2.842170943040401e-14,-2.842170943040401e-14,0.872451429389784,0.915288119976438,0.0,-2.7528299150863518,-3.232458444000116,-1.4814417436178218,-0.23830550518361804,-0.44808369137020776,-0.6851173134053141,-1.4009651186187853,0.0,0.0,0.0,0.0,0.0,0.0,0.0,0.0,0.0,0.0,0.0,0.0,0.0,0.0,0.0,0.0,-0.48389992417111927,0.0,0.0,-0.2729874726773289,-0.9977994491815849,-0.9087016395809187,-0.922307988552042,-3.638166989965029,-2.935644652399347,-2.951127100294876,1.8858816079617142,1.9958546548480456,1.1312033184437738,3.239359391297292,3.2999793150155483,0.0,0.0,0.0,0.0,0.0,0.0,0.0,0.0,0.0,0.0,0.0,0.0,0.0,0.0,0.0,0.0,0.0,0.0,0.0,0.0,0.0,0.0,0.0,0.0,0.0,0.0
184,0.0,0.0,0.0,0.0,0.0,0.0,0.0,0.0,0.0,0.0,0.0,0.0,0.0,0.0,0.0,0.0,0.0,0.0,0.0,-1.4210854715202004e-14,-1.4210854715202004e-14,-1.4210854715202004e-14,-1.4210854715202004e-14,-1.4210854715202004e-14,-0.2444038115034033,1.8103640652196304,2.8876225233384076,2.9966270081579864,2.717314802058482,2.729554660716346,2.2437066997962205,2.390402857704487,3.071053167202848,4.601449418896095,4.561957955375988,4.606677583470571,4.616308090223868,-2.842170943040401e-14,-4.263256414560601e-14,-4.263256414560601e-14,-4.263256414560601e-14,-4.263256414560601e-14,-4.263256414560601e-14,-4.263256414560601e-14,-4.263256414560601e-14,-4.263256414560601e-14,-4.263256414560601e-14,-5.684341886080802e-14,-5.684341886080802e-14,-5.684341886080802e-14,-5.684341886080802e-14,-5.684341886080802e-14,-5.684341886080802e-14,-5.684341886080802e-14,-2.842170943040401e-14,-4.263256414560601e-14,-2.842170943040401e-14,-5.684341886080802e-14,-5.684341886080802e-14,-5.684341886080802e-14,-5.684341886080802e-14,0.09269023029136747,0.6571490746990492,1.5852683827100975,2.4198545683455137,4.870243648056132,4.968819386451273,3.9899340697321293,3.7800044237193475,5.095861108220774,5.108598044231073,5.091154626288798,-4.263256414560601e-14,-4.263256414560601e-14,-4.263256414560601e-14,-4.263256414560601e-14,-2.842170943040401e-14,-2.842170943040401e-14,-4.263256414560601e-14,-4.263256414560601e-14,-4.263256414560601e-14,0.0,-3.2482296330775426,-2.016969119138871,-1.2307100369391009,-0.20875193841062867,0.4940433803970592,0.49404859112365784,1.9508104083967055,2.6436377442765746,2.2071458011130716,2.498852431676397,2.119736689412818,0.6933432214338779,0.4923376344818422,0.30866627424779836,3.340917433442243,4.3790632441487105,4.447336510153889,1.8866932690850575,1.7231115919309303,1.866117683203683,4.055517655614182,4.294289757442641,-0.8018971016170724,-2.0612946804293415,-3.190420082000145,-7.985168583353953,-4.263256414560601e-14,-4.263256414560601e-14,0.5095235717291189,0.588912483436701,0.5122851506828425,-0.3656002404840848,-1.0707583652665704,-0.5907606543719481,-0.16856731597944474,1.994270327507948,-0.7137621500168905,0.08653136169955644,0.05925134681972111,2.1562909209777246,2.8426915512224156,3.5088704279849168,4.32444222045531,4.755356376267841,5.021805678414125,-1.4210854715202004e-14,-2.842170943040401e-14,-1.4210854715202004e-14,-1.4210854715202004e-14,-1.4210854715202004e-14,-1.4210854715202004e-14,-1.4210854715202004e-14,-1.4210854715202004e-14,0.872451429389784,0.915288119976438,0.0,-2.7528299150863518,-3.232458444000116,-1.4814417436178076,-0.23830550518360383,-0.44808369137020776,-0.6851173134053141,-1.4009651186187853,0.0,0.0,0.0,0.0,0.0,0.0,0.0,0.0,0.0,0.0,0.0,0.0,0.0,0.0,0.0,0.0,-0.48389992417111927,0.0,0.0,-0.2729874726773289,-0.9977994491815849,-0.9087016395809187,-0.922307988552042,-3.638166989965029,-2.935644652399347,-2.951127100294876,1.8858816079617142,1.9958546548480456,1.1312033184437738,3.239359391297292,3.2999793150155483,0.0,0.0,0.0,0.0,0.0,0.0,0.0,0.0,0.0,0.0,0.0,0.0,0.0,0.0,0.0,0.0,0.0,0.0,0.0,0.0,0.0,0.0,0.0,0.0,0.0,0.0
185,0.0,0.0,0.0,0.0,0.0,0.0,0.0,0.0,0.0,0.0,0.0,0.0,0.0,0.0,0.0,0.0,0.0,0.0,0.0,-1.4210854715202004e-14,-1.4210854715202004e-14,-1.4210854715202004e-14,-1.4210854715202004e-14,-1.4210854715202004e-14,-0.2444038115034033,1.8103640652196304,2.8876225233384076,2.9966270081579864,2.717314802058482,2.729554660716346,2.2437066997962347,2.3904028577045153,3.0710531672028765,4.601449418896124,4.561957955376016,4.606677583470599,4.616308090223896,-2.842170943040401e-14,-4.263256414560601e-14,-4.263256414560601e-14,-4.263256414560601e-14,-4.263256414560601e-14,-4.263256414560601e-14,-4.263256414560601e-14,-4.263256414560601e-14,-4.263256414560601e-14,-4.263256414560601e-14,-5.684341886080802e-14,-5.684341886080802e-14,-5.684341886080802e-14,-5.684341886080802e-14,-5.684341886080802e-14,-5.684341886080802e-14,-5.684341886080802e-14,-2.842170943040401e-14,-4.263256414560601e-14,-2.842170943040401e-14,-5.684341886080802e-14,-5.684341886080802e-14,-5.684341886080802e-14,-5.684341886080802e-14,0.09269023029136747,0.6571490746990492,1.5852683827100975,2.4198545683455137,4.870243648056132,4.968819386451273,3.9899340697321293,3.7800044237193475,5.095861108220774,5.108598044231073,5.091154626288798,-4.263256414560601e-14,-4.263256414560601e-14,-4.263256414560601e-14,-4.263256414560601e-14,-2.842170943040401e-14,-2.842170943040401e-14,-4.263256414560601e-14,-4.263256414560601e-14,-4.263256414560601e-14,0.0,-3.2482296330775426,-2.016969119138871,-1.2307100369391009,-0.20875193841062867,0.4940433803970592,0.49404859112365784,1.9508104083967055,2.6436377442765746,2.2071458011130716,2.498852431676397,2.119736689412818,0.6933432214338779,0.4923376344818422,0.30866627424779836,3.340917433442243,4.3790632441487105,4.447336510153889,1.8866932690850575,1.7231115919309303,1.866117683203683,4.055517655614182,4.294289757442641,-0.8018971016170724,-2.0612946804293415,-3.190420082000145,-7.985168583353953,-4.263256414560601e-14,-4.263256414560601e-14,0.5095235717291189,0.588912483436701,0.5122851506828425,-0.3656002404840848,-1.0707583652665704,-0.5907606543719481,-0.16856731597944474,1.994270327507948,-0.7137621500168905,0.08653136169955644,0.05925134681972111,2.1562909209777246,2.8426915512224156,3.5088704279849168,4.32444222045531,4.755356376267841,5.021805678414125,-1.4210854715202004e-14,-2.842170943040401e-14,-1.4210854715202004e-14,-1.4210854715202004e-14,-1.4210854715202004e-14,-1.4210854715202004e-14,-1.4210854715202004e-14,-1.4210854715202004e-14,0.872451429389784,0.915288119976438,0.0,-2.7528299150863518,-3.232458444000116,-1.4814417436178076,-0.23830550518360383,-0.44808369137020776,-0.6851173134053141,-1.4009651186187853,0.0,0.0,0.0,0.0,0.0,0.0,0.0,0.0,0.0,0.0,0.0,0.0,0.0,0.0,0.0,0.0,-0.48389992417111927,0.0,0.0,-0.2729874726773289,-0.9977994491815849,-0.9087016395809187,-0.922307988552042,-3.638166989965029,-2.935644652399347,-2.951127100294876,1.8858816079617142,1.9958546548480456,1.1312033184437738,3.239359391297292,3.2999793150155483,0.0,0.0,0.0,0.0,0.0,0.0,0.0,0.0,0.0,0.0,0.0,0.0,0.0,0.0,0.0,0.0,0.0,0.0,0.0,0.0,0.0,0.0,0.0,0.0,0.0,0.0
186,0.0,0.0,0.0,0.0,0.0,0.0,0.0,0.0,0.0,0.0,0.0,0.0,0.0,0.0,0.0,0.0,0.0,0.0,0.0,-1.4210854715202004e-14,-1.4210854715202004e-14,-1.4210854715202004e-14,-1.4210854715202004e-14,-1.4210854715202004e-14,-0.2444038115034033,1.8103640652196304,2.8876225233384076,2.9966270081579864,2.717314802058482,2.729554660716346,2.2437066997962347,2.390402857704501,3.071053167202848,4.601449418896095,4.561957955375988,4.606677583470571,4.616308090223868,-2.842170943040401e-14,-4.263256414560601e-14,-4.263256414560601e-14,-4.263256414560601e-14,-4.263256414560601e-14,-4.263256414560601e-14,-4.263256414560601e-14,-4.263256414560601e-14,-4.263256414560601e-14,-4.263256414560601e-14,-4.263256414560601e-14,-2.842170943040401e-14,-2.842170943040401e-14,0.0,0.0,0.0,0.0,2.842170943040401e-14,-4.263256414560601e-14,-2.842170943040401e-14,-2.842170943040401e-14,-4.263256414560601e-14,-2.842170943040401e-14,-2.842170943040401e-14,0.09269023029136747,0.6571490746990349,1.5852683827100833,2.4198545683454995,4.8702436480561175,4.968819386451258,3.989934069732115,3.7800044237193333,5.09586110822076,5.108598044231059,5.091154626288784,-4.263256414560601e-14,-4.263256414560601e-14,-4.263256414560601e-14,-4.263256414560601e-14,-5.684341886080802e-14,-5.684341886080802e-14,-4.263256414560601e-14,-4.263256414560601e-14,-4.263256414560601e-14,0.0,-3.2482296330775355,-2.0169691191388637,-1.230710036939108,-0.20875193841064288,0.494043380397045,0.49404859112364363,1.9508104083966913,2.6436377442765604,2.2071458011130574,2.498852431676383,2.119736689412804,0.6933432214338637,0.492337634481828,0.30866627424778414,3.340917433442229,4.379063244148696,4.447336510153875,1.8866932690850575,1.7231115919309303,1.866117683203683,4.055517655614182,4.294289757442641,-0.8018971016170724,-2.0612946804293415,-3.190420082000145,-7.985168583353968,-4.263256414560601e-14,-4.263256414560601e-14,0.5095235717291047,0.5889124834366868,0.5122851506828283,-0.365600240484099,-1.0707583652665846,-0.5907606543719623,-0.16856731597945895,1.9942703275079339,-0.7137621500168905,0.08653136169955644,0.05925134681972111,2.1562909209777104,2.8426915512224014,3.5088704279849026,4.324442220455296,4.755356376267827,5.021805678414111,-1.4210854715202004e-14,-2.842170943040401e-14,-1.4210854715202004e-14,-1.4210854715202004e-14,-1.4210854715202004e-14,-1.4210854715202004e-14,-2.842170943040401e-14,-2.842170943040401e-14,0.8724514293897698,0.9152881199764238,0.0,-2.7528299150863447,-3.232458444000109,-1.4814417436178005,-0.23830550518358962,-0.44808369137020776,-0.6851173134053141,-1.4009651186187853,0.0,0.0,0.0,0.0,0.0,0.0,0.0,0.0,0.0,0.0,0.0,0.0,0.0,0.0,0.0,0.0,-0.48389992417112637,0.0,0.0,-0.2729874726773325,-0.9977994491815849,-0.9087016395809151,-0.9223079885520384,-3.638166989965029,-2.935644652399347,-2.951127100294876,1.8858816079617142,1.9958546548480456,1.1312033184437702,3.2393593912972847,3.299979315015541,0.0,0.0,0.0,0.0,0.0,0.0,0.0,0.0,0.0,0.0,0.0,0.0,0.0,0.0,0.0,0.0,0.0,0.0,0.0,0.0,0.0,0.0,0.0,0.0,0.0,0.0
187,0.0,0.0,0.0,0.0,0.0,0.0,0.0,0.0,0.0,0.0,0.0,0.0,0.0,0.0,0.0,0.0,0.0,0.0,0.0,-1.4210854715202004e-14,-1.4210854715202004e-14,-1.4210854715202004e-14,-1.4210854715202004e-14,-1.4210854715202004e-14,-0.2444038115034033,1.8103640652196304,2.8876225233384076,2.9966270081579864,2.717314802058482,2.729554660716346,2.2437066997962205,2.390402857704487,3.071053167202848,4.601449418896095,4.561957955375988,4.606677583470571,4.616308090223868,-2.842170943040401e-14,-4.263256414560601e-14,-4.263256414560601e-14,-4.263256414560601e-14,-4.263256414560601e-14,-4.263256414560601e-14,-4.263256414560601e-14,-4.263256414560601e-14,-4.263256414560601e-14,-4.263256414560601e-14,-5.684341886080802e-14,-5.684341886080802e-14,-5.684341886080802e-14,-2.842170943040401e-14,-2.842170943040401e-14,-2.842170943040401e-14,-2.842170943040401e-14,0.0,-4.263256414560601e-14,-2.842170943040401e-14,-5.684341886080802e-14,-5.684341886080802e-14,-5.684341886080802e-14,-5.684341886080802e-14,0.09269023029136747,0.6571490746990492,1.5852683827100975,2.4198545683455137,4.870243648056132,4.968819386451273,3.9899340697321293,3.7800044237193475,5.095861108220774,5.108598044231073,5.091154626288798,-4.263256414560601e-14,-4.263256414560601e-14,-4.263256414560601e-14,-4.263256414560601e-14,-2.842170943040401e-14,-2.842170943040401e-14,-4.263256414560601e-14,-4.263256414560601e-14,-4.263256414560601e-14,0.0,-3.2482296330775426,-2.016969119138871,-1.230710036939108,-0.20875193841062867,0.4940433803970592,0.49404859112365784,1.9508104083967055,2.6436377442765746,2.2071458011130716,2.498852431676397,2.119736689412818,0.6933432214338779,0.4923376344818422,0.30866627424779836,3.340917433442243,4.3790632441487105,4.447336510153889,1.8866932690850575,1.7231115919309303,1.866117683203683,4.055517655614182,4.294289757442641,-0.8018971016170724,-2.0612946804293415,-3.190420082000145,-7.985168583353953,-4.263256414560601e-14,-4.263256414560601e-14,0.5095235717291189,0.588912483436701,0.5122851506828425,-0.3656002404840848,-1.0707583652665704,-0.5907606543719481,-0.16856731597944474,1.994270327507948,-0.7137621500168905,0.08653136169955644,0.05925134681972111,2.1562909209777246,2.8426915512224156,3.5088704279849168,4.32444222045531,4.755356376267841,5.021805678414125,-1.4210854715202004e-14,-2.842170943040401e-14,-1.4210854715202004e-14,-1.4210854715202004e-14,-1.4210854715202004e-14,-1.4210854715202004e-14,-1.4210854715202004e-14,-1.4210854715202004e-14,0.872451429389784,0.915288119976438,0.0,-2.7528299150863518,-3.232458444000116,-1.4814417436178076,-0.23830550518360383,-0.44808369137020776,-0.6851173134053141,-1.4009651186187853,0.0,0.0,0.0,0.0,0.0,0.0,0.0,0.0,0.0,0.0,0.0,0.0,0.0,0.0,0.0,0.0,-0.48389992417111927,0.0,0.0,-0.2729874726773325,-0.9977994491815849,-0.9087016395809151,-0.922307988552042,-3.638166989965029,-2.935644652399347,-2.951127100294876,1.8858816079617142,1.9958546548480456,1.1312033184437702,3.2393593912972847,3.299979315015541,0.0,0.0,0.0,0.0,0.0,0.0,0.0,0.0,0.0,0.0,0.0,0.0,0.0,0.0,0.0,0.0,0.0,0.0,0.0,0.0,0.0,0.0,0.0,0.0,0.0,0.0
188,0.0,0.0,0.0,0.0,0.0,0.0,0.0,0.0,0.0,0.0,0.0,0.0,0.0,0.0,0.0,0.0,0.0,0.0,0.0,-1.4210854715202004e-14,-1.4210854715202004e-14,-1.4210854715202004e-14,-1.4210854715202004e-14,-1.4210854715202004e-14,-0.2444038115034033,1.8103640652196304,2.8876225233384076,2.9966270081579864,2.717314802058482,2.729554660716346,2.2437066997962347,2.3904028577045153,3.0710531672028765,4.601449418896124,4.561957955376016,4.606677583470599,4.616308090223896,-2.842170943040401e-14,-4.263256414560601e-14,-4.263256414560601e-14,-4.263256414560601e-14,-4.263256414560601e-14,-4.263256414560601e-14,-4.263256414560601e-14,-4.263256414560601e-14,-4.263256414560601e-14,-2.842170943040401e-14,-2.842170943040401e-14,-2.842170943040401e-14,-2.842170943040401e-14,0.0,0.0,0.0,0.0,2.842170943040401e-14,-4.263256414560601e-14,-5.684341886080802e-14,-5.684341886080802e-14,-5.684341886080802e-14,-5.684341886080802e-14,-5.684341886080802e-14,0.09269023029136747,0.6571490746990492,1.5852683827100975,2.4198545683455137,4.870243648056132,4.968819386451273,3.9899340697321293,3.7800044237193475,5.095861108220774,5.108598044231073,5.091154626288798,-4.263256414560601e-14,-4.263256414560601e-14,-4.263256414560601e-14,-4.263256414560601e-14,-2.842170943040401e-14,-2.842170943040401e-14,-4.263256414560601e-14,-4.263256414560601e-14,-4.263256414560601e-14,0.0,-3.2482296330775426,-2.016969119138878,-1.230710036939115,-0.20875193841064288,0.494043380397045,0.49404859112364363,1.9508104083966913,2.6436377442765604,2.2071458011130574,2.498852431676383,2.119736689412804,0.6933432214338637,0.492337634481828,0.30866627424778414,3.340917433442243,4.3790632441487105,4.447336510153889,1.8866932690850575,1.7231115919309303,1.866117683203683,4.055517655614182,4.294289757442641,-0.8018971016170724,-2.0612946804293415,-3.190420082000145,-7.985168583353953,-4.263256414560601e-14,-4.263256414560601e-14,0.5095235717291047,0.5889124834366868,0.5122851506828283,-0.365600240484099,-1.0707583652665846,-0.5907606543719623,-0.16856731597945895,1.9942703275079339,-0.7137621500168905,0.08653136169955644,0.05925134681972111,2.1562909209777104,2.8426915512224014,3.5088704279849026,4.324442220455296,4.755356376267827,5.021805678414111,-1.4210854715202004e-14,-2.842170943040401e-14,-1.4210854715202004e-14,-1.4210854715202004e-14,-1.4210854715202004e-14,-1.4210854715202004e-14,-1.4210854715202004e-14,-1.4210854715202004e-14,0.8724514293897698,0.9152881199764238,0.0,-2.7528299150863518,-3.232458444000123,-1.4814417436178218,-0.23830550518361804,-0.44808369137020776,-0.6851173134053141,-1.4009651186187853,0.0,0.0,0.0,0.0,0.0,0.0,0.0,0.0,0.0,0.0,0.0,0.0,0.0,0.0,0.0,0.0,-0.48389992417111927,0.0,0.0,-0.2729874726773289,-0.9977994491815814,-0.908701639580908,-0.9223079885520349,-3.638166989965022,-2.93564465239934,-2.951127100294869,1.8858816079617213,1.9958546548480527,1.1312033184437702,3.2393593912972847,3.299979315015541,0.0,0.0,0.0,0.0,0.0,0.0,0.0,0.0,0.0,0.0,0.0,0.0,0.0,0.0,0.0,0.0,0.0,0.0,0.0,0.0,0.0,0.0,0.0,0.0,0.0,0.0
189,0.0,0.0,0.0,0.0,0.0,0.0,0.0,0.0,0.0,0.0,0.0,0.0,0.0,0.0,0.0,0.0,0.0,0.0,0.0,-1.4210854715202004e-14,-1.4210854715202004e-14,-1.4210854715202004e-14,-1.4210854715202004e-14,-1.4210854715202004e-14,-0.2444038115034033,1.8103640652196304,2.8876225233384076,2.9966270081579864,2.717314802058482,2.72955466071636,2.2437066997962347,2.3904028577045153,3.0710531672028765,4.601449418896124,4.561957955376016,4.606677583470599,4.616308090223896,-2.842170943040401e-14,-4.263256414560601e-14,-4.263256414560601e-14,-4.263256414560601e-14,-4.263256414560601e-14,-4.263256414560601e-14,-4.263256414560601e-14,-4.263256414560601e-14,-2.842170943040401e-14,-2.842170943040401e-14,-2.842170943040401e-14,-2.842170943040401e-14,-2.842170943040401e-14,-2.842170943040401e-14,-2.842170943040401e-14,-2.842170943040401e-14,-2.842170943040401e-14,0.0,-2.842170943040401e-14,-2.842170943040401e-14,-2.842170943040401e-14,-5.684341886080802e-14,-5.684341886080802e-14,-5.684341886080802e-14,0.09269023029136747,0.6571490746990492,1.5852683827100975,2.4198545683455137,4.870243648056132,4.968819386451273,3.9899340697321293,3.7800044237193333,5.09586110822076,5.108598044231059,5.091154626288784,-4.263256414560601e-14,-4.263256414560601e-14,-4.263256414560601e-14,-4.263256414560601e-14,-2.842170943040401e-14,-5.684341886080802e-14,-4.263256414560601e-14,-4.263256414560601e-14,-4.263256414560601e-14,0.0,-3.2482296330775426,-2.016969119138878,-1.230710036939115,-0.20875193841064288,0.494043380397045,0.49404859112364363,1.9508104083966913,2.6436377442765604,2.2071458011130574,2.498852431676383,2.119736689412804,0.6933432214338637,0.492337634481828,0.30866627424778414,3.340917433442243,4.3790632441487105,4.447336510153889,1.8866932690850575,1.7231115919309303,1.866117683203683,4.055517655614182,4.294289757442641,-0.8018971016170724,-2.0612946804293415,-3.190420082000145,-7.985168583353953,-4.263256414560601e-14,-4.263256414560601e-14,0.5095235717291047,0.5889124834366868,0.5122851506828283,-0.365600240484099,-1.0707583652665846,-0.5907606543719623,-0.16856731597945895,1.9942703275079339,-0.7137621500168905,0.08653136169955644,0.05925134681972111,2.1562909209777104,2.8426915512224014,3.5088704279849026,4.324442220455296,4.755356376267827,5.021805678414111,-1.4210854715202004e-14,-2.842170943040401e-14,-1.4210854715202004e-14,-1.4210854715202004e-14,-1.4210854715202004e-14,-1.4210854715202004e-14,-1.4210854715202004e-14,-1.4210854715202004e-14,0.8724514293897698,0.9152881199764238,0.0,-2.752829915086366,-3.2324584440001303,-1.4814417436178218,-0.23830550518361804,-0.44808369137020776,-0.6851173134053141,-1.4009651186187781,0.0,0.0,0.0,0.0,0.0,0.0,0.0,0.0,0.0,0.0,0.0,0.0,0.0,0.0,0.0,0.0,-0.48389992417111927,0.0,0.0,-0.2729874726773289,-0.9977994491815849,-0.9087016395809187,-0.922307988552042,-3.638166989965029,-2.935644652399347,-2.951127100294876,1.8858816079617142,1.9958546548480456,1.1312033184437702,3.239359391297292,3.2999793150155483,0.0,0.0,0.0,0.0,0.0,0.0,0.0,0.0,0.0,0.0,0.0,0.0,0.0,0.0,0.0,0.0,0.0,0.0,0.0,0.0,0.0,0.0,0.0,0.0,0.0,0.0
190,0.0,0.0,0.0,0.0,0.0,0.0,0.0,0.0,0.0,0.0,0.0,0.0,0.0,0.0,0.0,0.0,0.0,0.0,0.0,-1.4210854715202004e-14,-1.4210854715202004e-14,-1.4210854715202004e-14,-1.4210854715202004e-14,-1.4210854715202004e-14,-0.2444038115034033,1.8103640652196304,2.8876225233384076,2.9966270081579864,2.717314802058482,2.7295546607163317,2.2437066997962063,2.390402857704487,3.071053167202848,4.601449418896095,4.561957955375988,4.606677583470571,4.616308090223868,-2.842170943040401e-14,-4.263256414560601e-14,-4.263256414560601e-14,-4.263256414560601e-14,-4.263256414560601e-14,-4.263256414560601e-14,-4.263256414560601e-14,-5.684341886080802e-14,-5.684341886080802e-14,-5.684341886080802e-14,-5.684341886080802e-14,-5.684341886080802e-14,-5.684341886080802e-14,-5.684341886080802e-14,-5.684341886080802e-14,-5.684341886080802e-14,-5.684341886080802e-14,-2.842170943040401e-14,-5.684341886080802e-14,-5.684341886080802e-14,-5.684341886080802e-14,-5.684341886080802e-14,-5.684341886080802e-14,-5.684341886080802e-14,0.09269023029136747,0.6571490746990492,1.5852683827100975,2.4198545683455137,4.870243648056146,4.968819386451258,3.989934069732101,3.780004423719305,5.095861108220788,5.108598044231087,5.091154626288812,-4.263256414560601e-14,-4.263256414560601e-14,-4.263256414560601e-14,-4.263256414560601e-14,-2.842170943040401e-14,-5.684341886080802e-14,-4.263256414560601e-14,-4.263256414560601e-14,-5.684341886080802e-14,0.0,-3.2482296330775426,-2.016969119138878,-1.230710036939115,-0.20875193841064288,0.494043380397045,0.49404859112364363,1.9508104083966913,2.6436377442765604,2.2071458011130574,2.498852431676383,2.119736689412804,0.6933432214338637,0.492337634481828,0.30866627424776993,3.340917433442243,4.379063244148696,4.447336510153875,1.8866932690850575,1.7231115919309303,1.866117683203683,4.055517655614182,4.294289757442641,-0.8018971016170724,-2.0612946804293415,-3.190420082000145,-7.985168583353953,-4.263256414560601e-14,-4.263256414560601e-14,0.5095235717291047,0.5889124834366868,0.5122851506828283,-0.365600240484099,-1.0707583652665846,-0.5907606543719623,-0.16856731597945895,1.9942703275079339,-0.7137621500168905,0.08653136169955644,0.05925134681972111,2.1562909209777104,2.8426915512224014,3.5088704279849026,4.324442220455296,4.755356376267827,5.021805678414111,-1.4210854715202004e-14,-2.842170943040401e-14,-1.4210854715202004e-14,-1.4210854715202004e-14,-1.4210854715202004e-14,-1.4210854715202004e-14,-1.4210854715202004e-14,-1.4210854715202004e-14,0.8724514293897698,0.9152881199764238,0.0,-2.752829915086366,-3.2324584440001303,-1.4814417436178218,-0.23830550518361804,-0.44808369137020065,-0.6851173134052999,-1.400965118618771,0.0,0.0,0.0,0.0,0.0,0.0,0.0,0.0,0.0,0.0,0.0,0.0,0.0,0.0,0.0,0.0,-0.48389992417111927,0.0,0.0,-0.2729874726773289,-0.9977994491815849,-0.9087016395809187,-0.922307988552042,-3.638166989965029,-2.935644652399347,-2.951127100294876,1.8858816079617142,1.9958546548480456,1.1312033184437738,3.239359391297292,3.2999793150155483,0.0,0.0,0.0,0.0,0.0,0.0,0.0,0.0,0.0,0.0,0.0,0.0,0.0,0.0,0.0,0.0,0.0,0.0,0.0,0.0,0.0,0.0,0.0,0.0,0.0,0.0
191,0.0,0.0,0.0,0.0,0.0,0.0,0.0,0.0,0.0,0.0,0.0,0.0,0.0,0.0,0.0,0.0,0.0,0.0,0.0,-1.4210854715202004e-14,-1.4210854715202004e-14,-1.4210854715202004e-14,-1.4210854715202004e-14,-1.4210854715202004e-14,-0.2444038115034033,1.8103640652196304,2.8876225233384076,2.9966270081579864,2.717314802058482,2.729554660716346,2.2437066997962205,2.390402857704487,3.071053167202848,4.601449418896081,4.561957955375988,4.606677583470571,4.616308090223868,-2.842170943040401e-14,-4.263256414560601e-14,-4.263256414560601e-14,-4.263256414560601e-14,-4.263256414560601e-14,-4.263256414560601e-14,-4.263256414560601e-14,-4.263256414560601e-14,-4.263256414560601e-14,-4.263256414560601e-14,-4.263256414560601e-14,-2.842170943040401e-14,-4.263256414560601e-14,-2.842170943040401e-14,-2.842170943040401e-14,-2.842170943040401e-14,-2.842170943040401e-14,0.0,-4.263256414560601e-14,-2.842170943040401e-14,-2.842170943040401e-14,-5.684341886080802e-14,-5.684341886080802e-14,-5.684341886080802e-14,0.09269023029136747,0.6571490746990492,1.5852683827100975,2.4198545683455137,4.870243648056132,4.968819386451273,3.9899340697321293,3.7800044237193475,5.095861108220774,5.108598044231073,5.091154626288798,-4.263256414560601e-14,-4.263256414560601e-14,-4.263256414560601e-14,-4.263256414560601e-14,-2.842170943040401e-14,-2.842170943040401e-14,-4.263256414560601e-14,-4.263256414560601e-14,-4.263256414560601e-14,0.0,-3.2482296330775426,-2.016969119138871,-1.230710036939115,-0.20875193841064288,0.494043380397045,0.49404859112364363,1.9508104083966913,2.6436377442765604,2.2071458011130574,2.498852431676383,2.119736689412804,0.6933432214338637,0.492337634481828,0.30866627424778414,3.340917433442243,4.3790632441487105,4.447336510153889,1.8866932690850575,1.7231115919309303,1.866117683203683,4.055517655614182,4.294289757442641,-0.8018971016170724,-2.0612946804293415,-3.190420082000145,-7.985168583353953,-4.263256414560601e-14,-4.263256414560601e-14,0.5095235717291047,0.5889124834366868,0.5122851506828283,-0.365600240484099,-1.0707583652665846,-0.5907606543719623,-0.16856731597945895,1.9942703275079339,-0.7137621500168905,0.08653136169955644,0.05925134681972111,2.1562909209777104,2.8426915512224014,3.5088704279849026,4.324442220455296,4.755356376267827,5.021805678414111,-1.4210854715202004e-14,-2.842170943040401e-14,-1.4210854715202004e-14,-1.4210854715202004e-14,-1.4210854715202004e-14,-1.4210854715202004e-14,-1.4210854715202004e-14,-1.4210854715202004e-14,0.8724514293897698,0.9152881199764238,0.0,-2.7528299150863518,-3.232458444000116,-1.4814417436178076,-0.23830550518361093,-0.44808369137020776,-0.6851173134053141,-1.4009651186187853,0.0,0.0,0.0,0.0,0.0,0.0,0.0,0.0,0.0,0.0,0.0,0.0,0.0,0.0,0.0,0.0,-0.48389992417111927,0.0,0.0,-0.2729874726773325,-0.9977994491815849,-0.9087016395809187,-0.922307988552042,-3.638166989965029,-2.935644652399347,-2.951127100294876,1.8858816079617142,1.9958546548480456,1.1312033184437702,3.239359391297292,3.2999793150155483,0.0,0.0,0.0,0.0,0.0,0.0,0.0,0.0,0.0,0.0,0.0,0.0,0.0,0.0,0.0,0.0,0.0,0.0,0.0,0.0,0.0,0.0,0.0,0.0,0.0,0.0
192,0.0,0.0,0.0,0.0,0.0,0.0,0.0,0.0,0.0,0.0,0.0,0.0,0.0,0.0,0.0,0.0,0.0,0.0,0.0,-1.4210854715202004e-14,-1.4210854715202004e-14,-1.4210854715202004e-14,-1.4210854715202004e-14,-1.4210854715202004e-14,-0.2444038115034033,1.8103640652196304,2.8876225233384076,2.9966270081579864,2.717314802058482,2.729554660716346,2.2437066997962347,2.390402857704501,3.071053167202848,4.601449418896095,4.561957955375988,4.606677583470571,4.616308090223868,-2.842170943040401e-14,-4.263256414560601e-14,-4.263256414560601e-14,-4.263256414560601e-14,-4.263256414560601e-14,-4.263256414560601e-14,-4.263256414560601e-14,-4.263256414560601e-14,-4.263256414560601e-14,-4.263256414560601e-14,-4.263256414560601e-14,-2.842170943040401e-14,-2.842170943040401e-14,-2.842170943040401e-14,-2.842170943040401e-14,-2.842170943040401e-14,-2.842170943040401e-14,0.0,-4.263256414560601e-14,-2.842170943040401e-14,-2.842170943040401e-14,-4.263256414560601e-14,-2.842170943040401e-14,-2.842170943040401e-14,0.09269023029136747,0.6571490746990349,1.5852683827100833,2.4198545683454995,4.8702436480561175,4.968819386451258,3.989934069732115,3.7800044237193333,5.09586110822076,5.108598044231059,5.091154626288784,-4.263256414560601e-14,-4.263256414560601e-14,-4.263256414560601e-14,-4.263256414560601e-14,-5.684341886080802e-14,-5.684341886080802e-14,-4.263256414560601e-14,-4.263256414560601e-14,-4.263256414560601e-14,0.0,-3.2482296330775355,-2.0169691191388637,-1.230710036939108,-0.20875193841064288,0.494043380397045,0.49404859112364363,1.9508104083966913,2.6436377442765604,2.2071458011130574,2.498852431676383,2.119736689412804,0.6933432214338637,0.492337634481828,0.30866627424778414,3.340917433442229,4.379063244148696,4.447336510153875,1.8866932690850575,1.7231115919309303,1.866117683203683,4.055517655614182,4.294289757442641,-0.8018971016170724,-2.0612946804293415,-3.190420082000145,-7.985168583353968,-4.263256414560601e-14,-4.263256414560601e-14,0.5095235717291047,0.5889124834366868,0.5122851506828283,-0.365600240484099,-1.0707583652665846,-0.5907606543719623,-0.16856731597945895,1.9942703275079339,-0.7137621500168905,0.08653136169955644,0.05925134681972111,2.1562909209777104,2.8426915512224014,3.5088704279849026,4.324442220455296,4.755356376267827,5.021805678414111,-1.4210854715202004e-14,-2.842170943040401e-14,-1.4210854715202004e-14,-1.4210854715202004e-14,-1.4210854715202004e-14,-1.4210854715202004e-14,-2.842170943040401e-14,-2.842170943040401e-14,0.8724514293897698,0.9152881199764238,0.0,-2.7528299150863447,-3.232458444000109,-1.4814417436178005,-0.23830550518358962,-0.44808369137020776,-0.6851173134053141,-1.4009651186187853,0.0,0.0,0.0,0.0,0.0,0.0,0.0,0.0,0.0,0.0,0.0,0.0,0.0,0.0,0.0,0.0,-0.48389992417112637,0.0,0.0,-0.2729874726773289,-0.9977994491815849,-0.9087016395809187,-0.922307988552042,-3.638166989965029,-2.935644652399347,-2.951127100294876,1.8858816079617142,1.9958546548480456,1.1312033184437702,3.2393593912972847,3.299979315015541,0.0,0.0,0.0,0.0,0.0,0.0,0.0,0.0,0.0,0.0,0.0,0.0,0.0,0.0,0.0,0.0,0.0,0.0,0.0,0.0,0.0,0.0,0.0,0.0,0.0,0.0
193,0.0,0.0,0.0,0.0,0.0,0.0,0.0,0.0,0.0,0.0,0.0,0.0,0.0,0.0,0.0,0.0,0.0,0.0,0.0,-1.4210854715202004e-14,-1.4210854715202004e-14,-1.4210854715202004e-14,-1.4210854715202004e-14,-1.4210854715202004e-14,-0.2444038115034033,1.8103640652196304,2.8876225233384076,2.9966270081579864,2.717314802058482,2.729554660716346,2.2437066997962205,2.390402857704487,3.071053167202848,4.601449418896095,4.561957955375988,4.606677583470571,4.616308090223868,-2.842170943040401e-14,-4.263256414560601e-14,-4.263256414560601e-14,-4.263256414560601e-14,-4.263256414560601e-14,-4.263256414560601e-14,-4.263256414560601e-14,-4.263256414560601e-14,-4.263256414560601e-14,-4.263256414560601e-14,-4.263256414560601e-14,-5.684341886080802e-14,-5.684341886080802e-14,-2.842170943040401e-14,-2.842170943040401e-14,-2.842170943040401e-14,-2.842170943040401e-14,0.0,-4.263256414560601e-14,-2.842170943040401e-14,-2.842170943040401e-14,-5.684341886080802e-14,-5.684341886080802e-14,-5.684341886080802e-14,0.09269023029136747,0.6571490746990492,1.5852683827100975,2.4198545683455137,4.870243648056132,4.968819386451273,3.9899340697321293,3.7800044237193475,5.095861108220774,5.108598044231073,5.091154626288798,-4.263256414560601e-14,-4.263256414560601e-14,-4.263256414560601e-14,-4.263256414560601e-14,-2.842170943040401e-14,-2.842170943040401e-14,-4.263256414560601e-14,-4.263256414560601e-14,-4.263256414560601e-14,0.0,-3.2482296330775426,-2.016969119138871,-1.230710036939115,-0.20875193841064288,0.494043380397045,0.49404859112364363,1.9508104083966913,2.6436377442765604,2.2071458011130574,2.498852431676383,2.119736689412804,0.6933432214338637,0.492337634481828,0.30866627424778414,3.340917433442243,4.3790632441487105,4.447336510153889,1.8866932690850575,1.7231115919309303,1.866117683203683,4.055517655614182,4.294289757442641,-0.8018971016170724,-2.0612946804293415,-3.190420082000145,-7.985168583353953,-4.263256414560601e-14,-4.263256414560601e-14,0.5095235717291047,0.5889124834366868,0.5122851506828283,-0.365600240484099,-1.0707583652665846,-0.5907606543719623,-0.16856731597945895,1.9942703275079339,-0.7137621500168905,0.08653136169955644,0.05925134681972111,2.1562909209777104,2.8426915512224014,3.5088704279849026,4.324442220455296,4.755356376267827,5.021805678414111,-1.4210854715202004e-14,-2.842170943040401e-14,-1.4210854715202004e-14,-1.4210854715202004e-14,-1.4210854715202004e-14,-1.4210854715202004e-14,-1.4210854715202004e-14,-1.4210854715202004e-14,0.8724514293897698,0.9152881199764238,0.0,-2.7528299150863518,-3.232458444000116,-1.4814417436178076,-0.23830550518360383,-0.44808369137020776,-0.6851173134053141,-1.4009651186187853,0.0,0.0,0.0,0.0,0.0,0.0,0.0,0.0,0.0,0.0,0.0,0.0,0.0,0.0,0.0,0.0,-0.48389992417111927,0.0,0.0,-0.2729874726773289,-0.9977994491815814,-0.9087016395809115,-0.9223079885520313,-3.638166989965022,-2.93564465239934,-2.951127100294869,1.8858816079617213,1.9958546548480527,1.1312033184437702,3.2393593912972847,3.299979315015541,0.0,0.0,0.0,0.0,0.0,0.0,0.0,0.0,0.0,0.0,0.0,0.0,0.0,0.0,0.0,0.0,0.0,0.0,0.0,0.0,0.0,0.0,0.0,0.0,0.0,0.0
194,0.0,0.0,0.0,0.0,0.0,0.0,0.0,0.0,0.0,0.0,0.0,0.0,0.0,0.0,0.0,0.0,0.0,0.0,0.0,-1.4210854715202004e-14,-1.4210854715202004e-14,-1.4210854715202004e-14,-1.4210854715202004e-14,-1.4210854715202004e-14,-0.2444038115034033,1.8103640652196304,2.8876225233384076,2.9966270081579864,2.717314802058482,2.729554660716346,2.2437066997962347,2.3904028577045153,3.0710531672028765,4.601449418896124,4.561957955376016,4.606677583470599,4.616308090223896,-2.842170943040401e-14,-4.263256414560601e-14,-4.263256414560601e-14,-4.263256414560601e-14,-4.263256414560601e-14,-4.263256414560601e-14,-4.263256414560601e-14,-4.263256414560601e-14,-4.263256414560601e-14,-4.263256414560601e-14,-4.263256414560601e-14,-2.842170943040401e-14,-2.842170943040401e-14,-2.842170943040401e-14,-2.842170943040401e-14,-2.842170943040401e-14,-2.842170943040401e-14,0.0,-4.263256414560601e-14,-2.842170943040401e-14,-2.842170943040401e-14,-4.263256414560601e-14,-2.842170943040401e-14,-2.842170943040401e-14,0.09269023029136747,0.6571490746990349,1.5852683827100833,2.4198545683454995,4.8702436480561175,4.968819386451258,3.989934069732115,3.7800044237193333,5.09586110822076,5.108598044231059,5.091154626288784,-4.263256414560601e-14,-4.263256414560601e-14,-4.263256414560601e-14,-4.263256414560601e-14,-5.684341886080802e-14,-5.684341886080802e-14,-4.263256414560601e-14,-4.263256414560601e-14,-4.263256414560601e-14,0.0,-3.2482296330775355,-2.0169691191388637,-1.230710036939108,-0.20875193841064288,0.494043380397045,0.49404859112364363,1.9508104083966913,2.6436377442765604,2.2071458011130574,2.498852431676383,2.119736689412804,0.6933432214338637,0.492337634481828,0.30866627424778414,3.340917433442229,4.379063244148696,4.447336510153875,1.8866932690850575,1.7231115919309303,1.866117683203683,4.055517655614182,4.294289757442641,-0.8018971016170724,-2.0612946804293415,-3.190420082000145,-7.985168583353968,-4.263256414560601e-14,-4.263256414560601e-14,0.5095235717291047,0.5889124834366868,0.5122851506828283,-0.365600240484099,-1.0707583652665846,-0.5907606543719623,-0.16856731597945895,1.9942703275079339,-0.7137621500168905,0.08653136169955644,0.05925134681972111,2.1562909209777104,2.8426915512224014,3.5088704279849026,4.324442220455296,4.755356376267827,5.021805678414111,-1.4210854715202004e-14,-2.842170943040401e-14,-1.4210854715202004e-14,-1.4210854715202004e-14,-1.4210854715202004e-14,-1.4210854715202004e-14,-2.842170943040401e-14,-2.842170943040401e-14,0.8724514293897698,0.9152881199764238,0.0,-2.7528299150863447,-3.232458444000109,-1.4814417436177933,-0.23830550518358962,-0.44808369137020776,-0.6851173134053141,-1.4009651186187853,0.0,0.0,0.0,0.0,0.0,0.0,0.0,0.0,0.0,0.0,0.0,0.0,0.0,0.0,0.0,0.0,-0.48389992417112637,0.0,0.0,-0.2729874726773325,-0.9977994491815849,-0.9087016395809151,-0.922307988552042,-3.638166989965029,-2.935644652399347,-2.951127100294876,1.8858816079617142,1.9958546548480456,1.1312033184437702,3.2393593912972847,3.2999793150155448,0.0,0.0,0.0,0.0,0.0,0.0,0.0,0.0,0.0,0.0,0.0,0.0,0.0,0.0,0.0,0.0,0.0,0.0,0.0,0.0,0.0,0.0,0.0,0.0,0.0,0.0
195,0.0,0.0,0.0,0.0,0.0,0.0,0.0,0.0,0.0,0.0,0.0,0.0,0.0,0.0,0.0,0.0,0.0,0.0,0.0,-1.4210854715202004e-14,-1.4210854715202004e-14,-1.4210854715202004e-14,-1.4210854715202004e-14,-1.4210854715202004e-14,-0.2444038115034033,1.8103640652196304,2.8876225233384076,2.9966270081579864,2.717314802058482,2.729554660716346,2.2437066997962205,2.390402857704487,3.071053167202848,4.601449418896095,4.561957955375988,4.606677583470571,4.616308090223868,-2.842170943040401e-14,-4.263256414560601e-14,-4.263256414560601e-14,-4.263256414560601e-14,-4.263256414560601e-14,-4.263256414560601e-14,-4.263256414560601e-14,-4.263256414560601e-14,-4.263256414560601e-14,-4.263256414560601e-14,-4.263256414560601e-14,-5.684341886080802e-14,-5.684341886080802e-14,-2.842170943040401e-14,-2.842170943040401e-14,-2.842170943040401e-14,-2.842170943040401e-14,0.0,-4.263256414560601e-14,-2.842170943040401e-14,-2.842170943040401e-14,-5.684341886080802e-14,-5.684341886080802e-14,-5.684341886080802e-14,0.09269023029136747,0.6571490746990492,1.5852683827100975,2.4198545683455137,4.870243648056132,4.968819386451273,3.9899340697321293,3.7800044237193475,5.095861108220774,5.108598044231073,5.091154626288798,-4.263256414560601e-14,-4.263256414560601e-14,-4.263256414560601e-14,-4.263256414560601e-14,-2.842170943040401e-14,-2.842170943040401e-14,-4.263256414560601e-14,-4.263256414560601e-14,-4.263256414560601e-14,0.0,-3.2482296330775426,-2.016969119138871,-1.230710036939115,-0.20875193841064288,0.494043380397045,0.49404859112364363,1.9508104083966913,2.6436377442765604,2.2071458011130574,2.498852431676383,2.119736689412804,0.6933432214338637,0.492337634481828,0.30866627424778414,3.340917433442243,4.3790632441487105,4.447336510153889,1.8866932690850575,1.7231115919309303,1.866117683203683,4.055517655614182,4.294289757442641,-0.8018971016170724,-2.0612946804293415,-3.190420082000145,-7.985168583353953,-4.263256414560601e-14,-4.263256414560601e-14,0.5095235717291047,0.5889124834366868,0.5122851506828283,-0.365600240484099,-1.0707583652665846,-0.5907606543719623,-0.16856731597945895,1.9942703275079339,-0.7137621500168905,0.08653136169955644,0.05925134681972111,2.1562909209777104,2.8426915512224014,3.5088704279849026,4.324442220455296,4.755356376267827,5.021805678414111,-1.4210854715202004e-14,-2.842170943040401e-14,-1.4210854715202004e-14,-1.4210854715202004e-14,-1.4210854715202004e-14,-1.4210854715202004e-14,-1.4210854715202004e-14,-1.4210854715202004e-14,0.8724514293897698,0.9152881199764238,0.0,-2.7528299150863518,-3.232458444000116,-1.4814417436178005,-0.23830550518360383,-0.44808369137020776,-0.6851173134053141,-1.4009651186187853,0.0,0.0,0.0,0.0,0.0,0.0,0.0,0.0,0.0,0.0,0.0,0.0,0.0,0.0,0.0,0.0,-0.48389992417111927,0.0,0.0,-0.2729874726773325,-0.9977994491815849,-0.9087016395809151,-0.922307988552042,-3.638166989965029,-2.935644652399347,-2.951127100294876,1.8858816079617142,1.9958546548480456,1.1312033184437702,3.2393593912972847,3.2999793150155448,0.0,0.0,0.0,0.0,0.0,0.0,0.0,0.0,0.0,0.0,0.0,0.0,0.0,0.0,0.0,0.0,0.0,0.0,0.0,0.0,0.0,0.0,0.0,0.0,0.0,0.0
196,0.0,0.0,0.0,0.0,0.0,0.0,0.0,0.0,0.0,0.0,0.0,0.0,0.0,0.0,0.0,0.0,0.0,0.0,0.0,-1.4210854715202004e-14,-1.4210854715202004e-14,-1.4210854715202004e-14,-1.4210854715202004e-14,-1.4210854715202004e-14,-0.2444038115034033,1.8103640652196304,2.8876225233384076,2.9966270081579864,2.717314802058482,2.729554660716346,2.2437066997962205,2.390402857704487,3.071053167202848,4.601449418896095,4.561957955375988,4.606677583470571,4.616308090223868,-2.842170943040401e-14,-4.263256414560601e-14,-4.263256414560601e-14,-4.263256414560601e-14,-4.263256414560601e-14,-4.263256414560601e-14,-4.263256414560601e-14,-4.263256414560601e-14,-4.263256414560601e-14,-4.263256414560601e-14,-5.684341886080802e-14,-5.684341886080802e-14,-5.684341886080802e-14,-2.842170943040401e-14,-2.842170943040401e-14,-2.842170943040401e-14,-2.842170943040401e-14,0.0,-4.263256414560601e-14,-2.842170943040401e-14,-5.684341886080802e-14,-5.684341886080802e-14,-5.684341886080802e-14,-5.684341886080802e-14,0.09269023029136747,0.6571490746990492,1.5852683827100975,2.4198545683455137,4.870243648056132,4.968819386451273,3.9899340697321293,3.7800044237193475,5.095861108220774,5.108598044231073,5.091154626288798,-4.263256414560601e-14,-4.263256414560601e-14,-4.263256414560601e-14,-4.263256414560601e-14,-2.842170943040401e-14,-2.842170943040401e-14,-4.263256414560601e-14,-4.263256414560601e-14,-4.263256414560601e-14,0.0,-3.2482296330775426,-2.016969119138871,-1.230710036939108,-0.20875193841062867,0.4940433803970592,0.49404859112365784,1.9508104083967055,2.6436377442765746,2.2071458011130716,2.498852431676397,2.119736689412818,0.6933432214338779,0.4923376344818422,0.30866627424779836,3.340917433442243,4.3790632441487105,4.447336510153889,1.8866932690850575,1.7231115919309303,1.866117683203683,4.055517655614182,4.294289757442641,-0.8018971016170724,-2.0612946804293415,-3.190420082000145,-7.985168583353953,-4.263256414560601e-14,-4.263256414560601e-14,0.5095235717291189,0.588912483436701,0.5122851506828425,-0.3656002404840848,-1.0707583652665704,-0.5907606543719481,-0.16856731597944474,1.994270327507948,-0.7137621500168905,0.08653136169955644,0.05925134681972111,2.1562909209777246,2.8426915512224156,3.5088704279849168,4.32444222045531,4.755356376267841,5.021805678414125,-1.4210854715202004e-14,-2.842170943040401e-14,-1.4210854715202004e-14,-1.4210854715202004e-14,-1.4210854715202004e-14,-1.4210854715202004e-14,-1.4210854715202004e-14,-1.4210854715202004e-14,0.872451429389784,0.915288119976438,0.0,-2.7528299150863518,-3.232458444000116,-1.4814417436178076,-0.23830550518360383,-0.44808369137020776,-0.6851173134053141,-1.4009651186187853,0.0,0.0,0.0,0.0,0.0,0.0,0.0,0.0,0.0,0.0,0.0,0.0,0.0,0.0,0.0,0.0,-0.48389992417111927,0.0,0.0,-0.2729874726773325,-0.9977994491815849,-0.9087016395809151,-0.922307988552042,-3.638166989965029,-2.935644652399347,-2.951127100294876,1.8858816079617142,1.9958546548480456,1.1312033184437702,3.2393593912972847,3.299979315015541,0.0,0.0,0.0,0.0,0.0,0.0,0.0,0.0,0.0,0.0,0.0,0.0,0.0,0.0,0.0,0.0,0.0,0.0,0.0,0.0,0.0,0.0,0.0,0.0,0.0,0.0
197,0.0,0.0,0.0,0.0,0.0,0.0,0.0,0.0,0.0,0.0,0.0,0.0,0.0,0.0,0.0,0.0,0.0,0.0,0.0,-1.4210854715202004e-14,-1.4210854715202004e-14,-1.4210854715202004e-14,-1.4210854715202004e-14,-1.4210854715202004e-14,-0.2444038115034033,1.8103640652196304,2.8876225233384076,2.9966270081579864,2.717314802058482,2.729554660716346,2.2437066997962347,2.3904028577045153,3.0710531672028765,4.601449418896124,4.561957955376016,4.606677583470599,4.616308090223896,-2.842170943040401e-14,-4.263256414560601e-14,-4.263256414560601e-14,-4.263256414560601e-14,-4.263256414560601e-14,-4.263256414560601e-14,-4.263256414560601e-14,-4.263256414560601e-14,-4.263256414560601e-14,-4.263256414560601e-14,-2.842170943040401e-14,-2.842170943040401e-14,-2.842170943040401e-14,0.0,0.0,0.0,0.0,2.842170943040401e-14,-4.263256414560601e-14,-2.842170943040401e-14,-2.842170943040401e-14,-4.263256414560601e-14,-2.842170943040401e-14,-2.842170943040401e-14,0.09269023029136747,0.6571490746990349,1.5852683827100833,2.4198545683454995,4.8702436480561175,4.968819386451258,3.9899340697321293,3.7800044237193475,5.09586110822076,5.108598044231059,5.091154626288784,-4.263256414560601e-14,-4.263256414560601e-14,-4.263256414560601e-14,-4.263256414560601e-14,-5.684341886080802e-14,-5.684341886080802e-14,-4.263256414560601e-14,-4.263256414560601e-14,-4.263256414560601e-14,0.0,-3.2482296330775426,-2.016969119138871,-1.2307100369391009,-0.20875193841062867,0.4940433803970592,0.49404859112365784,1.9508104083967055,2.6436377442765746,2.2071458011130716,2.498852431676397,2.119736689412818,0.6933432214338779,0.4923376344818422,0.30866627424779836,3.340917433442229,4.379063244148696,4.447336510153875,1.8866932690850575,1.7231115919309303,1.866117683203683,4.055517655614196,4.294289757442655,-0.8018971016170724,-2.0612946804293415,-3.190420082000145,-7.985168583353968,-4.263256414560601e-14,-4.263256414560601e-14,0.5095235717291189,0.588912483436701,0.5122851506828425,-0.3656002404840848,-1.0707583652665704,-0.5907606543719481,-0.16856731597944474,1.994270327507948,-0.7137621500168905,0.08653136169955644,0.05925134681972111,2.1562909209777104,2.8426915512224014,3.5088704279849026,4.324442220455296,4.755356376267827,5.021805678414111,-1.4210854715202004e-14,-2.842170943040401e-14,-1.4210854715202004e-14,-1.4210854715202004e-14,-1.4210854715202004e-14,-1.4210854715202004e-14,-2.842170943040401e-14,-2.842170943040401e-14,0.872451429389784,0.915288119976438,0.0,-2.7528299150863518,-3.232458444000116,-1.4814417436178218,-0.23830550518361804,-0.44808369137020776,-0.6851173134053141,-1.4009651186187853,0.0,0.0,0.0,0.0,0.0,0.0,0.0,0.0,0.0,0.0,0.0,0.0,0.0,0.0,0.0,0.0,-0.48389992417111927,0.0,0.0,-0.2729874726773289,-0.9977994491815814,-0.9087016395809115,-0.9223079885520349,-3.638166989965022,-2.93564465239934,-2.951127100294869,1.8858816079617213,1.9958546548480527,1.1312033184437702,3.2393593912972847,3.299979315015541,0.0,0.0,0.0,0.0,0.0,0.0,0.0,0.0,0.0,0.0,0.0,0.0,0.0,0.0,0.0,0.0,0.0,0.0,0.0,0.0,0.0,0.0,0.0,0.0,0.0,0.0
198,0.0,0.0,0.0,0.0,0.0,0.0,0.0,0.0,0.0,0.0,0.0,0.0,0.0,0.0,0.0,0.0,0.0,0.0,0.0,-1.4210854715202004e-14,-1.4210854715202004e-14,-1.4210854715202004e-14,-1.4210854715202004e-14,-1.4210854715202004e-14,-0.2444038115034033,1.8103640652196304,2.8876225233384076,2.9966270081579864,2.717314802058482,2.729554660716346,2.2437066997962347,2.3904028577045153,3.0710531672028765,4.601449418896124,4.561957955376016,4.606677583470599,4.616308090223896,-2.842170943040401e-14,-4.263256414560601e-14,-4.263256414560601e-14,-4.263256414560601e-14,-4.263256414560601e-14,-4.263256414560601e-14,-4.263256414560601e-14,-4.263256414560601e-14,-4.263256414560601e-14,-4.263256414560601e-14,-5.684341886080802e-14,-5.684341886080802e-14,-5.684341886080802e-14,-2.842170943040401e-14,-2.842170943040401e-14,-2.842170943040401e-14,-2.842170943040401e-14,0.0,-4.263256414560601e-14,-5.684341886080802e-14,-5.684341886080802e-14,-5.684341886080802e-14,-5.684341886080802e-14,-5.684341886080802e-14,0.09269023029136747,0.6571490746990492,1.5852683827100975,2.4198545683455137,4.870243648056132,4.968819386451273,3.9899340697321293,3.7800044237193475,5.095861108220774,5.108598044231073,5.091154626288798,-4.263256414560601e-14,-4.263256414560601e-14,-4.263256414560601e-14,-4.263256414560601e-14,-2.842170943040401e-14,-2.842170943040401e-14,-4.263256414560601e-14,-4.263256414560601e-14,-4.263256414560601e-14,0.0,-3.2482296330775426,-2.016969119138871,-1.2307100369391009,-0.20875193841062867,0.4940433803970592,0.49404859112365784,1.9508104083967055,2.6436377442765746,2.2071458011130716,2.498852431676397,2.119736689412818,0.6933432214338779,0.4923376344818422,0.30866627424779836,3.340917433442243,4.3790632441487105,4.447336510153889,1.8866932690850575,1.7231115919309303,1.866117683203683,4.055517655614182,4.294289757442641,-0.8018971016170724,-2.0612946804293415,-3.190420082000145,-7.985168583353953,-4.263256414560601e-14,-4.263256414560601e-14,0.5095235717291189,0.588912483436701,0.5122851506828425,-0.3656002404840848,-1.0707583652665704,-0.5907606543719481,-0.16856731597944474,1.994270327507948,-0.7137621500168905,0.08653136169955644,0.05925134681972111,2.1562909209777246,2.8426915512224156,3.5088704279849168,4.32444222045531,4.755356376267841,5.021805678414125,-1.4210854715202004e-14,-2.842170943040401e-14,-1.4210854715202004e-14,-1.4210854715202004e-14,-1.4210854715202004e-14,-1.4210854715202004e-14,-1.4210854715202004e-14,-1.4210854715202004e-14,0.872451429389784,0.915288119976438,0.0,-2.7528299150863518,-3.232458444000116,-1.4814417436178076,-0.23830550518360383,-0.44808369137020776,-0.6851173134053141,-1.4009651186187853,0.0,0.0,0.0,0.0,0.0,0.0,0.0,0.0,0.0,0.0,0.0,0.0,0.0,0.0,0.0,0.0,-0.48389992417111927,0.0,0.0,-0.2729874726773325,-0.9977994491815849,-0.9087016395809151,-0.922307988552042,-3.638166989965029,-2.935644652399347,-2.951127100294876,1.8858816079617142,1.9958546548480456,1.1312033184437702,3.2393593912972882,3.299979315015541,0.0,0.0,0.0,0.0,0.0,0.0,0.0,0.0,0.0,0.0,0.0,0.0,0.0,0.0,0.0,0.0,0.0,0.0,0.0,0.0,0.0,0.0,0.0,0.0,0.0,0.0
199,0.0,0.0,0.0,0.0,0.0,0.0,0.0,0.0,0.0,0.0,0.0,0.0,0.0,0.0,0.0,0.0,0.0,0.0,0.0,-1.4210854715202004e-14,-1.4210854715202004e-14,-1.4210854715202004e-14,-1.4210854715202004e-14,-1.4210854715202004e-14,-0.2444038115034033,1.8103640652196304,2.8876225233384076,2.9966270081579864,2.717314802058482,2.72955466071636,2.2437066997962347,2.3904028577045153,3.0710531672028765,4.601449418896124,4.561957955376016,4.606677583470599,4.616308090223896,-2.842170943040401e-14,-4.263256414560601e-14,-4.263256414560601e-14,-4.263256414560601e-14,-4.263256414560601e-14,-4.263256414560601e-14,-4.263256414560601e-14,-4.263256414560601e-14,-4.263256414560601e-14,-2.842170943040401e-14,-2.842170943040401e-14,-2.842170943040401e-14,-2.842170943040401e-14,-2.842170943040401e-14,-2.842170943040401e-14,-2.842170943040401e-14,-2.842170943040401e-14,0.0,-2.842170943040401e-14,-2.842170943040401e-14,-2.842170943040401e-14,-5.684341886080802e-14,-5.684341886080802e-14,-5.684341886080802e-14,0.09269023029136747,0.6571490746990492,1.5852683827100975,2.4198545683455137,4.870243648056132,4.968819386451273,3.9899340697321293,3.7800044237193333,5.09586110822076,5.108598044231044,5.09115462628877,-4.263256414560601e-14,-4.263256414560601e-14,-4.263256414560601e-14,-4.263256414560601e-14,-2.842170943040401e-14,-2.842170943040401e-14,-4.263256414560601e-14,-4.263256414560601e-14,-4.263256414560601e-14,0.0,-3.2482296330775426,-2.016969119138878,-1.230710036939115,-0.20875193841064288,0.494043380397045,0.49404859112364363,1.9508104083966913,2.6436377442765604,2.2071458011130574,2.498852431676383,2.119736689412804,0.6933432214338637,0.492337634481828,0.30866627424778414,3.340917433442243,4.3790632441487105,4.447336510153889,1.8866932690850575,1.7231115919309303,1.866117683203683,4.055517655614182,4.294289757442641,-0.8018971016170724,-2.0612946804293415,-3.190420082000145,-7.985168583353953,-4.263256414560601e-14,-4.263256414560601e-14,0.5095235717291047,0.5889124834366868,0.5122851506828283,-0.365600240484099,-1.0707583652665846,-0.5907606543719623,-0.16856731597945895,1.9942703275079339,-0.7137621500168905,0.08653136169955644,0.05925134681972111,2.1562909209777104,2.8426915512224014,3.5088704279849026,4.324442220455296,4.755356376267827,5.021805678414111,-1.4210854715202004e-14,-2.842170943040401e-14,-1.4210854715202004e-14,-1.4210854715202004e-14,-1.4210854715202004e-14,-1.4210854715202004e-14,-1.4210854715202004e-14,-1.4210854715202004e-14,0.8724514293897698,0.9152881199764238,0.0,-2.752829915086366,-3.2324584440001303,-1.4814417436178218,-0.23830550518361804,-0.44808369137020776,-0.6851173134053141,-1.4009651186187853,0.0,0.0,0.0,0.0,0.0,0.0,0.0,0.0,0.0,0.0,0.0,0.0,0.0,0.0,0.0,0.0,-0.48389992417111927,0.0,0.0,-0.2729874726773325,-0.9977994491815849,-0.9087016395809187,-0.922307988552042,-3.638166989965029,-2.935644652399347,-2.951127100294876,1.8858816079617142,1.9958546548480456,1.1312033184437702,3.239359391297292,3.2999793150155483,0.0,0.0,0.0,0.0,0.0,0.0,0.0,0.0,0.0,0.0,0.0,0.0,0.0,0.0,0.0,0.0,0.0,0.0,0.0,0.0,0.0,0.0,0.0,0.0,0.0,0.0
200,0.0,0.0,0.0,0.0,0.0,0.0,0.0,0.0,0.0,0.0,0.0,0.0,0.0,0.0,0.0,0.0,0.0,0.0,0.0,-1.4210854715202004e-14,-1.4210854715202004e-14,-1.4210854715202004e-14,-1.4210854715202004e-14,-1.4210854715202004e-14,-0.2444038115034033,1.8103640652196304,2.8876225233384076,2.9966270081579864,2.717314802058482,2.7295546607163317,2.2437066997962063,2.390402857704487,3.071053167202848,4.601449418896095,4.561957955375988,4.606677583470571,4.616308090223868,-2.842170943040401e-14,-4.263256414560601e-14,-4.263256414560601e-14,-4.263256414560601e-14,-4.263256414560601e-14,-4.263256414560601e-14,-4.263256414560601e-14,-5.684341886080802e-14,-5.684341886080802e-14,-5.684341886080802e-14,-5.684341886080802e-14,-5.684341886080802e-14,-5.684341886080802e-14,-5.684341886080802e-14,-5.684341886080802e-14,-5.684341886080802e-14,-5.684341886080802e-14,-2.842170943040401e-14,-5.684341886080802e-14,-5.684341886080802e-14,-5.684341886080802e-14,-5.684341886080802e-14,-5.684341886080802e-14,-5.684341886080802e-14,0.09269023029136747,0.6571490746990492,1.5852683827100975,2.4198545683455137,4.870243648056146,4.968819386451258,3.989934069732101,3.780004423719305,5.095861108220788,5.108598044231087,5.091154626288812,-4.263256414560601e-14,-4.263256414560601e-14,-4.263256414560601e-14,-4.263256414560601e-14,-2.842170943040401e-14,-5.684341886080802e-14,-4.263256414560601e-14,-4.263256414560601e-14,-5.684341886080802e-14,0.0,-3.2482296330775426,-2.016969119138878,-1.230710036939115,-0.20875193841064288,0.494043380397045,0.49404859112364363,1.9508104083966913,2.6436377442765604,2.2071458011130574,2.498852431676383,2.119736689412804,0.6933432214338637,0.492337634481828,0.30866627424776993,3.340917433442243,4.379063244148696,4.447336510153875,1.8866932690850575,1.7231115919309303,1.866117683203683,4.055517655614182,4.294289757442641,-0.8018971016170724,-2.0612946804293415,-3.190420082000145,-7.985168583353953,-4.263256414560601e-14,-4.263256414560601e-14,0.5095235717291047,0.5889124834366868,0.5122851506828283,-0.365600240484099,-1.0707583652665846,-0.5907606543719623,-0.16856731597945895,1.9942703275079339,-0.7137621500168905,0.08653136169955644,0.05925134681972111,2.1562909209777104,2.8426915512224014,3.5088704279849026,4.324442220455296,4.755356376267827,5.021805678414111,-1.4210854715202004e-14,-2.842170943040401e-14,-1.4210854715202004e-14,-1.4210854715202004e-14,-1.4210854715202004e-14,-1.4210854715202004e-14,-1.4210854715202004e-14,-1.4210854715202004e-14,0.8724514293897698,0.9152881199764238,0.0,-2.752829915086366,-3.2324584440001303,-1.4814417436178218,-0.23830550518361804,-0.44808369137020065,-0.6851173134052999,-1.400965118618771,0.0,0.0,0.0,0.0,0.0,0.0,0.0,0.0,0.0,0.0,0.0,0.0,0.0,0.0,0.0,0.0,-0.48389992417111927,0.0,0.0,-0.2729874726773289,-0.9977994491815849,-0.9087016395809187,-0.922307988552042,-3.638166989965029,-2.935644652399347,-2.951127100294876,1.8858816079617142,1.9958546548480456,1.1312033184437738,3.239359391297292,3.2999793150155483,0.0,0.0,0.0,0.0,0.0,0.0,0.0,0.0,0.0,0.0,0.0,0.0,0.0,0.0,0.0,0.0,0.0,0.0,0.0,0.0,0.0,0.0,0.0,0.0,0.0,0.0
201,0.0,0.0,0.0,0.0,0.0,0.0,0.0,0.0,0.0,0.0,0.0,0.0,0.0,0.0,0.0,0.0,0.0,0.0,0.0,-1.4210854715202004e-14,-1.4210854715202004e-14,-1.4210854715202004e-14,-1.4210854715202004e-14,0.0,-0.2444038115034175,1.810364065219602,2.8876225233383934,2.9966270081579864,2.7173148020584676,2.7295546607163317,2.2437066997962063,2.390402857704487,3.071053167202848,4.601449418896095,4.561957955375988,4.606677583470571,4.616308090223868,-2.842170943040401e-14,-2.842170943040401e-14,-2.842170943040401e-14,-2.842170943040401e-14,-2.842170943040401e-14,-2.842170943040401e-14,0.0,0.0,0.0,0.0,0.0,0.0,0.0,0.0,0.0,0.0,0.0,2.842170943040401e-14,0.0,0.0,0.0,-2.842170943040401e-14,-2.842170943040401e-14,-2.842170943040401e-14,0.09269023029136747,0.6571490746990492,1.5852683827100975,2.419854568345528,4.870243648056146,4.968819386451258,3.989934069732101,3.780004423719305,5.095861108220788,5.108598044231087,5.091154626288812,-2.842170943040401e-14,-2.842170943040401e-14,-2.842170943040401e-14,-2.842170943040401e-14,-2.842170943040401e-14,-5.684341886080802e-14,-2.842170943040401e-14,0.0,0.0,0.0,-3.2482296330775426,-2.016969119138878,-1.230710036939115,-0.20875193841064288,0.494043380397045,0.49404859112364363,1.950810408396677,2.6436377442765604,2.2071458011130574,2.4988524316763687,2.119736689412804,0.6933432214338495,0.492337634481828,0.30866627424776993,3.3409174334422573,4.3790632441487105,4.447336510153889,1.8866932690850433,1.7231115919309445,1.8661176832036972,4.055517655614182,4.294289757442641,-0.801897101617044,-2.061294680429313,-3.1904200820001165,-7.985168583353953,-2.842170943040401e-14,-2.842170943040401e-14,0.5095235717291047,0.5889124834366868,0.5122851506828283,-0.365600240484099,-1.0707583652665562,-0.5907606543719055,-0.1685673159794021,1.9942703275079907,-0.7137621500168905,0.08653136169954223,0.059251346819706896,2.1562909209777104,2.8426915512224014,3.5088704279849026,4.324442220455268,4.755356376267798,5.021805678414097,-1.4210854715202004e-14,-2.842170943040401e-14,-2.842170943040401e-14,-2.842170943040401e-14,-2.842170943040401e-14,-2.842170943040401e-14,-1.4210854715202004e-14,-1.4210854715202004e-14,0.8724514293897698,0.9152881199764238,0.0,-2.752829915086366,-3.2324584440001303,-1.4814417436178218,-0.23830550518361804,-0.44808369137020065,-0.6851173134052999,-1.400965118618771,0.0,0.0,0.0,0.0,0.0,0.0,0.0,0.0,0.0,0.0,0.0,0.0,0.0,0.0,0.0,0.0,-0.48389992417111216,0.0,0.0,-0.2729874726773289,-0.9977994491815849,-0.9087016395809115,-0.9223079885520349,-3.638166989965029,-2.935644652399347,-2.951127100294869,1.8858816079617213,1.9958546548480456,1.1312033184437666,3.2393593912972847,3.299979315015534,0.0,0.0,0.0,0.0,0.0,0.0,0.0,0.0,0.0,0.0,0.0,0.0,0.0,0.0,0.0,0.0,0.0,0.0,0.0,0.0,0.0,0.0,0.0,0.0,0.0,0.0
