source node ID,0,1,2,3,4,5,6,7,8,9,10,11,12,13,14,15,16,17,18,19,20,21,22,23,24,25,26,27,28,29,30,31,32,33,34,35,36,37,38,39,40,41,42,43,44,45,46,47,48,49,50,51,52,53,54,55,56,57,58,59,60,61,62,63,64,65,66,67,68,69,70,71,72,73,74,75,76,77,78,79,80,81,82,83,84,85,86,87,88,89,90,91,92,93,94,95,96,97,98,99,100,101,102,103,104,105,106,107,108,109,110,111,112,113,114,115,116,117,118,119,120,121,122,123,124,125,126,127,128,129,130,131,132,133,134,135,136,137,138,139,140,141,142,143,144,145,146,147,148,149,150,151,152,153,154,155,156,157,158,159,160,161,162,163,164,165,166,167,168,169,170,171,172,173,174,175,176,177,178,179,180,181,182,183,184,185,186,187,188,189,190,191,192,193,194,195,196,197,198,199,200,201
0,0.0,0.06801470429251973,4.95724787525092,10.738749842733071,14.254024227471726,16.092802898220327,28.060442849355233,35.0765635723759,35.43592411556338,40.53825250562217,46.99201055810601,53.01694582746782,59.1618299598173,65.93460738123014,71.31021823024071,79.73025801637,84.97232154135709,114.89275536174142,117.60044625990542,120.23252338643493,124.49213780560481,129.83259377864684,130.78779532805933,137.07270972683995,143.46135234966823,152.60847110603618,158.7293780451655,161.6440692551916,164.1769065828118,170.39645825899584,173.2834503476482,177.32888335228003,180.34471181344048,185.4393124644352,191.85063994117377,195.27880308143168,196.24848046204062,128.8890048720511,134.88393781579617,142.7360726847347,145.79383722766468,153.6056635186161,159.30786265579115,160.74546517387466,163.06631760347892,166.46232393445064,172.0246868316374,174.70212796077544,178.83659648768432,180.86657727577074,184.59947494380293,185.12999261551613,188.91488098903525,190.75677485134113,191.04149752342752,169.7280366759106,173.06105977814076,174.8068948218949,161.7140163723096,166.97309899193064,174.36377385962712,143.37000445701688,148.07907438088665,151.30081789525758,154.54904117043236,163.90341011685751,170.1716171246236,174.02029123270702,174.51638212463914,170.60905743806447,171.22158600455987,172.11589090715347,154.6016208470193,156.2875511540012,158.24345196948238,160.89994552302247,164.2212652908256,166.56231313313896,154.94323482512652,159.67249956713454,165.00214026796982,89.67095964191346,100.3375828287546,106.10164038204988,110.15497858787062,117.81083636908951,123.47802369498125,129.22801794917567,137.8318209724304,143.01232421015527,148.16218009003322,149.81959166676904,151.45401335897247,156.93042808766248,159.59639215524118,162.58448922917756,156.05552372378142,163.91167884806322,165.0005465486995,157.01472097892085,158.36943110507727,161.4955659230395,159.99559261152805,163.8677770213667,142.7094214811793,144.18595902586685,145.0549787641695,150.66394849237187,151.900067652403,154.83570216643912,123.61122814039886,126.16536330172475,128.9817921384913,133.60363374054867,137.10571425886693,141.73609159095287,144.40351298012328,152.46004666260012,144.44544304766825,146.9203559191199,147.68850094784884,137.73593986545504,143.21358928907293,146.7566727523659,149.91321314778673,151.35750482456567,152.43283607112664,132.67143251847585,134.0139476952988,134.75788989735486,135.32280050975297,138.01916343042961,140.38362066201574,128.61507207624268,132.1741327669306,125.05613707551139,127.51479764212874,122.71817305027407,103.92702036164077,105.02045953629222,110.5999575282574,116.24965183393635,97.76145698019916,99.92603635779575,100.92442336730285,88.27357009304174,89.18965142130905,93.268673853216,100.83853732622528,60.55413336659672,65.55202182073414,67.81413720240677,70.43468409189377,73.40194191688978,75.44510833204052,76.66159836488089,78.27096656389564,83.86155445784742,88.54578822656563,94.2848100944452,98.73859971677807,97.407443954504,58.81292866043067,64.95410200108796,70.5525841911101,73.04851001827754,74.78839097535702,80.60777716881212,84.68794921500331,88.12777844073477,88.65212744801761,91.46152616166367,93.15650425586057,70.69684790309307,77.46093041436895,82.39671238667594,56.571917697961325,62.8926411533895,68.44505702398133,71.49716809666529,77.61991339595711,78.18152269075199,65.59025885030057,71.77236221404337,72.73585222437042,73.21529982317553,54.31319426044663,59.503622951797624,62.94397307932825,68.39107120585398,72.23202395224386,64.94453693838712,68.05848652050949,56.94276867115296,58.0787228955828,58.466394148063536,59.57042086875468,60.52428773577545,61.005346983685726,54.0874295027491,60.333122658836736,16.583450433866865
1,0.06801470429251973,0.0,4.8892331709584,10.670735138440552,14.186009523179207,16.024788193927808,27.992428145062718,35.008548868083395,35.36790941127087,40.47023780132966,46.9239958538135,52.94893112317531,59.09381525552479,65.86659267693763,71.24220352594818,79.66224331207748,84.90430683706457,114.8247406574489,117.5324315556129,120.16450868214241,124.42412310131229,129.76457907435432,130.7197806237668,137.00469502254742,143.3933376453757,152.54045640174365,158.66136334087298,161.57605455089907,164.10889187851927,170.3284435547033,173.21543564335568,177.2608686479875,180.27669710914796,185.37129776014268,191.78262523688124,195.21078837713915,196.1804657577481,128.82099016775857,134.81592311150365,142.66805798044217,145.72582252337216,153.53764881432357,159.23984795149863,160.67745046958214,162.9983028991864,166.39430923015811,171.9566721273449,174.63411325648292,178.7685817833918,180.79856257147821,184.5314602395104,185.0619779112236,188.84686628474273,190.6887601470486,190.973482819135,169.66002197161808,172.99304507384824,174.73888011760238,161.64600166801708,166.90508428763812,174.2957591553346,143.30198975272435,148.01105967659413,151.23280319096506,154.48102646613984,163.835395412565,170.10360242033107,173.9522765284145,174.4483674203466,170.54104273377195,171.15357130026734,172.04787620286095,154.53360614272677,156.21953644970867,158.17543726518986,160.83193081872994,164.1532505865331,166.49429842884643,154.875220120834,159.604484862842,164.9341255636773,89.60294493762093,100.26956812446208,106.03362567775736,110.0869638835781,117.74282166479699,123.41000899068872,129.16000324488314,137.76380626813787,142.94430950586275,148.0941653857407,149.75157696247652,151.38599865467995,156.86241338336995,159.52837745094865,162.51647452488504,155.9875090194889,163.8436641437707,164.93253184440698,156.94670627462833,158.30141640078475,161.42755121874697,159.92757790723553,163.79976231707417,142.64140677688678,144.11794432157433,144.98696405987698,150.59593378807935,151.8320529481105,154.7676874621466,123.54321343610634,126.09734859743223,128.91377743419878,133.53561903625615,137.0376995545744,141.66807688666034,144.33549827583076,152.3920319583076,144.37742834337573,146.8523412148274,147.62048624355631,137.66792516116251,143.1455745847804,146.68865804807336,149.8451984434942,151.28949012027314,152.36482136683412,132.60341781418333,133.9459329910063,134.68987519306233,135.25478580546044,137.9511487261371,140.31560595772322,128.54705737195016,132.10611806263807,124.98812237121886,127.44678293783622,122.65015834598155,103.85900565734825,104.9524448319997,110.53194282396488,116.18163712964383,97.69344227590663,99.85802165350323,100.85640866301033,88.20555538874922,89.12163671701653,93.20065914892348,100.77052262193276,60.486118662304214,65.48400711644163,67.74612249811426,70.36666938760126,73.33392721259727,75.37709362774801,76.59358366058838,78.20295185960313,83.79353975355491,88.47777352227313,94.2167953901527,98.67058501248556,97.33942925021148,58.74491395613816,64.88608729679545,70.48456948681759,72.98049531398503,74.72037627106451,80.53976246451961,84.6199345107108,88.05976373644226,88.5841127437251,91.39351145737116,93.08848955156806,70.62883319880058,77.39291571007645,82.32869768238345,56.50390299366882,62.82462644909699,68.37704231968883,71.4291533923728,77.55189869166462,78.1135079864595,65.52224414600806,71.70434750975086,72.66783752007791,73.14728511888302,54.24517955615412,59.435608247505115,62.875958375035744,68.32305650156147,72.16400924795136,64.87652223409461,67.99047181621697,56.87475396686045,58.01070819129029,58.39837944377103,59.50240616446217,60.456273031482944,60.93733227939322,54.019414798456594,60.26510795454423,16.515435729574342
2,4.95724787525092,4.8892331709584,0.0,5.781501967482151,9.296776352220807,11.135555022969406,23.103194974104312,30.119315697124986,30.478676240312463,35.581004630371254,42.034762682855096,48.05969795221691,54.20458208456638,60.97735950597923,66.3529703549898,74.77301014111909,80.01507366610618,109.93550748649051,112.64319838465451,115.27527551118402,119.5348899303539,124.87534590339591,125.83054745280839,132.115461851589,138.50410447441726,147.6512232307852,153.77213016991453,156.68682137994062,159.21965870756082,165.43921038374486,168.32620247239723,172.37163547702906,175.3874639381895,180.48206458918423,186.8933920659228,190.3215552061807,191.29123258678965,123.93175699680016,129.92668994054526,137.77882480948378,140.83658935241377,148.64841564336518,154.35061478054024,155.78821729862375,158.109069728228,161.50507605919972,167.0674389563865,169.74488008552453,173.8793486124334,175.90932940051982,179.64222706855202,180.17274474026522,183.95763311378434,185.79952697609022,186.0842496481766,164.7707888006597,168.10381190288984,169.849646946644,156.7567684970587,162.01585111667973,169.4065259843762,138.41275658176593,143.1218265056357,146.34357002000664,149.59179329518142,158.9461622416066,165.21436924937268,169.0630433574561,169.55913424938822,165.65180956281355,166.26433812930895,167.15864303190256,149.64437297176838,151.33030327875028,153.28620409423146,155.94269764777155,159.2640174155747,161.60506525788804,149.9859869498756,154.71525169188362,160.0448923927189,84.71371176666254,95.38033495350369,101.14439250679897,105.1977307126197,112.8535884938386,118.52077581973033,124.27077007392475,132.87457309717948,138.05507633490436,143.2049322147823,144.86234379151813,146.49676548372156,151.97318021241156,154.63914427999026,157.62724135392665,151.09827584853048,158.95443097281228,160.04329867344856,152.05747310366988,153.4121832298263,156.53831804778852,155.03834473627714,158.91052914611578,137.75217360592836,139.2287111506159,140.09773088891856,145.70670061712093,146.9428197771521,149.8784542911882,118.65398026514795,121.20811542647384,124.02454426324037,128.64638586529776,132.148466383616,136.77884371570195,139.44626510487237,147.5027987873492,139.4881951724173,141.96310804386897,142.7312530725979,132.77869199020412,138.256341413822,141.79942487711497,144.95596527253582,146.40025694931475,147.47558819587573,127.71418464322494,129.0566998200479,129.80064202210394,130.36555263450205,133.0619155551787,135.42637278676483,123.65782420099177,127.21688489167967,120.09888920026047,122.55754976687783,117.76092517502316,98.96977248638986,100.06321166104131,105.64270965300649,111.29240395868544,92.80420910494824,94.96878848254484,95.96717549205194,83.31632221779083,84.23240354605814,88.31142597796509,95.88128945097436,55.59688549134581,60.59477394548323,62.85688932715586,65.47743621664287,68.44469404163888,70.48786045678962,71.70435048962999,73.31371868864474,78.90430658259652,83.58854035131473,89.3275622191943,93.78135184152717,92.45019607925309,53.85568078517976,59.996854125837054,65.59533631585919,68.09126214302663,69.8311431001061,75.6505292935612,79.7307013397524,83.17053056548386,83.6948795727667,86.50427828641276,88.19925638060965,65.73960002784217,72.50368253911805,77.43946451142504,51.61466982271041,57.935393278138584,63.48780914873041,66.53992022141438,72.6626655207062,73.22427481550108,60.633010975049665,66.81511433879245,67.7786043491195,68.25805194792461,49.355946385195715,54.54637507654671,57.98672520407734,63.43382333060306,67.27477607699295,59.9872890631362,63.10123864525857,51.98552079590205,53.121475020331886,53.50914627281262,54.61317299350377,55.56703986052454,56.04809910843481,49.13018162749819,55.37587478358582,11.626202558615944
3,10.738749842733071,10.670735138440552,5.781501967482151,0.0,3.5152743847386554,5.354053055487255,17.321693006622162,24.337813729642836,24.697174272830313,29.799502662889104,36.253260715372946,42.27819598473476,48.42308011708423,55.19585753849708,60.57146838750764,68.99150817363693,74.23357169862402,104.15400551900835,106.86169641717235,109.49377354370186,113.75338796287174,119.09384393591375,120.04904548532623,126.33395988410686,132.72260250693512,141.86972126330306,147.9906282024324,150.90531941245848,153.43815674007868,159.65770841626272,162.54470050491508,166.59013350954692,169.60596197070737,174.7005626217021,181.11189009844065,184.54005323869856,185.5097306193075,118.150255029318,124.14518797306309,131.9973228420016,135.0550873849316,142.866913675883,148.56911281305807,150.00671533114158,152.32756776074584,155.72357409171755,161.28593698890433,163.96337811804236,168.09784664495123,170.12782743303765,173.86072510106982,174.39124277278302,178.17613114630214,180.01802500860802,180.3027476806944,158.98928683317752,162.32230993540767,164.06814497916181,150.97526652957652,156.23434914919756,163.62502401689403,132.6312546142838,137.34032453815357,140.5620680525245,143.81029132769928,153.16466027412446,159.43286728189054,163.28154138997397,163.77763228190608,159.8703075953314,160.4828361618268,161.3771410644204,143.8628710042862,145.5488013112681,147.5047021267493,150.16119568028938,153.48251544809253,155.82356329040587,144.20448498239344,148.93374972440145,154.26339042523674,78.93220979918038,89.59883298602153,95.36289053931681,99.41622874513754,107.07208652635644,112.73927385224817,118.4892681064426,127.09307112969732,132.27357436742219,137.42343024730013,139.08084182403596,140.7152635162394,146.1916782449294,148.8576423125081,151.84573938644448,145.31677388104833,153.17292900533013,154.26179670596642,146.27597113618774,147.63068126234415,150.75681608030638,149.25684276879497,153.1290271786336,131.97067163844622,133.44720918313377,134.31622892143642,139.9251986496388,141.16131780966992,144.09695232370603,112.8724782976658,115.42661345899168,118.24304229575822,122.86488389781559,126.36696441613383,130.99734174821975,133.66476313739017,141.721296819867,133.70669320493516,136.18160607638683,136.94975110511575,126.99719002272198,132.47483944633987,136.01792290963283,139.17446330505368,140.6187549818326,141.6940862283936,121.93268267574278,123.27519785256573,124.01914005462179,124.58405066701988,127.28041358769654,129.64487081928266,117.87632223350961,121.43538292419751,114.31738723277832,116.77604779939567,111.979423207541,93.1882705189077,94.28170969355915,99.86120768552433,105.51090199120328,87.02270713746609,89.18728651506268,90.18567352456978,77.53482025030867,78.45090157857598,82.52992401048293,90.09978748349221,49.81538352386366,54.81327197800108,57.07538735967371,59.695934249160715,62.663192074156726,64.70635848930746,65.92284852214783,67.53221672116258,73.12280461511436,77.80703838383258,83.54606025171215,87.99984987404501,86.66869411177095,48.0741788176976,54.2153521583549,59.81383434837703,62.30976017554447,64.04964113262395,69.86902732607905,73.94919937227024,77.3890285980017,77.91337760528454,80.7227763189306,82.4177544131275,59.958098060360015,66.72218057163589,71.65796254394289,45.83316785522826,52.153891310656434,57.70630718124826,60.75841825393223,66.88116355322406,67.44277284801893,54.851509007567515,61.03361237131031,61.99710238163736,62.47654998044248,43.574444417713565,48.76487310906455,52.20522323659518,57.652321363120905,61.49327410951079,54.20578709565405,57.31973667777642,46.2040188284199,47.339973052849736,47.72764430533047,48.83167102602162,49.78553789304239,50.26659714095266,43.34867966001604,49.59437281610367,5.844700591133792
4,14.254024227471726,14.186009523179207,9.296776352220807,3.5152743847386554,0.0,1.8387786707486,13.806418621883507,20.82253934490418,21.181899888091657,26.284228278150444,32.737986330634286,38.7629215999961,44.90780573234557,51.68058315375842,57.05619400276898,65.47623378889827,70.71829731388536,100.63873113426969,103.3464220324337,105.9784991589632,110.23811357813308,115.5785695511751,116.53377110058757,122.8186854993682,129.2073281221965,138.35444687856443,144.47535381769376,147.39004502771985,149.92288235534005,156.1424340315241,159.02942612017645,163.07485912480828,166.09068758596874,171.18528823696346,177.59661571370202,181.02477885395993,181.99445623456887,114.63498064457934,120.62991358832443,128.48204845726295,131.53981300019294,139.35163929114435,145.0538384283194,146.49144094640292,148.81229337600718,152.2082997069789,157.77066260416566,160.4481037333037,164.58257226021257,166.612553048299,170.3454507163312,170.87596838804438,174.6608567615635,176.5027506238694,176.78747329595578,155.47401244843886,158.807035550669,160.55287059442315,147.45999214483786,152.7190747644589,160.10974963215537,129.11598022954513,133.8250501534149,137.04679366778583,140.29501694296061,149.64938588938577,155.91759289715185,159.76626700523528,160.2623578971674,156.35503321059272,156.96756177708812,157.86186667968173,140.34759661954755,142.03352692652945,143.98942774201063,146.64592129555072,149.96724106335387,152.3082889056672,140.68921059765478,145.4184753396628,150.74811604049808,75.41693541444172,86.08355860128287,91.84761615457815,95.90095436039888,103.55681214161778,109.22399946750951,114.97399372170393,123.57779674495866,128.75829998268352,133.90815586256147,135.5655674392973,137.19998913150073,142.67640386019073,145.34236792776943,148.33046500170582,141.80149949630967,149.65765462059147,150.74652232122776,142.7606967514491,144.11540687760552,147.24154169556775,145.7415683840563,149.61375279389495,128.45539725370756,129.9319347983951,130.80095453669776,136.40992426490013,137.64604342493126,140.58167793896737,109.35720391292713,111.91133907425302,114.72776791101955,119.34960951307693,122.85169003139517,127.4820673634811,130.1494887526515,138.20602243512835,130.1914188201965,132.66633169164817,133.4344767203771,123.48191563798332,128.9595650616012,132.50264852489417,135.65918892031502,137.10348059709395,138.17881184365493,118.41740829100412,119.75992346782706,120.50386566988313,121.06877628228122,123.76513920295788,126.12959643454401,114.36104784877095,117.92010853945885,110.80211284803966,113.26077341465701,108.46414882280234,89.67299613416904,90.76643530882049,96.34593330078567,101.99562760646462,83.50743275272742,85.67201213032402,86.67039913983112,74.01954586557001,74.93562719383732,79.01464962574427,86.58451309875355,46.300109139125,51.29799759326242,53.56011297493505,56.180659864422054,59.147917689418065,61.191084104568795,62.40757413740917,64.01694233642392,69.6075302303757,74.29176399909392,80.03078586697349,84.48457548930635,83.15341972703229,44.55890443295894,50.700077773616236,56.29855996363837,58.79448579080581,60.53436674788528,66.35375294134039,70.43392498753158,73.87375421326304,74.39810322054588,77.20750193419194,78.90248002838884,56.442823675621355,63.20690618689723,68.14268815920423,42.3178934704896,48.63861692591777,54.1910327965096,57.24314386919357,63.36588916848539,63.927498463280266,51.336234622828854,57.51833798657165,58.4818279968987,58.96127559570382,40.059170032974905,45.24959872432589,48.68994885185652,54.137046978382244,57.97799972477213,50.69051271091539,53.80446229303776,42.68874444368124,43.824698668111076,44.21236992059181,45.31639664128296,46.27026350830373,46.751322756214,39.83340527527738,46.07909843136501,9.359974975872447
5,16.092802898220324,16.024788193927805,11.135555022969406,5.354053055487255,1.8387786707486,0.0,11.967639951134908,18.983760674155583,19.34312121734306,24.445449607401848,30.89920765988569,36.9241429292475,43.06902706159698,49.841804483009824,55.21741533202039,63.63745511814968,68.87951864313678,98.79995246352111,101.50764336168511,104.13972048821462,108.3993349073845,113.73979088042651,114.69499242983899,120.97990682861962,127.36854945144789,136.51566820781585,142.63657514694518,145.55126635697127,148.08410368459147,154.3036553607755,157.19064744942787,161.2360804540597,164.25190891522016,169.34650956621488,175.75783704295344,179.18600018321135,180.1556775638203,112.79620197383076,118.79113491757585,126.64326978651437,129.70103432944435,137.51286062039577,143.21505975757083,144.65266227565434,146.9735147052586,150.3695210362303,155.93188393341708,158.60932506255511,162.743793589464,164.7737743775504,168.5066720455826,169.0371897172958,172.82207809081493,174.6639719531208,174.9486946252072,153.63523377769027,156.96825687992043,158.71409192367457,145.62121347408927,150.8802960937103,158.2709709614068,127.27720155879655,131.98627148266633,135.20801499703725,138.45623827221203,147.8106072186372,154.07881422640327,157.9274883344867,158.4235792264188,154.51625453984414,155.12878310633954,156.02308800893314,138.50881794879896,140.19474825578087,142.15064907126205,144.80714262480214,148.1284623926053,150.46951023491863,138.8504319269062,143.5796966689142,148.9093373697495,73.57815674369314,84.24477993053429,90.00883748382957,94.0621756896503,101.7180334708692,107.38522079676093,113.13521505095535,121.73901807421008,126.91952131193494,132.0693771918129,133.72678876854872,135.36121046075215,140.83762518944215,143.50358925702085,146.49168633095724,139.9627208255611,147.8188759498429,148.90774365047918,140.92191808070052,142.27662820685694,145.40276302481917,143.90278971330773,147.77497412314636,126.61661858295896,128.0931561276465,128.96217586594915,134.57114559415152,135.80726475418268,138.7428992682188,107.51842524217855,110.07256040350444,112.88898924027097,117.51083084232835,121.01291136064658,125.64328869273251,128.31071008190293,136.36724376437977,128.35264014944792,130.8275530208996,131.5956980496285,121.64313696723474,127.12078639085263,130.6638698541456,133.82041024956644,135.26470192634537,136.34003317290635,116.57862962025554,117.92114479707848,118.66508699913454,119.22999761153264,121.9263605322093,124.29081776379543,112.52226917802237,116.08132986871027,108.96333417729107,111.42199474390843,106.62537015205376,87.83421746342046,88.92765663807191,94.50715463003709,100.15684893571604,81.66865408197884,83.83323345957544,84.83162046908254,72.18076719482143,73.09684852308874,77.17587095499569,84.74573442800497,44.4613304683764,49.45921892251383,51.721334304186456,54.34188119367346,57.30913901866947,59.3523054338202,60.568795466660575,62.178163665675335,67.7687515596271,72.45298532834532,78.19200719622489,82.64579681855776,81.3146410562837,42.720125762210344,48.86129910286764,54.45978129288977,56.95570712005721,58.695588077136684,64.5149742705918,68.59514631678299,72.03497554251445,72.55932454979728,75.36872326344334,77.06370135764024,54.60404500487276,61.36812751614863,66.30390948845563,40.479114799741005,46.79983825516918,52.35225412576101,55.40436519844497,61.52711049773679,62.08871979253167,49.49745595208026,55.679559315823056,56.643049326150106,57.12249692495522,38.22039136222631,43.4108200535773,46.851170181107925,52.29826830763365,56.13922105402354,48.8517340401668,51.96568362228916,40.84996577293264,41.98591999736248,42.373591249843216,43.47761797053436,44.43148483755513,44.912544085465406,37.99462660452878,44.240319760616416,11.198753646621046
6,28.06044284935523,27.99242814506271,23.103194974104312,17.321693006622162,13.806418621883507,11.967639951134908,0.0,7.0161207230206735,7.37548126620815,12.477809656266938,18.93156770875078,24.956502978112592,31.10138711046207,37.87416453187492,43.24977538088548,51.669815167014775,56.911878692001864,86.8323125123862,89.5400034105502,92.17208053707971,96.43169495624959,101.7721509292916,102.72735247870408,109.0122668774847,115.40090950031298,124.54802825668092,130.66893519581026,133.58362640583636,136.11646373345656,142.3360154096406,145.22300749829296,149.2684405029248,152.28426896408524,157.37886961507996,163.79019709181853,167.21836023207644,168.18803761268538,100.82856202269585,106.82349496644093,114.67562983537945,117.73339437830946,125.54522066926087,131.24741980643594,132.68502232451945,135.0058747541237,138.40188108509543,143.9642439822822,146.64168511142023,150.7761536383291,152.80613442641553,156.5390320944477,157.0695497661609,160.85443813968,162.6963320019859,162.98105467407228,141.6675938265554,145.00061692878555,146.7464519725397,133.65357352295436,138.9126561425754,146.30333101027188,115.30956160766164,120.01863153153141,123.24037504590234,126.48859832107712,135.84296726750227,142.11117427526835,145.95984838335178,146.4559392752839,142.54861458870923,143.16114315520463,144.05544805779823,126.54117799766405,128.22710830464595,130.18300912012714,132.83950267366723,136.16082244147037,138.50187028378372,126.88279197577128,131.6120567177793,136.94169741861458,61.61051679255823,72.27713997939938,78.04119753269465,82.09453573851539,89.75039351973429,95.41758084562602,101.16757509982044,109.77137812307517,114.95188136080003,120.10173724067798,121.7591488174138,123.39357050961723,128.86998523830724,131.53594930588594,134.52404637982232,127.99508087442618,135.85123599870798,136.94010369934426,128.95427812956558,130.308988255722,133.43512307368422,131.9351497621728,135.80733417201145,114.64897863182405,116.1255161765116,116.99453591481425,122.60350564301663,123.83962480304778,126.7752593170839,95.55078529104364,98.10492045236953,100.92134928913606,105.54319089119343,109.04527140951167,113.6756487415976,116.34307013076801,124.39960381324485,116.38500019831301,118.85991306976467,119.6280580984936,109.67549701609983,115.15314643971772,118.69622990301067,121.85277029843154,123.29706197521047,124.37239322177143,104.61098966912063,105.95350484594357,106.69744704799963,107.26235766039773,109.95872058107439,112.32317781266052,100.55462922688746,104.11368991757536,96.99569422615616,99.45435479277351,94.65773020091885,75.86657751228555,76.960016686937,82.53951467890218,88.18920898458113,69.70101413084393,71.86559350844053,72.86398051794762,60.21312724368652,61.12920857195384,65.20823100386079,72.77809447687007,32.4936905172415,37.49157897137892,39.75369435305155,42.37424124253855,45.34149906753456,47.38466548268529,48.60115551552567,50.21052371454043,55.80111160849221,60.48534537721042,66.22436724509,70.67815686742286,69.34700110514879,30.752485811075438,36.893659151732734,42.492141341754866,44.988067168922306,46.72794812600178,52.54733431945689,56.62750636564809,60.067335591379546,60.59168459866238,63.401083312308444,65.09606140650534,42.63640505373785,49.40048756501373,54.336269537320725,28.511474848606095,34.832198304034264,40.384614174626094,43.43672524731006,49.55947054660188,50.12107984139676,37.52981600094535,43.71191936468814,44.67540937501519,45.15485697382031,26.252751411091396,31.443180102442387,34.88353022997302,40.33062835649875,44.17158110288864,36.88409408903189,39.99804367115426,28.882325821797735,30.018280046227577,30.405951298708313,31.50997801939946,32.463844886420226,32.9449041343305,26.026986653393873,32.27267980948151,23.166393597755956
7,35.07656357237591,35.00854886808339,30.11931569712499,24.33781372964284,20.822539344904182,18.983760674155583,7.0161207230206735,0.0,0.3593605431874773,5.461688933246266,11.915446985730107,17.94038225509192,24.085266387441393,30.858043808854237,36.233654657864804,44.6536944439941,49.89575796898119,79.81619178936552,82.52388268752952,85.15595981405903,89.41557423322891,94.75603020627092,95.7112317556834,101.99614615446403,108.3847887772923,117.53190753366025,123.65281447278957,126.56750568281566,129.10034301043586,135.31989468661988,138.20688677527224,142.25231977990407,145.26814824106452,150.36274889205924,156.7740763687978,160.20223950905572,161.17191688966466,93.81244129967517,99.80737424342026,107.65950911235878,110.71727365528878,118.5290999462402,124.23129908341527,125.66890160149876,127.98975403110302,131.38576036207473,136.9481232592615,139.62556438839954,143.76003291530841,145.79001370339483,149.52291137142703,150.05342904314023,153.83831741665935,155.68021127896523,155.96493395105162,134.6514731035347,137.98449620576486,139.730331249519,126.6374527999337,131.89653541955474,139.2872102872512,108.29344088464096,113.00251080851073,116.22425432288166,119.47247759805644,128.8268465444816,135.0950535522477,138.94372766033112,139.43981855226323,135.53249386568856,136.14502243218396,137.03932733477757,119.52505727464337,121.21098758162528,123.16688839710646,125.82338195064654,129.14470171844968,131.48574956076303,119.8666712527506,124.5959359947586,129.9255766955939,54.59439606953755,65.2610192563787,71.02507680967398,75.07841501549471,82.73427279671361,88.40146012260534,94.15145437679976,102.75525740005449,107.93576063777935,113.0856165176573,114.74302809439313,116.37744978659656,121.85386451528656,124.51982858286526,127.50792565680165,120.9789601514055,128.83511527568731,129.9239829763236,121.93815740654492,123.29286753270132,126.41900235066356,124.91902903915214,128.79121344899076,107.63285790880337,109.10939545349092,109.97841519179357,115.58738491999596,116.8235040800271,119.75913859406322,88.53466456802296,91.08879972934885,93.90522856611538,98.52707016817276,102.029150686491,106.65952801857692,109.32694940774734,117.38348309022417,109.36887947529233,111.843792346744,112.61193737547292,102.65937629307913,108.13702571669702,111.68010917998998,114.83664957541085,116.28094125218978,117.35627249875074,97.59486894609995,98.9373841229229,99.68132632497895,100.24623693737705,102.94259985805371,105.30705708963984,93.53850850386678,97.09756919455468,89.97957350313548,92.43823406975284,87.64160947789817,68.85045678926487,69.94389596391632,75.5233939558815,81.17308826156045,62.68489340782325,64.84947278541985,65.84785979492695,53.197006520665845,54.11308784893316,58.19211028084011,65.76197375384939,25.477569794220823,30.475458248358244,32.73757363003087,35.358120519517875,38.32537834451389,40.368544759664616,41.58503479250499,43.19440299151975,48.78499088547153,53.469224654189745,59.20824652206932,63.66203614440218,62.33088038212811,23.736365088054765,29.877538428712057,35.47602061873419,37.97194644590163,39.7118274029811,45.53121359643621,49.61138564262741,53.05121486835887,53.575563875641706,56.38496258928777,58.07994068348467,35.620284330717176,42.38436684199305,47.32014881430005,21.495354125585422,27.816077581013595,33.368493451605424,36.42060452428939,42.54334982358121,43.10495911837609,30.513695277924676,36.695798641667466,37.659288651994515,38.13873625079963,19.236630688070722,24.427059379421713,27.86740950695234,33.31450763347807,37.15546037986796,29.867973366011213,32.98192294813358,21.86620509877706,23.0021593232069,23.389830575687636,24.49385729637878,25.44772416339955,25.928783411309823,19.0108659303732,25.256559086460832,30.182514320776633
8,35.43592411556339,35.367909411270865,30.478676240312463,24.697174272830313,21.181899888091657,19.343121217343057,7.37548126620815,0.3593605431874773,0.0,5.102328390058789,11.55608644254263,17.581021711904445,23.725905844253923,30.498683265666767,35.874294114677326,44.29433390080662,49.53639742579371,79.45683124617804,82.16452214434204,84.79659927087155,89.05621369004143,94.39666966308344,95.35187121249592,101.63678561127655,108.02542823410482,117.17254699047277,123.2934539296021,126.20814513962819,128.7409824672484,134.96053414343243,137.8475262320848,141.89295923671662,144.90878769787707,150.0033883488718,156.41471582561036,159.84287896586827,160.8125563464772,93.4530807564877,99.44801370023278,107.3001485691713,110.3579131121013,118.16973940305272,123.87193854022779,125.30954105831128,127.63039348791554,131.02639981888726,136.58876271607403,139.26620384521206,143.40067237212094,145.43065316020736,149.16355082823952,149.69406849995272,153.47895687347184,155.32085073577773,155.6055734078641,134.29211256034722,137.62513566257738,139.37097070633152,126.27809225674622,131.53717487636726,138.92784974406374,107.93408034145348,112.64315026532326,115.86489377969419,119.11311705486897,128.46748600129413,134.73569300906024,138.58436711714367,139.08045800907578,135.1731333225011,135.7856618889965,136.6799667915901,119.1656967314559,120.8516270384378,122.80752785391898,125.46402140745906,128.7853411752622,131.12638901757555,119.50731070956313,124.23657545157113,129.5662161524064,54.235035526350075,64.90165871319122,70.6657162664865,74.71905447230723,82.37491225352613,88.04209957941787,93.79209383361228,102.39589685686701,107.57640009459188,112.72625597446982,114.38366755120565,116.01808924340908,121.49450397209908,124.16046803967778,127.14856511361417,120.61959960821802,128.47575473249984,129.56462243313612,121.57879686335744,122.93350698951384,126.05964180747608,124.55966849596466,128.43185290580328,107.2734973656159,108.75003491030344,109.6190546486061,115.22802437680848,116.46414353683963,119.39977805087574,88.17530402483548,90.72943918616137,93.5458680229279,98.16770962498528,101.66979014330352,106.30016747538944,108.96758886455986,117.0241225470367,109.00951893210485,111.48443180355652,112.25257683228544,102.30001574989166,107.77766517350955,111.3207486368025,114.47728903222337,115.9215807090023,116.99691195556326,97.23550840291247,98.57802357973542,99.32196578179148,99.88687639418957,102.58323931486623,104.94769654645236,93.1791479606793,96.7382086513672,89.620212959948,92.07887352656536,87.2822489347107,68.49109624607739,69.58453542072884,75.16403341269402,80.81372771837297,62.325532864635775,64.49011224223237,65.48849925173947,52.83764597747837,53.753727305745684,57.832749737652634,65.40261321066191,25.11820925103335,30.116097705170773,32.3782130868434,34.998759976330405,37.966017801326416,40.009184216477145,41.22567424931752,42.83504244833228,48.42563034228406,53.109864111002274,58.848885978881846,63.3026756012147,61.97151983894063,23.37700454486729,29.518177885524587,35.11666007554672,37.61258590271416,39.35246685979363,45.17185305324874,49.25202509943994,52.6918543251714,53.216203332454235,56.025602046100296,57.7205801402972,35.260923787529705,42.02500629880558,46.96078827111258,21.135993582397948,27.456717037826117,33.009132908417946,36.06124398110191,42.18398928039373,42.74559857518861,30.154334734737205,36.33643809848,37.29992810880705,37.77937570761217,18.877270144883248,24.06769883623424,27.508048963764868,32.955147090290595,36.79609983668048,29.508612822823743,32.62256240494611,21.506844555589588,22.64279878001943,23.030470032500165,24.13449675319131,25.08836362021208,25.569422868122352,18.651505387185722,24.897198543273355,30.541874863964104
9,40.538252505622175,40.47023780132965,35.581004630371254,29.799502662889104,26.284228278150447,24.445449607401848,12.477809656266938,5.461688933246266,5.102328390058789,0.0,6.453758052483842,12.478693321845654,18.62357745419513,25.396354875607972,30.771965724618536,39.19200551074783,44.43406903573492,74.35450285611925,77.06219375428326,79.69427088081277,83.95388529998264,89.29434127302466,90.24954282243714,96.53445722121776,102.92309984404604,112.07021860041398,118.19112553954331,121.1058167495694,123.63865407718961,129.85820575337362,132.745197842026,136.79063084665782,139.80645930781827,144.901059958813,151.31238743555156,154.74055057580946,155.7102279564184,88.3507523664289,94.34568531017399,102.19782017911251,105.25558472204251,113.06741101299393,118.769610150169,120.2072126682525,122.52806509785675,125.92407142882848,131.48643432601526,134.1638754551533,138.29834398206216,140.32832477014858,144.06122243818078,144.59174010989398,148.3766284834131,150.21852234571898,150.50324501780537,129.18978417028845,132.5228072725186,134.26864231627275,121.17576386668742,126.43484648630846,133.82552135400493,102.8317519513947,107.54082187526447,110.7625653896354,114.01078866481018,123.36515761123535,129.63336461900144,133.48203872708487,133.97812961901698,130.0708049324423,130.68333349893769,131.5776384015313,114.06336834139711,115.74929864837901,117.7051994638602,120.36169301740027,123.68301278520343,126.02406062751679,114.40498231950434,119.13424706151234,124.46388776234762,49.13270713629129,59.79933032313244,65.56338787642771,69.61672608224845,77.27258386346735,82.93977118935908,88.6897654435535,97.29356846680822,102.47407170453309,107.62392758441104,109.28133916114686,110.91576085335029,116.3921755820403,119.058139649619,122.04623672355538,115.51727121815924,123.37342634244105,124.46229404307734,116.47646847329865,117.83117859945506,120.9573134174173,119.45734010590587,123.32952451574451,102.17116897555711,103.64770652024465,104.51672625854731,110.12569598674969,111.36181514678084,114.29744966081695,83.0729756347767,85.62711079610258,88.44353963286912,93.06538123492649,96.56746175324473,101.19783908533066,103.86526047450107,111.92179415697791,103.90719054204607,106.38210341349773,107.15024844222665,97.19768735983288,102.67533678345077,106.21842024674373,109.3749606421646,110.81925231894353,111.89458356550449,92.13318001285369,93.47569518967663,94.21963739173269,94.78454800413078,97.48091092480745,99.84536815639358,88.07681957062051,91.63588026130842,84.51788456988922,86.97654513650657,82.1799205446519,63.38876785601861,64.48220703067007,70.06170502263525,75.7113993283142,57.22320447457699,59.387783852173584,60.38617086168069,47.73531758741958,48.6513989156869,52.73042134759385,60.300284820603125,20.01588086097456,25.01376931511198,27.27588469678461,29.89643158627161,32.86368941126762,34.90685582641835,36.12334585925873,37.73271405827349,43.323301952225265,48.00753572094348,53.74655758882305,58.200347211155915,56.86919144888184,18.2746761548085,24.415849495465793,30.014331685487925,32.510257512655365,34.250138469734836,40.069524663189945,44.149696709381146,47.589525935112604,48.11387494239544,50.9232736560415,52.61825175023841,30.15859539747091,36.922677908746785,41.85845988105378,16.033665192339157,22.35438864776733,27.90680451835916,30.958915591043123,37.081660890334945,37.64327018512982,25.05200634467841,31.234109708421204,32.19759971874825,32.67704731755337,13.774941754824459,18.96537044617545,22.405720573706077,27.852818700231804,31.693771446621692,24.40628443276495,27.520234014887315,16.404516165530794,17.540470389960635,17.92814164244137,19.032168363132516,19.986035230153284,20.467094478063558,13.549176997126935,19.794870153214568,35.6442032540229
10,46.99201055810602,46.923995853813494,42.034762682855096,36.253260715372946,32.73798633063429,30.89920765988569,18.931567708750784,11.915446985730108,11.55608644254263,6.453758052483842,0.0,6.024935269361813,12.16981940171129,18.942596823124134,24.318207672134697,32.73824745826399,37.98031098325109,67.90074480363542,70.60843570179942,73.24051282832893,77.50012724749881,82.84058322054082,83.7957847699533,90.08069916873393,96.4693417915622,105.61646054793015,111.73736748705947,114.65205869708556,117.18489602470578,123.4044477008898,126.29143978954217,130.33687279417398,133.35270125533444,138.44730190632916,144.85862938306772,148.28679252332563,149.25646990393457,81.89699431394507,87.89192725769016,95.74406212662868,98.80182666955868,106.6136529605101,112.31585209768517,113.75345461576866,116.07430704537292,119.47031337634465,125.03267627353142,127.71011740266947,131.84458592957833,133.87456671766475,137.60746438569691,138.1379820574101,141.92287043092924,143.76476429323512,144.0494869653215,122.73602611780461,126.06904922003478,127.81488426378893,114.72200581420358,119.98108843382462,127.3717633015211,96.37799389891086,101.08706382278064,104.30880733715156,107.55703061232634,116.91139955875151,123.1796065665176,127.02828067460104,127.52437156653315,123.61704687995847,124.22957544645388,125.12388034904748,107.60961028891327,109.29554059589518,111.25144141137636,113.90793496491644,117.2292547327196,119.57030257503295,107.9512242670205,112.6804890090285,118.01012970986379,42.67894908380745,53.3455722706486,59.10962982394388,63.162968029764606,70.81882581098351,76.48601313687524,82.23600739106966,90.83981041432439,96.02031365204925,101.1701695319272,102.82758110866303,104.46200280086646,109.93841752955646,112.60438159713516,115.59247867107155,109.0635131656754,116.91966828995722,118.0085359905935,110.02271042081482,111.37742054697122,114.50355536493346,113.00358205342204,116.87576646326067,95.71741092307327,97.19394846776082,98.06296820606347,103.67193793426586,104.908057094297,107.84369160833312,76.61921758229286,79.17335274361875,81.98978158038528,86.61162318244266,90.1137037007609,94.74408103284682,97.41150242201724,105.46803610449408,97.45343248956223,99.9283453610139,100.69649038974282,90.74392930734905,96.22157873096694,99.7646621942599,102.92120258968076,104.36549426645969,105.44082551302066,85.67942196036985,87.0219371371928,87.76587933924885,88.33078995164695,91.02715287232361,93.39161010390974,81.62306151813668,85.18212220882458,78.06412651740538,80.52278708402274,75.72616249216807,56.935009803534776,58.028448978186226,63.60794697015141,69.25764127583035,50.769446422093154,52.93402579968975,53.932412809196855,41.281559534935745,42.19764086320306,46.27666329511001,53.84652676811929,13.562122808490717,18.560011262628137,20.822126644300766,23.44267353378777,26.40993135878378,28.45309777393451,29.66958780677488,31.278956005789638,36.869543899741416,41.55377766845963,47.2927995363392,51.746589158672066,50.41543339639801,11.820918102324658,17.96209144298195,23.560573633004083,26.056499460171523,27.796380417250997,33.6157666107061,37.695938656897304,41.13576788262876,41.6601168899116,44.46951560355766,46.164493697754565,23.70483734498707,30.46891985626294,35.40470182856994,9.579907139855315,15.900630595283486,21.453046465875317,24.50515753855928,30.627902837851103,31.18951213264598,18.598248292194572,24.780351655937366,25.743841666264416,26.223289265069532,7.321183702340617,12.511612393691609,15.951962521222237,21.399060647747966,25.240013394137854,17.952526380281107,21.066475962403473,9.950758113046955,11.086712337476795,11.474383589957533,12.578410310648678,13.532277177669446,14.01333642557972,7.095418944643092,13.341112100730726,42.09796130650674
11,53.01694582746783,52.948931123175306,48.05969795221691,42.27819598473476,38.762921599996105,36.9241429292475,24.956502978112592,17.94038225509192,17.58102171190444,12.478693321845654,6.024935269361813,0.0,6.1448841323494765,12.917661553762322,18.293272402772885,26.71331218890218,31.95537571388927,61.87580953427361,64.5835004324376,67.21557755896711,71.47519197813699,76.815647951179,77.77084950059148,84.05576389937211,90.44440652220038,99.59152527856833,105.71243221769765,108.62712342772375,111.15996075534396,117.37951243152798,120.26650452018035,124.31193752481217,127.32776598597262,132.42236663696735,138.83369411370592,142.26185725396383,143.23153463457277,75.87205904458325,81.86699198832834,89.71912685726686,92.77689140019686,100.58871769114828,106.29091682832335,107.72851934640684,110.0493717760111,113.44537810698283,119.0077410041696,121.68518213330765,125.81965066021652,127.84963144830294,131.58252911633514,132.11304678804834,135.89793516156746,137.73982902387334,138.02455169595973,116.7110908484428,120.04411395067297,121.7899489944271,108.69707054484178,113.95615316446282,121.3468280321593,90.35305862954904,95.06212855341882,98.28387206778974,101.53209534296452,110.88646428938969,117.15467129715579,121.00334540523922,121.49943629717133,117.59211161059665,118.20464017709206,119.09894507968566,101.58467501955145,103.27060532653336,105.22650614201454,107.88299969555462,111.20431946335776,113.54536730567112,101.92628899765869,106.65555373966669,111.98519444050197,36.654013814445634,47.320637001286784,53.08469455458206,57.13803276040279,64.79389054162169,70.46107786751342,76.21107212170784,84.81487514496257,89.99537838268743,95.14523426256538,96.8026458393012,98.43706753150464,103.91348226019464,106.57944632777334,109.56754340170973,103.03857789631358,110.8947330205954,111.98360072123168,103.997775151453,105.3524852776094,108.47862009557164,106.97864678406022,110.85083119389886,89.69247565371145,91.169013198399,92.03803293670165,97.64700266490404,98.88312182493519,101.8187563389713,70.59428231293104,73.14841747425693,75.96484631102346,80.58668791308084,84.08876843139907,88.719145763485,91.38656715265542,99.44310083513226,91.42849722020041,93.90341009165208,94.671555120381,84.71899403798722,90.1966434616051,93.73972692489806,96.89626732031893,98.34055899709786,99.41589024365882,79.65448669100803,80.99700186783097,81.74094406988704,82.30585468228513,85.00221760296179,87.36667483454792,75.59812624877486,79.15718693946276,72.03919124804356,74.49785181466092,69.70122722280625,50.910074534172956,52.00351370882441,57.58301170078959,63.23270600646853,44.744511152731334,46.90909053032793,47.907477539835035,35.256624265573926,36.17270559384124,40.25172802574819,47.82159149875747,7.537187539128904,12.535075993266325,14.797191374938954,17.417738264425957,20.384996089421968,22.428162504572697,23.64465253741307,25.254020736427826,30.844608630379604,35.52884239909782,41.26786426697739,45.72165388931025,44.39049812703619,5.795982832962846,11.93715617362014,17.535638363642274,20.031564190809714,21.77144514788919,27.5908313413443,31.6710033875355,35.11083261326696,35.635181620549794,38.444580334195855,40.13955842839276,17.679902075625257,24.443984586901127,29.379766559208125,3.554971870493502,9.875695325921672,15.428111196513502,18.480222269197466,24.60296756848929,25.164576863284168,12.573313022832757,18.75541638657555,19.7189063969026,20.198353995707716,1.2962484329788044,6.486677124329796,9.927027251860425,15.374125378386152,19.215078124776042,11.927591110919295,15.04154069304166,3.9258228436851415,5.061777068114981,5.449448320595719,6.553475041286864,7.507341908307632,7.988401156217906,13.120354214004905,19.366047370092538,48.12289657586855
12,59.16182995981731,59.09381525552479,54.20458208456639,48.42308011708424,44.90780573234559,43.069027061596984,31.101387110462074,24.0852663874414,23.725905844253923,18.623577454195132,12.16981940171129,6.1448841323494765,0.0,6.772777421412845,12.148388270423407,20.5684280565527,25.810491581539793,55.730925401924125,58.43861630008812,61.07069342661764,65.33030784578752,70.67076381882953,71.625965368242,77.91087976702264,84.2995223898509,93.44664114621885,99.56754808534818,102.48223929537427,105.01507662299448,111.23462829917851,114.12162038783087,118.16705339246269,121.18288185362314,126.27748250461788,132.68880998135643,136.11697312161434,137.08665050222328,69.72717491223378,75.72210785597886,83.57424272491738,86.63200726784738,94.4438335587988,100.14603269597387,101.58363521405737,103.90448764366162,107.30049397463335,112.86285687182013,115.54029800095817,119.67476652786705,121.70474731595347,125.43764498398565,125.96816265569886,129.753051029218,131.59494489152388,131.87966756361027,110.56620671609332,113.89922981832349,115.64506486207763,102.55218641249229,107.81126903211333,115.2019438998098,84.20817449719956,88.91724442106934,92.13898793544027,95.38721121061505,104.74158015704022,111.00978716480631,114.85846127288974,115.35455216482185,111.44722747824717,112.05975604474258,112.95406094733619,95.43979088720198,97.12572119418388,99.08162200966507,101.73811556320514,105.0594353310083,107.40048317332166,95.78140486530921,100.51066960731721,105.8403103081525,30.509129682096155,41.17575286893731,46.93981042223258,50.99314862805331,58.64900640927221,64.31619373516395,70.06618798935837,78.6699910126131,83.85049425033796,89.0003501302159,90.65776170695173,92.29218339915516,97.76859812784517,100.43456219542387,103.42265926936025,96.89369376396411,104.74984888824592,105.8387165888822,97.85289101910352,99.20760114525993,102.33373596322217,100.83376265171074,104.70594706154938,83.54759152136198,85.02412906604953,85.89314880435218,91.50211853255456,92.73823769258571,95.67387220662182,64.44939818058157,67.00353334190746,69.81996217867399,74.44180378073136,77.9438842990496,82.57426163113553,85.24168302030594,93.29821670278278,85.28361308785094,87.7585259593026,88.52667098803153,78.57410990563775,84.05175932925565,87.5948427925486,90.75138318796947,92.1956748647484,93.27100611130936,73.50960255865856,74.8521177354815,75.59605993753756,76.16097054993566,78.85733347061232,81.22179070219845,69.45324211642539,73.01230280711329,65.89430711569408,68.35296768231143,63.55634309045678,44.76519040182348,45.85862957647493,51.438127568440116,57.08782187411906,38.59962702038186,40.764206397978455,41.76259340748556,29.11174013322445,30.027821461491765,34.10684389339871,41.67670736640799,13.68207167147838,18.6799601256158,20.94207550728843,23.56262239677543,26.529880221771442,28.57304663692217,29.789536669762544,31.3989048687773,36.98949276272908,41.673726531447294,47.412748399326865,51.86653802165972,38.24561399468671,11.940866965312322,18.082040305969617,23.680522495991752,26.176448323159192,27.916329280238667,33.73571547369377,37.815887519884974,41.25571674561643,41.78006575289927,44.58946446654533,46.284442560742235,23.824786207974736,30.588868719250605,35.5246506915576,9.699856002842978,16.02057945827115,21.57299532886298,24.625106401546944,30.747851700838766,31.309460995633643,6.428428890483281,12.610532254226076,13.574022264553124,14.05346986335824,7.441132565328281,12.631561256679273,16.0719113842099,21.51900951073563,25.359962257125517,5.782706978569818,8.896656560692184,10.070706976034618,11.206661200464458,11.594332452945196,12.69835917363634,13.652226040657109,14.133285288567382,19.265238346354383,25.51093150244202,54.267780708218034
13,65.93460738123015,65.86659267693763,60.97735950597922,55.19585753849707,51.68058315375842,49.84180448300982,37.87416453187491,30.85804380885424,30.498683265666763,25.396354875607976,18.942596823124134,12.917661553762322,6.772777421412845,0.0,5.375610849010563,13.795650635139857,19.03771416012695,48.958147980511285,51.66583887867528,54.2979160052048,58.55753042437468,63.897986397416695,64.85318794682918,71.13810234560981,77.52674496843808,86.67386372480603,92.79477066393535,95.70946187396144,98.24229920158166,104.46185087776568,107.34884296641805,111.39427597104986,114.41010443221032,119.50470508320505,125.91603255994362,129.34419570020154,130.31387308081048,62.95439749082095,68.94933043456604,76.80146530350456,79.85922984643456,87.67105613738597,93.37325527456105,94.81085779264454,97.1317102222488,100.52771655322053,106.0900794504073,108.76752057954535,112.90198910645422,114.93196989454064,118.66486756257282,119.19538523428604,122.98027360780517,124.82216747011105,125.10689014219743,103.7934292946805,107.12645239691066,108.8722874406648,95.77940899107946,101.0384916107005,108.42916647839698,77.43539707578674,82.14446699965652,85.36621051402744,88.61443378920222,97.96880273562739,104.23700974339349,108.08568385147692,108.58177474340903,104.67445005683435,105.28697862332976,106.18128352592336,88.66701346578915,90.35294377277106,92.30884458825224,94.96533814179232,98.28665790959548,100.62770575190883,89.00862744389639,93.73789218590439,99.06753288673967,23.73635226068331,34.40297544752446,40.167033000819735,44.220371206640465,51.87622898785936,57.5434163137511,63.29341056794553,71.89721359120026,77.07771682892512,82.22757270880307,83.88498428553889,85.51940597774232,90.99582070643233,93.66178477401102,96.64988184794741,90.12091634255128,97.9770714668331,99.06593916746938,91.0801135976907,92.4348237238471,95.56095854180934,94.0609852302979,97.93316964013654,76.77481409994915,78.2513516446367,79.12037138293935,84.72934111114174,85.96546027117289,88.901094785209,57.67662075916873,60.23075592049461,63.04718475726114,67.66902635931852,71.17110687763676,75.80148420972269,78.4689055988931,86.52543928136994,78.51083566643811,80.98574853788978,81.7538935666187,71.8013324842249,77.27898190784279,80.82206537113575,83.97860576655661,85.42289744333554,86.49822868989651,66.73682513724573,68.07934031406867,68.82328251612473,69.38819312852283,72.08455604919949,74.44901328078562,62.68046469501255,66.23952538570046,59.121529694281236,61.58019026089858,56.78356566904394,37.992412980410634,39.085852155062085,44.66535014702727,50.31504445270622,31.826849598969012,33.99142897656561,34.98981598607271,22.338962711811607,23.25504404007892,27.33406647198587,34.90392994499515,20.454849092891227,25.452737547028647,27.714852928701276,30.33539981818828,33.30265764318429,35.34582405833502,36.562314091175395,38.171682290190155,43.76227018414193,48.44650395286015,54.18552582073972,58.639315443072576,31.472836573273867,18.713644386725168,24.85481772738246,30.453299917404593,32.94922574457203,34.689106701651504,40.50849289510661,44.588664941297814,48.02849416702927,48.55284317431211,51.36224188795817,53.057219982155075,30.59756362938758,37.36164614066345,42.29742811297045,16.472633424255825,22.793356879683998,28.345772750275827,31.39788382295979,37.52062912225161,38.08223841704649,13.201206311896126,19.38330967563892,20.34679968596597,20.826247284771085,14.213909986741127,19.404338678092117,22.844688805622745,28.291786932148472,32.13273967853836,12.555484399982664,15.66943398210503,16.84348439744746,17.979438621877303,18.36710987435804,19.471136595049185,20.425003462069952,20.906062709980226,26.038015767767227,32.28370892385486,61.04055812963087
14,71.31021823024072,71.2422035259482,66.3529703549898,60.57146838750764,57.05619400276899,55.21741533202039,43.24977538088548,36.233654657864804,35.874294114677326,30.77196572461854,24.318207672134697,18.293272402772885,12.148388270423407,5.375610849010563,0.0,8.420039786129294,13.662103311116386,43.58253713150072,46.29022802966472,48.922305156194234,53.18191957536412,58.52237554840613,59.47757709781861,65.76249149659924,72.15113411942751,81.29825287579546,87.41915981492478,90.33385102495087,92.86668835257109,99.08624002875511,101.97323211740748,106.0186651220393,109.03449358319975,114.12909423419448,120.54042171093305,123.96858485119095,124.93826223179988,57.57878664181039,63.57371958555548,71.425854454494,74.483618997424,82.29544528837542,87.99764442555049,89.43524694363398,91.75609937323824,95.15210570420997,100.71446860139675,103.39190973053479,107.52637825744367,109.55635904553009,113.28925671356227,113.81977438527548,117.60466275879462,119.4465566211005,119.73127929318687,98.41781844566994,101.75084154790011,103.49667659165425,90.40379814206892,95.66288076168996,103.05355562938644,72.05978622677617,76.76885615064595,79.99059966501687,83.23882294019165,92.59319188661682,98.86139889438292,102.71007300246634,103.20616389439846,99.29883920782378,99.91136777431919,100.80567267691279,83.2914026167786,84.9773329237605,86.93323373924169,89.58972729278176,92.9110470605849,95.25209490289826,83.63301659488583,88.36228133689383,93.69192203772911,18.36074141167275,29.0273645985139,34.79142215180917,38.8447603576299,46.5006181388488,52.16780546474054,57.917799718934965,66.52160274218969,71.70210597991455,76.8519618597925,78.50937343652832,80.14379512873175,85.62020985742176,88.28617392500045,91.27427099893684,84.74530549354071,92.60146061782253,93.69032831845881,85.70450274868013,87.05921287483653,90.18534769279877,88.68537438128733,92.55755879112597,71.39920325093858,72.87574079562613,73.74476053392878,79.35373026213117,80.58984942216233,83.52548393619844,52.301009910158164,54.855145071484046,57.67157390825058,62.29341551030795,65.79549602862619,70.42587336071212,73.09329474988253,81.14982843235937,73.13522481742754,75.6101376888792,76.37828271760813,66.42572163521434,71.90337105883224,75.4464545221252,78.60299491754606,80.04728659432499,81.12261784088595,61.36121428823517,62.70372946505811,63.44767166711417,64.01258227951227,66.70894520018894,69.07340243177507,57.30485384600199,60.86391453668989,53.745918845270666,56.20457941188801,51.407954820033375,32.61680213140007,33.71024130605152,39.289739298016706,44.93943360369565,26.45123874995845,28.615818127555045,29.61420513706215,16.963351862801044,17.879433191068358,21.958455622975308,29.52831909598459,25.83045994190179,30.82834839603921,33.09046377771184,35.71101066719884,38.67826849219485,40.72143490734558,41.93792494018596,43.54729313920072,49.137881033152496,53.82211480187071,59.56113666975028,64.01492629208315,26.097225724263303,24.08925523573573,30.230428576393024,35.828910766415156,38.324836593582596,40.06471755066207,45.884103744117176,49.96427579030838,53.404105016039836,53.92845402332267,56.73785273696873,58.43283083116564,35.97317447839814,42.737256989674016,47.673038961981014,21.84824427326639,28.16896772869456,33.72138359928639,36.773494671970354,42.896239971262176,43.45784926605705,18.57681716090669,24.758920524649483,25.722410534976532,26.20185813378165,19.58952083575169,24.77994952710268,28.22029965463331,33.66739778115904,37.50835052754893,17.931095248993223,21.04504483111559,22.219095246458025,23.355049470887867,23.742720723368603,24.846747444059748,25.800614311080516,26.28167355899079,31.41362661677779,37.65931977286542,66.41616897864144
15,79.73025801637003,79.6622433120775,74.7730101411191,68.99150817363694,65.47623378889828,63.63745511814968,51.669815167014775,44.6536944439941,44.29433390080662,39.19200551074783,32.73824745826399,26.71331218890218,20.5684280565527,13.795650635139857,8.420039786129294,0.0,5.242063524987092,35.16249734537143,37.870188243535424,40.50226537006494,44.761879789234825,50.10233576227684,51.057537311689316,57.342451710469945,63.731094333298216,72.87821308966616,78.99912002879549,81.91381123882158,84.4466485664418,90.66620024262582,93.55319233127818,97.59862533591,100.61445379707045,105.70905444806519,112.12038192480375,115.54854506506166,116.51822244567059,49.158746855681095,55.153679799426186,63.00581466836471,66.06357921129471,73.87540550224612,79.5776046394212,81.01520715750469,83.33605958710895,86.73206591808068,92.29442881526745,94.9718699444055,99.10633847131437,101.13631925940079,104.86921692743297,105.39973459914619,109.18462297266532,111.0265168349712,111.31123950705758,89.99777865954064,93.33080176177081,95.07663680552496,81.98375835593961,87.24284097556065,94.63351584325713,63.63974644064688,68.34881636451667,71.5705598788876,74.81878315406237,84.17315210048754,90.44135910825364,94.29003321633706,94.78612410826918,90.8787994216945,91.49132798818991,92.38563289078351,74.8713628306493,76.5572931376312,78.51319395311239,81.16968750665247,84.49100727445563,86.83205511676898,75.21297680875654,79.94224155076454,85.27188225159982,9.940701625543454,20.607324812384604,26.371382365679878,30.42472057150061,38.08057835271951,43.74776567861125,49.49775993280568,58.1015629560604,63.28206619378526,68.43192207366322,70.08933365039904,71.72375534260247,77.20017007129248,79.86613413887117,82.85423121280756,76.32526570741143,84.18142083169325,85.27028853232953,77.28446296255083,78.63917308870724,81.76530790666948,80.26533459515805,84.13751900499669,62.97916346480929,64.45570100949683,65.32472074779949,70.93369047600187,72.16980963603304,75.10544415006915,43.88097012402888,46.43510528535476,49.25153412212129,53.873375724178665,57.3754562424969,62.00583357458284,64.67325496375325,72.72978864623009,64.71518503129825,67.19009790274991,67.95824293147884,58.00568184908506,63.48333127270295,67.02641473599591,70.18295513141678,71.62724680819571,72.70257805475667,52.94117450210587,54.283689678928816,55.02763188098488,55.59254249338297,58.288905414059634,60.653362645645764,48.884814059872696,52.443874750560596,45.325879059141386,47.78453962575873,42.98791503390408,24.196762345270773,25.290201519922228,30.86969951188741,36.51939381756635,18.031198963829155,20.19577834142575,21.194165350932856,8.54331207667175,9.459393404939066,13.538415836846013,21.108279309855295,34.25049972803108,39.248388182168505,41.510503563841134,44.131050453328136,47.09830827832415,49.141474693474876,50.35796472631525,51.96733292533001,57.55792081928179,62.242154588000005,67.98117645587958,72.43496607821244,17.67718593813401,32.50929502186503,38.650468362522325,44.24895055254446,46.7448763797119,48.48475733679137,54.30414353024648,58.38431557643768,61.82414480216914,62.34849380945197,65.15789252309803,66.85287061729493,44.393214264527444,51.15729677580332,56.093078748110315,30.268284059395683,36.589007514823855,42.141423385415685,45.19353445809965,51.31627975739147,51.87788905218635,26.996856947035983,33.17896031077878,34.14245032110583,34.62189791991094,28.009560621880983,33.199989313231974,36.6403394407626,42.08743756728833,45.92839031367822,26.351135035122518,29.465084617244884,30.63913503258732,31.77508925701716,32.1627605094979,33.266787230189045,34.22065409720982,34.70171334512009,39.833666402907085,46.07935955899472,74.83620876477073
16,84.97232154135712,84.9043068370646,80.01507366610619,74.23357169862403,70.71829731388537,68.87951864313678,56.911878692001864,49.89575796898119,49.53639742579371,44.43406903573492,37.98031098325108,31.955375713889268,25.810491581539793,19.03771416012695,13.662103311116386,5.242063524987092,0.0,29.920433820384336,32.628124718548335,35.26020184507785,39.51981626424774,44.86027223728975,45.81547378670223,52.100388185482856,58.48903080831113,67.63614956467907,73.7570565038084,76.67174771383449,79.2045850414547,85.42413671763873,88.3111288062911,92.35656181092291,95.37239027208336,100.4669909230781,106.87831839981666,110.30648154007457,111.2761589206835,43.916683330694006,49.9116162744391,57.76375114337762,60.82151568630761,68.63334197725902,74.3355411144341,75.77314363251759,78.09399606212185,81.49000239309358,87.05236529028035,89.7298064194184,93.86427494632727,95.89425573441369,99.62715340244587,100.15767107415908,103.94255944767822,105.7844533099841,106.06917598207048,84.75571513455354,88.08873823678371,89.83457328053785,76.74169483095253,82.00077745057357,89.39145231827004,58.39768291565979,63.10675283952957,66.3284963539005,69.57671962907528,78.93108857550045,85.19929558326655,89.04796969134998,89.54406058328209,85.6367358967074,86.24926446320282,87.14356936579642,69.6292993056622,71.3152296126441,73.27113042812529,75.92762398166536,79.24894374946851,81.58999159178187,69.97091328376943,74.70017802577743,80.02981872661272,4.698638100556363,15.365261287397512,21.129318840692786,25.18265704651352,32.83851482773242,38.505702153624156,44.25569640781858,52.8594994310733,58.04000266879817,63.18985854867612,64.84727012541195,66.48169181761538,71.95810654630539,74.62407061388409,77.61216768782047,71.08320218242433,78.93935730670614,80.02822500734243,72.04239943756374,73.39710956372015,76.52324438168239,75.02327107017096,78.8954554800096,57.7370999398222,59.21363748450974,60.0826572228124,65.69162695101478,66.92774611104595,69.86338062508206,38.63890659904178,41.19304176036766,44.0094705971342,48.63131219919157,52.13339271750981,56.76377004959574,59.43119143876616,67.487725121243,59.473121506311166,61.94803437776283,62.716179406491754,52.76361832409796,58.24126774771585,61.78435121100882,64.94089160642967,66.3851832832086,67.46051452976957,47.699110977118785,49.04162615394173,49.78556835599779,50.35047896839588,53.046841889072546,55.411299120658676,43.64275053488561,47.20181122557351,40.08381553415428,42.54247610077163,37.745851508916985,18.95469882028368,20.048137994935136,25.627635986900316,31.27733029257926,12.789135438842067,14.953714816438662,15.952101825945766,3.3012485516846577,4.217329879951973,8.296352311858922,15.866215784868203,39.49256325301817,44.49045170715559,46.75256708882822,49.373113978315224,52.340371803311236,54.383538218461965,55.60002825130234,57.2093964503171,62.79998434426888,67.4842181129871,73.22323998086667,77.67702960319953,12.435122413146917,37.75135854685212,43.89253188750941,49.491014077531545,51.986939904698986,53.72682086177846,59.546207055233566,63.62637910142477,67.06620832715623,67.59055733443907,70.39995604808512,72.09493414228201,49.63527778951453,56.399360300790406,61.335142273097404,35.51034758438277,41.83107103981094,47.38348691040277,50.43559798308674,56.55834328237856,57.119952577173436,32.238920472023075,38.421023835765865,39.384513846092915,39.86396144489803,33.251624146868075,38.44205283821907,41.8824029657497,47.32950109227542,51.17045383866531,31.593198560109613,34.70714814223198,35.88119855757441,37.017152782004246,37.40482403448498,38.50885075517613,39.4627176221969,39.94377687010717,45.07572992789417,51.321423083981806,80.07827228975782
17,114.89275536174146,114.82474065744894,109.93550748649054,104.15400551900838,100.63873113426972,98.79995246352112,86.83231251238621,79.81619178936553,79.45683124617806,74.35450285611927,67.90074480363542,61.87580953427361,55.73092540192413,48.958147980511285,43.58253713150072,35.16249734537143,29.920433820384336,0.0,2.707690898163998,5.339768024693512,9.599382443863398,14.939838416905411,15.895039966317892,22.179954365098517,28.56859698792679,37.715715744294734,43.83662268342406,46.751313893450146,49.28415122107036,55.503702897254385,58.390694985906755,62.43612799053857,65.45195645169902,70.54655710269375,76.95788457943232,80.38604771969023,81.35572510029915,13.996249510309667,19.99118245405476,27.843317322993283,30.901081865923278,38.71290815687469,44.41510729404976,45.852709812133256,48.17356224173751,51.56956857270923,57.131931469895996,59.809372599034035,63.9438411259429,65.97382191402933,69.70671958206151,70.23723725377472,74.02212562729386,75.86401948959974,76.14874216168612,54.8352813141692,58.168304416399366,59.91413946015351,46.821261010568186,52.080343630189226,59.47101849788571,28.47724909527545,33.18631901914523,36.40806253351616,39.65628580869094,49.01065475511611,55.2788617628822,59.12753587096563,59.62362676289774,55.71630207632305,56.32883064281846,57.22313554541207,39.70886548527787,41.39479579225977,43.35069660774096,46.00719016128104,49.32850992908419,51.66955777139754,40.05047946338511,44.77974420539311,50.10938490622839,34.6190719209407,45.28569510778185,51.04975266107712,55.10309086689785,62.75894864811675,68.42613597400849,74.17613022820291,82.77993325145763,87.9604364891825,93.11029236906045,94.76770394579627,96.4021256379997,101.8785403666897,104.5445044342684,107.53260150820479,41.16276836203999,49.018923486321796,50.10779118695808,42.121965617179406,43.47667574333582,46.60281056129805,104.94370489055528,108.81588930039392,27.816666119437862,29.2932036641254,30.162223402428058,35.77119313063044,37.00731229066161,39.94294680469772,68.5593404194261,71.113475580752,73.92990441751853,78.5517460195759,82.05382653789414,86.68420386998007,89.35162525915048,97.40815894162732,29.552687685926827,32.02760055737849,32.795745586107415,82.68405214448228,88.16170156810017,91.70478503139313,94.86132542681399,96.30561710359292,97.38094835015389,17.778677156734446,19.12119233355739,19.865134535613446,20.43004514801154,23.1264080686882,25.490865300274326,13.722316714501272,17.281377405189172,70.00424935453862,72.46290992115597,7.825417688532651,48.87513264066802,49.96857181531947,55.548069807284655,61.1977641129636,42.7095692592264,44.874148636822994,45.8725356463301,33.22168237206899,34.13776370033631,38.21678613224326,45.786649605252535,69.41299707340251,74.41088552753993,76.67300090921256,79.29354779869956,82.26080562369557,84.30397203884631,85.52046207168668,87.12983027070143,92.72041816465321,97.40465193337143,103.143673801251,107.59746342358386,42.35555623353125,67.67179236723645,73.81296570789374,79.41144789791588,81.90737372508332,83.6472546821628,89.4666408756179,93.54681292180909,96.98664214754055,97.51099115482339,100.32038986846945,102.01536796266635,79.55571160989885,86.31979412117472,91.25557609348172,65.4307814047671,71.75150486019527,77.3039207307871,80.35603180347107,86.47877710276289,87.04038639755777,62.159354292407414,68.34145765615021,69.30494766647726,69.78439526528237,63.172057967252414,68.3624866586034,71.80283678613404,77.24993491265977,81.09088765904966,61.51363238049395,64.62758196261632,65.80163237795875,66.93758660238859,67.32525785486934,68.42928457556049,69.38315144258125,69.86421069049153,74.9961637482785,81.24185690436614,109.99870611014217
18,117.60044625990547,117.53243155561294,112.64319838465454,106.86169641717238,103.34642203243372,101.50764336168513,89.54000341055021,82.52388268752954,82.16452214434206,77.06219375428327,70.60843570179942,64.5835004324376,58.43861630008813,51.66583887867528,46.29022802966472,37.870188243535424,32.628124718548335,2.707690898163998,0.0,2.632077126529514,6.891691545699398,12.232147518741412,13.187349068153893,19.47226346693452,25.860906089762793,35.00802484613074,41.128931785260065,44.04362299528615,46.576460322906364,52.79601199909039,55.68300408774276,59.72843709237458,62.74426555353503,67.83886620452977,74.25019368126833,77.67835682152624,78.64803420213516,11.288558612145668,17.28349155589076,25.135626424829283,28.193390967759278,36.005217258710694,41.70741639588576,43.14501891396925,45.465871343573504,48.86187767454523,54.42424057173199,57.10168170087003,61.2361502277789,63.26613101586533,66.9990286838975,67.52954635561072,71.31443472912986,73.15632859143574,73.44105126352211,52.1275904160052,55.46061351823536,57.206448561989504,44.11357011240419,49.37265273202523,56.76332759972171,25.769558197111454,30.478628120981234,33.70037163535216,36.94859491052695,46.30296385695212,52.57117086471821,56.41984497280164,56.915935864733754,53.008611178159065,53.62113974465447,54.51544464724808,37.00117458711387,38.687104894095775,40.64300570957696,43.29949926311704,46.620819030920195,48.96186687323355,37.34278856522111,42.07205330722911,47.401694008064396,37.3267628191047,47.99338600594585,53.757443559241125,57.810781765061854,65.46663954628076,71.13382687217249,76.88382112636691,85.48762414962164,90.6681273873465,95.81798326722445,97.47539484396027,99.1098165361637,104.58623126485371,107.25219533243241,110.2402924063688,38.455077463875995,46.3112325881578,47.400100288794086,39.41427471901541,40.76898484517182,43.895119663134054,107.65139578871928,111.52358019855792,25.108975221273866,26.585512765961404,27.454532504264062,33.06350223246644,34.29962139249761,37.23525590653372,71.26703131759011,73.821166478916,76.63759531568253,81.2594369177399,84.76151743605814,89.39189476814407,92.05931615731448,100.11584983979132,26.84499678776283,29.319909659214492,30.088054687943412,85.39174304264628,90.86939246626417,94.41247592955713,97.569016324978,99.01330800175693,100.08863924831789,15.070986258570445,16.41350143539339,17.157443637449447,17.72235424984754,20.4187171705242,22.783174402110326,11.014625816337272,14.573686507025172,72.71194025270263,75.17060081931999,10.533108586696649,51.582823538832024,52.676262713483474,58.25576070544866,63.9054550111276,45.4172601573904,47.581839534987,48.5802265444941,35.92937327023299,36.84545459850031,40.92447703040726,48.49434050341654,72.12068797156651,77.11857642570394,79.38069180737656,82.00123869686357,84.96849652185958,87.01166293701031,88.22815296985068,89.83752116886544,95.42810906281721,100.11234283153543,105.851364699415,110.30515432174786,45.063247131695256,70.37948326540045,76.52065660605774,82.11913879607988,84.61506462324732,86.3549455803268,92.1743317737819,96.2545038199731,99.69433304570455,100.21868205298739,103.02808076663345,104.72305886083035,82.26340250806285,89.02748501933873,93.96326699164572,68.1384723029311,74.45919575835927,80.0116116289511,83.06372270163507,89.1864680009269,89.74807729572177,64.8670451905714,71.0491485543142,72.01263856464125,72.49208616344636,65.8797488654164,71.07017755676739,74.51052768429803,79.95762581082376,83.79857855721365,64.22132327865795,67.33527286078032,68.50932327612274,69.64527750055258,70.03294875303332,71.13697547372448,72.09084234074524,72.57190158865552,77.70385464644251,83.94954780253015,112.70639700830617
19,120.23252338643498,120.16450868214245,115.27527551118405,109.49377354370189,105.97849915896323,104.13972048821464,92.17208053707972,85.15595981405905,84.79659927087157,79.69427088081278,73.24051282832893,67.21557755896711,61.07069342661764,54.29791600520479,48.92230515619423,40.50226537006493,35.260201845077844,5.339768024693512,2.632077126529514,0.0,4.259614419169885,9.600070392211897,10.55527194162438,16.840186340405005,23.228828963233276,32.37594771960122,38.49685465873055,41.41154586875663,43.94438319637685,50.16393487256087,53.05092696121324,57.09635996584506,60.11218842700551,65.20678907800024,71.6181165547388,75.04627969499671,76.01595707560564,8.656481485616153,14.651414429361242,22.503549298299767,25.56131384122976,33.37314013218118,39.07533926935625,40.51294178743974,42.833794217043994,46.22980054801572,51.79216344520248,54.46960457434052,58.60407310124939,60.63405388933582,64.366951557368,64.89746922908121,68.68235760260035,70.52425146490623,70.8089741369926,49.49551328947569,52.82853639170585,54.574371435459994,41.481492985874674,46.740575605495714,54.131250473192196,23.137481070581938,27.846550994451718,31.068294508822646,34.316517783997426,43.670886730422595,49.93909373818869,53.78776784627212,54.28385873820423,50.37653405162954,50.98906261812495,51.88336752071856,34.369097460584356,36.05502776756626,38.010928583047445,40.667422136587525,43.98874190439068,46.32978974670403,34.7107114386916,39.439976180699595,44.76961688153488,39.95883994563421,50.62546313247536,56.389520685770634,60.442858891591364,68.09871667281027,73.765903998702,79.51589825289642,88.11970127615115,93.30020451387601,98.45006039375396,100.10747197048978,101.74189366269322,107.21830839138322,109.88427245896192,112.8723695328983,35.82300033734648,43.679155461628284,44.76802316226457,36.78219759248589,38.136907718642306,41.26304253660454,110.2834729152488,114.15565732508743,22.47689809474435,23.953435639431888,24.822455377734546,30.43142510593692,31.667544265968097,34.60317878000421,73.89910844411962,76.45324360544551,79.26967244221204,83.89151404426941,87.39359456258765,92.02397189467358,94.691393283844,102.74792696632083,24.212919661233315,26.687832532684975,27.455977561413896,88.02382016917579,93.50146959279368,97.04455305608664,100.2010934515075,101.64538512828643,102.7207163748474,12.43890913204093,13.781424308863874,14.525366510919932,15.090277123318028,17.786640043994687,20.151097275580813,8.382548689807757,11.941609380495658,75.34401737923214,77.8026779458495,13.165185713226164,54.21490066536153,55.308339840012984,60.88783783197817,66.53753213765711,48.04933728391991,50.21391666151651,51.21230367102361,38.5614503967625,39.47753172502982,43.55655415693677,51.12641762994605,74.75276509809602,79.75065355223344,82.01276893390607,84.63331582339308,87.60057364838909,89.64374006353982,90.86023009638019,92.46959829539495,98.06018618934672,102.74441995806494,108.48344182594451,112.93723144827737,47.695324258224765,73.01156039192996,79.15273373258725,84.75121592260939,87.24714174977683,88.98702270685631,94.80640890031141,98.8865809465026,102.32641017223406,102.8507591795169,105.66015789316296,107.35513598735986,84.89547963459236,91.65956214586824,96.59534411817523,70.77054942946062,77.09127288488878,82.64368875548061,85.69579982816458,91.8185451274564,92.38015442225128,67.49912231710091,73.68122568084371,74.64471569117076,75.12416328997587,68.51182599194591,73.7022546832969,77.14260481082754,82.58970293735327,86.43065568374315,66.85340040518746,69.96734998730983,71.14140040265225,72.27735462708209,72.66502587956283,73.76905260025399,74.72291946727475,75.20397871518503,80.33593177297202,86.58162492905966,115.33847413483568
20,124.49213780560486,124.42412310131233,119.53488993035393,113.75338796287177,110.23811357813311,108.39933490738451,96.4316949562496,89.41557423322892,89.05621369004145,83.95388529998266,77.50012724749882,71.475191978137,65.33030784578753,58.55753042437468,53.18191957536412,44.761879789234825,39.51981626424773,9.599382443863396,6.891691545699398,4.259614419169885,0.0,5.340455973042014,6.295657522454495,12.580571921235123,18.969214544063394,28.116333300431343,34.23724023956067,37.151931449586755,39.68476877720697,45.904320453390994,48.791312542043364,52.83674554667518,55.852574007835635,60.94717465883036,67.35850213556893,70.78666527582683,71.75634265643576,4.396867066446268,10.391800010191359,18.24393487912988,21.301699422059876,29.11352571301129,34.815724850186356,36.25332736826985,38.5741797978741,41.970186128845825,47.53254902603259,50.20999015517063,54.3444586820795,56.374439470165925,60.107337138198105,60.63785480991131,64.42274318343044,66.26463704573632,66.5493597178227,45.235898870305796,48.56892197253596,50.3147570162901,37.22187856670479,42.48096118632583,49.87163605402231,18.877866651412056,23.586936575281836,26.808680089652764,30.056903364827548,39.411272311252716,45.67947931901881,49.52815342710224,50.02424431903435,46.11691963245966,46.72944819895507,47.62375310154868,30.10948304141447,31.79541334839637,33.75131416387756,36.40780771741764,39.72912748522079,42.070175327534145,30.451097019521704,35.1803617615297,40.51000246236499,44.218454364804096,54.885077551645246,60.64913510494052,64.70247331076125,72.35833109198015,78.02551841787188,83.7755126720663,92.37931569532103,97.55981893304589,102.70967481292384,104.36708638965966,106.0015080818631,111.4779228105531,114.1438868781318,117.13198395206818,31.563385918176596,39.419541042458405,40.50840874309469,32.522583173316015,33.87729329947243,37.00342811743466,114.54308733441867,118.41527174425731,18.217283675574468,19.693821220262006,20.562840958564664,26.17181068676704,27.40792984679821,30.34356436083432,78.1587228632895,80.71285802461539,83.52928686138192,88.15112846343929,91.65320898175753,96.28358631384346,98.95100770301387,107.00754138549071,19.95330524206343,22.42821811351509,23.19636314224401,92.28343458834567,97.76108401196356,101.30416747525652,104.46070787067738,105.90499954745631,106.98033079401728,8.179294712871046,9.52180988969399,10.265752091750048,10.830662704148144,13.527025624824804,15.891482856410931,4.122934270637873,7.681994961325774,79.60363179840202,82.06229236501937,17.424800132396047,58.47451508453142,59.56795425918287,65.14745225114805,70.797146556827,52.3089517030898,54.47353108068639,55.4719180901935,42.82106481593239,43.737146144199706,47.816168576106655,55.38603204911593,79.01237951726591,84.01026797140334,86.27238335307597,88.89293024256297,91.86018806755898,93.90335448270972,95.11984451555008,96.72921271456484,102.31980060851662,107.00403437723483,112.7430562451144,117.19684586744727,51.95493867739465,77.27117481109985,83.41234815175714,89.01083034177928,91.50675616894672,93.2466371260262,99.0660233194813,103.1461953656725,106.58602459140396,107.11037359868679,109.91977231233285,111.61475040652975,89.15509405376227,95.91917656503814,100.85495853734514,75.03016384863051,81.35088730405867,86.9033031746505,89.95541424733446,96.07815954662628,96.63976884142116,71.7587367362708,77.9408401000136,78.90433011034065,79.38377770914576,72.7714404111158,77.96186910246679,81.40221922999743,86.84931735652316,90.69027010291305,71.11301482435735,74.22696440647971,75.40101482182214,76.53696904625198,76.92464029873273,78.02866701942388,78.98253388644464,79.46359313435492,84.59554619214191,90.84123934822955,119.59808855400556
21,129.83259377864687,129.76457907435434,124.87534590339595,119.0938439359138,115.57856955117514,113.73979088042654,101.77215092929163,94.75603020627095,94.39666966308347,89.29434127302468,82.84058322054084,76.81564795117902,70.67076381882954,63.897986397416695,58.52237554840613,50.10233576227684,44.86027223728975,14.93983841690541,12.232147518741412,9.600070392211897,5.340455973042014,0.0,0.9552015494124815,7.240115948193108,13.628758571021379,22.775877327389324,28.89678426651865,31.811475476544736,34.34431280416495,40.563864480348975,43.450856569001346,47.49628957363316,50.512118034793616,55.606718685788344,62.01804616252691,65.44620930278482,66.41588668339375,9.737323039488281,15.732255983233372,23.584390852171897,26.64215539510189,34.453981686053304,40.15618082322837,41.59378334131186,43.914635770916114,47.31064210188784,52.8730049990746,55.55044612821264,59.68491465512151,61.714895443207936,65.44779311124012,65.97831078295333,69.76319915647247,71.60509301877835,71.88981569086472,50.57635484334781,53.90937794557797,55.655212989332114,42.5623345397468,47.82141715936784,55.21209202706432,13.537410678370042,18.24648060223982,21.46822411661075,24.716447391785533,34.070816338210705,40.3390233459768,44.18769745406023,44.68378834599234,40.77646365941765,41.38899222591306,42.28329712850667,35.44993901445648,37.135869321438385,39.09177013691957,41.74826369045965,45.069583458262805,47.410631300576156,35.79155299256372,40.52081773457172,45.850458435407006,49.558910337846115,60.225533524687265,65.98959107798254,70.04292928380328,77.69878706502217,83.3659743909139,89.11596864510832,97.71977166836305,102.90027490608792,108.05013078596586,109.70754236270169,111.34196405490512,116.81837878359512,119.48434285117382,122.47243992511021,26.22292994513458,34.07908506941639,35.16795277005267,27.182127200273996,28.536837326430405,31.66297214439264,119.8835433074607,123.75572771729934,12.876827702532454,14.353365247219992,15.22238498552265,20.831354713725027,32.74838581984022,35.68402033387633,83.49917883633152,86.05331399765741,88.86974283442395,93.49158443648132,96.99366495479956,101.62404228688548,104.2914636760559,112.34799735853274,14.612849269021417,17.087762140473078,17.855907169202,97.6238905613877,103.10153998500559,106.64462344829855,109.80116384371941,111.24545552049834,112.3207867670593,13.51975068591306,14.862265862736004,15.606208064792062,16.171118677190158,18.867481597866817,21.231938829452943,9.463390243679886,13.022450934367786,84.94408777144405,87.4027483380614,22.765256105438063,63.81497105757344,64.9084102322249,70.48790822419008,76.13760252986903,57.649407676131815,59.81398705372841,60.81237406323552,48.16152078897441,49.077602117241724,53.156624549148674,60.72648802215795,84.35283549030792,89.35072394444535,91.61283932611798,94.23338621560498,97.20064404060099,99.24381045575173,100.4603004885921,102.06966868760685,107.66025658155863,112.34449035027684,118.08351221815641,122.53730184048928,57.29539465043667,82.61163078414187,88.75280412479916,94.3512863148213,96.84721214198873,98.58709309906821,104.40647929252331,108.48665133871451,111.92648056444597,112.4508295717288,115.26022828537486,116.95520637957176,94.49555002680427,101.25963253808014,106.19541451038714,80.37061982167252,86.69134327710069,92.24375914769251,95.29587022037649,101.41861551966831,101.98022481446318,77.09919270931282,83.28129607305561,84.24478608338266,84.72423368218777,78.11189638415782,83.3023250755088,86.74267520303944,92.18977332956517,96.03072607595506,76.45347079739936,79.56742037952174,80.74147079486416,81.877425019294,82.26509627177474,83.36912299246589,84.32298985948665,84.80404910739693,89.93600216518392,96.18169532127156,124.93854452704758
22,130.78779532805933,130.7197806237668,125.83054745280842,120.04904548532626,116.5337711005876,114.694992429839,102.72735247870409,95.71123175568341,95.35187121249594,90.24954282243715,83.7957847699533,77.77084950059148,71.625965368242,64.85318794682917,59.47757709781861,51.057537311689316,45.81547378670223,15.895039966317892,13.187349068153894,10.55527194162438,6.295657522454495,0.9552015494124815,0.0,6.284914398780627,12.673557021608898,21.820675777976845,27.941582717106172,30.856273927132257,33.38911125475247,39.6086629309365,42.49565501958887,46.541088024220684,49.55691648538114,54.651517136375865,61.06284461311443,64.49100775337234,65.46068513398127,10.692524588900763,16.687457532645855,24.53959240158438,27.597356944514374,35.40918323546579,41.11138237264086,42.548984890724356,44.86983732032861,48.26584365130033,53.828206548487096,56.505647677625134,60.640116204534,62.67009699262043,66.40299466065261,66.93351233236582,70.71840070588496,72.56029456819084,72.84501724027722,51.5315563927603,54.864579494990465,56.61041453874461,43.517536089159286,48.776618708780326,56.16729357647681,12.582209128957562,17.291279052827342,20.51302256719827,23.761245842373054,33.115614788798226,39.38382179656432,43.23249590464775,43.72858679657986,39.82126211000517,40.43379067650058,41.32809557909419,36.40514056386897,38.09107087085087,40.04697168633206,42.70346523987214,46.02478500767529,48.36583284998864,36.74675454197621,41.47601928398421,46.80565998481949,50.51411188725859,61.18073507409974,66.94479262739502,70.99813083321575,78.65398861443465,84.32117594032638,90.0711701945208,98.67497321777553,103.8554764555004,109.00533233537834,110.66274391211417,112.2971656043176,117.7735803330076,120.4395444005863,123.42764147452269,25.267728395722102,33.12388352000391,34.21275122064019,26.226925650861517,27.581635777017926,30.70777059498016,120.83874485687318,124.71092926671182,11.921626153119973,13.398163697807512,14.26718343611017,19.876153164312544,33.70358736925271,36.63922188328882,84.454380385744,87.00851554706989,89.82494438383642,94.4467859858938,97.94886650421203,102.57924383629796,105.24666522546838,113.30319890794522,13.657647719608935,16.132560591060596,16.900705619789516,98.57909211080019,104.05674153441808,107.59982499771104,110.7563653931319,112.20065706991083,113.2759883164718,14.474952235325542,15.817467412148487,16.561409614204546,17.12632022660264,19.8226831472793,22.187140378865426,10.418591793092368,13.977652483780268,85.89928932085652,88.35794988747388,23.72045765485054,64.77017260698591,65.86361178163736,71.44310977360254,77.09280407928149,58.604609225544294,60.76918860314089,61.767575612647995,49.116722338386886,50.0328036666542,54.11182609856115,61.68168957157043,85.30803703972039,90.30592549385781,92.56804087553044,95.18858776501745,98.15584559001346,100.19901200516419,101.41550203800456,103.02487023701931,108.61545813097109,113.29969189968931,119.03871376756888,123.49250338990174,58.25059619984915,83.56683233355433,89.70800567421162,95.30648786423376,97.8024136914012,99.54229464848068,105.36168084193578,109.44185288812697,112.88168211385843,113.40603112114127,116.21542983478733,117.91040792898423,95.45075157621673,102.2148340874926,107.1506160597996,81.32582137108498,87.64654482651315,93.19896069710498,96.25107176978895,102.37381706908077,102.93542636387565,78.05439425872528,84.23649762246808,85.19998763279513,85.67943523160024,79.06709793357028,84.25752662492127,87.6978767524519,93.14497487897764,96.98592762536752,77.40867234681183,80.5226219289342,81.69667234427662,82.83262656870646,83.2202978211872,84.32432454187835,85.27819140889912,85.7592506568094,90.89120371459639,97.13689687068403,125.89374607646005
23,137.07270972683997,137.00469502254745,132.11546185158906,126.3339598841069,122.81868549936824,120.97990682861965,109.01226687748473,101.99614615446406,101.63678561127658,96.53445722121779,90.08069916873394,84.05576389937212,77.91087976702265,71.13810234560981,65.76249149659924,57.342451710469945,52.100388185482856,22.17995436509852,19.47226346693452,16.84018634040501,12.580571921235123,7.240115948193108,6.284914398780627,0.0,6.3886426228282716,15.535761379196218,21.656668318325544,24.57135952835163,27.10419685597184,33.32374853215586,36.21074062080823,40.25617362544005,43.2720020866005,48.36660273759523,54.77793021433379,58.20609335459171,59.175770735200636,16.977438987681392,22.972371931426483,30.824506800365008,33.882271343295,41.69409763424642,47.39629677142149,48.833899289504984,51.154751719109235,54.55075805008096,60.113120947267724,62.79056207640576,66.92503060331464,68.95501139140106,72.68790905943324,73.21842673114645,77.00331510466559,78.84520896697147,79.12993163905784,57.81647079154093,61.149493893771094,62.895328937525235,49.802450487939915,55.061533107560955,62.45220797525744,6.297294730176934,11.006364654046713,14.228108168417641,17.476331443592425,26.830700390017594,33.09890739778369,36.94758150586712,37.44367239779923,33.53634771122454,34.14887627771995,35.04318118031356,42.6900549626496,44.3759852696315,46.331886085112686,48.988379638652766,52.30969940645592,54.65074724876927,43.03166894075684,47.760933682764836,53.09057438360012,56.79902628603922,67.46564947288037,73.22970702617565,77.28304523199638,84.93890301321528,90.60609033910701,96.35608459330143,104.95988761655616,110.14039085428102,115.29024673415897,116.9476583108948,118.58208000309823,124.05849473178823,126.72445879936693,129.71255587330333,18.982813996941474,26.838969121223283,27.927836821859565,19.94201125208089,21.296721378237297,24.422856196199533,127.1236592556538,130.99584366549243,5.636711754339346,7.113249299026884,7.982269037329542,13.591238765531918,39.98850176803334,42.92413628206945,90.73929478452463,93.29342994585052,96.10985878261705,100.73170038467443,104.23378090299266,108.86415823507859,111.531579624249,119.58811330672584,7.372733320828308,9.84764619227997,10.615791221008893,104.8640065095808,110.3416559331987,113.88473939649165,117.04127979191252,118.48557146869145,119.56090271525241,20.759866634106167,22.10238181092911,22.846324012985168,23.411234625383262,26.10759754605992,28.472054777646047,16.703506191872997,20.262566882560897,92.18420371963715,94.64286428625451,30.00537205363117,71.05508700576654,72.14852618041799,77.72802417238317,83.37771847806212,64.88952362432492,67.05410300192152,68.05249001142862,55.401636737167514,56.31771806543483,60.39674049734178,67.96660397035106,91.59295143850103,96.59083989263846,98.85295527431109,101.47350216379809,104.4407599887941,106.48392640394484,107.7004164367852,109.30978463579996,114.90037252975173,119.58460629846995,125.32362816634952,129.77741778868238,64.53551059862977,89.85174673233497,95.99292007299226,101.5914022630144,104.08732809018184,105.82720904726132,111.64659524071642,115.72676728690762,119.16659651263907,119.69094551992191,122.50034423356797,124.19532232776487,101.73566597499737,108.49974848627325,113.43553045858025,87.61073576986563,93.93145922529379,99.48387509588562,102.5359861685696,108.65873146786141,109.22034076265629,84.33930865750592,90.52141202124872,91.48490203157577,91.96434963038088,85.35201233235092,90.54244102370191,93.98279115123255,99.42988927775828,103.27084202414817,83.69358674559247,86.80753632771484,87.98158674305726,89.1175409674871,89.50521221996785,90.609238940659,91.56310580767976,92.04416505559004,97.17611811337703,103.42181126946467,132.1786604752407
24,143.46135234966823,143.3933376453757,138.50410447441732,132.72260250693517,129.20732812219651,127.3685494514479,115.40090950031299,108.38478877729231,108.02542823410484,102.92309984404605,96.4693417915622,90.44440652220038,84.2995223898509,77.52674496843807,72.15113411942751,63.731094333298216,58.48903080831113,28.56859698792679,25.86090608976279,23.228828963233276,18.96921454406339,13.628758571021379,12.673557021608898,6.3886426228282716,0.0,9.147118756367947,15.268025695497274,18.18271690552336,20.71555423314357,26.935105909327596,29.822097997979963,33.867531002611784,36.88335946377224,41.977960114766965,48.38928759150553,51.817450731763444,52.78712811237237,23.36608161050966,29.36101455425475,37.21314942319327,40.27091396612327,48.08274025707468,53.78493939424975,55.22254191233324,57.54339434193749,60.939400672909215,66.50176357009599,69.17920469923403,73.31367322614291,75.34365401422933,79.07655168226151,79.60706935397472,83.39195772749386,85.23385158979974,85.51857426188612,64.20511341436918,67.53813651659935,69.28397156035349,56.19109311076818,61.45017573038922,68.8408505980857,12.685937353005205,17.395007276874985,20.616750791245913,23.864974066420697,33.21934301284587,39.48755002061196,43.33622412869539,43.832315020627505,39.924990334052815,40.53751890054822,41.43182380314183,49.07869758547786,50.764627892459764,52.72052870794095,55.37702226148103,58.698342029284184,61.039389871597535,49.4203115635851,54.1495763055931,59.479217006428385,63.187668908867494,73.85429209570864,79.61834964900392,83.67168785482465,91.32754563604355,96.99473296193528,102.7447272161297,111.34853023938443,116.5290334771093,121.67888935698724,123.33630093372307,124.9707226259265,130.4471373546165,133.1131014221952,136.1011984961316,25.371456619769745,33.22761174405155,34.316479444687836,13.553368629252617,14.908078755409026,18.03421357337126,133.51230187848208,137.38448628832072,12.025354377167616,13.501891921855155,14.370911660157812,19.979881388360187,46.3771443908616,49.31277890489771,97.1279374073529,99.68207256867879,102.49850140544532,107.1203430075027,110.62242352582093,115.25280085790686,117.92022224707728,125.97675592955412,13.76137594365658,16.236288815108242,17.004433843837162,111.25264913240909,116.73029855602698,120.27338201931994,123.4299224147408,124.87421409151973,125.9495453380807,27.14850925693444,28.49102443375738,29.23496663581344,29.799877248211533,32.49624016888819,34.86069740047432,23.092148814701265,26.651209505389165,98.57284634246543,101.03150690908278,36.39401467645944,77.44372962859481,78.53716880324626,84.11666679521144,89.76636110089039,71.2781662471532,73.44274562474979,74.44113263425689,61.790279359995786,62.7063606882631,66.78538312017005,74.35524659317933,97.98159406132929,102.97948251546671,105.24159789713934,107.86214478662635,110.82940261162236,112.87256902677309,114.08905905961346,115.69842725862821,121.28901515257999,125.97324892129821,131.71227078917778,136.16606041151064,70.92415322145806,96.24038935516323,102.38156269582052,107.98004488584266,110.4759707130101,112.21585167008958,118.03523786354468,122.11540990973587,125.55523913546733,126.07958814275017,128.88898685639623,130.58396495059313,108.12430859782563,114.8883911091015,119.8241730814085,93.99937839269388,100.32010184812205,105.87251771871388,108.92462879139785,115.04737409068967,115.60898338548455,90.72795128033418,96.91005464407698,97.87354465440403,98.35299225320914,91.74065495517918,96.93108364653017,100.3714337740608,105.81853190058654,109.65948464697642,90.08222936842073,93.1961789505431,94.37022936588552,95.50618359031536,95.8938548427961,96.99788156348725,97.95174843050802,98.4328076784183,103.56476073620529,109.81045389229293,138.56730309806898
25,152.60847110603618,152.54045640174365,147.65122323078526,141.86972126330312,138.35444687856446,136.51566820781585,124.54802825668094,117.53190753366026,117.17254699047278,112.070218600414,105.61646054793015,99.59152527856833,93.44664114621885,86.67386372480601,81.29825287579546,72.87821308966616,67.63614956467907,37.71571574429474,35.008024846130745,32.37594771960123,28.116333300431343,22.775877327389328,21.820675777976845,15.535761379196218,9.147118756367947,0.0,6.120906939129327,9.035598149155412,11.568435476775623,17.787987152959648,20.674979241612014,24.720412246243832,27.736240707404285,32.83084135839901,39.242168835137576,42.67033197539549,43.64000935600442,32.51320036687761,38.5081333106227,46.360268179561224,49.41803272249122,57.229859013442635,62.932058150617706,64.3696606687012,66.69051309830546,70.08651942927719,75.64888232646396,78.32632345560201,82.46079198251088,84.4907727705973,88.22367043862948,88.7541881103427,92.53907648386183,94.38097034616771,94.66569301825409,73.35223217073715,76.68525527296732,78.43109031672147,65.33821186713612,70.59729448675716,77.98796935445364,21.833056109373153,26.542126033242933,29.76386954761386,33.012092822788645,42.366461769213814,48.63466877697991,52.48334288506334,52.97943377699545,49.07210909042076,49.684637656916166,50.57894255950978,58.225816341845814,59.911746648827716,61.8676474643089,64.52414101784898,67.84546078565214,70.1865086279655,58.567430319953054,63.29669506196105,68.62633576279633,72.33478766523544,83.00141085207659,88.76546840537186,92.8188066111926,100.4746643924115,106.14185171830323,111.89184597249765,120.49564899575238,125.67615223347724,130.8260081133552,132.483419690091,134.11784138229444,139.59425611098445,142.26022017856315,145.24831725249953,34.5185753761377,42.3747305004195,43.46359820105579,4.406249872884671,5.760959999041081,8.887094817003314,142.65942063485002,146.53160504468866,21.172473133535565,22.649010678223103,23.51803041652576,29.127000144728136,55.524263147229554,58.459897661265664,106.27505616372085,108.82919132504674,111.64562016181327,116.26746176387064,119.76954228218888,124.39991961427481,127.06734100344522,135.12387468592206,22.908494700024526,25.383407571476187,26.151552600205108,120.39976788877703,125.87741731239493,129.42050077568788,132.57704117110873,134.02133284788766,135.09666409444864,36.29562801330239,37.638143190125334,38.382085392181395,38.94699600457949,41.64335892525615,44.00781615684228,32.23926757106921,35.79832826175711,107.71996509883337,110.17862566545072,45.541133432827394,86.59084838496275,87.6842875596142,93.26378555157939,98.91347985725834,80.42528500352114,82.58986438111774,83.58825139062483,70.93739811636372,71.85347944463103,75.93250187653798,83.50236534954726,107.12871281769723,112.12660127183466,114.38871665350729,117.00926354299429,119.9765213679903,122.01968778314104,123.2361778159814,124.84554601499616,130.43613390894794,135.12036767766614,140.8593895455457,145.31317916787856,80.071271977826,105.38750811153118,111.52868145218847,117.1271636422106,119.62308946937804,121.36297042645752,127.18235661991262,131.26252866610383,134.70235789183528,135.2267068991181,138.03610561276417,139.73108370696107,117.27142735419358,124.03550986546945,128.97129183777645,103.14649714906183,109.46722060449,115.01963647508182,118.0717475477658,124.19449284705762,124.7561021418525,99.87507003670213,106.05717340044492,107.02066341077197,107.50011100957708,100.88777371154713,106.07820240289811,109.51855253042875,114.96565065695448,118.80660340334437,99.22934812478867,102.34329770691104,103.51734812225347,104.6533023466833,105.04097359916405,106.1450003198552,107.09886718687596,107.57992643478624,112.71187949257323,118.95757264866087,147.71442185443692
26,158.7293780451655,158.66136334087298,153.7721301699146,147.99062820243245,144.4753538176938,142.63657514694518,130.66893519581026,123.65281447278959,123.29345392960211,118.19112553954332,111.73736748705947,105.71243221769765,99.56754808534818,92.79477066393534,87.41915981492478,78.99912002879549,73.7570565038084,43.83662268342407,41.12893178526007,38.496854658730555,34.23724023956067,28.896784266518655,27.941582717106172,21.656668318325544,15.268025695497274,6.120906939129327,0.0,2.9146912100260853,5.4475285376462965,11.667080213830321,14.554072302482687,18.599505307114505,21.615333768274958,26.709934419269686,33.12126189600825,36.549425036266165,37.51910241687509,38.63410730600694,44.62904024975203,52.48117511869055,55.538939661620546,63.35076595257196,69.05296508974703,70.49056760783053,72.81142003743479,76.20742636840652,81.76978926559329,84.44723039473133,88.58169892164021,90.61167970972663,94.34457737775881,94.87509504947202,98.65998342299116,100.50187728529704,100.78659995738342,79.47313910986648,82.80616221209665,84.5519972558508,71.45911880626545,76.71820142588649,84.10887629358297,27.953963048502477,32.66303297237226,35.884776486743185,39.13299976191797,48.48736870834314,54.755575716109234,58.604249824192664,59.10034071612478,55.19301602955009,55.80554459604549,56.699849498639104,64.34672328097514,66.03265358795704,67.98855440343823,70.6450479569783,73.96636772478146,76.30741556709482,64.68833725908237,69.41760200109037,74.74724270192566,78.45569460436477,89.12231779120592,94.88637534450119,98.93971355032193,106.59557133154082,112.26275865743256,118.01275291162698,126.6165559348817,131.79705917260657,136.9469150524845,138.60432662922034,140.23874832142377,145.71516305011377,148.38112711769247,151.36922419162886,40.63948231526702,48.49563743954882,49.58450514018511,10.527156812013999,11.881866938170408,15.008001756132641,148.78032757397935,152.652511983818,27.29338007266489,28.769917617352426,29.638937355655084,35.24790708385746,61.64517008635888,64.580804600395,112.39596310285017,114.95009826417606,117.7665271009426,122.38836870299997,125.8904492213182,130.52082655340413,133.18824794257455,141.2447816250514,29.029401639153853,31.504314510605514,32.272459539334434,126.52067482790636,131.99832425152425,135.5414077148172,138.69794811023806,140.142239787017,141.21757103357797,42.41653495243172,43.75905012925466,44.50299233131072,45.067902943708816,47.76426586438548,50.12872309597161,38.36017451019854,41.91923520088644,113.8408720379627,116.29953260458005,51.66204037195672,92.71175532409208,93.80519449874353,99.38469249070872,105.03438679638766,86.54619194265047,88.71077132024706,89.70915832975416,77.05830505549305,77.97438638376036,82.05340881566731,89.62327228867659,113.24961975682656,118.24750821096399,120.50962359263661,123.13017048212362,126.09742830711963,128.14059472227035,129.35708475511072,130.9664529541255,136.55704084807726,141.24127461679547,146.98029648467502,151.4340861070079,86.19217891695533,111.5084150506605,117.64958839131779,123.24807058133993,125.74399640850737,127.48387736558685,133.30326355904197,137.38343560523316,140.8232648309646,141.34761383824744,144.15701255189353,145.85199064609043,123.3923342933229,130.15641680459876,135.09219877690578,109.26740408819116,115.58812754361932,121.14054341421115,124.19265448689512,130.31539978618696,130.87700908098185,105.99597697583145,112.17808033957425,113.1415703499013,113.62101794870641,107.00868065067645,112.19910934202744,115.63945946955808,121.08655759608381,124.9275103424737,105.350255063918,108.46420464604037,109.6382550613828,110.77420928581263,111.16188053829337,112.26590725898453,113.21977412600529,113.70083337391557,118.83278643170256,125.0784795877902,153.83532879356625
27,161.6440692551916,161.57605455089907,156.68682137994068,150.90531941245854,147.39004502771988,145.55126635697127,133.58362640583636,126.56750568281568,126.2081451396282,121.10581674956941,114.65205869708556,108.62712342772375,102.48223929537427,95.70946187396143,90.33385102495087,81.91381123882158,76.67174771383449,46.75131389345015,44.04362299528616,41.41154586875664,37.151931449586755,31.81147547654474,30.856273927132257,24.57135952835163,18.182716905523357,9.035598149155412,2.9146912100260853,0.0,2.532837327620211,8.752389003804236,11.639381092456603,15.684814097088422,18.700642558248873,23.7952432092436,30.20657068598216,33.63473382624007,34.604411206849,41.548798516033024,47.543731459778115,55.395866328716636,58.45363087164663,66.26545716259804,71.96765629977311,73.4052588178566,75.72611124746086,79.1221175784326,84.68448047561937,87.36192160475741,91.49639013166629,93.52637091975271,97.25926858778489,97.7897862594981,101.57467463301724,103.41656849532312,103.7012911674095,82.38783031989256,85.72085342212273,87.46668846587687,74.37381001629154,79.63289263591258,87.02356750360906,30.86865425852856,35.57772418239834,38.79946769676927,42.04769097194405,51.40205991836922,57.67026692613531,61.51894103421874,62.015031926150854,58.107707239576165,58.72023580607157,59.61454070866518,67.26141449100122,68.94734479798312,70.9032456134643,73.55973916700438,76.88105893480753,79.22210677712089,67.60302846910845,72.33229321111645,77.66193391195173,81.37038581439086,92.03700900123201,97.80106655452728,101.85440476034802,109.51026254156692,115.17744986745865,120.92744412165307,129.53124714490778,134.71175038263266,139.8616062625106,141.51901783924643,143.15343953144986,148.62985426013987,151.29581832771856,154.28391540165495,43.5541735252931,51.41032864957491,52.49919635021119,13.441848022040084,14.796558148196493,17.922692966158728,151.69501878400544,155.56720319384408,30.208071282690973,31.68460882737851,32.55362856568117,38.16259829388355,64.55986129638497,67.49549581042108,115.31065431287627,117.86478947420215,120.68121831096869,125.30305991302606,128.8051404313443,133.43551776343025,136.10293915260067,144.1594728350775,31.94409284917994,34.4190057206316,35.187150749360526,129.43536603793245,134.91301546155034,138.4560989248433,141.61263932026415,143.05693099704308,144.13226224360406,45.3312261624578,46.673741339280745,47.41768354133681,47.9825941537349,50.678957074411564,53.04341430599769,41.274865720224625,44.833926410912525,116.75556324798879,119.21422381460614,54.576731581982806,95.62644653411817,96.71988570876962,102.29938370073481,107.94907800641376,89.46088315267656,91.62546253027315,92.62384953978025,79.97299626551914,80.88907759378645,84.9681000256934,92.53796349870268,116.16431096685265,121.16219942099008,123.4243148026627,126.04486169214971,129.01211951714572,131.05528593229644,132.2717759651368,133.88114416415158,139.47173205810336,144.15596582682156,149.89498769470111,154.34877731703398,89.10687012698142,114.4231062606866,120.56427960134388,126.16276179136602,128.65868761853346,130.39856857561293,136.21795476906803,140.29812681525922,143.7379560409907,144.26230504827353,147.0717037619196,148.7666818561165,126.307025503349,133.07110801462485,138.00688998693187,112.18209529821725,118.50281875364541,124.05523462423724,127.10734569692121,133.23009099621305,133.79170029100794,108.91066818585755,115.09277154960034,116.05626155992739,116.5357091587325,109.92337186070255,115.11380055205353,118.55415067958417,124.0012488061099,127.84220155249979,108.26494627394409,111.37889585606646,112.55294627140889,113.68890049583872,114.07657174831947,115.18059846901062,116.13446533603138,116.61552458394166,121.74747764172865,127.99317079781629,156.75002000359234
28,164.1769065828118,164.10889187851927,159.21965870756088,153.43815674007874,149.92288235534008,148.08410368459147,136.11646373345656,129.1003430104359,128.74098246724841,123.63865407718961,117.18489602470576,111.15996075534395,105.01507662299447,98.24229920158163,92.86668835257107,84.44664856644178,79.20458504145469,49.28415122107036,46.576460322906364,43.94438319637685,39.68476877720696,34.34431280416495,33.38911125475247,27.104196855971843,20.71555423314357,11.568435476775623,5.4475285376462965,2.532837327620211,0.0,6.219551676184025,9.106543764836392,13.151976769468211,16.167805230628662,21.26240588162339,27.67373335836195,31.101896498619862,32.071573879228794,44.08163584365323,50.07656878739832,57.92870365633684,60.98646819926684,68.79829449021825,74.50049362739333,75.93809614547682,78.25894857508108,81.65495490605281,87.21731780323958,89.89475893237763,94.0292274592865,96.05920824737292,99.7921059154051,100.32262358711831,104.10751196063745,105.94940582294333,106.23412849502971,84.92066764751277,88.25369074974294,89.99952579349709,76.90664734391174,82.16572996353278,89.55640483122926,33.40149158614878,38.110561510018556,41.332305024389484,44.580528299564264,53.93489724598943,60.20310425375553,64.05177836183896,64.54786925377107,60.64054456719638,61.253073133691785,62.147378036285396,69.79425181862143,71.48018212560333,73.43608294108452,76.0925764946246,79.41389626242776,81.75494410474111,70.13586579672867,74.86513053873666,80.19477123957195,83.90322314201106,94.56984632885221,100.33390388214748,104.38724208796822,112.04309986918712,117.71028719507885,123.46028144927327,132.06408447252798,137.24458771025286,142.3944435901308,144.05185516686663,145.68627685907006,151.16269158776007,153.82865565533876,156.81675272927515,46.087010852913316,53.94316597719512,55.03203367783141,15.974685349660295,17.329395475816703,20.455530293778935,154.22785611162564,158.10004052146428,32.74090861031119,34.217446154998726,35.08646589330139,40.69543562150376,67.09269862400517,70.02833313804128,117.84349164049647,120.39762680182235,123.21405563858889,127.83589724064626,131.3379777589645,135.96835509105046,138.63577648022087,146.6923101626977,34.47693017680015,36.95184304825182,37.71998807698074,131.96820336555265,137.44585278917054,140.9889362524635,144.14547664788435,145.58976832466328,146.66509957122426,47.86406349007801,49.20657866690095,49.950520868957014,50.51543148135511,53.21179440203177,55.5762516336179,43.80770304784483,47.36676373853273,119.28840057560899,121.74706114222634,57.10956890960301,98.15928386173837,99.25272303638982,104.83222102835501,110.48191533403396,91.99372048029676,94.15829985789335,95.15668686740045,82.50583359313934,83.42191492140665,87.5009373533136,95.07080082632288,118.69714829447285,123.69503674861028,125.9571521302829,128.5776990197699,131.54495684476592,133.58812325991664,134.804613292757,136.41398149177178,142.00456938572356,146.68880315444176,152.42782502232131,156.88161464465418,91.63970745460162,116.9559435883068,123.09711692896408,128.69559911898622,131.19152494615366,132.93140590323313,138.75079209668823,142.83096414287942,146.2707933686109,146.79514237589373,149.6045410895398,151.2995191837367,128.8398628309692,135.60394534224505,140.53972731455207,114.71493262583745,121.03565608126561,126.58807195185744,129.64018302454141,135.76292832383325,136.32453761862814,111.44350551347775,117.62560887722054,118.58909888754759,119.0685464863527,112.45620918832275,117.64663787967373,121.08698800720437,126.5340861337301,130.37503888011997,110.79778360156429,113.91173318368666,115.08578359902909,116.22173782345892,116.60940907593967,117.71343579663082,118.66730266365158,119.14836191156186,124.28031496934885,130.52600812543648,159.28285733121254
29,170.39645825899584,170.3284435547033,165.43921038374492,159.65770841626278,156.14243403152412,154.3036553607755,142.3360154096406,135.31989468661993,134.96053414343245,129.85820575337365,123.4044477008898,117.37951243152798,111.23462829917851,104.46185087776567,99.0862400287551,90.6662002426258,85.42413671763872,55.503702897254385,52.79601199909039,50.16393487256087,45.90432045339099,40.563864480348975,39.6086629309365,33.32374853215587,26.935105909327596,17.787987152959648,11.667080213830321,8.752389003804236,6.219551676184025,0.0,2.886992088652367,6.932425093284186,9.948253554444637,15.042854205439365,21.454181682177925,24.882344822435837,25.85202220304477,50.301187519837256,56.29612046358235,64.14825533252088,67.20601987545088,75.0178461664023,80.72004530357736,82.15764782166086,84.47850025126512,87.87450658223685,93.43686947942362,96.11431060856167,100.24877913547054,102.27875992355696,106.01165759158914,106.54217526330235,110.32706363682149,112.16895749912737,112.45368017121375,91.14021932369681,94.47324242592698,96.21907746968112,83.12619902009578,88.38528163971682,95.7759565074133,39.621043262332805,44.33011318620258,47.55185670057351,50.80007997574829,60.15444892217346,66.42265592993955,70.27133003802298,70.7674209299551,66.86009624338041,67.47262480987582,68.36692971246943,76.01380349480547,77.69973380178737,79.65563461726856,82.31212817080863,85.6334479386118,87.97449578092515,76.3554174729127,81.0846822149207,86.41432291575599,90.12277481819508,100.78939800503623,106.5534555583315,110.60679376415224,118.26265154537114,123.92983887126287,129.6798331254573,138.28363614871202,143.4641393864369,148.61399526631484,150.27140684305067,151.9058285352541,157.3822432639441,160.0482073315228,163.0363044054592,52.30656252909734,60.16271765337915,61.25158535401543,22.19423702584432,23.54894715200073,26.67508196996296,160.44740778780968,164.31959219764832,38.96046028649521,40.43699783118275,41.30601756948541,46.91498729768779,73.3122503001892,76.24788481422532,124.06304331668049,126.61717847800638,129.43360731477293,134.0554489168303,137.55752943514855,142.1879067672345,144.8553281564049,152.91186183888175,40.69648185298418,43.17139472443584,43.939539753164766,138.18775504173666,143.66540446535456,147.20848792864751,150.36502832406836,151.8093200008473,152.88465124740827,54.083615166262035,55.42613034308498,56.17007254514104,56.73498315753913,59.431346078215796,61.795803309801926,50.02725472402886,53.58631541471676,125.50795225179301,127.96661281841037,63.32912058578704,104.3788355379224,105.47227471257385,111.05177270453903,116.70146701021798,98.21327215648078,100.37785153407738,101.37623854358448,88.72538526932337,89.64146659759068,93.72048902949763,101.2903525025069,124.9166999706569,129.91458842479432,132.17670380646695,134.79725069595395,137.76450852094996,139.80767493610068,141.02416496894105,142.63353316795582,148.2241210619076,152.9083548306258,158.64737669850535,163.10116632083822,97.85925913078563,123.17549526449083,129.31666860514812,134.91515079517026,137.4110766223377,139.15095757941717,144.97034377287227,149.05051581906346,152.49034504479494,153.01469405207777,155.82409276572383,157.51907085992073,135.05941450715324,141.8234970184291,146.7592789907361,120.93448430202149,127.25520775744965,132.80762362804148,135.85973470072545,141.9824800000173,142.54408929481218,117.66305718966179,123.84516055340458,124.80865056373163,125.28809816253674,118.67576086450678,123.86618955585777,127.30653968338841,132.75363780991412,136.594590556304,117.01733527774833,120.1312848598707,121.30533527521312,122.44128949964296,122.8289607521237,123.93298747281486,124.88685433983562,125.3679135877459,130.4998666455329,136.74555980162054,165.50240900739658
30,173.2834503476482,173.21543564335568,168.32620247239728,162.54470050491514,159.02942612017648,157.19064744942787,145.22300749829296,138.2068867752723,137.84752623208482,132.74519784202602,126.29143978954217,120.26650452018035,114.12162038783087,107.34884296641803,101.97323211740746,93.55319233127817,88.31112880629108,58.39069498590675,55.68300408774275,53.050926961213236,48.79131254204335,43.45085656900134,42.49565501958886,36.21074062080823,29.82209799797996,20.674979241612014,14.554072302482687,11.639381092456603,9.106543764836392,2.886992088652367,0.0,4.045433004631819,7.0612614657922705,12.155862116786999,18.56718959352556,21.99535273378347,22.965030114392402,53.18817960848962,59.18311255223471,67.03524742117324,70.09301196410324,77.90483825505466,83.60703739222973,85.04463991031322,87.36549233991748,90.76149867088921,96.32386156807598,99.00130269721403,103.1357712241229,105.16575201220932,108.8986496802415,109.42916735195472,113.21405572547386,115.05594958777974,115.34067225986611,94.02721141234917,97.36023451457935,99.10606955833349,86.01319110874815,91.27227372836919,98.66294859606566,42.50803535098517,47.217105274854944,50.43884878922587,53.68707206440065,63.04144101082582,69.30964801859191,73.15832212667534,73.65441301860746,69.74708833203277,70.35961689852819,71.25392180112179,78.90079558345784,80.58672589043974,82.54262670592092,85.199120259461,88.52044002726416,90.86148786957752,79.24240956156507,83.97167430357307,89.30131500440835,93.00976690684745,103.6763900936886,109.44044764698387,113.4937858528046,121.1496436340235,126.81683095991524,132.56682521410966,141.17062823736438,146.35113147508926,151.5009873549672,153.15839893170303,154.79282062390647,160.26923535259647,162.93519942017517,165.92329649411155,55.193554617749705,63.04970974203151,64.1385774426678,25.081229114496686,26.435939240653095,29.56207405861533,163.33439987646204,167.20658428630068,41.847452375147576,43.323989919835114,44.193009658137775,49.80197938634015,76.19924238884157,79.13487690287768,126.95003540533286,129.50417056665873,132.32059940342526,136.94244100548264,140.4445215238009,145.07489885588683,147.74232024505724,155.79885392753408,43.58347394163654,46.058386813088205,46.82653184181713,141.07474713038903,146.55239655400692,150.09548001729988,153.25202041272073,154.69631208949966,155.77164333606063,56.9706072549144,58.31312243173734,59.0570646337934,59.6219752461915,62.31833816686816,64.68279539845429,52.91424681268122,56.47330750336912,128.39494434044536,130.8536049070627,66.2161126744394,107.26582762657476,108.35926680122621,113.9387647931914,119.58845909887035,101.10026424513315,103.26484362272974,104.26323063223684,91.61237735797573,92.52845868624304,96.60748111814999,104.17734459115927,127.80369205930926,132.80158051344668,135.0636958951193,137.6842427846063,140.65150060960232,142.69466702475304,143.9111570575934,145.52052525660818,151.11111315055996,155.79534691927816,161.53436878715775,165.9881584094906,100.746251219438,126.0624873531432,132.2036606938005,137.80214288382263,140.29806871099007,142.03794966806953,147.85733586152463,151.93750790771583,155.37733713344727,155.9016861407301,158.7110848543762,160.4060629485731,137.9464065958056,144.71048910708146,149.64627107938847,123.82147639067385,130.14219984610202,135.69461571669385,138.74672678937782,144.86947208866965,145.43108138346454,120.55004927831415,126.73215264205695,127.695642652384,128.17509025118912,121.56275295315915,126.75318164451014,130.19353177204076,135.6406298985665,139.48158264495638,119.9043273664007,123.01827694852307,124.19232736386549,125.32828158829533,125.71595284077607,126.81997956146722,127.77384642848799,128.25490567639827,133.38685873418527,139.6325518902729,168.38940109604894
31,177.32888335228,177.26086864798748,172.3716354770291,166.59013350954694,163.07485912480828,161.23608045405967,149.26844050292476,142.2523197799041,141.89295923671662,136.79063084665782,130.33687279417398,124.31193752481218,118.1670533924627,111.39427597104986,106.0186651220393,97.59862533591,92.35656181092291,62.43612799053857,59.72843709237458,57.09635996584506,52.836745546675175,47.49628957363316,46.541088024220684,40.256173625440056,33.867531002611784,24.720412246243836,18.59950530711451,15.684814097088422,13.151976769468211,6.932425093284186,4.045433004631819,0.0,3.015828461160451,8.110429112155181,14.52175658889374,17.949919729151652,18.919597109760584,57.233612613121444,63.228545556866536,71.08068042580506,74.13844496873506,81.95027125968647,87.65247039686155,89.09007291494504,91.4109253445493,94.80693167552103,100.3692945727078,103.04673570184585,107.18120422875472,109.21118501684114,112.94408268487332,113.47460035658654,117.25948873010567,119.10138259241155,119.38610526449793,98.07264441698099,101.40566751921116,103.1515025629653,90.05862411337998,95.31770673300102,102.70838160069749,46.55346835561699,51.26253827948677,54.4842817938577,57.732505069032484,67.08687401545765,73.35508102322375,77.20375513130718,77.69984602323929,73.7925213366646,74.40504990316002,75.29935480575362,82.94622858808965,84.63215889507156,86.58805971055274,89.24455326409281,92.56587303189596,94.90692087420932,83.28784256619689,88.01710730820488,93.34674800904017,97.05519991147928,107.72182309832043,113.4858806516157,117.53921885743644,125.19507663865534,130.86226396454708,136.61225821874152,145.21606124199624,150.39656447972112,155.54642035959907,157.2038319363349,158.83825362853833,164.31466835722833,166.98063242480703,169.96872949874341,59.23898762238153,67.09514274666334,68.18401044729963,29.126662119128508,30.481372245284916,33.60750706324715,167.3798328810939,171.25201729093254,45.8928853797794,47.36942292446694,48.2384426627696,53.847412390971975,80.24467539347339,83.1803099075095,130.9954684099647,133.5496035712906,136.36603240805712,140.9878740101145,144.48995452843275,149.1203318605187,151.7877532496891,159.84428693216594,47.628906946268366,50.10381981772003,50.871964846448954,145.1201801350209,150.59782955863878,154.14091302193174,157.29745341735259,158.74174509413152,159.8170763406925,61.01604025954622,62.358555436369166,63.10249763842523,63.66740825082332,66.36377117149998,68.7282284030861,56.959679817313045,60.518740508000946,132.4403773450772,134.89903791169453,70.26154567907122,111.3112606312066,112.40469980585804,117.98419779782323,123.63389210350218,105.14569724976498,107.31027662736157,108.30866363686867,95.65781036260756,96.57389169087487,100.65291412278182,108.2227775957911,131.84912506394107,136.84701351807848,139.1091288997511,141.72967578923812,144.69693361423413,146.74010002938485,147.95659006222522,149.56595826123998,155.15654615519176,159.84077992390996,165.57980179178952,170.03359141412238,104.79168422406983,130.10792035777501,136.24909369843232,141.84757588845446,144.3435017156219,146.08338267270136,151.90276886615646,155.98294091234766,159.4227701380791,159.94711914536194,162.75651785900803,164.45149595320493,141.99183960043743,148.7559221117133,153.6917040840203,127.86690939530568,134.18763285073385,139.74004872132568,142.79215979400965,148.91490509330148,149.47651438809638,124.59548228294598,130.77758564668878,131.7410756570158,132.22052325582092,125.60818595779098,130.79861464914197,134.2389647766726,139.68606290319832,143.5270156495882,123.94976037103253,127.0637099531549,128.23776036849733,129.37371459292717,129.76138584540791,130.86541256609905,131.81927943311982,132.3003386810301,137.43229173881707,143.6779848949047,172.43483410068075
32,180.34471181344043,180.2766971091479,175.3874639381895,169.60596197070737,166.0906875859687,164.2519089152201,152.2842689640852,145.26814824106452,144.90878769787705,139.80645930781824,133.3527012553344,127.3277659859726,121.18288185362313,114.41010443221029,109.03449358319973,100.61445379707044,95.37239027208335,65.45195645169902,62.74426555353502,60.112188427005506,55.85257400783562,50.51211803479361,49.55691648538113,43.2720020866005,36.88335946377223,27.736240707404285,21.615333768274958,18.700642558248873,16.167805230628662,9.948253554444637,7.0612614657922705,3.015828461160451,0.0,5.094600650994729,11.50592812773329,14.934091267991203,15.903768648600133,60.24944107428189,66.24437401802697,74.0965088869655,77.1542734298955,84.96609972084691,90.66829885802198,92.10590137610548,94.42675380570974,97.82276013668147,103.38512303386824,106.06256416300629,110.19703268991516,112.22701347800158,115.95991114603376,116.49042881774697,120.27531719126611,122.11721105357199,122.40193372565837,101.08847287814143,104.4214959803716,106.16733102412574,93.0744525745404,98.33353519416144,105.72421006185792,49.56929681677744,54.278366740647215,57.50011025501814,60.74833353019292,70.10270247661809,76.37090948438419,80.21958359246761,80.71567448439973,76.80834979782504,77.42087836432046,78.31518326691406,85.96205704925009,87.647987356232,89.60388817171318,92.26038172525325,95.58170149305641,97.92274933536977,86.30367102735732,91.03293576936532,96.36257647020061,100.07102837263972,110.73765155948087,116.50170911277614,120.55504731859688,128.2109050998158,133.87809242570754,139.62808667990197,148.2318897031567,153.41239294088157,158.56224882075952,160.21966039749535,161.85408208969878,167.33049681838878,169.99646088596748,172.98455795990387,62.254816083541975,70.11097120782378,71.19983890846007,32.14249058028896,33.49720070644537,36.6233355244076,170.39566134225436,174.267845752093,48.908713840939846,50.385251385627384,51.254271123930046,56.86324085213242,83.26050385463382,86.19613836866993,134.01129687112515,136.56543203245104,139.38186086921758,144.00370247127495,147.5057829895932,152.13616032167914,154.80358171084956,162.8601153933264,50.64473540742881,53.119648278880476,53.8877933076094,148.13600859618134,153.61365801979923,157.1567414830922,160.31328187851304,161.75757355529197,162.83290480185295,64.03186872070667,65.37438389752961,66.11832609958567,66.68323671198377,69.37959963266043,71.74405686424656,59.97550827847349,63.53456896916139,135.45620580623765,137.914866372855,73.27737414023167,114.32708909236703,115.42052826701848,121.00002625898367,126.64972056466262,108.16152571092542,110.32610508852201,111.32449209802911,98.673638823768,99.58972015203531,103.66874258394226,111.23860605695154,134.8649535251015,139.8628419792389,142.12495736091154,144.74550425039854,147.71276207539455,149.75592849054527,150.97241852338564,152.5817867224004,158.1723746163522,162.8566083850704,168.59563025294995,173.0494198752828,107.80751268523028,133.12374881893544,139.26492215959274,144.86340434961488,147.35933017678232,149.0992111338618,154.9185973273169,158.99876937350808,162.43859859923953,162.96294760652236,165.77234632016845,167.46732441436535,145.00766806159785,151.7717505728737,156.70753254518073,130.8827378564661,137.20346131189427,142.7558771824861,145.80798825517007,151.9307335544619,152.4923428492568,127.6113107441064,133.7934141078492,134.75690411817624,135.23635171698135,128.62401441895142,133.81444311030242,137.25479323783304,142.70189136435877,146.54284411074866,126.96558883219295,130.07953841431532,131.25358882965776,132.3895430540876,132.77721430656834,133.88124102725948,134.83510789428024,135.31616714219052,140.4481201999775,146.69381335606514,175.45066256184117
33,185.43931246443515,185.37129776014262,180.48206458918423,174.7005626217021,171.18528823696343,169.34650956621482,157.3788696150799,150.36274889205924,150.00338834887177,144.90105995881297,138.44730190632913,132.42236663696733,126.27748250461785,119.50470508320501,114.12909423419445,105.70905444806516,100.46699092307807,70.54655710269374,67.83886620452974,65.20678907800023,60.94717465883035,55.60671868578834,54.65151713637586,48.36660273759523,41.97796011476696,32.83084135839901,26.70993441926969,23.795243209243605,21.262405881623394,15.042854205439367,12.155862116787,8.110429112155181,5.094600650994729,0.0,6.411327476738561,9.839490616996473,10.809167997605403,65.34404172527661,71.3389746690217,79.19110953796022,82.24887408089022,90.06070037184163,95.7628995090167,97.2005020271002,99.52135445670446,102.91736078767619,108.47972368486296,111.157164814001,115.29163334090988,117.3216141289963,121.05451179702848,121.5850294687417,125.36991784226083,127.21181170456671,127.49653437665309,106.18307352913615,109.51609663136632,111.26193167512047,98.16905322553512,103.42813584515616,110.81881071285264,54.663897467772166,59.37296739164194,62.59471090601287,65.84293418118766,75.19730312761283,81.46551013537892,85.31418424346235,85.81027513539446,81.90295044881978,82.5154790153152,83.4097839179088,91.05665770024481,92.74258800722671,94.6984888227079,97.35498237624797,100.67630214405114,103.0173499863645,91.39827167835205,96.12753642036004,101.45717712119533,105.16562902363444,115.83225221047559,121.59630976377086,125.6496479695916,133.3055057508105,138.97269307670226,144.7226873308967,153.32649035415142,158.5069935918763,163.65684947175424,165.31426104849007,166.9486827406935,172.4250974693835,175.0910615369622,178.0791586108986,67.3494167345367,75.20557185881852,76.2944395594548,37.237091231283685,38.5918013574401,41.71793617540233,175.49026199324908,179.36244640308772,54.003314491934574,55.47985203662211,56.348871774924774,61.95784150312715,88.35510450562855,91.29073901966466,139.10589752211988,141.66003268344576,144.4764615202123,149.09830312226967,152.60038364058792,157.23076097267386,159.89818236184428,167.95471604432112,55.73933605842354,58.214248929875204,58.98239395860413,153.23060924717606,158.70825867079395,162.2513421340869,165.40788252950776,166.8521742062867,167.92750545284767,69.12646937170139,70.46898454852433,71.2129267505804,71.77783736297849,74.47420028365515,76.83865751524128,65.07010892946822,68.62916962015612,140.55080645723237,143.0094670238497,78.37197479122639,119.42168974336175,120.5151289180132,126.09462690997839,131.74432121565732,113.25612636192014,115.42070573951673,116.41909274902383,103.76823947476272,104.68432080303003,108.76334323493698,116.33320670794626,139.95955417609622,144.95744263023363,147.21955801190626,149.84010490139326,152.80736272638927,154.85052914154,156.06701917438036,157.67638737339513,163.2669752673469,167.9512090360651,173.69023090394467,178.14402052627753,112.902113336225,138.21834946993016,144.35952281058746,149.9580050006096,152.45393082777704,154.1938117848565,160.0131979783116,164.0933700245028,167.53319925023425,168.05754825751708,170.86694697116317,172.56192506536007,150.10226871259258,156.86635122386843,161.80213319617545,135.97733850746081,142.298061962889,147.85047783348082,150.9025889061648,157.02533420545663,157.58694350025152,132.70591139510114,138.88801475884392,139.85150476917096,140.33095236797607,133.71861506994614,138.90904376129714,142.34939388882776,147.7964920153535,151.63744476174338,132.06018948318766,135.17413906531002,136.34818948065248,137.48414370508232,137.87181495756306,138.9758416782542,139.92970854527496,140.41076779318524,145.54272085097222,151.78841400705986,180.5452632128359
34,191.85063994117374,191.78262523688122,186.89339206592282,181.11189009844068,177.59661571370202,175.7578370429534,163.7901970918185,156.77407636879784,156.41471582561036,151.31238743555156,144.85862938306772,138.83369411370592,132.68880998135643,125.91603255994357,120.54042171093302,112.12038192480372,106.87831839981664,76.9578845794323,74.2501936812683,71.61811655473879,67.35850213556891,62.0180461625269,61.06284461311442,54.77793021433379,48.38928759150552,39.242168835137576,33.12126189600825,30.206570685982165,27.673733358361954,21.45418168217793,18.567189593525562,14.52175658889374,11.50592812773329,6.411327476738561,0.0,3.4281631402579125,4.397840520866843,71.75536920201517,77.75030214576026,85.60243701469878,88.66020155762878,96.4720278485802,102.17422698575527,103.61182950383876,105.93268193344302,109.32868826441475,114.89105116160152,117.56849229073957,121.70296081764845,123.73294160573487,127.46583927376705,127.99635694548026,131.7812453189994,133.62313918130528,133.90786185339167,112.59440100587472,115.92742410810489,117.67325915185903,104.58038070227369,109.83946332189473,117.2301381895912,61.07522494451073,65.78429486838051,69.00603838275144,72.25426165792622,81.60863060435139,87.87683761211748,91.72551172020091,92.22160261213303,88.31427792555834,88.92680649205376,89.82111139464736,97.46798517698338,99.15391548396528,101.10981629944646,103.76630985298654,107.0876296207897,109.42867746310306,97.80959915509061,102.53886389709861,107.86850459793389,111.576956500373,122.24357968721415,128.00763724050944,132.06097544633016,139.71683322754907,145.38402055344082,151.13401480763525,159.73781783088998,164.91832106861486,170.0681769484928,171.72558852522863,173.36001021743206,178.83642494612207,181.50238901370076,184.49048608763715,73.76074421127528,81.6168993355571,82.70576703619338,43.64841870802225,45.00312883417866,48.12926365214089,181.90158946998764,185.77377387982628,60.41464196867314,61.891179513360676,62.76019925166334,68.36916897986572,94.76643198236711,97.70206649640322,145.51722499885844,148.07136016018433,150.88778899695086,155.50963059900823,159.01171111732648,163.64208844941243,166.30950983858284,174.36604352105968,62.1506635351621,64.62557640661376,65.39372143534268,159.64193672391463,165.11958614753252,168.66266961082547,171.81921000624632,173.26350168302525,174.33883292958623,75.53779684843995,76.8803120252629,77.62425422731896,78.18916483971705,80.88552776039371,83.24998499197984,71.48143640620678,75.04049709689468,146.96213393397093,149.42079450058827,84.78330226796496,125.83301722010032,126.92645639475177,132.50595438671695,138.15564869239589,119.6674538386587,121.8320332162553,122.8304202257624,110.17956695150129,111.0956482797686,115.17467071167555,122.74453418468482,146.3708816528348,151.36877010697222,153.63088548864485,156.25143237813185,159.21869020312786,161.26185661827859,162.47834665111895,164.08771485013372,169.6783027440855,174.3625365128037,180.1015583806833,184.55534800301615,119.31344081296356,144.62967694666875,150.77085028732606,156.3693324773482,158.86525830451563,160.6051392615951,166.4245254550502,170.5046975012414,173.94452672697287,174.4688757342557,177.27827444790177,178.97325254209866,156.51359618933117,163.27767870060703,168.21346067291404,142.3886659841994,148.70938943962759,154.26180531021942,157.3139163829034,163.43666168219522,163.9982709769901,139.1172388718397,145.2993422355825,146.26283224590952,146.74227984471463,140.12994254668473,145.32037123803573,148.76072136556635,154.20781949209209,158.04877223848197,138.47151695992625,141.5854665420486,142.75951695739107,143.8954711818209,144.28314243430165,145.3871691549928,146.34103602201355,146.82209526992384,151.9540483277108,158.19974148379845,186.95659068957448
35,195.27880308143165,195.21078837713912,190.32155520618073,184.5400532386986,181.02477885395993,179.18600018321132,167.2183602320764,160.20223950905574,159.84287896586827,154.74055057580946,148.28679252332563,142.26185725396383,136.11697312161434,129.34419570020148,123.96858485119093,115.54854506506163,110.30648154007454,80.38604771969021,77.67835682152621,75.0462796949967,70.78666527582682,65.44620930278481,64.49100775337233,58.2060933545917,51.81745073176343,42.670331975395484,36.54942503626616,33.63473382624007,31.101896498619862,24.882344822435837,21.99535273378347,17.949919729151652,14.934091267991203,9.839490616996473,3.4281631402579125,0.0,0.9696773806089307,75.18353234227308,81.17846528601817,89.03060015495669,92.08836469788669,99.9001909888381,105.60239012601318,107.03999264409667,109.36084507370093,112.75685140467266,118.31921430185943,120.99665543099748,125.13112395790635,127.16110474599277,130.89400241402495,131.42452008573815,135.20940845925728,137.05130232156316,137.33602499364954,116.02256414613262,119.3555872483628,121.10142229211694,108.0085438425316,113.26762646215263,120.65830132984911,64.50338808476863,69.21245800863841,72.43420152300934,75.68242479818412,85.03679374460928,91.30500075237538,95.1536748604588,95.64976575239092,91.74244106581624,92.35496963231165,93.24927453490525,100.89614831724128,102.58207862422319,104.53797943970437,107.19447299324445,110.5157927610476,112.85684060336096,101.23776229534852,105.96702703735652,111.2966677381918,115.00511964063091,125.67174282747206,131.43580038076732,135.48913858658804,143.14499636780695,148.8121836936987,154.56217794789313,163.16598097114786,168.34648420887274,173.49634008875069,175.1537516654865,176.78817335768994,182.26458808637994,184.93055215395864,187.91864922789503,77.18890735153317,85.04506247581499,86.13393017645127,47.076581848280156,48.43129197443657,51.5574267923988,185.32975261024552,189.20193702008416,63.842805108931046,65.31934265361859,66.18836239192125,71.79733212012363,98.19459512262502,101.13022963666113,148.94538813911632,151.4995233004422,154.31595213720874,158.9377937392661,162.43987425758436,167.0702515896703,169.73767297884072,177.79420666131756,65.57882667542,68.05373954687167,68.82188457560059,163.0700998641725,168.5477492877904,172.09083275108335,175.2473731465042,176.69166482328313,177.7669960698441,78.96595998869786,80.3084751655208,81.05241736757687,81.61732797997496,84.31369090065162,86.67814813223775,74.90959954646469,78.46866023715259,150.3902970742288,152.84895764084615,88.21146540822286,129.26118036035822,130.35461953500968,135.93411752697486,141.5838118326538,123.09561697891661,125.2601963565132,126.2585833660203,113.6077300917592,114.5238114200265,118.60283385193345,126.17269732494273,149.79904479309272,154.79693324723013,157.05904862890276,159.67959551838976,162.64685334338577,164.6900197585365,165.90650979137686,167.51587799039163,173.1064658843434,177.7906996530616,183.52972152094117,187.98351114327403,122.74160395322147,148.05784008692666,154.19901342758396,159.7974956176061,162.29342144477354,164.033302401853,169.8526885953081,173.9328606414993,177.37268986723075,177.89703887451358,180.70643758815967,182.40141568235657,159.94175932958908,166.70584184086493,171.64162381317195,145.8168291244573,152.1375525798855,157.68996845047732,160.7420795231613,166.86482482245313,167.42643411724802,142.5454020120976,148.7275053758404,149.69099538616743,150.17044298497254,143.55810568694264,148.74853437829364,152.18888450582426,157.63598263235,161.47693537873988,141.89968010018416,145.01362968230652,146.18768009764898,147.32363432207882,147.71130557455956,148.8153322952507,149.76919916227146,150.25025841018174,155.38221146796872,161.62790462405636,190.3847538298324
36,196.2484804620406,196.18046575774807,191.29123258678968,185.50973061930753,181.99445623456887,180.15567756382026,168.18803761268535,161.1719168896647,160.8125563464772,155.7102279564184,149.25646990393457,143.23153463457277,137.08665050222328,130.31387308081042,124.93826223179985,116.51822244567056,111.27615892068347,81.35572510029914,78.64803420213514,76.01595707560563,71.75634265643575,66.41588668339374,65.46068513398126,59.175770735200636,52.787128112372365,43.64000935600442,37.51910241687509,34.60441120684901,32.071573879228794,25.852022203044765,22.9650301143924,18.91959710976058,15.903768648600131,10.809167997605403,4.397840520866843,0.9696773806089307,0.0,76.15320972288201,82.1481426666271,90.00027753556562,93.05804207849562,100.86986836944703,106.5720675066221,108.0096700247056,110.33052245430986,113.72652878528159,119.28889168246836,121.9663328116064,126.10080133851528,128.1307821266017,131.86367979463387,132.39419746634707,136.1790858398662,138.02097970217207,138.30570237425846,116.99224152674155,120.32526462897172,122.07109967272586,108.97822122314054,114.23730384276158,121.62797871045805,65.47306546537757,70.18213538924735,73.40387890361828,76.65210217879306,86.00647112521823,92.27467813298432,96.12335224106775,96.61944313299986,92.71211844642518,93.3246470129206,94.2189519155142,101.86582569785021,103.55175600483211,105.5076568203133,108.16415037385337,111.48547014165652,113.82651798396988,102.20743967595745,106.93670441796544,112.26634511880073,115.97479702123984,126.64142020808099,132.40547776137626,136.45881596719698,144.1146737484159,149.78186107430764,155.53185532850208,164.1356583517568,169.31616158948168,174.46601746935963,176.12342904609545,177.75785073829888,183.2342654669889,185.9002295345676,188.88832660850397,78.15858473214212,86.01473985642393,87.10360755706022,48.04625922888909,49.400969355045504,52.527104173007736,186.29942999085446,190.1716144006931,64.81248248953999,66.28902003422753,67.15803977253019,72.76700950073257,99.16427250323395,102.09990701727006,149.91506551972526,152.46920068105115,155.28562951781768,159.90747111987505,163.4095516381933,168.03992897027925,170.70735035944966,178.7638840419265,66.54850405602895,69.02341692748061,69.79156195620953,164.03977724478145,169.51742666839934,173.0605101316923,176.21705052711314,177.66134220389208,178.73667345045305,79.93563736930679,81.27815254612973,82.0220947481858,82.58700536058389,85.28336828126055,87.64782551284668,75.87927692707362,79.43833761776152,151.35997445483775,153.8186350214551,89.18114278883179,130.23085774096717,131.32429691561862,136.9037949075838,142.55348921326274,124.06529435952554,126.22987373712213,127.22826074662923,114.57740747236812,115.49348880063543,119.57251123254238,127.14237470555166,150.76872217370166,155.76661062783907,158.0287260095117,160.6492728989987,163.6165307239947,165.65969713914544,166.8761871719858,168.48555537100057,174.07614326495235,178.76037703367055,184.49939890155014,188.953188523883,123.71128133383039,149.0275174675356,155.1686908081929,160.76717299821505,163.26309882538249,165.00297978246195,170.82236597591705,174.90253802210825,178.34236724783972,178.86671625512255,181.67611496876862,183.3710930629655,160.91143671019802,167.67551922147388,172.6113011937809,146.78650650506626,153.10722996049444,158.65964583108627,161.71175690377024,167.83450220306207,168.39611149785696,143.51507939270655,149.69718275644934,150.66067276677637,151.14012036558148,144.52778306755158,149.71821175890258,153.1585618864332,158.60566001295894,162.44661275934882,142.8693574807931,145.98330706291546,147.15735747825792,148.29331170268776,148.6809829551685,149.78500967585964,150.7388765428804,151.2199357907907,156.35188884857766,162.5975820046653,191.35443121044133
37,128.88900487205112,128.8209901677586,123.9317569968002,118.15025502931805,114.63498064457939,112.79620197383079,100.82856202269588,93.8124412996752,93.45308075648772,88.35075236642894,81.89699431394509,75.87205904458327,69.72717491223379,62.954397490820945,57.57878664181038,49.15874685568109,43.916683330694,13.996249510309665,11.288558612145668,8.656481485616153,4.396867066446268,9.737323039488281,10.692524588900763,16.97743898768139,23.36608161050966,32.513200366877605,38.63410730600693,41.54879851603302,44.08163584365323,50.301187519837256,53.18817960848963,57.233612613121444,60.2494410742819,65.34404172527663,71.75536920201519,75.1835323422731,76.15320972288202,0.0,5.9949329437450904,13.847067812683614,16.90483235561361,24.716658646565023,30.41885778374009,31.856460301823585,34.17731273142784,37.57331906239956,43.13568195958633,45.81312308872437,49.947591615633236,51.97757240371966,55.71047007175184,56.24098774346505,60.02587611698418,61.86776997929005,62.15249265137643,40.839031803859534,44.1720549060897,45.91788994984384,32.82501150025852,38.08409411987956,45.47476898757604,23.27473371785832,27.9838036417281,31.20554715609903,34.45377043127381,43.80813937769898,50.07634638546507,53.9250204935485,54.421111385480614,50.513786698905925,51.12631526540133,52.02062016799494,25.712615974968205,27.398546281950104,29.35444709743129,32.01094065097137,35.332260418774524,37.673308261087875,26.05422995307544,30.78349469508344,36.113135395918725,48.615321431250365,59.281944618091515,65.04600217138679,69.09934037720753,76.75519815842642,82.42238548431816,88.17237973851257,96.7761827617673,101.95668599949217,107.10654187937011,108.76395345610594,110.39837514830937,115.87478987699937,118.54075394457807,121.52885101851446,35.96025298462286,43.81640810890467,44.90527580954095,36.91945023976228,38.27416036591869,41.40029518388092,118.93995440086495,122.81213881070359,22.614150742020733,24.09068828670827,24.95970802501093,30.568677753213304,23.011062780351942,25.946697294388052,82.55558992973577,85.10972509106166,87.9261539278282,92.54799552988557,96.0500760482038,100.68045338028973,103.34787476946015,111.40440845193699,24.3501723085097,26.82508517996136,27.59323020869028,96.68030165479195,102.15795107840984,105.7010345417028,108.85757493712366,110.30186661390259,111.37719786046355,12.576161779317314,13.918676956140258,14.662619158196316,15.227529770594412,17.92389269127107,20.288349922857197,8.519801337084141,12.078862027772042,84.0004988648483,86.45915943146565,21.821667198842317,62.87138215097769,63.96482132562914,69.54431931759432,75.19401362327326,56.705818769536066,58.87039814713266,59.86878515663977,47.21793188237866,48.134013210645975,52.213035642552924,59.7828991155622,83.40924658371218,88.4071350378496,90.66925041952223,93.28979730900923,96.25705513400524,98.30022154915598,99.51671158199635,101.1260797810111,106.71666767496288,111.4009014436811,117.13992331156066,121.59371293389353,56.35180574384092,81.66804187754612,87.8092152182034,93.40769740822554,95.90362323539298,97.64350419247246,103.46289038592757,107.54306243211876,110.98289165785022,111.50724066513305,114.31663937877912,116.01161747297601,93.55196112020852,100.31604363148439,105.25182560379139,79.42703091507677,85.74775437050494,91.30017024109677,94.35228131378074,100.47502661307256,101.03663590786743,76.15560380271707,82.33770716645986,83.30119717678691,83.78064477559202,77.16830747756207,82.35873616891305,85.79908629644369,91.24618442296942,95.08713716935931,75.50988189080361,78.62383147292599,79.7978818882684,80.93383611269824,81.32150736517899,82.42553408587014,83.3794009528909,83.86046020080119,88.99241325858817,95.23810641467581,123.99495562045183
38,134.8839378157962,134.81592311150368,129.9266899405453,124.14518797306313,120.62991358832447,118.79113491757587,106.82349496644096,99.80737424342028,99.4480137002328,94.34568531017402,87.89192725769017,81.86699198832835,75.72210785597888,68.94933043456604,63.57371958555548,55.153679799426186,49.91161627443909,19.991182454054755,17.283491555890755,14.651414429361242,10.391800010191359,15.732255983233372,16.687457532645855,22.97237193142648,29.36101455425475,38.508133310622696,44.62904024975202,47.54373145977811,50.07656878739832,56.29612046358235,59.18311255223472,63.228545556866536,66.24437401802699,71.33897466902172,77.75030214576029,81.1784652860182,82.14814266662712,5.9949329437450904,0.0,7.852134868938523,10.909899411868519,18.72172570281993,24.423924839995,25.861527358078494,28.18237978768275,31.578386118654475,37.140749015841244,39.81819014497928,43.95265867188815,45.98263945997458,49.71553712800676,50.246054799719964,54.030943173239095,55.87283703554497,56.15755970763134,34.84409886011444,38.17712196234461,39.92295700609875,26.830078556513428,32.08916117613447,39.47983604383095,29.269666661603413,33.97873658547319,37.20048009984412,40.44870337501891,49.80307232144408,56.07127932921017,59.9199534372936,60.41604432922571,56.50871964265102,57.12124820914643,58.01555311174004,19.717683031223114,21.403613338205012,23.3595141536862,26.01600770722628,29.337327475029433,31.678375317342788,20.059297009330347,24.78856175133835,30.118202452173634,54.610254374995456,65.27687756183661,71.04093511513189,75.09427332095262,82.75013110217152,88.41731842806325,94.16731268225767,102.7711157055124,107.95161894323726,113.10147482311521,114.75888639985104,116.39330809205447,121.86972282074447,124.53568688832317,127.52378396225956,41.95518592836795,49.81134105264976,50.900208753286044,42.91438318350737,44.26909330966378,47.39522812762601,124.93488734461005,128.80707175444869,28.609083685765825,30.085621230453363,30.95464096875602,36.5636106969584,17.01612983660685,19.95176435064296,88.55052287348087,91.10465803480676,93.9210868715733,98.54292847363067,102.0450089919489,106.67538632403483,109.34280771320525,117.39934139568209,30.34510525225479,32.820018123706454,33.58816315243538,102.67523459853706,108.15288402215495,111.69596748544791,114.85250788086877,116.2967995576477,117.37213080420867,18.571094723062405,19.913609899885348,20.657552101941405,21.2224627143395,23.91882563501616,26.283282866602285,14.51473428082923,18.07379497151713,89.9954318085934,92.45409237521075,27.816600142587404,68.86631509472278,69.95975426937423,75.53925226133941,81.18894656701836,62.70075171328116,64.86533109087776,65.86371810038486,53.21286482612375,54.128946154391066,58.207968586298016,65.7778320593073,89.40417952745726,94.40206798159468,96.66418336326731,99.28473025275431,102.25198807775033,104.29515449290106,105.51164452574143,107.12101272475618,112.71160061870796,117.39583438742618,123.13485625530575,127.58864587763861,62.34673868758601,87.6629748212912,93.80414816194849,99.40263035197063,101.89855617913807,103.63843713621755,109.45782332967265,113.53799537586384,116.9778246015953,117.50217360887814,120.3115723225242,122.0065504167211,99.5468940639536,106.31097657522947,111.24675854753647,85.42196385882185,91.74268731425002,97.29510318484185,100.34721425752582,106.46995955681764,107.03156885161252,82.15053674646215,88.33264011020495,89.296130120532,89.77557771933711,83.16324042130715,88.35366911265814,91.79401924018877,97.2411173667145,101.0820701131044,81.5048148345487,84.61876441667107,85.79281483201349,86.92876905644333,87.31644030892407,88.42046702961522,89.37433389663599,89.85539314454627,94.98734620233326,101.2330393584209,129.98988856419692
39,142.73607268473472,142.6680579804422,137.7788248094838,131.99732284200167,128.482048457263,126.6432697865144,114.67562983537948,107.6595091123588,107.30014856917133,102.19782017911254,95.74406212662869,89.71912685726687,83.5742427249174,76.80146530350456,71.425854454494,63.00581466836471,57.76375114337762,27.84331732299328,25.13562642482928,22.503549298299767,18.24393487912988,23.584390852171893,24.539592401584375,30.824506800365,37.21314942319327,46.36026817956122,52.481175118690544,55.39586632871663,57.92870365633684,64.14825533252088,67.03524742117324,71.08068042580506,74.09650888696551,79.19110953796024,85.60243701469881,89.03060015495672,90.00027753556564,13.847067812683614,7.852134868938523,0.0,3.0577645429299958,10.869590833881409,16.571789971056475,18.00939248913997,20.330244918744224,23.72625124971595,29.288614146902717,31.966055276040755,36.100523802949624,38.13050459103605,41.86340225906823,42.393919930781436,46.17880830430057,48.02070216660644,48.305424838692815,26.99196399117592,30.324987093406083,32.07082213716022,18.977943687574907,24.237026307195947,31.62770117489243,37.12180153054194,41.830871454411714,45.05261496878264,48.30083824395743,57.6552071903826,63.92341419814869,67.77208830623212,68.26817919816423,64.36085451158955,64.97338307808496,65.86768798067857,11.865548162284592,13.55147846926649,15.507379284747678,18.16387283828776,21.485192606090912,23.826240448404267,12.207162140391825,16.936426882399825,22.266067583235106,62.462389243933984,73.12901243077513,78.89306998407041,82.94640818989114,90.60226597111004,96.26945329700177,102.0194475511962,110.62325057445092,115.80375381217578,120.95360969205373,122.61102126878956,124.24544296099299,129.721857689683,132.3878217572617,135.37591883119808,49.807320797306474,57.66347592158828,58.752343622224565,50.76651805244589,52.1212281786023,55.24736299656453,132.78702221354857,136.6592066233872,36.461218554704345,37.93775609939188,38.806775837694545,44.41574556589692,9.16399496766833,12.09962948170444,96.4026577424194,98.95679290374528,101.77322174051181,106.39506334256919,109.89714386088743,114.52752119297335,117.19494258214377,125.2514762646206,38.19724012119331,40.672152992644975,41.4402980213739,110.52736946747558,116.00501889109347,119.54810235438643,122.70464274980729,124.14893442658622,125.22426567314719,26.42322959200093,27.765744768823872,28.50968697087993,29.074597583278024,31.770960503954683,34.13541773554081,22.366869149767755,25.925929840455655,97.84756667753192,100.30622724414927,35.66873501152593,76.7184499636613,77.81188913831275,83.39138713027793,89.04108143595688,70.55288658221968,72.71746595981628,73.71585296932338,61.064999695062276,61.981081023329594,66.06010345523654,73.62996692824582,97.25631439639578,102.2542028505332,104.51631823220583,107.13686512169284,110.10412294668885,112.14728936183958,113.36377939467995,114.9731475936947,120.56373548764648,125.2479692563647,130.98699112424427,135.44078074657713,70.19887355652455,95.51510969022972,101.65628303088701,107.25476522090915,109.75069104807659,111.49057200515607,117.30995819861117,121.39013024480236,124.82995947053382,125.35430847781666,128.16370719146272,129.85868528565962,107.39902893289212,114.163111444168,119.098893416475,93.27409872776038,99.59482218318854,105.14723805378037,108.19934912646434,114.32209442575616,114.88370372055104,90.00267161540067,96.18477497914347,97.14826498947052,97.62771258827563,91.01537529024567,96.20580398159666,99.6461541091273,105.09325223565303,108.93420498204291,89.35694970348722,92.47089928560959,93.64494970095201,94.78090392538185,95.16857517786259,96.27260189855375,97.22646876557451,97.70752801348479,102.83948107127178,109.08517422735942,137.84202343313547
40,145.79383722766474,145.72582252337222,140.83658935241382,135.05508738493168,131.53981300019302,129.7010343294444,117.7333943783095,110.71727365528882,110.35791311210134,105.25558472204256,98.80182666955871,92.77689140019689,86.63200726784741,79.85922984643457,74.483618997424,66.06357921129471,60.82151568630761,30.901081865923278,28.193390967759278,25.561313841229765,21.30169942205988,26.642155395101895,27.597356944514377,33.882271343295,40.270913966123274,49.41803272249122,55.538939661620546,58.45363087164663,60.986468199266845,67.20601987545086,70.09301196410323,74.13844496873504,77.1542734298955,82.24887408089023,88.6602015576288,92.0883646978867,93.05804207849563,16.90483235561361,10.909899411868519,3.0577645429299958,0.0,7.811826290951413,13.51402542812648,14.951627946209975,17.27248037581423,20.668486706785956,26.23084960397272,28.90829073311076,33.04275926001963,35.072740048106056,38.805637716138236,39.33615538785144,43.12104376137057,44.962937623676446,45.24766029576282,23.934199448245923,27.267222550476088,29.013057594230226,15.920179144644909,21.17926176426595,28.56993663196243,40.17956607347194,44.888635997341716,48.110379511712644,51.35860278688743,60.7129717333126,66.9811787410787,70.82985284916212,71.32594374109424,67.41861905451955,68.03114762101497,68.92545252360857,8.807783619354595,10.493713926336493,12.449614741817681,15.10610829535776,18.427428063160914,20.76847590547427,9.14939759746183,13.87866233946983,19.20830304030511,65.52015378686397,76.18677697370512,81.9508345270004,86.00417273282113,93.66003051404003,99.32721783993176,105.07721209412618,113.68101511738091,118.86151835510577,124.01137423498372,125.66878581171954,127.30320750392298,132.77962223261298,135.44558630019168,138.43368337412807,52.865085340236476,60.72124046451828,61.81010816515457,53.82428259537589,55.1789927215323,58.305127539494535,135.84478675647856,139.7169711663172,39.51898309763435,40.995520642321885,41.86454038062455,47.47351010882692,6.106230424738333,9.041864938774443,99.46042228534938,102.01455744667527,104.8309862834418,109.45282788549918,112.95490840381741,117.58528573590334,120.25270712507375,128.3092408075506,41.25500466412331,43.72991753557498,44.4980625643039,113.58513401040557,119.06278343402346,122.60586689731642,125.76240729273728,127.20669896951621,128.28203021607717,29.480994134930924,30.823509311753867,31.567451513809925,32.13236212620802,34.828725046884685,37.193182278470815,25.424633692697753,28.983694383385654,100.9053312204619,103.36399178707926,38.72649955445593,79.77621450659129,80.86965368124274,86.44915167320792,92.09884597888687,73.61065112514967,75.77523050274627,76.77361751225337,64.12276423799227,65.03884556625958,69.11786799816653,76.68773147117581,100.3140789393258,105.31196739346322,107.57408277513585,110.19462966462285,113.16188748961886,115.2050539047696,116.42154393760997,118.03091213662472,123.6215000305765,128.3057337992947,134.0447556671743,138.49854528950715,73.25663809945453,98.57287423315974,104.71404757381703,110.31252976383917,112.8084555910066,114.54833654808608,120.36772274154119,124.44789478773238,127.88772401346384,128.41207302074667,131.22147173439274,132.91644982858963,110.45679347582214,117.22087598709801,122.15665795940501,96.33186327069039,102.65258672611856,108.20500259671039,111.25711366939436,117.37985896868618,117.94146826348106,93.06043615833069,99.24253952207349,100.20602953240054,100.68547713120564,94.07313983317569,99.26356852452668,102.70391865205731,108.15101677858304,111.99196952497293,92.41471424641723,95.5286638285396,96.70271424388203,97.83866846831187,98.22633972079261,99.33036644148376,100.28423330850453,100.7652925564148,105.8972456142018,112.14293877028943,140.89978797606548
41,153.60566351861613,153.5376488143236,148.6484156433652,142.86691367588307,139.3516392911444,137.5128606203958,125.54522066926089,118.52909994624021,118.16973940305273,113.06741101299394,106.6136529605101,100.58871769114828,94.4438335587988,87.67105613738596,82.2954452883754,73.87540550224611,68.63334197725902,38.71290815687469,36.005217258710694,33.37314013218118,29.113525713011292,34.453981686053304,35.40918323546578,41.69409763424641,48.08274025707468,57.22985901344263,63.350765952571955,66.26545716259804,68.79829449021825,75.01784616640228,77.90483825505464,81.95027125968646,84.96609972084691,90.06070037184165,96.47202784858021,99.90019098883812,100.86986836944705,24.716658646565023,18.72172570281993,10.869590833881409,7.811826290951413,0.0,5.702199137175068,7.139801655258562,9.460654084862815,12.856660415834542,18.41902331302131,21.096464442159352,25.23093296906822,27.260913757154647,30.993811425186827,31.524329096900036,35.30921747041917,37.151111332725044,37.43583400481142,16.122373157294508,19.455396259524672,21.20123130327881,8.108352853693496,13.367435473314536,20.75811034101102,47.99139236442335,52.700462288293124,55.92220580266405,59.17042907783883,68.524798024264,74.7930050320301,78.64167914011352,79.13777003204564,75.23044534547095,75.84297391196637,76.73727881455997,0.9959573284031824,2.681887635385081,4.637788450866268,7.294282004406347,10.615601772209502,12.956649614522856,1.3375713065104164,6.066836048518417,11.396476749353699,73.33198007781539,83.99860326465654,89.76266081795181,93.81599902377255,101.47185680499145,107.13904413088318,112.8890383850776,121.49284140833232,126.67334464605719,131.82320052593514,133.48061210267096,135.1150337948744,140.5914485235644,143.2574125911431,146.24550966507948,60.676911631187885,68.53306675546969,69.62193445610598,61.6361088863273,62.99081901248371,66.11695383044595,143.65661304742997,147.5287974572686,47.330809388585756,48.807346933273294,49.676366671575956,55.28533639977833,13.918056715689747,16.853691229725857,107.2722485763008,109.82638373762668,112.64281257439322,117.26465417645059,120.76673469476883,125.39711202685476,128.06453341602517,136.121067098502,49.06683095507472,51.541743826526385,52.30988885525531,121.39696030135698,126.87460972497487,130.41769318826783,133.57423358368868,135.0185252604676,136.0938565070286,37.29282042588234,38.63533560270528,39.379277804761344,39.94418841715944,42.6405513378361,45.00500856942223,33.23645998364916,36.79552067433706,108.71715751141332,111.17581807803067,46.53832584540734,87.5880407975427,88.68147997219415,94.26097796415934,99.91067226983829,81.42247741610109,83.58705679369768,84.58544380320478,71.93459052894367,72.85067185721098,76.92969428911793,84.49955776212721,108.12590523027718,113.12379368441461,115.38590906608724,118.00645595557424,120.97371378057025,123.01688019572099,124.23337022856136,125.84273842757611,131.4333263215279,136.1175600902461,141.85658195812567,146.31037158045854,81.06846439040595,106.38470052411112,112.52587386476841,118.12435605479055,120.620281881958,122.36016283903747,128.1795490324926,132.25972107868378,135.69955030441525,136.2238993116981,139.03329802534415,140.72827611954105,118.26861976677353,125.0327022780494,129.9684842503564,104.14368956164178,110.46441301706994,116.01682888766177,119.06893996034574,125.19168525963757,125.75329455443244,100.87226244928208,107.05436581302487,108.01785582335192,108.49730342215703,101.88496612412708,107.07539481547806,110.5157449430087,115.96284306953443,119.80379581592432,100.22654053736862,103.340490119491,104.51454053483342,105.65049475926325,106.038166011744,107.14219273243515,108.09605959945591,108.5771188473662,113.70907190515318,119.95476506124082,148.71161426701687
42,159.3078626557912,159.2398479514987,154.3506147805403,148.56911281305815,145.0538384283195,143.21505975757088,131.24741980643597,124.2312990834153,123.87193854022782,118.76961015016903,112.31585209768518,106.29091682832336,100.14603269597389,93.37325527456105,87.99764442555048,79.57760463942118,74.3355411144341,44.415107294049754,41.70741639588576,39.07533926935624,34.815724850186356,40.15618082322837,41.11138237264085,47.396296771421476,53.78493939424975,62.93205815061769,69.05296508974702,71.96765629977311,74.50049362739333,80.72004530357735,83.60703739222971,87.65247039686153,90.66829885802198,95.76289950901672,102.17422698575528,105.60239012601319,106.57206750662212,30.41885778374009,24.423924839995,16.571789971056475,13.51402542812648,5.702199137175068,0.0,1.4376025180834946,3.7584549476877482,7.154461278659474,12.716824175846241,15.394265304984282,19.528733831893152,21.55871461997958,25.29161228801176,25.82212995972497,29.607018333244103,31.448912195549976,31.733634867636354,10.420174020119441,13.753197122349606,15.499032166103746,13.810551990868564,19.069634610489604,26.460309478186087,53.69359150159841,58.40266142546819,61.62440493983912,64.8726282150139,74.22699716143907,80.49520416920517,84.3438782772886,84.83996916922071,80.93264448264603,81.54517304914144,82.43947795173504,6.698156465578251,8.38408677256015,10.339987588041337,12.996481141581416,16.31780090938457,18.658848751697924,7.039770443685485,11.769035185693486,17.098675886528767,79.03417921499046,89.70080240183161,95.46485995512688,99.51819816094762,107.17405594216652,112.84124326805825,118.59123752225267,127.1950405455074,132.37554378323227,137.52539966311022,139.18281123984605,140.81723293204948,146.29364766073948,148.95961172831818,151.94770880225457,66.37911076836295,74.23526589264476,75.32413359328105,67.33830802350236,68.69301814965877,71.81915296762101,149.35881218460506,153.2309965944437,53.03300852576082,54.50954607044836,55.37856580875102,60.987535536953395,19.620255852864815,22.555890366900925,112.97444771347587,115.52858287480176,118.34501171156829,122.96685331362566,126.4689338319439,131.09931116402984,133.76673255320026,141.8232662356771,54.769030092249785,57.24394296370145,58.012087992430374,127.09915943853204,132.57680886214993,136.1198923254429,139.27643272086374,140.72072439764267,141.79605564420365,42.995019563057404,44.33753473988035,45.08147694193641,45.6463875543345,48.342750475011165,50.707207706597295,38.93865912082423,42.49771981151213,114.41935664858839,116.87801721520574,52.24052498258241,93.29023993471777,94.38367910936923,99.96317710133441,105.61287140701336,87.12467655327616,89.28925593087276,90.28764294037985,77.63678966611874,78.55287099438605,82.631893426293,90.20175689930228,113.82810436745227,118.8259928215897,121.08810820326232,123.70865509274932,126.67591291774534,128.71907933289606,129.93556936573643,131.5449375647512,137.13552545870297,141.81975922742117,147.55878109530073,152.0125707176336,86.77066352758101,112.08689966128621,118.2280730019435,123.82655519196564,126.32248101913308,128.06236197621254,133.88174816966765,137.96192021585884,141.4017494415903,141.92609844887315,144.7354971625192,146.4304752567161,123.97081890394861,130.73490141522447,135.67068338753148,109.84588869881686,116.16661215424503,121.71902802483686,124.77113909752083,130.89388439681267,131.45549369160756,106.57446158645716,112.75656495019996,113.72005496052701,114.19950255933212,107.58716526130216,112.77759395265315,116.21794408018378,121.66504220670951,125.5059949530994,105.9287396745437,109.04268925666608,110.2167396720085,111.35269389643834,111.74036514891908,112.84439186961023,113.798258736631,114.27931798454128,119.41127104232827,125.6569641984159,154.41381340419196
43,160.7454651738747,160.67745046958217,155.78821729862378,150.00671533114163,146.49144094640297,144.65266227565436,132.68502232451945,125.66890160149877,125.3095410583113,120.20721266825251,113.75345461576866,107.72851934640684,101.58363521405737,94.81085779264453,89.43524694363397,81.01520715750468,75.77314363251759,45.85270981213325,43.14501891396925,40.512941787439736,36.25332736826985,41.59378334131186,42.54898489072434,48.83389928950497,55.22254191233324,64.36966066870119,70.49056760783051,73.4052588178566,75.93809614547682,82.15764782166085,85.04463991031321,89.09007291494503,92.10590137610548,97.20050202710021,103.61182950383878,107.03999264409669,108.00967002470561,31.856460301823585,25.861527358078494,18.00939248913997,14.951627946209975,7.139801655258562,1.4376025180834946,0.0,2.3208524296042534,5.716858760575979,11.279221657762747,13.956662786900788,18.091131313809658,20.121112101896085,23.854009769928265,24.384527441641474,28.169415815160608,30.011309677466482,30.29603234955286,8.982571502035947,12.315594604266112,14.061429648020251,15.248154508952059,20.5072371285731,27.89791199626958,55.13119401968191,59.84026394355168,63.06200745792261,66.3102307330974,75.66459967952257,81.93280668728866,85.78148079537209,86.2775716873042,82.37024700072952,82.98277556722493,83.87708046981854,8.135758983661745,9.821689290643643,11.777590106124832,14.43408365966491,17.755403427468064,20.09645126978142,8.477372961768978,13.206637703776979,18.53627840461226,80.47178173307395,91.1384049199151,96.90246247321038,100.95580067903111,108.61165846025001,114.27884578614174,120.02884004033616,128.63264306359088,133.81314630131575,138.9630021811937,140.62041375792953,142.25483545013296,147.73125017882296,150.39721424640166,153.38531132033805,67.81671328644644,75.67286841072826,76.76173611136454,68.77591054158586,70.13062066774226,73.2567554857045,150.79641470268854,154.66859911252718,54.470611043844315,55.94714858853185,56.816168326834514,62.42513805503689,21.05785837094831,23.99349288498442,114.41205023155936,116.96618539288525,119.78261422965178,124.40445583170916,127.9065363500274,132.53691368211332,135.20433507128374,143.26086875376058,56.20663261033328,58.681545481784944,59.44969051051387,128.53676195661555,134.01441138023344,137.5574948435264,140.71403523894725,142.15832691572618,143.23365816228716,44.4326220811409,45.77513725796384,46.5190794600199,47.083990072418,49.78035299309466,52.14481022468079,40.37626163890772,43.93532232959562,115.85695916667188,118.31561973328924,53.6781275006659,94.72784245280127,95.82128162745272,101.4007796194179,107.05047392509685,88.56227907135965,90.72685844895625,91.72524545846335,79.07439218420224,79.99047351246955,84.0694959443765,91.63935941738578,115.26570688553575,120.26359533967317,122.5257107213458,125.1462576108328,128.11351543582882,130.15668185097954,131.3731718838199,132.98254008283467,138.57312797678645,143.25736174550465,148.99638361338424,153.4501732357171,88.20826604566452,113.52450217936969,119.66567552002698,125.26415771004912,127.76008353721656,129.49996449429602,135.31935068775113,139.39952273394232,142.83935195967376,143.3637009669566,146.1730996806027,147.8680777747996,125.40842142203209,132.17250393330795,137.10828590561496,111.28349121690034,117.60421467232851,123.15663054292034,126.20874161560431,132.33148691489615,132.89309620969104,108.01206410454064,114.19416746828344,115.15765747861049,115.6371050774156,109.02476777938564,114.21519647073663,117.65554659826726,123.102644724793,126.94359747118288,107.36634219262719,110.48029177474956,111.65434219009198,112.79029641452182,113.17796766700256,114.28199438769371,115.23586125471448,115.71692050262476,120.84887356041175,127.09456671649939,155.85141592227544
44,163.06631760347895,162.99830289918643,158.10906972822804,152.3275677607459,148.81229337600723,146.97351470525862,135.0058747541237,127.98975403110303,127.63039348791555,122.52806509785677,116.07430704537292,110.0493717760111,103.90448764366162,97.13171022224878,91.75609937323823,83.33605958710893,78.09399606212185,48.17356224173751,45.46587134357351,42.833794217043994,38.57417979787411,43.91463577091612,44.8698373203286,51.15475171910923,57.5433943419375,66.69051309830544,72.81142003743477,75.72611124746086,78.25894857508108,84.4785002512651,87.36549233991747,91.41092534454928,94.42675380570974,99.52135445670447,105.93268193344304,109.36084507370094,110.33052245430987,34.17731273142784,28.18237978768275,20.330244918744224,17.27248037581423,9.460654084862817,3.7584549476877482,2.3208524296042534,0.0,3.396006330971726,8.958369228158494,11.635810357296535,15.770278884205403,17.80025967229183,21.53315734032401,22.06367501203722,25.848563385556353,27.690457247862227,27.975179919948605,6.661719072431693,9.994742174661859,11.740577218415998,17.569006938556313,22.828089558177354,30.218764425873836,57.452046449286165,62.16111637315594,65.38285988752688,68.63108316270166,77.98545210912683,84.25365911689292,88.10233322497635,88.59842411690846,84.69109943033378,85.30362799682919,86.1979328994228,10.456611413266,12.142541720247898,14.098442535729086,16.754936089269165,20.07625585707232,22.417303699385673,10.798225391373233,15.527490133381233,20.857130834216516,82.79263416267821,93.45925734951936,99.22331490281464,103.27665310863537,110.93251088985427,116.599698215746,122.34969246994042,130.95349549319513,136.13399873092,141.28385461079796,142.94126618753378,144.57568787973722,150.05210260842722,152.71806667600592,155.7061637499423,70.1375657160507,77.99372084033251,79.0825885409688,71.09676297119012,72.45147309734652,75.57760791530876,153.1172671322928,156.98945154213143,56.79146347344857,58.26800101813611,59.13702075643877,64.74599048464115,23.37871080055256,26.31434531458867,116.73290266116362,119.28703782248951,122.10346665925604,126.72530826131342,130.22738877963167,134.8577661117176,137.52518750088802,145.58172118336486,58.52748503993754,61.0023979113892,61.770542940118126,130.8576143862198,136.3352638098377,139.87834727313066,143.0348876685515,144.47917934533044,145.55451059189141,46.75347451074516,48.0959896875681,48.83993188962416,49.404842502022255,52.10120542269892,54.46566265428505,42.69711406851198,46.25617475919988,118.17781159627614,120.6364721628935,55.99897993027016,97.04869488240553,98.14213405705698,103.72163204902216,109.37132635470111,90.88313150096391,93.04771087856051,94.0460978880676,81.3952446138065,82.31132594207381,86.39034837398076,93.96021184699003,117.58655931514001,122.58444776927743,124.84656315095006,127.46711004043706,130.43436786543307,132.4775342805838,133.69402431342417,135.30339251243893,140.8939804063907,145.5782141751089,151.3172360429885,155.77102566532136,90.52911847526877,115.84535460897395,121.98652794963124,127.58501013965338,130.08093596682082,131.82081692390028,137.64020311735538,141.72037516354658,145.16020438927802,145.68455339656086,148.49395211020695,150.18893020440385,127.72927385163635,134.4933563629122,139.42913833521922,113.6043436465046,119.92506710193277,125.4774829725246,128.52959404520857,134.6523393445004,135.2139486392953,110.3329165341449,116.5150198978877,117.47850990821475,117.95795750701986,111.3456202089899,116.53604890034089,119.97639902787152,125.42349715439725,129.26444990078716,109.68719462223144,112.80114420435382,113.97519461969624,115.11114884412608,115.49882009660682,116.60284681729797,117.55671368431874,118.03777293222902,123.169725990016,129.41541914610363,158.1722683518797
45,166.46232393445067,166.39430923015814,161.50507605919975,155.7235740917176,152.20829970697895,150.36952103623034,138.40188108509543,131.38576036207476,131.02639981888728,125.92407142882848,119.47031337634463,113.44537810698282,107.30049397463334,100.5277165532205,95.15210570420994,86.73206591808065,81.49000239309356,51.56956857270923,48.861877674545234,46.22980054801572,41.97018612884583,47.310642101887844,48.26584365130032,54.55075805008095,60.93940067290922,70.08651942927717,76.2074263684065,79.1221175784326,81.65495490605281,87.87450658223683,90.7614986708892,94.80693167552101,97.82276013668147,102.9173607876762,109.32868826441477,112.75685140467267,113.7265287852816,37.57331906239956,31.578386118654475,23.72625124971595,20.668486706785956,12.856660415834542,7.154461278659474,5.716858760575979,3.396006330971726,0.0,5.562362897186768,8.239804026324808,12.374272553233677,14.404253341320103,18.137151009352284,18.667668681065493,22.452557054584627,24.2944509168905,24.57917358897688,10.057725403403419,13.390748505633583,15.136583549387723,20.965013269528036,26.224095889149076,33.61477075684556,60.84805278025789,65.55712270412766,68.77886621849859,72.02708949367337,81.38145844009854,87.64966544786463,91.49833955594806,91.99443044788018,88.0871057613055,88.69963432780091,89.59393923039451,13.852617744237724,15.538548051219623,17.49444886670081,20.150942420240888,23.47226218804404,25.813310030357396,14.194231722344957,18.923496464352958,24.253137165188242,86.18864049364993,96.85526368049108,102.61932123378635,106.67265943960709,114.32851722082599,119.99570454671772,125.74569880091214,134.34950182416685,139.53000506189173,144.67986094176968,146.3372725185055,147.97169421070893,153.44810893939894,156.11407300697763,159.10217008091402,73.53357204702243,81.38972717130424,82.47859487194053,74.49276930216185,75.84747942831825,78.97361424628049,156.5132734632645,160.38545787310315,60.187469804420296,61.664007349107834,62.533027087410495,68.14199681561287,26.77471713152429,29.7103516455604,120.12890899213534,122.68304415346122,125.49947299022776,130.12131459228513,133.62339511060338,138.25377244268932,140.92119383185974,148.97772751433658,61.92349137090926,64.39840424236093,65.16654927108985,134.25362071719152,139.73127014080941,143.27435360410237,146.43089399952322,147.87518567630215,148.95051692286313,50.14948084171688,51.49199601853982,52.235938220595884,52.80084883299398,55.49721175367064,57.86166898525677,46.0931203994837,49.6521810901716,121.57381792724786,124.03247849386521,59.39498626124188,100.44470121337724,101.5381403880287,107.11763837999388,112.76733268567283,94.27913783193563,96.44371720953222,97.44210421903932,84.79125094477821,85.70733227304552,89.78635470495247,97.35621817796175,120.98256564611172,125.98045410024915,128.24256948192178,130.86311637140878,133.8303741964048,135.8735406115555,137.09003064439588,138.69939884341065,144.28998673736243,148.97422050608063,154.7132423739602,159.16703199629308,93.92512480624049,119.24136093994566,125.38253428060295,130.9810164706251,133.47694229779253,135.216823254872,141.0362094483271,145.1163814945183,148.55621072024974,149.08055972753257,151.88995844117866,153.58493653537556,131.12528018260807,137.88936269388392,142.82514466619094,117.00034997747632,123.32107343290448,128.8734893034963,131.92560037618028,138.04834567547212,138.609954970267,113.72892286511662,119.91102622885941,120.87451623918646,121.35396383799157,114.74162653996162,119.9320552313126,123.37240535884324,128.81950348536895,132.66045623175884,113.08320095320316,116.19715053532553,117.37120095066795,118.5071551750978,118.89482642757854,119.99885314826969,120.95272001529045,121.43377926320073,126.56573232098772,132.81142547707535,161.5682746828514
46,172.02468683163744,171.95667212734492,167.06743895638652,161.28593698890438,157.77066260416572,155.9318839334171,143.9642439822822,136.94812325926154,136.58876271607406,131.48643432601526,125.03267627353141,119.00774100416959,112.86285687182011,106.09007945040727,100.71446860139672,92.29442881526742,87.05236529028033,57.131931469895996,54.424240571732,51.79216344520248,47.5325490260326,52.87300499907461,53.82820654848709,60.11312094726772,66.50176357009599,75.64888232646393,81.76978926559326,84.68448047561935,87.21731780323957,93.43686947942359,96.32386156807596,100.36929457270777,103.38512303386823,108.47972368486296,114.89105116160152,118.31921430185943,119.28889168246836,43.13568195958633,37.14074901584124,29.288614146902717,26.23084960397272,18.41902331302131,12.716824175846241,11.279221657762747,8.958369228158494,5.562362897186768,0.0,2.6774411291380407,6.81190965604691,8.841890444133336,12.574788112165516,13.105305783878725,16.890194157397858,18.73208801970373,19.01681069179011,15.620088300590186,18.95311140282035,20.69894644657449,26.527376166714806,31.786458786335846,39.17713365403233,66.41041567744465,71.11948560131442,74.34122911568535,77.58945239086013,86.9438213372853,93.2120283450514,97.06070245313482,97.55679334506694,93.64946865849225,94.26199722498767,95.15630212758127,19.414980641424492,21.10091094840639,23.056811763887577,25.713305317427654,29.034625085230807,31.375672927544162,19.756594619531725,24.485859361539724,29.81550006237501,91.7510033908367,102.41762657767785,108.18168413097312,112.23502233679386,119.89088011801276,125.55806744390449,131.30806169809892,139.91186472135365,145.09236795907853,150.24222383895648,151.8996354156923,153.53405710789573,159.01047183658574,161.67643590416444,164.66453297810082,79.09593494420919,86.952090068491,88.04095776912729,80.0551321993486,81.40984232550501,84.53597714346725,162.0756363604513,165.94782077028995,65.74983270160706,67.22637024629461,68.09538998459726,73.70435971279964,32.33708002871106,35.27271454274717,125.69127188932211,128.245407050648,131.06183588741453,135.6836774894719,139.18575800779016,143.8161353398761,146.4835567290465,154.54009041152335,67.48585426809602,69.96076713954768,70.72891216827661,139.8159836143783,145.2936330379962,148.83671650128915,151.99325689671,153.43754857348893,154.5128798200499,55.711843738903646,57.05435891572659,57.79830111778265,58.363211730180744,61.05957465085741,63.424031882443536,51.65548329667047,55.21454398735837,127.13618082443463,129.59484139105197,64.95734915842864,106.00706411056402,107.10050328521547,112.68000127718065,118.3296955828596,99.8415007291224,102.006080106719,103.0044671162261,90.35361384196499,91.2696951702323,95.34871760213925,102.91858107514852,126.5449285432985,131.54281699743592,133.80493237910855,136.42547926859555,139.39273709359156,141.43590350874229,142.65239354158265,144.26176174059742,149.8523496345492,154.5365834032674,160.27560527114696,164.72939489347982,99.48748770342726,124.80372383713244,130.94489717778973,136.54337936781187,139.0393051949793,140.77918615205877,146.59857234551387,150.67874439170507,154.11857361743654,154.64292262471938,157.45232133836544,159.14729943256233,136.68764307979484,143.4517255910707,148.3875075633777,122.56271287466309,128.88343633009126,134.4358522006831,137.48796327336706,143.6107085726589,144.17231786745378,119.29128576230339,125.47338912604619,126.43687913637324,126.91632673517834,120.30398943714839,125.49441812849938,128.93476825603,134.38186638255573,138.22281912894562,118.64556385038993,121.7595134325123,122.93356384785473,124.06951807228457,124.45718932476531,125.56121604545646,126.51508291247723,126.9961421603875,132.1280952181745,138.37378837426215,167.13063758003818
47,174.7021279607755,174.63411325648298,169.74488008552458,163.96337811804244,160.44810373330378,158.60932506255517,146.64168511142026,139.6255643883996,139.26620384521212,134.16387545515332,127.71011740266947,121.68518213330765,115.54029800095817,108.76752057954533,103.39190973053476,94.97186994440547,89.72980641941838,59.80937259903404,57.101681700870046,54.46960457434053,50.209990155170644,55.550446128212656,56.505647677625134,62.79056207640576,69.17920469923403,78.32632345560198,84.4472303947313,87.3619216047574,89.89475893237761,96.11431060856164,99.001302697214,103.04673570184582,106.06256416300627,111.157164814001,117.56849229073957,120.99665543099748,121.9663328116064,45.813123088724375,39.81819014497928,31.96605527604076,28.908290733110764,21.096464442159352,15.394265304984282,13.956662786900788,11.635810357296535,8.239804026324808,2.6774411291380407,0.0,4.1344685269088695,6.164449314995295,9.897346983027475,10.427864654740684,14.212753028259819,16.054646890565692,16.33936956265207,18.29752942972823,21.630552531958394,23.376387575712535,29.20481729585285,34.46389991547389,41.85457478317037,69.08785680658269,73.79692673045247,77.0186702448234,80.26689351999818,89.62126246642335,95.88946947418944,99.73814358227287,100.23423447420498,96.3269097876303,96.93943835412571,97.83374325671932,22.092421770562535,23.778352077544433,25.73425289302562,28.3907464465657,31.712066214368853,34.053114056682205,22.434035748669768,27.16330049067777,32.492941191513054,94.42844451997475,105.0950677068159,110.85912526011117,114.9124634659319,122.5683212471508,128.23550857304255,133.98550282723699,142.5893058504917,147.7698090882166,152.91966496809454,154.57707654483036,156.2114982370338,161.6879129657238,164.3538770333025,167.34197410723888,81.77337607334724,89.62953119762905,90.71839889826533,82.73257332848665,84.08728345464306,87.2134182726053,164.75307748958937,168.625261899428,68.42727383074511,69.90381137543265,70.77283111373531,76.38180084193769,35.014521157849096,37.950155671885206,128.36871301846017,130.92284817978606,133.7392770165526,138.36111861860996,141.86319913692822,146.49357646901416,149.16099785818457,157.2175315406614,70.16329539723407,72.63820826868573,73.40635329741465,142.49342474351636,147.97107416713425,151.5141576304272,154.67069802584805,156.11498970262699,157.19032094918796,58.38928486804169,59.731800044864634,60.475742246920696,61.04065285931879,63.73701577999545,66.10147301158158,54.332924425808514,57.891985116496414,129.81362195357266,132.27228252019,67.63479028756669,108.68450523970206,109.77794441435351,115.3574424063187,121.00713671199765,102.51894185826045,104.68352123585704,105.68190824536414,93.03105497110303,93.94713629937034,98.02615873127729,105.59602220428657,129.22236967243654,134.22025812657395,136.48237350824658,139.10292039773358,142.0701782227296,144.11334463788032,145.3298346707207,146.93920286973545,152.52979076368723,157.21402453240543,162.95304640028502,167.40683602261788,102.1649288325653,127.4811649662705,133.6223383069278,139.22082049694993,141.71674632411737,143.45662728119683,149.27601347465193,153.35618552084313,156.7960147465746,157.32036375385744,160.1297624675035,161.8247405617004,139.3650842089329,146.12916672020876,151.06494869251577,125.24015400380115,131.56087745922932,137.11329332982115,140.16540440250512,146.28814970179695,146.84975899659185,121.96872689144145,128.15083025518425,129.11432026551128,129.5937678643164,122.98143056628645,128.17185925763744,131.61220938516806,137.0593075116938,140.90026025808368,121.323004979528,124.43695456165037,125.61100497699279,126.74695920142263,127.13463045390337,128.23865717459452,129.1925240416153,129.67358328952557,134.80553634731257,141.0512295034002,169.80807870917624
48,178.83659648768432,178.7685817833918,173.8793486124334,168.09784664495126,164.5825722602126,162.743793589464,150.77615363832908,143.76003291530841,143.40067237212094,138.29834398206214,131.8445859295783,125.8196506602165,119.67476652786702,112.90198910645418,107.52637825744362,99.10633847131433,93.86427494632724,63.94384112594291,61.236150227778914,58.6040731012494,54.34445868207951,59.684914655121524,60.640116204534,66.92503060331462,73.3136732261429,82.46079198251084,88.58169892164017,91.49639013166626,94.02922745928647,100.2487791354705,103.13577122412286,107.18120422875468,110.19703268991513,115.29163334090987,121.70296081764843,125.13112395790634,126.10080133851527,49.94759161563324,43.95265867188815,36.10052380294963,33.042759260019636,25.23093296906822,19.528733831893152,18.091131313809658,15.770278884205403,12.374272553233677,6.81190965604691,4.1344685269088695,0.0,2.0299807880864256,5.762878456118606,6.293396127831814,10.078284501350947,11.920178363656822,12.204901035743198,22.431997956637098,25.765021058867262,27.510856102621403,33.33928582276172,38.59836844238276,45.98904331007924,73.22232533349155,77.93139525736133,81.15313877173226,84.40136204690704,93.75573099333221,100.0239380010983,103.87261210918173,104.36870300111384,100.46137831453916,101.07390688103457,101.96821178362818,26.226890297471403,27.9128206044533,29.868721419934488,32.52521497347457,35.84653474127772,38.18758258359107,26.568504275578636,31.29776901758664,36.62740971842192,98.56291304688361,109.22953623372476,114.99359378702003,119.04693199284077,126.70278977405967,132.3699770999514,138.11997135414583,146.72377437740056,151.90427761512544,157.05413349500338,158.7115450717392,160.34596676394264,165.82238149263264,168.48834556021134,171.47644263414773,85.9078446002561,93.76399972453791,94.8528674251742,86.86704185539551,88.22175198155192,91.34788679951416,168.88754601649822,172.75973042633686,72.56174235765397,74.03827990234151,74.90729964064417,80.51626936884655,39.14898968475797,42.08462419879408,132.50318154536902,135.0573167066949,137.87374554346144,142.4955871455188,145.99766766383706,150.628044995923,153.29546638509342,161.35200006757026,74.29776392414293,76.77267679559459,77.54082182432352,146.6278932704252,152.1055426940431,155.64862615733605,158.8051665527569,160.24945822953583,161.3247894760968,62.52375339495056,63.8662685717735,64.61021077382956,65.17512138622766,67.87148430690432,70.23594153849045,58.46739295271738,62.02645364340528,133.94809048048154,136.40675104709888,71.76925881447556,112.81897376661092,113.91241294126237,119.49191093322756,125.14160523890651,106.65341038516931,108.8179897627659,109.816376772273,97.1655234980119,98.0816048262792,102.16062725818615,109.73049073119543,133.3568381993454,138.3547266534828,140.61684203515543,143.23738892464243,146.20464674963844,148.24781316478916,149.46430319762953,151.0736713966443,156.66425929059608,161.34849305931428,167.08751492719387,171.54130454952673,106.29939735947417,131.61563349317933,137.75680683383663,143.35528902385877,145.8512148510262,147.59109580810568,153.41048200156078,157.49065404775197,160.93048327348345,161.45483228076628,164.26423099441234,165.95920908860924,143.49955273584175,150.2636352471176,155.19941721942462,129.37462253070998,135.69534598613816,141.24776185673,144.29987292941397,150.4226182287058,150.9842275235007,126.1031954183503,132.2852987820931,133.24878879242013,133.72823639122524,127.1158990931953,132.30632778454628,135.7466779120769,141.19377603860264,145.03472878499252,125.45747350643684,128.57142308855921,129.74547350390165,130.8814277283315,131.26909898081223,132.37312570150337,133.32699256852413,133.8080518164344,138.9400048742214,145.18569803030903,173.94254723608506
49,180.86657727577077,180.79856257147824,175.90932940051985,170.1278274330377,166.61255304829905,164.77377437755044,152.80613442641553,145.79001370339486,145.43065316020738,140.32832477014858,133.87456671766475,127.84963144830294,121.70474731595347,114.93196989454063,109.55635904553006,101.13631925940076,95.89425573441368,65.97382191402934,63.26613101586534,60.634053889335824,56.37443947016594,61.71489544320795,62.67009699262043,68.95501139140106,75.34365401422933,84.49077277059727,90.6116797097266,93.5263709197527,96.05920824737291,102.27875992355693,105.1657520122093,109.21118501684111,112.22701347800157,117.3216141289963,123.73294160573487,127.16110474599277,128.1307821266017,51.97757240371967,45.98263945997458,38.13050459103606,35.07274004810606,27.260913757154647,21.55871461997958,20.121112101896085,17.80025967229183,14.404253341320103,8.841890444133336,6.164449314995295,2.0299807880864256,0.0,3.73289766803218,4.263415339745388,8.048303713264522,9.890197575570397,10.174920247656773,24.461978744723524,27.79500184695369,29.54083689070783,35.36926661084814,40.62834923046918,48.019024098165666,75.25230612157799,79.96137604544776,83.18311955981869,86.43134283499347,95.78571178141864,102.05391878918473,105.90259289726816,106.39868378920028,102.4913591026256,103.10388766912101,103.99819257171461,28.25687108555783,29.942801392539728,31.898702208020914,34.555195761560995,37.87651552936415,40.2175633716775,28.598485063665063,33.327749805673065,38.65739050650835,100.59289383497004,111.25951702181119,117.02357457510647,121.0769127809272,128.7327705621461,134.39995788803785,140.14995214223228,148.753755165487,153.93425840321189,159.08411428308983,160.74152585982566,162.3759475520291,167.8523622807191,170.5183263482978,173.50642342223418,87.93782538834253,95.79398051262434,96.88284821326063,88.89702264348195,90.25173276963835,93.37786758760059,170.91752680458467,174.7897112144233,74.5917231457404,76.06826069042795,76.9372804287306,82.54625015693298,41.1789704728444,44.11460498688051,134.53316233345546,137.08729749478135,139.9037263315479,144.52556793360526,148.0276484519235,152.65802578400945,155.32544717317987,163.3819808556567,76.32774471222936,78.80265758368103,79.57080261240995,148.65787405851165,154.13552348212954,157.6786069454225,160.83514734084335,162.27943901762228,163.35477026418326,64.55373418303698,65.89624935985992,66.64019156191598,67.20510217431408,69.90146509499074,72.26592232657687,60.49737374080381,64.05643443149171,135.97807126856796,138.4367318351853,73.799239602562,114.84895455469736,115.94239372934881,121.52189172131399,127.17158602699294,108.68339117325574,110.84797055085234,111.84635756035944,99.19550428609833,100.11158561436564,104.19060804627259,111.76047151928186,135.38681898743184,140.38470744156925,142.64682282324188,145.26736971272888,148.2346275377249,150.2777939528756,151.49428398571598,153.10365218473075,158.69424007868253,163.37847384740073,169.1174957152803,173.57128533761318,108.32937814756059,133.64561428126578,139.78678762192308,145.38526981194522,147.88119563911266,149.62107659619213,155.44046278964723,159.52063483583842,162.9604640615699,163.48481306885273,166.2942117824988,167.9891898766957,145.5295335239282,152.29361603520405,157.22939800751107,131.40460331879643,137.7253267742246,143.27774264481644,146.3298537175004,152.45259901679225,153.01420831158714,128.13317620643676,134.31527957017954,135.27876958050658,135.75821717931169,129.14587988128176,134.33630857263276,137.77665870016338,143.2237568266891,147.064709573079,127.48745429452329,130.60140387664566,131.7754542919881,132.91140851641794,133.29907976889868,134.40310648958982,135.35697335661058,135.83803260452086,140.96998566230783,147.21567881839547,175.9725280241715
50,184.59947494380293,184.5314602395104,179.64222706855202,173.86072510106987,170.34545071633121,168.5066720455826,156.5390320944477,149.52291137142703,149.16355082823955,144.06122243818075,137.60746438569691,131.5825291163351,125.43764498398563,118.6648675625728,113.28925671356222,104.86921692743293,99.62715340244584,69.70671958206151,66.9990286838975,64.366951557368,60.10733713819812,65.44779311124013,66.40299466065261,72.68790905943324,79.07655168226151,88.22367043862945,94.34457737775878,97.25926858778487,99.79210591540509,106.01165759158911,108.89864968024148,112.9440826848733,115.95991114603375,121.05451179702848,127.46583927376705,130.89400241402495,131.8636797946339,55.71047007175185,49.71553712800676,41.86340225906824,38.80563771613824,30.993811425186827,25.29161228801176,23.854009769928265,21.53315734032401,18.137151009352284,12.574788112165516,9.897346983027475,5.762878456118606,3.73289766803218,0.0,0.5305176717132085,4.315406045232342,6.157299907538217,6.442022579624594,28.194876412755704,31.52789951498587,33.27373455874001,39.10216427888032,44.36124689850136,51.751921766197846,78.98520378961017,83.69427371347994,86.91601722785087,90.16424050302565,99.51860944945082,105.78681645721691,109.63549056530034,110.13158145723246,106.22425677065777,106.83678533715319,107.73109023974679,31.98976875359001,33.67569906057191,35.631599876053095,38.288093429593175,41.60941319739633,43.95046103970968,32.331382731697246,37.060647473705245,42.39028817454053,104.32579150300221,114.99241468984336,120.75647224313863,124.80981044895937,132.46566823017827,138.13285555607,143.88284981026445,152.48665283351917,157.66715607124405,162.817011951122,164.47442352785782,166.10884522006126,171.58525994875126,174.25122401632996,177.23932109026634,91.67072305637471,99.52687818065652,100.61574588129281,92.62992031151413,93.98463043767053,97.11076525563277,174.65042447261683,178.52260888245547,78.32462081377258,79.80115835846013,80.67017809676278,86.27914782496516,44.91186814087658,47.84750265491269,138.26606000148763,140.82019516281352,143.63662399958005,148.25846560163743,151.76054611995568,156.39092345204162,159.05834484121203,167.11487852368887,80.06064238026154,82.5355552517132,83.30370028044213,152.39077172654382,157.8684211501617,161.41150461345467,164.56804500887552,166.01233668565445,167.08766793221542,68.28663185106916,69.6291470278921,70.37308922994816,70.93799984234626,73.63436276302292,75.99881999460905,64.23027140883599,67.78933209952389,139.71096893660012,142.16962950321746,77.53213727059416,118.58185222272952,119.67529139738097,125.25478938934616,130.9044836950251,112.41628884128791,114.5808682188845,115.5792552283916,102.92840195413049,103.8444832823978,107.92350571430475,115.49336918731403,139.119716655464,144.1176051096014,146.37972049127404,149.00026738076104,151.96752520575706,154.01069162090778,155.22718165374815,156.83654985276291,162.4271377467147,167.1113715154329,172.85039338331245,177.3041830056453,112.06227581559276,137.37851194929794,143.51968528995525,149.1181674799774,151.61409330714483,153.3539742642243,159.1733604576794,163.2535325038706,166.69336172960203,167.21771073688487,170.02710945053096,171.72208754472786,149.26243119196036,156.02651370323622,160.96229567554323,135.1375009868286,141.45822444225678,147.0106403128486,150.06275138553258,156.18549668482441,156.7471059796193,131.86607387446892,138.0481772382117,139.01166724853874,139.49111484734385,132.87877754931392,138.06920624066493,141.50955636819555,146.95665449472128,150.79760724111117,131.22035196255544,134.3343015446778,135.50835196002026,136.6443061844501,137.03197743693084,138.13600415762198,139.08987102464275,139.57093027255303,144.70288333034,150.94857648642764,179.70542569220368
51,185.12999261551613,185.0619779112236,180.17274474026522,174.39124277278307,170.8759683880444,169.0371897172958,157.0695497661609,150.05342904314023,149.69406849995275,144.59174010989395,138.1379820574101,132.1130467880483,125.96816265569883,119.195385234286,113.81977438527544,105.39973459914614,100.15767107415905,70.23723725377472,67.52954635561072,64.89746922908121,60.637854809911325,65.97831078295334,66.93351233236582,73.21842673114645,79.60706935397472,88.75418811034267,94.875095049472,97.78978625949809,100.3226235871183,106.54217526330233,109.42916735195469,113.4746003565865,116.49042881774696,121.5850294687417,127.99635694548026,131.42452008573818,132.39419746634712,56.240987743465055,50.246054799719964,42.39391993078144,39.33615538785145,31.524329096900036,25.82212995972497,24.384527441641474,22.06367501203722,18.667668681065493,13.105305783878725,10.427864654740684,6.293396127831814,4.263415339745388,0.5305176717132085,0.0,3.7848883735191334,5.626782235825009,5.911504907911386,28.725394084468913,32.05841718669908,33.80425223045322,39.632681950593536,44.891764570214576,52.28243943791106,79.51572146132338,84.22479138519316,87.44653489956409,90.69475817473887,100.04912712116403,106.31733412893013,110.16600823701356,110.66209912894567,106.75477444237099,107.3673030088664,108.26160791146,32.52028642530322,34.20621673228512,36.16211754776631,38.81861110130639,42.13993086910954,44.48097871142289,32.86190040341045,37.59116514541845,42.920805846253735,104.85630917471542,115.52293236155657,121.28698991485184,125.34032812067258,132.9961859018915,138.66337322778324,144.41336748197767,153.0171705052324,158.19767374295728,163.34752962283522,165.00494119957105,166.63936289177448,172.11577762046448,174.78174168804318,177.76983876197957,92.20124072808792,100.05739585236974,101.14626355300602,93.16043798322734,94.51514810938374,97.64128292734598,175.18094214433006,179.0531265541687,78.8551384854858,80.33167603017334,81.200695768476,86.80966549667838,45.442385812589784,48.378020326625894,138.79657767320086,141.35071283452675,144.16714167129328,148.78898327335065,152.2910637916689,156.92144112375485,159.58886251292526,167.6453961954021,80.59116005197475,83.06607292342642,83.83421795215534,152.92128939825704,158.39893882187494,161.9420222851679,165.09856268058874,166.54285435736767,167.61818560392865,68.81714952278237,70.15966469960532,70.90360690166138,71.46851751405947,74.16488043473613,76.52933766632226,64.7607890805492,68.3198497712371,140.24148660831335,142.7001471749307,78.06265494230738,119.11236989444274,120.20580906909419,125.78530706105937,131.4350013667383,112.94680651300112,115.11138589059772,116.10977290010482,103.4589196258437,104.37500095411102,108.45402338601797,116.02388685902724,139.6502343271772,144.6481227813146,146.91023816298724,149.53078505247424,152.49804287747025,154.54120929262098,155.75769932546135,157.3670675244761,162.9576554184279,167.6418891871461,173.38091105502565,177.8347006773585,112.59279348730598,137.90902962101114,144.05020296166845,149.6486851516906,152.14461097885803,153.8844919359375,159.7038781293926,163.7840501755838,167.22387940131523,167.74822840859807,170.55762712224416,172.25260521644105,149.79294886367356,156.55703137494942,161.49281334725643,135.6680186585418,141.98874211396998,147.5411579845618,150.59326905724578,156.7160143565376,157.2776236513325,132.39659154618212,138.5786949099249,139.54218492025194,140.02163251905705,133.40929522102712,138.59972391237812,142.04007403990875,147.48717216643448,151.32812491282436,131.75086963426864,134.864819216391,136.03886963173346,137.1748238561633,137.56249510864404,138.66652182933518,139.62038869635595,140.10144794426623,145.2334010020532,151.47909415814084,180.23594336391687
52,188.91488098903528,188.84686628474276,183.95763311378437,178.17613114630223,174.66085676156356,172.82207809081495,160.85443813968004,153.83831741665938,153.4789568734719,148.3766284834131,141.92287043092927,135.89793516156746,129.75305102921797,122.98027360780512,117.60466275879456,109.18462297266527,103.94255944767818,74.02212562729385,71.31443472912984,68.68235760260033,64.42274318343046,69.76319915647247,70.71840070588495,77.00331510466557,83.39195772749385,92.53907648386179,98.65998342299112,101.57467463301721,104.10751196063742,110.32706363682145,113.21405572547381,117.25948873010563,120.27531719126608,125.36991784226082,131.78124531899937,135.20940845925728,136.17908583986622,60.02587611698419,54.0309431732391,46.17880830430058,43.121043761370586,35.30921747041917,29.6070183332441,28.169415815160605,25.84856338555635,22.452557054584624,16.890194157397858,14.212753028259815,10.078284501350947,8.048303713264522,4.315406045232342,3.7848883735191334,0.0,1.8418938623058752,2.126616534392252,32.51028245798804,35.843305560218205,37.589140603972346,43.41757032411267,48.67665294373371,56.06732781143019,83.3006098348425,88.00967975871228,91.23142327308321,94.47964654825799,103.83401549468316,110.10222250244925,113.95089661053268,114.4469875024648,110.53966281589011,111.15219138238552,112.04649628497913,36.30517479882235,37.99110510580425,39.94700592128544,42.60349947482552,45.92481924262867,48.26586708494202,36.64678877692959,41.37605351893759,46.70569421977287,108.64119754823454,119.3078207350757,125.07187828837097,129.1252164941917,136.78107427541062,142.44826160130236,148.1982558554968,156.80205887875152,161.9825621164764,167.13241799635435,168.78982957309017,170.4242512652936,175.9006659939836,178.5666300615623,181.5547271354987,95.98612910160705,103.84228422588886,104.93115192652515,96.94532635674646,98.30003648290287,101.42617130086511,178.96583051784918,182.83801492768782,82.64002685900492,84.11656440369246,84.98558414199512,90.5945538701975,49.22727418610892,52.16290870014503,142.58146604671998,145.13560120804587,147.9520300448124,152.57387164686978,156.07595216518803,160.70632949727397,163.37375088644438,171.43028456892122,84.37604842549388,86.85096129694554,87.61910632567447,156.70617777177617,162.18382719539406,165.72691065868702,168.88345105410787,170.3277427308868,171.40307397744778,72.6020378963015,73.94455307312444,74.6884952751805,75.2534058875786,77.94976880825526,80.31422603984139,68.54567745406833,72.10473814475623,144.02637498183248,146.48503554844982,81.8475433158265,122.89725826796186,123.99069744261331,129.5701954345785,135.21988974025743,116.73169488652024,118.89627426411684,119.89466127362394,107.24380799936283,108.15988932763014,112.23891175953709,119.80877523254637,143.43512270069635,148.43301115483376,150.6951265365064,153.3156734259934,156.2829312509894,158.32609766614013,159.5425876989805,161.15195589799526,166.74254379194704,171.42677756066524,177.1657994285448,181.61958905087766,116.3776818608251,141.6939179945303,147.8350913351876,153.43357352520974,155.92949935237718,157.66938030945664,163.48876650291174,167.56893854910294,171.00876777483438,171.53311678211722,174.3425154957633,176.0374935899602,153.5778372371927,160.34191974846857,165.27770172077558,139.45290703206095,145.77363048748913,151.32604635808096,154.37815743076493,160.50090273005677,161.06251202485166,136.18147991970125,142.36358328344403,143.32707329377106,143.80652089257617,137.19418359454627,142.38461228589728,145.8249624134279,151.27206053995363,155.11301328634352,135.5357580077878,138.64970758991015,139.8237580052526,140.95971222968245,141.3473834821632,142.45141020285433,143.4052770698751,143.88633631778538,149.01828937557235,155.26398253166,184.02083173743603
53,190.75677485134116,190.68876014704864,185.79952697609025,180.0180250086081,176.50275062386945,174.66397195312084,162.69633200198592,155.68021127896526,155.32085073577778,150.21852234571898,143.76476429323515,137.73982902387334,131.59494489152385,124.822167470111,119.44655662110043,111.02651683497113,105.78445330998404,75.86401948959971,73.15632859143571,70.5242514649062,66.26463704573632,71.60509301877833,72.56029456819081,78.84520896697144,85.23385158979971,94.38097034616766,100.50187728529698,103.41656849532308,105.94940582294329,112.16895749912732,115.05594958777968,119.1013825924115,122.11721105357195,127.21181170456668,133.62313918130525,137.05130232156316,138.0209797021721,61.86776997929006,55.87283703554497,48.02070216660645,44.96293762367645,37.15111133272504,31.448912195549973,30.01130967746648,27.690457247862224,24.294450916890497,18.73208801970373,16.054646890565692,11.920178363656824,9.890197575570397,6.157299907538217,5.626782235825009,1.8418938623058752,0.0,0.28472267208637697,34.352176320293914,37.68519942252408,39.43103446627822,45.25946418641853,50.51854680603957,57.909221673736056,85.14250369714837,89.85157362101815,93.07331713538908,96.32154041056386,105.67590935698902,111.94411636475512,115.79279047283855,116.28888136477066,112.38155667819598,112.99408524469139,113.888390147285,38.147068661128216,39.83299896811012,41.788899783591305,44.445393337131385,47.76671310493454,50.10776094724789,38.488682639235456,43.217947381243455,48.54758808207874,110.48309141054041,121.14971459738156,126.91377215067683,130.96711035649756,138.62296813771647,144.29015546360822,150.04014971780265,158.64395274105738,163.82445597878225,168.9743118586602,170.63172343539603,172.26614512759946,177.74255985628946,180.40852392386816,183.39662099780455,97.82802296391291,105.68417808819473,106.77304578883101,98.78722021905233,100.14193034520873,103.26806516317097,180.80772438015504,184.67990878999368,84.48192072131079,85.95845826599833,86.82747800430099,92.43644773250337,51.06916804841479,54.0048025624509,144.42335990902583,146.97749507035172,149.79392390711826,154.41576550917563,157.91784602749388,162.54822335957982,165.21564474875024,173.27217843122708,86.21794228779974,88.69285515925141,89.46100018798033,158.54807163408202,164.0257210576999,167.56880452099287,170.72534491641372,172.16963659319265,173.24496783975363,74.44393175860736,75.7864469354303,76.53038913748637,77.09529974988446,79.79166267056112,82.15611990214725,70.38757131637419,73.94663200706209,145.86826884413833,148.32692941075567,83.68943717813237,124.73915213026773,125.83259130491918,131.41208929688435,137.06178360256328,118.57358874882611,120.7381681264227,121.7365551359298,109.0857018616687,110.001783189936,114.08080562184296,121.65066909485223,145.27701656300223,150.27490501713964,152.53702039881227,155.15756728829928,158.1248251132953,160.167991528446,161.38448156128638,162.99384976030115,168.58443765425292,173.26867142297112,179.00769329085068,183.46148291318354,118.21957572313096,143.53581185683618,149.67698519749348,155.27546738751562,157.77139321468306,159.51127417176252,165.33066036521762,169.41083241140882,172.85066163714026,173.3750106444231,176.1844093580692,177.8793874522661,155.4197310994986,162.18381361077445,167.11959558308146,141.29480089436683,147.615524349795,153.16794022038684,156.2200512930708,162.34279659236265,162.90440588715754,138.02337378200713,144.2054771457499,145.16896715607695,145.64841475488205,139.03607745685215,144.22650614820316,147.66685627573378,153.1139544022595,156.9549071486494,137.37765187009367,140.49160145221603,141.6656518675585,142.80160609198833,143.18927734446908,144.2933040651602,145.24717093218098,145.72823018009126,150.86018323787823,157.10587639396587,185.8627255997419
54,191.04149752342755,190.97348281913503,186.08424964817664,180.3027476806945,176.78747329595583,174.94869462520722,162.9810546740723,155.96493395105165,155.60557340786417,150.50324501780537,144.04948696532153,138.02455169595973,131.87966756361024,125.10689014219739,119.73127929318682,111.31123950705752,106.06917598207043,76.1487421616861,73.4410512635221,70.80897413699259,66.54935971782271,71.88981569086472,72.8450172402772,79.12993163905783,85.5185742618861,94.66569301825405,100.78659995738337,103.70129116740947,106.23412849502968,112.4536801712137,115.34067225986607,119.38610526449789,122.40193372565834,127.49653437665307,133.90786185339164,137.33602499364954,138.3057023742585,62.15249265137645,56.15755970763136,48.305424838692836,45.24766029576284,37.435834004811426,31.733634867636354,30.29603234955286,27.975179919948605,24.57917358897688,19.016810691790113,16.33936956265207,12.204901035743202,10.174920247656775,6.442022579624594,5.911504907911386,2.126616534392252,0.28472267208637697,0.0,34.636898992380296,37.96992209461046,39.7157571383646,45.54418685850492,50.80326947812596,58.193944345822445,85.42722636923476,90.13629629310454,93.35803980747546,96.60626308265024,105.96063202907541,112.2288390368415,116.07751314492494,116.57360403685705,112.66627935028237,113.27880791677778,114.17311281937138,38.431791333214605,40.11772164019651,42.07362245567769,44.730116009217774,48.05143577702093,50.39248361933428,38.773405311321845,43.502670053329844,48.83231075416513,110.7678140826268,121.43443726946795,127.19849482276322,131.25183302858395,138.90769080980286,144.5748781356946,150.32487238988904,158.92867541314376,164.10917865086864,169.2590345307466,170.91644610748241,172.55086779968585,178.02728252837585,180.69324659595455,183.68134366989094,98.1127456359993,105.96890076028112,107.0577684609174,99.07194289113872,100.42665301729512,103.55278783525736,181.09244705224143,184.96463146208006,84.76664339339717,86.24318093808472,87.11220067638737,92.72117040458976,51.35389072050118,54.28952523453729,144.70808258111222,147.2622177424381,150.07864657920464,154.70048818126202,158.20256869958027,162.8329460316662,165.50036742083662,173.55690110331346,86.50266495988613,88.9775778313378,89.74572286006672,158.8327943061684,164.3104437297863,167.85352719307926,171.0100675885001,172.45435926527904,173.52969051184002,74.72865443069375,76.0711696075167,76.81511180957276,77.38002242197085,80.07638534264751,82.44084257423364,70.67229398846058,74.23135467914848,146.15299151622472,148.61165208284206,83.97415985021875,125.02387480235411,126.11731397700557,131.69681196897074,137.34650627464967,118.8583114209125,121.0228907985091,122.0212778080162,109.37042453375508,110.2865058620224,114.36552829392934,121.93539176693862,145.56173923508862,150.55962768922603,152.82174307089866,155.44228996038566,158.40954778538168,160.4527142005324,161.66920423337277,163.27857243238753,168.8691603263393,173.5533940950575,179.29241596293707,183.74620558526993,118.50429839521735,143.82053452892256,149.96170786957987,155.560190059602,158.05611588676945,159.7959968438489,165.615383037304,169.6955550834952,173.13538430922665,173.6597333165095,176.46913203015558,178.16411012435248,155.70445377158498,162.46853628286084,167.40431825516785,141.57952356645322,147.9002470218814,153.45266289247323,156.5047739651572,162.62751926444903,163.18912855924393,138.30809645409352,144.4901998178363,145.45368982816333,145.93313742696844,139.32080012893854,144.51122882028955,147.95157894782017,153.3986770743459,157.2396298207358,137.66237454218006,140.77632412430242,141.95037453964488,143.08632876407472,143.47400001655546,144.5780267372466,145.53189360426737,146.01295285217765,151.14490590996462,157.39059906605226,186.1474482718283
55,169.72803667591066,169.66002197161814,164.77078880065974,158.9892868331776,155.47401244843894,153.63523377769033,141.66759382655542,134.65147310353476,134.29211256034728,129.18978417028848,122.73602611780463,116.71109084844281,110.56620671609333,103.7934292946805,98.41781844566992,89.99777865954063,84.75571513455354,54.8352813141692,52.127590416005205,49.49551328947569,45.2358988703058,50.576354843347815,51.531556392760294,57.81647079154092,64.2051134143692,73.35223217073714,79.47313910986647,82.38783031989256,84.92066764751277,91.1402193236968,94.02721141234916,98.07264441698098,101.08847287814143,106.18307352913617,112.59440100587473,116.02256414613264,116.99224152674157,40.839031803859534,34.84409886011444,26.99196399117592,23.934199448245923,16.12237315729451,10.420174020119441,8.982571502035947,6.661719072431693,10.057725403403419,15.620088300590186,18.29752942972823,22.431997956637098,24.461978744723524,28.194876412755704,28.725394084468913,32.51028245798805,34.35217632029392,34.636898992380296,0.0,3.333023102230165,5.078858145984304,24.230726010988008,29.489808630609048,36.88048349830553,64.11376552171785,68.82283544558763,72.04457895995856,75.29280223513334,84.6471711815585,90.9153781893246,94.76405229740803,95.26014318934014,91.35281850276546,91.96534706926087,92.85965197185448,17.118330485697694,18.804260792679592,20.76016160816078,23.41665516170086,26.737974929504013,29.079022771817367,17.459944463804927,22.18920920581293,27.518849906648214,89.4543532351099,100.12097642195106,105.88503397524633,109.93837218106707,117.59422996228597,123.2614172881777,129.01141154237212,137.61521456562684,142.79571780335172,147.94557368322967,149.6029852599655,151.23740695216893,156.71382168085893,159.37978574843763,162.367882822374,76.7992847884824,84.65543991276421,85.7443076134005,77.75848204362181,79.11319216977822,82.23932698774045,159.7789862047245,163.65117061456314,63.45318254588027,64.92972009056781,65.79873982887047,71.40770955707285,30.040429872984255,32.976064387020365,123.39462173359532,125.9487568949212,128.76518573168775,133.38702733374512,136.88910785206338,141.51948518414932,144.18690657331973,152.24344025579657,65.18920411236923,67.66411698382089,68.43226201254981,137.5193334586515,142.99698288226938,146.54006634556234,149.69660674098319,151.14089841776212,152.2162296643231,53.41519358317685,54.757708759999794,55.501650962055855,56.06656157445395,58.76292449513061,61.12738172671674,49.35883314094367,52.917893831631574,124.83953066870784,127.29819123532519,62.660699002701854,103.71041395483722,104.80385312948867,110.38335112145386,116.0330454271328,97.5448505733956,99.7094299509922,100.7078169604993,88.05696368623819,88.9730450145055,93.05206744641245,100.62193091942173,124.24827838757172,129.24616684170914,131.50828222338177,134.12882911286877,137.09608693786478,139.1392533530155,140.35574338585587,141.96511158487064,147.55569947882242,152.23993324754062,157.9789551154202,162.43274473775307,97.19083754770045,122.50707368140566,128.64824702206295,134.24672921208509,136.74265503925253,138.482535996332,144.3019221897871,148.3820942359783,151.82192346170973,152.34627246899257,155.15567118263866,156.85064927683555,134.39099292406806,141.15507543534392,146.09085740765093,120.26606271893631,126.58678617436448,132.1392020449563,135.19131311764028,141.3140584169321,141.875667711727,116.99463560657661,123.1767389703194,124.14022898064646,124.61967657945156,118.00733928142161,123.1977679727726,126.63811810030323,132.08521622682895,135.92616897321884,116.34891369466315,119.46286327678553,120.63691369212795,121.77286791655779,122.16053916903853,123.26456588972968,124.21843275675045,124.69949200466073,129.83144506244773,136.07713821853537,164.8339874243114
56,173.06105977814082,172.9930450738483,168.1038119028899,162.32230993540776,158.8070355506691,156.9682568799205,145.00061692878558,137.9844962057649,137.62513566257743,132.52280727251863,126.06904922003478,120.04411395067297,113.89922981832349,107.12645239691065,101.75084154790008,93.33080176177079,88.0887382367837,58.168304416399366,55.46061351823537,52.82853639170585,48.56892197253597,53.90937794557798,54.86457949499046,61.14949389377109,67.53813651659937,76.68525527296731,82.80616221209664,85.72085342212273,88.25369074974294,94.47324242592697,97.36023451457933,101.40566751921115,104.4214959803716,109.51609663136634,115.9274241081049,119.35558724836281,120.32526462897174,44.1720549060897,38.17712196234461,30.324987093406083,27.267222550476088,19.455396259524676,13.753197122349606,12.315594604266112,9.994742174661859,13.390748505633585,18.953111402820355,21.630552531958394,25.765021058867262,27.79500184695369,31.52789951498587,32.058417186699074,35.843305560218205,37.68519942252408,37.96992209461045,3.333023102230165,0.0,1.7458350437541394,27.563749113218172,32.82283173283921,40.213506600535695,67.44678862394802,72.1558585478178,75.37760206218873,78.62582533736351,87.98019428378868,94.24840129155477,98.0970753996382,98.59316629157031,94.68584160499563,95.29837017149104,96.19267507408465,20.45135358792786,22.137283894909757,24.093184710390943,26.749678263931024,30.070998031734177,32.41204587404753,20.79296756603509,25.522232308043094,30.85187300887838,92.78737633734006,103.45399952418121,109.21805707747649,113.27139528329722,120.92725306451612,126.59444039040785,132.34443464460227,140.948237667857,146.12874090558188,151.27859678545983,152.93600836219565,154.57043005439908,160.04684478308909,162.71280885066778,165.70090592460417,80.13230789071257,87.98846301499438,89.07733071563067,81.09150514585198,82.44621527200839,85.57235008997063,163.11200930695466,166.9841937167933,66.78620564811044,68.26274319279798,69.13176293110064,74.74073265930302,33.37345297521442,36.30908748925053,126.72764483582547,129.28177999715135,132.09820883391788,136.72005043597525,140.2221309542935,144.85250828637945,147.51992967554986,155.5764633580267,68.5222272145994,70.99714008605106,71.76528511477999,140.85235656088165,146.33000598449954,149.8730894477925,153.02962984321334,154.47392151999227,155.54925276655325,56.748216685407016,58.09073186222996,58.83467406428602,59.399584676684114,62.09594759736078,64.4604048289469,52.69185624317384,56.25091693386174,128.17255377093798,130.63121433755532,65.99372210493202,107.04343705706738,108.13687623171883,113.71637422368401,119.36606852936296,100.87787367562576,103.04245305322236,104.04084006272946,91.38998678846835,92.30606811673566,96.38509054864261,103.95495402165189,127.58130148980187,132.5791899439393,134.84130532561193,137.46185221509893,140.42911004009494,142.47227645524566,143.68876648808603,145.2981346871008,150.88872258105258,155.57295634977078,161.31197821765033,165.7657678399832,100.52386064993061,125.84009678363581,131.9812701242931,137.57975231431524,140.07567814148268,141.81555909856215,147.63494529201725,151.71511733820844,155.15494656393992,155.67929557122275,158.4886942848688,160.1836723790657,137.72401602629822,144.48809853757407,149.4238805098811,123.59908582116647,129.91980927659463,135.47222514718646,138.52433621987043,144.64708151916227,145.20869081395716,120.32765870880677,126.50976207254956,127.47325208287661,127.95269968168172,121.34036238365177,126.53079107500275,129.97114120253337,135.4182393290591,139.259192075449,119.68193679689331,122.79588637901568,123.9699367943581,125.10589101878794,125.49356227126869,126.59758899195984,127.5514558589806,128.03251510689088,133.16446816467788,139.41016132076552,168.16701052654156
57,174.80689482189496,174.73888011760243,169.84964694664404,164.0681449791619,160.55287059442324,158.71409192367463,146.74645197253972,139.73033124951905,139.37097070633158,134.26864231627277,127.81488426378893,121.7899489944271,115.64506486207763,108.87228744066479,103.49667659165422,95.07663680552493,89.83457328053784,59.9141394601535,57.206448561989504,54.57437143545999,50.3147570162901,55.655212989332114,56.61041453874459,62.89532893752522,69.28397156035349,78.43109031672144,84.55199725585076,87.46668846587686,89.99952579349707,96.2190774696811,99.10606955833346,103.15150256296528,106.16733102412573,111.26193167512047,117.67325915185903,121.10142229211694,122.07109967272586,45.91788994984383,39.92295700609874,32.07082213716022,29.013057594230222,21.20123130327881,15.499032166103744,14.06142964802025,11.740577218415996,15.136583549387723,20.69894644657449,23.376387575712528,27.510856102621396,29.540836890707823,33.27373455874,33.80425223045321,37.58914060397234,39.43103446627821,39.71575713836459,5.078858145984304,1.7458350437541394,0.0,29.309584156972306,34.568666776593346,41.95934164428983,69.19262366770215,73.90169359157193,77.12343710594286,80.37166038111764,89.7260293275428,95.9942363353089,99.84291044339233,100.33900133532444,96.43167664874976,97.04420521524517,97.93851011783877,22.197188631681993,23.88311893866389,25.839019754145077,28.495513307685158,31.81683307548831,34.15788091780166,22.538802609789226,27.268067351797228,32.59770805263251,94.5332113810942,105.19983456793535,110.96389212123063,115.01723032705137,122.67308810827026,128.340275434162,134.09026968835644,142.69407271161117,147.87457594933605,153.024431829214,154.68184340594982,156.31626509815325,161.79267982684325,164.45864389442195,167.44674096835834,81.8781429344667,89.73429805874851,90.82316575938479,82.83734018960611,84.19205031576251,87.31818513372475,164.85784435070883,168.73002876054747,68.53204069186457,70.00857823655211,70.87759797485477,76.48656770305715,35.119288018968554,38.054922533004664,128.47347987957963,131.02761504090552,133.84404387767205,138.46588547972942,141.96796599804767,146.59834333013362,149.26576471930403,157.32229840178087,70.26806225835352,72.74297512980519,73.51112015853411,142.59819160463582,148.0758410282537,151.61892449154666,154.7754648869675,156.21975656374644,157.29508781030742,58.49405172916115,59.83656690598409,60.580509108040154,61.14541972043825,63.84178264111491,66.20623987270103,54.43769128692797,57.99675197761587,129.91838881469212,132.37704938130946,67.73955714868615,108.78927210082152,109.88271127547297,115.46220926743815,121.1119035731171,102.6237087193799,104.7882880969765,105.7866751064836,93.13582183222249,94.0519031604898,98.13092559239675,105.70078906540603,129.327136533556,134.3250249876934,136.58714036936604,139.20768725885304,142.17494508384905,144.21811149899978,145.43460153184014,147.0439697308549,152.6345576248067,157.3187913935249,163.05781326140448,167.51160288373734,102.26969569368475,127.58593182738996,133.72710516804725,139.32558735806938,141.82151318523682,143.5613941423163,149.3807803357714,153.46095238196258,156.90078160769406,157.4251306149769,160.23452932862295,161.92950742281985,139.46985107005236,146.23393358132822,151.16971555363523,125.34492086492061,131.66564432034878,137.2180601909406,140.27017126362458,146.3929165629164,146.9545258577113,122.0734937525609,128.2555971163037,129.21908712663074,129.69853472543585,123.0861974274059,128.2766261187569,131.71697624628752,137.16407437281325,141.00502711920313,121.42777184064745,124.54172142276983,125.71577183811225,126.85172606254208,127.23939731502283,128.34342403571398,129.29729090273474,129.77835015064502,134.91030320843203,141.15599636451967,169.9128455702957
58,161.71401637230963,161.6460016680171,156.75676849705872,150.97526652957657,147.4599921448379,145.6212134740893,133.6535735229544,126.63745279993371,126.27809225674623,121.17576386668745,114.7220058142036,108.69707054484178,102.5521864124923,95.77940899107946,90.40379814206891,81.98375835593961,76.74169483095253,46.821261010568186,44.11357011240419,41.481492985874674,37.22187856670479,42.5623345397468,43.51753608915928,49.80245048793991,56.19109311076818,65.33821186713612,71.45911880626545,74.37381001629154,76.90664734391176,83.12619902009578,86.01319110874815,90.05862411337996,93.07445257454042,98.16905322553515,104.58038070227371,108.00854384253162,108.97822122314055,32.82501150025852,26.830078556513428,18.977943687574903,15.920179144644909,8.108352853693496,13.810551990868564,15.248154508952059,17.569006938556313,20.96501326952804,26.52737616671481,29.20481729585285,33.33928582276172,35.36926661084814,39.10216427888032,39.63268195059353,43.41757032411266,45.25946418641853,45.54418685850491,24.230726010988008,27.563749113218172,29.309584156972313,0.0,5.259082619621041,12.649757487317522,56.099745218116844,60.80881514198662,64.03055865635756,67.27878193153234,76.6331508779575,82.9013578857236,86.75003199380703,87.24612288573914,83.33879819916446,83.95132676565987,84.84563166825347,9.104310182096679,10.790240489078577,12.746141304559766,15.402634858099844,18.723954625902998,21.065002468216353,9.445924160203912,14.175188902211913,19.504829603047195,81.44033293150889,92.10695611835004,97.87101367164531,101.92435187746605,109.58020965868495,115.24739698457668,120.9973912387711,129.6011942620258,134.7816974997507,139.93155337962864,141.58896495636446,143.2233866485679,148.6998013772579,151.3657654448366,154.35386251877298,68.78526448488138,76.6414196091632,77.73028730979948,69.7444617400208,71.0991718661772,74.22530668413944,151.76496590112347,155.6371503109621,55.43916224227925,56.91569978696679,57.78471952526945,63.39368925347183,22.02640956938324,24.96204408341935,115.3806014299943,117.93473659132019,120.75116542808672,125.3730070301441,128.87508754846235,133.5054648805483,136.1728862697187,144.22941995219554,57.17518380876822,59.65009668021988,60.418241708948806,129.5053131550505,134.98296257866838,138.52604604196134,141.68258643738218,143.12687811416112,144.2022093607221,45.401173279575836,46.74368845639878,47.48763065845484,48.052541270852934,50.7489041915296,53.11336142311573,41.34481283734266,44.90387352803056,116.82551036510682,119.28417093172418,54.64667869910084,95.6963936512362,96.78983282588766,102.36933081785284,108.01902512353179,89.53083026979459,91.69540964739119,92.69379665689829,80.04294338263718,80.95902471090449,85.03804714281144,92.60791061582071,116.23425808397069,121.23214653810811,123.49426191978074,126.11480880926774,129.08206663426375,131.12523304941448,132.34172308225484,133.9510912812696,139.5416791752214,144.2259129439396,149.96493481181915,154.418724434152,89.17681724409945,114.49305337780463,120.63422671846192,126.23270890848406,128.7286347356515,130.46851569273096,136.28790188618606,140.36807393237726,143.80790315810873,144.33225216539157,147.14165087903763,148.83662897323453,126.37697262046703,133.1410551317429,138.0768371040499,112.25204241533528,118.57276587076345,124.12518174135528,127.17729281403925,133.30003811333108,133.86164740812598,108.98061530297558,115.16271866671838,116.12620867704543,116.60565627585054,109.99331897782058,115.18374766917157,118.6240977967022,124.07119592322793,127.91214866961782,108.33489339106212,111.4488429731845,112.62289338852692,113.75884761295676,114.1465188654375,115.25054558612865,116.20441245314942,116.6854717010597,121.81742475884668,128.0631179149343,156.81996712071037
59,166.97309899193067,166.90508428763815,162.01585111667976,156.2343491491976,152.71907476445895,150.88029609371034,138.91265614257543,131.89653541955477,131.5371748763673,126.43484648630849,119.98108843382464,113.95615316446282,107.81126903211334,101.0384916107005,95.66288076168995,87.24284097556065,82.00077745057357,52.080343630189226,49.37265273202523,46.740575605495714,42.48096118632583,47.82141715936784,48.77661870878032,55.06153310756095,61.45017573038922,70.59729448675716,76.71820142588649,79.63289263591258,82.1657299635328,88.38528163971682,91.27227372836919,95.317706733001,98.33353519416146,103.42813584515619,109.83946332189475,113.26762646215266,114.23730384276159,38.08409411987956,32.08916117613447,24.237026307195944,21.17926176426595,13.367435473314536,19.069634610489604,20.5072371285731,22.828089558177354,26.22409588914908,31.78645878633585,34.46389991547389,38.59836844238276,40.62834923046918,44.36124689850136,44.89176457021457,48.6766529437337,50.51854680603957,50.80326947812595,29.489808630609048,32.82283173283921,34.56866677659335,5.259082619621041,0.0,7.390674867696482,61.358827837737884,66.06789776160767,69.2896412759786,72.53786455115338,81.89223349757854,88.16044050534464,92.00911461342807,92.50520550536018,88.5978808187855,89.21040938528091,90.10471428787451,14.363392801717719,16.049323108699618,18.005223924180804,20.661717477720885,23.983037245524038,26.324085087837393,14.705006779824952,19.434271521832954,24.76391222266824,86.69941555112993,97.36603873797108,103.13009629126636,107.18343449708709,114.83929227830599,120.50647960419772,126.25647385839214,134.86027688164685,140.04078011937173,145.19063599924968,146.8480475759855,148.48246926818894,153.95888399687894,156.62484806445764,159.61294513839402,74.04434710450244,81.90050222878425,82.98936992942053,75.00354435964184,76.35825448579824,79.48438930376048,157.02404852074451,160.89623293058315,60.69824486190029,62.17478240658783,63.04380214489049,68.65277187309287,27.28549218900428,30.22112670304039,120.63968404961534,123.19381921094123,126.01024804770776,130.63208964976513,134.1341701680834,138.76454750016933,141.43196888933974,149.48850257181658,62.43426642838926,64.90917929984091,65.67732432856984,134.76439577467153,140.24204519828942,143.78512866158238,146.94166905700322,148.38596073378216,149.46129198034313,50.660255899196876,52.00277107601982,52.74671327807588,53.311623890473975,56.00798681115064,58.37244404273677,46.6038954569637,50.1629561476516,122.08459298472786,124.54325355134522,59.90576131872188,100.95547627085725,102.0489154455087,107.62841343747388,113.27810774315283,94.78991288941563,96.95449226701223,97.95287927651933,85.30202600225822,86.21810733052553,90.29712976243248,97.86699323544175,121.49334070359173,126.49122915772915,128.75334453940178,131.37389142888878,134.3411492538848,136.38431566903552,137.60080570187588,139.21017390089065,144.80076179484243,149.48499556356063,155.2240174314402,159.67780705377305,94.4358998637205,119.75213599742567,125.89330933808296,131.4917915281051,133.98771735527254,135.727598312352,141.5469845058071,145.6271565519983,149.06698577772977,149.5913347850126,152.40073349865867,154.09571159285557,131.63605524008807,138.40013775136393,143.33591972367094,117.51112503495632,123.83184849038449,129.38426436097632,132.4363754336603,138.55912073295212,139.12073002774702,114.23969792259662,120.42180128633942,121.38529129666647,121.86473889547158,115.25240159744162,120.4428302887926,123.88318041632324,129.33027854284896,133.17123128923885,113.59397601068316,116.70792559280554,117.88197600814796,119.0179302325778,119.40560148505854,120.50962820574969,121.46349507277046,121.94455432068074,127.07650737846772,133.32220053455535,162.0790497403314
60,174.36377385962714,174.29575915533462,169.40652598437623,163.6250240168941,160.10974963215543,158.27097096140682,146.3033310102719,139.28721028725124,138.92784974406376,133.82552135400496,127.37176330152111,121.3468280321593,115.20194389980982,108.42916647839698,103.05355562938642,94.63351584325713,89.39145231827004,59.47101849788571,56.76332759972171,54.131250473192196,49.87163605402231,55.21209202706432,56.1672935764768,62.45220797525743,68.8408505980857,77.98796935445364,84.10887629358297,87.02356750360906,89.55640483122927,95.7759565074133,98.66294859606566,102.70838160069748,105.72421006185793,110.81881071285267,117.23013818959123,120.65830132984914,121.62797871045807,45.47476898757604,39.47983604383095,31.627701174892426,28.56993663196243,20.75811034101102,26.460309478186087,27.89791199626958,30.218764425873836,33.61477075684556,39.177133654032325,41.854574783170364,45.98904331007923,48.01902409816566,51.75192176619784,52.282439437911044,56.067327811430175,57.90922167373605,58.19394434582242,36.88048349830553,40.213506600535695,41.959341644289836,12.649757487317522,7.390674867696482,0.0,68.74950270543437,73.45857262930414,76.68031614367507,79.92853941884985,89.28290836527502,95.55111537304111,99.39978948112454,99.89588037305666,95.98855568648197,96.60108425297739,97.49538915557099,21.7540676694142,23.4399979763961,25.395898791877286,28.052392345417367,31.37371211322052,33.71475995553387,22.095681647521435,26.824946389529437,32.15458709036472,94.0900904188264,104.75671360566756,110.52077115896283,114.57410936478357,122.22996714600247,127.8971544718942,133.64714872608863,142.25095174934336,147.43145498706824,152.58131086694618,154.238722443682,155.87314413588544,161.34955886457544,164.01552293215414,167.00362000609053,81.43502197219891,89.29117709648072,90.38004479711701,82.39421922733831,83.74892935349472,86.87506417145696,164.41472338844102,168.28690779827966,68.08891972959678,69.56545727428433,70.43447701258698,76.04344674078936,34.67616705670076,37.61180157073687,128.03035891731182,130.5844940786377,133.40092291540424,138.0227645174616,141.52484503577986,146.1552223678658,148.82264375703622,156.87917743951306,69.82494129608574,72.2998541675374,73.06799919626633,142.155070642368,147.6327200659859,151.17580352927885,154.3323439246997,155.77663560147863,156.8519668480396,58.05093076689336,59.3934459437163,60.13738814577236,60.70229875817046,63.39866167884712,65.76311891043325,53.99457032466018,57.55363101534808,129.47526785242434,131.93392841904168,67.29643618641836,108.34615113855372,109.43959031320517,115.01908830517036,120.6687826108493,102.18058775711211,104.3451671347087,105.3435541442158,92.69270086995469,93.608782198222,97.68780463012895,105.25766810313823,128.8840155712882,133.8819040254256,136.14401940709823,138.76456629658523,141.73182412158124,143.77499053673196,144.99148056957233,146.6008487685871,152.19143666253888,156.87567043125708,162.61469229913666,167.06848192146953,101.82657473141697,127.14281086512214,133.28398420577943,138.88246639580157,141.378392222969,143.11827318004848,148.93765937350358,153.01783141969477,156.45766064542624,156.98200965270908,159.79140836635514,161.48638646055204,139.02673010778454,145.7908126190604,150.72659459136742,124.9017999026528,131.22252335808096,136.7749392286728,139.82705030135676,145.9497956006486,146.5114048954435,121.6303727902931,127.81247615403589,128.77596616436293,129.25541376316804,122.6430764651381,127.83350515648908,131.2738552840197,136.72095341054543,140.56190615693532,120.98465087837964,124.09860046050201,125.27265087584443,126.40860510027427,126.79627635275502,127.90030307344617,128.85416994046693,129.3352291883772,134.4671822461642,140.71287540225185,169.4697246080279
61,143.3700044570169,143.30198975272438,138.412756581766,132.63125461428385,129.1159802295452,127.27720155879658,115.30956160766166,108.29344088464099,107.93408034145351,102.83175195139472,96.37799389891087,90.35305862954905,84.20817449719958,77.43539707578674,72.05978622677617,63.639746440646874,58.397682915659786,28.477249095275454,25.769558197111454,23.13748107058194,18.877866651412056,13.537410678370044,12.582209128957562,6.297294730176934,12.685937353005205,21.833056109373153,27.95396304850248,30.868654258528565,33.40149158614878,39.621043262332805,42.508035350985175,46.55346835561699,49.569296816777445,54.66389746777217,61.07522494451074,64.50338808476864,65.47306546537757,23.274733717858325,29.269666661603416,37.12180153054194,40.17956607347193,47.99139236442335,53.69359150159842,55.131194019681914,57.452046449286165,60.84805278025789,66.41041567744466,69.0878568065827,73.22232533349158,75.252306121578,78.98520378961018,79.5157214613234,83.30060983484253,85.14250369714841,85.42722636923479,64.11376552171785,67.44678862394802,69.19262366770216,56.099745218116844,61.358827837737884,68.74950270543437,0.0,4.709069923869779,7.930813438240707,11.179036713415492,20.53340565984066,26.801612667606754,30.650286775690184,31.146377667622296,27.23905298104761,27.851581547543017,28.745886450136627,48.98734969282653,50.67327999980843,52.629180815289615,55.285674368829696,58.60699413663285,60.9480419789462,49.32896367093377,54.058228412941766,59.38786911377705,63.09632101621615,73.7629442030573,79.52700175635258,83.58033996217331,91.23619774339221,96.90338506928394,102.65337932347836,111.25718234673309,116.43768558445795,121.5875414643359,123.24495304107172,124.87937473327516,130.35578946196514,133.02175352954384,136.00985060348023,12.68551926676454,20.54167439104635,21.63054209168263,26.239305982257825,27.594016108414234,30.72015092637647,133.42095398583075,137.2931383956694,11.93400648451628,13.410544029203818,14.279563767506476,19.888533495708852,46.28579649821027,49.22143101224638,97.03658951470156,99.59072467602745,102.40715351279398,107.02899511485136,110.53107563316959,115.16145296525552,117.82887435442593,125.88540803690277,13.670028051005243,16.144940922456904,16.913085951185824,111.16130123975773,116.63895066337562,120.18203412666858,123.33857452208944,124.78286619886838,125.85819744542934,27.057161364283104,28.399676541106047,29.143618743162104,29.7085293555602,32.40489227623686,34.76934950782299,23.00080092204993,26.55986161273783,98.48149844981408,100.94015901643144,36.30266678380811,77.35238173594347,78.44582091059492,84.0253189025601,89.67501320823905,71.18681835450185,73.35139773209845,74.34978474160555,61.698931467344444,62.61501279561176,66.69403522751871,74.26389870052799,97.89024616867796,102.88813462281539,105.15025000448802,107.77079689397502,110.73805471897103,112.78122113412176,113.99771116696213,115.60707936597689,121.19766725992866,125.88190102864688,131.62092289652645,136.07471251885931,70.8328053288067,96.1490414625119,102.29021480316919,107.88869699319133,110.38462282035877,112.12450377743825,117.94388997089335,122.02406201708455,125.463891242816,125.98824025009884,128.7976389637449,130.4926170579418,108.0329607051743,114.79704321645018,119.73282518875718,93.90803050004256,100.22875395547072,105.78116982606255,108.83328089874652,114.95602619803834,115.51763549283322,90.63660338768285,96.81870675142565,97.7821967617527,98.26164436055781,91.64930706252785,96.83973575387884,100.28008588140948,105.72718400793521,109.5681367543251,89.9908814757694,93.10483105789177,94.2788814732342,95.41483569766403,95.80250695014477,96.90653367083593,97.86040053785669,98.34145978576697,103.47341284355396,109.7191059996416,138.47595520541765
62,148.07907438088668,148.01105967659416,143.12182650563577,137.34032453815362,133.82505015341496,131.98627148266635,120.01863153153144,113.00251080851076,112.64315026532329,107.5408218752645,101.08706382278065,95.06212855341883,88.91724442106936,82.14446699965652,76.76885615064596,68.34881636451667,63.10675283952958,33.18631901914524,30.478628120981238,27.846550994451725,23.58693657528184,18.246480602239824,17.291279052827342,11.006364654046713,17.395007276874985,26.54212603324293,32.66303297237226,35.57772418239834,38.110561510018556,44.33011318620258,47.21710527485495,51.26253827948677,54.27836674064722,59.37296739164195,65.78429486838051,69.21245800863842,70.18213538924735,27.98380364172811,33.9787365854732,41.83087145441172,44.888635997341716,52.70046228829313,58.402661425468196,59.84026394355169,62.16111637315594,65.55712270412766,71.11948560131444,73.79692673045248,77.93139525736136,79.96137604544778,83.69427371347996,84.22479138519317,88.00967975871231,89.85157362101819,90.13629629310456,68.82283544558763,72.1558585478178,73.90169359157194,60.80881514198663,66.06789776160767,73.45857262930414,4.709069923869779,0.0,3.221743514370928,6.469966789545712,15.82433573597088,22.092542743736974,25.941216851820403,26.437307743752516,22.52998305717783,23.142511623673236,24.036816526266847,53.69641961669631,55.38234992367821,57.3382507391594,59.99474429269948,63.31606406050263,65.65711190281598,54.03803359480355,58.76729833681155,64.09693903764683,67.80539094008594,78.47201412692709,84.23607168022237,88.2894098860431,95.945267667262,101.61245499315373,107.36244924734815,115.96625227060288,121.14675550832774,126.29661138820569,127.95402296494152,129.58844465714495,135.06485938583495,137.73082345341365,140.71892052735004,7.976449342894761,15.83260446717657,16.92147216781285,30.948375906127602,32.303086032284014,35.429220850246246,138.13002390970053,142.00220831953916,16.643076408386058,18.119613953073596,18.988633691376254,24.59760341957863,50.99486642208005,53.93050093611616,101.74565943857135,104.29979459989724,107.11622343666377,111.73806503872115,115.24014555703938,119.87052288912531,122.53794427829573,130.59447796077256,18.379097974875023,20.854010846326684,21.622155875055604,115.87037116362754,121.34802058724543,124.89110405053839,128.04764444595924,129.49193612273817,130.56726736929915,31.766231288152888,33.10874646497583,33.85268866703189,34.417599279429986,37.11396220010665,39.47841943169278,27.709870845919713,31.268931536607614,103.19056837368387,105.64922894030123,41.01173670767789,82.06145165981326,83.15489083446471,88.73438882642989,94.38408313210884,75.89588827837164,78.06046765596824,79.05885466547534,66.40800139121423,67.32408271948154,71.40310515138849,78.97296862439777,102.59931609254774,107.59720454668516,109.85931992835779,112.4798668178448,115.4471246428408,117.49029105799154,118.70678109083191,120.31614928984666,125.90673718379844,130.59097095251664,136.32999282039623,140.7837824427291,75.5418752526765,100.85811138638168,106.99928472703897,112.59776691706111,115.09369274422855,116.83357370130803,122.65295989476313,126.73313194095432,130.17296116668578,130.69731017396862,133.50670888761468,135.20168698181158,112.74203062904408,119.50611314031995,124.44189511262695,98.61710042391233,104.9378238793405,110.49023974993233,113.5423508226163,119.66509612190812,120.226705416703,95.34567331155263,101.52777667529543,102.49126668562248,102.97071428442759,96.35837698639763,101.54880567774862,104.98915580527925,110.43625393180498,114.27720667819487,94.69995139963918,97.81390098176155,98.98795139710397,100.12390562153381,100.51157687401455,101.6156035947057,102.56947046172647,103.05052970963675,108.18248276742374,114.42817592351138,143.18502512928742
63,151.3008178952576,151.2328031909651,146.3435700200067,140.56206805252455,137.0467936677859,135.20801499703728,123.24037504590237,116.22425432288169,115.86489377969421,110.76256538963543,104.30880733715158,98.28387206778976,92.13898793544028,85.36621051402744,79.99059966501689,71.5705598788876,66.3284963539005,36.408062533516166,33.70037163535217,31.068294508822653,26.808680089652768,21.468224116610752,20.51302256719827,14.228108168417641,20.616750791245913,29.763869547613858,35.884776486743185,38.79946769676927,41.332305024389484,47.55185670057351,50.43884878922588,54.4842817938577,57.50011025501815,62.59471090601288,69.00603838275144,72.43420152300935,73.40387890361828,31.205547156099037,37.20048009984413,45.05261496878265,48.110379511712644,55.92220580266406,61.624404939839124,63.06200745792262,65.38285988752688,68.7788662184986,74.34122911568538,77.01867024482343,81.1531387717323,83.18311955981872,86.9160172278509,87.44653489956411,91.23142327308325,93.07331713538913,93.3580398074755,72.04457895995857,75.37760206218874,77.12343710594288,64.03055865635756,69.2896412759786,76.68031614367507,7.930813438240707,3.221743514370928,0.0,3.2482232751747837,12.602592221599952,18.870799229366046,22.719473337449475,23.215564229381588,19.308239542806902,19.92076810930231,20.81507301189592,56.91816313106724,58.60409343804914,60.55999425353033,63.21648780707041,66.53780757487357,68.87885541718693,57.25977710917448,61.98904185118248,67.31868255201776,71.02713445445687,81.69375764129802,87.4578151945933,91.51115340041403,99.16701118163293,104.83419850752466,110.58419276171908,119.18799578497381,124.36849902269867,129.51835490257662,131.17576647931244,132.81018817151588,138.28660290020588,140.95256696778458,143.94066404172096,11.198192857265688,19.054347981547497,20.14321568218378,34.17011942049853,35.52482954665494,38.650964364617174,141.35176742407145,145.2239518339101,19.864819922756986,21.341357467444524,22.210377205747182,27.819346933949557,54.21660993645098,57.15224445048709,104.96740295294228,107.52153811426817,110.3379669510347,114.95980855309207,118.46188907141031,123.09226640349624,125.75968779266665,133.8162214751435,21.60084148924595,24.075754360697612,24.843899389426532,119.09211467799847,124.56976410161636,128.11284756490932,131.26938796033016,132.7136796371091,133.78901088367007,34.987974802523816,36.33048997934676,37.07443218140282,37.639342793800914,40.33570571447758,42.700162946063706,30.93161436029064,34.490675050978545,106.4123118880548,108.87097245467216,44.23348022204882,85.28319517418419,86.37663434883564,91.95613234080082,97.60582664647977,79.11763179274257,81.28221117033917,82.28059817984627,69.62974490558516,70.54582623385247,74.62484866575942,82.1947121387687,105.82105960691867,110.81894806105609,113.08106344272872,115.70161033221572,118.66886815721173,120.71203457236247,121.92852460520284,123.53789280421759,129.12848069816937,133.81271446688757,139.55173633476716,144.00552595710002,78.76361876704743,104.07985490075261,110.2210282414099,115.81951043143204,118.31543625859948,120.05531721567895,125.87470340913406,129.95487545532526,133.39470468105674,133.91905368833957,136.7284524019856,138.4234304961825,115.96377414341501,122.72785665469088,127.66363862699788,101.83884393828326,108.15956739371143,113.71198326430326,116.76409433698723,122.88683963627905,123.44844893107393,98.56741682592356,104.74952018966636,105.7130101999934,106.19245779879851,99.58012050076856,104.77054919211955,108.21089931965018,113.65799744617591,117.4989501925658,97.9216949140101,101.03564449613248,102.2096949114749,103.34564913590474,103.73332038838548,104.83734710907663,105.7912139760974,106.27227322400768,111.40422628179466,117.6499194378823,146.40676864365835
64,154.5490411704324,154.48102646613987,149.59179329518147,143.81029132769933,140.29501694296067,138.45623827221206,126.48859832107715,119.47247759805647,119.113117054869,114.0107886648102,107.55703061232636,101.53209534296454,95.38721121061506,88.61443378920222,83.23882294019167,74.81878315406237,69.57671962907528,39.656285808690946,36.94859491052695,34.31651778399743,30.056903364827548,24.716447391785533,23.76124584237305,17.476331443592425,23.864974066420697,33.012092822788645,39.13299976191797,42.04769097194406,44.58052829956427,50.8000799757483,53.68707206440067,57.732505069032484,60.74833353019294,65.84293418118767,72.25426165792624,75.68242479818414,76.65210217879307,34.45377043127382,40.44870337501891,48.30083824395743,51.358602786887424,59.17042907783884,64.8726282150139,66.3102307330974,68.63108316270166,72.02708949367339,77.58945239086016,80.2668935199982,84.40136204690708,86.4313428349935,90.16424050302568,90.6947581747389,94.47964654825803,96.32154041056391,96.60626308265029,75.29280223513335,78.62582533736352,80.37166038111766,67.27878193153234,72.53786455115338,79.92853941884985,11.179036713415492,6.469966789545712,3.2482232751747837,0.0,9.354368946425168,15.622575954191262,19.47125006227469,19.967340954206804,16.06001626763212,16.672544834127525,17.566849736721135,60.16638640624202,61.85231671322392,63.80821752870511,66.46471108224519,69.78603085004835,72.1270786923617,60.50800038434926,65.23726512635726,70.56690582719254,74.27535772963165,84.9419809164728,90.70603846976807,94.75937667558881,102.41523445680771,108.08242178269944,113.83241603689386,122.43621906014859,127.61672229787345,132.7665781777514,134.42398975448722,136.05841144669066,141.53482617538066,144.20079024295936,147.18888731689574,14.446416132440472,22.30257125672228,23.391438957358563,37.41834269567332,38.77305282182973,41.89918763979196,144.59999069924623,148.47217510908487,23.11304319793177,24.589580742619308,25.458600480921966,31.06757020912434,57.46483321162576,60.40046772566187,108.21562622811706,110.76976138944295,113.58619022620948,118.20803182826685,121.71011234658509,126.34048967867102,129.00791106784143,137.06444475031827,24.84906476442073,27.323977635872392,28.092122664601312,122.34033795317325,127.81798737679114,131.3610708400841,134.51761123550494,135.96190291228388,137.03723415884485,38.236198077698596,39.57871325452154,40.3226554565776,40.887566068975694,43.58392898965236,45.948386221238486,34.17983763546542,37.73889832615332,109.66053516322958,112.11919572984694,47.4817034972236,88.53141844935897,89.62485762401042,95.2043556159756,100.85404992165455,82.36585506791735,84.53043444551395,85.52882145502105,72.87796818075994,73.79404950902725,77.8730719409342,85.44293541394347,109.06928288209345,114.06717133623087,116.3292867179035,118.9498336073905,121.91709143238651,123.96025784753725,125.17674788037762,126.78611607939237,132.37670397334415,137.06093774206235,142.79995960994194,147.2537492322748,82.01184204222221,107.32807817592739,113.46925151658468,119.06773370660682,121.56365953377426,123.30354049085373,129.12292668430885,133.20309873050005,136.64292795623152,137.16727696351435,139.97667567716042,141.6716537713573,119.21199741858979,125.97607992986566,130.91186190217266,105.08706721345804,111.40779066888621,116.96020653947804,120.01231761216201,126.13506291145383,126.6966722062487,101.81564010109834,107.99774346484114,108.96123347516819,109.4406810739733,102.82834377594334,108.01877246729433,111.45912259482496,116.90622072135069,120.74717346774058,101.16991818918488,104.28386777130726,105.45791818664968,106.59387241107952,106.98154366356026,108.08557038425141,109.03943725127218,109.52049649918246,114.65244955696944,120.89814271305708,149.65499191883313
65,163.90341011685754,163.83539541256502,158.94616224160663,153.1646602741245,149.64938588938583,147.81060721863722,135.8429672675023,128.82684654448164,128.46748600129416,123.36515761123536,116.91139955875151,110.88646428938969,104.74158015704022,97.96880273562738,92.59319188661682,84.17315210048753,78.93108857550044,49.01065475511611,46.30296385695211,43.670886730422595,39.41127231125271,34.0708163382107,33.11561478879822,26.830700390017594,33.21934301284587,42.366461769213814,48.48736870834314,51.402059918369225,53.93489724598944,60.154448922173465,63.041441010825835,67.08687401545765,70.1027024766181,75.19730312761284,81.6086306043514,85.03679374460931,86.00647112521824,43.80813937769898,49.80307232144407,57.65520719038259,60.712971733312585,68.524798024264,74.22699716143907,75.66459967952257,77.98545210912683,81.38145844009856,86.94382133728533,89.62126246642337,93.75573099333225,95.78571178141867,99.51860944945085,100.04912712116406,103.8340154946832,105.67590935698908,105.96063202907546,84.64717118155852,87.98019428378869,89.72602932754283,76.63315087795749,81.89223349757853,89.282908365275,20.53340565984066,15.82433573597088,12.602592221599952,9.354368946425168,0.0,6.268207007766094,10.116881115849525,10.61297200778164,6.705647321206949,7.318175887702356,8.212480790295967,69.52075535266718,71.20668565964908,73.16258647513027,75.81908002867034,79.1403997964735,81.48144763878686,69.86236933077441,74.59163407278241,79.9212747736177,83.6297266760568,94.29634986289796,100.06040741619323,104.11374562201397,111.76960340323286,117.4367907291246,123.18678498331901,131.79058800657373,136.9710912442986,142.12094712417655,143.77835870091238,145.4127803931158,150.8891951218058,153.5551591893845,156.5432562633209,23.80078507886564,31.65694020314745,32.745807903783735,46.772711642098486,48.1274217682549,51.25355658621713,153.9543596456714,157.82654405551003,32.46741214435694,33.94394968904448,34.81296942734714,40.421939155549516,66.81920215805091,69.75483667208702,117.56999517454221,120.1241303358681,122.94055917263464,127.56240077469201,131.06448129301026,135.6948586250962,138.36228001426662,146.41881369674346,34.2034337108459,36.678346582297564,37.44649161102649,131.6947068995984,137.1723563232163,140.71543978650925,143.8719801819301,145.31627185870903,146.39160310527,47.59056702412376,48.9330822009467,49.67702440300276,50.241935015400855,52.93829793607752,55.30275516766365,43.53420658189058,47.09326727257848,119.01490410965474,121.47356467627209,56.83607244364876,97.88578739578412,98.97922657043557,104.55872456240076,110.2084188680797,91.7202240143425,93.8848033919391,94.8831904014462,82.23233712718509,83.1484184554524,87.22744088735935,94.79730436036863,118.4236518285186,123.42154028265603,125.68365566432865,128.30420255381566,131.27146037881167,133.3146267939624,134.53111682680276,136.14048502581753,141.7310729197693,146.4153066884875,152.1543285563671,156.60811817869995,91.36621098864737,116.68244712235254,122.82362046300983,128.42210265303197,130.9180284801994,132.65790943727887,138.47729563073398,142.55746767692517,145.99729690265661,146.52164590993945,149.33104462358554,151.02602271778244,128.56636636501494,135.3304488762908,140.26623084859781,114.4414361598832,120.76215961531136,126.31457548590319,129.36668655858716,135.489431857879,136.0510411526739,111.1700090475235,117.35211241126629,118.31560242159334,118.79505002039845,112.18271272236849,117.37314141371948,120.81349154125012,126.26058966777585,130.10154241416575,110.52428713561004,113.63823671773241,114.81228713307483,115.94824135750467,116.33591260998541,117.43993933067657,118.39380619769733,118.87486544560761,124.0068185033946,130.25251165948222,159.0093608652583
66,170.17161712462365,170.10360242033113,165.21436924937274,159.4328672818906,155.91759289715193,154.07881422640332,142.1111742752684,135.09505355224775,134.73569300906027,129.63336461900147,123.17960656651762,117.1546712971558,111.00978716480633,104.23700974339349,98.86139889438293,90.44135910825364,85.19929558326655,55.27886176288221,52.57117086471821,49.939093738188696,45.67947931901881,40.3390233459768,39.38382179656432,33.09890739778369,39.48755002061196,48.63466877697991,54.755575716109234,57.67026692613532,60.203104253755534,66.42265592993957,69.30964801859193,73.35508102322375,76.3709094843842,81.46551013537893,87.8768376121175,91.3050007523754,92.27467813298433,50.07634638546508,56.07127932921017,63.92341419814869,66.9811787410787,74.79300503203011,80.49520416920518,81.93280668728868,84.25365911689293,87.64966544786466,93.21202834505144,95.88946947418948,100.02393800109836,102.05391878918478,105.78681645721696,106.31733412893017,110.10222250244931,111.94411636475519,112.22883903684156,90.91537818932463,94.2484012915548,95.99423633530894,82.9013578857236,88.16044050534464,95.55111537304111,26.801612667606754,22.092542743736974,18.870799229366046,15.622575954191262,6.268207007766094,0.0,3.8486741080834306,4.344765000015545,12.973854328973044,13.58638289546845,14.48068779806206,75.78896236043329,77.47489266741519,79.43079348289638,82.08728703643645,85.40860680423961,87.74965464655297,76.13057633854052,80.85984108054852,86.1894817813838,89.89793368382291,100.56455687066406,106.32861442395934,110.38195262978007,118.03781041099897,123.7049977368907,129.45499199108514,138.05879501433986,143.23929825206474,148.3891541319427,150.04656570867851,151.68098740088195,157.15740212957195,159.82336619715065,162.81146327108704,30.068992086631734,37.92514721091354,39.01401491154983,53.04091864986458,54.39562877602099,57.52176359398322,160.22256665343753,164.09475106327616,38.735619152123036,40.212156696810574,41.081176435113235,46.69014616331561,73.08740916581702,76.02304367985313,123.83820218230832,126.39233734363421,129.20876618040074,133.83060778245812,137.33268830077637,141.9630656328623,144.63048702203272,152.68702070450956,40.471640718612,42.946553590063665,43.71469861879259,137.9629139073645,143.4405633309824,146.98364679427536,150.1401871896962,151.58447886647514,152.65981011303612,53.85877403188986,55.2012892087128,55.94523141076886,56.51014202316696,59.20650494384362,61.57096217542975,49.80241358965668,53.36147428034458,125.28311111742084,127.7417716840382,63.10427945141486,104.15399440355023,105.24743357820168,110.82693157016686,116.47662587584581,97.98843102210861,100.15301039970521,101.15139740921231,88.5005441349512,89.41662546321851,93.49564789512546,101.06551136813474,124.69185883628471,129.68974729042213,131.95186267209476,134.57240956158176,137.53966738657778,139.5828338017285,140.79932383456887,142.40869203358363,147.9992799275354,152.6835136962536,158.42253556413317,162.87632518646603,97.63441799641348,122.95065413011865,129.09182747077594,134.69030966079808,137.18623548796552,138.92611644504498,144.74550263850008,148.82567468469128,152.26550391042275,152.7898529177056,155.59925163135165,157.29422972554855,134.83457337278105,141.5986558840569,146.53443785636392,120.7096431676493,127.03036662307747,132.5827824936693,135.63489356635327,141.7576388656451,142.31924816044,117.4382160552896,123.6203194190324,124.58380942935945,125.06325702816456,118.4509197301346,123.64134842148559,127.08169854901622,132.52879667554194,136.36974942193183,116.79249414337615,119.90644372549852,121.08049414084094,122.21644836527078,122.60411961775152,123.70814633844267,124.66201320546344,125.14307245337372,130.27502551116072,136.52071866724836,165.2775678730244
67,174.02029123270708,173.95227652841456,169.06304335745617,163.28154138997402,159.76626700523536,157.92748833448675,145.95984838335184,138.94372766033118,138.5843671171437,133.4820387270849,127.02828067460105,121.00334540523923,114.85846127288976,108.08568385147692,102.71007300246636,94.29003321633706,89.04796969134998,59.12753587096564,56.41984497280164,53.787767846272125,49.52815342710224,44.18769745406023,43.23249590464775,36.94758150586712,43.33622412869539,52.48334288506334,58.604249824192664,61.51894103421875,64.05177836183896,70.27133003802298,73.15832212667534,77.20375513130716,80.21958359246761,85.31418424346235,91.72551172020091,95.15367486045882,96.12335224106775,53.92502049354851,59.9199534372936,67.77208830623212,70.82985284916212,78.64167914011354,84.34387827728861,85.7814807953721,88.10233322497636,91.49833955594809,97.06070245313487,99.73814358227291,103.87261210918179,105.9025928972682,109.63549056530039,110.1660082370136,113.95089661053274,115.79279047283862,116.07751314492499,94.76405229740806,98.09707539963823,99.84291044339237,86.75003199380703,92.00911461342807,99.39978948112454,30.650286775690184,25.941216851820403,22.719473337449475,19.47125006227469,10.116881115849525,3.8486741080834306,0.0,0.4960908919321143,16.822528437056473,17.43505700355188,18.32936190614549,79.63763646851672,81.32356677549862,83.2794675909798,85.93596114451988,89.25728091232304,91.5983287546364,79.97925044662395,84.70851518863195,90.03815588946723,93.74660779190634,104.41323097874749,110.17728853204277,114.2306267378635,121.8864845190824,127.55367184497413,133.30366609916857,141.9074691224233,147.08797236014817,152.23782824002612,153.89523981676194,155.52966150896538,161.00607623765538,163.67204030523408,166.66013737917046,33.91766619471517,41.77382131899697,42.86268901963326,56.88959275794801,58.24430288410442,61.37043770206665,164.07124076152095,167.9434251713596,42.584293260206465,44.060830804894,44.929850543196665,50.53882027139904,76.93608327390045,79.87171778793656,127.68687629039175,130.24101145171764,133.05744028848417,137.67928189054155,141.1813624088598,145.81173974094574,148.47916113011615,156.535694812593,44.32031482669543,46.795227698147094,47.56337272687602,141.81158801544794,147.28923743906583,150.8323209023588,153.98886129777964,155.43315297455857,156.50848422111955,57.70744813997329,59.04996331679623,59.79390551885229,60.358816131250386,63.05517905192705,65.41963628351317,53.65108769774011,57.21014838842801,129.13178522550427,131.5904457921216,66.95295355949828,108.00266851163366,109.09610768628511,114.67560567825029,120.32529998392924,101.83710513019204,104.00168450778864,105.00007151729574,92.34921824303463,93.26529957130194,97.34432200320889,104.91418547621817,128.54053294436812,133.53842139850553,135.80053678017816,138.42108366966517,141.38834149466118,143.4315079098119,144.64799794265227,146.25736614166703,151.8479540356188,156.532187804337,162.27120967221657,166.72499929454943,101.4830921044969,126.79932823820208,132.94050157885937,138.5389837688815,141.03490959604895,142.7747905531284,148.5941767465835,152.6743487927747,156.11417801850615,156.638527025789,159.44792573943508,161.14290383363198,138.68324748086448,145.44732999214034,150.38311196444735,124.55831727573273,130.8790407311609,136.43145660175273,139.4835676744367,145.60631297372854,146.16792226852343,121.28689016337303,127.46899352711583,128.43248353744286,128.91193113624797,122.29959383821803,127.49002252956902,130.93037265709964,136.37747078362537,140.21842353001526,120.64116825145958,123.75511783358195,124.92916824892437,126.06512247335421,126.45279372583495,127.5568204465261,128.51068731354687,128.99174656145715,134.12369961924415,140.3693927753318,169.12624198110782
68,174.5163821246392,174.44836742034667,169.55913424938828,163.77763228190614,160.26235789716748,158.42357922641887,146.45593927528395,139.4398185522633,139.0804580090758,133.978129619017,127.52437156653316,121.49943629717134,115.35455216482187,108.58177474340903,103.20616389439847,94.78612410826918,89.54406058328209,59.62362676289775,56.915935864733754,54.28385873820424,50.02424431903435,44.68378834599234,43.72858679657986,37.44367239779923,43.832315020627505,52.97943377699545,59.10034071612478,62.01503192615086,64.54786925377107,70.7674209299551,73.65441301860746,77.69984602323927,80.71567448439973,85.81027513539446,92.22160261213303,95.64976575239093,96.61944313299986,54.42111138548062,60.41604432922571,68.26817919816423,71.32594374109424,79.13777003204565,84.83996916922072,86.27757168730422,88.59842411690848,91.9944304478802,97.55679334506698,100.23423447420502,104.3687030011139,106.39868378920032,110.1315814572325,110.66209912894571,114.44698750246485,116.28888136477073,116.5736040368571,95.26014318934017,98.59316629157034,100.33900133532448,87.24612288573914,92.50520550536018,99.89588037305666,31.1463776676223,26.43730774375252,23.21556422938159,19.967340954206808,10.61297200778164,4.344765000015545,0.4960908919321143,0.0,17.31861932898859,17.931147895483996,18.825452798077606,80.13372736044883,81.81965766743073,83.77555848291192,86.43205203645199,89.75337180425515,92.09441964656851,80.47534133855606,85.20460608056406,90.53424678139935,94.24269868383846,104.9093218706796,110.67337942397488,114.72671762979562,122.38257541101451,128.04976273690625,133.79975699110068,142.4035600143554,147.58406325208028,152.73391913195823,154.39133070869406,156.0257524008975,161.5021671295875,164.1681311971662,167.15622827110258,34.41375708664728,42.269912210929085,43.35877991156537,57.38568364988012,58.740393776036534,61.866528593998765,164.56733165345307,168.4395160632917,43.08038415213858,44.556921696826116,45.42594143512878,51.03491116333115,77.43217416583256,80.36780867986867,128.18296718232386,130.73710234364975,133.5535311804163,138.17537278247366,141.6774533007919,146.30783063287785,148.97525202204827,157.0317857045251,44.81640571862754,47.29131859007921,48.05946361880813,142.30767890738005,147.78532833099794,151.3284117942909,154.48495218971175,155.92924386649068,157.00457511305166,58.2035390319054,59.54605420872834,60.289996410784404,60.8549070231825,63.55126994385916,65.91572717544528,54.14717858967222,57.70623928036012,129.6278761174364,132.08653668405373,67.4490444514304,108.49875940356577,109.59219857821722,115.1716965701824,120.82139087586135,102.33319602212416,104.49777539972075,105.49616240922785,92.84530913496674,93.76139046323405,97.840412895141,105.41027636815028,129.03662383630024,134.03451229043765,136.29662767211028,138.91717456159728,141.8844323865933,143.927598801744,145.14408883458438,146.75345703359915,152.34404492755093,157.02827869626913,162.76730056414868,167.22109018648155,101.97918299642902,127.29541913013419,133.43659247079148,139.03507466081362,141.53100048798106,143.27088144506052,149.09026763851563,153.17043968470682,156.61026891043826,157.1346179177211,159.9440166313672,161.6389947255641,139.1793383727966,145.94342088407245,150.87920285637946,125.05440816766485,131.375131623093,136.92754749368484,139.9796585663688,146.10240386566065,146.66401316045554,121.78298105530514,127.96508441904794,128.92857442937498,129.40802202818008,122.79568473015014,127.98611342150113,131.42646354903175,136.87356167555748,140.71451442194737,121.13725914339169,124.25120872551406,125.42525914085648,126.56121336528632,126.94888461776706,128.05291133845822,129.00677820547898,129.48783745338926,134.61979051117626,140.8654836672639,169.62233287303994
69,170.6090574380645,170.54104273377197,165.65180956281358,159.87030759533144,156.35503321059278,154.51625453984417,142.54861458870926,135.5324938656886,135.17313332250112,130.07080493244231,123.61704687995847,117.59211161059665,111.44722747824717,104.67445005683433,99.29883920782378,90.87879942169448,85.63673589670739,55.71630207632306,53.008611178159065,50.37653405162955,46.11691963245966,40.77646365941765,39.82126211000517,33.53634771122454,39.924990334052815,49.07210909042076,55.19301602955009,58.10770723957617,60.640544567196386,66.86009624338041,69.74708833203277,73.79252133666459,76.80834979782504,81.90295044881978,88.31427792555834,91.74244106581625,92.71211844642518,50.51378669890593,56.50871964265102,64.36085451158955,67.41861905451955,75.23044534547097,80.93264448264604,82.37024700072953,84.6910994303338,88.08710576130552,93.6494686584923,96.32690978763034,100.46137831453922,102.49135910262564,106.22425677065782,106.75477444237103,110.53966281589017,112.38155667819605,112.66627935028242,91.35281850276549,94.68584160499566,96.4316766487498,83.33879819916447,88.59788081878551,95.98855568648199,27.23905298104761,22.52998305717783,19.308239542806902,16.06001626763212,6.705647321206949,12.973854328973044,16.822528437056473,17.318619328988586,0.0,0.6125285664954072,1.5068334690890173,76.22640267387415,77.91233298085605,79.86823379633724,82.52472734987731,85.84604711768046,88.18709495999381,76.56801665198138,81.29728139398938,86.62692209482466,90.33537399726376,101.00199718410491,106.76605473740018,110.81939294322092,118.47525072443982,124.14243805033155,129.89243230452598,138.4962353277807,143.6767385655056,148.82659444538353,150.48400602211936,152.1184277143228,157.5948424430128,160.2608065105915,163.24890358452788,30.50643240007259,38.362587524354396,39.45145522499068,53.47835896330543,54.833069089461844,57.959203907424076,160.66000696687837,164.532191376717,39.17305946556389,40.649597010251426,41.51861674855409,47.12758647675646,73.52484947925788,76.46048399329399,124.27564249574917,126.82977765707506,129.6462064938416,134.26804809589896,137.7701286142172,142.40050594630316,145.06792733547357,153.1244610179504,40.90908103205285,43.38399390350452,44.15213893223344,138.40035422080535,143.87800364442325,147.4210871077162,150.57762750313705,152.02191917991598,153.09725042647696,54.29621434533071,55.63872952215365,56.382671724209715,56.94758233660781,59.64394525728447,62.0084024888706,50.23985390309753,53.79891459378543,125.72055143086169,128.17921199747903,63.54171976485571,104.59143471699107,105.68487389164252,111.26437188360771,116.91406618928666,98.42587133554946,100.59045071314605,101.58883772265315,88.93798444839204,89.85406577665935,93.9330882085663,101.50295168157558,125.12929914972555,130.12718760386298,132.3893029855356,135.0098498750226,137.97710770001862,140.02027411516934,141.2367641480097,142.84613234702448,148.43672024097626,153.12095400969446,158.85997587757402,163.31376549990688,98.07185830985432,123.3880944435595,129.52926778421678,135.12774997423892,137.62367580140636,139.36355675848583,145.18294295194093,149.26311499813212,152.7029442238636,153.22729323114643,156.0366919447925,157.7316700389894,135.2720136862219,142.03609619749776,146.97187816980477,121.14708348109015,127.46780693651831,133.02022280711014,136.07233387979412,142.19507917908595,142.75668847388084,117.87565636873045,124.05775973247324,125.0212497428003,125.5006973416054,118.88836004357545,124.07878873492643,127.51913886245707,132.96623698898279,136.80718973537267,117.22993445681699,120.34388403893936,121.51793445428179,122.65388867871162,123.04155993119237,124.14558665188352,125.09945351890428,125.58051276681456,130.71246582460157,136.9581589806892,165.71500818646524
70,171.22158600455992,171.1535713002674,166.264338129309,160.48283616182687,156.9675617770882,155.1287831063396,143.16114315520468,136.14502243218402,135.78566188899654,130.68333349893774,124.2295754464539,118.20464017709207,112.0597560447426,105.28697862332976,99.91136777431919,91.4913279881899,86.2492644632028,56.32883064281847,53.62113974465447,50.989062618124954,46.72944819895507,41.38899222591306,40.43379067650058,34.14887627771995,40.53751890054822,49.684637656916166,55.80554459604549,58.72023580607158,61.25307313369179,67.47262480987581,70.35961689852817,74.40504990315999,77.42087836432044,82.51547901531518,88.92680649205374,92.35496963231165,93.32464701292058,51.12631526540134,57.12124820914643,64.97338307808495,68.03114762101495,75.84297391196637,81.54517304914144,82.98277556722493,85.30362799682919,88.69963432780092,94.2619972249877,96.93943835412574,101.07390688103462,103.10388766912104,106.83678533715322,107.36730300886643,111.15219138238557,112.99408524469145,113.27880791677782,91.96534706926089,95.29837017149106,97.0442052152452,83.95132676565987,89.21040938528091,96.60108425297739,27.851581547543017,23.142511623673236,19.92076810930231,16.672544834127525,7.318175887702356,13.58638289546845,17.43505700355188,17.931147895483992,0.6125285664954072,0.0,0.89430490259361,76.83893124036955,78.52486154735145,80.48076236283264,83.13725591637271,86.45857568417586,88.79962352648921,77.18054521847678,81.90980996048478,87.23945066132006,90.94790256375917,101.61452575060032,107.3785833038956,111.43192150971633,119.08777929093523,124.75496661682696,130.50496087102138,139.1087638942761,144.289267132001,149.43912301187893,151.09653458861476,152.7309562808182,158.2073710095082,160.8733350770869,163.86143215102328,31.118960966567997,38.9751160908498,40.06398379148609,54.09088752980084,55.44559765595725,58.57173247391948,161.27253553337377,165.1447199432124,39.785588032059295,41.26212557674683,42.131145315049494,47.74011504325187,74.13737804575328,77.07301255978939,124.88817106224458,127.44230622357047,130.25873506033702,134.8805766623944,138.38265718071264,143.01303451279858,145.680455901969,153.73698958444584,41.52160959854826,43.996522469999924,44.76466749872885,139.01288278730075,144.49053221091864,148.0336156742116,151.19015606963245,152.63444774641138,153.70977899297236,54.90874291182612,56.25125808864906,56.99520029070512,57.560110903103215,60.25647382377988,62.62093105536601,50.85238246959294,54.41144316028084,126.3330799973571,128.79174056397446,64.15424833135111,105.20396328348649,106.29740245813794,111.87690045010312,117.52659475578207,99.03839990204487,101.20297927964147,102.20136628914857,89.55051301488746,90.46659434315477,94.54561677506172,102.115480248071,125.74182771622098,130.7397161703584,133.00183155203104,135.62237844151804,138.58963626651405,140.63280268166477,141.84929271450514,143.4586609135199,149.04924880747168,153.73348257618989,159.47250444406944,163.9262940664023,98.68438687634972,124.00062301005492,130.1417963507122,135.74027854073435,138.2362043679018,139.97608532498126,145.79547151843636,149.87564356462755,153.31547279035902,153.83982179764186,156.64922051128792,158.34419860548482,135.88454225271732,142.64862476399318,147.5844067363002,121.75961204758558,128.08033550301374,133.63275137360557,136.68486244628954,142.80760774558138,143.36921704037627,118.48818493522587,124.67028829896867,125.63377830929572,126.11322590810083,119.50088861007087,124.69131730142186,128.13166742895248,133.5787655554782,137.4197183018681,117.84246302331242,120.95641260543479,122.13046302077721,123.26641724520705,123.6540884976878,124.75811521837895,125.71198208539971,126.19304133330999,131.324994391097,137.57068754718463,166.32753675296067
71,172.11589090715353,172.047876202861,167.1586430319026,161.37714106442047,157.8618666796818,156.0230880089332,144.0554480577983,137.03932733477762,136.67996679159015,131.57763840153135,125.1238803490475,119.09894507968568,112.9540609473362,106.18128352592336,100.80567267691279,92.3856328907835,87.14356936579641,57.22313554541208,54.51544464724808,51.883367520718565,47.62375310154868,42.28329712850667,41.32809557909419,35.04318118031356,41.43182380314183,50.57894255950978,56.699849498639104,59.61454070866519,62.1473780362854,68.36692971246943,71.25392180112179,75.29935480575361,78.31518326691406,83.4097839179088,89.82111139464736,93.24927453490527,94.2189519155142,52.02062016799495,58.01555311174004,65.86768798067857,68.92545252360857,76.73727881455999,82.43947795173506,83.87708046981855,86.19793289942281,89.59393923039454,95.15630212758131,97.83374325671936,101.96821178362823,103.99819257171465,107.73109023974683,108.26160791146005,112.04649628497918,113.88839014728507,114.17311281937144,92.8596519718545,96.19267507408468,97.93851011783882,84.84563166825347,90.10471428787451,97.49538915557099,28.745886450136627,24.036816526266847,20.81507301189592,17.566849736721135,8.212480790295967,14.48068779806206,18.32936190614549,18.825452798077603,1.5068334690890173,0.89430490259361,0.0,77.73323614296316,79.41916644994507,81.37506726542625,84.03156081896633,87.35288058676949,89.69392842908285,78.0748501210704,82.8041148630784,88.13375556391368,91.84220746635278,102.50883065319393,108.2728882064892,112.32622641230994,119.98208419352883,125.64927151942057,131.39926577361499,140.0030687968697,145.1835720345946,150.33342791447254,151.99083949120836,153.6252611834118,159.1016759121018,161.7676399796805,164.75573705361688,32.01326586916161,39.86942099344341,40.9582886940797,54.98519243239445,56.33990255855086,59.46603737651309,162.16684043596737,166.039024845806,40.679892934652905,42.15643047934044,43.025450217643105,48.63441994584548,75.0316829483469,77.96731746238301,125.78247596483818,128.33661112616406,131.1530399629306,135.77488156498796,139.27696208330622,143.90733941539216,146.57476080456257,154.6312944870394,42.41591450114187,44.890827372593535,45.65897240132246,139.90718768989436,145.38483711351225,148.9279205768052,152.08446097222605,153.52875264900499,154.60408389556596,55.80304781441973,57.14556299124267,57.88950519329873,58.454415805696826,61.15077872637349,63.51523595795962,51.74668737218655,55.30574806287445,127.2273848999507,129.68604546656806,65.04855323394473,106.09826818608009,107.19170736073154,112.77120535269673,118.42089965837567,99.93270480463848,102.09728418223507,103.09567119174217,90.44481791748106,91.36089924574837,95.43992167765532,103.0097851506646,126.63613261881459,131.634021072952,133.89613645462464,136.51668334411164,139.48394116910765,141.52710758425837,142.74359761709874,144.3529658161135,149.9435537100653,154.6277874787835,160.36680934666305,164.8205989689959,99.57869177894332,124.89492791264853,131.03610125330582,136.63458344332795,139.1305092704954,140.87039022757486,146.68977642102996,150.76994846722116,154.20977769295263,154.73412670023546,157.54352541388153,159.23850350807842,136.77884715531093,143.5429296665868,148.4787116388938,122.65391695017918,128.97464040560735,134.52705627619918,137.57916734888315,143.70191264817498,144.26352194296987,119.38248983781948,125.56459320156227,126.52808321188932,127.00753081069443,120.39519351266448,125.58562220401546,129.0259723315461,134.47307045807182,138.3140232044617,118.73676792590602,121.8507175080284,123.02476792337082,124.16072214780066,124.5483934002814,125.65242012097255,126.60628698799331,127.0873462359036,132.2192992936906,138.46499244977824,167.22184165555427
72,154.60162084701932,154.5336061427268,149.6443729717684,143.86287100428626,140.3475966195476,138.508817948799,126.54117799766408,119.5250572746434,119.16569673145592,114.06336834139714,107.60961028891329,101.58467501955147,95.439790887202,88.66701346578915,83.29140261677858,74.87136283064929,69.6292993056622,39.70886548527787,37.00117458711387,34.369097460584356,30.109483041414475,35.44993901445649,36.40514056386897,42.6900549626496,49.07869758547787,58.225816341845814,64.34672328097514,67.26141449100123,69.79425181862145,76.01380349480547,78.90079558345784,82.94622858808965,85.9620570492501,91.05665770024484,97.4679851769834,100.89614831724131,101.86582569785024,25.712615974968205,19.717683031223114,11.86554816228459,8.807783619354595,0.9959573284031824,6.698156465578251,8.135758983661745,10.456611413265998,13.852617744237724,19.414980641424492,22.09242177056253,26.2268902974714,28.256871085557826,31.989768753590006,32.52028642530321,36.30517479882234,38.147068661128216,38.43179133321459,17.11833048569769,20.451353587927855,22.197188631681996,9.104310182096679,14.363392801717719,21.7540676694142,48.987349692826534,53.69641961669631,56.91816313106724,60.166386406242026,69.5207553526672,75.78896236043329,79.63763646851672,80.13372736044883,76.22640267387415,76.83893124036956,77.73323614296316,0.0,1.6859303069818987,3.641831122463086,6.2983246760031655,9.619644443806319,11.960692286119674,2.333528634913599,7.062793376921599,12.392434077756882,74.32793740621857,84.99456059305972,90.75861814635499,94.81195635217573,102.46781413339463,108.13500145928636,113.88499571348078,122.4887987367355,127.66930197446037,132.81915785433833,134.47656943107415,136.11099112327759,141.5874058519676,144.2533699195463,147.24146699348267,61.67286895959107,69.52902408387288,70.61789178450917,62.632066214730486,63.9867763408869,67.11291115884913,144.65257037583316,148.5247547856718,48.32676671698894,49.80330426167648,50.67232399997914,56.28129372818152,14.914014044092928,17.84964855812904,108.26820590470398,110.82234106602986,113.6387699027964,118.26061150485377,121.76269202317201,126.39306935525794,129.06049074442836,137.1170244269052,50.06278828347791,52.53770115492957,53.305846183658495,122.39291762976015,127.87056705337804,131.413650516671,134.57019091209185,136.01448258887078,137.08981383543176,38.28877775428552,39.63129293110846,40.37523513316452,40.94014574556262,43.63650866623928,46.00096589782541,34.23241731205235,37.79147800274025,109.7131148398165,112.17177540643385,47.53428317381052,88.58399812594588,89.67743730059733,95.25693529256252,100.90662959824147,82.41843474450427,84.58301412210086,85.58140113160796,72.93054785734685,73.84662918561416,77.92565161752111,85.49551509053039,109.12186255868038,114.1197510128178,116.38186639449043,119.00241328397743,121.96967110897344,124.01283752412418,125.22932755696455,126.8386957559793,132.42928364993108,137.11351741864928,142.85253928652884,147.3063289088617,82.06442171880911,107.38065785251432,113.52183119317161,119.12031338319375,121.61623921036119,123.35612016744066,129.17550636089578,133.25567840708698,136.69550763281842,137.21985664010126,140.02925535374735,141.72423344794424,119.26457709517672,126.02865960645259,130.9644415787596,105.13964689004497,111.46037034547314,117.01278621606497,120.06489728874894,126.18764258804076,126.74925188283564,101.86821977768527,108.05032314142807,109.01381315175512,109.49326075056022,102.88092345253027,108.07135214388126,111.51170227141189,116.95880039793762,120.79975314432751,101.22249786577181,104.33644744789419,105.51049786323661,106.64645208766645,107.03412334014719,108.13815006083834,109.0920169278591,109.57307617576939,114.70502923355637,120.95072238964401,149.70757159542006
73,156.28755115400122,156.2195364497087,151.3303032787503,145.54880131126816,142.0335269265295,140.1947482557809,128.22710830464598,121.2109875816253,120.85162703843783,115.74929864837904,109.29554059589519,103.27060532653337,97.1257211941839,90.35294377277106,84.97733292376049,76.55729313763119,71.3152296126441,41.39479579225977,38.687104894095775,36.05502776756626,31.795413348396373,37.135869321438385,38.091070870850864,44.37598526963149,50.764627892459764,59.91174664882771,66.03265358795704,68.94734479798313,71.48018212560335,77.69973380178737,80.58672589043974,84.63215889507156,87.64798735623201,92.74258800722674,99.1539154839653,102.58207862422321,103.55175600483214,27.398546281950104,21.403613338205012,13.551478469266488,10.493713926336493,2.681887635385081,8.38408677256015,9.821689290643643,12.142541720247896,15.538548051219623,21.10091094840639,23.778352077544433,27.9128206044533,29.942801392539728,33.67569906057191,34.206216732285114,37.991105105804245,39.83299896811012,40.11772164019649,18.80426079267959,22.137283894909753,23.88311893866389,10.790240489078577,16.049323108699618,23.4399979763961,50.67327999980843,55.382349923678206,58.604093438049134,61.852316713223914,71.20668565964908,77.47489266741518,81.3235667754986,81.81965766743072,77.91233298085604,78.52486154735145,79.41916644994505,1.6859303069818987,0.0,1.9559008154811874,4.612394369021266,7.9337141368244195,10.274761979137773,4.019458941895498,8.7487236839035,14.078364384738782,76.01386771320047,86.68049090004162,92.44454845333689,96.49788665915763,104.15374444037653,109.82093176626826,115.57092602046268,124.1747290437174,129.35523228144228,134.50508816132023,136.16249973805606,137.7969214302595,143.2733361589495,145.9393002265282,148.92739730046458,63.358799266572966,71.21495439085477,72.30382209149106,64.31799652171237,65.67270664786878,68.79884146583102,146.33850068281507,150.2106850926537,50.01269702397084,51.489234568658375,52.35825430696104,57.96722403516341,16.599944351074825,19.535578865110935,109.95413621168588,112.50827137301177,115.3247002097783,119.94654181183567,123.44862233015391,128.07899966223985,130.74642105141027,138.8029547338871,51.7487185904598,54.22363146191147,54.99177649064039,124.07884793674205,129.55649736035994,133.0995808236529,136.25612121907375,137.70041289585268,138.77574414241366,39.97470806126742,41.317223238090364,42.061165440146425,42.62607605254452,45.32243897322118,47.68689620480731,35.91834761903424,39.47740830972214,111.3990451467984,113.85770571341575,49.220213480792424,90.26992843292778,91.36336760757924,96.94286559954442,102.59255990522337,84.10436505148617,86.26894442908277,87.26733143858986,74.61647816432875,75.53255949259606,79.61158192450301,87.18144539751229,110.80779286566228,115.8056813197997,118.06779670147233,120.68834359095933,123.65560141595535,125.69876783110608,126.91525786394645,128.5246260629612,134.11521395691298,138.79944772563118,144.53846959351074,148.9922592158436,83.75035202579102,109.06658815949622,115.20776150015351,120.80624369017565,123.30216951734309,125.04205047442257,130.86143666787768,134.94160871406888,138.38143793980032,138.90578694708316,141.71518566072925,143.41016375492615,120.95050740215862,127.7145899134345,132.6503718857415,106.82557719702687,113.14630065245504,118.69871652304687,121.75082759573084,127.87357289502266,128.43518218981754,103.55415008466717,109.73625344840997,110.69974345873702,111.17919105754213,104.56685375951217,109.75728245086316,113.1976325783938,118.64473070491952,122.48568345130941,102.90842817275372,106.02237775487609,107.19642817021851,108.33238239464835,108.72005364712909,109.82408036782024,110.77794723484101,111.25900648275129,116.39095954053828,122.63665269662592,151.39350190240197
74,158.2434519694824,158.17543726518988,153.2862040942315,147.50470212674935,143.9894277420107,142.15064907126208,130.18300912012717,123.16688839710649,122.80752785391901,117.70519946386023,111.25144141137638,105.22650614201456,99.08162200966508,92.30884458825224,86.93323373924167,78.51319395311238,73.27113042812529,43.35069660774096,40.64300570957696,38.010928583047445,33.75131416387756,39.09177013691957,40.04697168633205,46.33188608511268,52.72052870794095,61.867647464308895,67.98855440343823,70.90324561346432,73.43608294108454,79.65563461726856,82.54262670592092,86.58805971055274,89.6038881717132,94.69848882270793,101.10981629944649,104.5379794397044,105.50765682031333,29.354447097431294,23.359514153686202,15.507379284747678,12.449614741817681,4.637788450866268,10.339987588041335,11.77759010612483,14.098442535729083,17.494448866700807,23.056811763887573,25.734252893025612,29.86872141993448,31.898702208020907,35.63159987605309,36.16211754776629,39.947005921285424,41.7888997835913,42.07362245567767,20.760161608160775,24.09318471039094,25.839019754145077,12.746141304559764,18.005223924180804,25.395898791877286,52.629180815289615,57.33825073915939,60.55999425353032,63.8082175287051,73.16258647513027,79.43079348289636,83.27946759097979,83.7755584829119,79.86823379633722,80.48076236283264,81.37506726542624,3.641831122463086,1.9559008154811874,0.0,2.656493553540079,5.977813321343232,8.318861163656587,5.975359757376685,10.704624499384686,16.03426520021997,77.96976852868166,88.6363917155228,94.40044926881808,98.45378747463882,106.10964525585771,111.77683258174945,117.52682683594387,126.13062985919859,131.31113309692347,136.46098897680142,138.11840055353724,139.75282224574067,145.22923697443068,147.89520104200938,150.88329811594576,65.31470008205416,73.17085520633597,74.25972290697226,66.27389733719356,67.62860746334997,70.7547422813122,148.29440149829625,152.1665859081349,51.96859783945202,53.44513538413956,54.31415512244222,59.9231248506446,18.555845166556015,21.491479680592125,111.91003702716706,114.46417218849295,117.28060102525949,121.90244262731686,125.4045231456351,130.03490047772104,132.70232186689145,140.7588555493683,53.70461940594099,56.17953227739265,56.94767730612158,126.03474875222324,131.51239817584113,135.0554816391341,138.21202203455493,139.65631371133387,140.73164495789484,41.93060887674861,43.27312405357155,44.01706625562761,44.581976868025706,47.27833978870237,49.6427970202885,37.87424843451543,41.43330912520333,113.35494596227959,115.81360652889694,51.17611429627361,92.22582924840897,93.31926842306042,98.8987664150256,104.54846072070455,86.06026586696736,88.22484524456395,89.22323225407105,76.57237897980994,77.48846030807725,81.5674827399842,89.13734621299348,112.76369368114347,117.76158213528089,120.02369751695352,122.64424440644052,125.61150223143653,127.65466864658727,128.87115867942765,130.48052687844242,136.0711147723942,140.7553485411124,146.49437040899198,150.94816003132485,85.7062528412722,111.0224889749774,117.1636623156347,122.76214450565683,125.25807033282427,126.99795128990375,132.81733748335887,136.89750952955006,140.3373387552815,140.86168776256434,143.67108647621043,145.36606457040733,122.90640821763981,129.67049072891567,134.60627270122268,108.78147801250806,115.10220146793623,120.65461733852806,123.70672841121203,129.82947371050386,130.39108300529875,105.51005090014836,111.69215426389115,112.6556442742182,113.13509187302331,106.52275457499336,111.71318326634434,115.15353339387498,120.60063152040071,124.4415842667906,104.8643289882349,107.97827857035728,109.1523289856997,110.28828321012953,110.67595446261028,111.77998118330143,112.7338480503222,113.21490729823248,118.34686035601946,124.5925535121071,153.34940271788315
75,160.8999455230225,160.83193081872997,155.94269764777158,150.16119568028944,146.64592129555078,144.80714262480217,132.83950267366725,125.82338195064658,125.4640214074591,120.36169301740031,113.90793496491646,107.88299969555464,101.73811556320517,94.96533814179233,89.58972729278176,81.16968750665247,75.92762398166538,46.00719016128104,43.29949926311704,40.667422136587525,36.40780771741764,41.74826369045965,42.70346523987213,48.98837963865276,55.37702226148103,64.52414101784898,70.6450479569783,73.5597391670044,76.09257649462461,82.31212817080863,85.199120259461,89.24455326409281,92.26038172525327,97.354982376248,103.76630985298657,107.19447299324447,108.1641503738534,32.01094065097137,26.01600770722628,18.163872838287755,15.10610829535776,7.294282004406347,12.996481141581416,14.43408365966491,16.754936089269165,20.15094242024089,25.71330531742766,28.3907464465657,32.52521497347457,34.555195761560995,38.288093429593175,38.81861110130638,42.60349947482551,44.445393337131385,44.73011600921776,23.41665516170086,26.749678263931024,28.495513307685165,15.402634858099844,20.661717477720885,28.052392345417367,55.285674368829696,59.99474429269947,63.2164878070704,66.46471108224519,75.81908002867036,82.08728703643645,85.93596114451988,86.43205203645199,82.52472734987731,83.13725591637272,84.03156081896633,6.298324676003165,4.612394369021266,2.656493553540079,0.0,3.3213197678031534,5.662367610116508,8.631853310916764,13.361118052924764,18.690758753760047,80.62626208222174,91.2928852690629,97.05694282235817,101.1102810281789,108.7661388093978,114.43332613528953,120.18332038948395,128.78712341273868,133.96762665046356,139.1174825303415,140.77489410707733,142.40931579928076,147.88573052797076,150.55169459554946,153.53979166948585,67.97119363559423,75.82734875987605,76.91621646051233,68.93039089073365,70.28510101689005,73.41123583485229,150.95089505183634,154.82307946167498,54.625091392992104,56.10162893767964,56.970648675982304,62.57961840418468,21.212338720096092,24.147973234132202,114.56653058070715,117.12066574203304,119.93709457879957,124.55893618085695,128.06101669917518,132.69139403126113,135.35881542043154,143.41534910290838,56.36111295948107,58.83602583093273,59.60417085966166,128.69124230576332,134.16889172938122,137.71197519267417,140.86851558809502,142.31280726487395,143.38813851143493,44.58710243028869,45.92961760711163,46.67355980916769,47.238470421565786,49.93483334224245,52.29929057382858,40.53074198805551,44.08980267874341,116.01143951581967,118.47010008243703,53.83260784981369,94.88232280194906,95.97576197660051,101.5552599685657,107.20495427424464,88.71675942050744,90.88133879810404,91.87972580761114,79.22887253335003,80.14495386161734,84.22397629352429,91.79383976653357,115.42018723468355,120.41807568882098,122.6801910704936,125.30073795998061,128.26799578497662,130.31116220012734,131.5276522329677,133.13702043198248,138.72760832593426,143.41184209465246,149.15086396253201,153.60465358486488,88.36274639481229,113.6789825285175,119.82015586917478,125.41863805919692,127.91456388636436,129.65444484344383,135.47383103689893,139.55400308309012,142.9938323088216,143.51818131610443,146.3275800297505,148.0225581239474,125.5629017711799,132.32698428245575,137.26276625476277,111.43797156604815,117.75869502147631,123.31111089206814,126.36322196475211,132.48596726404395,133.04757655883884,108.16654445368845,114.34864781743124,115.31213782775829,115.7915854265634,109.17924812853344,114.36967681988443,117.81002694741507,123.2571250739408,127.09807782033069,107.52082254177499,110.63477212389736,111.80882253923978,112.94477676366962,113.33244801615037,114.43647473684152,115.39034160386228,115.87140085177256,121.00335390955955,127.24904706564719,156.00589627142324
76,164.22126529082564,164.15325058653312,159.26401741557473,153.48251544809258,149.96724106335392,148.12846239260531,136.1608224414704,129.14470171844974,128.78534117526226,123.68301278520346,117.22925473271961,111.20431946335779,105.05943533100832,98.28665790959548,92.9110470605849,84.49100727445561,79.24894374946852,49.32850992908419,46.620819030920195,43.98874190439068,39.72912748522079,45.069583458262805,46.024785007675284,52.30969940645591,58.698342029284184,67.84546078565214,73.96636772478146,76.88105893480756,79.41389626242777,85.6334479386118,88.52044002726416,92.56587303189598,95.58170149305643,100.67630214405116,107.08762962078973,110.51579276104763,111.48547014165656,35.332260418774524,29.337327475029433,21.48519260609091,18.427428063160914,10.615601772209502,16.31780090938457,17.755403427468064,20.07625585707232,23.472262188044045,29.034625085230815,31.712066214368853,35.84653474127772,37.87651552936415,41.60941319739633,42.139930869109534,45.924819242628665,47.76671310493454,48.05143577702091,26.737974929504013,30.070998031734177,31.81683307548832,18.723954625902998,23.983037245524038,31.37371211322052,58.60699413663285,63.316064060502626,66.53780757487355,69.78603085004833,79.1403997964735,85.4086068042396,89.25728091232303,89.75337180425514,85.84604711768046,86.45857568417587,87.35288058676947,9.619644443806319,7.9337141368244195,5.977813321343232,3.3213197678031534,0.0,2.3410478423133543,11.953173078719917,16.68243782072792,22.012078521563204,83.94758185002489,94.61420503686604,100.37826259016131,104.43160079598205,112.08745857720095,117.75464590309268,123.5046401572871,132.10844318054183,137.2889464182667,142.43880229814465,144.09621387488048,145.7306355670839,151.2070502957739,153.8730143633526,156.861111437289,71.2925134033974,79.1486685276792,80.23753622831549,72.25171065853681,73.60642078469321,76.73255560265545,154.2722148196395,158.14439922947813,57.94641116079526,59.422948705482796,60.29196844378546,65.90093817198783,24.533658487899245,27.469293001935355,117.8878503485103,120.44198550983619,123.25841434660272,127.88025594866009,131.38233646697833,136.01271379906427,138.6801351882347,146.73666887071153,59.68243272728422,62.15734559873589,62.92549062746481,132.01256207356647,137.49021149718436,141.03329496047732,144.18983535589817,145.6341270326771,146.70945827923808,47.90842219809184,49.250937374914784,49.994879576970845,50.55979018936894,53.2561531100456,55.62061034163173,43.852061755858664,47.411122446546564,119.33275928362282,121.79141985024017,57.153927617616844,98.2036425697522,99.29708174440366,104.87657973636884,110.52627404204779,92.03807918831059,94.20265856590719,95.20104557541428,82.55019230115317,83.46627362942048,87.54529606132743,95.11515953433671,118.7415070024867,123.73939545662412,126.00151083829675,128.62205772778375,131.58931555277977,133.6324819679305,134.84897200077086,136.45834019978562,142.0489280937374,146.7331618624556,152.4721837303352,156.92597335266805,91.68406616261544,117.00030229632064,123.14147563697793,128.73995782700007,131.2358836541675,132.97576461124697,138.79515080470208,142.87532285089327,146.3151520766247,146.83950108390755,149.64889979755364,151.34387789175054,128.88422153898304,135.6483040502589,140.5840860225659,114.7592913338513,121.08001478927946,126.63243065987129,129.68454173255526,135.8072870318471,136.368896326642,111.48786422149159,117.66996758523439,118.63345759556144,119.11290519436655,112.50056789633659,117.69099658768758,121.13134671521821,126.57844484174394,130.41939758813385,110.84214230957814,113.95609189170051,115.13014230704293,116.26609653147277,116.65376778395351,117.75779450464466,118.71166137166543,119.19272061957571,124.3246736773627,130.57036683345032,159.32721603922639
77,166.56231313313899,166.49429842884646,161.60506525788807,155.82356329040593,152.30828890566727,150.46951023491866,138.50187028378375,131.48574956076308,131.1263890175756,126.0240606275168,119.57030257503295,113.54536730567114,107.40048317332166,100.62770575190882,95.25209490289826,86.83205511676897,81.58999159178188,51.66955777139754,48.96186687323355,46.32978974670403,42.070175327534145,47.410631300576156,48.365832849988635,54.650747248769264,61.039389871597535,70.18650862796548,76.30741556709481,79.2221067771209,81.75494410474111,87.97449578092514,90.8614878695775,94.90692087420932,97.92274933536977,103.01734998636451,109.42867746310307,112.85684060336098,113.82651798396991,37.673308261087875,31.678375317342788,23.826240448404263,20.76847590547427,12.956649614522856,18.658848751697924,20.09645126978142,22.417303699385673,25.8133100303574,31.375672927544166,34.053114056682205,38.18758258359107,40.2175633716775,43.95046103970968,44.480978711422885,48.265867084942016,50.10776094724789,50.392483619334264,29.079022771817367,32.412045874047536,34.15788091780168,21.065002468216353,26.324085087837393,33.71475995553388,60.9480419789462,65.65711190281598,68.87885541718691,72.12707869236169,81.48144763878686,87.74965464655295,91.59832875463638,92.0944196465685,88.18709495999381,88.79962352648923,89.69392842908283,11.960692286119674,10.274761979137775,8.318861163656587,5.662367610116508,2.3410478423133543,0.0,14.294220921033272,19.02348566304127,24.353126363876555,86.28862969233825,96.9552528791794,102.71931043247467,106.77264863829541,114.4285064195143,120.09569374540604,125.84568799960046,134.44949102285517,139.62999426058005,144.779850140458,146.43726171719382,148.07168340939725,153.54809813808725,156.21406220566595,159.20215927960234,73.63356124571075,81.48971636999256,82.57858407062885,74.59275850085015,75.94746862700656,79.0736034449688,156.61326266195283,160.48544707179147,60.28745900310861,61.76399654779615,62.63301628609881,68.24198601430119,26.874706330212604,29.810340844248714,120.22889819082366,122.78303335214954,125.59946218891608,130.22130379097345,133.7233843092917,138.35376164137764,141.02118303054806,149.0777167130249,62.023480569597574,64.49839344104923,65.26653846977815,134.35360991587984,139.83125933949773,143.3743428027907,146.53088319821154,147.97517487499047,149.05050612155145,50.24947004040519,51.591985217228135,52.3359274192842,52.90083803168229,55.59720095235895,57.96165818394508,46.193109598172015,49.752170288859915,121.67380712593618,124.13246769255353,59.494975459930195,100.54469041206556,101.63812958671701,107.2176275786822,112.86732188436115,94.37912703062395,96.54370640822054,97.54209341772764,84.89124014346653,85.80732147173384,89.88634390364079,97.45620737665007,121.08255484480004,126.08044329893747,128.3425586806101,130.9631055700971,133.9303633950931,135.97352981024383,137.1900198430842,138.79938804209897,144.38997593605075,149.07420970476895,154.81323157264853,159.2670211949814,94.02511400492881,119.34135013863398,125.48252347929127,131.0810056693134,133.57693149648085,135.31681245356032,141.13619864701542,145.2163706932066,148.65619991893806,149.1805489262209,151.98994763986698,153.68492573406388,131.22526938129639,137.98935189257224,142.92513386487926,117.10033917616464,123.4210626315928,128.97347850218463,132.0255895748686,138.14833487416044,138.70994416895533,113.82891206380494,120.01101542754773,120.97450543787478,121.45395303667989,114.84161573864993,120.03204443000092,123.47239455753156,128.91949268405727,132.76044543044716,113.18319015189148,116.29713973401385,117.47119014935627,118.60714437378611,118.99481562626686,120.09884234695801,121.05270921397877,121.53376846188905,126.66572151967604,132.91141467576367,161.66826388153973
78,154.94323482512655,154.87522012083403,149.98598694987564,144.2044849823935,140.68921059765484,138.85043192690623,126.88279197577131,119.86667125275063,119.50731070956316,114.40498231950437,107.95122426702052,101.9262889976587,95.78140486530923,89.00862744389639,83.63301659488583,75.21297680875654,69.97091328376945,40.05047946338511,37.34278856522111,34.7107114386916,30.45109701952171,35.79155299256372,36.7467545419762,43.03166894075683,49.4203115635851,58.56743031995305,64.68833725908237,67.60302846910847,70.13586579672868,76.3554174729127,79.24240956156507,83.28784256619689,86.30367102735734,91.39827167835207,97.80959915509064,101.23776229534855,102.20743967595747,26.054229953075442,20.05929700933035,12.207162140391826,9.14939759746183,1.3375713065104164,7.039770443685485,8.47737296176898,10.798225391373233,14.19423172234496,19.756594619531725,22.434035748669764,26.568504275578633,28.59848506366506,32.33138273169724,32.861900403410445,36.646788776929576,38.48868263923545,38.773405311321824,17.459944463804927,20.79296756603509,22.53880260978923,9.445924160203912,14.705006779824952,22.095681647521435,49.32896367093377,54.038033594803544,57.25977710917447,60.50800038434926,69.86236933077443,76.13057633854052,79.97925044662395,80.47534133855606,76.56801665198138,77.1805452184768,78.0748501210704,2.333528634913599,4.019458941895498,5.975359757376685,8.631853310916764,11.953173078719917,14.294220921033272,0.0,4.7292647420080005,10.058905442843283,74.66955138432581,85.33617457116696,91.10023212446224,95.15357033028297,102.80942811150187,108.4766154373936,114.22660969158802,122.83041271484275,128.01091595256761,133.16077183244556,134.8181834091814,136.45260510138482,141.92901983007482,144.59498389765352,147.5830809715899,62.014482937698304,69.87063806198012,70.9595057626164,62.97368019283772,64.32839031899412,67.45452513695636,144.9941843539404,148.86636876377904,48.668380695096175,50.14491823978371,51.013937978086375,56.62290770628875,15.255628022200163,18.191262536236273,108.60981988281122,111.16395504413711,113.98038388090364,118.60222548296102,122.10430600127926,126.73468333336518,129.4021047225356,137.45863840501244,50.40440226158514,52.879315133036805,53.64746016176573,122.73453160786741,128.2121810314853,131.75526449477826,134.9118048901991,136.35609656697804,137.43142781353902,38.63039173239276,39.9729069092157,40.71684911127176,41.28175972366986,43.97812264434652,46.34257987593265,34.57403129015958,38.13309198084748,110.05472881792375,112.5133893845411,47.87589715191776,88.92561210405313,90.01905127870458,95.59854927066976,101.24824357634871,82.76004872261151,84.92462810020811,85.92301510971521,73.2721618354541,74.18824316372141,78.26726559562836,85.83712906863764,109.46347653678761,114.46136499092503,116.72348037259766,119.34402726208467,122.31128508708068,124.35445150223141,125.57094153507178,127.18030973408653,132.7708976280383,137.4551313967565,143.1941532646361,147.64794288696896,82.40603569691638,107.72227183062155,113.86344517127884,119.46192736130098,121.95785318846842,123.6977341455479,129.51712033900301,133.5972923851942,137.03712161092568,137.56147061820852,140.37086933185458,142.06584742605148,119.60619107328395,126.37027358455983,131.30605555686682,105.4812608681522,111.80198432358037,117.3544001941722,120.40651126685617,126.52925656614799,127.09086586094287,102.2098337557925,108.3919371195353,109.35542712986235,109.83487472866746,103.2225374306375,108.41296612198849,111.85331624951912,117.30041437604486,121.14136712243474,101.56411184387905,104.67806142600142,105.85211184134384,106.98806606577368,107.37573731825442,108.47976403894558,109.43363090596634,109.91469015387662,115.0466432116636,121.29233636775125,150.0491855735273
79,159.67249956713457,159.60448486284204,154.71525169188365,148.9337497244015,145.41847533966285,143.57969666891424,131.61205671777932,124.59593599475865,124.23657545157117,119.13424706151238,112.68048900902853,106.65555373966671,100.51066960731724,93.7378921859044,88.36228133689383,79.94224155076454,74.70017802577745,44.77974420539311,42.07205330722911,39.439976180699595,35.18036176152971,40.52081773457172,41.4760192839842,47.76093368276483,54.1495763055931,63.296695061961046,69.41760200109037,72.33229321111646,74.86513053873668,81.0846822149207,83.97167430357307,88.01710730820488,91.03293576936534,96.12753642036007,102.53886389709864,105.96702703735654,106.93670441796547,30.78349469508344,24.78856175133835,16.936426882399825,13.87866233946983,6.066836048518417,11.769035185693486,13.20663770377698,15.527490133381233,18.923496464352958,24.485859361539724,27.163300490677763,31.29776901758663,33.32774980567306,37.06064747370524,37.591165145418444,41.376053518937574,43.21794738124345,43.50267005332982,22.189209205812926,25.52223230804309,27.268067351797228,14.175188902211914,19.434271521832954,26.824946389529437,54.058228412941766,58.76729833681154,61.98904185118247,65.23726512635726,74.59163407278243,80.85984108054852,84.70851518863195,85.20460608056406,81.29728139398938,81.9098099604848,82.8041148630784,7.0627933769216,8.7487236839035,10.704624499384687,13.361118052924766,16.68243782072792,19.023485663041274,4.7292647420080005,0.0,5.329640700835283,79.39881612633381,90.06543931317496,95.82949686647024,99.88283507229097,107.53869285350987,113.2058801794016,118.95587443359602,127.55967745685075,132.74018069457563,137.89003657445357,139.5474481511894,141.18186984339283,146.65828457208283,149.32424863966153,152.31234571359792,66.7437476797063,74.59990280398812,75.6887705046244,67.70294493484572,69.05765506100212,72.18378987896436,149.7234490959484,153.59563350578705,53.397645437104174,54.87418298179171,55.743202720094374,61.35217244829675,19.984892764208162,22.920527278244272,113.33908462481922,115.89321978614511,118.70964862291164,123.33149022496902,126.83357074328725,131.4639480753732,134.1313694645436,142.18790314702045,55.13366700359314,57.6085798750448,58.37672490377373,127.4637963498754,132.94144577349329,136.48452923678624,139.6410696322071,141.08536130898602,142.160692555547,43.35965647440076,44.7021716512237,45.44611385327976,46.011024465677856,48.70738738635452,51.07184461794065,39.30329603216758,42.86235672285548,114.78399355993174,117.2426541265491,52.60516189392576,93.65487684606113,94.74831602071258,100.32781401267776,105.97750831835671,87.48931346461951,89.65389284221611,90.65227985172321,78.0014265774621,78.91750790572941,82.99653033763636,90.56639381064564,114.19274127879562,119.19062973293305,121.45274511460568,124.07329200409268,127.04054982908869,129.0837162442394,130.30020627707978,131.90957447609455,137.50016237004633,142.18439613876453,147.9234180066441,152.37720762897698,87.13530043892436,112.45153657262956,118.59270991328685,124.19119210330899,126.68711793047643,128.4269988875559,134.246385081011,138.3265571272022,141.76638635293364,142.29073536021647,145.10013407386256,146.79511216805946,124.33545581529197,131.09953832656782,136.03532029887484,110.21052561016022,116.53124906558838,122.08366493618021,125.13577600886418,131.25852130815602,131.8201306029509,106.93909849780052,113.12120186154331,114.08469187187036,114.56413947067547,107.95180217264551,113.1422308639965,116.58258099152714,122.02967911805287,125.87063186444276,106.29337658588706,109.40732616800943,110.58137658335185,111.71733080778169,112.10500206026244,113.20902878095359,114.16289564797435,114.64395489588463,119.77590795367162,126.02160110975926,154.7784503155353
80,165.00214026796982,164.9341255636773,160.0448923927189,154.26339042523676,150.7481160404981,148.9093373697495,136.94169741861458,129.92557669559392,129.56621615240644,124.46388776234764,118.01012970986379,111.98519444050197,105.8403103081525,99.06753288673966,93.6919220377291,85.2718822515998,80.02981872661272,50.109384906228385,47.40169400806439,44.76961688153487,40.51000246236499,45.850458435407,46.80565998481948,53.09057438360011,59.47921700642838,68.62633576279633,74.74724270192566,77.66193391195175,80.19477123957196,86.41432291575599,89.30131500440835,93.34674800904017,96.36257647020062,101.45717712119536,107.86850459793392,111.29666773819183,112.26634511880076,36.11313539591872,30.11820245217363,22.266067583235106,19.20830304030511,11.396476749353699,17.098675886528767,18.53627840461226,20.857130834216516,24.253137165188242,29.81550006237501,32.49294119151305,36.627409718421916,38.65739050650834,42.39028817454052,42.92080584625373,46.70569421977286,48.54758808207873,48.83231075416511,27.51884990664821,30.851873008878375,32.59770805263251,19.504829603047195,24.763912222668235,32.154587090364714,59.38786911377704,64.09693903764682,67.31868255201775,70.56690582719253,79.9212747736177,86.18948178138379,90.03815588946722,90.53424678139933,86.62692209482465,87.23945066132006,88.13375556391367,12.392434077756882,14.07836438473878,16.034265200219966,18.690758753760043,22.012078521563197,24.35312636387655,10.058905442843283,5.329640700835283,0.0,84.72845682716908,95.39508001401023,101.1591375673055,105.21247577312624,112.86833355434514,118.53552088023687,124.2855151344313,132.889318157686,138.06982139541088,143.21967727528883,144.87708885202466,146.5115105442281,151.9879252729181,154.6538893404968,157.64198641443318,72.07338838054159,79.9295435048234,81.01841120545969,73.032585635681,74.38729576183741,77.51343057979965,155.05308979678367,158.9252742066223,58.72728613793945,60.20382368262699,61.07284342092965,66.68181314913203,25.314533465043446,28.250167979079556,118.66872532565449,121.22286048698038,124.03928932374691,128.6611309258043,132.16321144412254,136.79358877620848,139.4610101653789,147.51754384785573,60.463307704428416,62.93822057588008,63.706365604609005,132.79343705071068,138.27108647432857,141.81416993762153,144.97071033304238,146.4150020098213,147.49033325638229,48.689297175236035,50.03181235205898,50.77575455411504,51.34066516651313,54.037028087189796,56.401485318775926,44.63293673300286,48.19199742369076,120.11363426076701,122.57229482738437,57.93480259476104,98.9845175468964,100.07795672154785,105.65745471351303,111.30714901919198,92.81895416545478,94.98353354305138,95.98192055255848,83.33106727829737,84.24714860656468,88.32617103847163,95.8960345114809,119.52238197963088,124.5202704337683,126.78238581544093,129.40293270492793,132.37019052992395,134.41335694507467,135.62984697791504,137.2392151769298,142.82980307088158,147.51403683959978,153.25305870747934,157.7068483298122,92.46494113975965,117.78117727346482,123.92235061412211,129.52083280414425,132.0167586313117,133.75663958839115,139.57602578184625,143.65619782803745,147.09602705376892,147.62037606105176,150.42977477469782,152.12475286889472,129.66509651612722,136.42917902740308,141.3649609997101,115.54016631099547,121.86088976642364,127.41330563701547,130.46541670969944,136.58816200899128,137.14977130378617,112.26873919863577,118.45084256237857,119.41433257270562,119.89378017151073,113.28144287348077,118.47187156483176,121.9122216923624,127.35931981888812,131.200272565278,111.62301728672232,114.73696686884469,115.91101728418711,117.04697150861695,117.43464276109769,118.53866948178884,119.49253634880961,119.97359559671989,125.10554865450688,131.3512418105945,160.10809101637057
81,89.67095964191348,89.60294493762096,84.71371176666256,78.9322097991804,75.41693541444174,73.57815674369314,61.61051679255823,54.59439606953755,54.235035526350075,49.13270713629129,42.678949083807446,36.654013814445634,30.509129682096155,23.73635226068331,18.36074141167275,9.940701625543454,4.698638100556363,34.6190719209407,37.326762819104694,39.95883994563421,44.218454364804096,49.55891033784611,50.514111887258586,56.799026286039215,63.18766890886749,72.33478766523544,78.45569460436477,81.37038581439086,83.90322314201107,90.1227748181951,93.00976690684746,97.05519991147928,100.07102837263973,105.16562902363447,111.57695650037303,115.00511964063094,115.97479702123987,48.615321431250365,54.610254374995456,62.46238924393398,65.52015378686397,73.33198007781539,79.03417921499046,80.47178173307395,82.79263416267821,86.18864049364994,91.75100339083671,94.42844451997476,98.56291304688364,100.59289383497006,104.32579150300224,104.85630917471545,108.64119754823459,110.48309141054047,110.76781408262684,89.4543532351099,92.78737633734008,94.53321138109422,81.44033293150889,86.69941555112993,94.0900904188264,63.09632101621615,67.80539094008593,71.02713445445686,74.27535772963164,83.6297266760568,89.8979336838229,93.74660779190633,94.24269868383844,90.33537399726376,90.94790256375917,91.84220746635278,74.32793740621857,76.01386771320047,77.96976852868166,80.62626208222173,83.94758185002487,86.28862969233823,74.6695513843258,79.3988161263338,84.72845682716908,0.0,10.66662318684115,16.430680740136424,20.484018945957157,28.13987672717606,33.8070640530678,39.557058307262224,48.160861330516944,53.34136456824181,58.49122044811976,60.148632024855594,61.783053717059026,67.25946844574902,69.92543251332772,72.91352958726411,75.7818402829807,83.63799540726251,84.7268631078988,76.74103753812011,78.09574766427652,81.22188248223875,70.32463296961461,74.19681737945325,62.43573804037856,63.9122755850661,64.78129532336875,70.39026505157113,71.6263842116023,74.56201872563841,33.94026849848542,36.494403659811304,39.31083249657784,43.93267409863521,47.43475461695345,52.06513194903938,54.732553338209804,62.789087020686644,64.17175960686752,66.64667247831919,67.41481750704811,48.0649802235416,53.542629647159494,57.08571311045246,60.242253505873315,61.686545182652246,62.76187642921321,52.397749077675144,53.740264254498086,54.48420645655415,55.04911706895224,57.745479989628905,60.109937221215034,48.341388635441966,51.900449326129866,35.38517743359793,37.84383800021528,42.44448960947335,14.25606071972732,15.349499894378773,20.928997886343957,26.578692192022903,8.090497338285703,10.2550767158823,11.253463725389404,7.99988665224102,8.915967980508336,12.994990412415284,20.564853885424565,44.191201353574534,49.18908980771196,51.45120518938459,54.07175207887159,57.0390099038676,59.08217631901833,60.29866635185871,61.90803455087347,67.49862244482524,72.18285621354346,77.92187808142303,82.3756677037559,7.736484312590555,42.44999664740848,48.59116998806578,54.18965217808791,56.68557800525535,58.42545896233482,64.24484515578993,68.32501720198113,71.76484642771258,72.28919543499542,75.09859414864148,76.79357224283838,54.3339158900709,61.09799840134677,66.03378037365377,40.20898568493914,46.52970914036731,52.08212501095914,55.1342360836431,61.256981382934924,61.8185906777298,36.937558572579434,43.11966193632223,44.08315194664928,44.5625995454544,37.95026224742444,43.140690938775435,46.581041066306064,52.02813919283179,55.869091939221676,36.29183666066597,39.40578624278834,40.57983665813077,41.71579088256061,42.10346213504135,43.20748885573249,44.161355722753264,44.64241497066354,49.77436802845054,56.02006118453817,84.77691039031419
82,100.33758282875463,100.26956812446211,95.3803349535037,89.59883298602155,86.08355860128289,84.24477993053429,72.27713997939938,65.2610192563787,64.90165871319122,59.79933032313244,53.345572270648596,47.320637001286784,41.17575286893731,34.40297544752446,29.0273645985139,20.607324812384604,15.365261287397512,45.28569510778185,47.993386005945844,50.62546313247536,54.885077551645246,60.22553352468726,61.180735074099736,67.46564947288036,73.85429209570863,83.00141085207657,89.1223177912059,92.037009001232,94.56984632885221,100.78939800503623,103.6763900936886,107.72182309832041,110.73765155948087,115.8322522104756,122.24357968721417,125.67174282747207,126.641420208081,59.281944618091515,65.2768775618366,73.12901243077512,76.18677697370512,83.99860326465654,89.70080240183161,91.1384049199151,93.45925734951936,96.85526368049109,102.41762657767786,105.09506770681591,109.22953623372479,111.2595170218112,114.99241468984339,115.5229323615566,119.30782073507574,121.14971459738162,121.43443726946799,100.12097642195106,103.45399952418123,105.19983456793537,92.10695611835004,97.36603873797108,104.75671360566756,73.76294420305729,78.47201412692706,81.69375764129799,84.94198091647277,94.29634986289794,100.56455687066403,104.41323097874746,104.90932187067958,101.0019971841049,101.61452575060031,102.50883065319391,84.99456059305972,86.68049090004162,88.6363917155228,91.29288526906288,94.61420503686603,96.95525287917938,85.33617457116695,90.06543931317495,95.39508001401023,10.66662318684115,0.0,5.764057553295274,9.817395759116007,17.47325354033491,23.140440866226648,28.890435120421074,37.494238143675794,42.67474138140066,47.82459726127861,49.482008838014444,51.116430530217876,56.59284525890787,59.25880932648657,62.246906400422965,86.44846346982183,94.30461859410364,95.39348629473993,87.40766072496125,88.76237085111765,91.88850566907989,59.658009782773455,63.53019419261209,73.1023612272197,74.57889877190725,75.4479185102099,81.05688823841228,82.29300739844345,85.22864191247956,23.27364531164427,25.827780472970154,28.64420930973669,33.26605091179407,36.768131430112305,41.39850876219824,44.06593015136866,52.1224638338455,74.83838279370866,77.31329566516033,78.08144069388925,37.39835703670045,42.876006460318344,46.41908992361131,49.575630319032165,51.019921995811096,52.09525324237206,63.064372264516294,64.40688744133924,65.1508296433953,65.71574025579339,68.41210317647005,70.77656040805618,59.008011822283116,62.567072512971016,24.718554246756778,27.17721481337413,53.1111127963145,3.5894375328861696,4.682876707537623,10.262374699502805,15.91206900518175,18.75712052512685,20.921699902723446,21.920086912230552,18.66650983908217,19.582591167349484,23.661613599256434,31.231477072265715,54.857824540415685,59.85571299455311,62.11782837622574,64.73837526571275,67.70563309070876,69.7487995058595,70.96528953869986,72.57465773771462,78.1652456316664,82.84947940038461,88.58850126826418,93.04229089059704,18.403107499431705,53.11661983424963,59.25779317490693,64.85627536492906,67.3522011920965,69.09208214917598,74.91146834263108,78.99164038882228,82.43146961455373,82.95581862183657,85.76521733548263,87.46019542967953,65.00053907691205,71.76462158818792,76.70040356049492,50.87560887178029,57.19633232720846,62.74874819780029,65.80085927048425,71.92360456977607,72.48521386457095,47.60418175942059,53.78628512316338,54.74977513349043,55.22922273229555,48.61688543426559,53.807314125616585,57.247664253147214,62.69476237967294,66.53571512606283,46.95845984750713,50.072409429629495,51.24645984497192,52.38241406940176,52.7700853218825,53.87411204257364,54.827978909594414,55.30903815750469,60.44099121529169,66.68668437137933,95.44353357715534
83,106.10164038204991,106.03362567775739,101.14439250679898,95.36289053931682,91.84761615457816,90.00883748382957,78.04119753269465,71.02507680967398,70.6657162664865,65.56338787642771,59.10962982394387,53.08469455458206,46.93981042223258,40.167033000819735,34.79142215180917,26.371382365679878,21.129318840692786,51.04975266107712,53.75744355924112,56.389520685770634,60.64913510494052,65.98959107798254,66.94479262739502,73.22970702617565,79.61834964900392,88.76546840537186,94.88637534450119,97.80106655452728,100.3339038821475,106.55345555833152,109.44044764698388,113.4858806516157,116.50170911277615,121.59630976377089,128.00763724050944,131.43580038076735,132.4054777613763,65.04600217138679,71.04093511513187,78.8930699840704,81.9508345270004,89.76266081795181,95.46485995512688,96.90246247321038,99.22331490281464,102.61932123378637,108.18168413097314,110.85912526011118,114.99359378702006,117.02357457510648,120.75647224313866,121.28698991485187,125.07187828837101,126.91377215067689,127.19849482276327,105.88503397524633,109.2180570774765,110.96389212123064,97.8710136716453,103.13009629126634,110.52077115896282,79.52700175635258,84.23607168022235,87.45781519459328,90.70603846976806,100.06040741619323,106.32861442395932,110.17728853204275,110.67337942397486,106.76605473740018,107.3785833038956,108.2728882064892,90.75861814635499,92.44454845333689,94.40044926881808,97.05694282235815,100.37826259016131,102.71931043247467,91.10023212446222,95.82949686647022,101.1591375673055,16.430680740136424,5.764057553295274,0.0,4.053338205820732,11.709195987039633,17.37638331293137,23.126377567125793,31.730180590380513,36.91068382810538,42.06053970798333,43.71795128471916,45.352372976922595,50.8287877056126,53.4947517731913,56.48284884712769,92.21252102311712,100.06867614739893,101.15754384803522,93.17171827825653,94.52642840441294,97.65256322237518,53.893952229478174,57.76613663931681,78.86641878051499,80.34295632520254,81.21197606350519,86.82094579170757,88.05706495173872,90.99269946577483,17.509587758348992,20.063722919674877,22.880151756441414,27.501993358498787,31.004073876817024,35.63445120890296,38.30187259807338,46.35840628055022,80.60244034700395,83.07735321845561,83.84549824718454,31.634299483405172,37.11194890702306,40.65503237031603,43.811572765736884,45.255864442515815,46.33119568907678,68.82842981781157,70.17094499463451,70.91488719669057,71.47979780908867,74.17616072976533,76.54061796135146,64.7720693755784,68.3311300662663,18.9544966934615,21.41315726007885,58.875170349609775,9.353495086181443,10.446934260832897,16.02643225279808,21.676126558477026,24.521178078422125,26.68575745601872,27.684144465525826,24.430567392377444,25.346648720644758,29.425671152551708,36.995534625560985,60.62188209371096,65.61977054784838,67.881885929521,70.502432819008,73.46969064400402,75.51285705915475,76.72934709199512,78.33871529100988,83.92930318496165,88.61353695367987,94.35255882155944,98.8063484438923,24.16716505272698,58.88067738754491,65.0218507282022,70.62033291822434,73.11625874539178,74.85613970247125,80.67552589592636,84.75569794211755,88.19552716784901,88.71987617513184,91.5292748887779,93.2242529829748,70.76459663020731,77.52867914148318,82.46446111379018,56.63966642507556,62.96038988050373,68.51280575109557,71.56491682377953,77.68766212307135,78.24927141786623,53.368239312715865,59.550342676458655,60.513832686785705,60.99328028559082,54.380942987560864,59.57137167891186,63.01172180644249,68.45881993296821,72.2997726793581,52.7225174008024,55.83646698292477,57.0105173982672,58.146471622697035,58.53414287517777,59.638169595868916,60.59203646288969,61.07309571079996,66.20504876858696,72.4507419246746,101.20759113045061
84,110.15497858787064,110.08696388357812,105.19773071261972,99.41622874513756,95.9009543603989,94.0621756896503,82.09453573851539,75.07841501549471,74.71905447230723,69.61672608224845,63.162968029764606,57.138032760402794,50.99314862805332,44.22037120664047,38.84476035762991,30.42472057150061,25.18265704651352,55.10309086689786,57.810781765061854,60.44285889159137,64.70247331076125,70.04292928380326,70.99813083321574,77.28304523199637,83.67168785482464,92.81880661119258,98.93971355032191,101.854404760348,104.38724208796822,110.60679376415224,113.4937858528046,117.53921885743642,120.55504731859688,125.64964796959161,132.06097544633016,135.48913858658807,136.458815967197,69.09934037720751,75.0942733209526,82.94640818989112,86.00417273282112,93.81599902377253,99.5181981609476,100.9558006790311,103.27665310863536,106.67265943960709,112.23502233679386,114.9124634659319,119.04693199284078,121.0769127809272,124.80981044895938,125.3403281206726,129.12521649419173,130.9671103564976,131.251833028584,109.93837218106705,113.27139528329722,115.01723032705137,101.92435187746602,107.18343449708706,114.57410936478354,83.5803399621733,88.28940988604307,91.511153400414,94.75937667558878,104.11374562201395,110.38195262978005,114.23062673786347,114.72671762979559,110.8193929432209,111.43192150971632,112.32622641230992,94.81195635217571,96.49788665915761,98.4537874746388,101.11028102817887,104.43160079598204,106.7726486382954,95.15357033028295,99.88283507229094,105.21247577312623,20.484018945957157,9.817395759116007,4.053338205820732,0.0,7.655857781218901,13.323045107110639,19.073039361305064,27.676842384559784,32.85734562228465,38.0072015021626,39.664613078898434,41.299034771101866,46.77544949979186,49.44141356737056,52.429510641306955,96.26585922893784,104.12201435321965,105.21088205385594,97.22505648407726,98.57976661023366,101.7059014281959,49.840614023657444,53.71279843349608,82.91975698633571,84.39629453102326,85.26531426932591,90.8742839975283,92.11040315755945,95.04603767159556,13.456249552528261,16.010384713854144,18.82681355062068,23.448655152678057,26.950735670996295,31.58111300308223,34.24853439225265,42.30506807472949,84.65577855282467,87.13069142427634,87.89883645300526,27.580961277584443,33.05861070120233,36.6016941644953,39.758234559916154,41.202526236695086,42.27785748325605,72.88176802363229,74.22428320045523,74.9682254025113,75.53313601490939,78.22949893558605,80.59395616717218,68.82540758139912,72.38446827208702,14.901158487640771,17.35981905425812,62.92850855543051,13.406833292002176,14.50027246665363,20.07977045861881,25.729464764297756,28.57451628424286,30.739095661839457,31.737482671346562,28.483905598198177,29.39998692646549,33.47900935837244,41.048872831381715,64.6752202995317,69.67310875366913,71.93522413534176,74.55577102482876,77.52302884982477,79.5661952649755,80.78268529781587,82.39205349683063,87.9826413907824,92.66687515950062,98.40589702738019,102.85968664971305,28.220503258547712,62.93401559336564,69.07518893402293,74.67367112404507,77.16959695121251,78.90947790829199,84.72886410174709,88.80903614793829,92.24886537366974,92.77321438095258,95.58261309459864,97.27759118879554,74.81793483602806,81.58201734730393,86.51779931961093,60.6930046308963,67.01372808632446,72.56614395691629,75.61825502960025,81.74100032889207,82.30260962368695,57.4215775185366,63.60368088227939,64.56717089260644,65.04661849141155,58.4342811933816,63.624709884732596,67.06506001226323,72.51215813878896,76.35311088517885,56.77585560662314,59.889805188745505,61.063855604087934,62.19980982851777,62.58748108099851,63.69150780168965,64.64537466871042,65.1264339166207,70.2583869744077,76.50408013049534,105.26092933627135
85,117.81083636908956,117.74282166479703,112.85358849383863,107.07208652635647,103.55681214161781,101.71803347086922,89.7503935197343,82.73427279671363,82.37491225352615,77.27258386346736,70.81882581098351,64.79389054162169,58.64900640927222,51.87622898785937,46.50061813884881,38.08057835271951,32.838514827732425,62.75894864811676,65.46663954628076,68.09871667281027,72.35833109198015,77.69878706502216,78.65398861443464,84.93890301321527,91.32754563604354,100.47466439241148,106.59557133154081,109.5102625415669,112.04309986918712,118.26265154537114,121.1496436340235,125.19507663865532,128.21090509981576,133.30550575081048,139.71683322754905,143.14499636780695,144.1146737484159,76.75519815842641,82.7501311021715,90.60226597111001,93.66003051404002,101.47185680499143,107.1740559421665,108.61165846025,110.93251088985426,114.32851722082599,119.89088011801276,122.5683212471508,126.70278977405968,128.7327705621461,132.46566823017827,132.99618590189147,136.7810742754106,138.62296813771647,138.90769080980286,117.59422996228595,120.92725306451612,122.67308810827026,109.58020965868494,114.83929227830598,122.22996714600245,91.2361977433922,95.94526766726197,99.1670111816329,102.41523445680768,111.76960340323285,118.03781041099894,121.88648451908237,122.38257541101449,118.4752507244398,119.08777929093522,119.98208419352882,102.46781413339461,104.15374444037651,106.1096452558577,108.76613880939777,112.08745857720092,114.42850641951428,102.80942811150184,107.53869285350984,112.86833355434513,28.13987672717606,17.47325354033491,11.709195987039633,7.655857781218901,0.0,5.667187325891738,11.417181580086162,20.020984603340885,25.201487841065752,30.351343720943703,32.008755297679535,33.64317698988297,39.11959171857296,41.78555578615166,44.773652860088056,103.92171701015674,111.77787213443855,112.86673983507484,104.88091426529616,106.23562439145256,109.3617592094148,42.184756242438546,46.056940652277184,90.57561476755461,92.05215231224216,92.92117205054481,98.5301417787472,99.76626093877834,102.70189545281445,5.800391771309361,8.354526932635245,11.17095576940178,15.792797371459155,19.294877889777393,23.925255221863324,26.592676611033742,34.64921029351058,92.31163633404357,94.78654920549523,95.55469423422416,19.92510349636554,25.402752919983435,28.9458363832764,32.102376778697256,33.54666845547619,34.62199970203715,80.53762580485119,81.88014098167413,82.62408318373019,83.18899379612829,85.88535671680495,88.24981394839108,76.48126536261802,80.04032605330592,7.245300706421869,9.703961273039218,70.58436633664941,21.062691073221078,22.156130247872532,27.735628239837716,33.38532254551666,36.23037406546176,38.394953443058355,39.39334045256546,36.13976337941708,37.0558447076844,41.13486713959135,48.70473061260063,72.3310780807506,77.32896653488802,79.59108191656065,82.21162880604766,85.17888663104367,87.2220530461944,88.43854307903477,90.04791127804953,95.6384991720013,100.32273294071952,106.06175480859909,110.51554443093195,35.876361039766614,70.58987337458454,76.73104671524183,82.32952890526397,84.82545473243141,86.56533568951089,92.38472188296599,96.46489392915718,99.90472315488864,100.42907216217148,103.23847087581754,104.93344897001444,82.47379261724694,89.23787512852282,94.17365710082981,68.3488624121152,74.66958586754336,80.22200173813519,83.27411281081916,89.39685811011098,89.95846740490586,65.07743529975549,71.25953866349829,72.22302867382534,72.70247627263045,66.09013897460049,71.28056766595148,74.72091779348212,80.16801592000785,84.00896866639773,64.43171338784204,67.54566296996441,68.71971338530683,69.85566760973667,70.24333886221741,71.34736558290857,72.30123244992933,72.78229169783961,77.9142447556266,84.15993791171424,112.91678711749026
86,123.47802369498127,123.41000899068875,118.52077581973035,112.73927385224819,109.22399946750953,107.38522079676093,95.41758084562602,88.40146012260534,88.04209957941787,82.93977118935908,76.48601313687524,70.46107786751342,64.31619373516395,57.5434163137511,52.16780546474054,43.747765678611245,38.505702153624156,68.42613597400849,71.13382687217249,73.765903998702,78.02551841787188,83.36597439091389,84.32117594032637,90.606090339107,96.99473296193527,106.14185171830322,112.26275865743254,115.17744986745863,117.71028719507885,123.92983887126287,126.81683095991524,130.86226396454705,133.8780924257075,138.97269307670223,145.3840205534408,148.8121836936987,149.78186107430764,82.42238548431814,88.41731842806323,96.26945329700175,99.32721783993175,107.13904413088316,112.84124326805824,114.27884578614173,116.59969821574599,119.99570454671772,125.55806744390449,128.23550857304252,132.3699770999514,134.39995788803782,138.13285555607,138.6633732277832,142.44826160130233,144.29015546360822,144.5748781356946,123.26141728817768,126.59444039040785,128.34027543416198,115.24739698457665,120.5064796041977,127.89715447189417,96.90338506928393,101.6124549931537,104.83419850752463,108.08242178269941,117.43679072912458,123.70499773689068,127.5536718449741,128.04976273690622,124.14243805033153,124.75496661682695,125.64927151942055,108.13500145928634,109.82093176626825,111.77683258174943,114.4333261352895,117.75464590309267,120.09569374540602,108.47661543739358,113.20588017940157,118.53552088023686,33.80706405306779,23.140440866226644,17.37638331293137,13.323045107110639,5.667187325891738,0.0,5.749994254194425,14.353797277449146,19.534300515174014,24.684156395051964,26.341567971787796,27.97598966399123,33.45240439268123,36.11836846025993,39.106465534196325,109.58890433604847,117.44505946033028,118.53392716096657,110.54810159118789,111.90281171734429,115.02894653530653,36.51756891654681,40.389753326385446,96.24280209344634,97.71933963813389,98.58835937643654,104.19732910463892,105.43344826467008,108.36908277870619,0.13320444541762277,2.6873396067435067,5.503768443510042,10.125610045567417,13.627690563885654,18.258067895971585,20.925489285142003,28.982022967618843,97.9788236599353,100.45373653138697,101.22188156011589,14.257916170473804,19.735565594091696,23.278649057384662,26.435189452805517,27.879481129584452,28.95481237614542,86.20481313074292,87.54732830756586,88.29127050962192,88.85618112202002,91.55254404269668,93.91700127428281,82.14845268850975,85.70751337919765,12.912488032313608,15.371148598930956,76.25155366254114,26.729878399112813,27.823317573764268,33.40281556572945,39.05250987140839,41.89756139135349,44.06214076895009,45.06052777845719,41.806950705308815,42.72303203357613,46.80205446548308,54.37191793849236,77.99826540664233,82.99615386077976,85.25826924245239,87.87881613193939,90.8460739569354,92.88924037208614,94.1057304049265,95.71509860394126,101.30568649789303,105.98992026661125,111.72894213449082,116.18273175682369,41.543548365658346,76.25706070047627,82.39823404113356,87.9967162311557,90.49264205832314,92.23252301540262,98.05190920885772,102.13208125504892,105.57191048078037,106.09625948806321,108.90565820170927,110.60063629590617,88.14097994313869,94.90506245441456,99.84084442672156,74.01604973800693,80.33677319343509,85.88918906402692,88.94130013671088,95.0640454360027,95.62565473079758,70.74462262564722,76.92672598939002,77.89021599971707,78.36966359852218,71.75732630049222,76.94775499184321,80.38810511937385,85.83520324589958,89.67615599228947,70.09890071373377,73.21285029585613,74.38690071119856,75.5228549356284,75.91052618810915,77.0145529088003,77.96841977582106,78.44947902373134,83.58143208151833,89.82712523760597,118.58397444338198
87,129.2280179491757,129.16000324488317,124.27077007392478,118.48926810644262,114.97399372170396,113.13521505095537,101.16757509982045,94.15145437679978,93.7920938336123,88.68976544355351,82.23600739106968,76.21107212170786,70.06618798935838,63.293410567945536,57.91779971893497,49.49775993280568,44.25569640781859,74.17613022820292,76.88382112636693,79.51589825289643,83.77551267206631,89.11596864510832,90.0711701945208,96.35608459330143,102.7447272161297,111.89184597249765,118.01275291162698,120.92744412165307,123.46028144927328,129.67983312545732,132.56682521410968,136.61225821874152,139.62808667990197,144.7226873308967,151.13401480763525,154.56217794789316,155.5318553285021,88.17237973851257,94.16731268225766,102.01944755119618,105.07721209412618,112.8890383850776,118.59123752225267,120.02884004033616,122.34969246994042,125.74569880091215,131.30806169809892,133.98550282723696,138.11997135414583,140.14995214223225,143.88284981026442,144.41336748197762,148.19825585549674,150.04014971780262,150.324872389889,129.01141154237212,132.34443464460227,134.09026968835641,120.99739123877109,126.25647385839213,133.6471487260886,102.65337932347836,107.36244924734814,110.58419276171907,113.83241603689385,123.18678498331901,129.4549919910851,133.30366609916854,133.79975699110065,129.89243230452595,130.50496087102135,131.39926577361496,113.88499571348078,115.57092602046268,117.52682683594387,120.18332038948394,123.5046401572871,125.84568799960046,114.22660969158801,118.95587443359601,124.2855151344313,39.557058307262224,28.89043512042107,23.126377567125797,19.073039361305064,11.417181580086162,5.749994254194425,0.0,8.603803023254722,13.784306260979587,18.934162140857538,20.59157371759337,22.225995409796802,27.7024101384868,30.3683742060655,33.35647128000189,115.3388985902429,123.19505371452472,124.283921415161,116.29809584538232,117.65280597153873,120.77894078950096,30.76757466235238,34.63975907219102,101.99279634764078,103.46933389232832,104.33835363063098,109.94732335883336,111.18344251886451,114.11907703290062,5.8831986996120476,8.437333860937931,11.253762697704467,15.875604299761841,19.37768481808008,24.008062150166012,26.67548353933643,34.732017221813265,103.72881791412973,106.2037307855814,106.97187581431032,8.507921916279379,13.985571339897271,17.528654803190236,20.68519519861109,22.129486875390025,23.204818121950993,91.95480738493735,93.2973225617603,94.04126476381636,94.60617537621445,97.30253829689111,99.66699552847724,87.89844694270418,91.45750763339208,18.66248228650803,21.12114285312538,82.00154791673557,32.47987265330724,33.57331182795869,39.152809819923874,44.80250412560282,47.647555645547925,49.81213502314452,50.810522032651626,47.55694495950325,48.473026287770566,52.552048719677515,60.12191219268679,83.74825966083677,88.74614811497419,91.00826349664682,93.62881038613382,96.59606821112983,98.63923462628057,99.85572465912094,101.46509285813569,107.05568075208747,111.73991452080568,117.47893638868526,121.93272601101812,47.29354261985278,82.0070549546707,88.148228295328,93.74671048535014,96.24263631251758,97.98251726959705,103.80190346305216,107.88207550924335,111.32190473497481,111.84625374225764,114.6556524559037,116.3506305501006,93.89097419733312,100.655056708609,105.590838680916,79.76604399220136,86.08676744762953,91.63918331822136,94.69129439090531,100.81403969019713,101.37564898499201,76.49461687984166,82.67672024358446,83.6402102539115,84.11965785271661,77.50732055468666,82.69774924603765,86.13809937356828,91.58519750009401,95.4261502464839,75.8488949679282,78.96284455005056,80.136894965393,81.27284918982284,81.66052044230358,82.76454716299473,83.7184140300155,84.19947327792578,89.33142633571276,95.5771194918004,124.33396869757641
88,137.83182097243042,137.7638062681379,132.8745730971795,127.09307112969735,123.57779674495869,121.7390180742101,109.77137812307518,102.7552574000545,102.39589685686703,97.29356846680824,90.83981041432439,84.81487514496257,78.6699910126131,71.89721359120026,66.5216027421897,58.101562956060405,52.85949943107331,82.77993325145765,85.48762414962165,88.11970127615116,92.37931569532104,97.71977166836305,98.67497321777553,104.95988761655616,111.34853023938443,120.49564899575238,126.6165559348817,129.53124714490778,132.06408447252798,138.283636148712,141.17062823736435,145.2160612419962,148.23188970315664,153.32649035415136,159.73781783088992,163.16598097114783,164.13565835175677,96.7761827617673,102.77111570551239,110.6232505744509,113.68101511738091,121.49284140833232,127.1950405455074,128.6326430635909,130.95349549319516,134.34950182416688,139.91186472135365,142.58930585049168,146.72377437740056,148.75375516548698,152.48665283351914,153.01717050523234,156.80205887875147,158.64395274105735,158.92867541314374,137.61521456562684,140.948237667857,142.69407271161114,129.6011942620258,134.86027688164685,142.25095174934333,111.25718234673309,115.96625227060287,119.1879957849738,122.43621906014857,131.79058800657373,138.0587950143398,141.90746912242324,142.40356001435535,138.49623532778068,139.10876389427608,140.00306879686968,122.4887987367355,124.1747290437174,126.13062985919859,128.78712341273868,132.10844318054183,134.44949102285517,122.83041271484274,127.55967745685074,132.889318157686,48.160861330516944,37.494238143675794,31.73018059038052,27.676842384559787,20.020984603340885,14.353797277449146,8.603803023254722,0.0,5.180503237724866,10.330359117602818,11.98777069433865,13.622192386542082,19.09860711523208,21.76457118281078,24.75266825674717,123.94270161349763,131.79885673777943,132.88772443841572,124.90189886863705,126.25660899479345,129.38274381275568,22.16377163909766,26.0359560489363,110.5965993708955,112.07313691558305,112.9421566538857,118.55112638208809,119.78724554211924,122.72288005615535,14.487001722866768,17.041136884192653,19.85756572095919,24.479407323016567,27.981487841334804,32.61186517342074,35.27928656259116,43.335820245068,112.33262093738446,114.80753380883613,115.57567883756505,17.1117249395341,22.58937436315199,26.132457826444956,29.28899822186581,30.733289898644745,31.808621145205713,100.55861040819208,101.90112558501502,102.64506778707108,103.20997839946918,105.90634132014584,108.27079855173197,96.50224996595891,100.06131065664681,27.266285309762754,29.724945876380104,90.6053509399903,41.08367567656197,42.17711485121342,47.7566128431786,53.40630714885755,56.251358668802645,58.41593804639924,59.414325055906346,56.16074798275797,57.076829311025286,61.155851742932235,68.72571521594152,92.35206268409148,97.3499511382289,99.61206651990153,102.23261340938853,105.19987123438455,107.24303764953528,108.45952768237565,110.0688958813904,115.65948377534218,120.3437175440604,126.08273941193997,130.53652903427283,55.8973456431075,90.61085797792542,96.75203131858271,102.35051350860485,104.84643933577229,106.58632029285177,112.40570648630687,116.48587853249806,119.92570775822952,120.45005676551236,123.25945547915842,124.95443357335532,102.49477722058782,109.2588597318637,114.19464170417069,88.36984701545607,94.69057047088424,100.24298634147607,103.29509741416004,109.41784271345186,109.97945200824674,85.09841990309637,91.28052326683917,92.24401327716622,92.72346087597133,86.11112357794137,91.30155226929236,94.741902396823,100.18900052334872,104.02995326973861,84.45269799118292,87.56664757330529,88.74069798864771,89.87665221307755,90.26432346555829,91.36835018624944,92.32221705327021,92.80327630118049,97.93522935896748,104.18092251505512,132.93777172083114
89,143.01232421015527,142.94430950586275,138.05507633490436,132.2735743674222,128.75829998268355,126.91952131193494,114.95188136080003,107.93576063777935,107.57640009459188,102.47407170453309,96.02031365204924,89.99537838268742,83.85049425033795,77.0777168289251,71.70210597991455,63.282066193785255,58.04000266879817,87.9604364891825,90.6681273873465,93.30020451387601,97.55981893304589,102.9002749060879,103.85547645550038,110.14039085428101,116.52903347710928,125.67615223347723,131.79705917260657,134.71175038263266,137.24458771025286,143.4641393864369,146.35113147508926,150.3965644797211,153.41239294088155,158.50699359187627,164.91832106861483,168.34648420887274,169.31616158948168,101.95668599949215,107.95161894323724,115.80375381217576,118.86151835510576,126.67334464605717,132.37554378323225,133.81314630131575,136.13399873092,139.53000506189173,145.0923679590785,147.76980908821653,151.9042776151254,153.93425840321183,157.667156071244,158.1976737429572,161.98256211647632,163.8244559787822,164.10917865086859,142.7957178033517,146.12874090558185,147.874575949336,134.78169749975066,140.0407801193717,147.43145498706818,116.43768558445794,121.14675550832771,124.36849902269864,127.61672229787342,136.97109124429858,143.23929825206466,147.0879723601481,147.5840632520802,143.67673856550553,144.28926713200093,145.18357203459453,127.66930197446035,129.35523228144226,131.31113309692344,133.96762665046353,137.28894641826668,139.62999426058002,128.0109159525676,132.7401806945756,138.06982139541088,53.3413645682418,42.67474138140065,36.91068382810538,32.85734562228465,25.20148784106575,19.53430051517401,13.784306260979587,5.180503237724866,0.0,5.149855879877952,6.8072674566137845,8.441689148817218,13.918103877507217,16.584067945085916,19.572165019022307,129.12320485122248,136.97935997550428,138.06822767614057,130.08240210636188,131.4371122325183,134.56324705048053,16.983268401372797,20.855452811211435,115.77710260862035,117.2536401533079,118.12265989161055,123.73162961981294,124.96774877984409,127.9033832938802,19.667504960591632,22.221640121917517,25.038068958684054,29.65991056074143,33.16199107905967,37.7923684111456,40.459789800316024,48.51632348279286,117.51312417510931,119.98803704656098,120.7561820752899,22.292228177258966,27.76987760087686,31.312961064169826,34.46950145959068,35.91379313636961,36.98912438293058,105.73911364591693,107.08162882273987,107.82557102479593,108.39048163719403,111.08684455787069,113.45130178945682,101.68275320368376,105.24181389437166,32.446788547487614,34.90544911410496,95.78585417771515,46.26417891428682,47.357618088938274,52.93711608090346,58.5868103865824,61.4318619065275,63.5964412841241,64.5948282936312,61.341251220482825,62.25733254875014,66.33635498065709,73.90621845366637,97.53256592181633,102.53045437595375,104.79256975762638,107.41311664711338,110.3803744721094,112.42354088726013,113.6400309201005,115.24939911911525,120.83998701306703,125.52422078178525,131.26324264966482,135.71703227199768,61.077848880832356,95.79136121565027,101.93253455630756,107.5310167463297,110.02694257349714,111.76682353057662,117.58620972403172,121.66638177022291,125.10621099595437,125.6305600032372,128.43995871688327,130.13493681108017,107.67528045831267,114.43936296958854,119.37514494189554,93.55035025318092,99.87107370860909,105.42348957920092,108.47560065188489,114.59834595117671,115.15995524597159,90.27892314082122,96.46102650456402,97.42451651489107,97.90396411369618,91.29162681566622,96.48205550701721,99.92240563454784,105.36950376107357,109.21045650746346,89.63320122890777,92.74715081103014,93.92120122637256,95.0571554508024,95.44482670328314,96.5488534239743,97.50272029099506,97.98377953890534,103.11573259669233,109.36142575277997,138.11827495855601
90,148.16218009003325,148.09416538574072,143.20493221478233,137.4234302473002,133.90815586256153,132.06937719181292,120.101737240678,113.08561651765733,112.72625597446985,107.62392758441106,101.17016953192721,95.1452342625654,89.00035013021592,82.22757270880308,76.85196185979251,68.43192207366322,63.18985854867612,93.11029236906046,95.81798326722446,98.45006039375397,102.70967481292385,108.05013078596586,109.00533233537834,115.29024673415897,121.67888935698724,130.8260081133552,136.9469150524845,139.8616062625106,142.3944435901308,148.61399526631482,151.50098735496718,155.546420359599,158.56224882075946,163.65684947175419,170.06817694849275,173.49634008875066,174.4660174693596,107.10654187937011,113.1014748231152,120.95360969205372,124.01137423498372,131.82320052593514,137.5253996631102,138.9630021811937,141.28385461079796,144.67986094176968,150.24222383895645,152.91966496809448,157.05413349500336,159.08411428308978,162.81701195112197,163.34752962283517,167.1324179963543,168.97431185866017,169.25903453074656,147.94557368322964,151.2785967854598,153.02443182921394,139.93155337962864,145.19063599924968,152.58131086694615,121.5875414643359,126.29661138820568,129.51835490257662,132.7665781777514,142.12094712417655,148.38915413194263,152.23782824002606,152.73391913195817,148.8265944453835,149.4391230118789,150.3334279144725,132.81915785433833,134.50508816132023,136.46098897680142,139.1174825303415,142.43880229814465,144.779850140458,133.16077183244556,137.89003657445357,143.21967727528886,58.491220448119755,47.824597261278605,42.06053970798333,38.0072015021626,30.351343720943703,24.684156395051964,18.934162140857538,10.330359117602818,5.149855879877952,0.0,1.657411576735832,3.291833268939265,8.768247997629263,11.434212065207962,14.422309139144355,134.27306073110043,142.12921585538223,143.2180835560185,135.23225798623986,136.58696811239628,139.7131029303585,11.833412521494846,15.705596931333485,120.92695848849831,122.40349603318586,123.27251577148851,128.88148549969088,130.11760465972205,133.05323917375816,24.817360840469586,27.37149600179547,30.187924838562008,34.809766440619384,38.31184695893762,42.94222429102356,45.60964568019398,53.66617936267082,122.66298005498727,125.13789292643894,125.90603795516786,27.442084057136917,32.91973348075481,36.46281694404777,39.61935733946863,41.06364901624756,42.13898026280852,110.88896952579489,112.23148470261783,112.9754269046739,113.54033751707199,116.23670043774865,118.60115766933478,106.83260908356172,110.39166977424962,37.596644427365575,40.05530499398292,100.93571005759311,51.41403479416478,52.50747396881623,58.08697196078141,63.73666626646036,66.58171778640546,68.74629716400206,69.74468417350916,66.49110710036078,67.40718842862809,71.48621086053504,79.05607433354432,102.6824218016943,107.68031025583173,109.94242563750436,112.56297252699136,115.53023035198737,117.5733967671381,118.78988679997848,120.39925499899323,125.989842892945,130.6740766616632,136.41309852954276,140.86688815187563,66.22770476071031,100.94121709552824,107.08239043618553,112.68087262620767,115.17679845337511,116.91667941045459,122.7360656039097,126.81623765010089,130.25606687583235,130.78041588311518,133.58981459676124,135.28479269095814,112.82513633819065,119.58921884946652,124.52500082177352,98.7002061330589,105.02092958848706,110.5733454590789,113.62545653176286,119.74820183105469,120.30981112584956,95.4287790206992,101.610882384442,102.57437239476904,103.05381999357415,96.4414826955442,101.63191138689518,105.07226151442582,110.51935964095155,114.36031238734144,94.78305710878574,97.89700669090811,99.07105710625054,100.20701133068037,100.59468258316112,101.69870930385227,102.65257617087303,103.13363541878331,108.2655884765703,114.51128163265794,143.268130838434
91,149.81959166676907,149.75157696247655,144.86234379151816,139.080841824036,135.56556743929735,133.72678876854874,121.75914881741383,114.74302809439315,114.38366755120568,109.28133916114689,102.82758110866304,96.80264583930122,90.65776170695175,83.8849842855389,78.50937343652834,70.08933365039904,64.84727012541195,94.76770394579628,97.47539484396029,100.1074719704898,104.36708638965968,109.70754236270169,110.66274391211417,116.9476583108948,123.33630093372307,132.483419690091,138.60432662922034,141.51901783924643,144.05185516686663,150.27140684305067,153.15839893170303,157.20383193633486,160.21966039749532,165.31426104849004,171.7255885252286,175.1537516654865,176.12342904609545,108.76395345610594,114.75888639985102,122.61102126878954,125.66878581171954,133.48061210267096,139.18281123984602,140.62041375792953,142.94126618753378,146.3372725185055,151.89963541569227,154.5770765448303,158.71154507173918,160.7415258598256,164.47442352785777,165.00494119957096,168.7898295730901,170.63172343539597,170.91644610748236,149.60298525996546,152.93600836219562,154.68184340594976,141.58896495636446,146.8480475759855,154.23872244368198,123.24495304107172,127.9540229649415,131.17576647931241,134.4239897544872,143.77835870091235,150.04656570867843,153.89523981676186,154.39133070869397,150.4840060221193,151.0965345886147,151.9908394912083,134.47656943107415,136.16249973805606,138.11840055353724,140.77489410707733,144.09621387488048,146.43726171719382,134.8181834091814,139.5474481511894,144.87708885202468,60.14863202485559,49.48200883801444,43.71795128471916,39.664613078898434,32.008755297679535,26.341567971787796,20.59157371759337,11.98777069433865,6.8072674566137845,1.657411576735832,0.0,1.634421692203433,7.110836420893432,9.77680048847213,12.764897562408523,135.93047230783625,143.78662743211805,144.87549513275434,136.88966956297568,138.2443796891321,141.37051450709433,10.176000944759014,14.048185354597653,122.58437006523414,124.06090760992168,124.92992734822434,130.5388970764267,131.77501623645787,134.71065075049398,26.47477241720542,29.028907578531303,31.84533641529784,36.46717801735522,39.969258535673454,44.59963586775939,47.26705725692981,55.32359093940665,124.3203916317231,126.79530450317476,127.56344953190369,29.09949563387275,34.57714505749064,38.120228520783606,41.27676891620446,42.72106059298339,43.796391839544356,112.54638110253072,113.88889627935366,114.63283848140972,115.19774909380781,117.89411201448448,120.2585692460706,108.49002066029755,112.04908135098545,39.2540560041014,41.71271657071875,102.59312163432894,53.07144637090061,54.16488554555206,59.744383537517244,65.39407784319619,68.23912936314129,70.40370874073788,71.40209575024498,68.1485186770966,69.06460000536391,73.14362243727086,80.71348591028014,104.33983337843013,109.33772183256755,111.59983721424018,114.22038410372718,117.1876419287232,119.23080834387393,120.4472983767143,122.05666657572905,127.64725446968083,132.33148823839903,138.07051010627862,142.52429972861148,67.88511633744614,102.59862867226407,108.73980201292136,114.3382842029435,116.83421003011094,118.57409098719042,124.39347718064552,128.47364922683673,131.9134784525682,132.43782745985104,135.24722617349707,136.94220426769397,114.48254791492647,121.24663042620234,126.18241239850934,100.35761770979472,106.67834116522289,112.23075703581472,115.28286810849869,121.40561340779051,121.96722270258539,97.08619059743502,103.26829396117782,104.23178397150487,104.71123157030998,98.09889427228002,103.28932296363101,106.72967309116164,112.17677121768737,116.01772396407726,96.44046868552157,99.55441826764394,100.72846868298636,101.8644229074162,102.25209415989694,103.3561208805881,104.30998774760886,104.79104699551914,109.92300005330613,116.16869320939377,144.92554241516982
92,151.4540133589725,151.38599865467998,146.4967654837216,140.71526351623945,137.19998913150079,135.36121046075218,123.39357050961726,116.37744978659659,116.01808924340911,110.91576085335032,104.46200280086647,98.43706753150465,92.29218339915518,85.51940597774234,80.14379512873177,71.72375534260247,66.48169181761538,96.40212563799972,99.10981653616372,101.74189366269323,106.00150808186311,111.34196405490512,112.2971656043176,118.58208000309823,124.9707226259265,134.11784138229444,140.23874832142377,143.15343953144986,145.68627685907006,151.9058285352541,154.79282062390647,158.8382536285383,161.85408208969875,166.94868274069347,173.36001021743203,176.78817335768994,177.75785073829888,110.39837514830937,116.39330809205445,124.24544296099297,127.30320750392298,135.1150337948744,140.81723293204945,142.25483545013296,144.57568787973722,147.97169421070893,153.5340571078957,156.21149823703374,160.3459667639426,162.37594755202903,166.1088452200612,166.6393628917744,170.42425126529352,172.2661451275994,172.5508677996858,151.2374069521689,154.57043005439905,156.3162650981532,143.2233866485679,148.48246926818894,155.8731441358854,124.87937473327516,129.58844465714495,132.81018817151588,136.05841144669066,145.41278039311584,151.68098740088192,155.52966150896535,156.02575240089746,152.1184277143228,152.7309562808182,153.6252611834118,136.11099112327759,137.7969214302595,139.75282224574067,142.40931579928076,145.7306355670839,148.07168340939725,136.45260510138482,141.18186984339283,146.51151054422812,61.783053717059026,51.116430530217876,45.3523729769226,41.29903477110187,33.643176989882974,27.975989663991236,22.22599540979681,13.622192386542086,8.441689148817218,3.291833268939265,1.634421692203433,0.0,5.476414728689999,8.142378796268698,11.13047587020509,137.56489400003971,145.4210491243215,146.5099168249578,138.52409125517912,139.87880138133553,143.00493619929776,8.54157925255558,12.413763662394217,124.21879175743757,125.69532930212512,126.56434904042777,132.17331876863014,133.4094379286613,136.34507244269741,28.109194109408858,30.663329270734742,33.479758107501276,38.10159970955865,41.603680227876886,46.23405755996282,48.90147894913324,56.95801263161008,125.95481332392653,128.42972619537818,129.1978712241071,30.733917326076188,36.21156674969408,39.754650212987045,42.9111906084079,44.35548228518683,45.430813531747795,114.18080279473415,115.52331797155709,116.26726017361315,116.83217078601125,119.52853370668791,121.89299093827404,110.12444235250098,113.68350304318888,40.88847769630485,43.34713826292219,104.22754332653237,54.70586806310405,55.7993072377555,61.37880522972068,67.02849953539963,69.87355105534473,72.03813043294133,73.03651744244843,69.78294036930004,70.69902169756735,74.7780441294743,82.34790760248357,105.97425507063356,110.97214352477098,113.23425890644361,115.85480579593062,118.82206362092663,120.86523003607736,122.08172006891773,123.69108826793249,129.28167616188426,133.96590993060246,139.70493179848205,144.1587214208149,69.51953802964958,104.2330503644675,110.37422370512479,115.97270589514693,118.46863172231437,120.20851267939385,126.02789887284895,130.10807091904016,133.54790014477163,134.07224915205447,136.8816478657005,138.5766259598974,116.1169696071299,122.88105211840578,127.81683409071277,101.99203940199816,108.31276285742632,113.86517872801815,116.91728980070212,123.04003509999394,123.60164439478882,98.72061228963845,104.90271565338125,105.8662056637083,106.34565326251341,99.73331596448345,104.92374465583444,108.36409478336508,113.8111929098908,117.6521456562807,98.074890377725,101.18883995984737,102.36289037518979,103.49884459961963,103.88651585210037,104.99054257279153,105.94440943981229,106.42546868772257,111.55742174550956,117.8031149015972,146.55996410737325
93,156.9304280876625,156.86241338336998,151.9731802124116,146.19167824492945,142.6764038601908,140.83762518944218,128.86998523830727,121.85386451528659,121.49450397209911,116.39217558204032,109.93841752955647,103.91348226019466,97.76859812784518,90.99582070643234,85.62020985742177,77.20017007129248,71.95810654630539,101.87854036668972,104.58623126485372,107.21830839138323,111.47792281055311,116.81837878359512,117.7735803330076,124.05849473178823,130.4471373546165,139.59425611098445,145.71516305011377,148.62985426013987,151.16269158776007,157.38224326394408,160.26923535259644,164.31466835722827,167.33049681838872,172.42509746938345,178.836424946122,182.26458808637992,183.23426546698886,115.87478987699937,121.86972282074446,129.721857689683,132.77962223261298,140.5914485235644,146.29364766073945,147.73125017882296,150.05210260842722,153.44810893939894,159.0104718365857,161.68791296572374,165.82238149263262,167.85236228071903,171.58525994875123,172.11577762046443,175.90066599398355,177.74255985628943,178.02728252837582,156.7138216808589,160.04684478308906,161.7926798268432,148.6998013772579,153.95888399687894,161.3495588645754,130.35578946196517,135.06485938583495,138.28660290020588,141.53482617538066,150.8891951218058,157.1574021295719,161.00607623765532,161.50216712958743,157.59484244301277,158.20737100950817,159.10167591210177,141.5874058519676,143.2733361589495,145.22923697443068,147.88573052797076,151.2070502957739,153.54809813808725,141.92901983007482,146.65828457208283,151.98792527291812,67.25946844574902,56.59284525890787,50.8287877056126,46.77544949979187,39.11959171857297,33.45240439268123,27.702410138486805,19.09860711523208,13.918103877507216,8.768247997629263,7.110836420893432,5.476414728689999,0.0,2.6659640675786984,5.654061141515091,143.04130872872972,150.89746385301152,151.9863315536478,144.00050598386912,145.35521611002554,148.48135092798776,14.01799398124558,17.890178391084216,129.69520648612757,131.17174403081512,132.04076376911777,137.64973349732014,138.8858526573513,141.82148717138742,33.58560883809886,36.13974399942474,38.95617283619127,43.578014438248644,47.08009495656688,51.71047228865282,54.37789367782324,62.43442736030008,131.43122805261655,133.9061409240682,134.67428595279713,36.210332054766184,41.687981478384074,45.23106494167704,48.387605337097895,49.83189701387683,50.90722826043779,119.65721752342415,120.9997327002471,121.74367490230316,122.30858551470125,125.00494843537791,127.36940566696404,115.60085708119098,119.15991777187888,46.364892424994835,48.82355299161218,109.70395805522237,60.182282791794044,61.275721966445495,66.85521995841067,72.50491426408962,75.34996578403472,77.51454516163132,78.51293217113842,75.25935509799004,76.17543642625735,80.2544588581643,87.82432233117358,111.45066979932356,116.44855825346099,118.71067363513362,121.33122052462062,124.29847834961663,126.34164476476737,127.55813479760774,129.1675029966225,134.75809089057427,139.44232465929247,145.18134652717202,149.6351361495049,74.99595275833957,109.7094650931575,115.8506384338148,121.44912062383693,123.94504645100437,125.68492740808385,131.50431360153897,135.58448564773016,139.0243148734616,139.54866388074444,142.35806259439053,144.05304068858743,121.5933843358199,128.35746684709576,133.29324881940278,107.46845413068816,113.78917758611632,119.34159345670815,122.39370452939212,128.51644982868396,129.07805912347885,104.19702701832846,110.37913038207125,111.3426203923983,111.82206799120341,105.20973069317346,110.40015938452444,113.84050951205508,119.28760763858081,123.1285603849707,103.551305106415,106.66525468853737,107.8393051038798,108.97525932830963,109.36293058079038,110.46695730148153,111.42082416850229,111.90188341641257,117.03383647419956,123.2795296302872,152.03637883606325
94,159.5963921552412,159.52837745094868,154.6391442799903,148.85764231250815,145.3423679277695,143.50358925702088,131.53594930588596,124.51982858286529,124.16046803967781,119.05813964961902,112.60438159713517,106.57944632777335,100.43456219542388,93.66178477401104,88.28617392500047,79.86613413887117,74.62407061388409,104.54450443426842,107.25219533243242,109.88427245896193,114.14388687813181,119.48434285117382,120.4395444005863,126.72445879936693,133.1131014221952,142.26022017856315,148.38112711769247,151.29581832771856,153.82865565533876,160.0482073315228,162.93519942017517,166.980632424807,169.99646088596745,175.09106153696217,181.50238901370074,184.93055215395864,185.9002295345676,118.54075394457807,124.53568688832316,132.3878217572617,135.44558630019168,143.2574125911431,148.95961172831815,150.39721424640166,152.71806667600592,156.11407300697763,161.6764359041644,164.35387703330244,168.48834556021131,170.51832634829773,174.2512240163299,174.7817416880431,178.56663006156222,180.4085239238681,180.6932465959545,159.3797857484376,162.71280885066776,164.4586438944219,151.3657654448366,156.62484806445764,164.0155229321541,133.02175352954387,137.73082345341365,140.95256696778458,144.20079024295936,153.55515918938454,159.82336619715062,163.67204030523405,164.16813119716616,160.2608065105915,160.8733350770869,161.7676399796805,144.2533699195463,145.9393002265282,147.89520104200938,150.55169459554946,153.8730143633526,156.21406220566595,144.59498389765352,149.32424863966153,154.65388934049682,69.92543251332772,59.25880932648657,53.4947517731913,49.44141356737057,41.78555578615167,36.11836846025993,30.368374206065504,21.76457118281078,16.584067945085913,11.434212065207962,9.77680048847213,8.142378796268698,2.6659640675786984,0.0,2.9880970739363923,145.70727279630842,153.56342792059021,154.6522956212265,146.66647005144782,148.02118017760424,151.14731499556646,16.68395804882428,20.55614245866292,132.36117055370627,133.83770809839382,134.70672783669647,140.31569756489884,141.55181672493,144.48745123896612,36.251572905677556,38.80570806700344,41.62213690376997,46.24397850582734,49.74605902414558,54.376436356231515,57.04385774540194,65.10039142787878,134.09719212019525,136.5721049916469,137.34025002037583,38.87629612234488,44.35394554596277,47.89702900925574,51.053569404676594,52.497861081455525,53.57319232801649,122.32318159100285,123.66569676782579,124.40963896988185,124.97454958227995,127.67091250295661,130.03536973454274,118.26682114876968,121.82588183945758,49.030856492573534,51.48951705919088,112.36992212280107,62.84824685937274,63.941686034024194,69.52118402598937,75.17087833166832,78.01592985161342,80.18050922921002,81.17889623871712,77.92531916556874,78.84140049383605,82.920422925743,90.49028639875227,114.11663386690226,119.11452232103969,121.37663770271232,123.99718459219932,126.96444241719533,129.00760883234605,130.22409886518642,131.8334670642012,137.42405495815296,142.10828872687117,147.84731059475075,152.30110021708362,77.66191682591827,112.3754291607362,118.51660250139349,124.11508469141563,126.61101051858307,128.35089147566254,134.17027766911764,138.25044971530883,141.69027894104028,142.2146279483231,145.0240266619692,146.7190047561661,124.2593484033986,131.02343091467446,135.95921288698148,110.13441819826686,116.45514165369502,122.00755752428685,125.05966859697082,131.18241389626266,131.74402319105755,106.86299108590715,113.04509444964995,114.008584459977,114.48803205878211,107.87569476075215,113.06612345210314,116.50647357963378,121.95357170615951,125.7945244525494,106.2172691739937,109.33121875611607,110.5052691714585,111.64122339588833,112.02889464836908,113.13292136906023,114.08678823608099,114.56784748399127,119.69980054177826,125.9454936978659,154.70234290364195
95,162.5844892291776,162.51647452488507,157.62724135392668,151.84573938644454,148.33046500170587,146.49168633095726,134.52404637982235,127.50792565680167,127.1485651136142,122.04623672355541,115.59247867107156,109.56754340170974,103.42265926936027,96.64988184794743,91.27427099893687,82.85423121280758,77.61216768782049,107.53260150820482,110.24029240636882,112.87236953289833,117.13198395206821,122.47243992511022,123.4276414745227,129.71255587330333,136.1011984961316,145.24831725249953,151.36922419162886,154.28391540165495,156.81675272927515,163.0363044054592,165.92329649411155,169.9687294987434,172.98455795990384,178.07915861089856,184.49048608763712,187.91864922789503,188.88832660850397,121.52885101851447,127.52378396225956,135.37591883119808,138.43368337412807,146.24550966507948,151.94770880225454,153.38531132033805,155.7061637499423,159.10217008091402,164.6645329781008,167.34197410723883,171.4764426341477,173.50642342223412,177.2393210902663,177.76983876197949,181.5547271354986,183.3966209978045,183.68134366989088,162.36788282237399,165.70090592460414,167.44674096835828,154.35386251877298,159.61294513839402,167.0036200060905,136.00985060348026,140.71892052735004,143.94066404172096,147.18888731689574,156.54325626332093,162.811463271087,166.66013737917044,167.15622827110255,163.24890358452788,163.86143215102328,164.75573705361688,147.24146699348267,148.92739730046458,150.88329811594576,153.53979166948585,156.861111437289,159.20215927960234,147.5830809715899,152.31234571359792,157.6419864144332,72.91352958726412,62.246906400422965,56.48284884712769,52.42951064130696,44.77365286008806,39.106465534196325,33.3564712800019,24.752668256747175,19.572165019022307,14.422309139144353,12.764897562408521,11.130475870205089,5.654061141515091,2.9880970739363923,0.0,148.6953698702448,156.5515249945266,157.6403926951629,149.6545671253842,151.00927725154062,154.13541206950285,19.672055122760668,23.544239532599306,135.3492676276427,136.82580517233023,137.6948249106329,143.30379463883526,144.5399137988664,147.4755483129025,39.23966997961395,41.79380514093983,44.610233977706365,49.23207557976374,52.734156098081975,57.36453343016791,60.03195481933833,68.08848850181516,137.08528919413163,139.5602020655833,140.32834709431222,41.86439319628128,47.34204261989917,50.885126083192134,54.04166647861299,55.48595815539192,56.561289401952884,125.31127866493925,126.6537938417622,127.39773604381826,127.96264665621635,130.659009576893,133.02346680847913,121.25491822270608,124.81397891339398,52.018953566509936,54.47761413312728,115.35801919673747,65.83634393330914,66.92978310796059,72.50928109992577,78.15897540560472,81.00402692554982,83.16860630314642,84.16699331265352,80.91341623950514,81.82949756777245,85.9085199996794,93.47838347268868,117.10473094083865,122.10261939497607,124.3647347766487,126.9852816661357,129.95253949113172,131.99570590628244,133.2121959391228,134.82156413813757,140.41215203208935,145.09638580080755,150.83540766868714,155.28919729102,80.65001389985468,115.36352623467259,121.50469957532988,127.10318176535202,129.59910759251946,131.33898854959892,137.15837474305403,141.23854678924522,144.67837601497666,145.2027250222595,148.0121237359056,149.7071018301025,127.24744547733499,134.01152798861085,138.94730996091786,113.12251527220324,119.44323872763141,124.99565459822324,128.0477656709072,134.17051097019905,134.73212026499394,109.85108815984354,116.03319152358634,116.99668153391339,117.4761291327185,110.86379183468854,116.05422052603953,119.49457065357016,124.9416687800959,128.7826215264858,109.20536624793009,112.31931583005246,113.49336624539488,114.62932046982472,115.01699172230546,116.12101844299661,117.07488531001738,117.55594455792766,122.68789761571465,128.93359077180227,157.69043997757834
96,156.05552372378145,155.98750901948893,151.09827584853053,145.3167738810484,141.80149949630973,139.96272082556112,127.99508087442621,120.97896015140553,120.61959960821805,115.51727121815927,109.06351316567542,103.0385778963136,96.89369376396412,90.12091634255128,84.74530549354071,76.32526570741142,71.08320218242433,41.16276836204,38.455077463876,35.823000337346485,31.5633859181766,26.222929945134585,25.267728395722102,18.982813996941474,25.371456619769745,34.51857537613769,40.63948231526702,43.5541735252931,46.087010852913316,52.30656252909734,55.19355461774971,59.23898762238153,62.25481608354198,67.34941673453672,73.76074421127528,77.18890735153319,78.15858473214212,35.96025298462287,41.95518592836796,49.80732079730648,52.865085340236476,60.67691163118789,66.37911076836296,67.81671328644646,70.13756571605072,73.53357204702245,79.09593494420922,81.77337607334726,85.90784460025614,87.93782538834256,91.67072305637474,92.20124072808795,95.98612910160709,97.82802296391297,98.11274563599935,76.79928478848241,80.13230789071258,81.87814293446672,68.7852644848814,74.04434710450244,81.43502197219891,12.68551926676454,7.976449342894761,11.198192857265688,14.446416132440472,23.80078507886564,30.068992086631734,33.91766619471517,34.41375708664728,30.50643240007259,31.118960966567997,32.01326586916161,61.67286895959107,63.35879926657297,65.31470008205416,67.97119363559423,71.29251340339738,73.63356124571074,62.01448293769831,66.74374767970632,72.0733883805416,75.7818402829807,86.44846346982185,92.21252102311712,96.26585922893786,103.92171701015675,109.58890433604849,115.3388985902429,123.94270161349763,129.1232048512225,134.27306073110046,135.93047230783628,137.56489400003971,143.04130872872972,145.70727279630842,148.6953698702448,0.0,7.856155124281808,8.945022824918091,38.92482524902236,40.279535375178774,43.405670193141006,146.1064732525953,149.97865766243393,24.61952575128082,26.096063295968356,26.965083034271014,32.57405276247339,58.97131576497481,61.90695027901092,109.7221087814661,112.276243942792,115.09267277955853,119.7145143816159,123.21659489993414,127.84697223202006,130.5143936211905,138.57092730366733,26.355547317769783,28.830460189221444,29.598605217950364,123.84682050652228,129.32446993014017,132.86755339343313,136.02409378885397,137.4683854656329,138.54371671219388,39.74268063104765,41.08519580787059,41.82913800992665,42.394048622324746,45.09041154300141,47.45486877458754,35.68632018881447,39.24538087950237,111.16701771657863,113.62567828319598,48.98818605057265,90.03790100270801,91.13134017735946,96.71083816932465,102.3605324750036,83.8723376212664,86.03691699886299,87.03530400837009,74.38445073410898,75.30053206237629,79.37955449428324,86.94941796729252,110.5757654354425,115.57365388957993,117.83576927125256,120.45631616073956,123.42357398573557,125.46674040088631,126.68323043372668,128.29259863274143,133.8831865266932,138.5674202954114,144.30644216329097,148.76023178562383,83.51832459557124,108.83456072927645,114.97573406993374,120.57421625995588,123.07014208712332,124.8100230442028,130.6294092376579,134.7095812838491,138.14941050958055,138.67375951686338,141.48315823050947,143.17813632470637,120.71847997193885,127.48256248321472,132.41834445552172,106.5935497668071,112.91427322223527,118.4666890928271,121.51880016551107,127.64154546480289,128.20315475959777,103.3221226544474,109.5042260181902,110.46771602851724,110.94716362732235,104.3348263292924,109.52525502064339,112.96560514817402,118.41270327469975,122.25365602108964,102.67640074253394,105.79035032465632,106.96440073999874,108.10035496442858,108.48802621690932,109.59205293760047,110.54591980462124,111.02697905253152,116.1589321103185,122.40462526640614,151.1614744721822
97,163.91167884806325,163.84366414377072,158.95443097281233,153.1729290053302,149.65765462059153,147.81887594984292,135.851235998708,128.83511527568734,128.47575473249987,123.37342634244106,116.91966828995722,110.8947330205954,104.74984888824592,97.97707146683308,92.60146061782251,84.18142083169322,78.93935730670613,49.018923486321796,46.3112325881578,43.679155461628284,39.4195410424584,34.07908506941639,33.12388352000391,26.838969121223283,33.22761174405156,42.3747305004195,48.49563743954883,51.410328649574915,53.94316597719513,60.162717653379154,63.049709742031524,67.09514274666334,70.1109712078238,75.20557185881853,81.6168993355571,85.045062475815,86.01473985642393,43.81640810890467,49.81134105264976,57.66347592158828,60.721240464518274,68.53306675546969,74.23526589264476,75.67286841072826,77.99372084033251,81.38972717130424,86.95209006849102,89.62953119762906,93.76399972453794,95.79398051262436,99.52687818065654,100.05739585236975,103.84228422588889,105.68417808819477,105.96890076028114,84.65543991276421,87.98846301499438,89.73429805874852,76.6414196091632,81.90050222878423,89.29117709648071,20.54167439104635,15.83260446717657,19.054347981547497,22.30257125672228,31.65694020314745,37.92514721091354,41.77382131899697,42.269912210929085,38.362587524354396,38.9751160908498,39.86942099344341,69.52902408387287,71.21495439085477,73.17085520633596,75.82734875987603,79.14866852767918,81.48971636999254,69.8706380619801,74.5999028039881,79.92954350482339,83.6379954072625,94.30461859410364,100.06867614739892,104.12201435321965,111.77787213443855,117.44505946033028,123.1950537145247,131.79885673777943,136.9793599755043,142.12921585538226,143.78662743211808,145.4210491243215,150.89746385301152,153.56342792059021,156.5515249945266,7.856155124281808,0.0,1.0888677006362826,46.780980373304175,48.13569049946059,51.26182531742282,153.9626283768771,157.83481278671573,32.47568087556263,33.95221842025017,34.82123815855283,40.430207886755205,66.8274708892566,69.76310540329271,117.5782639057479,120.13239906707379,122.94882790384032,127.5706695058977,131.07275002421594,135.70312735630188,138.3705487454723,146.42708242794913,34.21170244205159,36.68661531350325,37.45476034223218,131.70297563080408,137.18062505442197,140.72370851771493,143.88024891313577,145.3245405899147,146.39987183647568,47.598835755329446,48.94135093215239,49.68529313420845,50.250203746606545,52.94656666728321,55.31102389886934,43.54247531309627,47.10153600378417,119.02317284086043,121.48183340747778,56.84434117485445,97.89405612698981,98.98749530164126,104.56699329360644,110.2166875992854,91.7284927455482,93.89307212314479,94.89145913265189,82.24060585839078,83.15668718665809,87.23570961856504,94.80557309157432,118.4319205597243,123.42980901386173,125.69192439553436,128.31247128502136,131.27972911001737,133.3228955251681,134.53938555800846,136.14875375702323,141.739341650975,146.4235754196932,152.1625972875728,156.61638690990566,91.37447971985304,116.69071585355825,122.83188919421553,128.43037138423767,130.9262972114051,132.66617816848458,138.48556436193968,142.56573640813087,146.00556563386232,146.52991464114515,149.33931335479124,151.03429144898814,128.57463509622065,135.3387176074965,140.27449957980352,114.4497048910889,120.77042834651706,126.3228442171089,129.37495528979287,135.4977005890847,136.0593098838796,111.1782777787292,117.360381142472,118.32387115279904,118.80331875160415,112.1909814535742,117.38141014492518,120.82176027245582,126.26885839898155,130.10981114537145,110.53255586681574,113.64650544893811,114.82055586428054,115.95651008871037,116.34418134119112,117.44820806188227,118.40207492890303,118.88313417681331,124.0150872346003,130.26078039068793,159.017629596464
98,165.00054654869953,164.932531844407,160.04329867344862,154.26179670596647,150.74652232122781,148.9077436504792,136.9401036993443,129.92398297632363,129.56462243313615,124.46229404307735,118.0085359905935,111.98360072123168,105.8387165888822,99.06593916746937,93.6903283184588,85.2702885323295,80.02822500734241,50.10779118695808,47.400100288794086,44.76802316226457,40.508408743094684,35.16795277005267,34.21275122064019,27.927836821859565,34.316479444687836,43.46359820105578,49.58450514018511,52.49919635021119,55.03203367783141,61.25158535401543,64.1385774426678,68.18401044729961,71.19983890846007,76.2944395594548,82.70576703619336,86.13393017645127,87.1036075570602,44.90527580954095,50.900208753286044,58.752343622224565,61.81010816515456,69.62193445610598,75.32413359328105,76.76173611136454,79.0825885409688,82.47859487194053,88.0409577691273,90.71839889826535,94.85286742517422,96.88284821326064,100.61574588129282,101.14626355300604,104.93115192652517,106.77304578883106,107.05776846091743,85.7443076134005,89.07733071563067,90.8231657593848,77.73028730979948,82.98936992942052,90.380044797117,21.63054209168263,16.92147216781285,20.14321568218378,23.391438957358563,32.74580790378373,39.01401491154982,42.86268901963325,43.358779911565364,39.451455224990674,40.06398379148608,40.95828869407969,70.61789178450915,72.30382209149106,74.25972290697224,76.91621646051232,80.23753622831546,82.57858407062882,70.95950576261639,75.68877050462439,81.01841120545967,84.72686310789878,95.39348629473993,101.1575438480352,105.21088205385594,112.86673983507484,118.53392716096657,124.28392141516099,132.88772443841572,138.0682276761406,143.21808355601854,144.87549513275437,146.5099168249578,151.9863315536478,154.6522956212265,157.6403926951629,8.945022824918091,1.0888677006362826,0.0,47.86984807394045,49.224558200096865,52.3506930180591,155.05149607751338,158.92368048735202,33.56454857619891,35.04108612088645,35.91010585918911,41.519075587391484,67.91633858989289,70.851973103929,118.66713160638419,121.22126676771008,124.03769560447661,128.659537206534,132.16161772485225,136.7919950569382,139.4594164461086,147.51595012858544,35.300570142687874,37.77548301413954,38.54362804286846,132.79184333144036,138.26949275505825,141.8125762183512,144.96911661377206,146.413408290551,147.48873953711197,48.68770345596573,50.030218632788674,50.774160834844736,51.33907144724283,54.03543436791949,56.39989159950562,44.631343013732554,48.190403704420454,120.11204054149671,122.57070110811406,57.933208875490735,98.9829238276261,100.07636300227755,105.65586099424273,111.30555529992168,92.81736044618448,94.98193982378108,95.98032683328817,83.32947355902706,84.24555488729438,88.32457731920132,95.8944407922106,119.52078826036059,124.51867671449801,126.78079209617064,129.40133898565765,132.36859681065366,134.41176322580438,135.62825325864475,137.23762145765951,142.8282093516113,147.5124431203295,153.25146498820908,157.70525461054194,92.46334742048933,117.77958355419453,123.92075689485182,129.51923908487396,132.0151649120414,133.75504586912086,139.57443206257597,143.65460410876716,147.0944333344986,147.61878234178144,150.42818105542753,152.12315914962443,129.66350279685693,136.4275853081328,141.3633672804398,115.53857259172518,121.85929604715335,127.41171191774518,130.46382299042915,136.586568289721,137.14817758451588,112.26714547936548,118.44924884310828,119.41273885343533,119.89218645224044,113.27984915421048,118.47027784556147,121.9106279730921,127.35772609961784,131.19867884600774,111.62142356745203,114.7353731495744,115.90942356491682,117.04537778934666,117.4330490418274,118.53707576251855,119.49094262953932,119.9720018774496,125.10395493523659,131.3496480913242,160.10649729710028
99,157.01472097892085,156.94670627462833,152.05747310366993,146.2759711361878,142.76069675144913,140.92191808070052,128.9542781295656,121.93815740654493,121.57879686335745,116.47646847329867,110.02271042081482,103.997775151453,97.85289101910352,91.08011359769068,85.70450274868013,77.28446296255083,72.04239943756374,42.12196561717941,39.41427471901542,36.7821975924859,32.522583173316015,27.182127200274,26.226925650861517,19.94201125208089,13.553368629252617,4.406249872884671,10.527156812013999,13.441848022040084,15.974685349660295,22.19423702584432,25.081229114496686,29.126662119128504,32.14249058028896,37.237091231283685,43.64841870802225,47.07658184828016,48.04625922888909,36.919450239762284,42.914383183507375,50.766518052445896,53.82428259537589,61.63610888632731,67.33830802350238,68.77591054158587,71.09676297119013,74.49276930216186,80.05513219934863,82.73257332848668,86.86704185539556,88.89702264348198,92.62992031151416,93.16043798322737,96.9453263567465,98.78722021905239,99.07194289113876,77.75848204362183,81.091505145852,82.83734018960614,69.7444617400208,75.00354435964184,82.39421922733831,26.23930598225782,30.948375906127602,34.17011942049853,37.41834269567332,46.772711642098486,53.04091864986458,56.88959275794801,57.38568364988012,53.47835896330543,54.09088752980084,54.98519243239445,62.632066214730486,64.31799652171239,66.27389733719357,68.93039089073365,72.25171065853681,74.59275850085017,62.973680192837726,67.70294493484573,73.03258563568102,76.74103753812011,87.40766072496126,93.17171827825653,97.22505648407727,104.88091426529617,110.5481015911879,116.29809584538232,124.90189886863705,130.0824021063619,135.23225798623986,136.88966956297568,138.52409125517912,144.00050598386912,146.66647005144782,149.6545671253842,38.92482524902236,46.78098037330417,47.86984807394045,0.0,1.3547101261564092,4.480844944118642,147.0656705077347,150.93785491757333,25.578723006420233,27.05526055110777,27.92428028941043,33.53325001761281,59.930513020114226,62.866147534150336,110.68130603660552,113.23544119793141,116.05187003469794,120.67371163675531,124.17579215507355,128.80616948715948,131.4735908763299,139.53012455880673,27.3147445729092,29.78965744436086,30.55780247308978,124.8060177616617,130.2836671852796,133.82675064857256,136.9832910439934,138.42758272077234,139.5029139673333,40.70187788618706,42.044393063010006,42.78833526506607,43.35324587746416,46.049608798140824,48.41406602972695,36.645517443953885,40.204578134641785,112.12621497171804,114.5848755383354,49.947383305712066,90.99709825784743,92.09053743249888,97.67003542446406,103.31972973014301,84.83153487640581,86.9961142540024,87.9945012635095,75.3436479892484,76.2597293175157,80.33875174942266,87.90861522243193,111.5349626905819,116.53285114471933,118.79496652639196,121.41551341587896,124.38277124087497,126.42593765602571,127.64242768886608,129.25179588788083,134.8423837818326,139.5266175505508,145.2656394184304,149.71942904076326,84.47752185071067,109.79375798441585,115.93493132507314,121.53341351509528,124.02933934226272,125.7692202993422,131.5886064927973,135.6687785389885,139.10860776471998,139.6329567720028,142.44235548564887,144.13733357984577,121.67767722707825,128.4417597383541,133.37754171066112,107.5527470219465,113.87347047737467,119.4258863479665,122.47799742065047,128.6007427199423,129.1623520147372,104.2813199095868,110.4634232733296,111.42691328365665,111.90636088246175,105.2940235844318,110.48445227578279,113.92480240331342,119.37190052983915,123.21285327622904,103.63559799767334,106.74954757979572,107.92359799513814,109.05955221956798,109.44722347204872,110.55125019273987,111.50511705976064,111.98617630767092,117.1181293654579,123.36382252154554,152.1206717273216
100,158.36943110507727,158.30141640078475,153.41218322982635,147.6306812623442,144.11540687760555,142.27662820685694,130.30898825572203,123.29286753270135,122.93350698951387,117.83117859945509,111.37742054697124,105.35248527760942,99.20760114525994,92.4348237238471,87.05921287483655,78.63917308870725,73.39710956372016,43.476675743335825,40.76898484517183,38.13690771864231,33.87729329947243,28.536837326430412,27.58163577701793,21.2967213782373,14.908078755409027,5.760959999041081,11.881866938170408,14.796558148196493,17.329395475816703,23.54894715200073,26.435939240653095,30.481372245284916,33.49720070644537,38.5918013574401,45.00312883417866,48.431291974436576,49.400969355045504,38.274160365918696,44.26909330966379,52.12122817860231,55.1789927215323,62.99081901248372,68.69301814965878,70.13062066774228,72.45147309734654,75.84747942831827,81.40984232550504,84.08728345464309,88.22175198155196,90.25173276963838,93.98463043767056,94.51514810938377,98.30003648290291,100.14193034520879,100.42665301729517,79.11319216977823,82.4462152720084,84.19205031576254,71.09917186617722,76.35825448579826,83.74892935349473,27.594016108414234,32.303086032284014,35.52482954665494,38.77305282182972,48.12742176825489,54.395628776020985,58.244302884104414,58.74039377603653,54.83306908946184,55.44559765595724,56.339902558550854,63.9867763408869,65.6727066478688,67.62860746334998,70.28510101689005,73.6064207846932,75.94746862700656,64.32839031899414,69.05765506100214,74.38729576183742,78.09574766427653,88.76237085111768,94.52642840441295,98.57976661023369,106.23562439145259,111.90281171734432,117.65280597153874,126.25660899479347,131.43711223251833,136.58696811239628,138.2443796891321,139.87880138133553,145.35521611002554,148.02118017760424,151.00927725154062,40.279535375178774,48.13569049946058,49.224558200096865,1.3547101261564092,0.0,3.1261348179622335,148.4203806338911,152.29256504372975,26.933433132576646,28.409970677264184,29.27899041556684,34.88796014376922,61.28522314627064,64.22085766030675,112.03601616276194,114.59015132408783,117.40658016085436,122.02842176291173,125.53050228122997,130.1608796133159,132.8283010024863,140.88483468496315,28.66945469906561,31.14436757051727,31.91251259924619,126.16072788781813,131.63837731143602,135.18146077472898,138.33800117014982,139.78229284692875,140.85762409348973,42.056588012343475,43.39910318916642,44.14304539122248,44.70795600362057,47.404318924297236,49.768776155883366,38.0002275701103,41.5592882607982,113.48092509787446,115.93958566449182,51.30209343186848,92.35180838400385,93.4452475586553,99.02474555062048,104.67443985629943,86.18624500256223,88.35082438015883,89.34921138966592,76.69835811540482,77.61443944367213,81.69346187557908,89.26332534858835,112.88967281673833,117.88756127087575,120.14967665254838,122.77022354203538,125.73748136703139,127.78064778218213,128.9971378150225,130.60650601403728,136.19709390798906,140.88132767670726,146.62034954458682,151.07413916691968,85.83223197686709,111.14846811057227,117.28964145122956,122.8881236412517,125.38404946841914,127.12393042549861,132.94331661895373,137.02348866514492,140.4633178908764,140.98766689815923,143.7970656118053,145.4920437060022,123.03238735323467,129.79646986451053,134.73225183681754,108.90745714810292,115.22818060353109,120.78059647412292,123.83270754680689,129.95545284609872,130.51706214089361,105.63603003574322,111.81813339948602,112.78162340981306,113.26107100861817,106.64873371058822,111.8391624019392,115.27951252946984,120.72661065599557,124.56756340238546,104.99030812382976,108.10425770595214,109.27830812129456,110.4142623457244,110.80193359820514,111.90596031889629,112.85982718591706,113.34088643382734,118.47283949161432,124.71853264770196,153.475381853478
101,161.4955659230395,161.42755121874697,156.53831804778858,150.75681608030644,147.24154169556778,145.40276302481917,133.43512307368425,126.41900235066358,126.0596418074761,120.95731341741731,114.50355536493346,108.47862009557164,102.33373596322217,95.56095854180933,90.18534769279877,81.76530790666948,76.52324438168239,46.60281056129806,43.89511966313406,41.263042536604544,37.00342811743466,31.662972144392644,30.70777059498016,24.422856196199533,18.03421357337126,8.887094817003312,15.00800175613264,17.922692966158724,20.455530293778935,26.67508196996296,29.562074058615327,33.60750706324715,36.6233355244076,41.71793617540233,48.12926365214089,51.55742679239881,52.527104173007736,41.40029518388093,47.39522812762602,55.24736299656454,58.305127539494535,66.11695383044595,71.81915296762102,73.25675548570452,75.57760791530877,78.9736142462805,84.53597714346728,87.21341827260532,91.3478867995142,93.37786758760062,97.1107652556328,97.64128292734601,101.42617130086515,103.26806516317103,103.5527878352574,82.23932698774047,85.57235008997064,87.31818513372478,74.22530668413944,79.48438930376048,86.87506417145696,30.720150926376466,35.429220850246246,38.650964364617174,41.89918763979196,51.25355658621713,57.52176359398322,61.37043770206665,61.866528593998765,57.959203907424076,58.57173247391948,59.46603737651309,67.11291115884913,68.79884146583103,70.75474228131222,73.41123583485229,76.73255560265545,79.07360344496881,67.45452513695636,72.18378987896436,77.51343057979965,81.22188248223875,91.8885056690799,97.65256322237518,101.70590142819592,109.36175920941481,115.02894653530655,120.77894078950096,129.38274381275568,134.56324705048056,139.7131029303585,141.37051450709433,143.00493619929776,148.48135092798776,151.14731499556646,154.13541206950285,43.405670193141006,51.26182531742281,52.3506930180591,4.480844944118642,3.1261348179622335,0.0,151.54651545185334,155.41869986169198,30.059567950538877,31.536105495226415,32.40512523352908,38.01409496173145,64.41135796423286,67.34699247826897,115.16215098072416,117.71628614205005,120.53271497881659,125.15455658087396,128.6566370991922,133.28701443127815,135.95443582044857,144.0109695029254,31.795589517027842,34.27050238847951,35.03864741720843,129.28686270578035,134.76451212939824,138.3075955926912,141.46413598811205,142.90842766489098,143.98375891145196,45.18272283030571,46.52523800712865,47.26918020918471,47.834090821582805,50.53045374225947,52.8949109738456,41.12636238807253,44.68542307876043,116.60705991583669,119.06572048245404,54.42822824983071,95.47794320196607,96.57138237661752,102.1508803685827,107.80057467426165,89.31237982052446,91.47695919812105,92.47534620762815,79.82449293336704,80.74057426163435,84.8195966935413,92.38946016655058,116.01580763470055,121.01369608883797,123.2758114705106,125.8963583599976,128.86361618499362,130.90678260014434,132.1232726329847,133.73264083199948,139.32322872595125,144.00746249466945,149.74648436254904,154.2002739848819,88.95836679482932,114.27460292853449,120.41577626919178,126.01425845921392,128.51018428638136,130.25006524346082,136.06945143691593,140.14962348310712,143.58945270883856,144.1138017161214,146.9232004297675,148.6181785239644,126.15852217119689,132.92260468247275,137.85838665477976,112.03359196606515,118.35431542149331,123.90673129208514,126.95884236476911,133.08158766406095,133.64319695885584,108.76216485370544,114.94426821744824,115.90775822777529,116.3872058265804,109.77486852855044,114.96529721990143,118.40564734743207,123.8527454739578,127.69369822034768,108.11644294179199,111.23039252391436,112.40444293925678,113.54039716368662,113.92806841616736,115.03209513685852,115.98596200387928,116.46702125178956,121.59897430957655,127.84466746566419,156.60151667144024
102,159.99559261152808,159.92757790723556,155.03834473627717,149.25684276879502,145.74156838405636,143.90278971330775,131.93514976217284,124.91902903915216,124.55966849596469,119.4573401059059,113.00358205342205,106.97864678406023,100.83376265171076,94.06098523029792,88.68537438128736,80.26533459515807,75.02327107017098,104.94370489055531,107.65139578871931,110.28347291524882,114.5430873344187,119.88354330746071,120.83874485687319,127.12365925565382,133.5123018784821,142.65942063485005,148.78032757397938,151.69501878400547,154.22785611162567,160.4474077878097,163.33439987646207,167.3798328810939,170.39566134225436,175.49026199324908,181.90158946998764,185.32975261024555,186.2994299908545,118.93995440086496,124.93488734461005,132.78702221354857,135.84478675647856,143.65661304742997,149.35881218460503,150.79641470268854,153.1172671322928,156.5132734632645,162.07563636045128,164.75307748958932,168.8875460164982,170.9175268045846,174.6504244726168,175.18094214433,178.96583051784913,180.807724380155,181.0924470522414,159.77898620472448,163.11200930695463,164.85784435070877,151.76496590112347,157.02404852074451,164.414723388441,133.42095398583075,138.13002390970053,141.35176742407145,144.59999069924623,153.9543596456714,160.22256665343747,164.0712407615209,164.567331653453,160.66000696687834,161.27253553337374,162.16684043596734,144.65257037583316,146.33850068281507,148.29440149829625,150.95089505183634,154.2722148196395,156.61326266195283,144.9941843539404,149.7234490959484,155.0530897967837,70.32463296961461,59.658009782773455,53.89395222947818,49.84061402365745,42.18475624243855,36.517568916546814,30.767574662352388,22.163771639097664,16.983268401372797,11.833412521494846,10.176000944759014,8.54157925255558,14.01799398124558,16.683958048824277,19.672055122760668,146.1064732525953,153.9626283768771,155.05149607751338,147.06567050773472,148.42038063389114,151.54651545185337,0.0,3.8721844098386375,132.76037100999318,134.23690855468072,135.10592829298338,140.71489802118575,141.95101718121688,144.886651695253,36.65077336196444,39.20490852329032,42.021337360056854,46.64317896211423,50.145259480432465,54.7756368125184,57.44305820168882,65.49959188416565,134.49639257648212,136.9713054479338,137.7394504766627,39.27549657863177,44.75314600224966,48.29622946554262,51.45276986096348,52.89706153774241,53.97239278430337,122.72238204728974,124.06489722411268,124.80883942616875,125.37375003856684,128.0701129592435,130.43457019082962,118.66602160505657,122.22508229574447,49.430056948860425,51.88871751547777,112.76912257908796,63.24744731565963,64.34088649031108,69.92038448227626,75.57007878795521,78.41513030790031,80.57970968549691,81.578096695004,78.32451962185563,79.24060095012294,83.31962338202989,90.88948685503917,114.51583432318914,119.51372277732656,121.77583815899919,124.3963850484862,127.3636428734822,129.40680928863293,130.6232993214733,132.23266752048806,137.82325541443984,142.50748918315804,148.2465110510376,152.70030067337046,78.06111728220517,112.77462961702308,118.91580295768037,124.51428514770251,127.01021097486995,128.7500919319494,134.56947812540452,138.6496501715957,142.08947939732718,142.61382840461002,145.42322711825608,147.11820521245298,124.65854885968548,131.42263137096134,136.35841334326835,110.53361865455373,116.8543421099819,122.40675798057373,125.4588690532577,131.58161435254954,132.14322364734443,107.26219154219403,113.44429490593683,114.40778491626388,114.88723251506899,108.27489521703903,113.46532390839002,116.90567403592065,122.35277216244639,126.19372490883627,106.61646963028058,109.73041921240295,110.90446962774537,112.04042385217521,112.42809510465595,113.5321218253471,114.48598869236787,114.96704794027815,120.09900099806514,126.34469415415278,155.10154335992883
103,163.86777702136672,163.7997623170742,158.9105291461158,153.12902717863366,149.613752793895,147.7749741231464,135.80733417201148,128.79121344899082,128.43185290580334,123.32952451574454,116.87576646326069,110.85083119389887,104.7059470615494,97.93316964013655,92.557558791126,84.1375190049967,78.89545548000962,108.81588930039395,111.52358019855795,114.15565732508746,118.41527174425734,123.75572771729935,124.71092926671183,130.99584366549246,137.38448628832072,146.53160504468866,152.652511983818,155.56720319384408,158.10004052146428,164.31959219764832,167.20658428630068,171.2520172909325,174.26784575209297,179.3624464030877,185.77377387982625,189.20193702008416,190.1716144006931,122.8121388107036,128.80707175444869,136.6592066233872,139.7169711663172,147.5287974572686,153.23099659444367,154.66859911252718,156.98945154213143,160.38545787310315,165.94782077028992,168.62526189942795,172.75973042633683,174.78971121442325,178.52260888245542,179.0531265541686,182.83801492768774,184.67990878999362,184.96463146208,163.6511706145631,166.98419371679327,168.7300287605474,155.6371503109621,160.89623293058315,168.28690779827963,137.2931383956694,142.00220831953916,145.2239518339101,148.47217510908487,157.82654405551006,164.09475106327614,167.94342517135956,168.43951606329168,164.532191376717,165.1447199432124,166.039024845806,148.5247547856718,150.2106850926537,152.1665859081349,154.82307946167498,158.14439922947813,160.48544707179147,148.86636876377904,153.59563350578705,158.92527420662233,74.19681737945325,63.53019419261209,57.76613663931682,53.71279843349609,46.05694065227719,40.38975332638545,34.639759072191026,26.035956048936303,20.855452811211435,15.705596931333481,14.04818535459765,12.413763662394217,17.890178391084216,20.556142458662915,23.544239532599306,149.97865766243393,157.83481278671573,158.92368048735202,150.93785491757333,152.29256504372975,155.41869986169198,3.8721844098386375,0.0,136.63255541983182,138.10909296451936,138.97811270282202,144.58708243102438,145.82320159105552,148.75883610509163,40.52295777180308,43.07709293312896,45.89352176989549,50.515363371952866,54.0174438902711,58.64782122235704,61.31524261152746,69.37177629400429,138.36857698632076,140.84348985777243,141.61163488650135,43.147680988470405,48.625330412088296,52.16841387538126,55.32495427080212,56.76924594758105,57.84457719414201,126.59456645712838,127.93708163395132,128.68102383600737,129.24593444840548,131.94229736908213,134.30675460066826,122.53820601489521,126.09726670558311,53.302241358699064,55.76090192531641,116.6413069889266,67.11963172549827,68.21307090014972,73.7925688921149,79.44226319779385,82.28731471773895,84.45189409533555,85.45028110484265,82.19670403169427,83.11278535996158,87.19180779186853,94.7616712648778,118.38801873302778,123.3859071871652,125.64802256883783,128.26856945832483,131.23582728332084,133.27899369847157,134.49548373131194,136.1048519303267,141.69543982427848,146.37967359299668,152.11869546087627,156.57248508320913,81.93330169204381,116.64681402686172,122.78798736751901,128.38646955754115,130.8823953847086,132.62227634178805,138.44166253524315,142.52183458143435,145.9616638071658,146.48601281444863,149.29541152809472,150.99038962229162,128.53073326952412,135.29481578079998,140.230597753107,114.40580306439237,120.72652651982054,126.27894239041237,129.33105346309634,135.45379876238817,136.01540805718307,111.13437595203267,117.31647931577547,118.27996932610252,118.75941692490763,112.14707962687767,117.33750831822866,120.77785844575929,126.22495657228502,130.06590931867493,110.48865404011921,113.60260362224159,114.77665403758401,115.91260826201385,116.30027951449459,117.40430623518574,118.35817310220651,118.83923235011679,123.97118540790377,130.2168785639914,158.97372776976746
104,142.7094214811793,142.64140677688678,137.7521736059284,131.97067163844625,128.4553972537076,126.61661858295898,114.64897863182406,107.63285790880339,107.27349736561591,102.17116897555712,95.71741092307327,89.69247565371145,83.54759152136198,76.77481409994914,71.39920325093858,62.97916346480929,57.7370999398222,27.81666611943787,25.10897522127387,22.476898094744357,18.21728367557447,12.876827702532456,11.921626153119973,5.636711754339346,12.025354377167616,21.17247313353556,27.29338007266489,30.208071282690973,32.74090861031119,38.96046028649521,41.84745237514758,45.8928853797794,48.90871384093985,54.00331449193458,60.414641968673145,63.84280510893106,64.81248248953999,22.61415074202074,28.60908368576583,36.46121855470435,39.51898309763435,47.33080938858576,53.033008525760835,54.47061104384433,56.79146347344858,60.1874698044203,65.74983270160708,68.42727383074512,72.561742357654,74.59172314574042,78.3246208137726,78.85513848548581,82.64002685900495,84.48192072131083,84.7666433933972,63.453182545880274,66.78620564811044,68.53204069186458,55.43916224227926,60.6982448619003,68.08891972959678,11.93400648451628,16.643076408386058,19.864819922756986,23.11304319793177,32.46741214435694,38.735619152123036,42.584293260206465,43.08038415213858,39.17305946556389,39.785588032059295,40.679892934652905,48.32676671698894,50.012697023970844,51.96859783945203,54.62509139299211,57.946411160795265,60.287459003108616,48.66838069509618,53.39764543710418,58.727286137939466,62.43573804037857,73.10236122721972,78.86641878051499,82.91975698633573,90.57561476755463,96.24280209344636,101.99279634764078,110.5965993708955,115.77710260862037,120.92695848849831,122.58437006523414,124.21879175743757,129.69520648612757,132.36117055370627,135.34926762764266,24.61952575128082,32.475680875562624,33.56454857619891,25.578723006420233,26.933433132576642,30.059567950538877,132.76037100999315,136.6325554198318,0.0,1.4765375446875384,2.3455572829901965,7.954527011192573,45.62521352237268,48.56084803640879,96.37600653886398,98.93014170018986,101.7465705369564,106.36841213901377,109.87049265733201,114.50086998941794,117.16829137858835,125.22482506106519,13.009445075167655,15.484357946619316,16.252502975348236,110.50071826392016,115.97836768753805,119.52145115083101,122.67799154625187,124.1222832230308,125.19761446959177,26.39657838844552,27.739093565268462,28.48303576732452,29.047946379722614,31.744309300399273,34.1087665319854,22.340217946212345,25.899278636900245,97.8209154739765,100.27957604059385,35.64208380797052,76.69179876010588,77.78523793475733,83.36473592672252,89.01443023240147,70.52623537866427,72.69081475626086,73.68920176576796,61.03834849150686,61.95442981977418,66.03345225168113,73.6033157246904,97.22966319284036,102.22755164697779,104.48966702865042,107.11021391813742,110.07747174313343,112.12063815828417,113.33712819112453,114.94649639013929,120.53708428409107,125.22131805280928,130.96033992068885,135.41412954302172,70.17222235296913,95.4884584866743,101.6296318273316,107.22811401735373,109.72403984452117,111.46392080160065,117.28330699505575,121.36347904124695,124.8033082669784,125.32765727426124,128.1370559879073,129.8320340821042,107.3723777293367,114.13646024061258,119.07224221291958,93.24744752420496,99.56817097963312,105.12058685022495,108.17269792290892,114.29544322220075,114.85705251699562,89.97602041184525,96.15812377558805,97.1216137859151,97.60106138472021,90.98872408669025,96.17915277804124,99.61950290557188,105.06660103209761,108.9075537784875,89.3302984999318,92.44424808205417,93.6182984973966,94.75425272182643,95.14192397430718,96.24595069499833,97.19981756201909,97.68087680992937,102.81282986771636,109.058523023804,137.81537222958005
105,144.18595902586685,144.11794432157433,139.22871115061594,133.4472091831338,129.93193479839513,128.09315612764652,116.12551617651161,109.10939545349093,108.75003491030346,103.64770652024467,97.19394846776082,91.169013198399,85.02412906604953,78.25135164463669,72.87574079562613,64.45570100949683,59.213637484509746,29.293203664125407,26.585512765961408,23.953435639431895,19.69382122026201,14.353365247219994,13.398163697807512,7.113249299026884,13.501891921855155,22.6490106782231,28.769917617352426,31.68460882737851,34.217446154998726,40.43699783118275,43.32398991983512,47.36942292446694,50.38525138562739,55.47985203662212,61.89117951336068,65.31934265361859,66.28902003422752,24.09068828670828,30.08562123045337,37.93775609939189,40.995520642321885,48.8073469332733,54.509546070448366,55.94714858853186,58.26800101813611,61.664007349107834,67.22637024629461,69.90381137543265,74.03827990234153,76.06826069042795,79.80115835846013,80.33167603017334,84.11656440369248,85.95845826599836,86.24318093808473,64.9297200905678,68.26274319279797,70.00857823655211,56.9156997869668,62.17478240658784,69.56545727428431,13.410544029203818,18.119613953073596,21.341357467444524,24.589580742619308,33.94394968904447,40.21215669681057,44.060830804893996,44.55692169682611,40.64959701025142,41.262125576746826,42.156430479340436,49.80330426167648,51.48923456865838,53.44513538413957,56.10162893767965,59.4229487054828,61.763996547796154,50.14491823978372,54.87418298179172,60.203823682627004,63.91227558506611,74.57889877190726,80.34295632520254,84.39629453102327,92.05215231224217,97.7193396381339,103.46933389232832,112.07313691558305,117.25364015330791,122.40349603318586,124.06090760992168,125.69532930212512,131.17174403081512,133.83770809839382,136.8258051723302,26.096063295968356,33.95221842025016,35.04108612088645,27.05526055110777,28.40997067726418,31.536105495226415,134.2369085546807,138.10909296451933,1.4765375446875384,0.0,0.869019738302658,6.477989466505034,47.10175106706022,50.03738558109633,97.85254408355152,100.40667924487741,103.22310808164394,107.84494968370132,111.34703020201955,115.97740753410548,118.6448289232759,126.70136260575273,14.485982619855193,16.960895491306854,17.729040520035774,111.97725580860771,117.4549052322256,120.99798869551856,124.15452909093942,125.59882076771835,126.67415201427931,27.873115933133057,29.215631109956,29.959573312012058,30.524483924410152,33.22084684508681,35.58530407667294,23.816755490899883,27.375816181587783,99.29745301866404,101.7561135852814,37.11862135265806,78.16833630479343,79.26177547944488,84.84127347141006,90.49096777708901,72.00277292335181,74.16735230094841,75.1657393104555,62.514886036194405,63.43096736446172,67.50998979636867,75.07985326937795,98.70620073752791,103.70408919166533,105.96620457333796,108.58675146282496,111.55400928782097,113.59717570297171,114.81366573581208,116.42303393482683,122.01362182877861,126.69785559749683,132.4368774653764,136.89066708770926,71.64875989765667,96.96499603136185,103.10616937201914,108.70465156204128,111.20057738920872,112.9404583462882,118.7598445397433,122.84001658593449,126.27984581166595,126.80419481894879,129.61359353259485,131.30857162679175,108.84891527402425,115.61299778530012,120.54877975760712,94.7239850688925,101.04470852432067,106.5971243949125,109.64923546759647,115.77198076688829,116.33359006168317,91.4525579565328,97.6346613202756,98.59815133060265,99.07759892940776,92.4652616313778,97.65569032272879,101.09604045025942,106.54313857678515,110.38409132317504,90.80683604461935,93.92078562674172,95.09483604208414,96.23079026651398,96.61846151899472,97.72248823968587,98.67635510670664,99.15741435461692,104.2893674124039,110.53506056849155,139.2919097742676
106,145.0549787641695,144.98696405987698,140.0977308889186,134.31622892143645,130.8009545366978,128.96217586594918,116.99453591481426,109.97841519179359,109.61905464860611,104.51672625854732,98.06296820606347,92.03803293670165,85.89314880435218,79.12037138293934,73.74476053392878,65.32472074779949,60.0826572228124,30.16222340242806,27.454532504264062,24.82245537773455,20.562840958564664,15.222384985522652,14.26718343611017,7.982269037329543,14.370911660157814,23.51803041652576,29.638937355655088,32.55362856568117,35.08646589330139,41.30601756948541,44.19300965813778,48.2384426627696,51.25427112393005,56.34887177492478,62.760199251663344,66.18836239192126,67.15803977253019,24.959708025010933,30.954640968756024,38.806775837694545,41.86454038062454,49.676366671575956,55.37856580875102,56.816168326834514,59.137020756438766,62.53302708741049,68.09538998459726,70.77283111373531,74.90729964064418,76.9372804287306,80.67017809676278,81.200695768476,84.98558414199513,86.82747800430101,87.11220067638739,65.79873982887045,69.13176293110062,70.87759797485477,57.78471952526945,63.04380214489049,70.43447701258697,14.279563767506477,18.988633691376258,22.210377205747186,25.45860048092197,34.81296942734714,41.081176435113235,44.929850543196665,45.42594143512878,41.51861674855409,42.131145315049494,43.025450217643105,50.672323999979135,52.35825430696104,54.31415512244222,56.970648675982304,60.29196844378546,62.63301628609881,51.013937978086375,55.743202720094374,61.07284342092966,64.78129532336877,75.44791851020992,81.21197606350519,85.26531426932593,92.92117205054483,98.58835937643656,104.33835363063098,112.9421566538857,118.12265989161057,123.27251577148851,124.92992734822434,126.56434904042777,132.04076376911777,134.70672783669647,137.69482491063286,26.965083034271018,34.82123815855282,35.91010585918911,27.924280289410433,29.27899041556684,32.40512523352908,135.10592829298335,138.978112702822,2.3455572829901965,0.869019738302658,0.0,5.608969728202376,47.970770805362875,50.906405319398985,98.72156382185418,101.27569898318006,104.0921278199466,108.71396942200397,112.21604994032221,116.84642727240814,119.51384866157855,127.57038234405539,15.35500235815785,17.82991522960951,18.598060258338432,112.84627554691036,118.32392497052825,121.86700843382121,125.02354882924207,126.467840506021,127.54317175258197,28.74213567143571,30.084650848258654,30.828593050314712,31.393503662712806,34.089866583389465,36.454323814975595,24.685775229202537,28.244835919890438,100.1664727569667,102.62513332358405,37.987641090960715,79.03735604309608,80.13079521774753,85.71029320971272,91.35998751539167,72.87179266165447,75.03637203925106,76.03475904875816,63.38390577449706,64.29998710276438,68.37900953467133,75.9488730076806,99.57522047583056,104.57310892996799,106.83522431164062,109.45577120112762,112.42302902612363,114.46619544127437,115.68268547411473,117.29205367312949,122.88264156708127,127.56687533579948,133.30589720367905,137.75968682601192,72.51777963595933,97.8340157696645,103.9751891103218,109.57367130034393,112.06959712751137,113.80947808459085,119.62886427804595,123.70903632423715,127.1488655499686,127.67321455725144,130.4826132708975,132.1775913650944,109.7179350123269,116.48201752360278,121.41779949590978,95.59300480719516,101.91372826262332,107.46614413321515,110.51825520589912,116.64100050519095,117.20260979998582,92.32157769483545,98.50368105857825,99.4671710689053,99.94661866771041,93.33428136968045,98.52471006103144,101.96506018856208,107.41215831508781,111.2531110614777,91.675855782922,94.78980536504437,95.9638557803868,97.09981000481663,97.48748125729738,98.59150797798853,99.54537484500929,100.02643409291957,105.15838715070656,111.4040803067942,140.16092951257025
107,150.66394849237187,150.59593378807935,145.70670061712096,139.92519864963882,136.40992426490016,134.57114559415155,122.60350564301663,115.58738491999596,115.22802437680848,110.12569598674969,103.67193793426584,97.64700266490402,91.50211853255455,84.72934111114171,79.35373026213115,70.93369047600186,65.69162695101477,35.77119313063044,33.06350223246644,30.431425105936924,26.17181068676704,20.831354713725027,19.876153164312544,13.591238765531918,19.97988138836019,29.127000144728136,35.24790708385746,38.16259829388355,40.69543562150376,46.91498729768779,49.80197938634016,53.847412390971975,56.86324085213243,61.957841503127156,68.36916897986572,71.79733212012363,72.76700950073256,30.568677753213308,36.5636106969584,44.41574556589692,47.473510108826915,55.28533639977833,60.9875355369534,62.425138055036896,64.74599048464115,68.14199681561288,73.70435971279966,76.3818008419377,80.51626936884658,82.546250156933,86.27914782496518,86.80966549667839,90.59455387019753,92.43644773250341,92.72117040458978,71.40770955707285,74.74073265930302,76.48656770305716,63.39368925347183,68.65277187309287,76.04344674078936,19.888533495708852,24.597603419578633,27.81934693394956,31.067570209124344,40.42193915554951,46.6901461633156,50.53882027139903,51.034911163331145,47.127586476756456,47.74011504325186,48.63441994584547,56.28129372818151,57.96722403516341,59.9231248506446,62.57961840418468,65.90093817198783,68.24198601430119,56.62290770628875,61.35217244829675,66.68181314913203,70.39026505157113,81.05688823841228,86.82094579170756,90.8742839975283,98.5301417787472,104.19732910463892,109.94732335883334,118.55112638208807,123.73162961981294,128.88148549969088,130.5388970764267,132.17331876863014,137.64973349732014,140.31569756489884,143.30379463883523,32.57405276247339,40.4302078867552,41.519075587391484,33.53325001761281,34.88796014376922,38.01409496173145,140.71489802118572,144.58708243102436,7.954527011192572,6.477989466505034,5.608969728202376,0.0,53.57974053356525,56.51537504760136,104.33053355005654,106.88466871138243,109.70109754814897,114.32293915020634,117.82501966852458,122.4553970006105,125.12281838978092,133.17935207225776,20.963972086360226,23.438884957811887,24.207029986540807,118.45524527511273,123.93289469873062,127.47597816202358,130.63251855744443,132.07681023422336,133.15214148078434,34.35110539963809,35.69362057646103,36.43756277851709,37.002473390915185,39.69883631159185,42.06329354317798,30.294744957404912,33.853805648092816,105.77544248516907,108.23410305178642,43.59661081916309,84.64632577129845,85.7397649459499,91.31926293791508,96.96895724359403,78.48076238985684,80.64534176745343,81.64372877696053,68.99287550269942,69.90895683096673,73.98797926287368,81.55784273588296,105.18419020403293,110.18207865817035,112.44419403984298,115.06474092932999,118.031998754326,120.07516516947673,121.2916552023171,122.90102340133186,128.49161129528363,133.17584506400183,138.91486693188142,143.36865655421428,78.1267493641617,103.44298549786687,109.58415883852416,115.1826410285463,117.67856685571374,119.41844781279322,125.23783400624832,129.31800605243953,132.757835278171,133.28218428545384,136.09158299909987,137.78656109329677,115.32690474052927,122.09098725180515,127.02676922411214,101.20197453539753,107.52269799082569,113.07511386141752,116.12722493410149,122.24997023339331,122.81157952818819,97.93054742303782,104.11265078678062,105.07614079710767,105.55558839591278,98.94325109788282,104.13367978923381,107.57402991676445,113.02112804329018,116.86208078968006,97.28482551112437,100.39877509324674,101.57282550858916,102.708779733019,103.09645098549974,104.2004777061909,105.15434457321166,105.63540382112194,110.76735687890893,117.01305003499657,145.76989924077262
108,151.90006765240307,151.83205294811054,146.94281977715215,141.16131780967,137.64604342493135,135.80726475418274,123.83962480304783,116.82350408002715,116.46414353683967,111.36181514678088,104.90805709429704,98.88312182493522,92.73823769258574,85.9654602711729,80.58984942216233,72.16980963603304,66.92774611104595,37.00731229066161,34.29962139249761,31.6675442659681,27.407929846798215,32.74838581984023,33.70358736925271,39.98850176803334,46.37714439086161,55.524263147229554,61.64517008635888,64.55986129638497,67.09269862400518,73.3122503001892,76.19924238884157,80.24467539347339,83.26050385463384,88.35510450562857,94.76643198236714,98.19459512262505,99.16427250323397,23.011062780351946,17.016129836606854,9.16399496766833,6.106230424738333,13.918056715689747,19.620255852864815,21.05785837094831,23.378710800552565,26.77471713152429,32.33708002871106,35.014521157849096,39.148989684757964,41.17897047284439,44.91186814087657,45.44238581258978,49.22727418610891,51.06916804841478,51.353890720501155,30.04042987298426,33.37345297521443,35.11928801896857,22.026409569383244,27.285492189004284,34.67616705670076,46.285796498210274,50.99486642208005,54.21660993645098,57.46483321162576,66.81920215805093,73.08740916581702,76.93608327390045,77.43217416583256,73.52484947925788,74.1373780457533,75.0316829483469,14.91401404409293,16.59994435107483,18.555845166556015,21.212338720096092,24.533658487899245,26.8747063302126,15.255628022200163,19.984892764208162,25.314533465043446,71.62638421160231,82.29300739844346,88.05706495173874,92.11040315755947,99.76626093877837,105.4334482646701,111.18344251886452,119.78724554211925,124.96774877984411,130.11760465972208,131.7750162364579,133.40943792866133,138.88585265735134,141.55181672493003,144.53991379886642,58.97131576497481,66.82747088925662,67.9163385898929,59.930513020114226,61.28522314627064,64.41135796423288,141.9510171812169,145.82320159105555,45.62521352237268,47.10175106706022,47.97077080536288,53.57974053356526,0.0,2.93563451403611,105.56665271008772,108.12078787141361,110.93721670818015,115.55905831023752,119.06113882855576,123.69151616064168,126.3589375498121,134.41547123228895,47.36123508886165,49.83614796031331,50.604292989042236,119.6913644351439,125.16901385876179,128.71209732205475,131.8686377174756,133.31292939425452,134.3882606408155,35.58722455966926,36.9297397364922,37.67368193854826,38.23859255094636,40.93495547162302,43.29941270320915,31.53086411743609,35.08992480812399,107.01156164520025,109.4702222118176,44.83272997919426,85.88244493132963,86.97588410598108,92.55538209794626,98.20507640362521,79.71688154988802,81.88146092748461,82.87984793699171,70.2289946627306,71.14507599099791,75.22409842290486,82.79396189591414,106.42030936406412,111.41819781820155,113.68031319987418,116.30086008936118,119.26811791435719,121.31128432950793,122.5277743623483,124.13714256136305,129.72773045531483,134.41196422403303,140.1509860919126,144.60477571424548,79.36286852419286,104.67910465789807,110.82027799855535,116.4187601885775,118.91468601574493,120.65456697282441,126.47395316627951,130.55412521247072,133.9939544382022,134.51830344548503,137.32770215913106,139.02268025332796,116.56302390056047,123.32710641183634,128.26288838414334,102.43809369542872,108.75881715085688,114.31123302144871,117.36334409413269,123.4860893934245,124.04769868821938,99.16666658306902,105.34876994681181,106.31225995713886,106.79170755594397,100.17937025791402,105.369798949265,108.81014907679564,114.25724720332137,118.09819994971126,98.52094467115556,101.63489425327793,102.80894466862036,103.9448988930502,104.33257014553094,105.43659686622209,106.39046373324285,106.87152298115313,112.00347603894012,118.24916919502776,147.0060184008038
109,154.83570216643918,154.76768746214665,149.87845429118826,144.09695232370612,140.58167793896746,138.74289926821885,126.77525931708394,119.75913859406326,119.39977805087578,114.297449660817,107.84369160833315,101.81875633897133,95.67387220662185,88.90109478520901,83.52548393619844,75.10544415006915,69.86338062508206,39.94294680469772,37.23525590653372,34.60317878000421,30.343564360834325,35.68402033387634,36.63922188328882,42.92413628206945,49.31277890489772,58.459897661265664,64.580804600395,67.49549581042109,70.0283331380413,76.24788481422533,79.13487690287769,83.18030990750951,86.19613836866996,91.2907390196647,97.70206649640326,101.13022963666117,102.0999070172701,25.946697294388056,19.951764350642964,12.09962948170444,9.041864938774443,16.853691229725857,22.555890366900925,23.99349288498442,26.314345314588675,29.7103516455604,35.27271454274717,37.950155671885206,42.084624198794074,44.1146049868805,47.84750265491268,48.37802032662589,52.16290870014502,54.00480256245089,54.289525234537265,32.976064387020365,36.30908748925053,38.05492253300467,24.962044083419354,30.221126703040394,37.61180157073687,49.221431012246384,53.93050093611616,57.15224445048709,60.40046772566187,69.75483667208704,76.02304367985313,79.87171778793656,80.36780867986867,76.46048399329399,77.0730125597894,77.96731746238301,17.84964855812904,19.53557886511094,21.491479680592125,24.147973234132202,27.469293001935355,29.81034084424871,18.191262536236273,22.920527278244272,28.250167979079556,74.56201872563842,85.22864191247957,90.99269946577485,95.04603767159558,102.70189545281448,108.36908277870621,114.11907703290063,122.72288005615536,127.90338329388022,133.0532391737582,134.710650750494,136.34507244269744,141.82148717138745,144.48745123896614,147.47554831290253,61.90695027901092,69.76310540329273,70.85197310392901,62.866147534150336,64.22085766030675,67.34699247826899,144.88665169525302,148.75883610509166,48.56084803640879,50.03738558109633,50.90640531939899,56.51537504760137,2.93563451403611,0.0,108.50228722412383,111.05642238544972,113.87285122221625,118.49469282427363,121.99677334259187,126.6271506746778,129.29457206384822,137.35110574632506,50.29686960289776,52.77178247434942,53.539927503078346,122.62699894918,128.1046483727979,131.64773183609086,134.8042722315117,136.24856390829063,137.3238951548516,38.52285907370537,39.86537425052831,40.60931645258437,41.17422706498247,43.87058998565913,46.23504721724526,34.4664986314722,38.0255593221601,109.94719615923636,112.40585672585371,47.76836449323037,88.81807944536574,89.91151862001719,95.49101661198237,101.14071091766132,82.65251606392412,84.81709544152072,85.81548245102782,73.16462917676671,74.08071050503402,78.15973293694097,85.72959640995025,109.35594387810023,114.35383233223766,116.61594771391029,119.23649460339729,122.2037524283933,124.24691884354404,125.4634088763844,127.07277707539916,132.66336496935094,137.34759873806914,143.08662060594872,147.5404102282816,82.29850303822897,107.61473917193418,113.75591251259146,119.3543947026136,121.85032052978104,123.59020148686052,129.40958768031564,133.48975972650683,136.9295889522383,137.45393795952114,140.2633366731672,141.9583147673641,119.49865841459658,126.26274092587245,131.19852289817945,105.37372820946483,111.694451664893,117.24686753548482,120.2989786081688,126.42172390746062,126.9833332022555,102.10230109710513,108.28440446084792,109.24789447117497,109.72734206998008,103.11500477195013,108.30543346330111,111.74578359083175,117.19288171735748,121.03383446374737,101.45657918519167,104.57052876731404,105.74457918265647,106.8805334070863,107.26820465956705,108.3722313802582,109.32609824727896,109.80715749518924,114.93911055297623,121.18480370906387,149.94165291483992
110,123.61122814039892,123.5432134361064,118.653980265148,112.87247829766584,109.35720391292718,107.51842524217858,95.55078529104367,88.53466456802299,88.17530402483551,83.07297563477672,76.61921758229288,70.59428231293106,64.44939818058158,57.676620759168735,52.30100991015817,43.88097012402888,38.63890659904179,68.55934041942612,71.26703131759012,73.89910844411963,78.15872286328951,83.49917883633152,84.454380385744,90.73929478452463,97.1279374073529,106.27505616372085,112.39596310285017,115.31065431287627,117.84349164049648,124.0630433166805,126.95003540533287,130.9954684099647,134.01129687112515,139.10589752211988,145.51722499885844,148.94538813911635,149.9150655197253,82.55558992973577,88.55052287348086,96.40265774241938,99.46042228534938,107.2722485763008,112.97444771347587,114.41205023155936,116.73290266116362,120.12890899213535,125.69127188932212,128.36871301846017,132.50318154536905,134.53316233345546,138.26606000148763,138.79657767320083,142.58146604671995,144.42335990902583,144.70808258111222,123.39462173359532,126.72764483582549,128.47347987957963,115.3806014299943,120.63968404961534,128.03035891731182,97.03658951470156,101.74565943857134,104.96740295294227,108.21562622811705,117.56999517454221,123.83820218230831,127.68687629039174,128.18296718232386,124.27564249574917,124.88817106224458,125.78247596483818,108.26820590470398,109.95413621168588,111.91003702716706,114.56653058070714,117.88785034851028,120.22889819082364,108.60981988281121,113.33908462481921,118.66872532565449,33.94026849848542,23.27364531164427,17.509587758348996,13.456249552528263,5.800391771309361,0.13320444541762277,5.8831986996120476,14.487001722866768,19.667504960591636,24.81736084046959,26.474772417205422,28.109194109408854,33.58560883809885,36.25157290567755,39.23966997961394,109.7221087814661,117.57826390574792,118.6671316063842,110.68130603660552,112.03601616276192,115.16215098072416,36.65077336196443,40.52295777180307,96.37600653886398,97.85254408355152,98.72156382185418,104.33053355005656,105.56665271008771,108.50228722412382,0.0,2.554135161325884,5.37056399809242,9.992405600149795,13.494486118468032,18.124863450553967,20.792284839724385,28.848818522201224,98.11202810535293,100.5869409768046,101.35508600553352,14.391120615891428,19.86877003950932,23.411853502802288,26.568393898223142,28.012685575002077,29.088016821563045,86.33801757616055,87.6805327529835,88.42447495503956,88.98938556743765,91.68574848811431,94.05020571970044,82.28165713392738,85.84071782461528,13.04569247773123,15.504353044348578,76.38475810795877,26.86308284453044,27.956522019181893,33.53602001114707,39.18571431682602,42.030765836771124,44.19534521436772,45.193732223874825,41.94015515072645,42.856236478993765,46.935258910900714,54.50512238390999,78.13146985205996,83.12935830619739,85.39147368787002,88.01202057735702,90.97927840235303,93.02244481750377,94.23893485034414,95.84830304935889,101.43889094331067,106.12312471202888,111.86214657990845,116.31593620224132,41.67675281107598,76.3902651458939,82.5314384865512,88.12992067657333,90.62584650374077,92.36572746082025,98.18511365427536,102.26528570046655,105.70511492619801,106.22946393348084,109.0388626471269,110.7338407413238,88.27418438855631,95.03826689983218,99.97404887213918,74.14925418342456,80.46997763885273,86.02239350944456,89.07450458212853,95.19724988142035,95.75885917621522,70.87782707106486,77.05993043480765,78.0234204451347,78.50286804393981,71.89053074590986,77.08095943726084,80.52130956479148,85.96840769131721,89.8093604377071,70.2321051591514,73.34605474127378,74.5201051566162,75.65605938104603,76.04373063352678,77.14775735421793,78.1016242212387,78.58268346914898,83.71463652693596,89.9603296830236,118.71717888879962
111,126.16536330172481,126.09734859743229,121.20811542647388,115.42661345899172,111.91133907425306,110.07256040350447,98.10492045236956,91.08879972934888,90.7294391861614,85.62711079610261,79.17335274361876,73.14841747425695,67.00353334190747,60.23075592049462,54.85514507148406,46.435105285354766,41.19304176036767,71.11347558075201,73.82116647891601,76.45324360544552,80.7128580246154,86.05331399765741,87.00851554706989,93.29342994585052,99.68207256867879,108.82919132504674,114.95009826417606,117.86478947420215,120.39762680182237,126.6171784780064,129.50417056665876,133.5496035712906,136.56543203245104,141.66003268344576,148.07136016018433,151.49952330044223,152.46920068105118,85.10972509106166,91.10465803480675,98.95679290374527,102.01455744667527,109.82638373762668,115.52858287480176,116.96618539288525,119.28703782248951,122.68304415346124,128.245407050648,130.92284817978603,135.0573167066949,137.08729749478132,140.8201951628135,141.3507128345267,145.1356012080458,146.9774950703517,147.26221774243808,125.9487568949212,129.28177999715138,131.02761504090552,117.93473659132019,123.19381921094123,130.5844940786377,99.59072467602745,104.29979459989723,107.52153811426815,110.76976138944293,120.1241303358681,126.3923373436342,130.24101145171764,130.73710234364975,126.82977765707506,127.44230622357047,128.3366111261641,110.82234106602986,112.50827137301177,114.46417218849295,117.12066574203303,120.44198550983617,122.78303335214953,111.1639550441371,115.8932197861451,121.22286048698038,36.494403659811304,25.827780472970154,20.06372291967488,16.010384713854148,8.354526932635245,2.6873396067435067,8.437333860937931,17.041136884192653,22.22164012191752,27.37149600179547,29.028907578531303,30.663329270734735,36.13974399942474,38.80570806700344,41.79380514093983,112.276243942792,120.1323990670738,121.22126676771009,113.23544119793141,114.59015132408781,117.71628614205005,39.204908523290314,43.07709293312895,98.93014170018986,100.40667924487741,101.27569898318006,106.88466871138245,108.1207878714136,111.05642238544971,2.554135161325884,0.0,2.8164288367665358,7.43827043882391,10.940350957142147,15.57072828922808,18.2381496783985,26.29468336087534,100.66616326667882,103.14107613813049,103.90922116685941,16.945255777217312,22.422905200835203,25.96598866412817,29.122529059549024,30.56682073632796,31.642151982888926,88.89215273748644,90.23466791430938,90.97861011636545,91.54352072876354,94.2398836494402,96.60434088102633,84.83579229525327,88.39485298594117,15.599827639057114,18.058488205674465,78.93889326928466,29.417218005856324,30.510657180507778,36.09015517247296,41.73984947815191,44.584900998097005,46.7494803756936,47.747867385200706,44.49429031205233,45.410371640319646,49.489394072226595,57.05925754523587,80.68560501338585,85.68349346752328,87.9456088491959,90.56615573868291,93.53341356367892,95.57657997882966,96.79307001167003,98.40243821068478,103.99302610463656,108.67725987335477,114.41628174123434,118.8700713635672,44.23088797240186,78.9444003072198,85.08557364787708,90.68405583789922,93.17998166506666,94.91986262214614,100.73924881560124,104.81942086179244,108.2592500875239,108.78359909480673,111.5929978084528,113.28797590264969,90.8283195498822,97.59240206115807,102.52818403346507,76.70338934475045,83.02411280017861,88.57652867077044,91.62863974345441,97.75138504274624,98.31299433754111,73.43196223239075,79.61406559613354,80.57755560646059,81.0570032052657,74.44466590723574,79.63509459858673,83.07544472611737,88.5225428526431,92.36349559903299,72.78624032047729,75.90018990259966,77.07424031794208,78.21019454237192,78.59786579485267,79.70189251554382,80.65575938256458,81.13681863047486,86.26877168826185,92.51446484434949,121.27131405012551
112,128.98179213849133,128.9137774341988,124.02454426324041,118.24304229575826,114.7277679110196,112.888989240271,100.92134928913609,93.90522856611541,93.54586802292793,88.44353963286915,81.9897815803853,75.96484631102348,69.819962178674,63.04718475726116,57.67157390825059,49.2515341221213,44.009470597134204,73.92990441751854,76.63759531568255,79.26967244221206,83.52928686138193,88.86974283442395,89.82494438383642,96.10985878261705,102.49850140544532,111.64562016181327,117.7665271009426,120.68121831096869,123.2140556385889,129.43360731477293,132.3205994034253,136.36603240805712,139.38186086921758,144.4764615202123,150.88778899695086,154.31595213720877,155.2856295178177,87.9261539278282,93.92108687157328,101.7732217405118,104.8309862834418,112.64281257439322,118.34501171156829,119.78261422965178,122.10346665925604,125.49947299022777,131.06183588741453,133.73927701655256,137.87374554346144,139.90372633154786,143.63662399958002,144.16714167129322,147.95203004481235,149.79392390711823,150.07864657920462,128.76518573168772,132.09820883391788,133.84404387767202,120.75116542808672,126.01024804770776,133.40092291540424,102.40715351279398,107.11622343666376,110.33796695103469,113.58619022620947,122.94055917263464,129.20876618040074,133.05744028848417,133.5535311804163,129.6462064938416,130.258735060337,131.1530399629306,113.6387699027964,115.3247002097783,117.28060102525949,119.93709457879956,123.2584143466027,125.59946218891606,113.98038388090363,118.70964862291163,124.03928932374691,39.31083249657784,28.644209309736688,22.880151756441414,18.82681355062068,11.17095576940178,5.503768443510043,11.253762697704467,19.857565720959187,25.038068958684054,30.187924838562004,31.845336415297837,33.47975810750127,38.95617283619127,41.62213690376997,44.610233977706365,115.09267277955853,122.94882790384034,124.03769560447662,116.05187003469794,117.40658016085435,120.53271497881659,42.02133736005685,45.893521769895486,101.7465705369564,103.22310808164394,104.0921278199466,109.70109754814898,110.93721670818013,113.87285122221624,5.37056399809242,2.8164288367665358,0.0,4.6218416020573745,8.123922120375612,12.754299452461545,15.421720841631963,23.478254524108802,103.48259210344536,105.95750497489702,106.72565000362594,19.761684613983846,25.239334037601736,28.782417500894702,31.938957896315557,33.38324957309449,34.45858081965545,91.70858157425297,93.05109675107592,93.79503895313198,94.35994956553007,97.05631248620674,99.42076971779287,87.6522211320198,91.2112818227077,18.41625647582365,20.874917042441,81.7553221060512,32.23364684262286,33.32708601727431,38.906584009239495,44.556278314918444,47.40132983486354,49.565909212460134,50.56429622196724,47.31071914881886,48.22680047708618,52.30582290899313,59.87568638200241,83.50203385015239,88.49992230428981,90.76203768596244,93.38258457544944,96.34984240044545,98.39300881559619,99.60949884843656,101.21886704745131,106.80945494140309,111.4936887101213,117.23271057800088,121.68650020033374,47.04731680916839,81.76082914398633,87.90200248464362,93.50048467466576,95.9964105018332,97.73629145891267,103.55567765236778,107.63584969855897,111.07567892429043,111.60002793157327,114.40942664521933,116.10440473941622,93.64474838664873,100.4088308979246,105.3446128702316,79.51981818151698,85.84054163694515,91.39295750753698,94.44506858022095,100.56781387951277,101.12942317430765,76.24839106915728,82.43049443290008,83.39398444322713,83.87343204203223,77.26109474400228,82.45152343535327,85.8918735628839,91.33897168940963,95.17992443579952,75.60266915724382,78.7166187393662,79.89066915470862,81.02662337913846,81.4142946316192,82.51832135231035,83.47218821933112,83.9532474672414,89.08520052502838,95.33089368111602,124.08774288689204
113,133.6036337405487,133.53561903625618,128.6463858652978,122.86488389781563,119.34960951307697,117.51083084232837,105.54319089119346,98.52707016817278,98.1677096249853,93.06538123492652,86.61162318244267,80.58668791308085,74.44180378073138,67.66902635931854,62.293415510307966,53.87337572417867,48.63131219919158,78.55174601957592,81.25943691773992,83.89151404426943,88.1511284634393,93.49158443648132,94.4467859858938,100.73170038467443,107.1203430075027,116.26746176387064,122.38836870299997,125.30305991302606,127.83589724064628,134.0554489168303,136.94244100548266,140.9878740101145,144.00370247127495,149.09830312226967,155.50963059900823,158.93779373926614,159.90747111987508,92.54799552988557,98.54292847363065,106.39506334256917,109.45282788549918,117.26465417645059,122.96685331362566,124.40445583170916,126.72530826131342,130.12131459228513,135.6836774894719,138.36111861860994,142.4955871455188,144.52556793360523,148.2584656016374,148.7889832733506,152.57387164686972,154.4157655091756,154.700488181262,133.3870273337451,136.72005043597525,138.4658854797294,125.3730070301441,130.63208964976513,138.0227645174616,107.02899511485136,111.73806503872113,114.95980855309206,118.20803182826684,127.56240077469201,133.83060778245812,137.67928189054155,138.17537278247366,134.26804809589896,134.88057666239436,135.77488156498796,118.26061150485377,119.94654181183567,121.90244262731686,124.55893618085693,127.88025594866008,130.22130379097342,118.602225482961,123.331490224969,128.6611309258043,43.93267409863522,33.26605091179407,27.50199335849879,23.448655152678057,15.792797371459155,10.125610045567417,15.875604299761841,24.479407323016563,29.65991056074143,34.809766440619384,36.46717801735522,38.10159970955865,43.578014438248644,46.24397850582734,49.23207557976374,119.7145143816159,127.57066950589771,128.659537206534,120.67371163675531,122.02842176291172,125.15455658087396,46.64317896211423,50.515363371952866,106.36841213901377,107.84494968370132,108.71396942200397,114.32293915020635,115.5590583102375,118.49469282427361,9.992405600149795,7.43827043882391,4.6218416020573745,0.0,3.502080518318238,8.13245785040417,10.799879239574588,18.856412922051426,108.10443370550273,110.57934657695439,111.34749160568332,24.38352621604122,29.86117563965911,33.404259102952075,36.56079949837293,38.00509117515186,39.080422421712825,96.33042317631035,97.67293835313329,98.41688055518935,98.98179116758745,101.67815408826411,104.04261131985024,92.27406273407718,95.83312342476508,23.038098077881024,25.496758644498374,86.37716370810857,36.85548844468024,37.94892761933169,43.528425611296875,49.17811991697582,52.02317143692092,54.187750814517514,55.18613782402462,51.93256075087624,52.84864207914356,56.92766451105051,64.49752798405979,88.12387545220976,93.12176390634718,95.38387928801981,98.00442617750682,100.97168400250283,103.01485041765356,104.23134045049393,105.84070864950868,111.43129654346046,116.11553031217868,121.85455218005825,126.30834180239111,51.66915841122577,86.3826707460437,92.52384408670099,98.12232627672313,100.61825210389057,102.35813306097005,108.17751925442515,112.25769130061634,115.6975205263478,116.22186953363064,119.0312682472767,120.7262463414736,98.2665899887061,105.03067249998197,109.96645447228897,84.14165978357435,90.46238323900252,96.01479910959435,99.06691018227832,105.18965548157014,105.75126477636502,80.87023267121465,87.05233603495745,88.0158260452845,88.49527364408961,81.88293634605965,87.07336503741064,90.51371516494127,95.960813291467,99.8017660378569,80.2245107593012,83.33846034142357,84.51251075676599,85.64846498119583,86.03613623367657,87.14016295436772,88.09402982138849,88.57508906929877,93.70704212708576,99.9527352831734,128.70958448894942
114,137.10571425886693,137.0376995545744,132.148466383616,126.36696441613385,122.8516900313952,121.0129113606466,109.04527140951168,102.02915068649101,101.66979014330353,96.56746175324474,90.1137037007609,84.08876843139907,77.9438842990496,71.17110687763676,65.7954960286262,57.37545624249691,52.13339271750982,82.05382653789415,84.76151743605816,87.39359456258767,91.65320898175754,96.99366495479956,97.94886650421203,104.23378090299266,110.62242352582093,119.76954228218888,125.8904492213182,128.80514043134428,131.33797775896448,137.55752943514852,140.4445215238009,144.48995452843272,147.50578298959317,152.6003836405879,159.01171111732646,162.43987425758436,163.4095516381933,96.0500760482038,102.04500899194889,109.89714386088741,112.95490840381741,120.76673469476883,126.4689338319439,127.9065363500274,130.22738877963164,133.62339511060335,139.18575800779013,141.86319913692816,145.99766766383703,148.02764845192345,151.76054611995562,152.29106379166882,156.07595216518794,157.91784602749382,158.2025686995802,136.88910785206332,140.22213095429348,141.96796599804762,128.87508754846232,134.13417016808336,141.52484503577983,110.53107563316959,115.24014555703937,118.4618890714103,121.71011234658508,131.06448129301026,137.33268830077634,141.18136240885977,141.67745330079188,137.7701286142172,138.3826571807126,139.27696208330622,121.76269202317201,123.44862233015391,125.4045231456351,128.06101669917518,131.38233646697833,133.72338430929167,122.10430600127924,126.83357074328724,132.1632114441225,47.434754616953455,36.768131430112305,31.004073876817028,26.950735670996295,19.294877889777393,13.627690563885654,19.377684818080077,27.981487841334797,33.16199107905966,38.311846958937615,39.96925853567345,41.60368022787688,47.08009495656688,49.74605902414558,52.734156098081975,123.21659489993414,131.07275002421594,132.16161772485222,124.17579215507355,125.53050228122996,128.65663709919218,50.14525948043246,54.017443890271096,109.87049265733201,111.34703020201955,112.21604994032221,117.82501966852459,119.06113882855574,121.99677334259185,13.494486118468032,10.940350957142147,8.123922120375612,3.502080518318238,0.0,4.630377332085933,7.297798721256351,15.35433240373319,111.60651422382097,114.08142709527263,114.84957212400155,27.885606734359456,33.36325615797735,36.90633962127031,40.06288001669117,41.5071716934701,42.58250294003106,99.83250369462858,101.17501887145153,101.91896107350759,102.48387168590568,105.18023460658235,107.54469183816848,95.77614325239541,99.33520394308331,26.54017859619926,28.998839162816612,89.8792442264268,40.35756896299848,41.45100813764993,47.03050612961511,52.680200435294054,55.525251955239156,57.68983133283575,58.68821834234286,55.43464126919448,56.3507225974618,60.429745029368746,67.99960850237802,91.62595597052798,96.6238444246654,98.88595980633804,101.50650669582504,104.47376452082105,106.51693093597179,107.73342096881215,109.34278916782691,114.93337706177869,119.6176108304969,125.35663269837647,129.81042232070934,55.17123892954401,89.88475126436192,96.02592460501921,101.62440679504135,104.12033262220879,105.86021357928827,111.67959977274337,115.75977181893457,119.19960104466603,119.72395005194886,122.53334876559492,124.22832685979182,101.76867050702432,108.5327530183002,113.4685349906072,87.64374030189258,93.96446375732074,99.51687962791257,102.56899070059654,108.69173599988837,109.25334529468324,84.37231318953287,90.55441655327567,91.51790656360272,91.99735416240783,85.38501686437787,90.57544555572886,94.0157956832595,99.46289380978523,103.30384655617512,83.72659127761942,86.8405408597418,88.01459127508421,89.15054549951405,89.5382167519948,90.64224347268595,91.59611033970671,92.07716958761699,97.20912264540398,103.45481580149162,132.21166500726764
115,141.73609159095284,141.66807688666032,136.77884371570192,130.99734174821978,127.48206736348114,125.64328869273254,113.67564874159763,106.65952801857695,106.30016747538947,101.19783908533068,94.74408103284684,88.71914576348502,82.57426163113554,75.8014842097227,70.42587336071213,62.00583357458284,56.76377004959575,86.68420386998008,89.39189476814408,92.0239718946736,96.28358631384347,101.62404228688548,102.57924383629796,108.86415823507859,115.25280085790686,124.39991961427481,130.52082655340413,133.43551776343023,135.96835509105043,142.18790676723444,145.0748988558868,149.12033186051863,152.13616032167909,157.2307609726738,163.64208844941237,167.07025158967028,168.03992897027922,100.68045338028973,106.67538632403482,114.52752119297334,117.58528573590334,125.39711202685476,131.0993111640298,132.53691368211332,134.85776611171758,138.2537724426893,143.81613533987607,146.4935764690141,150.62804499592298,152.6580257840094,156.3909234520416,156.9214411237548,160.7063294972739,162.5482233595798,162.83294603166618,141.51948518414926,144.85250828637942,146.59834333013356,133.50546488054826,138.7645475001693,146.15522236786578,115.16145296525552,119.8705228891253,123.09226640349623,126.340489678671,135.69485862509617,141.96306563286225,145.81173974094568,146.3078306328778,142.40050594630313,143.01303451279853,143.90733941539213,126.39306935525794,128.07899966223982,130.034900477721,132.6913940312611,136.01271379906424,138.3537616413776,126.73468333336517,131.46394807537317,136.79358877620845,52.06513194903938,41.39850876219823,35.63445120890296,31.581113003082226,23.925255221863324,18.258067895971585,24.008062150166012,32.61186517342073,37.792368411145596,42.94222429102355,44.59963586775938,46.234057559962814,51.71047228865281,54.37643635623151,57.3645334301679,127.84697223202006,135.70312735630188,136.79199505693816,128.80616948715948,130.1608796133159,133.28701443127812,54.77563681251839,58.64782122235703,114.50086998941794,115.97740753410548,116.84642727240814,122.45539700061052,123.69151616064167,126.62715067467778,18.124863450553963,15.57072828922808,12.754299452461545,8.13245785040417,4.630377332085933,0.0,2.667421389170418,10.723955071647257,116.2368915559069,118.71180442735856,119.47994945608748,32.51598406644539,37.99363349006328,41.53671695335625,44.6932573487771,46.137549025556034,47.212880272117,104.46288102671451,105.80539620353746,106.54933840559352,107.11424901799161,109.81061193866827,112.1750691702544,100.40652058448134,103.96558127516924,31.170555928285193,33.62921649490254,94.50962155851273,44.987946295084406,46.08138546973586,51.66088346170104,57.31057776737998,60.155629287325084,62.32020866492168,63.318595674428785,60.06501860128041,60.981099929547725,65.06012236145467,72.62998583446395,96.25633330261392,101.25422175675135,103.51633713842398,106.13688402791098,109.10414185290699,111.14730826805773,112.3637983008981,113.97316649991285,119.56375439386463,124.24798816258284,129.98701003046241,134.44079965279528,59.80161626162994,94.51512859644787,100.65630193710516,106.2547841271273,108.75070995429473,110.49059091137421,116.30997710482931,120.39014915102051,123.82997837675197,124.3543273840348,127.16372609768086,128.85870419187776,106.39904783911027,113.16313035038614,118.09891232269314,92.27411763397852,98.59484108940669,104.14725695999851,107.19936803268249,113.32211333197431,113.88372262676918,89.00269052161882,95.18479388536161,96.14828389568866,96.62773149449377,90.01539419646382,95.2058228878148,98.64617301534544,104.09327114187117,107.93422388826106,88.35696860970536,91.47091819182774,92.64496860717016,93.7809228316,94.16859408408074,95.27262080477189,96.22648767179265,96.70754691970293,101.83949997748992,108.08519313357756,136.84204233935358
116,144.40351298012328,144.33549827583076,139.44626510487237,133.66476313739022,130.14948875265156,128.31071008190295,116.34307013076804,109.32694940774736,108.96758886455989,103.8652604745011,97.41150242201725,91.38656715265543,85.24168302030596,78.46890559889312,73.09329474988255,64.67325496375325,59.43119143876616,89.3516252591505,92.0593161573145,94.69139328384401,98.95100770301389,104.2914636760559,105.24666522546838,111.531579624249,117.92022224707728,127.06734100344522,133.18824794257455,136.10293915260064,138.63577648022084,144.85532815640488,147.74232024505724,151.78775324968908,154.80358171084953,159.89818236184425,166.3095098385828,169.73767297884072,170.70735035944966,103.34787476946015,109.34280771320523,117.19494258214375,120.25270712507375,128.06453341602517,133.76673255320023,135.20433507128374,137.525187500888,140.9211938318597,146.48355672904648,149.16099785818452,153.2954663850934,155.3254471731798,159.05834484121198,159.58886251292517,163.3737508864443,165.21564474875018,165.50036742083657,144.18690657331967,147.51992967554983,149.26576471930397,136.17288626971867,141.43196888933971,148.8226437570362,117.82887435442593,122.53794427829571,125.75968779266664,129.00791106784143,138.36228001426662,144.6304870220327,148.47916113011613,148.97525202204824,145.06792733547357,145.68045590196897,146.57476080456257,129.06049074442836,130.74642105141027,132.70232186689145,135.35881542043154,138.6801351882347,141.02118303054803,129.4021047225356,134.1313694645436,139.4610101653789,54.7325533382098,44.06593015136865,38.30187259807337,34.248534392252644,26.592676611033745,20.925489285142007,26.675483539336433,35.27928656259115,40.45978980031602,45.60964568019397,47.2670572569298,48.901478949133235,54.37789367782324,57.04385774540194,60.03195481933833,130.51439362119046,138.37054874547226,139.45941644610855,131.4735908763299,132.8283010024863,135.95443582044854,57.443058201688814,61.31524261152745,117.16829137858835,118.6448289232759,119.51384866157855,125.12281838978093,126.35893754981208,129.2945720638482,20.792284839724385,18.2381496783985,15.421720841631963,10.799879239574588,7.297798721256351,2.667421389170418,0.0,8.05653368247684,118.90431294507731,121.37922581652897,122.1473708452579,35.18340545561581,40.6610548792337,44.20413834252667,47.360678737947524,48.804970414726455,49.88030166128742,107.13030241588493,108.47281759270787,109.21675979476393,109.78167040716203,112.47803332783869,114.84249055942482,103.07394197365176,106.63300266433966,33.83797731745561,36.29663788407296,97.17704294768315,47.65536768425482,48.74880685890627,54.328304850871454,59.977999156550396,62.8230506764955,64.9876300540921,65.98601706359919,62.73243999045082,63.64852131871814,67.72754375062509,75.29740722363437,98.92375469178434,103.92164314592176,106.18375852759439,108.8043054170814,111.7715632420774,113.81472965722814,115.03121969006851,116.64058788908326,122.23117578303504,126.91540955175326,132.65443141963283,137.1082210419657,62.46903765080035,97.18254998561828,103.32372332627557,108.92220551629771,111.41813134346515,113.15801230054463,118.97739849399973,123.05757054019092,126.49739976592238,127.02174877320522,129.83114748685128,131.52612558104818,109.06646922828068,115.83055173955655,120.76633371186355,94.94153902314893,101.2622624785771,106.81467834916893,109.8667894218529,115.98953472114472,116.5511440159396,91.67011191078923,97.85221527453203,98.81570528485908,99.29515288366419,92.68281558563423,97.87324427698522,101.31359440451585,106.76069253104158,110.60164527743147,91.02438999887578,94.13833958099815,95.31238999634057,96.44834422077041,96.83601547325115,97.9400421939423,98.89390906096307,99.37496830887335,104.50692136666034,110.75261452274798,139.50946372852403
117,152.46004666260012,152.3920319583076,147.5027987873492,141.72129681986706,138.2060224351284,136.3672437643798,124.39960381324488,117.3834830902242,117.02412254703673,111.92179415697794,105.46803610449409,99.44310083513227,93.2982167027828,86.52543928136996,81.14982843235939,72.72978864623009,67.487725121243,97.40815894162733,100.11584983979134,102.74792696632085,107.00754138549073,112.34799735853274,113.30319890794522,119.58811330672584,125.97675592955412,135.12387468592206,141.2447816250514,144.15947283507748,146.69231016269768,152.9118618388817,155.79885392753405,159.8442869321659,162.86011539332634,167.95471604432106,174.36604352105962,177.79420666131753,178.76388404192647,111.40440845193699,117.39934139568207,125.25147626462059,128.3092408075506,136.121067098502,141.82326623567707,143.26086875376058,145.58172118336483,148.97772751433655,154.54009041152332,157.21753154066135,161.35200006757023,163.38198085565665,167.11487852368884,167.64539619540204,171.43028456892117,173.27217843122705,173.55690110331344,152.24344025579651,155.57646335802667,157.3222984017808,144.2294199521955,149.48850257181655,156.87917743951303,125.88540803690277,130.59447796077256,133.8162214751435,137.06444475031827,146.41881369674343,152.6870207045095,156.53569481259294,157.03178570452505,153.12446101795038,153.73698958444578,154.63129448703938,137.1170244269052,138.8029547338871,140.7588555493683,143.41534910290838,146.73666887071153,149.07771671302487,137.45863840501244,142.18790314702045,147.51754384785573,62.78908702068664,52.12246383384549,46.35840628055021,42.30506807472948,34.649210293510585,28.98202296761885,34.73201722181327,43.33582024506799,48.516323482792856,53.66617936267081,55.32359093940664,56.958012631610075,62.43442736030008,65.10039142787878,68.08848850181516,138.57092730366733,146.42708242794913,147.51595012858542,139.53012455880673,140.88483468496315,144.01096950292538,65.49959188416565,69.37177629400429,125.22482506106519,126.70136260575273,127.57038234405539,133.17935207225776,134.41547123228892,137.35110574632503,28.848818522201228,26.294683360875343,23.478254524108806,18.85641292205143,15.35433240373319,10.723955071647257,8.05653368247684,0.0,126.96084662755415,129.4357594990058,130.20390452773472,43.23993913809265,48.71758856171054,52.26067202500351,55.41721242042436,56.861504097203294,57.93683534376426,115.18683609836177,116.52935127518471,117.27329347724077,117.83820408963886,120.53456701031553,122.89902424190166,111.1304756561286,114.6895363468165,41.89451099993245,44.3531715665498,105.23357663015999,55.71190136673166,56.80534054138311,62.384838533348294,68.03453283902724,70.87958435897234,73.04416373656893,74.04255074607603,70.78897367292765,71.70505500119496,75.78407743310191,83.35394090611119,106.98028837426118,111.9781768283986,114.24029221007123,116.86083909955823,119.82809692455425,121.87126333970498,123.08775337254535,124.6971215715601,130.28770946551188,134.97194323423008,140.71096510210964,145.1647547244425,70.52557133327718,105.23908366809512,111.38025700875241,116.97873919877455,119.47466502594199,121.21454598302147,127.03393217647657,131.11410422266778,134.55393344839922,135.07828245568206,137.88768116932812,139.58265926352502,117.12300291075752,123.8870854220334,128.8228673943404,102.99807270562577,109.31879616105394,114.87121203164577,117.92332310432974,124.04606840362156,124.60767769841644,99.72664559326607,105.90874895700887,106.87223896733592,107.35168656614103,100.73934926811107,105.92977795946206,109.3701280869927,114.81722621351842,118.65817895990831,99.08092368135262,102.19487326347499,103.36892367881741,104.50487790324725,104.89254915572799,105.99657587641914,106.95044274343991,107.43150199135019,112.56345504913718,118.80914820522482,147.56599741100086
118,144.44544304766828,144.37742834337575,139.48819517241736,133.70669320493522,130.19141882019656,128.35264014944795,116.38500019831304,109.36887947529236,109.00951893210488,103.9071905420461,97.45343248956225,91.42849722020043,85.28361308785095,78.51083566643811,73.13522481742754,64.71518503129825,59.47312150631116,29.552687685926827,26.844996787762827,24.212919661233315,19.95330524206343,14.612849269021417,13.657647719608935,7.372733320828308,13.76137594365658,22.908494700024526,29.029401639153853,31.94409284917994,34.47693017680015,40.69648185298418,43.58347394163655,47.628906946268366,50.64473540742882,55.73933605842355,62.15066353516211,65.57882667542002,66.54850405602895,24.3501723085097,30.34510525225479,38.19724012119331,41.255004664123305,49.06683095507472,54.76903009224979,56.20663261033329,58.52748503993754,61.92349137090926,67.48585426809603,70.16329539723408,74.29776392414296,76.32774471222938,80.06064238026156,80.59116005197477,84.3760484254939,86.21794228779979,86.50266495988616,65.18920411236923,68.5222272145994,70.26806225835354,57.17518380876822,62.43426642838926,69.82494129608574,13.670028051005243,18.379097974875023,21.60084148924595,24.849064764420735,34.2034337108459,40.471640718611994,44.32031482669542,44.816405718627536,40.909081032052846,41.52160959854825,42.41591450114186,50.0627882834779,51.7487185904598,53.70461940594099,56.36111295948107,59.68243272728422,62.023480569597574,50.40440226158514,55.13366700359314,60.46330770442842,64.17175960686752,74.83838279370867,80.60244034700395,84.65577855282469,92.31163633404358,97.97882365993532,103.72881791412973,112.33262093738446,117.51312417510933,122.66298005498727,124.3203916317231,125.95481332392653,131.43122805261652,134.09719212019522,137.0852891941316,26.355547317769783,34.21170244205159,35.300570142687874,27.3147445729092,28.669454699065607,31.795589517027842,134.49639257648212,138.36857698632076,13.009445075167655,14.485982619855193,15.35500235815785,20.963972086360226,47.36123508886164,50.29686960289775,98.11202810535293,100.66616326667882,103.48259210344536,108.10443370550273,111.60651422382097,116.2368915559069,118.90431294507731,126.96084662755415,0.0,2.4749128714516617,3.2430579001805837,112.2367398304091,117.714389254027,121.25747271731996,124.41401311274082,125.85830478951975,126.93363603608071,28.132599954934477,29.47511513175742,30.219057333813478,30.783967946211572,33.48033086688823,35.84478809847436,24.076239512701303,27.635300203389203,99.55693704046546,102.01559760708281,37.37810537445948,78.42782032659484,79.52125950124629,85.10075749321147,90.75045179889042,72.26225694515323,74.42683632274982,75.42522333225692,62.77437005799582,63.690451386263135,67.76947381817008,75.33933729117936,98.96568475932933,103.96357321346676,106.22568859513939,108.84623548462639,111.8134933096224,113.85665972477314,115.0731497576135,116.68251795662826,122.27310585058004,126.95733961929825,132.69636148717782,137.1501511095107,71.90824391945807,97.22448005316328,103.36565339382057,108.9641355838427,111.46006141101014,113.19994236808962,119.01932856154473,123.09950060773592,126.53932983346738,127.06367884075021,129.87307755439627,131.56805564859317,109.10839929582568,115.87248180710155,120.80826377940855,94.98346909069393,101.3041925461221,106.85660841671393,109.9087194893979,116.03146478868972,116.5930740834846,91.71204197833423,97.89414534207702,98.85763535240407,99.33708295120918,92.72474565317923,97.91517434453021,101.35552447206085,106.80262259858658,110.64357534497647,91.06632006642077,94.18026964854315,95.35432006388557,96.4902742883154,96.87794554079615,97.9819722614873,98.93583912850806,99.41689837641835,104.54885143420533,110.79454459029297,139.55139379606902
119,146.92035591911994,146.85234121482742,141.96310804386903,136.18160607638688,132.66633169164822,130.82755302089961,118.8599130697647,111.84379234674402,111.48443180355655,106.38210341349776,99.92834536101391,93.90341009165209,87.75852595930262,80.98574853788978,75.6101376888792,67.19009790274991,61.94803437776282,32.02760055737849,29.319909659214492,26.68783253268498,22.428218113515094,17.087762140473078,16.132560591060596,9.84764619227997,16.236288815108242,25.38340757147619,31.504314510605518,34.4190057206316,36.95184304825182,43.17139472443584,46.05838681308821,50.10381981772003,53.11964827888048,58.21424892987521,64.62557640661377,68.05373954687168,69.02341692748061,26.825085179961363,32.820018123706454,40.672152992644975,43.72991753557497,51.541743826526385,57.24394296370146,58.68154548178495,61.0023979113892,64.39840424236093,69.9607671395477,72.63820826868574,76.77267679559462,78.80265758368104,82.53555525171322,83.06607292342643,86.85096129694557,88.69285515925145,88.97757783133783,67.66411698382089,70.99714008605106,72.7429751298052,59.65009668021988,64.90917929984093,72.2998541675374,16.144940922456904,20.854010846326684,24.075754360697612,27.323977635872396,36.678346582297564,42.94655359006366,46.79522769814709,47.2913185900792,43.38399390350451,43.99652246999992,44.89082737259353,52.537701154929564,54.22363146191147,56.17953227739265,58.83602583093273,62.15734559873589,64.49839344104925,52.879315133036805,57.6085798750448,62.93822057588009,66.64667247831919,77.31329566516034,83.07735321845561,87.13069142427635,94.78654920549525,100.45373653138698,106.2037307855814,114.80753380883613,119.98803704656099,125.13789292643894,126.79530450317476,128.4297261953782,133.9061409240682,136.5721049916469,139.5602020655833,28.830460189221444,36.68661531350325,37.77548301413954,29.789657444360863,31.14436757051727,34.27050238847951,136.9713054479338,140.84348985777243,15.484357946619316,16.960895491306854,17.82991522960951,23.438884957811887,49.836147960313305,52.771782474349415,100.5869409768046,103.14107613813049,105.95750497489702,110.57934657695439,114.08142709527263,118.71180442735856,121.37922581652897,129.43575949900583,2.4749128714516617,0.0,0.7681450287289218,114.71165270186077,120.18930212547866,123.73238558877162,126.88892598419248,128.33321766097143,129.4085489075324,30.60751282638614,31.950028003209084,32.693970205265146,33.25888081766324,35.9552437383399,38.31970096992603,26.551152384152967,30.110213074840868,102.03184991191712,104.49051047853447,39.853018245911144,80.9027331980465,81.99617237269796,87.57567036466314,93.22536467034209,74.73716981660489,76.90174919420149,77.90013620370858,65.24928292944747,66.16536425771478,70.24438668962173,77.81425016263101,101.440597630781,106.43848608491842,108.70060146659105,111.32114835607806,114.28840618107407,116.3315725962248,117.54806262906517,119.15743082807992,124.7480187220317,129.4322524907499,135.1712743586295,139.62506398096235,74.38315679090974,99.69939292461494,105.84056626527223,111.43904845529437,113.93497428246181,115.67485523954129,121.49424143299639,125.57441347918758,129.01424270491904,129.53859171220188,132.34799042584794,134.04296852004484,111.58331216727734,118.34739467855321,123.28317665086021,97.4583819621456,103.77910541757376,109.33152128816559,112.38363236084956,118.50637766014138,119.06798695493626,94.18695484978589,100.36905821352869,101.33254822385574,101.81199582266085,95.19965852463089,100.39008721598188,103.83043734351251,109.27753547003825,113.11848821642813,93.54123293787244,96.65518251999481,97.82923293533723,98.96518715976707,99.35285841224781,100.45688513293896,101.41075199995973,101.89181124787001,107.023764305657,113.26945746174464,142.02630666752069
120,147.68850094784887,147.62048624355634,142.73125307259795,136.9497511051158,133.43447672037715,131.59569804962854,119.62805809849363,112.61193737547295,112.25257683228547,107.15024844222668,100.69649038974283,94.67155512038102,88.52667098803154,81.7538935666187,76.37828271760813,67.95824293147884,62.71617940649175,32.795745586107415,30.088054687943416,27.455977561413903,23.196363142244017,17.855907169202002,16.90070561978952,10.615791221008891,17.004433843837162,26.151552600205108,32.272459539334434,35.18715074936052,37.719988076980734,43.93953975316476,46.82653184181713,50.87196484644895,53.8877933076094,58.98239395860413,65.39372143534268,68.82188457560059,69.79156195620952,27.593230208690287,33.58816315243538,41.4402980213739,44.49806256430389,52.30988885525531,58.01208799243038,59.449690510513875,61.770542940118126,65.16654927108985,70.72891216827662,73.40635329741467,77.54082182432354,79.57080261240996,83.30370028044214,83.83421795215536,87.6191063256745,89.46100018798037,89.74572286006675,68.43226201254981,71.76528511477999,73.51112015853413,60.418241708948806,65.67732432856985,73.06799919626633,16.913085951185824,21.622155875055604,24.843899389426532,28.092122664601316,37.44649161102649,43.71469861879258,47.56337272687601,48.059463618808124,44.152138932233434,44.76466749872884,45.65897240132245,53.30584618365849,54.99177649064039,56.94767730612158,59.60417085966166,62.92549062746481,65.26653846977817,53.64746016176573,58.37672490377373,63.70636560460901,67.41481750704811,78.08144069388926,83.84549824718454,87.89883645300527,95.55469423422417,101.2218815601159,106.97187581431032,115.57567883756505,120.75618207528991,125.90603795516786,127.56344953190369,129.19787122410713,134.67428595279713,137.34025002037583,140.32834709431222,29.598605217950364,37.45476034223217,38.543628042868455,30.55780247308978,31.912512599246188,35.03864741720842,137.7394504766627,141.61163488650135,16.252502975348236,17.729040520035774,18.598060258338432,24.207029986540807,50.60429298904223,53.53992750307834,101.35508600553352,103.90922116685941,106.72565000362594,111.34749160568332,114.84957212400155,119.47994945608748,122.1473708452579,130.20390452773472,3.2430579001805837,0.7681450287289218,0.0,115.4797977305897,120.95744715420759,124.50053061750054,127.6570710129214,129.10136268970035,130.17669393626133,31.375657855115065,32.71817303193801,33.46211523399407,34.02702584639216,36.723388767068826,39.087845998654956,27.31929741288189,30.87835810356979,102.79999494064604,105.2586555072634,40.62116327464007,81.67087822677543,82.76431740142688,88.34381539339206,93.99350969907101,75.50531484533381,77.66989422293041,78.66828123243751,66.0174279581764,66.93350928644371,71.01253171835066,78.58239519135994,102.20874265950992,107.20663111364735,109.46874649531998,112.08929338480698,115.05655120980299,117.09971762495373,118.3162076577941,119.92557585680885,125.51616375076063,130.20039751947883,135.93941938735838,140.39320900969125,75.15130181963866,100.46753795334386,106.60871129400115,112.20719348402329,114.70311931119073,116.44300026827021,122.26238646172531,126.34255850791651,129.78238773364797,130.3067367409308,133.11613545457686,134.81111354877376,112.35145719600627,119.11553970728214,124.05132167958914,98.22652699087452,104.54725044630268,110.09966631689451,113.15177738957848,119.2745226888703,119.83613198366518,94.95509987851482,101.13720324225761,102.10069325258466,102.58014085138977,95.96780355335981,101.1582322447108,104.59858237224144,110.04568049876717,113.88663324515706,94.30937796660136,97.42332754872373,98.59737796406615,99.733332188496,100.12100344097674,101.22503016166789,102.17889702868865,102.65995627659893,107.79190933438592,114.03760249047356,142.7944516962496
121,137.73593986545507,137.66792516116254,132.77869199020415,126.997190022722,123.48191563798333,121.64313696723474,109.67549701609983,102.65937629307915,102.30001574989167,97.19768735983288,90.74392930734903,84.71899403798722,78.57410990563774,71.8013324842249,66.42572163521434,58.00568184908505,52.76361832409796,82.6840521444823,85.3917430426463,88.0238201691758,92.28343458834568,97.6238905613877,98.57909211080018,104.8640065095808,111.25264913240908,120.39976788877702,126.52067482790635,129.43536603793243,131.96820336555263,138.18775504173664,141.074747130389,145.12018013502083,148.13600859618128,153.230609247176,159.64193672391457,163.07009986417248,164.03977724478142,96.68030165479195,102.67523459853703,110.52736946747555,113.58513401040555,121.39696030135697,127.09915943853204,128.53676195661555,130.8576143862198,134.25362071719152,139.8159836143783,142.49342474351633,146.6278932704252,148.65787405851162,152.3907717265438,152.921289398257,156.7061777717761,158.548071634082,158.83279430616838,137.5193334586515,140.85235656088165,142.5981916046358,129.50531315505046,134.7643957746715,142.15507064236797,111.16130123975773,115.87037116362751,119.09211467799844,122.34033795317322,131.69470689959837,137.96291390736445,141.81158801544788,142.30767890738,138.40035422080533,139.01288278730073,139.90718768989433,122.39291762976015,124.07884793674205,126.03474875222324,128.69124230576332,132.01256207356647,134.35360991587982,122.73453160786738,127.46379634987538,132.79343705071065,48.064980223541596,37.398357036700446,31.634299483405176,27.580961277584443,19.92510349636554,14.257916170473804,8.507921916279379,17.1117249395341,22.292228177258966,27.442084057136917,29.09949563387275,30.73391732607618,36.210332054766184,38.87629612234488,41.86439319628128,123.84682050652228,131.70297563080408,132.79184333144036,124.80601776166169,126.1607278878181,129.28686270578032,39.27549657863176,43.1476809884704,110.50071826392015,111.9772558086077,112.84627554691035,118.45524527511273,119.69136443514388,122.62699894917999,14.391120615891426,16.94525577721731,19.761684613983846,24.38352621604122,27.885606734359456,32.51598406644539,35.18340545561581,43.23993913809265,112.2367398304091,114.71165270186077,115.4797977305897,0.0,5.477649423617892,9.020732886910858,12.177273282331715,13.62156495911065,14.696896205671615,100.46272930121673,101.80524447803967,102.54918668009573,103.11409729249382,105.81046021317049,108.17491744475662,96.40636885898356,99.96542954967146,27.17040420278741,29.62906476940476,90.50946983301495,40.98779456958662,42.08123374423807,47.66073173620325,53.310426041882195,56.1554775618273,58.32005693942389,59.318443948931,56.06486687578262,56.98094820404994,61.05997063595689,68.62983410896616,92.25618157711612,97.25407003125355,99.51618541292618,102.13673230241318,105.10399012740919,107.14715654255993,108.3636465754003,109.97301477441505,115.56360266836683,120.24783643708504,125.98685830496461,130.44064792729748,55.80146453613215,90.51497687095006,96.65615021160735,102.2546324016295,104.75055822879693,106.49043918587641,112.30982537933151,116.38999742552271,119.82982665125417,120.354175658537,123.16357437218306,124.85855246637996,102.39889611361247,109.16297862488834,114.09876059719534,88.27396590848072,94.59468936390888,100.14710523450071,103.19921630718468,109.3219616064765,109.88357090127138,85.00253879612102,91.18464215986381,92.14813217019086,92.62757976899597,86.01524247096602,91.205671162317,94.64602128984764,100.09311941637337,103.93407216276326,84.35681688420756,87.47076646632993,88.64481688167236,89.7807711061022,90.16844235858294,91.27246907927409,92.22633594629485,92.70739519420513,97.83934825199212,104.08504140807976,132.84189061385578
122,143.21358928907296,143.14557458478043,138.25634141382204,132.4748394463399,128.95956506160124,127.12078639085263,115.15314643971772,108.13702571669704,107.77766517350956,102.67533678345077,96.22157873096693,90.1966434616051,84.05175932925563,77.27898190784279,71.90337105883224,63.48333127270294,58.24126774771585,88.16170156810018,90.86939246626419,93.5014695927937,97.76108401196358,103.10153998500559,104.05674153441807,110.3416559331987,116.73029855602697,125.87741731239491,131.99832425152425,134.91301546155034,137.44585278917054,143.66540446535458,146.55239655400695,150.59782955863878,153.61365801979923,158.70825867079395,165.11958614753252,168.54774928779042,169.51742666839937,102.15795107840984,108.15288402215492,116.00501889109344,119.06278343402344,126.87460972497486,132.57680886214993,134.01441138023344,136.3352638098377,139.73127014080941,145.2936330379962,147.97107416713422,152.1055426940431,154.1355234821295,157.86842115016168,158.39893882187488,162.183827195394,164.02572105769988,164.31044372978627,142.99698288226938,146.33000598449954,148.07584102825368,134.98296257866835,140.2420451982894,147.63272006598586,116.63895066337562,121.3480205872454,124.56976410161633,127.81798737679111,137.17235632321626,143.44056333098234,147.28923743906577,147.78532833099788,143.87800364442322,144.49053221091862,145.38483711351222,127.87056705337804,129.55649736035994,131.51239817584113,134.16889172938122,137.49021149718436,139.8312593394977,128.21218103148527,132.94144577349329,138.27108647432857,53.54262964715949,42.87600646031834,37.11194890702306,33.05861070120233,25.402752919983435,19.735565594091696,13.985571339897271,22.589374363151993,27.76987760087686,32.919733480754815,34.57714505749065,36.21156674969408,41.687981478384074,44.35394554596277,47.34204261989917,129.32446993014017,137.18062505442197,138.26949275505825,130.28366718527957,131.638377311436,134.7645121293982,44.75314600224966,48.625330412088296,115.97836768753804,117.45490523222558,118.32392497052824,123.93289469873062,125.16901385876177,128.1046483727979,19.868770039509318,22.422905200835203,25.23933403760174,29.861175639659116,33.363256157977354,37.99363349006329,40.66105487923371,48.71758856171055,117.714389254027,120.18930212547866,120.95744715420759,5.477649423617892,0.0,3.5430834632929655,6.699623858713821,8.143915535492756,9.219246782053721,105.94037872483462,107.28289390165756,108.02683610371362,108.59174671611171,111.28810963678838,113.6525668683745,101.88401828260145,105.44307897328935,32.6480536264053,35.10671419302265,95.98711925663284,46.46544399320451,47.55888316785596,53.138381159821144,58.788075465500086,61.63312698544519,63.79770636304178,64.79609337254888,61.54251629940051,62.45859762766783,66.53762005957478,74.10748353258406,97.73383100073401,102.73171945487144,104.99383483654407,107.61438172603107,110.58163955102708,112.62480596617782,113.84129599901819,115.45066419803294,121.04125209198472,125.72548586070293,131.4645077285825,135.91829735091537,61.27911395975004,95.99262629456796,102.13379963522524,107.73228182524738,110.22820765241482,111.9680886094943,117.7874748029494,121.8676468491406,125.30747607487206,125.8318250821549,128.64122379580095,130.33620188999785,107.87654553723036,114.64062804850623,119.57641002081323,93.75161533209861,100.07233878752677,105.6247546581186,108.67686573080258,114.7996110300944,115.36122032488927,90.4801882197389,96.6622915834817,97.62578159380875,98.10522919261386,91.4928918945839,96.6833205859349,100.12367071346553,105.57076883999126,109.41172158638115,89.83446630782545,92.94841588994782,94.12246630529025,95.25842052972008,95.64609178220083,96.75011850289198,97.70398536991274,98.18504461782302,103.31699767561001,109.56269083169765,138.3195400374737
123,146.75667275236594,146.68865804807342,141.79942487711503,136.0179229096329,132.50264852489423,130.66386985414562,118.6962299030107,111.68010917999003,111.32074863680255,106.21842024674376,99.76466219425991,93.7397269248981,87.59484279254862,80.82206537113578,75.44645452212521,67.02641473599591,61.78435121100882,91.70478503139316,94.41247592955716,97.04455305608667,101.30416747525655,106.64462344829856,107.59982499771104,113.88473939649167,120.27338201931994,129.42050077568788,135.5414077148172,138.4560989248433,140.9889362524635,147.20848792864751,150.09548001729988,154.1409130219317,157.15674148309216,162.25134213408688,168.66266961082545,172.09083275108335,173.0605101316923,105.70103454170281,111.6959674854479,119.54810235438642,122.60586689731642,130.41769318826783,136.1198923254429,137.5574948435264,139.87834727313066,143.27435360410237,148.83671650128915,151.51415763042718,155.64862615733605,157.67860694542247,161.41150461345467,161.94202228516787,165.726910658687,167.56880452099287,167.85352719307926,146.54006634556234,149.8730894477925,151.61892449154664,138.52604604196134,143.78512866158238,151.17580352927885,120.1820341266686,124.89110405053837,128.11284756490932,131.3610708400841,140.71543978650925,146.98364679427533,150.83232090235876,151.32841179429087,147.4210871077162,148.0336156742116,148.9279205768052,131.41365051667103,133.09958082365293,135.05548163913411,137.7119751926742,141.03329496047735,143.3743428027907,131.75526449477826,136.48452923678627,141.81416993762156,57.08571311045245,46.4190899236113,40.65503237031603,36.6016941644953,28.9458363832764,23.278649057384662,17.528654803190236,26.132457826444956,31.312961064169823,36.46281694404777,38.120228520783606,39.75465021298704,45.23106494167703,47.89702900925573,50.88512608319213,132.86755339343313,140.72370851771493,141.8125762183512,133.82675064857256,135.18146077472898,138.3075955926912,48.296229465542616,52.168413875381255,119.52145115083101,120.99798869551856,121.86700843382121,127.4759781620236,128.71209732205475,131.64773183609086,23.411853502802284,25.96598866412817,28.782417500894706,33.40425910295208,36.90633962127032,41.536716953356255,44.204138342526676,52.260672025003515,121.25747271731997,123.73238558877163,124.50053061750056,9.020732886910858,3.5430834632929655,0.0,3.1565403954208557,4.600832072199791,5.676163318760757,109.48346218812759,110.82597736495053,111.5699195670066,112.13483017940469,114.83119310008135,117.19565033166748,105.42710174589442,108.98616243658232,36.19113708969827,38.64979765631562,99.53020271992581,50.008527456497475,51.101966631148926,56.68146462311411,62.33115892879306,65.17621044873816,67.34078982633476,68.33917683584185,65.08559976269348,66.00168109096079,70.08070352286774,77.65056699587701,101.276914464027,106.27480291816443,108.53691829983705,111.15746518932406,114.12472301432007,116.1678894294708,117.38437946231117,118.99374766132593,124.5843355552777,129.2685693239959,135.00759119187546,139.46138081420833,64.82219742304301,99.53570975786094,105.67688309851823,111.27536528854037,113.77129111570781,115.51117207278729,121.33055826624239,125.41073031243359,128.85055953816504,129.37490854544788,132.18430725909394,133.87928535329084,111.41962900052334,118.18371151179922,123.11949348410621,97.2946987953916,103.61542225081976,109.16783812141159,112.21994919409556,118.34269449338738,118.90430378818226,94.0232716830319,100.20537504677469,101.16886505710174,101.64831265590685,95.0359753578769,100.22640404922788,103.66675417675852,109.11385230328425,112.95480504967414,93.37754977111844,96.49149935324081,97.66554976858323,98.80150399301307,99.18917524549381,100.29320196618497,101.24706883320573,101.72812808111601,106.860081138903,113.10577429499064,141.8626235007667
124,149.9132131477868,149.84519844349427,144.95596527253588,139.17446330505373,135.65918892031507,133.82041024956646,121.85277029843155,114.83664957541087,114.4772890322234,109.37496064216461,102.92120258968076,96.89626732031894,90.75138318796947,83.97860576655663,78.60299491754606,70.18295513141676,64.94089160642967,94.861325426814,97.56901632497801,100.20109345150752,104.4607078706774,109.80116384371941,110.75636539313189,117.04127979191252,123.42992241474079,132.57704117110873,138.69794811023806,141.61263932026415,144.14547664788435,150.36502832406836,153.25202041272073,157.29745341735256,160.313281878513,165.40788252950773,171.8192100062463,175.2473731465042,176.21705052711314,108.85757493712366,114.85250788086874,122.70464274980726,125.76240729273727,133.57423358368868,139.27643272086374,140.71403523894725,143.0348876685515,146.43089399952322,151.99325689671,154.67069802584803,158.8051665527569,160.83514734084332,164.56804500887552,165.0985626805887,168.88345105410784,170.72534491641372,171.0100675885001,149.69660674098319,153.02962984321334,154.77546488696748,141.68258643738218,146.94166905700322,154.3323439246997,123.33857452208944,128.04764444595924,131.26938796033016,134.51761123550494,143.8719801819301,150.14018718969618,153.9888612977796,154.48495218971172,150.57762750313705,151.19015606963245,152.08446097222605,134.57019091209187,136.25612121907378,138.21202203455496,140.86851558809505,144.1898353558982,146.53088319821154,134.9118048901991,139.64106963220712,144.9707103330424,60.24225350587331,49.57563031903216,43.811572765736884,39.758234559916154,32.102376778697256,26.435189452805517,20.68519519861109,29.28899822186581,34.469501459590674,39.61935733946863,41.27676891620446,42.91119060840789,48.387605337097895,51.053569404676594,54.04166647861299,136.024093788854,143.8802489131358,144.9691166137721,136.9832910439934,138.33800117014982,141.46413598811205,51.45276986096347,55.32495427080211,122.67799154625186,124.1545290909394,125.02354882924206,130.63251855744443,131.8686377174756,134.8042722315117,26.56839389822314,29.122529059549024,31.93895789631556,36.56079949837294,40.062880016691174,44.69325734877711,47.36067873794753,55.41721242042437,124.41401311274082,126.88892598419248,127.6570710129214,12.177273282331713,6.699623858713821,3.1565403954208557,0.0,1.4442916767789347,2.5196229233399006,112.64000258354844,113.98251776037138,114.72645996242744,115.29137057482554,117.9877334955022,120.35219072708833,108.58364214131527,112.14270283200317,39.34767748511912,41.80633805173647,102.68674311534666,53.16506785191833,54.25850702656978,59.838005018534965,65.4876993242139,68.33275084415901,70.4973302217556,71.4957172312627,68.24214015811432,69.15822148638163,73.23724391828858,80.80710739129786,104.43345485944785,109.43134331358527,111.6934586952579,114.3140055847449,117.28126340974092,119.32442982489165,120.54091985773202,122.15028805674677,127.74087595069855,132.42510971941675,138.1641315872963,142.61792120962917,67.97873781846386,102.69225015328179,108.83342349393908,114.43190568396122,116.92783151112866,118.66771246820814,124.48709866166324,128.56727070785445,132.0070999335859,132.53144894086873,135.3408476545148,137.0358257487117,114.57616939594419,121.34025190722006,126.27603387952706,100.45123919081244,106.77196264624061,112.32437851683244,115.37648958951641,121.49923488880823,122.06084418360311,97.17981207845274,103.36191544219554,104.32540545252259,104.8048530513277,98.19251575329774,103.38294444464873,106.82329457217936,112.2703926987051,116.11134544509498,96.53409016653929,99.64803974866166,100.82209016400408,101.95804438843392,102.34571564091466,103.44974236160581,104.40360922862658,104.88466847653686,110.01662153432385,116.26231469041149,145.01916389618754
125,151.35750482456572,151.2894901202732,146.4002569493148,140.61875498183267,137.103480597094,135.2647019263454,123.29706197521048,116.2809412521898,115.92158070900233,110.81925231894354,104.36549426645969,98.34055899709787,92.1956748647484,85.42289744333556,80.04728659432499,71.6272468081957,66.3851832832086,96.30561710359294,99.01330800175694,101.64538512828645,105.90499954745633,111.24545552049834,112.20065706991082,118.48557146869145,124.87421409151972,134.02133284788766,140.142239787017,143.05693099704308,145.58976832466328,151.80932000084732,154.69631208949968,158.74174509413152,161.75757355529197,166.8521742062867,173.26350168302525,176.69166482328316,177.6613422038921,110.30186661390259,116.29679955764767,124.1489344265862,127.2066989695162,135.0185252604676,140.72072439764267,142.15832691572618,144.47917934533044,147.87518567630215,153.43754857348893,156.11498970262696,160.24945822953583,162.27943901762225,166.01233668565442,166.54285435736762,170.32774273088674,172.16963659319262,172.454359265279,151.14089841776212,154.47392151999227,156.21975656374642,143.12687811416112,148.38596073378216,155.77663560147863,124.78286619886838,129.49193612273817,132.7136796371091,135.96190291228388,145.31627185870906,151.58447886647514,155.43315297455857,155.92924386649068,152.021919179916,152.6344477464114,153.528752649005,136.0144825888708,137.7004128958527,139.6563137113339,142.31280726487398,145.63412703267713,147.97517487499047,136.35609656697804,141.08536130898605,146.41500200982134,61.686545182652246,51.019921995811096,45.25586444251582,41.20252623669509,33.546668455476194,27.879481129584455,22.12948687539003,30.73328989864475,35.91379313636961,41.06364901624757,42.7210605929834,44.35548228518683,49.83189701387683,52.497861081455525,55.48595815539192,137.46838546563293,145.32454058991473,146.41340829055102,138.42758272077234,139.78229284692875,142.90842766489098,52.89706153774241,56.76924594758105,124.12228322303079,125.59882076771834,126.46784050602099,132.07681023422336,133.31292939425452,136.24856390829063,28.012685575002077,30.566820736327962,33.383249573094496,38.00509117515187,41.507171693470106,46.13754902555604,48.80497041472646,56.8615040972033,125.85830478951975,128.3332176609714,129.10136268970032,13.621564959110648,8.143915535492756,4.600832072199791,1.4442916767789347,0.0,1.0753312465609661,114.08429426032737,115.42680943715031,116.17075163920637,116.73566225160447,119.43202517228113,121.79648240386726,110.0279338180942,113.5869945087821,40.791969161898066,43.25062972851541,104.13103479212559,54.60935952869727,55.70279870334872,61.2822966953139,66.93199100099285,69.77704252093795,71.94162189853455,72.94000890804165,69.68643183489326,70.60251316316057,74.68153559506752,82.2513990680768,105.87774653622678,110.8756349903642,113.13775037203683,115.75829726152384,118.72555508651985,120.76872150167058,121.98521153451095,123.5945797335257,129.18516762747748,133.86940139619568,139.60842326407527,144.06221288640813,69.4230294952428,104.13654183006072,110.27771517071801,115.87619736074015,118.37212318790759,120.11200414498707,125.93139033844217,130.01156238463338,133.45139161036485,133.9757406176477,136.78513933129372,138.48011742549062,116.02046107272312,122.784543583999,127.720325556306,101.89553086759138,108.21625432301954,113.76867019361137,116.82078126629534,122.94352656558716,123.50513586038204,98.62410375523167,104.80620711897447,105.76969712930152,106.24914472810663,99.63680743007667,104.82723612142766,108.2675862489583,113.71468437548403,117.55563712187391,97.97838184331822,101.09233142544059,102.26638184078301,103.40233606521285,103.7900073176936,104.89403403838475,105.84790090540551,106.32896015331579,111.46091321110278,117.70660636719042,146.46345557296647
126,152.43283607112667,152.36482136683415,147.47558819587576,141.69408622839362,138.17881184365496,136.34003317290635,124.37239322177143,117.35627249875076,116.99691195556328,111.89458356550449,105.44082551302064,99.41589024365882,93.27100611130935,86.49822868989651,81.12261784088595,72.70257805475666,67.46051452976957,97.3809483501539,100.0886392483179,102.72071637484741,106.98033079401729,112.3207867670593,113.27598831647178,119.56090271525241,125.94954533808068,135.09666409444864,141.21757103357797,144.13226224360406,146.66509957122426,152.88465124740827,155.77164333606063,159.81707634069247,162.83290480185292,167.92750545284764,174.3388329295862,177.7669960698441,178.73667345045305,111.37719786046355,117.37213080420864,125.22426567314716,128.28203021607715,136.09385650702856,141.79605564420362,143.23365816228713,145.5545105918914,148.9505169228631,154.51287982004987,157.1903209491879,161.32478947609678,163.3547702641832,167.08766793221537,167.61818560392857,171.4030739774477,173.24496783975357,173.52969051183996,152.21622966432307,155.54925276655322,157.29508781030736,144.20220936072207,149.4612919803431,156.85196684803958,125.85819744542934,130.56726736929912,133.78901088367004,137.03723415884483,146.39160310527,152.6598101130361,156.50848422111952,157.00457511305163,153.09725042647696,153.70977899297236,154.60408389556596,137.08981383543176,138.77574414241366,140.73164495789484,143.38813851143493,146.70945827923808,149.05050612155142,137.431427813539,142.160692555547,147.49033325638229,62.76187642921321,52.09525324237206,46.331195689076786,42.27785748325606,34.62199970203716,28.95481237614542,23.204818121950993,31.808621145205713,36.98912438293058,42.13898026280853,43.79639183954436,45.430813531747795,50.90722826043779,53.57319232801649,56.561289401952884,138.54371671219388,146.39987183647568,147.48873953711197,139.5029139673333,140.85762409348973,143.98375891145196,53.97239278430337,57.84457719414201,125.19761446959176,126.6741520142793,127.54317175258196,133.15214148078434,134.38826064081547,137.32389515485158,29.08801682156304,31.642151982888926,34.45858081965546,39.08042242171283,42.58250294003107,47.212880272117005,49.880301661287426,57.936835343764265,126.93363603608071,129.40854890753238,130.1766939362613,14.696896205671614,9.219246782053721,5.676163318760756,2.5196229233399006,1.0753312465609661,0.0,115.15962550688833,116.50214068371127,117.24608288576734,117.81099349816543,120.5073564188421,122.87181365042822,111.10326506465516,114.66232575534306,41.86730040845903,44.32596097507638,105.20636603868655,55.68469077525823,56.77812994990968,62.35762794187487,68.00732224755382,70.85237376749892,73.01695314509551,74.01534015460261,70.76176308145422,71.67784440972153,75.75686684162848,83.32673031463776,106.95307778278773,111.95096623692515,114.21308161859778,116.83362850808479,119.8008863330808,121.84405274823153,123.0605427810719,124.66991098008666,130.26049887403843,134.94473264275663,140.68375451063622,145.13754413296908,70.49836074180376,105.21187307662167,111.35304641727896,116.9515286073011,119.44745443446854,121.18733539154802,127.00672158500312,131.08689363119433,134.5267228569258,135.05107186420864,137.86047057785467,139.55544867205157,117.09579231928407,123.85987483055995,128.79565680286694,102.97086211415233,109.29158556958049,114.84400144017232,117.89611251285629,124.01885781214811,124.58046710694299,99.69943500179262,105.88153836553542,106.84502837586247,107.32447597466758,100.71213867663762,105.90256736798861,109.34291749551925,114.79001562204498,118.63096836843486,99.05371308987917,102.16766267200154,103.34171308734396,104.4776673117738,104.86533856425454,105.9693652849457,106.92323215196646,107.40429139987674,112.53624445766373,118.78193761375137,147.53878681952742
127,132.67143251847588,132.60341781418336,127.71418464322497,121.93268267574281,118.41740829100415,116.57862962025555,104.61098966912064,97.59486894609996,97.23550840291249,92.1331800128537,85.67942196036985,79.65448669100803,73.50960255865856,66.73682513724572,61.36121428823516,52.941174502105866,47.69911097711878,17.778677156734442,15.070986258570445,12.43890913204093,8.179294712871046,13.51975068591306,14.474952235325542,20.759866634106167,27.14850925693444,36.295628013302384,42.41653495243171,45.331226162457796,47.86406349007801,54.083615166262035,56.970607254914405,61.01604025954622,64.03186872070667,69.1264693717014,75.53779684843997,78.96595998869788,79.9356373693068,12.576161779317314,18.571094723062405,26.42322959200093,29.480994134930924,37.29282042588234,42.99501956305741,44.432622081140906,46.75347451074516,50.14948084171688,55.711843738903646,58.389284868041685,62.52375339495055,64.55373418303698,68.28663185106916,68.81714952278237,72.60203789630151,74.44393175860739,74.72865443069377,53.41519358317685,56.748216685407016,58.49405172916116,45.401173279575836,50.660255899196876,58.05093076689336,27.0571613642831,31.76623128815288,34.98797480252381,38.23619807769859,47.59056702412376,53.85877403188985,57.70744813997328,58.20353903190539,54.296214345330704,54.90874291182611,55.80304781441972,38.28877775428552,39.97470806126742,41.93060887674861,44.58710243028869,47.90842219809184,50.24947004040519,38.63039173239276,43.35965647440076,48.68929717523604,52.397749077675144,63.064372264516294,68.82842981781157,72.8817680236323,80.5376258048512,86.20481313074293,91.95480738493735,100.55861040819208,105.73911364591694,110.88896952579489,112.54638110253072,114.18080279473415,119.65721752342415,122.32318159100285,125.31127866493924,39.74268063104764,47.598835755329446,48.68770345596573,40.701877886187056,42.05658801234347,45.1827228303057,122.72238204728973,126.59456645712837,26.396578388445512,27.87311593313305,28.742135671435708,34.35110539963809,35.58722455966926,38.52285907370537,86.33801757616055,88.89215273748644,91.70858157425297,96.33042317631035,99.83250369462858,104.46288102671451,107.13030241588493,115.18683609836177,28.132599954934477,30.607512826386138,31.37565785511506,100.46272930121674,105.94037872483463,109.48346218812759,112.64000258354845,114.08429426032738,115.15962550688835,0.0,1.3425151768229437,2.086457378879002,2.6513679912770973,5.347730911953757,7.712188143539885,12.302228983508918,15.861289674196819,87.78292651127308,90.24158707789043,25.604094845267092,66.65380979740246,67.74724897205391,73.3267469640191,78.97644126969804,60.488246415960845,62.65282579355744,63.651212803064546,51.000359528803436,51.916440857070754,55.9954632889777,63.56532676198698,87.19167423013694,92.18956268427436,94.451678065947,97.072224955434,100.03948278043,102.08264919558074,103.29913922842111,104.90850742743586,110.49909532138764,115.18332909010586,120.92235095798543,125.37614058031829,60.1342333902657,85.45046952397088,91.59164286462817,97.19012505465031,99.68605088181775,101.42593183889723,107.24531803235233,111.32549007854352,114.76531930427498,115.28966831155782,118.09906702520388,119.79404511940078,97.33438876663328,104.09847127790916,109.03425325021615,83.20945856150153,89.5301820169297,95.08259788752153,98.1347089602055,104.25745425949732,104.8190635542922,79.93803144914183,86.12013481288463,87.08362482321168,87.56307242201679,80.95073512398683,86.14116381533782,89.58151394286845,95.02861206939419,98.86956481578407,79.29230953722838,82.40625911935075,83.58030953469317,84.71626375912301,85.10393501160375,86.2079617322949,87.16182859931567,87.64288784722595,92.77484090501294,99.02053406110058,127.7773832668766
128,134.01394769529884,133.94593299100632,129.05669982004792,123.27519785256577,119.75992346782711,117.92114479707851,105.9535048459436,98.93738412292292,98.57802357973544,93.47569518967666,87.02193713719281,80.99700186783099,74.85211773548151,68.07934031406867,62.7037294650581,54.28368967892881,49.04162615394172,19.12119233355739,16.41350143539339,13.781424308863876,9.52180988969399,14.862265862736004,15.817467412148485,22.10238181092911,28.49102443375738,37.63814319012533,43.75905012925465,46.67374133928074,49.20657866690095,55.42613034308498,58.31312243173735,62.358555436369166,65.37438389752961,70.46898454852435,76.88031202526291,80.30847516552082,81.27815254612975,13.91867695614026,19.91360989988535,27.765744768823875,30.82350931175387,38.63533560270528,44.337534739880354,45.77513725796385,48.0959896875681,51.49199601853982,57.05435891572659,59.73180004486463,63.866268571773496,65.89624935985992,69.6291470278921,70.15966469960532,73.94455307312445,75.78644693543033,76.07116960751671,54.757708759999794,58.09073186222996,59.8365669059841,46.74368845639878,52.00277107601982,59.3934459437163,28.399676541106043,33.10874646497582,36.33048997934675,39.57871325452153,48.9330822009467,55.201289208712794,59.04996331679622,59.546054208728336,55.638729522153646,56.25125808864905,57.14556299124266,39.63129293110846,41.317223238090364,43.27312405357155,45.92961760711163,49.250937374914784,51.591985217228135,39.9729069092157,44.7021716512237,50.031812352058985,53.740264254498086,64.40688744133924,70.17094499463451,74.22428320045525,81.88014098167415,87.54732830756588,93.2973225617603,101.90112558501502,107.08162882273989,112.23148470261783,113.88889627935366,115.52331797155709,120.9997327002471,123.66569676782579,126.65379384176218,41.08519580787058,48.94135093215239,50.030218632788674,42.04439306301,43.39910318916641,46.52523800712864,124.06489722411267,127.93708163395131,27.739093565268455,29.215631109955993,30.08465084825865,35.69362057646103,36.9297397364922,39.86537425052831,87.6805327529835,90.23466791430938,93.05109675107592,97.67293835313329,101.17501887145153,105.80539620353746,108.47281759270787,116.52935127518471,29.47511513175742,31.95002800320908,32.718173031938,101.80524447803967,107.28289390165756,110.82597736495052,113.98251776037138,115.42680943715031,116.50214068371127,1.3425151768229437,0.0,0.7439422020560582,1.3088528144541534,4.005215735130813,6.369672966716941,13.644744160331864,17.203804851019765,89.12544168809602,91.58410225471337,26.94661002209004,67.9963249742254,69.08976414887685,74.66926214084204,80.31895644652099,61.83076159278379,63.99534097038038,64.99372797988748,52.34287470562638,53.258956033893696,57.337978465800646,64.90784193880992,88.5341894069599,93.53207786109732,95.79419324276995,98.41474013225695,101.38199795725296,103.4251643724037,104.64165440524407,106.25102260425882,111.8416104982106,116.52584426692881,122.26486613480839,126.71865575714125,61.47674856708864,86.79298470079384,92.93415804145113,98.53264023147327,101.0285660586407,102.76844701572018,108.58783320917529,112.66800525536648,116.10783448109794,116.63218348838078,119.44158220202684,121.13656029622373,98.67690394345624,105.44098645473211,110.37676842703911,84.55197373832449,90.87269719375266,96.42511306434449,99.47722413702846,105.59996943632028,106.16157873111516,81.28054662596479,87.46264998970759,88.42614000003464,88.90558759883974,82.29325030080979,87.48367899216078,90.92402911969141,96.37112724621714,100.21207999260703,80.63482471405133,83.7487742961737,84.92282471151613,86.05877893594597,86.44645018842671,87.55047690911786,88.50434377613863,88.9854030240489,94.1173560818359,100.36304923792353,129.11989844369955
129,134.7578898973549,134.68987519306236,129.80064202210397,124.01914005462181,120.50386566988315,118.66508699913456,106.69744704799965,99.68132632497897,99.32196578179149,94.2196373917327,87.76587933924885,81.74094406988704,75.59605993753756,68.82328251612472,63.447671667114165,55.02763188098487,49.78556835599778,19.865134535613446,17.157443637449447,14.525366510919934,10.265752091750048,15.606208064792062,16.561409614204543,22.84632401298517,29.234966635813443,38.38208539218139,44.502992331310715,47.4176835413368,49.950520868957014,56.17007254514104,59.05706463379341,63.10249763842523,66.11832609958567,71.21292675058041,77.62425422731897,81.05241736757688,82.02209474818581,14.662619158196318,20.65755210194141,28.509686970879933,31.567451513809928,39.379277804761344,45.081476941936415,46.51907946001991,48.83993188962416,52.235938220595884,57.79830111778265,60.47574224692069,64.61021077382956,66.64019156191598,70.37308922994816,70.90360690166138,74.68849527518051,76.5303891374864,76.81511180957277,55.501650962055855,58.83467406428602,60.58050910804016,47.48763065845484,52.74671327807588,60.13738814577236,29.143618743162104,33.852688667031885,37.07443218140281,40.32265545657759,49.67702440300276,55.945231410768855,59.793905518852284,60.2899964107844,56.38267172420971,56.995200290705114,57.889505193298724,40.37523513316452,42.061165440146425,44.01706625562761,46.67355980916769,49.994879576970845,52.3359274192842,40.71684911127176,45.44611385327976,50.775754554115046,54.48420645655415,65.1508296433953,70.91488719669057,74.96822540251131,82.6240831837302,88.29127050962194,94.04126476381636,102.64506778707108,107.82557102479595,112.9754269046739,114.63283848140972,116.26726017361315,121.74367490230316,124.40963896988185,127.39773604381824,41.829138009926645,49.68529313420845,50.774160834844736,42.78833526506606,44.14304539122247,47.269180209184704,124.80883942616873,128.68102383600737,28.483035767324516,29.959573312012054,30.828593050314712,36.43756277851709,37.67368193854826,40.60931645258437,88.42447495503956,90.97861011636545,93.79503895313198,98.41688055518935,101.91896107350759,106.54933840559352,109.21675979476393,117.27329347724077,30.21905733381348,32.693970205265146,33.46211523399407,102.54918668009574,108.02683610371363,111.5699195670066,114.72645996242746,116.17075163920639,117.24608288576735,2.086457378879002,0.7439422020560582,0.0,0.5649106123980953,3.2612735330747546,5.625730764660882,14.388686362387922,17.947747053075823,89.86938389015208,92.32804445676943,27.690552224146096,68.74026717628146,69.83370635093291,75.4132043428981,81.06289864857705,62.57470379483985,64.73928317243644,65.73767018194354,53.08681690768244,54.00289823594976,58.08192066785671,65.65178414086598,89.27813160901594,94.27602006315337,96.538135444826,99.158682334313,102.12594015930901,104.16910657445975,105.38559660730012,106.99496480631487,112.58555270026665,117.26978646898486,123.00880833686443,127.4625979591973,62.2206907691447,87.53692690284988,93.67810024350717,99.27658243352931,101.77250826069675,103.51238921777623,109.33177541123133,113.41194745742253,116.85177668315399,117.37612569043682,120.18552440408288,121.88050249827978,99.42084614551229,106.18492865678816,111.12071062909516,85.29591594038054,91.6166393958087,97.16905526640053,100.2211663390845,106.34391163837633,106.9055209331712,82.02448882802084,88.20659219176363,89.17008220209068,89.64952980089579,83.03719250286584,88.22762119421682,91.66797132174746,97.11506944827319,100.95602219466308,81.37876691610738,84.49271649822975,85.66676691357218,86.80272113800201,87.19039239048276,88.29441911117391,89.24828597819467,89.72934522610495,94.86129828389194,101.10699143997958,129.8638406457556
130,135.322800509753,135.25478580546047,130.36555263450208,124.58405066701992,121.06877628228126,119.22999761153267,107.26235766039775,100.24623693737708,99.8868763941896,94.78454800413081,88.33078995164696,82.30585468228514,76.16097054993567,69.38819312852283,64.01258227951226,55.592542493382965,50.350478968395876,20.43004514801154,17.72235424984754,15.090277123318028,10.830662704148143,16.171118677190158,17.12632022660264,23.411234625383265,29.799877248211537,38.94699600457948,45.06790294370881,47.982594153734894,50.51543148135511,56.73498315753913,59.621975246191504,63.66740825082332,66.68323671198377,71.7778373629785,78.18916483971707,81.61732797997497,82.5870053605839,15.227529770594412,21.222462714339503,29.074597583278027,32.13236212620802,39.94418841715944,45.64638755433451,47.083990072418004,49.404842502022255,52.80084883299398,58.363211730180744,61.04065285931878,65.17512138622766,67.20510217431408,70.93799984234626,71.46851751405947,75.25340588757861,77.09529974988449,77.38002242197086,56.06656157445395,59.399584676684114,61.145419720438255,48.052541270852934,53.311623890473975,60.70229875817046,29.7085293555602,34.41759927942998,37.63934279380091,40.88756606897569,50.241935015400855,56.51014202316695,60.35881613125038,60.85490702318249,56.9475823366078,57.56011090310321,58.45441580569682,40.94014574556262,42.62607605254452,44.581976868025706,47.238470421565786,50.55979018936894,52.90083803168229,41.28175972366986,46.011024465677856,51.34066516651314,55.04911706895224,65.71574025579339,71.47979780908867,75.5331360149094,83.1889937961283,88.85618112202003,94.60617537621445,103.20997839946918,108.39048163719404,113.54033751707199,115.19774909380781,116.83217078601125,122.30858551470125,124.97454958227995,127.96264665621634,42.39404862232474,50.250203746606545,51.33907144724283,43.353245877464154,44.707956003620566,47.8340908215828,125.37375003856683,129.24593444840545,29.04794637972261,30.52448392441015,31.393503662712806,37.002473390915185,38.23859255094636,41.17422706498247,88.98938556743765,91.54352072876354,94.35994956553007,98.98179116758745,102.48387168590568,107.11424901799161,109.78167040716203,117.83820408963886,30.783967946211575,33.25888081766324,34.02702584639216,103.11409729249382,108.59174671611171,112.13483017940467,115.29137057482554,116.73566225160447,117.81099349816543,2.6513679912770973,1.3088528144541534,0.5649106123980953,0.0,2.6963629206766595,5.060820152262787,14.953596974786016,18.512657665473917,90.43429450255017,92.89295506916753,28.25546283654419,69.30517778867956,70.39861696333101,75.97811495529619,81.62780926097514,63.13961440723794,65.30419378483454,66.30258079434164,53.651727520080534,54.56780884834785,58.6468312802548,66.21669475326408,89.84304222141405,94.84093067555148,97.1030460572241,99.72359294671111,102.69085077170712,104.73401718685786,105.95050721969822,107.55987541871298,113.15046331266475,117.83469708138297,123.57371894926254,128.0275085715954,62.7856013815428,88.101837515248,94.24301085590528,99.84149304592742,102.33741887309486,104.07729983017434,109.89668602362944,113.97685806982064,117.4166872955521,117.94103630283493,120.75043501648099,122.44541311067789,99.9857567579104,106.74983926918627,111.68562124149327,85.86082655277865,92.18155000820681,97.73396587879864,100.78607695148261,106.90882225077443,107.47043154556931,82.58939944041894,88.77150280416174,89.73499281448879,90.2144404132939,83.60210311526394,88.79253180661493,92.23288193414557,97.6799800606713,101.52093280706119,81.94367752850549,85.05762711062786,86.23167752597028,87.36763175040012,87.75530300288086,88.85932972357202,89.81319659059278,90.29425583850306,95.42620889629005,101.67190205237769,130.4287512581537
131,138.01916343042964,137.95114872613712,133.06191555517873,127.28041358769657,123.76513920295791,121.92636053220932,109.9587205810744,102.94259985805373,102.58323931486625,97.48091092480746,91.02715287232361,85.00221760296179,78.85733347061232,72.08455604919948,66.70894520018892,58.28890541405963,53.04684188907254,23.1264080686882,20.4187171705242,17.786640043994687,13.527025624824802,18.867481597866814,19.822683147279296,26.10759754605992,32.49624016888819,41.64335892525614,47.764265864385465,50.67895707441155,53.211794402031764,59.43134607821579,62.31833816686816,66.36377117149998,69.37959963266043,74.47420028365516,80.88552776039373,84.31369090065164,85.28336828126056,17.92389269127107,23.918825635016162,31.770960503954687,34.828725046884685,42.6405513378361,48.34275047501117,49.78035299309467,52.10120542269892,55.49721175367064,61.05957465085741,63.737015779995446,67.87148430690432,69.90146509499074,73.63436276302292,74.16488043473613,77.94976880825527,79.79166267056115,80.07638534264753,58.76292449513061,62.09594759736078,63.84178264111492,50.7489041915296,56.00798681115064,63.39866167884712,32.40489227623686,37.113962200106634,40.33570571447756,43.58392898965235,52.93829793607752,59.20650494384361,63.05517905192704,63.551269943859154,59.643945257284464,60.25647382377987,61.15077872637348,43.63650866623928,45.32243897322118,47.27833978870237,49.93483334224245,53.2561531100456,55.59720095235895,43.97812264434652,48.70738738635452,54.0370280871898,57.745479989628905,68.41210317647005,74.17616072976533,78.22949893558607,85.88535671680496,91.5525440426967,97.30253829689111,105.90634132014584,111.0868445578707,116.23670043774865,117.89411201448448,119.52853370668791,125.00494843537791,127.67091250295661,130.659009576893,45.090411543001395,52.9465666672832,54.035434367919486,46.04960879814081,47.40431892429722,50.53045374225945,128.0701129592435,131.94229736908213,31.744309300399266,33.220846845086804,34.089866583389465,39.69883631159184,40.93495547162302,43.87058998565913,91.68574848811431,94.2398836494402,97.05631248620674,101.67815408826411,105.18023460658235,109.81061193866827,112.47803332783869,120.53456701031553,33.48033086688823,35.955243738339895,36.72338876706882,105.8104602131705,111.28810963678839,114.83119310008135,117.98773349550221,119.43202517228114,120.50735641884211,5.347730911953756,4.005215735130813,3.2612735330747546,2.6963629206766595,0.0,2.3644572315861274,17.649959895462676,21.209020586150576,93.13065742322684,95.58931798984419,30.951825757220853,72.00154070935622,73.09497988400767,78.67447787597285,84.3241721816518,65.8359773279146,68.0005567055112,68.9989437150183,56.3480904407572,57.264171769024514,61.343194200931464,68.91305767394074,92.5394051420907,97.53729359622812,99.79940897790075,102.41995586738776,105.38721369238377,107.4303801075345,108.64687014037487,110.25623833938963,115.8468262333414,120.53106000205962,126.27008186993919,130.72387149227205,65.48196430221947,90.79820043592464,96.93937377658193,102.53785596660407,105.03378179377151,106.77366275085099,112.59304894430609,116.67322099049728,120.11305021622874,120.63739922351158,123.44679793715764,125.14177603135454,102.68211967858704,109.44620218986292,114.38198416216991,88.5571894734553,94.87791292888346,100.43032879947529,103.48243987215926,109.60518517145108,110.16679446624596,85.28576236109559,91.46786572483839,92.43135573516544,92.91080333397055,86.29846603594059,91.48889472729158,94.92924485482222,100.37634298134795,104.21729572773783,84.64004044918214,87.75399003130451,88.92804044664693,90.06399467107677,90.45166592355751,91.55569264424867,92.50955951126943,92.99061875917971,98.1225718169667,104.36826497305434,133.12511417883036
132,140.38362066201574,140.31560595772322,135.42637278676483,129.6448708192827,126.12959643454404,124.29081776379545,112.32317781266053,105.30705708963986,104.94769654645238,99.84536815639359,93.39161010390974,87.36667483454792,81.22179070219845,74.4490132807856,69.07340243177505,60.65336264564576,55.41129912065867,25.49086530027433,22.78317440211033,20.151097275580817,15.891482856410931,21.231938829452943,22.187140378865426,28.47205477764605,34.86069740047432,44.00781615684227,50.128723095971594,53.04341430599768,55.57625163361789,61.79580330980192,64.68279539845429,68.7282284030861,71.74405686424656,76.8386575152413,83.24998499197986,86.67814813223777,87.6478255128467,20.2883499228572,26.283282866602292,34.13541773554081,37.19318227847081,45.00500856942222,50.70720770659729,52.14481022468078,54.46566265428503,57.861668985256756,63.42403188244352,66.10147301158156,70.23594153849044,72.26592232657686,75.99881999460904,76.52933766632225,80.31422603984139,82.15611990214727,82.44084257423364,61.12738172671673,64.46040482894689,66.20623987270103,53.11336142311572,58.37244404273676,65.76311891043323,34.76934950782299,39.478419431692764,42.70016294606369,45.94838622123848,55.30275516766365,61.57096217542974,65.41963628351317,65.91572717544528,62.008402488870594,62.620931055366,63.51523595795961,46.0009658978254,47.686896204807304,49.64279702028849,52.29929057382857,55.620610341631725,57.961658183945076,46.34257987593264,51.07184461794064,56.401485318775926,60.109937221215034,70.77656040805618,76.54061796135146,80.5939561671722,88.2498139483911,93.91700127428282,99.66699552847724,108.27079855173197,113.45130178945683,118.60115766933478,120.2585692460706,121.89299093827404,127.36940566696404,130.03536973454274,133.02346680847913,47.454868774587524,55.31102389886933,56.399891599505615,48.41406602972694,49.76877615588335,52.89491097384558,130.43457019082962,134.30675460066826,34.108766531985395,35.585304076672934,36.454323814975595,42.06329354317797,43.29941270320914,46.23504721724525,94.05020571970044,96.60434088102633,99.42076971779287,104.04261131985024,107.54469183816848,112.1750691702544,114.84249055942482,122.89902424190166,35.84478809847436,38.319700969926025,39.08784599865495,108.17491744475663,113.65256686837452,117.19565033166748,120.35219072708834,121.79648240386727,122.87181365042824,7.712188143539884,6.369672966716941,5.625730764660882,5.060820152262787,2.3644572315861274,0.0,20.014417127048805,23.573477817736705,95.49511465481297,97.95377522143032,33.31628298880698,74.36599794094235,75.4594371155938,81.03893510755898,86.68862941323793,68.20043455950074,70.36501393709733,71.36340094660443,58.71254767234333,59.628629000610644,63.70765143251759,71.27751490552687,94.90386237367683,99.90175082781425,102.16386620948688,104.78441309897389,107.7516709239699,109.79483733912063,111.011327371961,112.62069557097576,118.21128346492753,122.89551723364575,128.63453910152532,133.08832872385818,67.8464215338056,93.16265766751077,99.30383100816806,104.9023131981902,107.39823902535764,109.13811998243712,114.95750617589222,119.03767822208341,122.47750744781487,123.00185645509771,125.81125516874377,127.50623326294067,105.04657691017317,111.81065942144905,116.74644139375604,90.92164670504143,97.24237016046959,102.79478603106142,105.84689710374539,111.96964240303721,112.53125169783209,87.65021959268172,93.83232295642452,94.79581296675157,95.27526056555668,88.66292326752672,93.85335195887771,97.29370208640835,102.74080021293408,106.58175295932396,87.00449768076827,90.11844726289064,91.29249767823306,92.4284519026629,92.81612315514364,93.9201498758348,94.87401674285556,95.35507599076584,100.48702904855283,106.73272220464047,135.4895714104165
133,128.6150720762427,128.5470573719502,123.6578242009918,117.87632223350964,114.36104784877098,112.52226917802238,100.55462922688747,93.5385085038668,93.17914796067932,88.07681957062053,81.6230615181367,75.59812624877488,69.4532421164254,62.68046469501255,57.30485384600199,48.884814059872696,43.64275053488561,13.72231671450127,11.014625816337272,8.382548689807757,4.122934270637873,9.463390243679886,10.418591793092368,16.703506191872997,23.092148814701268,32.23926757106921,38.36017451019854,41.274865720224625,43.80770304784484,50.027254724028865,52.914246812681235,56.95967981731305,59.975508278473505,65.07010892946823,71.4814364062068,74.9095995464647,75.87927692707363,8.519801337084141,14.51473428082923,22.366869149767755,25.42463369269775,33.23645998364916,38.93865912082423,40.37626163890772,42.69711406851197,46.093120399483695,51.65548329667046,54.3329244258085,58.46739295271737,60.497373740803795,64.23027140883597,64.76078908054919,68.54567745406833,70.3875713163742,70.67229398846058,49.358833140943666,52.69185624317383,54.43769128692797,41.34481283734266,46.6038954569637,53.99457032466018,23.00080092204993,27.70987084591971,30.931614360290638,34.17983763546542,43.53420658189059,49.80241358965668,53.65108769774011,54.14717858967222,50.23985390309753,50.85238246959294,51.74668737218655,34.23241731205234,35.91834761903424,37.87424843451543,40.53074198805551,43.852061755858664,46.193109598172015,34.57403129015958,39.30329603216758,44.632936733002865,48.34138863544197,59.00801182228312,64.7720693755784,68.82540758139913,76.48126536261803,82.14845268850976,87.89844694270418,96.50224996595891,101.68275320368377,106.83260908356172,108.49002066029755,110.12444235250098,115.60085708119098,118.26682114876968,121.25491822270607,35.68632018881447,43.542475313096276,44.63134301373256,36.645517443953885,38.0002275701103,41.12636238807253,118.66602160505656,122.5382060148952,22.34021794621234,23.81675549089988,24.685775229202537,30.294744957404912,31.53086411743608,34.46649863147219,82.28165713392738,84.83579229525327,87.6522211320198,92.27406273407718,95.77614325239541,100.40652058448134,103.07394197365176,111.1304756561286,24.076239512701306,26.551152384152967,27.319297412881888,96.40636885898357,101.88401828260146,105.42710174589442,108.58364214131528,110.02793381809421,111.10326506465518,12.302228983508918,13.644744160331863,14.38868636238792,14.953596974786016,17.649959895462676,20.0144171270488,0.0,3.5590606906879008,83.7265660690399,86.18522663565726,21.54773440303392,62.597449355169296,63.69088852982075,69.27038652178592,74.92008082746487,56.431885973727674,58.59646535132427,59.594852360831375,46.943999086570265,47.86008041483758,51.93910284674453,59.50896631975381,83.13531378790378,88.13320224204121,90.39531762371384,93.01586451320084,95.98312233819685,98.02628875334759,99.24277878618796,100.85214698520271,106.44273487915449,111.1269686478727,116.86599051575227,121.31978013808514,56.07787294803253,81.39410908173772,87.53528242239501,93.13376461241715,95.62969043958459,97.36957139666407,103.18895759011917,107.26912963631037,110.70895886204183,111.23330786932466,114.04270658297072,115.73768467716762,93.27802832440014,100.04211083567601,104.97789280798301,79.15309811926838,85.47382157469654,91.02623744528837,94.07834851797233,100.20109381726415,100.76270311205903,75.88167100690868,82.06377437065147,83.02726438097852,83.50671197978363,76.89437468175367,82.08480337310466,85.5251535006353,90.97225162716103,94.81320437355092,75.23594909499522,78.34989867711758,79.52394909246001,80.65990331688985,81.0475745693706,82.15160129006175,83.10546815708251,83.5865274049928,88.71848046277978,94.96417361886742,123.72102282464343
134,132.17413276693063,132.1061180626381,127.21688489167971,121.43538292419755,117.9201085394589,116.0813298687103,104.11368991757539,97.09756919455471,96.73820865136723,91.63588026130844,85.1821222088246,79.15718693946278,73.0123028071133,66.23952538570046,60.86391453668989,52.443874750560596,47.20181122557351,17.281377405189172,14.573686507025174,11.94160938049566,7.681994961325774,13.022450934367788,13.977652483780268,20.262566882560897,26.65120950538917,35.79832826175711,41.91923520088644,44.833926410912525,47.36676373853274,53.586315414716765,56.473307503369135,60.51874050800095,63.534568969161406,68.62916962015613,75.0404970968947,78.4686602371526,79.43833761776153,12.078862027772043,18.073794971517135,25.92592984045566,28.983694383385654,36.79552067433707,42.49771981151214,43.935322329595635,46.25617475919989,49.65218109017161,55.214543987358375,57.891985116496414,62.02645364340528,64.05643443149171,67.78933209952389,68.3198497712371,72.10473814475624,73.94663200706212,74.2313546791485,52.91789383163158,56.250916933861745,57.99675197761589,44.903873528030566,50.162956147651606,57.55363101534809,26.55986161273783,31.26893153660761,34.49067505097854,37.73889832615332,47.09326727257849,53.36147428034458,57.21014838842801,57.70623928036012,53.79891459378543,54.41144316028084,55.30574806287445,37.79147800274025,39.47740830972215,41.43330912520334,44.08980267874342,47.41112244654657,49.75217028885992,38.13309198084749,42.86235672285549,48.19199742369077,51.90044932612987,62.56707251297102,68.3311300662663,72.38446827208703,80.04032605330593,85.70751337919766,91.45750763339208,100.06131065664681,105.24181389437167,110.39166977424962,112.04908135098545,113.68350304318888,119.15991777187888,121.82588183945758,124.81397891339397,39.24538087950237,47.101536003784176,48.19040370442046,40.204578134641785,41.5592882607982,44.68542307876043,122.22508229574446,126.0972667055831,25.89927863690024,27.37581618158778,28.244835919890438,33.853805648092816,35.08992480812399,38.0255593221601,85.84071782461528,88.39485298594117,91.2112818227077,95.83312342476508,99.33520394308331,103.96558127516924,106.63300266433966,114.6895363468165,27.635300203389207,30.110213074840868,30.878358103569788,99.96542954967146,105.44307897328935,108.9861624365823,112.14270283200317,113.5869945087821,114.66232575534306,15.86128967419682,17.203804851019765,17.947747053075823,18.512657665473917,21.209020586150576,23.573477817736702,3.5590606906879008,0.0,87.2856267597278,89.74428732634516,25.10679509372182,66.15651004585719,67.24994922050864,72.82944721247382,78.47914151815277,59.990946664415574,62.15552604201217,63.153913051519275,50.503059777258166,51.41914110552548,55.49816353743243,63.06802701044171,86.69437447859168,91.69226293272911,93.95437831440174,96.57492520388874,99.54218302888475,101.58534944403549,102.80183947687586,104.41120767589061,110.00179556984239,114.6860293385606,120.42505120644017,124.87884082877304,59.63693363872043,84.95316977242562,91.09434311308291,96.69282530310505,99.1887511302725,100.92863208735197,106.74801828080707,110.82819032699827,114.26801955272973,114.79236856001256,117.60176727365862,119.29674536785552,96.83708901508803,103.6011715263639,108.5369534986709,82.71215880995628,89.03288226538444,94.58529813597627,97.63740920866024,103.76015450795207,104.32176380274694,79.44073169759658,85.62283506133937,86.58632507166642,87.06577267047153,80.45343537244158,85.64386406379256,89.0842141913232,94.53131231784893,98.37226506423882,78.79500978568312,81.9089593678055,83.08300978314792,84.21896400757775,84.6066352600585,85.71066198074965,86.66452884777041,87.1455880956807,92.27754115346768,98.52323430955532,127.28008351533134
135,125.05613707551142,124.98812237121889,120.09888920026049,114.31738723277833,110.80211284803967,108.96333417729107,96.99569422615616,89.97957350313548,89.620212959948,84.51788456988922,78.06412651740538,72.03919124804356,65.89430711569409,59.12152969428124,53.74591884527068,45.325879059141386,40.0838155341543,70.00424935453863,72.71194025270263,75.34401737923214,79.60363179840202,84.94408777144403,85.89928932085651,92.18420371963714,98.57284634246541,107.71996509883336,113.84087203796268,116.75556324798877,119.28840057560899,125.50795225179301,128.3949443404454,132.44037734507722,135.45620580623768,140.5508064572324,146.96213393397096,150.39029707422887,151.3599744548378,84.00049886484828,89.99543180859337,97.84756667753189,100.90533122046189,108.7171575114133,114.41935664858838,115.85695916667187,118.17781159627613,121.57381792724786,127.13618082443463,129.81362195357266,133.94809048048154,135.97807126856796,139.71096893660012,140.24148660831332,144.02637498183245,145.86826884413833,146.15299151622472,124.83953066870782,128.17255377093798,129.91838881469212,116.8255103651068,122.08459298472783,129.4752678524243,98.48149844981407,103.19056837368385,106.41231188805477,109.66053516322955,119.01490410965472,125.28311111742082,129.13178522550425,129.62787611743636,125.72055143086168,126.33307999735709,127.22738489995069,109.71311483981648,111.39904514679839,113.35494596227957,116.01143951581965,119.3327592836228,121.67380712593616,110.05472881792372,114.78399355993172,120.113634260767,35.38517743359793,24.718554246756778,18.954496693461504,14.901158487640771,7.245300706421869,12.912488032313608,18.66248228650803,27.26628530976275,32.446788547487614,37.59664442736557,39.2540560041014,40.88847769630483,46.364892424994835,49.030856492573534,52.01895356650993,111.16701771657861,119.02317284086043,120.11204054149671,112.12621497171803,113.48092509787443,116.60705991583667,49.43005694886041,53.30224135869905,97.82091547397648,99.29745301866403,100.16647275696668,105.77544248516907,107.01156164520022,109.94719615923633,13.04569247773123,15.599827639057114,18.41625647582365,23.038098077881024,26.54017859619926,31.170555928285197,33.83797731745562,41.89451099993246,99.55693704046544,102.0318499119171,102.79999494064603,27.17040420278741,32.6480536264053,36.191137089698266,39.34767748511912,40.79196916189805,41.867300408459016,87.78292651127306,89.125441688096,89.86938389015206,90.43429450255016,93.13065742322682,95.49511465481295,83.72656606903989,87.28562675972779,0.0,2.458660566617349,77.82966704307128,28.307991779642947,29.4014309542944,34.98092894625958,40.63062325193853,43.47567477188363,45.64025414948023,46.63864115898733,43.385064085838955,44.30114541410627,48.38016784601322,55.9500313190225,79.57637878717247,84.5742672413099,86.83638262298253,89.45692951246953,92.42418733746554,94.46735375261628,95.68384378545665,97.2932119844714,102.88379987842318,107.56803364714139,113.30705551502096,117.76084513735383,43.12166174618849,77.83517408100641,83.9763474216637,89.57482961168584,92.07075543885328,93.81063639593276,99.63002258938786,103.71019463557906,107.15002386131052,107.67437286859335,110.48377158223941,112.17874967643631,89.71909332366883,96.4831758349447,101.4189578072517,75.59416311853707,81.91488657396523,87.46730244455706,90.51941351724102,96.64215881653284,97.20376811132772,72.32273600617737,78.50483936992016,79.46832938024721,79.94777697905232,73.33543968102236,78.52586837237335,81.96621849990399,87.41331662642972,91.2542693728196,71.67701409426391,74.79096367638627,75.9650140917287,77.10096831615854,77.48863956863929,78.59266628933044,79.5465331563512,80.02759240426148,85.15954546204847,91.40523861813611,120.16208782391212
136,127.51479764212876,127.44678293783623,122.55754976687783,116.77604779939567,113.26077341465701,111.42199474390841,99.4543547927735,92.43823406975282,92.07887352656535,86.97654513650656,80.52278708402272,74.4978518146609,68.35296768231143,61.58019026089858,56.20457941188802,47.784539625758725,42.54247610077164,72.46290992115597,75.17060081931997,77.80267794584948,82.06229236501936,87.40274833806137,88.35794988747385,94.64286428625448,101.03150690908275,110.1786256654507,116.29953260458002,119.21422381460611,121.74706114222633,127.96661281841035,130.85360490706273,134.89903791169456,137.91486637285502,143.00946702384974,149.4207945005883,152.8489576408462,153.81863502145515,86.45915943146562,92.4540923752107,100.30622724414923,103.36399178707923,111.17581807803064,116.87801721520572,118.31561973328921,120.63647216289347,124.0324784938652,129.59484139105197,132.27228252019,136.40675104709888,138.4367318351853,142.1696295032175,142.7001471749307,146.48503554844982,148.3269294107557,148.61165208284208,127.29819123532516,130.63121433755532,132.37704938130946,119.28417093172413,124.54325355134517,131.93392841904165,100.94015901643141,105.64922894030119,108.87097245467211,112.1191957298469,121.47356467627206,127.74177168403816,131.59044579212159,132.0865366840537,128.179211997479,128.7917405639744,129.686045466568,112.17177540643382,113.85770571341573,115.81360652889691,118.47010008243699,121.79141985024015,124.1324676925535,112.51338938454106,117.24265412654906,122.57229482738434,37.84383800021527,27.177214813374125,21.41315726007885,17.359819054258118,9.703961273039218,15.371148598930954,21.121142853125377,29.724945876380097,34.90544911410496,40.055304993982915,41.71271657071875,43.34713826292218,48.823552991612175,51.489517059190874,54.47761413312727,113.62567828319595,121.48183340747777,122.57070110811405,114.58487553833537,115.93958566449177,119.06572048245401,51.88871751547776,55.760901925316396,100.27957604059382,101.75611358528137,102.62513332358402,108.2341030517864,109.47022221181756,112.40585672585367,15.504353044348576,18.05848820567446,20.874917042440998,25.49675864449837,28.99883916281661,33.62921649490254,36.296637884072965,44.353171566549804,102.01559760708278,104.49051047853445,105.25865550726337,29.629064769404756,35.10671419302265,38.64979765631561,41.80633805173647,43.2506297285154,44.32596097507636,90.2415870778904,91.58410225471334,92.3280444567694,92.8929550691675,95.58931798984416,97.95377522143029,86.18522663565723,89.74428732634513,2.458660566617349,0.0,80.28832760968862,30.766652346260294,31.860091520911748,37.43958951287693,43.08928381855587,45.93433533850097,48.09891471609757,49.09730172560467,45.843724652456295,46.75980598072361,50.83882841263056,58.40869188563984,82.03503935378981,87.03292780792724,89.29504318959987,91.91559007908687,94.88284790408288,96.92601431923362,98.14250435207398,99.75187255108874,105.34246044504052,110.02669421375873,115.7657160816383,120.21950570397117,45.580322312805826,80.29383464762375,86.43500798828104,92.03349017830318,94.52941600547062,96.2692969625501,102.0886831560052,106.1688552021964,109.60868442792786,110.13303343521069,112.94243214885675,114.63741024305365,92.17775389028617,98.94183640156204,103.87761837386904,78.05282368515441,84.37354714058257,89.9259630111744,92.97807408385836,99.10081938315018,99.66242867794506,74.7813965727947,80.9634999365375,81.92698994686455,82.40643754566966,75.7941002476397,80.98452893899069,84.42487906652133,89.87197719304706,93.71292993943695,74.13567466088125,77.24962424300361,78.42367465834604,79.55962888277588,79.94730013525663,81.05132685594778,82.00519372296854,82.48625297087882,87.61820602866581,93.86389918475345,122.62074839052946
137,122.7181730502741,122.65015834598158,117.76092517502317,111.97942320754102,108.46414882280236,106.62537015205376,94.65773020091885,87.64160947789817,87.2822489347107,82.1799205446519,75.72616249216807,69.70122722280625,63.55634309045678,56.78356566904393,51.40795482003337,42.98791503390407,37.745851508916985,7.825417688532651,10.533108586696649,13.165185713226164,17.424800132396047,22.765256105438063,23.720457654850545,30.00537205363117,36.39401467645944,45.54113343282739,51.662040371956714,54.5767315819828,57.10956890960301,63.32912058578704,66.2161126744394,70.26154567907122,73.27737414023167,78.3719747912264,84.78330226796497,88.21146540822288,89.1811427888318,21.821667198842317,27.816600142587408,35.66873501152593,38.72649955445593,46.53832584540734,52.240524982582414,53.67812750066591,55.99897993027016,59.39498626124188,64.95734915842866,67.6347902875667,71.76925881447558,73.799239602562,77.53213727059418,78.06265494230739,81.84754331582653,83.68943717813241,83.97415985021878,62.660699002701854,65.99372210493202,67.73955714868616,54.64667869910084,59.90576131872188,67.29643618641836,36.30266678380811,41.01173670767788,44.23348022204881,47.48170349722359,56.83607244364876,63.104279451414854,66.95295355949828,67.4490444514304,63.541719764855706,64.15424833135111,65.04855323394472,47.53428317381052,49.220213480792424,51.17611429627361,53.83260784981369,57.153927617616844,59.494975459930195,47.87589715191776,52.60516189392576,57.934802594761045,42.44448960947335,53.1111127963145,58.875170349609775,62.928508555430504,70.58436633664941,76.25155366254114,82.00154791673556,90.60535093999029,95.78585417771515,100.9357100575931,102.59312163432892,104.22754332653236,109.70395805522236,112.36992212280106,115.35801919673744,48.988186050572644,56.84434117485445,57.933208875490735,49.94738330571206,51.30209343186847,54.4282282498307,112.76912257908793,116.64130698892657,35.642083807970515,37.11862135265805,37.987641090960715,43.59661081916309,44.83272997919426,47.76836449323037,76.38475810795876,78.93889326928465,81.75532210605118,86.37716370810855,89.87924422642679,94.50962155851272,97.17704294768313,105.23357663015997,37.37810537445948,39.853018245911144,40.62116327464007,90.50946983301495,95.98711925663284,99.5302027199258,102.68674311534666,104.13103479212559,105.20636603868655,25.604094845267092,26.946610022090034,27.690552224146092,28.255462836544186,30.951825757220846,33.316282988806975,21.54773440303392,25.10679509372182,77.82966704307128,80.28832760968864,0.0,56.700550329200674,57.793989503852124,63.37348749581731,69.02318180149625,50.53498694775905,52.69956632535565,53.69795333486275,41.04710006060164,41.96318138886896,46.04220382077591,53.61206729378519,77.23841476193516,82.23630321607259,84.49841859774521,87.11896548723222,90.08622331222823,92.12938972737896,93.34587976021933,94.95524795923409,100.54583585318586,105.23006962190408,110.96909148978365,115.42288111211651,50.180973922063906,75.4972100557691,81.63838339642639,87.23686558644853,89.73279141361597,91.47267237069545,97.29205856415055,101.37223061034175,104.8120598360732,105.33640884335604,108.1458075570021,109.840785651199,87.38112929843152,94.14521180970739,99.08099378201439,73.25619909329976,79.57692254872792,85.12933841931975,88.18144949200371,94.30419479129553,94.8658040860904,69.98477198094005,76.16687534468285,77.1303653550099,77.60981295381501,70.99747565578505,76.18790434713604,79.62825447466668,85.0753526011924,88.9163053475823,69.3390500690266,72.45299965114896,73.62705006649139,74.76300429092123,75.15067554340197,76.25470226409313,77.20856913111389,77.68962837902417,82.82158143681116,89.0672745928988,117.8241237986748
138,103.9270203616408,103.85900565734828,98.96977248638987,93.18827051890771,89.67299613416905,87.83421746342046,75.86657751228555,68.85045678926487,68.49109624607739,63.3887678560186,56.93500980353476,50.91007453417295,44.765190401823475,37.99241298041063,32.616802131400064,24.196762345270773,18.95469882028368,48.87513264066801,51.58282353883201,54.214900665361526,58.47451508453141,63.81497105757342,64.77017260698591,71.05508700576654,77.44372962859481,86.59084838496275,92.71175532409208,95.62644653411817,98.15928386173839,104.37883553792241,107.26582762657478,111.3112606312066,114.32708909236705,119.42168974336178,125.83301722010034,129.26118036035825,130.2308577409672,62.87138215097768,68.86631509472276,76.71844996366129,79.77621450659129,87.5880407975427,93.29023993471777,94.72784245280127,97.04869488240553,100.44470121337726,106.00706411056403,108.68450523970208,112.81897376661095,114.84895455469737,118.58185222272955,119.11236989444276,122.8972582679619,124.73915213026778,125.02387480235416,103.71041395483722,107.0434370570674,108.78927210082153,95.6963936512362,100.95547627085725,108.34615113855372,77.35238173594347,82.06145165981324,85.28319517418417,88.53141844935895,97.88578739578412,104.15399440355021,108.00266851163364,108.49875940356576,104.59143471699107,105.20396328348649,106.09826818608009,88.58399812594588,90.26992843292778,92.22582924840897,94.88232280194904,98.20364256975219,100.54469041206555,88.92561210405312,93.65487684606111,98.9845175468964,14.25606071972732,3.5894375328861696,9.353495086181443,13.406833292002176,21.062691073221078,26.729878399112817,32.47987265330724,41.08367567656196,46.26417891428682,51.41403479416478,53.07144637090061,54.70586806310404,60.18228279179404,62.848246859372736,65.83634393330912,90.03790100270801,97.89405612698982,98.98292382762611,90.99709825784743,92.35180838400383,95.47794320196607,63.24744731565962,67.11963172549825,76.69179876010588,78.16833630479343,79.03735604309608,84.64632577129846,85.88244493132962,88.81807944536573,26.86308284453044,29.417218005856324,32.23364684262286,36.85548844468023,40.35756896299847,44.987946295084406,47.65536768425483,55.71190136673167,78.42782032659484,80.9027331980465,81.67087822677543,40.98779456958662,46.46544399320451,50.008527456497475,53.16506785191833,54.60935952869726,55.684690775258225,66.65380979740246,67.9963249742254,68.74026717628146,69.30517778867956,72.00154070935622,74.36599794094235,62.59744935516928,66.15651004585719,28.307991779642947,30.766652346260297,56.70055032920067,0.0,1.0934391746514533,6.672937166616635,12.32263147229558,22.346558058013024,24.51113743560962,25.509524445116725,22.25594737196834,23.172028700235654,27.2510511321426,34.82091460515188,58.44726207330185,63.445150527439274,65.7072659091119,68.3278127985989,71.29507062359491,73.33823703874565,74.55472707158602,76.16409527060077,81.75468316455255,86.43891693327076,92.17793880115033,96.6317284234832,21.992545032317874,56.7060573671358,62.847230707793095,68.44571289781523,70.94163872498267,72.68151968206215,78.50090587551725,82.58107792170844,86.0209071474399,86.54525615472274,89.3546548683688,91.0496329625657,68.58997660979821,75.35405912107409,80.28984109338109,54.46504640466645,60.785769860094625,66.33818573068646,69.39029680337043,75.51304210266225,76.07465139745713,51.19361929230676,57.37572265604955,58.339212666376596,58.81866026518171,52.206322967151756,57.39675165850275,60.83710178603338,66.2841999125591,70.12515265894899,50.547897380393294,53.66184696251566,54.83589737785809,55.97185160228793,56.35952285476866,57.46354957545981,58.41741644248058,58.89847569039085,64.03042874817785,70.2761219042655,99.0329711100415
139,105.02045953629225,104.95244483199973,100.06321166104132,94.28170969355916,90.7664353088205,88.92765663807191,76.960016686937,69.94389596391632,69.58453542072884,64.48220703067005,58.02844897818622,52.00351370882441,45.85862957647493,39.085852155062085,33.71024130605152,25.290201519922228,20.048137994935136,49.96857181531947,52.67626271348347,55.308339840012984,59.56795425918287,64.90841023222488,65.86361178163736,72.14852618041799,78.53716880324626,87.6842875596142,93.80519449874353,96.71988570876962,99.25272303638984,105.47227471257386,108.35926680122623,112.40469980585804,115.4205282670185,120.51512891801323,126.9264563947518,130.3546195350097,131.32429691561865,63.96482132562914,69.95975426937423,77.81188913831275,80.86965368124275,88.68147997219417,94.38367910936924,95.82128162745273,98.14213405705699,101.53814038802872,107.1005032852155,109.77794441435354,113.91241294126242,115.94239372934884,119.67529139738102,120.20580906909423,123.99069744261337,125.83259130491925,126.11731397700562,104.80385312948869,108.13687623171886,109.882711275473,96.78983282588766,102.0489154455087,109.43959031320517,78.44582091059492,83.1548908344647,86.37663434883562,89.6248576240104,98.97922657043557,105.24743357820167,109.0961076862851,109.59219857821721,105.68487389164252,106.29740245813794,107.19170736073154,89.67743730059735,91.36336760757925,93.31926842306044,95.97576197660051,99.29708174440367,101.63812958671703,90.01905127870458,94.74831602071258,100.07795672154786,15.349499894378773,4.682876707537623,10.446934260832897,14.50027246665363,22.156130247872532,27.82331757376427,33.5733118279587,42.17711485121342,47.35761808893828,52.507473968816235,54.16488554555207,55.7993072377555,61.2757219664455,63.9416860340242,66.92978310796059,91.13134017735946,98.98749530164127,100.07636300227756,92.09053743249888,93.44524755865528,96.57138237661752,64.34088649031108,68.21307090014972,77.78523793475733,79.26177547944488,80.13079521774753,85.73976494594991,86.97588410598108,89.91151862001719,27.956522019181893,30.510657180507778,33.32708601727431,37.948927619331684,41.45100813764992,46.08138546973586,48.74880685890628,56.80534054138312,79.52125950124629,81.99617237269796,82.76431740142688,42.08123374423808,47.55888316785597,51.10196663114893,54.25850702656979,55.70279870334872,56.77812994990968,67.74724897205391,69.08976414887685,69.83370635093291,70.39861696333101,73.09497988400767,75.4594371155938,63.69088852982074,67.24994922050864,29.4014309542944,31.86009152091175,57.793989503852124,1.0934391746514533,0.0,5.579497991965182,11.229192297644127,23.439997232664474,25.60457661026107,26.602963619768175,23.349386546619794,24.265467874887108,28.344490306794057,35.914353779803335,59.54070124795331,64.53858970209073,66.80070508376336,69.42125197325036,72.38850979824637,74.43167621339711,75.64816624623748,77.25753444525223,82.84812233920401,87.53235610792223,93.2713779758018,97.72516759813466,23.08598420696933,57.79949654178725,63.940669882444546,69.53915207246668,72.03507789963412,73.7749588567136,79.5943450501687,83.67451709635989,87.11434632209135,87.63869532937419,90.44809404302025,92.14307213721715,69.68341578444966,76.44749829572554,81.38328026803254,55.55848557931791,61.87920903474608,67.43162490533791,70.48373597802188,76.6064812773137,77.16809057210858,52.287058466958214,58.46916183070101,59.43265184102806,59.91209943983318,53.299762141803214,58.4901908331542,61.93054096068483,67.37763908721055,71.21859183360044,51.64133655504475,54.75528613716712,55.92933655250955,57.065290776939385,57.45296202942012,58.556988750111266,59.51085561713204,59.99191486504231,65.1238679228293,71.36956107891695,100.12641028469295
140,110.59995752825743,110.53194282396491,105.6427096530065,99.86120768552435,96.34593330078569,94.50715463003709,82.53951467890218,75.5233939558815,75.16403341269402,70.06170502263524,63.6079469701514,57.58301170078959,51.438127568440116,44.66535014702727,39.289739298016706,30.86969951188741,25.62763598690032,55.548069807284655,58.25576070544865,60.88783783197817,65.14745225114805,70.48790822419006,71.44310977360254,77.72802417238317,84.11666679521144,93.26378555157939,99.38469249070872,102.29938370073481,104.83222102835502,111.05177270453905,113.93876479319141,117.98419779782323,121.00002625898368,126.09462690997842,132.50595438671698,135.9341175269749,136.90379490758383,69.54431931759432,75.5392522613394,83.39138713027792,86.44915167320792,94.26097796415934,99.96317710133441,101.4007796194179,103.72163204902216,107.11763837999389,112.68000127718066,115.35744240631871,119.49191093322759,121.521891721314,125.25478938934619,125.7853070610594,129.57019543457852,131.4120892968844,131.6968119689708,110.38335112145386,113.71637422368403,115.46220926743817,102.36933081785284,107.62841343747388,115.01908830517036,84.0253189025601,88.73438882642988,91.9561323408008,95.20435561597559,104.55872456240076,110.82693157016685,114.67560567825028,115.17169657018239,111.26437188360771,111.87690045010312,112.77120535269673,95.25693529256252,96.94286559954442,98.8987664150256,101.55525996856568,104.87657973636883,107.21762757868218,95.59854927066975,100.32781401267775,105.65745471351303,20.928997886343957,10.262374699502805,16.02643225279808,20.079770458618814,27.735628239837716,33.402815565729455,39.15280981992388,47.7566128431786,52.937116080903465,58.08697196078142,59.74438353751725,61.37880522972068,66.85521995841069,69.52118402598938,72.50928109992577,96.71083816932465,104.56699329360646,105.65586099424274,97.67003542446406,99.02474555062047,102.1508803685827,69.92038448227626,73.7925688921149,83.36473592672252,84.84127347141006,85.71029320971272,91.3192629379151,92.55538209794625,95.49101661198236,33.53602001114708,36.09015517247296,38.906584009239495,43.52842561129687,47.030506129615105,51.66088346170104,54.32830485087146,62.3848385333483,85.10075749321147,87.57567036466314,88.34381539339206,47.66073173620326,53.13838115982115,56.68146462311412,59.83800501853497,61.2822966953139,62.35762794187487,73.3267469640191,74.66926214084204,75.4132043428981,75.97811495529619,78.67447787597285,81.03893510755898,69.27038652178592,72.82944721247382,34.98092894625958,37.43958951287693,63.37348749581731,6.672937166616635,5.579497991965182,0.0,5.6496943056789455,29.019495224629658,31.184074602226254,32.18246161173336,28.928884538584978,29.84496586685229,33.92398829875924,41.49385177176852,65.12019923991849,70.11808769405592,72.38020307572855,75.00074996521555,77.96800779021156,80.0111742053623,81.22766423820266,82.83703243721742,88.4276203311692,93.11185409988741,98.85087596776698,103.30466559009984,28.665482198934512,63.37899453375243,69.52016787440972,75.11865006443186,77.6145758915993,79.35445684867878,85.17384304213388,89.25401508832508,92.69384431405653,93.21819332133937,96.02759203498543,97.72257012918233,75.26291377641485,82.02699628769072,86.96277825999772,61.137983571283094,67.45870702671127,73.0111228973031,76.06323396998707,82.18597926927889,82.74758856407377,57.8665564589234,64.0486598226662,65.01214983299325,65.49159743179835,58.8792601337684,64.06968882511939,67.51003895265002,72.95713707917575,76.79808982556564,57.220834547009936,60.3347841291323,61.50883454447473,62.64478876890457,63.032460021385305,64.13648674207646,65.09035360909722,65.5714128570075,70.70336591479449,76.94905907088213,105.70590827665814
141,116.2496518339364,116.18163712964387,111.29240395868547,105.51090199120331,101.99562760646465,100.15684893571606,88.18920898458114,81.17308826156047,80.81372771837299,75.7113993283142,69.25764127583035,63.23270600646853,57.08782187411906,50.31504445270621,44.93943360369565,36.51939381756635,31.27733029257926,61.1977641129636,63.90545501112759,66.53753213765711,70.79714655682699,76.137602529869,77.09280407928148,83.3777184780621,89.76636110089038,98.91347985725832,105.03438679638765,107.94907800641374,110.48191533403396,116.70146701021798,119.58845909887035,123.63389210350216,126.64972056466262,131.74432121565735,138.1556486923959,141.58381183265382,142.55348921326276,75.19401362327325,81.18894656701833,89.04108143595685,92.09884597888686,99.91067226983827,105.61287140701334,107.05047392509684,109.3713263547011,112.76733268567283,118.3296955828596,121.00713671199765,125.14160523890652,127.17158602699294,130.90448369502514,131.43500136673833,135.21988974025746,137.06178360256334,137.34650627464973,116.03304542713279,119.36606852936296,121.1119035731171,108.01902512353178,113.27810774315282,120.66878261084929,89.67501320823904,94.38408313210881,97.60582664647974,100.85404992165452,110.20841886807969,116.47662587584578,120.32529998392921,120.82139087586133,116.91406618928664,117.52659475578206,118.42089965837566,100.90662959824145,102.59255990522335,104.54846072070454,107.20495427424461,110.52627404204776,112.86732188436112,101.24824357634868,105.97750831835668,111.30714901919197,26.5786921920229,15.912069005181749,21.676126558477023,25.729464764297756,33.38532254551666,39.0525098714084,44.80250412560282,53.40630714885754,58.58681038658241,63.73666626646036,65.39407784319619,67.02849953539962,72.50491426408962,75.17087833166832,78.1589754056047,102.36053247500358,110.2166875992854,111.30555529992168,103.319729730143,104.6744398562994,107.80057467426164,75.5700787879552,79.44226319779384,89.01443023240145,90.490967777089,91.35998751539165,96.96895724359403,98.20507640362518,101.1407109176613,39.18571431682602,41.7398494781519,44.55627831491844,49.17811991697581,52.68020043529405,57.31057776737998,59.9779991565504,68.03453283902724,90.75045179889041,93.22536467034207,93.993509699071,53.3104260418822,58.78807546550009,62.33115892879306,65.48769932421392,66.93199100099285,68.00732224755382,78.97644126969803,80.31895644652097,81.06289864857703,81.62780926097513,84.32417218165179,86.68862941323792,74.92008082746486,78.47914151815276,40.63062325193853,43.08928381855588,69.02318180149625,12.32263147229558,11.229192297644127,5.6496943056789455,0.0,34.6691895303086,36.833768907905196,37.8321559174123,34.578578844263916,35.49466017253123,39.57368260443818,47.14354607744746,70.76989354559744,75.76778199973486,78.0298973814075,80.6504442708945,83.61770209589051,85.66086851104124,86.87735854388161,88.48672674289637,94.07731463684814,98.76154840556636,104.50057027344593,108.9543598957788,34.315176504613454,69.02868883943138,75.16986218008867,80.76834437011081,83.26427019727825,85.00415115435773,90.82353734781283,94.90370939400403,98.34353861973548,98.86788762701832,101.67728634066438,103.37226443486128,80.91260808209378,87.67669059336966,92.61247256567665,66.78767787696204,73.1084013323902,78.66081720298203,81.712928275666,87.83567357495782,88.3972828697527,63.51625076460234,69.69835412834513,70.66184413867218,71.14129173747729,64.52895443944733,69.71938313079832,73.15973325832896,78.60683138485469,82.44778413124457,62.87052885268888,65.98447843481125,67.15852885015367,68.29448307458351,68.68215432706425,69.7861810477554,70.74004791477617,71.22110716268645,76.35306022047344,82.59875337656108,111.3556025823371
142,97.76145698019918,97.69344227590666,92.80420910494826,87.0227071374661,83.50743275272744,81.66865408197884,69.70101413084393,62.68489340782325,62.325532864635775,57.22320447457699,50.76944642209315,44.744511152731334,38.59962702038186,31.826849598969016,26.451238749958453,18.03119896382916,12.789135438842067,42.7095692592264,45.417260157390395,48.04933728391991,52.3089517030898,57.64940767613181,58.60460922554429,64.88952362432491,71.27816624715318,80.42528500352113,86.54619194265045,89.46088315267654,91.99372048029676,98.21327215648078,101.10026424513315,105.14569724976496,108.16152571092542,113.25612636192015,119.66745383865872,123.09561697891662,124.06529435952555,56.705818769536066,62.70075171328116,70.55288658221968,73.61065112514969,81.4224774161011,87.12467655327617,88.56227907135967,90.88313150096393,94.27913783193566,99.84150072912243,102.51894185826048,106.65341038516935,108.68339117325577,112.41628884128795,112.94680651300116,116.7316948865203,118.57358874882618,118.85831142091256,97.54485057339562,100.87787367562579,102.62370871937993,89.53083026979459,94.78991288941563,102.18058775711211,71.18681835450184,75.89588827837161,79.11763179274254,82.36585506791732,91.72022401434249,97.98843102210859,101.83710513019201,102.33319602212413,98.42587133554945,99.03839990204486,99.93270480463846,82.41843474450428,84.10436505148618,86.06026586696737,88.71675942050744,92.0380791883106,94.37912703062396,82.76004872261151,87.48931346461951,92.8189541654548,8.090497338285703,18.75712052512685,24.521178078422125,28.574516284242858,36.23037406546176,41.8975613913535,47.647555645547925,56.251358668802645,61.43186190652751,66.58171778640546,68.23912936314129,69.87355105534472,75.34996578403472,78.01592985161342,81.00402692554981,83.87233762126638,91.7284927455482,92.81736044618448,84.8315348764058,86.1862450025622,89.31237982052444,78.4151303079003,82.28731471773894,70.52623537866425,72.0027729233518,72.87179266165445,78.48076238985684,79.71688154988802,82.65251606392412,42.030765836771124,44.584900998097005,47.40132983486354,52.02317143692091,55.52525195523915,60.155629287325084,62.823050676495505,70.87958435897235,72.26225694515321,74.73716981660488,75.5053148453338,56.155477561827304,61.633126985445195,65.17621044873816,68.33275084415902,69.77704252093795,70.85237376749892,60.488246415960845,61.83076159278379,62.57470379483985,63.13961440723794,65.8359773279146,68.20043455950074,56.43188597372767,59.99094666441557,43.47567477188363,45.93433533850098,50.53498694775905,22.34655805801302,23.439997232664474,29.019495224629658,34.6691895303086,0.0,2.1645793775965965,3.1629663871037006,16.090383990526725,17.00646531879404,21.085487750700985,28.655351223710266,52.281698691860235,57.27958714599766,59.54170252767029,62.16224941715729,65.12950724215331,67.17267365730405,68.38916369014441,69.99853188915917,75.58911978311095,80.27335355182916,86.01237541970873,90.4661650420416,15.826981650876258,50.540493985694184,56.68166732635148,62.28014951637361,64.77607534354105,66.51595630062053,72.33534249407563,76.41551454026683,79.85534376599828,80.37969277328112,83.18909148692718,84.88406958112408,62.4244132283566,69.18849573963247,74.12427771193947,48.29948302322484,54.62020647865301,60.17262234924484,63.2247334219288,69.34747872122063,69.9090880160155,45.02805591086514,51.21015927460793,52.17364928493498,52.6530968837401,46.04075958571014,51.231188277061136,54.671538404591765,60.11863653111749,63.959589277507376,44.38233399895168,47.496283581074046,48.670333996416474,49.80628822084631,50.19395947332705,51.29798619401819,52.251853061038965,52.73291230894924,57.86486536673624,64.11055852282388,92.86740772859989
143,99.9260363577958,99.85802165350327,94.96878848254487,89.18728651506271,85.67201213032405,83.83323345957545,71.86559350844054,64.84947278541986,64.49011224223239,59.38778385217359,52.93402579968975,46.90909053032794,40.76420639797846,33.991428976565615,28.61581812755505,20.195778341425754,14.953714816438662,44.874148636822994,47.58183953498699,50.21391666151651,54.47353108068639,59.813987053728404,60.76918860314088,67.0541030019215,73.44274562474978,82.58986438111772,88.71077132024705,91.62546253027314,94.15829985789335,100.37785153407738,103.26484362272974,107.31027662736156,110.32610508852201,115.42070573951675,121.83203321625531,125.26019635651322,126.22987373712215,58.87039814713266,64.86533109087775,72.71746595981627,75.77523050274627,83.58705679369768,89.28925593087276,90.72685844895625,93.04771087856051,96.44371720953224,102.00608010671901,104.68352123585706,108.81798976276593,110.84797055085235,114.58086821888453,115.11138589059775,118.89627426411688,120.73816812642276,121.02289079850914,99.7094299509922,103.04245305322237,104.78828809697652,91.69540964739119,96.95449226701223,104.3451671347087,73.35139773209843,78.06046765596821,81.28221117033914,84.53043444551392,93.88480339193909,100.15301039970518,104.00168450778861,104.49777539972072,100.59045071314604,101.20297927964145,102.09728418223506,84.58301412210086,86.26894442908277,88.22484524456395,90.88133879810403,94.20265856590717,96.54370640822053,84.9246281002081,89.6538928422161,94.98353354305138,10.2550767158823,20.92169990272345,26.685757456018724,30.739095661839457,38.394953443058355,44.062140768950094,49.81213502314452,58.41593804639924,63.596441284124104,68.74629716400206,70.40370874073788,72.03813043294132,77.51454516163132,80.18050922921002,83.1686063031464,86.03691699886298,93.89307212314479,94.98193982378108,86.99611425400239,88.3508243801588,91.47695919812104,80.5797096854969,84.45189409533553,72.69081475626085,74.1673523009484,75.03637203925105,80.64534176745343,81.8814609274846,84.8170954415207,44.19534521436772,46.7494803756936,49.565909212460134,54.18775081451751,57.689831332835745,62.32020866492168,64.9876300540921,73.04416373656893,74.4268363227498,76.90174919420147,77.6698942229304,58.3200569394239,63.79770636304179,67.34078982633476,70.49733022175562,71.94162189853455,73.01695314509551,62.65282579355744,63.99534097038038,64.73928317243644,65.30419378483454,68.0005567055112,70.36501393709733,58.59646535132426,62.15552604201216,45.64025414948023,48.098914716097575,52.69956632535565,24.51113743560962,25.604576610261073,31.184074602226254,36.833768907905196,2.1645793775965965,0.0,0.998387009507104,18.25496336812332,19.171044696390634,23.25006712829758,30.81993060130686,54.44627806945684,59.44416652359426,61.70628190526689,64.3268287947539,67.2940866197499,69.33725303490064,70.55374306774101,72.16311126675576,77.75369916070754,82.43793292942576,88.17695479730533,92.63074441963819,17.991561028472855,52.70507336329078,58.846246703948076,64.44472889397021,66.94065472113765,68.68053567821713,74.49992187167223,78.58009391786342,82.01992314359488,82.54427215087772,85.35367086452378,87.04864895872068,64.5889926059532,71.35307511722907,76.28885708953607,50.46406240082144,56.78478585624961,62.33720172684144,65.38931279952541,71.51205809881723,72.07366739361211,47.192635288461744,53.37473865220454,54.33822866253159,54.81767626133671,48.205338963306744,53.39576765465773,56.83611778218836,62.283215908714084,66.12416865510397,46.54691337654828,49.66086295867065,50.83491337401308,51.970867598442915,52.35853885092365,53.462565571614796,54.41643243863557,54.89749168654584,60.02944474433284,66.27513790042048,95.0319871061965
144,100.9244233673029,100.85640866301037,95.96717549205196,90.18567352456981,86.67039913983115,84.83162046908255,72.86398051794764,65.84785979492696,65.48849925173948,60.38617086168069,53.93241280919685,47.907477539835035,41.76259340748556,34.98981598607271,29.614205137062154,21.19416535093286,15.952101825945768,45.87253564633011,48.5802265444941,51.21230367102362,55.471918090193505,60.81237406323552,61.767575612647995,68.05249001142862,74.44113263425689,83.58825139062483,89.70915832975416,92.62384953978025,95.15668686740047,101.37623854358449,104.26323063223685,108.30866363686867,111.32449209802913,116.41909274902386,122.83042022576242,126.25858336602033,127.22826074662926,59.868785156639774,65.86371810038486,73.71585296932338,76.77361751225338,84.5854438032048,90.28764294037987,91.72524545846336,94.04609788806762,97.44210421903935,103.00446711622612,105.68190824536417,109.81637677227305,111.84635756035946,115.57925522839165,116.10977290010486,119.894661273624,121.73655513592988,122.02127780801625,100.70781696049931,104.04084006272949,105.78667510648363,92.69379665689829,97.95287927651933,105.3435541442158,74.34978474160555,79.05885466547532,82.28059817984625,85.52882145502103,94.8831904014462,101.1513974092123,105.00007151729572,105.49616240922784,101.58883772265315,102.20136628914857,103.09567119174217,85.58140113160798,87.26733143858988,89.22323225407106,91.87972580761114,95.2010455754143,97.54209341772766,85.92301510971521,90.65227985172321,95.98192055255849,11.253463725389404,21.920086912230552,27.684144465525826,31.73748267134656,39.39334045256546,45.0605277784572,50.810522032651626,59.414325055906346,64.59482829363121,69.74468417350916,71.40209575024498,73.03651744244841,78.51293217113842,81.17889623871712,84.1669933126535,87.03530400837009,94.8914591326519,95.98032683328819,87.9945012635095,89.34921138966591,92.47534620762815,81.57809669500399,85.45028110484263,73.68920176576796,75.1657393104555,76.03475904875816,81.64372877696054,82.87984793699171,85.81548245102782,45.193732223874825,47.747867385200706,50.56429622196724,55.18613782402461,58.68821834234285,63.318595674428785,65.9860170635992,74.04255074607605,75.42522333225692,77.90013620370858,78.66828123243751,59.318443948931005,64.7960933725489,68.33917683584185,71.49571723126272,72.94000890804165,74.01534015460261,63.65121280306455,64.9937279798875,65.73767018194356,66.30258079434165,68.99894371501831,71.36340094660444,59.594852360831375,63.153913051519275,46.638641158987326,49.09730172560467,53.69795333486276,25.50952444511672,26.602963619768175,32.18246161173336,37.83215591741231,3.1629663871037006,0.998387009507104,0.0,19.253350377630426,20.16943170589774,24.248454137804686,31.818317610813967,55.444665078963936,60.44255353310136,62.70466891477399,65.32521580426099,68.292473629257,70.33564004440774,71.55213007724811,73.16149827626286,78.75208617021464,83.43631993893285,89.17534180681243,93.62913142914529,18.989948037979957,53.70346037279788,59.844633713455174,65.4431159034773,67.93904173064475,69.67892268772422,75.49830888117933,79.57848092737052,83.01831015310198,83.54265916038482,86.35205787403088,88.04703596822777,65.58737961546029,72.35146212673617,77.28724409904316,51.46244941032854,57.78317286575671,63.33558873634854,66.38769980903251,72.51044510832433,73.07205440311921,48.19102229796884,54.37312566171164,55.33661567203869,55.816063270843806,49.20372597281384,54.39415466416483,57.83450479169546,63.28160291822118,67.12255566461107,47.54530038605538,50.65924996817775,51.833300383520175,52.96925460795001,53.35692586043075,54.460952581121894,55.414819448142666,55.89587869605294,61.02783175383994,67.27352490992757,96.0303741157036
145,88.27357009304177,88.20555538874925,83.31632221779084,77.53482025030868,74.01954586557002,72.18076719482143,60.213127243686515,53.197006520665845,52.83764597747837,47.73531758741958,41.28155953493574,35.256624265573926,29.11174013322445,22.338962711811607,16.963351862801044,8.54331207667175,3.3012485516846577,33.22168237206899,35.929373270232986,38.5614503967625,42.82106481593239,48.1615207889744,49.11672233838688,55.40163673716751,61.79027935999578,70.93739811636372,77.05830505549305,79.97299626551914,82.50583359313936,88.72538526932338,91.61237735797575,95.65781036260756,98.67363882376802,103.76823947476275,110.17956695150131,113.60773009175922,114.57740747236815,47.21793188237866,53.21286482612375,61.06499969506227,64.12276423799227,71.93459052894369,77.63678966611876,79.07439218420225,81.39524461380651,84.79125094477824,90.35361384196501,93.03105497110306,97.16552349801194,99.19550428609836,102.92840195413054,103.45891962584375,107.24380799936289,109.08570186166877,109.37042453375514,88.0569636862382,91.38998678846838,93.13582183222252,80.04294338263719,85.30202600225823,92.6927008699547,61.698931467344444,66.40800139121423,69.62974490558516,72.87796818075994,82.2323371271851,88.5005441349512,92.34921824303463,92.84530913496674,88.93798444839206,89.55051301488747,90.44481791748107,72.93054785734687,74.61647816432877,76.57237897980995,79.22887253335003,82.55019230115317,84.89124014346653,73.2721618354541,78.0014265774621,83.33106727829738,7.99988665224102,18.66650983908217,24.430567392377444,28.483905598198177,36.139763379417076,41.806950705308815,47.55694495950324,56.16074798275796,61.341251220482825,66.49110710036078,68.1485186770966,69.78294036930004,75.25935509799004,77.92531916556874,80.91341623950512,74.384450734109,82.24060585839081,83.3294735590271,75.3436479892484,76.6983581154048,79.82449293336704,78.32451962185561,82.19670403169425,61.03834849150685,62.51488603619439,63.38390577449705,68.99287550269943,70.2289946627306,73.16462917676671,41.94015515072644,44.49429031205232,47.310719148818855,51.93256075087623,55.434641269194465,60.0650186012804,62.73243999045082,70.78897367292765,62.77437005799582,65.24928292944747,66.0174279581764,56.06486687578262,61.54251629940051,65.08559976269348,68.24214015811434,69.68643183489327,70.76176308145423,51.000359528803436,52.34287470562638,53.08681690768244,53.651727520080534,56.3480904407572,58.71254767234333,46.94399908657026,50.50305977725816,43.38506408583895,45.843724652456295,41.04710006060164,22.25594737196834,23.349386546619794,28.928884538584974,34.578578844263916,16.090383990526725,18.25496336812332,19.253350377630426,0.0,0.916081328267315,4.9951037601742625,12.564967233183543,42.79381180470283,47.79170025884025,50.05381564051288,52.67436252999988,55.641620354995894,57.68478677014662,58.901276802987,60.51064500200176,66.10123289595353,70.78546666467174,76.52448853255132,80.97827815488418,15.736370964831575,41.05260709853677,47.193780439194065,52.7922626292162,55.28818845638364,57.02806941346311,62.84745560691822,66.92762765310941,70.36745687884087,70.8918058861237,73.70120459976977,75.39618269396667,52.93652634119918,59.70060885247506,64.63639082478205,38.81159613606743,45.1323195914956,50.68473546208743,53.736846534771395,59.85959183406322,60.421201128858094,35.54016902370773,41.72227238745053,42.68576239777758,43.165209996582696,36.55287269855273,41.74330138990372,45.18365151743435,50.63074964396007,54.47170239034996,34.89444711179427,38.00839669391664,39.182447109259066,40.318401333688904,40.70607258616964,41.810099306860785,42.763966173881556,43.24502542179183,48.37697847957883,54.622671635666464,83.37952084144247
146,89.1896514213091,89.12163671701657,84.23240354605817,78.45090157857601,74.93562719383735,73.09684852308875,61.12920857195384,54.11308784893316,53.753727305745684,48.6513989156869,42.197640863203056,36.17270559384124,30.027821461491765,23.25504404007892,17.879433191068358,9.459393404939064,4.217329879951973,34.13776370033631,36.845454598500304,39.47753172502982,43.737146144199706,49.07760211724172,50.032803666654196,56.317718065434825,62.706360688263096,71.85347944463105,77.97438638376038,80.88907759378647,83.42191492140668,89.6414665975907,92.52845868624307,96.57389169087489,99.58972015203534,104.68432080303008,111.09564827976864,114.52381142002655,115.49348880063548,48.134013210645975,54.128946154391066,61.98108102332959,65.03884556625958,72.850671857211,78.55287099438607,79.99047351246956,82.31132594207382,85.70733227304555,91.26969517023232,93.94713629937037,98.08160482627925,100.11158561436567,103.84448328239785,104.37500095411106,108.1598893276302,110.00178318993608,110.28650586202245,88.97304501450552,92.30606811673569,94.05190316048983,80.95902471090449,86.21810733052553,93.608782198222,62.61501279561176,67.32408271948154,70.54582623385247,73.79404950902725,83.14841845545241,89.41662546321851,93.26529957130194,93.76139046323405,89.85406577665937,90.46659434315478,91.36089924574839,73.84662918561418,75.53255949259608,77.48846030807726,80.14495386161734,83.4662736294205,85.80732147173386,74.18824316372141,78.91750790572941,84.24714860656469,8.915967980508336,19.582591167349484,25.346648720644758,29.39998692646549,37.05584470768439,42.72303203357613,48.47302628777056,57.07682931102528,62.25733254875014,67.40718842862809,69.06460000536391,70.69902169756735,76.17543642625735,78.84140049383605,81.82949756777244,75.3005320623763,83.15668718665812,84.2455548872944,76.25972931751572,77.61443944367213,80.74057426163436,79.24060095012292,83.11278535996156,61.95442981977417,63.43096736446171,64.29998710276436,69.90895683096674,71.14507599099791,74.08071050503402,42.85623647899376,45.41037164031964,48.22680047708617,52.848642079143545,56.35072259746178,60.98109992954772,63.64852131871814,71.70505500119498,63.690451386263135,66.1653642577148,66.93350928644372,56.98094820404994,62.45859762766783,66.00168109096079,69.15822148638165,70.60251316316058,71.67784440972154,51.916440857070754,53.258956033893696,54.00289823594976,54.56780884834785,57.264171769024514,59.628629000610644,47.860080414837576,51.419141105525476,44.30114541410626,46.759805980723606,41.96318138886896,23.172028700235654,24.265467874887108,29.84496586685229,35.49466017253124,17.00646531879404,19.171044696390634,20.16943170589774,0.916081328267315,0.0,4.079022431906948,11.648885904916227,43.709893132970144,48.70778158710757,50.9698969687802,53.5904438582672,56.55770168326321,58.60086809841394,59.817358131254316,61.42672633026908,67.01731422422085,71.70154799293907,77.44056986081864,81.8943594831515,16.65245229309889,41.96868842680409,48.10986176746139,53.70834395748352,56.20426978465096,57.94415074173043,63.76353693518554,67.84370898137674,71.2835382071082,71.80788721439103,74.61728592803709,76.31226402223399,53.85260766946651,60.61669018074238,65.55247215304938,39.72767746433475,46.04840091976292,51.60081679035475,54.65292786303871,60.775673162330534,61.33728245712541,36.456250351975044,42.63835371571784,43.60184372604489,44.08129132485001,37.46895402682005,42.659382718171045,46.09973284570167,51.5468309722274,55.387783718617285,35.81052844006158,38.92447802218395,40.09852843752638,41.23448266195622,41.62215391443696,42.7261806351281,43.680047502148874,44.16110675005915,49.29305980784615,55.53875296393378,84.2956021697098
147,93.26867385321604,93.20065914892352,88.31142597796511,82.52992401048296,79.0146496257443,77.1758709549957,65.20823100386079,58.19211028084011,57.832749737652634,52.73042134759385,46.276663295110005,40.25172802574819,34.10684389339872,27.33406647198587,21.958455622975308,13.538415836846012,8.29635231185892,38.21678613224326,40.92447703040725,43.55655415693677,47.816168576106655,53.15662454914867,54.111826098561146,60.396740497341774,66.78538312017005,75.932501876538,82.05340881566732,84.96810002569342,87.50093735331363,93.72048902949766,96.60748111815002,100.65291412278184,103.66874258394229,108.76334323493703,115.17467071167559,118.6028338519335,119.57251123254242,52.213035642552924,58.207968586298016,66.06010345523654,69.11786799816655,76.92969428911796,82.63189342629303,84.06949594437653,86.39034837398079,89.78635470495252,95.34871760213929,98.02615873127733,102.16062725818621,104.19060804627263,107.92350571430481,108.45402338601802,112.23891175953716,114.08080562184304,114.36552829392942,93.05206744641248,96.38509054864265,98.13092559239679,85.03804714281145,90.29712976243249,97.68780463012897,66.69403522751871,71.40310515138849,74.62484866575942,77.8730719409342,87.22744088735936,93.49564789512546,97.34432200320889,97.840412895141,93.93308820856632,94.54561677506173,95.43992167765533,77.92565161752114,79.61158192450304,81.56748273998423,84.2239762935243,87.54529606132746,89.88634390364082,78.26726559562837,82.99653033763637,88.32617103847166,12.994990412415284,23.661613599256434,29.425671152551708,33.47900935837244,41.134867139591336,46.802054465483074,52.5520487196775,61.15585174293222,66.33635498065709,71.48621086053504,73.14362243727086,74.7780441294743,80.2544588581643,82.920422925743,85.90851999967938,79.37955449428325,87.23570961856507,88.32457731920135,80.33875174942267,81.69346187557908,84.81959669354131,83.31962338202987,87.19180779186851,66.03345225168113,67.50998979636867,68.37900953467133,73.98797926287371,75.22409842290487,78.15973293694098,46.9352589109007,49.48939407222658,52.305822908993115,56.92766451105049,60.429745029368725,65.06012236145466,67.72754375062507,75.78407743310191,67.76947381817008,70.24438668962175,71.01253171835067,61.05997063595688,66.53762005957478,70.08070352286774,73.2372439182886,74.68153559506753,75.7568668416285,55.9954632889777,57.337978465800646,58.08192066785671,58.6468312802548,61.343194200931464,63.70765143251759,51.939102846744525,55.498163537432426,48.38016784601321,50.838828412630555,46.04220382077591,27.251051132142603,28.344490306794057,33.92398829875924,39.57368260443819,21.085487750700985,23.25006712829758,24.248454137804686,4.9951037601742625,4.079022431906948,0.0,7.56986347300928,47.788915564877094,52.78680401901452,55.04891940068715,57.66946629017415,60.63672411517016,62.67989053032089,63.896380563161266,65.50574876217603,71.0963366561278,75.78057042484602,81.51959229272559,85.97338191505845,20.73147472500584,46.04771085871104,52.18888419936834,57.78736638939047,60.28329221655791,62.02317317363738,67.84255936709249,71.92273141328369,75.36256063901514,75.88690964629798,78.69630835994404,80.39128645414094,57.93163010137346,64.69571261264933,69.63149458495633,43.806699896241696,50.12742335166987,55.6798392222617,58.73195029494566,64.85469559423748,65.41630488903236,40.535272783882,46.71737614762479,47.68086615795184,48.160313756756956,41.547976458727,46.738405150077995,50.17875527760862,55.62585340413435,59.466806150524235,39.88955087196854,43.003500454090904,44.17755086943333,45.31350509386317,45.70117634634391,46.80520306703505,47.75906993405582,48.2401291819661,53.3720822397531,59.61777539584073,88.37462460161674
148,100.83853732622532,100.7705226219328,95.88128945097439,90.09978748349224,86.58451309875358,84.74573442800498,72.77809447687007,65.76197375384939,65.40261321066191,60.300284820603125,53.84652676811928,47.82159149875747,41.676707366407996,34.90392994499515,29.528319095984585,21.10827930985529,15.866215784868201,45.786649605252535,48.49434050341653,51.12641762994605,55.38603204911593,60.726488022157945,61.68168957157042,67.96660397035104,74.35524659317932,83.50236534954726,89.62327228867659,92.53796349870268,95.0708008263229,101.29035250250692,104.17734459115928,108.2227775957911,111.23860605695155,116.33320670794629,122.74453418468485,126.17269732494276,127.14237470555169,59.7828991155622,65.77783205930729,73.6299669282458,76.68773147117581,84.49955776212722,90.2017568993023,91.63935941738579,93.96021184699005,97.35621817796178,102.91858107514855,105.5960222042866,109.73049073119547,111.7604715192819,115.49336918731407,116.02388685902729,119.80877523254642,121.6506690948523,121.93539176693868,100.62193091942174,103.95495402165191,105.70078906540606,92.60791061582071,97.86699323544175,105.25766810313823,74.26389870052797,78.97296862439775,82.19471213876868,85.44293541394346,94.79730436036863,101.06551136813472,104.91418547621815,105.41027636815026,101.50295168157558,102.115480248071,103.0097851506646,85.4955150905304,87.1814453975123,89.13734621299349,91.79383976653357,95.11515953433673,97.45620737665008,85.83712906863764,90.56639381064564,95.89603451148092,20.564853885424565,31.231477072265715,36.99553462556099,41.04887283138172,48.70473061260062,54.37191793849236,60.121912192686786,68.7257152159415,73.90621845366637,79.05607433354432,80.71348591028014,82.34790760248357,87.82432233117358,90.49028639875227,93.47838347268866,86.94941796729252,94.80557309157433,95.89444079221062,87.90861522243193,89.26332534858834,92.38946016655058,90.88948685503915,94.76167126487779,73.60331572469039,75.07985326937794,75.94887300768059,81.55784273588297,82.79396189591414,85.72959640995025,54.505122383909985,57.059257545235866,59.8756863820024,64.49752798405977,67.99960850237801,72.62998583446394,75.29740722363435,83.35394090611119,75.33933729117935,77.81425016263101,78.58239519135994,68.62983410896616,74.10748353258406,77.65056699587701,80.80710739129788,82.25139906807681,83.32673031463777,63.56532676198698,64.90784193880992,65.65178414086598,66.21669475326408,68.91305767394074,71.27751490552687,59.5089663197538,63.0680270104417,55.950031319022486,58.40869188563983,53.61206729378519,34.820914605151884,35.914353779803335,41.49385177176852,47.14354607744747,28.65535122371027,30.819930601306865,31.81831761081397,12.564967233183543,11.648885904916227,7.56986347300928,0.0,55.35877903788637,60.356667492023796,62.618782873696425,65.23932976318343,68.20658758817945,70.24975400333018,71.46624403617055,73.0756122351853,78.66620012913708,83.3504338978553,89.08945576573487,93.54324538806773,28.30133819801512,53.61757433172032,59.758747672377616,65.35722986239975,67.85315568956719,69.59303664664667,75.41242284010177,79.49259488629296,82.93242411202442,83.45677311930726,86.26617183295332,87.96114992715022,65.50149357438274,72.26557608565861,77.2013580579656,51.376563369250974,57.697286824679146,63.249702695270976,66.30181376795494,72.42455906724676,72.98616836204164,48.10513625689128,54.28723962063407,55.25072963096112,55.730177229766234,49.11783993173628,54.30826862308727,57.7486187506179,63.195716877143624,67.03666962353351,47.459414344977816,50.57336392710018,51.74741434244261,52.88336856687245,53.271039819353184,54.37506654004433,55.3289334070651,55.809992654975375,60.941945712762376,67.18763886885002,95.94448807462602
149,60.55413336659674,60.486118662304214,55.596885491345816,49.815383523863666,46.30010913912501,44.46133046837641,32.493690517241504,25.477569794220827,25.11820925103335,20.01588086097456,13.562122808490717,7.537187539128904,13.68207167147838,20.454849092891223,25.830459941901786,34.25049972803108,39.492563253018176,69.41299707340251,72.12068797156651,74.75276509809602,79.0123795172659,84.35283549030791,85.30803703972039,91.59295143850102,97.98159406132929,107.12871281769723,113.24961975682656,116.16431096685265,118.69714829447287,124.9166999706569,127.80369205930926,131.84912506394107,134.86495352510153,139.95955417609625,146.3708816528348,149.79904479309272,150.76872217370166,83.40924658371216,89.40417952745725,97.25631439639577,100.31407893932577,108.12590523027718,113.82810436745226,115.26570688553575,117.58655931514001,120.98256564611174,126.54492854329851,129.22236967243654,133.35683819934542,135.38681898743184,139.119716655464,139.6502343271772,143.43512270069633,145.2770165630022,145.5617392350886,124.2482783875717,127.58130148980187,129.327136533556,116.23425808397067,121.49334070359171,128.8840155712882,97.89024616867795,102.59931609254772,105.82105960691865,109.06928288209343,118.4236518285186,124.6918588362847,128.54053294436812,129.03662383630024,125.12929914972555,125.74182771622097,126.63613261881457,109.12186255868036,110.80779286566226,112.76369368114345,115.42018723468352,118.74150700248668,121.08255484480004,109.4634765367876,114.1927412787956,119.52238197963088,44.19120135357454,54.85782454041569,60.621882093710965,64.6752202995317,72.3310780807506,77.99826540664233,83.74825966083675,92.35206268409148,97.53256592181634,102.68242180169429,104.33983337843011,105.97425507063355,111.45066979932355,114.11663386690225,117.10473094083864,110.57576543544249,118.4319205597243,119.52078826036059,111.5349626905819,112.88967281673831,116.01580763470055,114.51583432318913,118.38801873302776,97.22966319284036,98.70620073752791,99.57522047583056,105.18419020403294,106.4203093640641,109.3559438781002,78.13146985205995,80.68560501338584,83.50203385015237,88.12387545220975,91.62595597052798,96.25633330261391,98.92375469178432,106.98028837426116,98.96568475932932,101.44059763078099,102.20874265950991,92.25618157711614,97.73383100073403,101.27691446402699,104.43345485944785,105.87774653622678,106.95307778278774,87.19167423013694,88.53418940695988,89.27813160901594,89.84304222141404,92.5394051420907,94.90386237367683,83.13531378790377,86.69437447859167,79.57637878717247,82.03503935378983,77.23841476193516,58.447262073301864,59.540701247953315,65.12019923991849,70.76989354559744,52.28169869186024,54.44627806945684,55.44466507896394,42.793811804702834,43.70989313297015,47.7889155648771,55.35877903788638,0.0,4.997888454137422,7.260003835810052,9.880550725297056,12.847808550293067,14.890974965443796,16.10746499828417,17.716833197298925,23.307421091250703,27.991654859968918,33.73067672784849,38.18446635018135,51.9276856661651,13.33317037209175,19.474343712749047,25.07282590277118,27.56875172993862,29.308632687018093,35.1280188804732,39.2081909266644,42.64802015239586,43.172369159678695,45.981767873324756,47.67674596752166,25.217089614754165,31.981172126030035,36.91695409833704,11.092159409622406,17.412882865050577,22.965298735642406,26.01740980832637,32.14015510761819,32.70176440241307,20.11050056196166,26.292603925704455,27.256093936031505,27.73554153483662,8.833435972107708,14.0238646634587,17.464214790989327,22.911312917515055,26.752265663904943,19.464778650048196,22.578728232170562,11.463010382814044,12.598964607243884,12.986635859724622,14.090662580415767,15.044529447436535,15.525588695346809,20.65754175313381,26.903234909221446,55.66008411499746
150,65.55202182073415,65.48400711644163,60.594773945483226,54.813271978001076,51.29799759326242,49.45921892251382,37.491578971378914,30.475458248358244,30.116097705170766,25.01376931511198,18.560011262628137,12.535075993266325,18.6799601256158,25.452737547028644,30.828348396039207,39.2483881821685,44.490451707155586,74.41088552753992,77.11857642570392,79.75065355223343,84.01026797140331,89.35072394444532,90.3059254938578,96.59083989263843,102.9794825154667,112.12660127183464,118.24750821096397,121.16219942099006,123.69503674861028,129.91458842479432,132.80158051344668,136.8470135180785,139.86284197923896,144.9574426302337,151.36877010697225,154.79693324723016,155.7666106278391,88.40713503784957,94.40206798159466,102.25420285053318,105.31196739346318,113.1237936844146,118.82599282158967,120.26359533967316,122.58444776927742,125.98045410024915,131.54281699743592,134.22025812657395,138.35472665348283,140.38470744156925,144.1176051096014,144.6481227813146,148.43301115483374,150.27490501713962,150.559627689226,129.2461668417091,132.57918994393927,134.3250249876934,121.23214653810808,126.49122915772912,133.8819040254256,102.88813462281536,107.59720454668513,110.81894806105606,114.06717133623084,123.42154028265601,129.6897472904221,133.53842139850553,134.03451229043765,130.12718760386295,130.73971617035835,131.63402107295195,114.11975101281777,115.80568131979967,117.76158213528086,120.41807568882093,123.7393954566241,126.08044329893745,114.461364990925,119.190629732933,124.52027043376829,49.18908980771195,59.8557129945531,65.61977054784838,69.67310875366911,77.32896653488801,82.99615386077974,88.74614811497416,97.34995113822889,102.53045437595375,107.6803102558317,109.33772183256752,110.97214352477096,116.44855825346096,119.11452232103966,122.10261939497605,115.5736538895799,123.42980901386171,124.518676714498,116.53285114471932,117.88756127087572,121.01369608883796,119.51372277732654,123.38590718716517,102.22755164697777,103.70408919166532,104.57310892996797,110.18207865817035,111.4181978182015,114.35383233223762,83.12935830619736,85.68349346752325,88.49992230428978,93.12176390634716,96.62384442466539,101.25422175675132,103.92164314592173,111.97817682839857,103.96357321346673,106.4384860849184,107.20663111364732,97.25407003125355,102.73171945487144,106.2748029181644,109.43134331358526,110.87563499036419,111.95096623692515,92.18956268427435,93.53207786109729,94.27602006315335,94.84093067555145,97.53729359622811,99.90175082781424,88.13320224204118,91.69226293272908,84.57426724130988,87.03292780792724,82.23630321607257,63.445150527439274,64.53858970209073,70.11808769405592,75.76778199973486,57.27958714599765,59.44416652359425,60.44255353310135,47.791700258840244,48.70778158710756,52.78680401901451,60.35666749202379,4.997888454137422,0.0,2.2621153816726287,4.882662271159632,7.849920096155644,9.893086511306374,11.109576544146748,12.718944743161506,18.309532637113286,22.9937664058315,28.732788273711073,33.18657789604393,56.92557412030251,18.33105882622917,24.472232166886464,30.070714356908596,32.566640184076036,34.30652114115551,40.125907334610616,44.20607938080182,47.645908606533276,48.17025761381611,50.97965632746217,52.67463442165908,30.214978068891583,36.979060580167456,41.914842552474454,16.09004786375983,22.410771319188,27.96318718977983,31.015298262463794,37.138043561755616,37.69965285655049,25.108389016099082,31.290492379841876,32.25398239016892,32.73342998897404,13.83132442624513,19.02175311759612,22.462103245126748,27.909201371652475,31.750154118042364,24.46266710418562,27.576616686307986,16.460898836951465,17.596853061381307,17.984524313862043,19.088551034553188,20.042417901573955,20.52347714948423,25.65543020727123,31.901123363358863,60.65797256913487
151,67.81413720240678,67.74612249811426,62.856889327155855,57.075387359673705,53.56011297493505,51.72133430418645,39.75369435305154,32.73757363003087,32.378213086843395,27.27588469678461,20.822126644300766,14.797191374938954,20.94207550728843,27.714852928701273,33.09046377771183,41.51050356384113,46.752567088828215,76.67300090921255,79.38069180737655,82.01276893390606,86.27238335307594,91.61283932611795,92.56804087553043,98.85295527431106,105.24159789713933,114.38871665350727,120.5096235926366,123.42431480266269,125.9571521302829,132.17670380646695,135.0636958951193,139.10912889975114,142.1249573609116,147.21955801190632,153.63088548864488,157.0590486289028,158.02872600951173,90.6692504195222,96.66418336326728,104.5163182322058,107.5740827751358,115.38590906608722,121.0881082032623,122.52571072134579,124.84656315095005,128.24256948192178,133.80493237910855,136.48237350824658,140.61684203515546,142.64682282324188,146.37972049127404,146.91023816298724,150.69512653650636,152.53702039881225,152.82174307089863,131.50828222338174,134.8413053256119,136.58714036936604,123.49426191978071,128.75334453940175,136.14401940709823,105.15025000448799,109.85931992835776,113.08106344272869,116.32928671790347,125.68365566432864,131.95186267209473,135.80053678017816,136.29662767211028,132.38930298553558,133.00183155203098,133.89613645462458,116.3818663944904,118.0677967014723,120.02369751695349,122.68019107049356,126.00151083829672,128.34255868061007,116.72348037259763,121.45274511460563,126.78238581544092,51.45120518938458,62.11782837622573,67.881885929521,71.93522413534174,79.59108191656064,85.25826924245237,91.00826349664679,99.61206651990152,104.79256975762638,109.94242563750433,111.59983721424015,113.23425890644359,118.71067363513359,121.37663770271229,124.36473477664867,117.83576927125253,125.69192439553434,126.78079209617063,118.79496652639195,120.14967665254835,123.27581147051059,121.77583815899916,125.6480225688378,104.4896670286504,105.96620457333795,106.8352243116406,112.44419403984298,113.68031319987413,116.61594771391024,85.39147368786999,87.94560884919588,90.76203768596241,95.38387928801978,98.88595980633802,103.51633713842395,106.18375852759436,114.2402922100712,106.22568859513936,108.70060146659102,109.46874649531995,99.51618541292618,104.99383483654407,108.53691829983703,111.69345869525789,113.13775037203682,114.21308161859778,94.45167806594698,95.79419324276992,96.53813544482598,97.10304605722408,99.79940897790074,102.16386620948687,90.39531762371381,93.95437831440171,86.83638262298251,89.29504318959987,84.4984185977452,65.7072659091119,66.80070508376335,72.38020307572853,78.02989738140748,59.54170252767028,61.70628190526688,62.70466891477398,50.05381564051287,50.96989696878019,55.04891940068714,62.61878287369642,7.260003835810052,2.2621153816726287,0.0,2.6205468894870037,5.587804714483015,7.630971129633744,8.847461162474119,10.456829361488877,16.047417255440656,20.73165102415887,26.470672892038444,30.924462514371303,59.187689501975136,20.5931742079018,26.734347548559093,32.332829738581225,34.828755565748665,36.568636522828136,42.388022716283245,46.46819476247445,49.908023988205905,50.43237299548874,53.2417717091348,54.93674980333171,32.47709345056421,39.241175961840085,44.17695793414708,18.352163245432457,24.67288670086063,30.22530257145246,33.27741364413642,39.400158943428245,39.96176823822312,27.37050439777171,33.55260776151451,34.51609777184156,34.995545370646674,16.093439807917758,21.28386849926875,24.724218626799377,30.171316753325105,34.01226949971499,26.72478248585825,29.838732067980615,18.723014218624094,19.858968443053936,20.24663969553467,21.350666416225817,22.304533283246585,22.78559253115686,27.91754558894386,34.16323874503149,62.9200879508075
152,70.4346840918938,70.36666938760128,65.47743621664287,59.69593424916072,56.18065986442207,54.341881193673466,42.37424124253856,35.35812051951788,34.998759976330405,29.896431586271614,23.442673533787772,17.41773826442596,23.56262239677544,30.335399818188282,35.71101066719885,44.13105045332814,49.37311397831523,79.29354779869956,82.00123869686357,84.63331582339308,88.89293024256295,94.23338621560497,95.18858776501745,101.47350216379807,107.86214478662635,117.00926354299429,123.13017048212362,126.04486169214971,128.5776990197699,134.79725069595395,137.6842427846063,141.72967578923814,144.7455042503986,149.84010490139332,156.25143237813188,159.6795955183898,160.64927289899873,93.28979730900922,99.2847302527543,107.13686512169282,110.19462966462282,118.00645595557424,123.70865509274931,125.1462576108328,127.46711004043706,130.86311637140878,136.42547926859555,139.10292039773358,143.23738892464246,145.26736971272888,149.00026738076104,149.53078505247424,153.31567342599337,155.15756728829925,155.44228996038564,134.12882911286874,137.4618522150989,139.20768725885304,126.11480880926774,131.37389142888878,138.76456629658526,107.770796893975,112.47986681784478,115.70161033221571,118.94983360739049,128.30420255381566,134.57240956158176,138.4210836696652,138.9171745615973,135.0098498750226,135.622378441518,136.5166833441116,119.00241328397742,120.68834359095932,122.6442444064405,125.30073795998058,128.62205772778373,130.96310557009707,119.34402726208465,124.07329200409265,129.40293270492793,54.0717520788716,64.73837526571275,70.50243281900802,74.55577102482876,82.21162880604766,87.87881613193939,93.62881038613381,102.23261340938853,107.4131166471134,112.56297252699135,114.22038410372717,115.8548057959306,121.3312205246206,123.9971845921993,126.98528166613569,120.45631616073955,128.31247128502136,129.40133898565765,121.41551341587896,122.77022354203537,125.8963583599976,124.39638504848618,128.2685694583248,107.11021391813742,108.58675146282496,109.45577120112762,115.06474092933,116.30086008936115,119.23649460339726,88.012020577357,90.5661557386829,93.38258457544943,98.0044261775068,101.50650669582504,106.13688402791097,108.80430541708138,116.86083909955822,108.84623548462638,111.32114835607804,112.08929338480696,102.13673230241318,107.61438172603107,111.15746518932403,114.31400558474489,115.75829726152382,116.83362850808479,97.072224955434,98.41474013225694,99.158682334313,99.7235929467111,102.41995586738776,104.78441309897389,93.01586451320082,96.57492520388872,89.45692951246953,91.91559007908688,87.11896548723222,68.32781279859891,69.42125197325036,75.00074996521555,80.6504442708945,62.1622494171573,64.3268287947539,65.32521580426099,52.67436252999989,53.59044385826721,57.66946629017416,65.23932976318343,9.880550725297056,4.882662271159632,2.6205468894870037,0.0,2.9672578249960115,5.010424240146741,6.226914272987115,7.836282472001873,13.42687036595365,18.111104134671862,23.850126002551434,28.303915624884294,61.80823639146215,23.213721097388806,29.354894438046102,34.953376628068234,37.449302455235674,39.189183412315145,45.008569605770255,49.088741651961456,52.528570877692914,53.05291988497575,55.86231859862181,57.55729669281872,35.09764034005122,41.861722851327094,46.79750482363409,20.972710134919463,27.293433590347632,32.84584946093946,35.897960533623426,42.02070583291525,42.582315127710125,29.99105128725872,36.17315465100151,37.13664466132856,37.61609226013368,18.713986697404764,23.904415388755755,27.344765516286383,32.79186364281211,36.632816389202,29.34532937534526,32.459278957467625,21.343561108111103,22.479515332540945,22.86718658502168,23.971213305712826,24.925080172733594,25.406139420643868,30.538092478430865,36.7837856345185,65.54063484029452
153,73.40194191688981,73.33392721259729,68.44469404163888,62.66319207415673,59.14791768941808,57.30913901866948,45.34149906753457,38.325378344513894,37.966017801326416,32.86368941126763,26.409931358783783,20.38499608942197,26.52988022177145,33.3026576431843,38.67826849219486,47.098308278324154,52.34037180331124,82.26080562369557,84.96849652185958,87.60057364838909,91.86018806755897,97.20064404060098,98.15584559001346,104.44075998879408,110.82940261162236,119.9765213679903,126.09742830711963,129.01211951714572,131.54495684476592,137.76450852094996,140.65150060960232,144.69693361423415,147.7127620753946,152.80736272638933,159.2186902031279,162.6468533433858,163.61653072399474,96.25705513400523,102.25198807775031,110.10412294668883,113.16188748961883,120.97371378057025,126.67591291774532,128.11351543582882,130.43436786543307,133.8303741964048,139.39273709359156,142.0701782227296,146.20464674963847,148.2346275377249,151.96752520575706,152.49804287747025,156.28293125098938,158.12482511329526,158.40954778538165,137.09608693786475,140.4291100400949,142.17494508384905,129.08206663426375,134.3411492538848,141.73182412158127,110.73805471897101,115.44712464284079,118.66886815721172,121.9170914323865,131.27146037881167,137.53966738657778,141.3883414946612,141.88443238659332,137.97710770001862,138.58963626651402,139.48394116910762,121.96967110897343,123.65560141595533,125.61150223143652,128.2679957849766,131.58931555277974,133.93036339509308,122.31128508708066,127.04054982908866,132.37019052992395,57.03900990386761,67.70563309070876,73.46969064400403,77.52302884982477,85.17888663104367,90.8460739569354,96.59606821112982,105.19987123438455,110.38037447210941,115.53023035198736,117.18764192872318,118.82206362092661,124.29847834961662,126.96444241719531,129.95253949113172,123.42357398573556,131.27972911001737,132.36859681065366,124.38277124087497,125.73748136703138,128.86361618499362,127.36364287348219,131.23582728332082,110.07747174313343,111.55400928782097,112.42302902612363,118.03199875432601,119.26811791435716,122.20375242839327,90.97927840235302,93.5334135636789,96.34984240044544,100.97168400250281,104.47376452082105,109.10414185290698,111.77156324207739,119.82809692455423,111.81349330962239,114.28840618107405,115.05655120980298,105.10399012740919,110.58163955102708,114.12472301432004,117.2812634097409,118.72555508651983,119.8008863330808,100.03948278043,101.38199795725295,102.12594015930901,102.6908507717071,105.38721369238377,107.7516709239699,95.98312233819684,99.54218302888474,92.42418733746554,94.8828479040829,90.08622331222823,71.29507062359492,72.38850979824637,77.96800779021156,83.61770209589051,65.12950724215331,67.2940866197499,68.292473629257,55.6416203549959,56.55770168326322,60.63672411517017,68.20658758817945,12.847808550293067,7.849920096155644,5.587804714483015,2.9672578249960115,0.0,2.0431664151507296,3.2596564479911034,4.869024647005861,10.45961254095764,15.143846309675853,20.882868177555423,25.336657799888282,64.77549421645816,26.180978922384817,32.32215226304211,37.920634453064245,40.416560280231685,42.15644123731116,47.975827430766266,52.05599947695747,55.495828702688925,56.02017770997176,58.82957642361782,60.52455451781473,38.06489816504723,44.828980676323106,49.764762648630104,23.939967959915474,30.260691415343643,35.81310728593547,38.86521835861944,44.98796365791126,45.549572952706136,32.95830911225473,39.14041247599752,40.10390248632457,40.58335008512969,21.681244522400775,26.871673213751766,30.312023341282394,35.75912146780812,39.60007421419801,32.31258720034127,35.426536782463636,24.310818933107115,25.446773157536956,25.834444410017692,26.938471130708837,27.892337997729605,28.37339724563988,33.50535030342687,39.751043459514506,68.50789266529053
154,75.44510833204055,75.37709362774802,70.48786045678962,64.70635848930746,61.1910841045688,59.3523054338202,47.38466548268529,40.368544759664616,40.00918421647714,34.90685582641835,28.453097773934513,22.4281625045727,28.57304663692218,35.345824058335026,40.72143490734559,49.14147469347488,54.38353821846198,84.30397203884631,87.01166293701031,89.64374006353982,93.9033544827097,99.24381045575171,100.19901200516419,106.48392640394482,112.87256902677309,122.01968778314104,128.14059472227035,131.05528593229644,133.58812325991664,139.80767493610068,142.69466702475304,146.74010002938488,149.75592849054533,154.85052914154005,161.2618566182786,164.69001975853652,165.65969713914546,98.30022154915596,104.29515449290105,112.14728936183957,115.20505390476957,123.01688019572099,128.71907933289606,130.15668185097957,132.47753428058382,135.87354061155554,141.4359035087423,144.11334463788035,148.24781316478922,150.27779395287564,154.01069162090783,154.54120929262103,158.32609766614016,160.16799152844604,160.45271420053243,139.1392533530155,142.47227645524566,144.2181114989998,131.12523304941448,136.38431566903552,143.774990536732,112.78122113412175,117.49029105799153,120.71203457236246,123.96025784753724,133.31462679396242,139.5828338017285,143.43150790981193,143.92759880174404,140.02027411516937,140.63280268166477,141.52710758425837,124.01283752412417,125.69876783110607,127.65466864658725,130.31116220012734,133.6324819679305,135.97352981024383,124.3544515022314,129.0837162442394,134.4133569450747,59.082176319018345,69.7487995058595,75.51285705915477,79.5661952649755,87.2220530461944,92.88924037208614,98.63923462628055,107.24303764953528,112.42354088726015,117.57339676713809,119.23080834387392,120.86523003607735,126.34164476476735,129.00760883234605,131.99570590628244,125.4667404008863,133.3228955251681,134.41176322580438,126.42593765602571,127.78064778218211,130.90678260014434,129.40680928863293,133.27899369847157,112.12063815828417,113.59717570297171,114.46619544127437,120.07516516947675,121.3112843295079,124.24691884354401,93.02244481750375,95.57657997882964,98.39300881559618,103.01485041765355,106.51693093597179,111.14730826805771,113.81472965722813,121.87126333970497,113.85665972477312,116.33157259622479,117.09971762495371,107.14715654255994,112.62480596617783,116.16788942947079,119.32442982489165,120.76872150167058,121.84405274823155,102.08264919558074,103.42516437240369,104.16910657445975,104.73401718685784,107.4303801075345,109.79483733912063,98.02628875334757,101.58534944403547,94.46735375261628,96.92601431923363,92.12938972737896,73.33823703874566,74.43167621339711,80.0111742053623,85.66086851104124,67.17267365730405,69.33725303490064,70.33564004440774,57.68478677014664,58.600868098413954,62.679890530320904,70.24975400333018,14.890974965443796,9.893086511306374,7.630971129633744,5.010424240146741,2.0431664151507296,0.0,1.216490032840374,2.8258582318551317,8.41644612580691,13.100679894525124,18.839701762404694,23.293491384737553,66.8186606316089,28.224145337535546,34.36531867819284,39.963800868214975,42.459726695382415,44.199607652461886,50.018993845916995,54.099165892108196,57.538995117839654,58.06334412512249,60.87274283876855,62.56772093296546,40.10806458019796,46.872147091473835,51.80792906378083,25.983134375066204,32.30385783049437,37.8562737010862,40.908384773770166,47.03113007306199,47.592739367856865,35.00147552740546,41.18357889114826,42.14706890147531,42.626516500280424,23.724410937551504,28.914839628902495,32.35518975643313,37.80228788295885,41.64324062934874,34.355753615492,37.469703197614365,26.353985348257844,27.489939572687685,27.87761082516842,28.981637545859567,29.935504412880334,30.416563660790608,35.5485167185776,41.794209874665235,70.55105908044125
155,76.66159836488093,76.59358366058841,71.70435048963,65.92284852214785,62.407574137409185,60.56879546666058,48.601155515525676,41.585034792505,41.22567424931752,36.123345859258734,29.66958780677489,23.644652537413076,29.789536669762555,36.5623140911754,41.937924940185965,50.35796472631526,55.60002825130235,85.52046207168668,88.22815296985068,90.86023009638019,95.11984451555007,100.46030048859208,101.41550203800456,107.70041643678519,114.08905905961346,123.2361778159814,129.35708475511075,132.27177596513684,134.80461329275704,141.02416496894108,143.91115705759344,147.95659006222527,150.97241852338573,156.06701917438045,162.478346651119,165.90650979137692,166.87618717198586,99.51671158199633,105.51164452574142,113.36377939467994,116.42154393760994,124.23337022856136,129.93556936573643,131.37317188381994,133.6940243134242,137.0900306443959,142.65239354158268,145.32983467072071,149.4643031976296,151.494283985716,155.22718165374818,155.75769932546137,159.5425876989805,161.38448156128638,161.66920423337277,140.35574338585587,143.68876648808603,145.43460153184017,132.34172308225484,137.60080570187588,144.99148056957236,113.99771116696212,118.7067810908319,121.92852460520282,125.1767478803776,134.53111682680276,140.79932383456884,144.64799794265227,145.14408883458438,141.2367641480097,141.8492927145051,142.74359761709871,125.22932755696453,126.91525786394644,128.87115867942762,131.5276522329677,134.84897200077086,137.1900198430842,125.57094153507177,130.30020627707978,135.62984697791507,60.298666351858714,70.96528953869986,76.72934709199514,80.78268529781587,88.43854307903477,94.1057304049265,99.85572465912092,108.45952768237565,113.64003092010051,118.78988679997846,120.44729837671429,122.08172006891772,127.55813479760772,130.22409886518642,133.2121959391228,126.68323043372666,134.53938555800846,135.62825325864475,127.64242768886608,128.99713781502248,132.1232726329847,130.6232993214733,134.49548373131194,113.33712819112453,114.81366573581208,115.68268547411473,121.29165520231712,122.52777436234827,125.46340887638438,94.23893485034412,96.79307001167001,99.60949884843654,104.23134045049392,107.73342096881215,112.36379830089808,115.0312196900685,123.08775337254534,115.07314975761349,117.54806262906516,118.31620765779408,108.36364657540031,113.8412959990182,117.38437946231116,120.54091985773202,121.98521153451095,123.06054278107192,103.29913922842111,104.64165440524405,105.38559660730012,105.95050721969821,108.64687014037487,111.011327371961,99.24277878618794,102.80183947687584,95.68384378545665,98.142504352074,93.34587976021933,74.55472707158603,75.64816624623748,81.22766423820266,86.87735854388161,68.38916369014441,70.55374306774101,71.55213007724811,58.901276802987006,59.81735813125432,63.89638056316127,71.46624403617055,16.107464998284172,11.109576544146748,8.847461162474119,6.2269142729871145,3.2596564479911034,1.216490032840374,0.0,1.6093681990147577,7.199956092966535,11.88418986168475,17.62321172956432,22.07700135189718,68.03515066444928,29.440635370375922,35.58180871103322,41.18029090105535,43.67621672822279,45.41609768530226,51.23548387875737,55.31565592494857,58.75548515068003,59.27983415796287,62.08923287160893,63.78421096580583,41.32455461303834,48.08863712431421,53.02441909662121,27.19962440790658,33.52034786333475,39.07276373392658,42.12487480661054,48.247620105902364,48.80922940069724,36.21796556024584,42.40006892398863,43.36355893431568,43.84300653312079,24.94090097039188,30.13132966174287,33.5716797892735,39.018777915799234,42.85973066218912,35.572243648332375,38.68619323045474,27.57047538109822,28.70642960552806,29.094100858008797,30.198127578699943,31.15199444572071,31.633053693630984,36.76500675141798,43.01069990750561,71.76754911328163
156,78.27096656389568,78.20295185960316,73.31371868864476,67.5322167211626,64.01694233642394,62.178163665675335,50.21052371454043,43.19440299151975,42.835042448332274,37.73271405827349,31.278956005789645,25.254020736427833,31.398904868777308,38.171682290190155,43.54729313920072,51.96733292533001,57.2093964503171,87.12983027070143,89.83752116886544,92.46959829539495,96.72921271456482,102.06966868760684,103.02487023701931,109.30978463579994,115.69842725862821,124.84554601499616,130.9664529541255,133.88114416415158,136.41398149177178,142.63353316795582,145.52052525660818,149.56595826124,152.58178672240047,157.6763873733952,164.08771485013375,167.51587799039166,168.4855553710006,101.12607978101109,107.12101272475617,114.97314759369469,118.03091213662469,125.84273842757611,131.54493756475117,132.98254008283467,135.30339251243893,138.69939884341065,144.26176174059742,146.93920286973545,151.07367139664433,153.10365218473075,156.83654985276291,157.3670675244761,161.15195589799524,162.99384976030112,163.2785724323875,141.9651115848706,145.29813468710077,147.0439697308549,133.9510912812696,139.21017390089065,146.60084876858713,115.60707936597687,120.31614928984665,123.53789280421758,126.78611607939236,136.14048502581753,142.40869203358363,146.25736614166706,146.75345703359918,142.84613234702448,143.45866091351988,144.35296581611348,126.83869575597929,128.52462606296118,130.48052687844236,133.13702043198245,136.4583401997856,138.79938804209894,127.18030973408652,131.90957447609452,137.2392151769298,61.90803455087347,72.57465773771462,78.33871529100989,82.39205349683063,90.04791127804953,95.71509860394126,101.46509285813568,110.0688958813904,115.24939911911527,120.39925499899321,122.05666657572904,123.69108826793247,129.16750299662246,131.83346706420116,134.82156413813755,128.2925986327414,136.1487537570232,137.2376214576595,129.25179588788083,130.60650601403725,133.73264083199948,132.23266752048806,136.1048519303267,114.94649639013929,116.42303393482683,117.29205367312949,122.90102340133187,124.13714256136302,127.07277707539913,95.84830304935888,98.40243821068476,101.2188670474513,105.84070864950867,109.34278916782691,113.97316649991284,116.64058788908325,124.69712157156009,116.68251795662825,119.15743082807991,119.92557585680883,109.97301477441505,115.45066419803294,118.9937476613259,122.15028805674676,123.59457973352569,124.66991098008666,104.90850742743586,106.25102260425881,106.99496480631487,107.55987541871296,110.25623833938963,112.62069557097576,100.8521469852027,104.4112076758906,97.2932119844714,99.75187255108875,94.95524795923409,76.16409527060078,77.25753444525223,82.83703243721742,88.48672674289637,69.99853188915917,72.16311126675576,73.16149827626286,60.51064500200176,61.42672633026908,65.50574876217603,73.0756122351853,17.71683319729893,12.718944743161506,10.456829361488877,7.836282472001873,4.869024647005862,2.8258582318551317,1.6093681990147577,0.0,5.590587893951778,10.274821662669991,16.013843530549565,20.467633152882424,69.64451886346401,31.05000356939068,37.19117691004797,42.789659100070104,45.285584927237544,47.025465884317015,52.844852077772124,56.925024123963325,60.36485334969478,60.88920235697762,63.69860107062368,65.39357916482058,42.93392281205309,49.698005323328964,54.63378729563596,28.808992606921336,35.12971606234951,40.68213193294134,43.7342430056253,49.856988304917124,50.418597599712,37.82733375926059,44.00943712300338,44.97292713333043,45.452374732135546,26.550269169406636,31.740697860757628,35.181047988288256,40.62814611481399,44.469098861203875,37.18161184734713,40.295561429469494,29.179843580112973,30.315797804542814,30.70346905702355,31.807495777714696,32.76136264473546,33.24242189264574,38.37437495043274,44.62006810652037,73.37691731229638
157,83.86155445784746,83.79353975355494,78.90430658259653,73.12280461511438,69.60753023037572,67.76875155962712,55.80111160849221,48.78499088547153,48.42563034228405,43.323301952225265,36.86954389974142,30.844608630379607,36.989492762729085,43.76227018414193,49.137881033152496,57.55792081928179,62.79998434426888,92.72041816465321,95.42810906281721,98.06018618934672,102.3198006085166,107.66025658155861,108.61545813097109,114.90037252975172,121.28901515257999,130.43613390894794,136.55704084807726,139.47173205810336,142.00456938572356,148.22412106190757,151.11111315055993,155.15654615519176,158.17237461635222,163.26697526734694,169.6783027440855,173.1064658843434,174.07614326495235,106.71666767496286,112.71160061870795,120.56373548764647,123.62150003057647,131.4333263215279,137.13552545870294,138.57312797678645,140.8939804063907,144.28998673736243,149.8523496345492,152.52979076368723,156.6642592905961,158.69424007868253,162.42713774671472,162.95765541842792,166.74254379194704,168.58443765425292,168.8691603263393,147.5556994788224,150.88872258105255,152.6345576248067,139.5416791752214,144.80076179484243,152.1914366625389,121.19766725992865,125.90673718379843,129.12848069816937,132.37670397334415,141.7310729197693,147.99927992753538,151.8479540356188,152.34404492755093,148.43672024097626,149.04924880747166,149.94355371006526,132.42928364993108,134.11521395691298,136.07111477239417,138.72760832593426,142.0489280937374,144.38997593605075,132.7708976280383,137.50016237004633,142.8298030708816,67.49862244482524,78.1652456316664,83.92930318496167,87.9826413907824,95.6384991720013,101.30568649789303,107.05568075208745,115.65948377534218,120.83998701306705,125.98984289294499,127.64725446968082,129.28167616188426,134.75809089057427,137.42405495815296,140.41215203208935,133.88318652669318,141.73934165097498,142.82820935161126,134.8423837818326,136.19709390798903,139.32322872595125,137.82325541443984,141.69543982427848,120.53708428409107,122.01362182877861,122.88264156708127,128.49161129528363,129.7277304553148,132.6633649693509,101.43889094331065,103.99302610463654,106.80945494140308,111.43129654346045,114.93337706177869,119.56375439386461,122.23117578303503,130.28770946551185,122.27310585058002,124.74801872203169,125.51616375076061,115.56360266836683,121.04125209198472,124.58433555527768,127.74087595069854,129.18516762747748,130.26049887403846,110.49909532138764,111.84161049821058,112.58555270026665,113.15046331266474,115.8468262333414,118.21128346492753,106.44273487915447,110.00179556984237,102.88379987842318,105.34246044504053,100.54583585318586,81.75468316455256,82.84812233920401,88.4276203311692,94.07731463684814,75.58911978311095,77.75369916070754,78.75208617021464,66.10123289595353,67.01731422422084,71.09633665612779,78.66620012913707,23.307421091250703,18.309532637113282,16.047417255440653,13.426870365953649,10.459612540957638,8.416446125806909,7.199956092966535,5.590587893951778,0.0,4.684233768718213,10.423255636597785,14.877045258930645,75.23510675741579,36.64059146334245,42.78176480399975,48.38024699402188,50.87617282118932,52.61605377826879,58.4354399717239,62.5156120179151,65.95544124364656,66.4797902509294,69.28918896457546,70.98416705877236,48.52451070600487,55.28859321728074,60.22437518958774,34.39958050087311,40.72030395630128,46.27271982689311,49.32483089957707,55.447576198868894,56.00918549366377,43.41792165321237,49.60002501695516,50.56351502728221,51.04296262608732,32.14085706335841,37.3312857547094,40.77163588224003,46.21873400876575,50.05968675515564,42.772199741298905,45.88614932342127,34.77043147406475,35.90638569849459,36.294056950975325,37.39808367166647,38.35195053868724,38.833009786597515,43.964962844384516,50.21065600047215,78.96750520624816
158,88.54578822656566,88.47777352227314,83.58854035131473,77.80703838383258,74.29176399909392,72.45298532834532,60.48534537721041,53.46922465418974,53.10986411100226,48.00753572094347,41.55377766845963,35.52884239909782,41.673726531447294,48.44650395286014,53.822114801870704,62.242154588,67.4842181129871,97.40465193337143,100.11234283153543,102.74441995806494,107.00403437723482,112.34449035027683,113.29969189968931,119.58460629846994,125.97324892129821,135.12036767766617,141.2412746167955,144.15596582682159,146.68880315444179,152.9083548306258,155.79534691927816,159.84077992391,162.85660838507044,167.95120903606517,174.36253651280373,177.79069965306164,178.76037703367058,111.40090144368108,117.39583438742616,125.24796925636468,128.30573379929467,136.1175600902461,141.81975922742114,143.25736174550465,145.5782141751089,148.97422050608063,154.5365834032674,157.21402453240543,161.3484930593143,163.37847384740073,167.1113715154329,167.6418891871461,171.42677756066522,173.2686714229711,173.55339409505748,152.2399332475406,155.57295634977075,157.3187913935249,144.2259129439396,149.48499556356063,156.8756704312571,125.88190102864687,130.59097095251664,133.81271446688757,137.06093774206235,146.41530668848753,152.6835136962536,156.53218780433704,157.02827869626915,153.1209540096945,153.73348257618989,154.6277874787835,137.11351741864928,138.79944772563118,140.75534854111237,143.41184209465246,146.7331618624556,149.07420970476895,137.4551313967565,142.18439613876453,147.5140368395998,72.18285621354346,82.84947940038461,88.61353695367988,92.66687515950062,100.32273294071952,105.98992026661125,111.73991452080567,120.3437175440604,125.52422078178526,130.6740766616632,132.33148823839903,133.96590993060246,139.44232465929247,142.10828872687117,145.09638580080755,138.5674202954114,146.4235754196932,147.5124431203295,139.52661755055084,140.88132767670726,144.00746249466948,142.50748918315804,146.37967359299668,125.22131805280928,126.69785559749683,127.56687533579948,133.17584506400186,134.411964224033,137.3475987380691,106.12312471202887,108.67725987335476,111.49368871012129,116.11553031217866,119.6176108304969,124.24798816258283,126.91540955175324,134.97194323423008,126.95733961929824,129.4322524907499,130.20039751947883,120.24783643708506,125.72548586070295,129.2685693239959,132.42510971941675,133.86940139619568,134.94473264275666,115.18332909010586,116.5258442669288,117.26978646898486,117.83469708138296,120.53106000205962,122.89551723364575,111.12696864787269,114.68602933856059,107.56803364714139,110.02669421375874,105.23006962190408,86.43891693327078,87.53235610792223,93.11185409988741,98.76154840556636,80.27335355182916,82.43793292942576,83.43631993893285,70.78546666467174,71.70154799293906,75.780570424846,83.35043389785528,27.991654859968918,22.993766405831497,20.731651024158868,18.111104134671866,15.143846309675853,13.100679894525124,11.88418986168475,10.274821662669991,4.684233768718213,0.0,5.739021867879572,10.192811490212431,79.91934052613402,41.32482523206066,47.46599857271796,53.06448076274009,55.56040658990753,57.300287546987,63.11967374044211,67.1998457866333,70.63967501236476,71.1640240196476,73.97342273329366,75.66840082749056,53.208744474723076,59.97282698599895,64.90860895830595,39.08381426959132,45.404537725019495,50.956953595611324,54.00906466829529,60.13180996758711,60.69341926238199,48.102155421930576,54.28425878567337,55.24774879600042,55.72719639480554,36.825090832076626,42.01551952342761,45.45586965095824,50.902967777483966,54.743920523873854,47.45643351001711,50.57038309213948,39.45466524278296,40.5906194672128,40.97829071969353,42.08231744038468,43.03618430740545,43.51724355531572,48.649196613102724,54.89488976919036,83.65173897496636
159,94.28481009444523,94.21679539015271,89.3275622191943,83.54606025171215,80.03078586697349,78.19200719622489,66.22436724508998,59.20824652206931,58.84888597888183,53.746557588823045,47.2927995363392,41.26786426697739,47.412748399326865,54.18552582073971,59.561136669750276,67.98117645587956,73.22323998086665,103.14367380125098,105.85136469941499,108.4834418259445,112.74305624511437,118.08351221815639,119.03871376756886,125.3236281663495,131.71227078917775,140.8593895455457,146.98029648467502,149.89498769470111,152.42782502232131,158.64737669850535,161.53436878715772,165.57980179178955,168.59563025295,173.69023090394472,180.1015583806833,183.5297215209412,184.49939890155014,117.13992331156064,123.13485625530572,130.98699112424424,134.04475566717423,141.85658195812564,147.5587810953007,148.9963836133842,151.31723604298847,154.71324237396018,160.27560527114696,162.953046400285,167.08751492719387,169.11749571528028,172.85039338331245,173.38091105502565,177.16579942854477,179.00769329085065,179.29241596293704,157.97895511542015,161.3119782176503,163.05781326140445,149.96493481181915,155.2240174314402,162.61469229913666,131.62092289652642,136.3299928203962,139.55173633476713,142.7999596099419,152.1543285563671,158.42253556413317,162.2712096722166,162.7673005641487,158.85997587757404,159.47250444406944,160.36680934666305,142.85253928652884,144.53846959351074,146.49437040899193,149.15086396253201,152.47218373033516,154.8132315726485,143.19415326463607,147.92341800664408,153.25305870747937,77.92187808142302,88.58850126826417,94.35255882155944,98.40589702738018,106.06175480859908,111.72894213449081,117.47893638868523,126.08273941193995,131.26324264966482,136.41309852954276,138.0705101062786,139.70493179848202,145.18134652717202,147.84731059475072,150.8354076686871,144.30644216329097,152.16259728757277,153.25146498820905,145.26563941843037,146.6203495445868,149.746484362549,148.2465110510376,152.11869546087624,130.96033992068885,132.4368774653764,133.30589720367905,138.91486693188142,140.15098609191256,143.08662060594867,111.86214657990843,114.41628174123431,117.23271057800085,121.85455218005822,125.35663269837646,129.9870100304624,132.6544314196328,140.71096510210964,132.6963614871778,135.17127435862946,135.93941938735838,125.98685830496461,131.4645077285825,135.00759119187546,138.1641315872963,139.60842326407524,140.68375451063622,120.92235095798542,122.26486613480836,123.00880833686442,123.57371894926251,126.27008186993918,128.6345391015253,116.86599051575224,120.42505120644014,113.30705551502095,115.7657160816383,110.96909148978364,92.17793880115033,93.27137797580178,98.85087596776697,104.50057027344592,86.01237541970872,88.17695479730531,89.17534180681241,76.5244885325513,77.44056986081861,81.51959229272556,89.08945576573484,33.73067672784849,28.732788273711066,26.470672892038436,23.850126002551434,20.882868177555423,18.839701762404694,17.62321172956432,16.013843530549565,10.423255636597785,5.739021867879572,0.0,4.4537896223328595,85.65836239401358,47.06384709994023,53.20502044059753,58.80350263061966,61.2994284577871,63.03930941486657,68.85869560832168,72.93886765451288,76.37869688024433,76.90304588752717,79.71244460117323,81.40742269537013,58.94776634260265,65.71184885387852,70.64763082618552,44.822836137470894,51.14355959289907,56.695975463490896,59.74808653617486,65.87083183546669,66.43244113026157,53.84117728981015,60.023280653552945,60.986770663879994,61.46621826268511,42.5641126999562,47.754541391307185,51.194891518837814,56.64198964536354,60.482942391753426,53.195455377896685,56.30940496001905,45.19368711066253,46.32964133509237,46.717312587573105,47.82133930826425,48.77520617528502,49.256265423195295,54.388218480982296,60.63391163706993,89.39076084284594
160,98.7385997167781,98.67058501248557,93.78135184152717,87.99984987404501,84.48457548930635,82.64579681855776,70.67815686742284,63.662036144402165,63.30267560121469,58.2003472111559,51.74658915867206,45.72165388931025,51.86653802165972,58.63931544307257,64.01492629208313,72.43496607821243,77.67702960319951,107.59746342358385,110.30515432174785,112.93723144827736,117.19684586744724,122.53730184048925,123.49250338990173,129.77741778868236,136.1660604115106,145.31317916787856,151.4340861070079,154.34877731703398,156.88161464465418,163.10116632083822,165.98815840949058,170.0335914141224,173.04941987528287,178.1440205262776,184.55534800301615,187.98351114327406,188.953188523883,121.5937129338935,127.58864587763858,135.4407807465771,138.4985452895071,146.3103715804585,152.01257071763357,153.45017323571707,155.77102566532133,159.16703199629305,164.72939489347982,167.40683602261785,171.54130454952673,173.57128533761315,177.3041830056453,177.8347006773585,181.61958905087764,183.46148291318352,183.7462055852699,162.432744737753,165.76576783998317,167.5116028837373,154.418724434152,159.67780705377305,167.06848192146953,136.0747125188593,140.78378244272906,144.0055259571,147.25374923227477,156.60811817869995,162.87632518646603,166.72499929454946,167.22109018648158,163.3137654999069,163.9262940664023,164.8205989689959,147.3063289088617,148.9922592158436,150.9481600313248,153.60465358486488,156.92597335266802,159.26702119498137,147.64794288696893,152.37720762897695,157.70684832981223,82.37566770375588,93.04229089059703,98.8063484438923,102.85968664971304,110.51554443093194,116.18273175682367,121.93272601101809,130.5365290342728,135.71703227199768,140.86688815187563,142.52429972861145,144.15872142081489,149.6351361495049,152.3011002170836,155.28919729101997,148.76023178562383,156.61638690990563,157.7052546105419,149.71942904076323,151.07413916691965,154.20027398488187,152.70030067337046,156.5724850832091,135.41412954302172,136.89066708770926,137.75968682601192,143.36865655421428,144.60477571424542,147.54041022828153,116.31593620224129,118.87007136356718,121.68650020033371,126.30834180239108,129.81042232070934,134.44079965279528,137.1082210419657,145.16475472444253,137.15015110951066,139.62506398096232,140.39320900969125,130.44064792729748,135.91829735091537,139.46138081420833,142.61792120962917,144.0622128864081,145.13754413296908,125.37614058031828,126.71865575714122,127.46259795919728,128.02750857159538,130.72387149227202,133.08832872385815,121.31978013808511,124.87884082877301,117.76084513735381,120.21950570397117,115.4228811121165,96.6317284234832,97.72516759813465,103.30466559009983,108.95435989577878,90.46616504204158,92.63074441963818,93.62913142914527,80.97827815488417,81.89435948315148,85.97338191505843,93.5432453880677,38.184466350181346,33.18657789604392,30.924462514371292,28.30391562488429,25.33665779988828,23.29349138473755,22.077001351897177,20.46763315288242,14.877045258930645,10.192811490212431,4.4537896223328595,0.0,90.11215201634644,51.517636722273096,57.65881006293039,63.257292252952524,65.75321808011996,67.49309903719944,73.31248523065454,77.39265727684574,80.8324865025772,81.35683550986003,84.1662342235061,85.86121231770299,63.40155596493551,70.16563847621138,75.10142044851838,49.27662575980375,55.59734921523192,61.14976508582375,64.20187615850772,70.32462145779954,70.88623075259441,58.294966912143,64.4770702758858,65.44056028621284,65.92000788501795,47.01790232228905,52.20833101364005,55.64868114117068,61.0957792676964,64.93673201408629,57.64924500022954,60.76319458235191,49.647476732995386,50.783430957425225,51.17110220990596,52.275128930597106,53.22899579761788,53.71005504552815,58.84200810331515,65.08770125940279,93.8445504651788
161,97.40744395450403,97.33942925021151,92.4501960792531,86.66869411177095,83.15341972703229,81.31464105628369,69.34700110514878,62.33088038212811,61.97151983894063,56.86919144888184,50.415433396398,44.39049812703619,38.245613994686714,31.472836573273867,26.097225724263303,17.67718593813401,12.435122413146917,42.35555623353125,45.06324713169525,47.695324258224765,51.95493867739465,57.29539465043666,58.25059619984914,64.53551059862977,70.92415322145804,80.07127197782599,86.19217891695531,89.1068701269814,91.63970745460162,97.85925913078565,100.74625121943801,104.79168422406983,107.80751268523028,112.90211333622501,119.31344081296358,122.74160395322149,123.71128133383041,56.35180574384092,62.34673868758601,70.19887355652453,73.25663809945453,81.06846439040595,86.77066352758102,88.20826604566452,90.52911847526877,93.9251248062405,99.48748770342728,102.16492883256532,106.2993973594742,108.32937814756062,112.0622758155928,112.59279348730601,116.37768186082515,118.21957572313103,118.5042983952174,97.19083754770047,100.52386064993064,102.26969569368478,89.17681724409945,94.4358998637205,101.82657473141697,70.8328053288067,75.54187525267648,78.7636187670474,82.01184204222218,91.36621098864735,97.63441799641345,101.48309210449688,101.97918299642899,98.0718583098543,98.68438687634972,99.57869177894332,82.06442171880913,83.75035202579103,85.70625284127222,88.36274639481229,91.68406616261544,94.0251140049288,82.40603569691636,87.13530043892436,92.46494113975965,7.736484312590555,18.403107499431705,24.16716505272698,28.220503258547712,35.876361039766614,41.54354836565835,47.29354261985278,55.8973456431075,61.07784888083236,66.22770476071031,67.88511633744614,69.51953802964957,74.99595275833957,77.66191682591827,80.65001389985466,83.51832459557124,91.37447971985306,92.46334742048934,84.47752185071066,85.83223197686706,88.9583667948293,78.06111728220515,81.93330169204378,70.17222235296911,71.64875989765666,72.51777963595931,78.1267493641617,79.36286852419286,82.29850303822897,41.67675281107598,44.23088797240186,47.04731680916839,51.669158411225766,55.171238929544,59.80161626162994,62.46903765080036,70.5255713332772,71.90824391945807,74.38315679090974,75.15130181963866,55.80146453613216,61.27911395975005,64.82219742304301,67.97873781846387,69.4230294952428,70.49836074180376,60.1342333902657,61.47674856708864,62.2206907691447,62.7856013815428,65.48196430221945,67.84642153380558,56.07787294803252,59.63693363872042,43.12166174618848,45.580322312805826,50.180973922063906,21.992545032317874,23.08598420696933,28.665482198934512,34.31517650461346,15.826981650876258,17.991561028472855,18.98994803797996,15.736370964831575,16.65245229309889,20.73147472500584,28.30133819801512,51.92768566616509,56.925574120302514,59.18768950197514,61.808236391462145,64.77549421645816,66.81866063160889,68.03515066444926,69.64451886346401,75.23510675741579,79.91934052613401,85.65836239401358,90.11215201634644,0.0,50.18648095999903,56.32765430065633,61.92613649067846,64.4220623178459,66.16194327492538,71.98132946838048,76.06150151457167,79.50133074030313,80.02567974758597,82.83507846123203,84.53005655542893,62.070400202661446,68.83448271393732,73.77026468624432,47.94546999752969,54.266193452957864,59.818609323549694,62.87072039623366,68.99346569552549,69.55507499032036,44.674042885169996,50.85614624891279,51.81963625923984,52.29908385804496,45.686746560014996,50.87717525136598,54.31752537889661,59.764623505422335,63.605576251812224,44.028320973256534,47.1422705553789,48.31632097072133,49.45227519515117,49.8399464476319,50.94397316832305,51.89784003534382,52.37889928325409,57.510852341041094,63.75654549712873,92.51339470290473
162,58.81292866043068,58.744913956138156,53.85568078517976,48.07417881769761,44.558904432958954,42.72012576221035,30.75248581107544,23.736365088054768,23.37700454486729,18.2746761548085,11.820918102324658,5.795982832962846,11.940866965312322,18.713644386725168,24.08925523573573,32.50929502186503,37.75135854685212,67.67179236723645,70.37948326540045,73.01156039192996,77.27117481109984,82.61163078414185,83.56683233355433,89.85174673233496,96.24038935516323,105.38750811153118,111.5084150506605,114.4231062606866,116.95594358830681,123.17549526449083,126.0624873531432,130.10792035777501,133.12374881893547,138.2183494699302,144.62967694666875,148.05784008692666,149.0275174675356,81.6680418775461,87.66297482129119,95.5151096902297,98.57287423315971,106.38470052411112,112.0868996612862,113.52450217936969,115.84535460897395,119.24136093994568,124.80372383713245,127.4811649662705,131.61563349317936,133.64561428126578,137.37851194929794,137.90902962101114,141.69391799453027,143.53581185683615,143.82053452892254,122.50707368140564,125.84009678363581,127.58593182738996,114.49305337780461,119.75213599742565,127.14281086512213,96.14904146251189,100.85811138638167,104.0798549007526,107.32807817592737,116.68244712235254,122.95065413011864,126.79932823820207,127.29541913013418,123.3880944435595,124.00062301005491,124.89492791264851,107.3806578525143,109.0665881594962,111.02248897497739,113.67898252851747,117.00030229632063,119.34135013863398,107.72227183062154,112.45153657262954,117.78117727346482,42.44999664740848,53.11661983424963,58.88067738754491,62.934015593365636,70.58987337458454,76.25706070047627,82.00705495467069,90.61085797792542,95.79136121565028,100.94121709552823,102.59862867226406,104.23305036446749,109.70946509315749,112.37542916073619,115.36352623467258,108.83456072927643,116.69071585355825,117.77958355419453,109.79375798441585,111.14846811057225,114.27460292853449,112.77462961702307,116.6468140268617,95.4884584866743,96.96499603136185,97.8340157696645,103.44298549786689,104.67910465789804,107.61473917193415,76.39026514589389,78.94440030721978,81.76082914398631,86.38267074604369,89.88475126436192,94.51512859644785,97.18254998561827,105.2390836680951,97.22448005316326,99.69939292461493,100.46753795334385,90.51497687095008,95.99262629456797,99.53570975786093,102.69225015328179,104.13654183006072,105.21187307662169,85.45046952397088,86.79298470079382,87.53692690284988,88.10183751524798,90.79820043592464,93.16265766751077,81.39410908173771,84.95316977242561,77.83517408100641,80.29383464762377,75.4972100557691,56.706057367135806,57.799496541787256,63.37899453375244,69.02868883943138,50.540493985694184,52.70507336329078,53.703460372797885,41.052607098536775,41.96868842680409,46.04771085871104,53.61757433172032,13.33317037209175,18.331058826229174,20.593174207901804,23.213721097388806,26.180978922384817,28.224145337535546,29.44063537037592,31.050003569390675,36.64059146334245,41.32482523206067,47.06384709994024,51.517636722273096,50.18648095999904,0.0,6.141173340657295,11.739655530679428,14.235581357846868,15.975462314926341,21.79484850838145,25.87502055457265,29.314849780304108,29.839198787586945,32.648597501233006,34.34357559542991,11.883919242662413,18.648001753938285,23.583783726245283,9.350954703456347,15.671678158884518,21.224094029476348,24.27620510216031,30.398950401452133,30.96055969624701,18.369295855795603,24.551399219538396,25.514889229865446,25.994336828670562,7.09223126594165,12.28265995729264,15.723010084823269,21.170108211348996,25.011060957738884,17.72357394388214,20.837523526004507,9.721805676647987,10.857759901077827,11.245431153558565,12.34945787424971,13.303324741270478,13.784383989180752,18.91633704696775,25.162030203055387,53.9188794088314
163,64.95410200108797,64.88608729679545,59.99685412583705,54.2153521583549,50.70007777361624,48.86129910286764,36.893659151732734,29.877538428712064,29.518177885524587,24.415849495465796,17.962091442981954,11.93715617362014,18.082040305969617,24.85481772738246,30.230428576393024,38.65046836252232,43.892531887509406,73.81296570789374,76.52065660605774,79.15273373258725,83.41234815175713,88.75280412479914,89.70800567421162,95.99292007299225,102.38156269582052,111.52868145218847,117.64958839131779,120.56427960134388,123.0971169289641,129.31666860514812,132.2036606938005,136.24909369843232,139.26492215959277,144.3595228105875,150.77085028732606,154.19901342758396,155.1686908081929,87.80921521820339,93.80414816194848,101.656283030887,104.714047573817,112.52587386476841,118.22807300194349,119.66567552002698,121.98652794963124,125.38253428060297,130.94489717778973,133.62233830692776,137.75680683383663,139.78678762192305,143.51968528995525,144.05020296166845,147.83509133518757,149.67698519749345,149.96170786957984,128.64824702206292,131.98127012429308,133.72710516804722,120.63422671846192,125.89330933808296,133.28398420577943,102.29021480316918,106.99928472703895,110.22102824140988,113.46925151658466,122.82362046300983,129.0918274707759,132.94050157885934,133.43659247079145,129.52926778421678,130.14179635071218,131.0361012533058,113.5218311931716,115.2077615001535,117.16366231563468,119.82015586917476,123.1414756369779,125.48252347929126,113.86344517127883,118.59270991328682,123.92235061412211,48.59116998806577,59.25779317490692,65.0218507282022,69.07518893402293,76.73104671524183,82.39823404113356,88.14822829532798,96.75203131858271,101.93253455630757,107.08239043618552,108.73980201292134,110.37422370512478,115.85063843381478,118.51660250139348,121.50469957532987,114.97573406993372,122.83188919421553,123.92075689485182,115.93493132507314,117.28964145122954,120.41577626919178,118.91580295768036,122.787987367519,101.6296318273316,103.10616937201914,103.9751891103218,109.58415883852417,110.82027799855533,113.75591251259144,82.53143848655118,85.08557364787707,87.9020024846436,92.52384408670098,96.02592460501921,100.65630193710514,103.32372332627556,111.3802570087524,103.36565339382055,105.84056626527222,106.60871129400114,96.65615021160735,102.13379963522524,105.6768830985182,108.83342349393907,110.277715170718,111.35304641727896,91.59164286462817,92.93415804145111,93.67810024350717,94.24301085590527,96.93937377658193,99.30383100816806,87.535282422395,91.0943431130829,83.9763474216637,86.43500798828106,81.63838339642639,62.847230707793095,63.940669882444546,69.52016787440972,75.16986218008867,56.68166732635147,58.84624670394807,59.844633713455174,47.193780439194065,48.10986176746138,52.18888419936833,59.75874767237761,19.474343712749043,24.472232166886464,26.734347548559093,29.354894438046095,32.322152263042106,34.365318678192835,35.58180871103321,37.19117691004797,42.78176480399975,47.465998572717965,53.205020440597536,57.6588100629304,56.32765430065633,6.141173340657295,0.0,5.598482190022134,8.094408017189574,9.834288974269047,15.653675167724156,19.733847213915357,23.173676439646815,23.698025446929652,26.50742416057571,28.202402254772615,5.742745902005119,12.506828413280989,17.442610385587987,15.492128044113642,21.812851499541814,27.365267370133644,30.417378442817608,36.54012374210943,37.10173303690431,24.5104691964529,30.692572560195693,31.656062570522742,32.13551016932786,13.233404606598945,18.423833297949937,21.864183425480565,27.311281552006292,31.15223429839618,23.864747284539433,26.9786968666618,15.862979017305282,16.998933241735124,17.38660449421586,18.490631214907005,19.444498081927772,19.925557329838046,25.057510387625047,31.303203543712684,60.06005274948869
164,70.55258419111011,70.48456948681759,65.59533631585919,59.813834348377036,56.29855996363838,54.45978129288978,42.49214134175487,35.476020618734196,35.11666007554672,30.014331685487928,23.560573633004086,17.535638363642274,23.680522495991752,30.453299917404596,35.82891076641516,44.24895055254446,49.491014077531545,79.41144789791588,82.11913879607988,84.75121592260939,89.01083034177927,94.35128631482128,95.30648786423376,101.59140226301439,107.98004488584266,117.1271636422106,123.24807058133993,126.16276179136602,128.69559911898622,134.91515079517023,137.8021428838226,141.84757588845443,144.86340434961488,149.9580050006096,156.36933247734817,159.79749561760607,160.76717299821502,93.40769740822553,99.40263035197061,107.25476522090914,110.31252976383914,118.12435605479055,123.82655519196562,125.26415771004912,127.58501013965338,130.9810164706251,136.54337936781187,139.2208204969499,143.35528902385877,145.3852698119452,149.1181674799774,149.6486851516906,153.4335735252097,155.2754673875156,155.56019005960198,134.24672921208506,137.57975231431521,139.32558735806936,126.23270890848406,131.4917915281051,138.88246639580157,107.88869699319132,112.5977669170611,115.81951043143202,119.0677337066068,128.42210265303197,134.69030966079805,138.53898376888148,139.0350746608136,135.12774997423892,135.74027854073432,136.63458344332793,119.12031338319373,120.80624369017563,122.76214450565682,125.4186380591969,128.73995782700004,131.08100566931338,119.46192736130097,124.19119210330896,129.52083280414425,54.18965217808791,64.85627536492906,70.62033291822434,74.67367112404507,82.32952890526397,87.9967162311557,93.74671048535012,102.35051350860485,107.53101674632971,112.68087262620766,114.33828420294348,115.97270589514692,121.44912062383692,124.11508469141562,127.103181765352,120.57421625995586,128.43037138423767,129.51923908487396,121.53341351509528,122.88812364125168,126.01425845921392,124.5142851477025,128.38646955754112,107.22811401735373,108.70465156204128,109.57367130034393,115.18264102854631,116.41876018857747,119.35439470261358,88.12992067657332,90.68405583789921,93.50048467466574,98.12232627672311,101.62440679504135,106.25478412712728,108.9222055162977,116.97873919877453,108.96413558384269,111.43904845529435,112.20719348402328,102.2546324016295,107.73228182524738,111.27536528854034,114.4319056839612,115.87619736074014,116.9515286073011,97.19012505465031,98.53264023147325,99.27658243352931,99.84149304592741,102.53785596660407,104.9023131981902,93.13376461241714,96.69282530310504,89.57482961168584,92.0334901783032,87.23686558644853,68.44571289781523,69.53915207246668,75.11865006443186,80.76834437011081,62.28014951637361,64.44472889397021,65.4431159034773,52.792262629216204,53.70834395748352,57.78736638939047,65.35722986239975,25.07282590277118,30.070714356908603,32.33282973858123,34.953376628068234,37.920634453064245,39.963800868214975,41.18029090105535,42.78965910007011,48.38024699402189,53.064480762740104,58.803502630619676,63.25729225295254,61.926136490678466,11.739655530679428,5.598482190022134,0.0,2.4959258271674396,4.235806784246913,10.05519297770202,14.135365023893222,17.57519424962468,18.099543256907516,20.908941970553578,22.603920064750483,11.341228092027253,18.105310603303124,23.041092575610122,21.090610234135777,27.411333689563946,32.963749560155776,36.01586063283974,42.13860593213156,42.70021522692644,30.108951386475034,36.291054750217825,37.254544760544874,37.73399235934999,18.831886796621077,24.02231548797207,27.462665615502697,32.909763742028424,36.75071648841831,29.463229474561572,32.57717905668394,21.461461207327417,22.59741543175726,22.985086684237995,24.08911340492914,25.042980271949908,25.52403951986018,30.65599257764718,36.901685733734816,65.65853493951083
165,73.04851001827755,72.98049531398503,68.09126214302663,62.309760175544476,58.79448579080582,56.95570712005722,44.98806716892231,37.97194644590164,37.61258590271416,32.51025751265537,26.056499460171526,20.031564190809714,26.176448323159192,32.94922574457204,38.3248365935826,46.7448763797119,51.986939904698986,81.90737372508332,84.61506462324732,87.24714174977683,91.50675616894671,96.84721214198872,97.8024136914012,104.08732809018183,110.4759707130101,119.62308946937804,125.74399640850737,128.65868761853346,131.19152494615366,137.4110766223377,140.29806871099007,144.3435017156219,147.35933017678235,152.45393082777707,158.86525830451563,162.29342144477354,163.26309882538249,95.90362323539297,101.89855617913805,109.75069104807658,112.80845559100658,120.620281881958,126.32248101913306,127.76008353721656,130.08093596682082,133.47694229779253,139.0393051949793,141.71674632411734,145.8512148510262,147.88119563911263,151.6140933071448,152.144610978858,155.92949935237712,157.771393214683,158.0561158867694,136.7426550392525,140.07567814148265,141.8215131852368,128.7286347356515,133.98771735527254,141.378392222969,110.38462282035876,115.09369274422853,118.31543625859946,121.56365953377424,130.9180284801994,137.18623548796552,141.03490959604895,141.53100048798106,137.62367580140636,138.23620436790176,139.13050927049537,121.61623921036117,123.30216951734307,125.25807033282426,127.91456388636433,131.23588365416748,133.57693149648082,121.9578531884684,126.6871179304764,132.0167586313117,56.68557800525535,67.3522011920965,73.11625874539178,77.16959695121251,84.82545473243141,90.49264205832314,96.24263631251756,104.84643933577229,110.02694257349715,115.1767984533751,116.83421003011092,118.46863172231436,123.94504645100436,126.61101051858306,129.59910759251946,123.0701420871233,130.9262972114051,132.0151649120414,124.02933934226272,125.38404946841912,128.51018428638136,127.01021097486993,130.88239538470856,109.72403984452117,111.20057738920872,112.06959712751137,117.67856685571375,118.9146860157449,121.85032052978102,90.62584650374076,93.17998166506665,95.99641050183318,100.61825210389055,104.12033262220879,108.75070995429472,111.41813134346513,119.47466502594197,111.46006141101013,113.9349742824618,114.70311931119072,104.75055822879693,110.22820765241482,113.77129111570778,116.92783151112864,118.37212318790758,119.44745443446854,99.68605088181775,101.02856605864069,101.77250826069675,102.33741887309485,105.03378179377151,107.39823902535764,95.62969043958458,99.18875113027248,92.07075543885328,94.52941600547064,89.73279141361597,70.94163872498267,72.03507789963412,77.6145758915993,83.26427019727825,64.77607534354105,66.94065472113765,67.93904173064475,55.288188456383644,56.20426978465096,60.28329221655791,67.85315568956719,27.56875172993862,32.56664018407604,34.82875556574867,37.449302455235674,40.416560280231685,42.459726695382415,43.67621672822279,45.28558492723755,50.87617282118933,55.560406589907544,61.299428457787116,65.75321808011998,64.4220623178459,14.235581357846868,8.094408017189574,2.4959258271674396,0.0,1.7398809570794735,7.559267150534582,11.639439196725782,15.07926842245724,15.603617429740078,18.413016143386137,20.107994237583043,13.837153919194693,20.601236430470564,25.537018402777562,23.586536061303217,29.907259516731386,35.459675387323216,38.51178646000718,44.634531759299,45.19614105409388,32.604877213642474,38.786980577385265,39.750470587712314,40.22991818651743,21.327812623788517,26.51824131513951,29.958591442670137,35.405689569195864,39.24664231558575,31.959155301729012,35.07310488385138,23.957387034494857,25.0933412589247,25.481012511405435,26.58503923209658,27.538906099117348,28.01996534702762,33.151918404814616,39.39761156090225,68.15446076667827
166,74.78839097535703,74.72037627106451,69.8311431001061,64.04964113262395,60.53436674788529,58.695588077136684,46.72794812600178,39.71182740298111,39.35246685979363,34.25013846973484,27.796380417251,21.77144514788919,27.916329280238664,34.68910670165151,40.064717550662074,48.48475733679137,53.726820861778464,83.6472546821628,86.3549455803268,88.98702270685631,93.24663712602619,98.5870930990682,99.54229464848068,105.8272090472613,112.21585167008958,121.36297042645752,127.48387736558685,130.39856857561293,132.93140590323313,139.15095757941714,142.0379496680695,146.08338267270133,149.0992111338618,154.1938117848565,160.60513926159507,164.03330240185298,165.00297978246192,97.64350419247245,103.63843713621753,111.49057200515605,114.54833654808606,122.36016283903747,128.06236197621254,129.49996449429605,131.8208169239003,135.21682325487203,140.7791861520588,143.45662728119683,147.5910958081057,149.62107659619213,153.3539742642243,153.8844919359375,157.6693803094566,159.5112741717625,159.79599684384888,138.482535996332,141.81555909856215,143.5613941423163,130.46851569273096,135.727598312352,143.11827318004848,112.12450377743824,116.83357370130801,120.05531721567894,123.30354049085372,132.65790943727887,138.92611644504495,142.77479055312838,143.2708814450605,139.36355675848583,139.97608532498123,140.87039022757483,123.35612016744065,125.04205047442255,126.99795128990374,129.65444484344383,132.97576461124697,135.31681245356032,123.69773414554788,128.4269988875559,133.75663958839118,58.42545896233483,69.09208214917598,74.85613970247125,78.90947790829199,86.56533568951089,92.23252301540262,97.98251726959704,106.58632029285177,111.76682353057663,116.91667941045458,118.5740909871904,120.20851267939383,125.68492740808384,128.35089147566254,131.33898854959892,124.81002304420278,132.66617816848458,133.75504586912086,125.7692202993422,127.1239304254986,130.25006524346082,128.7500919319494,132.62227634178805,111.46392080160065,112.9404583462882,113.80947808459085,119.41844781279323,120.65456697282438,123.5902014868605,92.36572746082024,94.91986262214613,97.73629145891266,102.35813306097003,105.86021357928827,110.4905909113742,113.15801230054461,121.21454598302145,113.19994236808961,115.67485523954127,116.4430002682702,106.49043918587643,111.96808860949432,115.51117207278728,118.66771246820814,120.11200414498707,121.18733539154803,101.42593183889723,102.76844701572017,103.51238921777623,104.07729983017433,106.77366275085099,109.13811998243712,97.36957139666406,100.92863208735196,93.81063639593276,96.26929696255011,91.47267237069545,72.68151968206215,73.7749588567136,79.35445684867878,85.00415115435773,66.51595630062053,68.68053567821713,69.67892268772422,57.02806941346312,57.94415074173044,62.02317317363739,69.59303664664667,29.308632687018093,34.306521141155514,36.56863652282814,39.189183412315145,42.15644123731116,44.199607652461886,45.41609768530226,47.02546588431702,52.6160537782688,57.300287546987015,63.03930941486659,67.49309903719944,66.16194327492539,15.975462314926341,9.834288974269047,4.235806784246913,1.7398809570794735,0.0,5.8193861934551085,9.899558239646309,13.339387465377767,13.863736472660605,16.673135186306663,18.368113280503568,15.577034876274165,22.341117387550035,27.276899359857033,25.326417018382692,31.647140473810865,37.199556344402694,40.25166741708666,46.37441271637848,46.93602201117336,34.344758170721946,40.52686153446474,41.49035154479179,41.96979914359691,23.067693580867992,28.258122272218984,31.698472399749612,37.145570526275336,40.986523272665224,33.69903625880848,36.81298584093085,25.69726799157433,26.83322221600417,27.220893468484906,28.32492018917605,29.27878705619682,29.759846304107093,34.891799361894094,41.13749251798173,69.89434172375773
167,80.60777716881215,80.53976246451963,75.65052929356122,69.86902732607906,66.3537529413404,64.51497427059181,52.547334319456894,45.53121359643622,45.17185305324874,40.06952466318995,33.61576661070611,27.590831341344295,33.73571547369377,40.50849289510662,45.88410374411718,54.30414353024648,59.546207055233566,89.4666408756179,92.1743317737819,94.80640890031141,99.06602331948129,104.4064792925233,105.36168084193578,111.64659524071641,118.03523786354468,127.18235661991262,133.30326355904197,136.21795476906806,138.75079209668826,144.9703437728723,147.85733586152466,151.9027688661565,154.91859732731695,160.01319797831167,166.42452545505023,169.85268859530814,170.82236597591708,103.46289038592755,109.45782332967264,117.30995819861116,120.36772274154116,128.17954903249256,133.88174816966762,135.31935068775113,137.64020311735538,141.0362094483271,146.59857234551387,149.2760134746519,153.41048200156078,155.4404627896472,159.1733604576794,159.7038781293926,163.48876650291172,165.3306603652176,165.61538303730399,144.30192218978706,147.63494529201722,149.38078033577136,136.28790188618606,141.5469845058071,148.93765937350358,117.94388997089334,122.65295989476311,125.87470340913404,129.12292668430882,138.47729563073398,144.74550263850006,148.59417674658349,149.0902676385156,145.18294295194093,145.79547151843633,146.68977642102993,129.17550636089575,130.86143666787765,132.81733748335884,135.47383103689893,138.79515080470208,141.13619864701542,129.517120339003,134.246385081011,139.57602578184628,64.24484515578993,74.91146834263108,80.67552589592636,84.72886410174709,92.38472188296599,98.05190920885772,103.80190346305214,112.40570648630687,117.58620972403173,122.73606560390968,124.3934771806455,126.02789887284894,131.50431360153894,134.17027766911764,137.15837474305403,130.62940923765788,138.48556436193968,139.57443206257597,131.58860649279728,132.9433166189537,136.06945143691593,134.56947812540452,138.44166253524315,117.28330699505575,118.7598445397433,119.62886427804595,125.23783400624833,126.47395316627949,129.4095876803156,98.18511365427534,100.73924881560123,103.55567765236776,108.17751925442514,111.67959977274337,116.3099771048293,118.97739849399971,127.03393217647655,119.01932856154471,121.49424143299638,122.2623864617253,112.30982537933153,117.78747480294942,121.33055826624238,124.48709866166324,125.93139033844217,127.00672158500313,107.24531803235233,108.58783320917527,109.33177541123133,109.89668602362943,112.59304894430609,114.95750617589222,103.18895759011916,106.74801828080706,99.63002258938786,102.08868315600522,97.29205856415055,78.50090587551725,79.5943450501687,85.17384304213388,90.82353734781283,72.33534249407563,74.49992187167223,75.49830888117933,62.847455606918224,63.76353693518554,67.84255936709249,75.41242284010177,35.1280188804732,40.12590733461062,42.38802271628325,45.008569605770255,47.975827430766266,50.018993845916995,51.23548387875737,52.84485207777213,58.43543997172391,63.119673740442124,68.8586956083217,73.31248523065456,71.9813294683805,21.79484850838145,15.653675167724156,10.055192977702022,7.559267150534582,5.8193861934551085,0.0,4.0801720461912,7.520001271922658,8.044350279205496,10.853748992851555,12.548727087048459,21.396421069729275,28.160503581005145,33.09628555331214,31.145803211837798,37.46652666726597,43.0189425378578,46.07105361054176,52.19379890983358,52.75540820462846,40.164144364177055,46.346247727919845,47.309737738246895,47.78918533705201,28.887079774323098,34.077508465674086,37.517858593204714,42.96495671973044,46.805909466120326,39.51842245226359,42.63237203438596,31.516654185029438,32.652608409459276,33.04027966194001,34.14430638263116,35.09817324965193,35.5792324975622,40.7111855553492,46.956878711436836,75.71372791721285
168,84.68794921500334,84.61993451071082,79.73070133975241,73.94919937227026,70.4339249875316,68.595146316783,56.62750636564809,49.61138564262742,49.25202509943994,44.14969670938115,37.69593865689731,31.671003387535496,37.815887519884974,44.58866494129782,49.964275790308385,58.38431557643768,63.626379101424774,93.5468129218091,96.25450381997311,98.88658094650262,103.1461953656725,108.48665133871451,109.44185288812699,115.72676728690762,122.11540990973589,131.26252866610383,137.38343560523316,140.29812681525925,142.83096414287945,149.0505158190635,151.93750790771585,155.9829409123477,158.99876937350814,164.09337002450286,170.50469750124142,173.93286064149933,174.90253802210827,107.54306243211876,113.53799537586384,121.39013024480236,124.44789478773237,132.25972107868378,137.96192021585884,139.39952273394235,141.7203751635466,145.11638149451832,150.6787443917051,153.35618552084313,157.490654047752,159.52063483583842,163.2535325038706,163.7840501755838,167.5689385491029,169.4108324114088,169.69555508349518,148.3820942359783,151.71511733820844,153.46095238196258,140.36807393237729,145.62715655199833,153.0178314196948,122.02406201708455,126.73313194095432,129.95487545532524,133.20309873050002,142.55746767692517,148.82567468469125,152.67434879277468,153.1704396847068,149.26311499813212,149.87564356462752,150.76994846722113,133.25567840708698,134.94160871406888,136.89750952955006,139.55400308309015,142.8753228508933,145.21637069320664,133.5972923851942,138.32655712720222,143.6561978280375,68.32501720198114,78.99164038882229,84.75569794211756,88.8090361479383,96.4648939291572,102.13208125504893,107.88207550924335,116.48587853249808,121.66638177022294,126.81623765010089,128.47364922683673,130.10807091904016,135.58448564773016,138.25044971530886,141.23854678924525,134.70958128384908,142.56573640813087,143.65460410876716,135.6687785389885,137.02348866514492,140.14962348310715,138.64965017159574,142.52183458143438,121.36347904124696,122.8400165859345,123.70903632423716,129.31800605243953,130.5541252124707,133.4897597265068,102.26528570046655,104.81942086179244,107.63584969855897,112.25769130061634,115.75977181893458,120.39014915102051,123.05757054019092,131.11410422266778,123.09950060773592,125.57441347918758,126.34255850791651,116.38999742552272,121.86764684914061,125.41073031243357,128.56727070785442,130.01156238463335,131.08689363119433,111.32549007854354,112.66800525536648,113.41194745742254,113.97685806982064,116.6732209904973,119.03767822208343,107.26912963631037,110.82819032699827,103.71019463557907,106.16885520219643,101.37223061034176,82.58107792170846,83.6745170963599,89.25401508832509,94.90370939400404,76.41551454026684,78.58009391786344,79.57848092737053,66.92762765310943,67.84370898137674,71.92273141328369,79.49259488629296,39.2081909266644,44.206079380801825,46.468194762474454,49.088741651961456,52.05599947695747,54.099165892108196,55.31565592494857,56.92502412396333,62.51561201791511,67.19984578663332,72.93886765451289,77.39265727684575,76.06150151457169,25.87502055457265,19.733847213915354,14.135365023893222,11.639439196725782,9.899558239646309,4.0801720461912,0.0,3.439829225731458,3.9641782330142954,14.933921039042755,16.62889913323966,25.476593115920473,32.240675627196346,37.176457599503344,35.225975258028996,41.54669871345717,47.099114584049,50.15122565673296,56.27397095602478,56.83558025081966,44.244316410368256,50.426419774111054,51.3899097844381,51.86935738324322,32.9672518205143,38.157680511865294,41.59803063939592,47.045128765921646,50.886081512311534,43.598594498454794,46.71254408057716,35.59682623122064,36.73278045565048,37.12045170813121,38.22447842882236,39.17834529584313,39.6594045437534,44.791357601540405,51.03705075762804,79.79389996340404
169,88.1277784407348,88.05976373644228,83.17053056548387,77.38902859800172,73.87375421326306,72.03497554251446,60.067335591379546,53.05121486835887,52.69185432517139,47.589525935112604,41.13576788262876,35.11083261326695,41.255716745616425,48.02849416702927,53.404105016039836,61.82414480216913,67.06620832715622,96.98664214754055,99.69433304570455,102.32641017223406,106.58602459140394,111.92648056444595,112.88168211385843,119.16659651263906,125.55523913546733,134.70235789183528,140.8232648309646,143.7379560409907,146.2707933686109,152.49034504479494,155.3773371334473,159.42277013807913,162.43859859923958,167.5331992502343,173.94452672697287,177.37268986723078,178.34236724783972,110.9828916578502,116.97782460159529,124.82995947053381,127.88772401346381,135.69955030441523,141.40174944159028,142.8393519596738,145.16020438927805,148.55621072024977,154.11857361743654,156.79601474657457,160.93048327348345,162.96046406156987,166.69336172960203,167.22387940131523,171.00876777483435,172.85066163714023,173.13538430922662,151.82192346170973,155.1549465639399,156.90078160769403,143.80790315810873,149.06698577772977,156.45766064542624,125.46389124281599,130.17296116668578,133.3947046810567,136.6429279562315,145.99729690265667,152.26550391042275,156.11417801850618,156.6102689104383,152.70294422386362,153.31547279035902,154.20977769295263,136.69550763281842,138.38143793980032,140.3373387552815,142.9938323088216,146.31515207662474,148.65619991893809,137.03712161092565,141.76638635293367,147.09602705376895,71.76484642771258,82.43146961455373,88.19552716784901,92.24886537366974,99.90472315488864,105.57191048078037,111.3219047349748,119.92570775822952,125.10621099595438,130.25606687583235,131.91347845256817,133.5479001447716,139.0243148734616,141.6902789410403,144.6783760149767,138.14941050958055,146.00556563386235,147.09443333449863,139.10860776471995,140.46331789087637,143.5894527088386,142.08947939732718,145.96166380716582,124.8033082669784,126.27984581166595,127.1488655499686,132.75783527817097,133.99395443820214,136.92958895223825,105.705114926198,108.25925008752388,111.07567892429041,115.69752052634779,119.19960104466603,123.82997837675195,126.49739976592237,134.55393344839922,126.53932983346736,129.014242704919,129.78238773364794,119.82982665125417,125.30747607487206,128.85055953816502,132.00709993358586,133.4513916103648,134.52672285692577,114.76531930427498,116.10783448109792,116.85177668315399,117.41668729555208,120.11305021622874,122.47750744781487,110.70895886204181,114.26801955272971,107.15002386131052,109.60868442792787,104.8120598360732,86.0209071474399,87.11434632209135,92.69384431405653,98.34353861973548,79.85534376599828,82.01992314359488,83.01831015310198,70.36745687884087,71.28353820710818,75.36256063901513,82.9324241120244,42.64802015239585,47.645908606533276,49.908023988205905,52.52857087769291,55.49582870268892,57.53899511783965,58.75548515068002,60.36485334969478,65.95544124364656,70.63967501236478,76.37869688024435,80.83248650257721,79.50133074030313,29.314849780304108,23.173676439646812,17.57519424962468,15.07926842245724,13.339387465377767,7.520001271922658,3.439829225731458,0.0,0.5243490072828376,18.373750264774213,20.068728358971118,28.91642234165193,35.680504852927804,40.6162868252348,38.66580448376045,44.986527939188626,50.538943809780456,53.59105488246442,59.71380018175624,60.27540947655112,47.68414563609971,53.8662489998425,54.82973901016955,55.30918660897466,36.40708104624576,41.59750973759675,45.03785986512738,50.484957991653104,54.32591073804299,47.038423724186245,50.15237330630861,39.03665545695209,40.17260968138193,40.560280933862664,41.66430765455381,42.61817452157458,43.099233769484854,48.231186827271856,54.47687998335949,83.2337291891355
170,88.65212744801764,88.58411274372511,83.69487957276671,77.91337760528455,74.39810322054589,72.5593245497973,60.59168459866238,53.575563875641706,53.21620333245423,48.11387494239544,41.6601168899116,35.63518162054979,41.78006575289926,48.55284317431211,53.92845402332267,62.348493809451966,67.59055733443905,97.51099115482339,100.21868205298739,102.8507591795169,107.11037359868678,112.45082957172879,113.40603112114127,119.6909455199219,126.07958814275017,135.2267068991181,141.34761383824744,144.26230504827353,146.79514237589373,153.01469405207774,155.9016861407301,159.94711914536194,162.9629476065224,168.0575482575171,174.46887573425568,177.89703887451358,178.86671625512253,111.50724066513304,117.50217360887812,125.35430847781664,128.41207302074665,136.22389931169806,141.92609844887312,143.36370096695663,145.6845533965609,149.0805597275326,154.64292262471938,157.3203637538574,161.45483228076628,163.4848130688527,167.2177107368849,167.7482284085981,171.53311678211722,173.3750106444231,173.6597333165095,152.34627246899257,155.67929557122272,157.42513061497687,144.33225216539157,149.5913347850126,156.98200965270908,125.98824025009883,130.69731017396862,133.91905368833955,137.16727696351433,146.52164590993948,152.78985291770556,156.638527025789,157.1346179177211,153.22729323114643,153.83982179764183,154.73412670023544,137.21985664010126,138.90578694708316,140.86168776256434,143.51818131610443,146.83950108390758,149.18054892622092,137.5614706182085,142.2907353602165,147.6203760610518,72.28919543499542,82.95581862183657,88.71987617513184,92.77321438095258,100.42907216217148,106.09625948806321,111.84625374225763,120.45005676551236,125.63056000323722,130.78041588311518,132.437827459851,134.07224915205444,139.54866388074444,142.21462794832314,145.20272502225953,138.67375951686338,146.52991464114518,147.61878234178147,139.63295677200279,140.9876668981592,144.11380171612143,142.61382840461002,146.48601281444866,125.32765727426124,126.80419481894879,127.67321455725144,133.2821842854538,134.51830344548497,137.45393795952108,106.22946393348083,108.78359909480672,111.60002793157325,116.22186953363062,119.72395005194886,124.35432738403479,127.0217487732052,135.07828245568203,127.0636788407502,129.53859171220185,130.30673674093077,120.354175658537,125.8318250821549,129.37490854544785,132.5314489408687,133.97574061764763,135.0510718642086,115.28966831155782,116.63218348838076,117.37612569043682,117.94103630283492,120.63739922351158,123.00185645509771,111.23330786932465,114.79236856001255,107.67437286859335,110.1330334352107,105.33640884335604,86.54525615472274,87.63869532937419,93.21819332133937,98.86788762701832,80.37969277328112,82.54427215087772,83.54265916038482,70.8918058861237,71.80788721439102,75.88690964629797,83.45677311930724,43.17236915967869,48.17025761381611,50.43237299548874,53.05291988497574,56.020177709971755,58.063344125122484,59.27983415796286,60.88920235697762,66.4797902509294,71.16402401964761,76.90304588752718,81.35683550986005,80.02567974758597,29.839198787586945,23.69802544692965,18.099543256907516,15.603617429740078,13.863736472660605,8.044350279205496,3.9641782330142954,0.5243490072828376,0.0,18.898099272057053,20.593077366253958,29.440771348934767,36.20485386021064,41.14063583251764,39.19015349104329,45.51087694647146,51.06329281706329,54.115403889747256,60.23814918903908,60.799758483833955,48.208494643382544,54.390598007125334,55.35408801745238,55.8335356162575,36.931430053528594,42.12185874487959,45.56220887241022,51.00930699893594,54.85025974532583,47.56277273146908,50.67672231359145,39.56100446423493,40.696958688664765,41.0846299411455,42.188656661836646,43.14252352885742,43.62358277676769,48.75553583455469,55.001228990642325,83.75807819641834
171,91.4615261616637,91.39351145737118,86.50427828641277,80.72277631893061,77.20750193419195,75.36872326344336,63.401083312308444,56.38496258928777,56.02560204610029,50.9232736560415,44.46951560355766,38.44458033419585,44.58946446654532,51.36224188795817,56.73785273696873,65.15789252309803,70.39995604808512,100.32038986846945,103.02808076663345,105.66015789316296,109.91977231233284,115.26022828537485,116.21542983478733,122.50034423356796,128.88898685639623,138.03610561276417,144.1570125518935,147.0717037619196,149.6045410895398,155.82409276572383,158.7110848543762,162.75651785900803,165.77234632016848,170.8669469711632,177.27827444790177,180.70643758815967,181.67611496876862,114.3166393787791,120.31157232252419,128.16370719146272,131.2214717343927,139.03329802534412,144.73549716251918,146.1730996806027,148.49395211020695,151.88995844117866,157.45232133836544,160.12976246750347,164.26423099441234,166.29421178249876,170.02710945053093,170.55762712224413,174.34251549576325,176.18440935806913,176.46913203015552,155.15567118263863,158.48869428486879,160.23452932862293,147.14165087903763,152.40073349865867,159.79140836635514,128.7976389637449,133.50670888761468,136.7284524019856,139.9766756771604,149.33104462358557,155.59925163135165,159.44792573943508,159.9440166313672,156.03669194479252,156.64922051128792,157.54352541388153,140.02925535374732,141.71518566072922,143.6710864762104,146.3275800297505,149.64889979755364,151.98994763986698,140.37086933185455,145.10013407386256,150.42977477469785,75.09859414864148,85.76521733548263,91.5292748887779,95.58261309459864,103.23847087581754,108.90565820170927,114.65565245590369,123.25945547915842,128.4399587168833,133.58981459676124,135.24722617349707,136.8816478657005,142.3580625943905,145.0240266619692,148.0121237359056,141.48315823050945,149.33931335479124,150.42818105542753,142.44235548564885,143.79706561180527,146.9232004297675,145.42322711825608,149.29541152809472,128.1370559879073,129.61359353259485,130.4826132708975,136.09158299909987,137.32770215913104,140.26333667316715,109.03886264712689,111.59299780845278,114.40942664521931,119.03126824727669,122.53334876559492,127.16372609768085,129.83114748685128,137.88768116932812,129.87307755439627,132.34799042584794,133.11613545457686,123.16357437218306,128.64122379580095,132.1843072590939,135.34084765451476,136.7851393312937,137.86047057785467,118.09906702520388,119.44158220202682,120.18552440408288,120.75043501648098,123.44679793715764,125.81125516874377,114.04270658297071,117.60176727365861,110.48377158223941,112.94243214885677,108.1458075570021,89.3546548683688,90.44809404302025,96.02759203498543,101.67728634066438,83.18909148692718,85.35367086452378,86.35205787403088,73.70120459976977,74.61728592803708,78.69630835994403,86.2661718329533,45.98176787332475,50.97965632746217,53.2417717091348,55.862318598621805,58.829576423617816,60.872742838768545,62.08923287160892,63.69860107062368,69.28918896457546,73.97342273329367,79.71244460117325,84.16623422350611,82.83507846123203,32.648597501233006,26.50742416057571,20.908941970553578,18.413016143386137,16.673135186306663,10.853748992851555,14.933921039042755,18.373750264774213,18.89809927205705,0.0,1.6949780941969044,32.25017006258083,39.0142525738567,43.9500345461637,41.99955220468935,48.320275660117524,53.87269153070935,56.92480260339332,63.04754790268514,63.609157197480016,51.017893357028605,57.199996720771395,58.163486731098445,58.64293432990356,39.740828767174655,44.93125745852565,48.37160758605628,53.818705712582,57.65965845897189,50.37217144511514,53.48612102723751,42.37040317788099,43.506357402310826,43.89402865479156,44.99805537548271,45.95192224250348,46.43298149041375,51.56493454820075,57.810627704288386,86.5674769100644
172,93.15650425586061,93.08848955156809,88.19925638060968,82.41775441312753,78.90248002838887,77.06370135764027,65.09606140650536,58.07994068348468,57.7205801402972,52.618251750238414,46.16449369775457,40.13955842839276,46.284442560742235,53.05721998215508,58.432830831165646,66.85287061729494,72.09493414228203,102.01536796266636,104.72305886083036,107.35513598735987,111.61475040652975,116.95520637957176,117.91040792898424,124.19532232776487,130.58396495059316,139.7310837069611,145.85199064609043,148.76668185611652,151.29951918373672,157.51907085992076,160.40606294857312,164.45149595320495,167.4673244143654,172.56192506536013,178.9732525420987,182.4014156823566,183.37109306296554,116.01161747297601,122.0065504167211,129.85868528565962,132.9164498285896,140.72827611954102,146.43047525671608,147.8680777747996,150.18893020440385,153.58493653537556,159.14729943256233,161.82474056170037,165.95920908860924,167.98918987669566,171.72208754472786,172.25260521644105,176.03749358996018,177.87938745226606,178.16411012435245,156.85064927683553,160.18367237906568,161.92950742281982,148.83662897323453,154.09571159285557,161.48638646055204,130.4926170579418,135.20168698181158,138.4234304961825,141.67165377135728,151.02602271778244,157.29422972554852,161.14290383363195,161.63899472556406,157.7316700389894,158.3441986054848,159.2385035080784,141.72423344794421,143.41016375492612,145.3660645704073,148.0225581239474,151.34387789175054,153.68492573406388,142.06584742605145,146.79511216805946,152.12475286889475,76.7935722428384,87.46019542967954,93.22425298297482,97.27759118879555,104.93344897001445,110.60063629590618,116.3506305501006,124.95443357335533,130.1349368110802,135.28479269095814,136.94220426769397,138.5766259598974,144.0530406885874,146.7190047561661,149.7071018301025,143.17813632470634,151.03429144898814,152.12315914962443,144.13733357984577,145.4920437060022,148.61817852396442,147.11820521245298,150.99038962229162,129.83203408210423,131.30857162679177,132.17759136509443,137.7865610932968,139.02268025332793,141.95831476736404,110.7338407413238,113.28797590264969,116.10440473941622,120.7262463414736,124.22832685979184,128.85870419187776,131.52612558104818,139.58265926352502,131.56805564859317,134.04296852004484,134.81111354877376,124.85855246637999,130.33620188999788,133.87928535329084,137.0358257487117,138.48011742549062,139.5554486720516,119.79404511940079,121.13656029622373,121.8805024982798,122.44541311067789,125.14177603135455,127.50623326294068,115.73768467716762,119.29674536785552,112.17874967643633,114.63741024305368,109.84078565119901,91.04963296256571,92.14307213721716,97.72257012918234,103.3722644348613,84.8840695811241,87.04864895872069,88.04703596822779,75.39618269396668,76.31226402223399,80.39128645414094,87.96114992715022,47.67674596752166,52.674634421659086,54.936749803331715,57.55729669281872,60.52455451781473,62.56772093296546,63.78421096580583,65.3935791648206,70.98416705877237,75.66840082749059,81.40742269537016,85.86121231770302,84.53005655542896,34.34357559542991,28.202402254772615,22.603920064750483,20.107994237583043,18.368113280503568,12.548727087048459,16.62889913323966,20.068728358971118,20.593077366253954,1.6949780941969044,0.0,33.945148156777734,40.70923066805361,45.645012640360605,43.694530298886264,50.015253754314436,55.567669624906266,58.61978069759023,64.74252599688205,65.30413529167693,52.71287145122552,58.89497481496831,59.85846482529536,60.33791242410047,41.43580686137157,46.62623555272256,50.06658568025319,55.513683806778914,59.3546365531688,52.067149539312055,55.18109912143442,44.0653812720779,45.20133549650774,45.589006748988474,46.69303346967962,47.64690033670039,48.127959584610664,53.259912642397666,59.5056057984853,88.26245500426131
173,70.69684790309309,70.62883319880056,65.73960002784216,59.95809806036001,56.442823675621355,54.60404500487275,42.636405053737846,35.620284330717176,35.2609237875297,30.15859539747091,23.70483734498707,17.679902075625257,23.824786207974732,30.597563629387576,35.973174478398136,44.39321426452743,49.63527778951452,79.55571160989885,82.26340250806285,84.89547963459236,89.15509405376224,94.49555002680425,95.45075157621673,101.73566597499736,108.12430859782563,117.27142735419358,123.3923342933229,126.307025503349,128.8398628309692,135.05941450715324,137.9464065958056,141.99183960043743,145.00766806159788,150.1022687125926,156.51359618933117,159.94175932958908,160.91143671019802,93.5519611202085,99.54689406395359,107.39902893289211,110.45679347582211,118.26861976677353,123.9708189039486,125.40842142203209,127.72927385163635,131.12528018260807,136.68764307979484,139.36508420893287,143.49955273584175,145.52953352392817,149.26243119196033,149.79294886367353,153.57783723719265,155.41973109949853,155.70445377158492,134.39099292406803,137.7240160262982,139.46985107005233,126.37697262046703,131.63605524008807,139.02673010778454,108.03296070517429,112.74203062904407,115.963774143415,119.21199741858977,128.56636636501494,134.83457337278105,138.68324748086448,139.1793383727966,135.2720136862219,135.8845422527173,136.7788471553109,119.2645770951767,120.9505074021586,122.9064082176398,125.56290177117987,128.884221538983,131.22526938129636,119.60619107328394,124.33545581529194,129.66509651612722,54.333915890070884,65.00053907691203,70.76459663020731,74.81793483602804,82.47379261724694,88.14097994313867,93.8909741973331,102.49477722058782,107.67528045831268,112.82513633819063,114.48254791492646,116.11696960712989,121.59338433581989,124.25934840339859,127.24744547733498,120.71847997193883,128.57463509622065,129.66350279685693,121.67767722707825,123.03238735323465,126.15852217119689,124.65854885968547,128.5307332695241,107.3723777293367,108.84891527402425,109.7179350123269,115.32690474052929,116.56302390056044,119.49865841459655,88.2741843885563,90.82831954988218,93.64474838664871,98.26658998870609,101.76867050702432,106.39904783911025,109.06646922828067,117.1230029107575,109.10839929582566,111.58331216727733,112.35145719600625,102.39889611361247,107.87654553723036,111.41962900052332,114.57616939594418,116.02046107272311,117.09579231928407,97.33438876663328,98.67690394345622,99.42084614551229,99.98575675791038,102.68211967858704,105.04657691017317,93.27802832440011,96.83708901508801,89.71909332366882,92.17775389028617,87.3811292984315,68.5899766097982,69.68341578444965,75.26291377641483,80.91260808209378,62.424413228356585,64.58899260595318,65.58737961546028,52.936526341199176,53.852607669466494,57.93163010137344,65.50149357438272,25.217089614754162,30.214978068891583,32.47709345056421,35.097640340051214,38.064898165047225,40.108064580197954,41.32455461303833,42.93392281205309,48.52451070600487,53.20874447472308,58.947766342602655,63.40155596493551,62.07040020266144,11.883919242662413,5.742745902005119,11.341228092027253,13.837153919194693,15.577034876274165,21.396421069729275,25.476593115920476,28.916422341651934,29.44077134893477,32.25017006258083,33.945148156777734,0.0,6.764082511275871,11.69986448358287,21.23487394611876,27.555597401546933,33.10801327213876,36.16012434482273,42.28286964411455,42.844478938909425,30.253215098458014,36.43531846220081,37.39880847252786,37.87825607133298,18.97615050860406,24.166579199955052,27.60692932748568,33.054027454011404,36.89498020040129,29.607493186544552,32.72144276866692,21.605724919310397,22.74167914374024,23.129350396220975,24.23337711691212,25.187243983932888,25.66830323184316,30.800256289630163,37.045949445717795,65.8027986514938
174,77.46093041436897,77.39291571007645,72.50368253911805,66.72218057163589,63.20690618689723,61.368127516148625,49.40048756501372,42.38436684199304,42.025006298805565,36.92267790874678,30.46891985626294,24.443984586901127,30.588868719250605,37.36164614066345,42.737256989674016,51.15729677580331,56.399360300790406,86.31979412117474,89.02748501933874,91.65956214586825,95.91917656503813,101.25963253808014,102.21483408749262,108.49974848627325,114.88839110910152,124.03550986546946,130.1564168045988,133.07110801462488,135.60394534224508,141.82349701842912,144.7104891070815,148.75592211171332,151.77175057287377,156.8663512238685,163.27767870060705,166.70584184086496,167.6755192214739,100.31604363148439,106.31097657522947,114.163111444168,117.220875987098,125.03270227804941,130.73490141522447,132.17250393330798,134.49335636291224,137.88936269388395,143.45172559107073,146.12916672020876,150.26363524711763,152.29361603520405,156.02651370323622,156.55703137494942,160.34191974846854,162.18381361077442,162.4685362828608,141.15507543534392,144.48809853757407,146.23393358132822,133.14105513174292,138.40013775136396,145.79081261906043,114.79704321645018,119.50611314031995,122.72785665469088,125.97607992986566,135.33044887629083,141.59865588405694,145.44732999214037,145.94342088407248,142.03609619749778,142.64862476399318,143.5429296665868,126.02865960645259,127.7145899134345,129.6704907289157,132.32698428245578,135.64830405025893,137.98935189257227,126.37027358455983,131.09953832656782,136.4291790274031,61.09799840134677,71.76462158818792,77.5286791414832,81.58201734730393,89.23787512852283,94.90506245441456,100.65505670860898,109.25885973186371,114.43936296958857,119.58921884946652,121.24663042620234,122.88105211840578,128.35746684709576,131.02343091467446,134.01152798861085,127.48256248321472,135.33871760749653,136.42758530813282,128.44175973835414,129.79646986451056,132.92260468247278,131.42263137096137,135.2948157808,114.13646024061259,115.61299778530014,116.48201752360279,122.09098725180517,123.32710641183633,126.26274092587244,95.03826689983218,97.59240206115807,100.4088308979246,105.03067249998197,108.53275301830021,113.16313035038614,115.83055173955655,123.8870854220334,115.87248180710155,118.34739467855321,119.11553970728214,109.16297862488835,114.64062804850624,118.1837115117992,121.34025190722006,122.784543583999,123.85987483055996,104.09847127790917,105.44098645473211,106.18492865678817,106.74983926918627,109.44620218986293,111.81065942144906,100.042110835676,103.6011715263639,96.4831758349447,98.94183640156206,94.14521180970739,75.35405912107409,76.44749829572554,82.02699628769072,87.67669059336967,69.18849573963247,71.35307511722907,72.35146212673617,59.700608852475064,60.61669018074238,64.69571261264933,72.26557608565861,31.98117212603003,36.979060580167456,39.241175961840085,41.86172285132709,44.8289806763231,46.87214709147383,48.088637124314204,49.698005323328964,55.28859321728074,59.97282698599896,65.71184885387854,70.1656384762114,68.83448271393732,18.64800175393828,12.506828413280989,18.105310603303124,20.601236430470564,22.34111738755004,28.16050358100515,32.240675627196346,35.680504852927804,36.20485386021064,39.0142525738567,40.70923066805361,6.764082511275871,0.0,4.935781972306999,27.99895645739463,34.3196799128228,39.87209578341463,42.92420685609859,49.046952155390414,49.60856145018529,37.01729760973389,43.199400973476685,44.162890983803734,44.64233858260885,25.74023301987993,30.930661711230922,34.371011838761554,39.81810996528728,43.659062711677166,36.371575697820425,39.48552527994279,28.36980743058627,29.505761655016112,29.893432907496848,30.997459628187993,31.95132649520876,32.432385743119035,37.56433880090603,43.81003195699366,72.56688116276968
175,82.39671238667599,82.32869768238346,77.43946451142506,71.6579625439429,68.14268815920424,66.30390948845564,54.33626953732073,47.320148814300055,46.96078827111258,41.85845988105379,35.40470182856995,29.379766559208132,35.52465069155761,42.29742811297046,47.67303896198102,56.093078748110315,61.335142273097404,91.25557609348174,93.96326699164574,96.59534411817525,100.85495853734513,106.19541451038714,107.15061605979962,113.43553045858025,119.82417308140852,128.97129183777648,135.0921987769058,138.0068899869319,140.5397273145521,146.7592789907361,149.64627107938847,153.6917040840203,156.70753254518075,161.80213319617548,168.21346067291404,171.64162381317195,172.6113011937809,105.25182560379139,111.24675854753647,119.098893416475,122.156657959405,129.9684842503564,135.67068338753145,137.10828590561496,139.42913833521922,142.82514466619094,148.3875075633777,151.06494869251574,155.19941721942462,157.22939800751104,160.9622956755432,161.4928133472564,165.27770172077553,167.1195955830814,167.4043182551678,146.0908574076509,149.42388050988106,151.1697155536352,138.0768371040499,143.33591972367094,150.72659459136742,119.73282518875718,124.44189511262695,127.66363862699788,130.91186190217266,140.26623084859784,146.53443785636392,150.38311196444735,150.87920285637946,146.9718781698048,147.5844067363002,148.4787116388938,130.9644415787596,132.6503718857415,134.60627270122268,137.26276625476277,140.5840860225659,142.92513386487926,131.30605555686682,136.03532029887484,141.36496099971012,66.03378037365377,76.70040356049492,82.4644611137902,86.51779931961093,94.17365710082983,99.84084442672156,105.59083868091598,114.1946417041707,119.37514494189557,124.52500082177352,126.18241239850934,127.81683409071277,133.29324881940278,135.95921288698148,138.94730996091786,132.41834445552172,140.27449957980352,141.3633672804398,133.37754171066115,134.73225183681757,137.8583866547798,136.35841334326835,140.230597753107,119.07224221291959,120.54877975760714,121.41779949590979,127.02676922411217,128.26288838414334,131.19852289817945,99.97404887213918,102.52818403346507,105.3446128702316,109.96645447228897,113.46853499060721,118.09891232269314,120.76633371186355,128.8228673943404,120.80826377940855,123.28317665086021,124.05132167958914,114.09876059719537,119.57641002081326,123.11949348410621,126.27603387952708,127.72032555630601,128.79565680286697,109.03425325021617,110.37676842703911,111.12071062909517,111.68562124149327,114.38198416216993,116.74644139375606,104.977892807983,108.5369534986709,101.4189578072517,103.87761837386905,99.08099378201439,80.28984109338109,81.38328026803254,86.96277825999772,92.61247256567667,74.12427771193947,76.28885708953607,77.28724409904316,64.63639082478205,65.55247215304937,69.63149458495631,77.20135805796559,36.91695409833704,41.91484255247446,44.17695793414709,46.79750482363409,49.764762648630104,51.80792906378083,53.02441909662121,54.63378729563597,60.22437518958775,64.90860895830596,70.64763082618553,75.1014204485184,73.77026468624433,23.583783726245287,17.44261038558799,23.041092575610122,25.537018402777562,27.276899359857037,33.09628555331214,37.176457599503344,40.6162868252348,41.14063583251764,43.9500345461637,45.645012640360605,11.69986448358287,4.935781972306999,0.0,32.93473842970163,39.255461885129805,44.807877755721634,47.8599888284056,53.98273412769742,54.5443434224923,41.95307958204089,48.13518294578368,49.09867295611073,49.57812055491585,30.676014992186936,35.86644368353792,39.30679381106855,44.753891937594275,48.594844683984164,41.30735767012743,44.4213072522498,33.305589402893276,34.441543627323114,34.82921487980385,35.933241600494995,36.887108467515766,37.36816771542604,42.50012077321304,48.745813929300674,77.50266313507669
176,56.57191769796133,56.50390299366881,51.61466982271041,45.83316785522826,42.31789347048961,40.479114799741005,28.511474848606095,21.495354125585422,21.135993582397944,16.033665192339157,9.579907139855315,3.554971870493502,9.699856002842978,16.47263342425582,21.848244273266385,30.26828405939568,35.51034758438277,65.4307814047671,68.1384723029311,70.77054942946062,75.0301638486305,80.3706198216725,81.32582137108498,87.61073576986561,93.99937839269388,103.14649714906183,109.26740408819116,112.18209529821725,114.71493262583746,120.93448430202149,123.82147639067385,127.86690939530567,130.88273785646612,135.97733850746084,142.3886659841994,145.8168291244573,146.78650650506626,79.42703091507676,85.42196385882184,93.27409872776036,96.33186327069036,104.14368956164178,109.84588869881685,111.28349121690034,113.6043436465046,117.00034997747633,122.5627128746631,125.24015400380115,129.37462253071,131.40460331879643,135.13750098682863,135.66801865854183,139.45290703206095,141.29480089436683,141.57952356645322,120.2660627189363,123.59908582116647,125.34492086492061,112.25204241533527,117.51112503495631,124.90179990265278,93.90803050004254,98.61710042391232,101.83884393828325,105.08706721345803,114.4414361598832,120.70964316764929,124.55831727573272,125.05440816766483,121.14708348109015,121.75961204758556,122.65391695017917,105.13964689004496,106.82557719702686,108.78147801250805,111.43797156604812,114.75929133385128,117.10033917616464,105.48126086815219,110.21052561016019,115.54016631099547,40.20898568493914,50.87560887178029,56.63966642507556,60.69300463089629,68.3488624121152,74.01604973800693,79.76604399220135,88.36984701545607,93.55035025318094,98.70020613305888,100.35761770979471,101.99203940199814,107.46845413068814,110.13441819826684,113.12251527220323,106.59354976680709,114.4497048910889,115.53857259172518,107.5527470219465,108.9074571481029,112.03359196606515,110.53361865455372,114.40580306439236,93.24744752420496,94.7239850688925,95.59300480719516,101.20197453539754,102.43809369542869,105.3737282094648,74.14925418342455,76.70338934475043,79.51981818151697,84.14165978357434,87.64374030189258,92.2741176339785,94.94153902314892,102.99807270562576,94.98346909069392,97.45838196214558,98.2265269908745,88.27396590848073,93.75161533209862,97.29469879539158,100.45123919081244,101.89553086759138,102.97086211415234,83.20945856150153,84.55197373832448,85.29591594038054,85.86082655277863,88.5571894734553,90.92164670504143,79.15309811926836,82.71215880995626,75.59416311853707,78.05282368515442,73.25619909329976,54.46504640466646,55.55848557931791,61.137983571283094,66.78767787696204,48.29948302322484,50.46406240082143,51.46244941032854,38.81159613606743,39.72767746433475,43.806699896241696,51.376563369250974,11.092159409622406,16.09004786375983,18.352163245432457,20.97271013491946,23.93996795991547,25.9831343750662,27.199624407906573,28.80899260692133,34.39958050087311,39.08381426959132,44.822836137470894,49.27662575980375,47.94546999752969,9.350954703456347,15.492128044113642,21.090610234135774,23.586536061303214,25.32641701838269,31.145803211837798,35.225975258028996,38.66580448376045,39.19015349104329,41.99955220468935,43.69453029888626,21.23487394611876,27.99895645739463,32.93473842970163,0.0,6.320723455428171,11.873139326020002,14.925250398703966,21.047995697995788,21.609604992790665,16.12828489332626,22.310388257069054,23.273878267396103,23.75332586620122,4.8512203034723065,10.041648994823298,13.481999122353926,18.929097248879653,22.77004999526954,15.482562981412796,18.596512563535164,7.480794714178643,8.616748938608483,9.00442019108922,10.108446911780366,11.062313778801133,11.543373026711407,16.67532608449841,22.92101924058604,51.677868446362055
177,62.8926411533895,62.824626449096975,57.93539327813858,52.15389131065643,48.63861692591777,46.79983825516917,34.832198304034264,27.816077581013595,27.456717037826117,22.354388647767326,15.900630595283484,9.875695325921672,16.02057945827115,22.793356879683994,28.168967728694557,36.58900751482385,41.831071039810936,71.75150486019527,74.45919575835927,77.09127288488878,81.35088730405866,86.69134327710067,87.64654482651315,93.93145922529378,100.32010184812205,109.46722060449,115.58812754361932,118.50281875364541,121.03565608126563,127.25520775744965,130.14219984610202,134.18763285073385,137.2034613118943,142.29806196288902,148.70938943962759,152.1375525798855,153.10722996049444,85.74775437050492,91.74268731425,99.59482218318853,102.65258672611853,110.46441301706994,116.16661215424502,117.60421467232851,119.92506710193277,123.3210734329045,128.88343633009126,131.5608774592293,135.69534598613816,137.72532677422458,141.45822444225678,141.98874211396998,145.7736304874891,147.61552434979498,147.90024702188137,126.58678617436446,129.91980927659463,131.66564432034878,118.57276587076345,123.83184849038449,131.22252335808096,100.22875395547071,104.93782387934048,108.15956739371141,111.4077906688862,120.76215961531136,127.03036662307746,130.8790407311609,131.375131623093,127.46780693651831,128.0803355030137,128.97464040560732,111.46037034547312,113.14630065245503,115.10220146793621,117.75869502147629,121.08001478927943,123.42106263159279,111.80198432358036,116.53124906558836,121.86088976642364,46.5297091403673,57.19633232720845,62.960389880503726,67.01372808632446,74.66958586754336,80.33677319343509,86.08676744762951,94.69057047088424,99.8710737086091,105.02092958848705,106.67834116522288,108.3127628574263,113.78917758611631,116.45514165369501,119.4432387276314,112.91427322223525,120.77042834651706,121.85929604715335,113.87347047737467,115.22818060353107,118.35431542149331,116.85434210998189,120.72652651982052,99.56817097963312,101.04470852432067,101.91372826262332,107.5226979908257,108.75881715085686,111.69445166489297,80.46997763885271,83.0241128001786,85.84054163694513,90.4623832390025,93.96446375732074,98.59484108940667,101.26226247857709,109.31879616105392,101.30419254612208,103.77910541757375,104.54725044630267,94.59468936390888,100.07233878752677,103.61542225081973,106.7719626462406,108.21625432301953,109.29158556958049,89.5301820169297,90.87269719375264,91.6166393958087,92.1815500082068,94.87791292888346,97.24237016046959,85.47382157469653,89.03288226538443,81.91488657396523,84.37354714058259,79.57692254872792,60.785769860094625,61.879209034746076,67.45870702671125,73.1084013323902,54.620206478653,56.7847858562496,57.783172865756704,45.132319591495595,46.04840091976291,50.12742335166986,57.69728682467914,17.412882865050577,22.410771319188,24.67288670086063,27.293433590347632,30.260691415343643,32.30385783049437,33.52034786333475,35.12971606234951,40.72030395630129,45.4045377250195,51.143559592899074,55.59734921523193,54.26619345295786,15.671678158884518,21.812851499541814,27.411333689563946,29.907259516731386,31.64714047381086,37.46652666726597,41.54669871345717,44.986527939188626,45.51087694647146,48.320275660117524,50.01525375431443,27.555597401546933,34.31967991282281,39.255461885129805,6.320723455428171,0.0,5.5524158705918305,8.604526943275793,14.727272242567617,15.288881537362496,22.449008348754433,28.631111712497226,29.594601722824276,30.074049321629392,11.171943758900477,16.36237245025147,19.8027225777821,25.249820704307826,29.090773450697714,21.80328643684097,24.917236018963337,13.801518169606814,14.937472394036654,15.325143646517391,16.42917036720854,17.383037234229306,17.86409648213958,22.996049539926577,29.241742696014214,57.99859190179022
178,68.44505702398133,68.37704231968881,63.487809148730406,57.706307181248256,54.1910327965096,52.352254125761,40.384614174626094,33.368493451605424,33.009132908417946,27.90680451835916,21.453046465875317,15.428111196513504,21.57299532886298,28.345772750275824,33.72138359928638,42.14142338541568,47.383486910402766,77.3039207307871,80.0116116289511,82.64368875548061,86.90330317465049,92.2437591476925,93.19896069710498,99.48387509588561,105.87251771871388,115.01963647508182,121.14054341421115,124.05523462423724,126.58807195185746,132.80762362804148,135.69461571669385,139.74004872132568,142.75587718248613,147.85047783348085,154.26180531021942,157.68996845047732,158.65964583108627,91.30017024109675,97.29510318484184,105.14723805378036,108.20500259671036,116.01682888766177,121.71902802483685,123.15663054292034,125.4774829725246,128.8734893034963,134.4358522006831,137.11329332982112,141.24776185673,143.2777426448164,147.01064031284858,147.54115798456178,151.3260463580809,153.16794022038678,153.45266289247317,132.13920204495628,135.47222514718644,137.21806019094058,124.12518174135528,129.38426436097632,136.7749392286728,105.78116982606254,110.49023974993231,113.71198326430324,116.96020653947802,126.31457548590319,132.5827824936693,136.43145660175273,136.92754749368484,133.02022280711014,133.63275137360554,134.52705627619915,117.01278621606495,118.69871652304685,120.65461733852804,123.31111089206811,126.63243065987126,128.9734785021846,117.35440019417219,122.08366493618018,127.41330563701547,52.08212501095913,62.74874819780028,68.51280575109556,72.56614395691629,80.22200173813519,85.88918906402692,91.63918331822134,100.24298634147607,105.42348957920093,110.57334545907888,112.2307570358147,113.86517872801814,119.34159345670814,122.00755752428684,124.99565459822323,118.46668909282708,126.3228442171089,127.41171191774518,119.4258863479665,120.7805964741229,123.90673129208514,122.40675798057372,126.27894239041235,105.12058685022495,106.5971243949125,107.46614413321515,113.07511386141753,114.31123302144869,117.2468675354848,86.02239350944454,88.57652867077043,91.39295750753696,96.01479910959434,99.51687962791257,104.1472569599985,106.81467834916891,114.87121203164575,106.85660841671391,109.33152128816558,110.0996663168945,100.14710523450071,105.6247546581186,109.16783812141156,112.32437851683243,113.76867019361136,114.84400144017232,95.08259788752153,96.42511306434447,97.16905526640053,97.73396587879863,100.43032879947529,102.79478603106142,91.02623744528836,94.58529813597626,87.46730244455706,89.92596301117442,85.12933841931975,66.33818573068645,67.4316249053379,73.01112289730308,78.66081720298203,60.17262234924483,62.33720172684143,63.335588736348534,50.684735462087424,51.60081679035474,55.67983922226169,63.24970269527097,22.965298735642406,27.96318718977983,30.22530257145246,32.84584946093946,35.81310728593547,37.8562737010862,39.07276373392658,40.68213193294134,46.272719826893116,50.95695359561133,56.6959754634909,61.14976508582376,59.81860932354969,21.224094029476348,27.365267370133644,32.963749560155776,35.459675387323216,37.19955634440269,43.0189425378578,47.099114584049,50.538943809780456,51.06329281706329,53.87269153070935,55.56766962490626,33.10801327213876,39.872095783414636,44.807877755721634,11.873139326020002,5.5524158705918305,0.0,3.0521110726839638,9.174856371975787,9.736465666770666,28.001424219346262,34.18352758308906,35.14701759341611,35.626465192221225,16.72435962949231,21.9147883208433,25.35513844837393,30.802236574899656,34.64318932128954,27.3557023074328,30.469651889555166,19.353934040198645,20.489888264628487,20.877559517109223,21.981586237800368,22.935453104821136,23.41651235273141,28.54846541051841,34.79415856660604,63.55100777238205
179,71.4971680966653,71.42915339237278,66.53992022141438,60.75841825393223,57.243143869193574,55.40436519844497,43.436725247310065,36.42060452428939,36.06124398110191,30.95891559104312,24.505157538559278,18.480222269197466,24.625106401546944,31.397883822959788,36.773494671970354,45.19353445809965,50.43559798308674,80.35603180347107,83.06372270163507,85.69579982816458,89.95541424733446,95.29587022037647,96.25107176978895,102.53598616856958,108.92462879139785,118.0717475477658,124.19265448689512,127.10734569692121,129.64018302454141,135.85973470072543,138.7467267893778,142.79215979400962,145.80798825517007,150.9025889061648,157.31391638290336,160.74207952316127,161.7117569037702,94.35228131378072,100.3472142575258,108.19934912646433,111.25711366939433,119.06893996034574,124.77113909752082,126.20874161560431,128.52959404520857,131.92560037618028,137.48796327336706,140.1654044025051,144.29987292941397,146.32985371750038,150.06275138553258,150.59326905724578,154.3781574307649,156.22005129307078,156.50477396515717,135.19131311764025,138.5243362198704,140.27017126362455,127.17729281403925,132.4363754336603,139.82705030135676,108.83328089874651,113.54235082261629,116.76409433698721,120.012317612162,129.36668655858716,135.63489356635324,139.48356767443667,139.97965856636878,136.07233387979412,136.68486244628951,137.57916734888312,120.06489728874892,121.75082759573083,123.70672841121201,126.36322196475209,129.68454173255523,132.02558957486858,120.40651126685616,125.13577600886416,130.46541670969944,55.1342360836431,65.80085927048425,71.56491682377953,75.61825502960026,83.27411281081916,88.9413001367109,94.69129439090531,103.29509741416004,108.4756006518849,113.62545653176285,115.28286810849868,116.91728980070211,122.39370452939211,125.05966859697081,128.0477656709072,121.51880016551105,129.37495528979287,130.46382299042915,122.47799742065047,123.83270754680687,126.95884236476911,125.45886905325769,129.3310534630963,108.17269792290892,109.64923546759647,110.51825520589912,116.1272249341015,117.36334409413266,120.29897860816877,89.07450458212851,91.6286397434544,94.44506858022093,99.0669101822783,102.56899070059654,107.19936803268247,109.86678942185289,117.92332310432973,109.90871948939788,112.38363236084955,113.15177738957847,103.19921630718468,108.67686573080258,112.21994919409553,115.3764895895164,116.82078126629533,117.89611251285629,98.1347089602055,99.47722413702844,100.2211663390845,100.7860769514826,103.48243987215926,105.84689710374539,94.07834851797233,97.63740920866023,90.51941351724103,92.97807408385839,88.18144949200372,69.39029680337042,70.48373597802187,76.06323396998705,81.712928275666,63.2247334219288,65.3893127995254,66.3876998090325,53.736846534771395,54.65292786303871,58.73195029494566,66.30181376795494,26.01740980832637,31.015298262463794,33.27741364413642,35.897960533623426,38.86521835861944,40.908384773770166,42.12487480661054,43.7342430056253,49.32483089957708,54.009064668295295,59.74808653617487,64.20187615850773,62.87072039623366,24.27620510216031,30.417378442817608,36.01586063283974,38.51178646000718,40.25166741708665,46.07105361054176,50.15122565673296,53.59105488246442,54.115403889747256,56.92480260339332,58.61978069759022,36.16012434482273,42.9242068560986,47.8599888284056,14.925250398703964,8.604526943275793,3.0521110726839638,0.0,6.122745299291823,6.6843545940867015,31.053535292030226,37.235638655773016,38.199128666100066,38.67857626490518,19.77647070217627,24.96689939352726,28.40724952105789,33.854347647583616,37.695300393973504,30.407813380116764,33.52176296223913,22.40604511288261,23.54199933731245,23.929670589793187,25.03369731048433,25.9875641775051,26.468623425415373,31.60057648320237,37.84626963929001,66.60311884506602
180,77.61991339595714,77.55189869166462,72.66266552070621,66.88116355322406,63.365889168485396,61.52711049773679,49.55947054660189,42.54334982358121,42.18398928039373,37.081660890334945,30.627902837851103,24.60296756848929,30.747851700838766,37.52062912225161,42.896239971262176,51.31627975739147,56.55834328237856,86.47877710276289,89.1864680009269,91.8185451274564,96.07815954662628,101.4186155196683,102.37381706908077,108.6587314678614,115.04737409068967,124.19449284705762,130.31539978618696,133.23009099621305,135.76292832383325,141.9824800000173,144.86947208866965,148.91490509330148,151.93073355446194,157.02533420545666,163.43666168219522,166.86482482245313,167.83450220306207,100.47502661307254,106.46995955681763,114.32209442575615,117.37985896868615,125.19168525963757,130.89388439681264,132.33148691489615,134.6523393445004,138.04834567547212,143.6107085726589,146.28814970179693,150.4226182287058,152.45259901679222,156.1854966848244,156.71601435653758,160.5009027300567,162.3427965923626,162.62751926444898,141.31405841693208,144.64708151916224,146.39291656291638,133.30003811333106,138.5591207329521,145.94979560064857,114.95602619803833,119.6650961219081,122.88683963627903,126.13506291145382,135.48943185787897,141.75763886564505,145.60631297372848,146.1024038656606,142.19507917908592,142.80760774558132,143.70191264817493,126.18764258804075,127.87357289502265,129.82947371050383,132.48596726404392,135.80728703184707,138.1483348741604,126.52925656614798,131.258521308156,136.58816200899128,61.256981382934924,71.92360456977607,77.68766212307135,81.74100032889208,89.39685811011098,95.06404543600271,100.81403969019713,109.41784271345186,114.59834595117673,119.74820183105467,121.4056134077905,123.04003509999393,128.51644982868393,131.18241389626263,134.17051097019902,127.64154546480287,135.49770058908467,136.58656828972096,128.60074271994228,129.9554528460987,133.08158766406092,131.5816143525495,135.45379876238815,114.29544322220075,115.77198076688829,116.64100050519095,122.24997023339333,123.48608939342448,126.42172390746059,95.19724988142033,97.75138504274622,100.56781387951276,105.18965548157013,108.69173599988837,113.3221133319743,115.98953472114471,124.04606840362155,116.0314647886897,118.50637766014137,119.27452268887029,109.32196160647652,114.79961103009441,118.34269449338737,121.49923488880823,122.94352656558716,124.01885781214813,104.25745425949732,105.59996943632027,106.34391163837633,106.90882225077442,109.60518517145108,111.96964240303721,100.20109381726415,103.76015450795205,96.64215881653286,99.10081938315021,94.30419479129554,75.51304210266224,76.60648127731369,82.18597926927887,87.83567357495782,69.34747872122063,71.51205809881722,72.51044510832432,59.85959183406322,60.775673162330534,64.85469559423748,72.42455906724676,32.14015510761819,37.138043561755616,39.400158943428245,42.02070583291525,44.98796365791126,47.03113007306199,48.247620105902364,49.856988304917124,55.4475761988689,60.13180996758712,65.87083183546669,70.32462145779955,68.99346569552549,30.398950401452137,36.54012374210943,42.13860593213156,44.634531759299,46.37441271637847,52.19379890983358,56.27397095602478,59.71380018175624,60.23814918903908,63.04754790268514,64.74252599688204,42.28286964411455,49.04695215539042,53.98273412769742,21.047995697995788,14.727272242567619,9.174856371975787,6.122745299291823,0.0,0.5616092947948784,37.17628059132205,43.35838395506484,44.32187396539189,44.801321564197,25.899216001468094,31.089644692819085,34.529994820349714,39.977092946875445,43.81804569326533,36.530558679408585,39.64450826153095,28.52879041217443,29.664744636604272,30.052415889085008,31.156442609776153,32.11030947679692,32.591368724707195,37.723321782494196,43.96901493858183,72.72586414435784
181,78.18152269075202,78.1135079864595,73.22427481550109,67.44277284801893,63.92749846328027,62.08871979253167,50.121079841396764,43.10495911837609,42.74559857518861,37.64327018512982,31.18951213264598,25.164576863284168,31.309460995633643,38.08223841704649,43.45784926605705,51.87788905218635,57.119952577173436,87.04038639755777,89.74807729572177,92.38015442225128,96.63976884142116,101.98022481446317,102.93542636387565,109.22034076265628,115.60898338548455,124.7561021418525,130.87700908098182,133.7917002910079,136.3245376186281,142.54408929481212,145.4310813834645,149.47651438809632,152.49234284925677,157.5869435002515,163.99827097699006,167.42643411724796,168.3961114978569,101.03663590786742,107.0315688516125,114.88370372055103,117.94146826348103,125.75329455443244,131.4554936916075,132.893096209691,135.21394863929527,138.60995497026698,144.17231786745376,146.8497589965918,150.98422752350066,153.01420831158708,156.74710597961928,157.27762365133248,161.0625120248516,162.90440588715748,163.18912855924387,141.87566771172695,145.2086908139571,146.95452585771125,133.86164740812595,139.120730027747,146.51140489544346,115.51763549283321,120.22670541670298,123.44844893107391,126.69667220624869,136.05104115267386,142.31924816043994,146.16792226852337,146.66401316045548,142.7566884738808,143.3692170403762,144.26352194296982,126.74925188283562,128.4351821898175,130.3910830052987,133.04757655883878,136.36889632664193,138.70994416895527,127.09086586094286,131.82013060295085,137.14977130378614,61.8185906777298,72.48521386457095,78.24927141786623,82.30260962368696,89.95846740490586,95.62565473079759,101.37564898499201,109.97945200824674,115.1599552459716,120.30981112584955,121.96722270258537,123.6016443947888,129.0780591234788,131.7440231910575,134.73212026499388,128.20315475959774,136.05930988387954,137.14817758451582,129.16235201473717,130.5170621408936,133.6431969588558,132.1432236473444,136.01540805718304,114.85705251699562,116.33359006168317,117.20260979998582,122.8115795281882,124.04769868821936,126.98333320225547,95.75885917621521,98.3129943375411,101.12942317430763,105.751264776365,109.25334529468324,113.88372262676917,116.55114401593958,124.60767769841642,116.59307408348458,119.06798695493625,119.83613198366517,109.88357090127138,115.36122032488927,118.90430378818223,122.0608441836031,123.50513586038203,124.58046710694299,104.8190635542922,106.16157873111514,106.9055209331712,107.4704315455693,110.16679446624596,112.53125169783209,100.76270311205903,104.32176380274693,97.20376811132773,99.66242867794509,94.86580408609042,76.07465139745712,77.16809057210857,82.74758856407375,88.3972828697527,69.9090880160155,72.0736673936121,73.0720544031192,60.421201128858094,61.33728245712541,65.41630488903236,72.98616836204164,32.70176440241307,37.69965285655049,39.96176823822312,42.582315127710125,45.549572952706136,47.592739367856865,48.80922940069724,50.418597599712,56.00918549366378,60.693419262381994,66.43244113026157,70.88623075259443,69.55507499032035,30.960559696247014,37.10173303690431,42.70021522692644,45.19614105409388,46.93602201117335,52.75540820462846,56.83558025081966,60.27540947655112,60.799758483833955,63.609157197480016,65.30413529167691,42.844478938909425,49.6085614501853,54.5443434224923,21.609604992790665,15.288881537362496,9.736465666770666,6.6843545940867015,0.5616092947948784,0.0,37.737889886116925,43.919993249859715,44.883483260186765,45.36293085899188,26.46082529626297,31.651253987613963,35.09160411514459,40.53870224167032,44.37965498806021,37.09216797420346,40.20611755632583,29.090399706969308,30.22635393139915,30.614025183879885,31.71805190457103,32.6719187715918,33.15297801950207,38.28493107728907,44.530624233376706,73.28747343915272
182,65.59025885030059,65.52224414600806,60.63301097504966,54.85150900756751,51.336234622828854,49.49745595208025,37.529816000945345,30.513695277924676,30.154334734737198,25.05200634467841,18.59824829219457,12.573313022832757,6.428428890483281,13.201206311896126,18.57681716090669,26.996856947035983,32.238920472023075,62.159354292407414,64.86704519057142,67.49912231710093,71.7587367362708,77.09919270931282,78.0543942587253,84.33930865750592,90.7279512803342,99.87507003670214,105.99597697583147,108.91066818585756,111.44350551347777,117.6630571896618,120.55004927831416,124.59548228294598,127.61131074410643,132.70591139510117,139.11723887183973,142.54540201209764,143.51507939270658,76.15560380271707,82.15053674646215,90.00267161540067,93.06043615833067,100.87226244928209,106.57446158645716,108.01206410454066,110.33291653414491,113.72892286511664,119.29128576230342,121.96872689144146,126.10319541835034,128.13317620643676,131.86607387446895,132.39659154618215,136.18147991970127,138.02337378200716,138.30809645409354,116.99463560657661,120.32765870880678,122.07349375256092,108.9806153029756,114.23969792259663,121.63037279029311,90.63660338768285,95.34567331155263,98.56741682592356,101.81564010109834,111.17000904752351,117.4382160552896,121.28689016337303,121.78298105530514,117.87565636873046,118.48818493522587,119.38248983781948,101.86821977768527,103.55415008466717,105.51005090014836,108.16654445368843,111.48786422149158,113.82891206380494,102.2098337557925,106.9390984978005,112.26873919863579,36.93755857257944,47.60418175942059,53.368239312715865,57.421577518536594,65.07743529975549,70.74462262564722,76.49461687984164,85.09841990309637,90.27892314082123,95.42877902069918,97.086190597435,98.72061228963844,104.19702701832844,106.86299108590714,109.85108815984353,103.3221226544474,111.17827777872921,112.2671454793655,104.28131990958681,105.63603003574322,108.76216485370546,107.26219154219402,111.13437595203266,89.97602041184527,91.45255795653281,92.32157769483547,97.93054742303785,99.166666583069,102.10230109710511,70.87782707106484,73.43196223239073,76.24839106915726,80.87023267121464,84.37231318953287,89.0026905216188,91.67011191078922,99.72664559326606,91.71204197833423,94.18695484978589,94.95509987851482,85.00253879612103,90.48018821973892,94.02327168303188,97.17981207845274,98.62410375523167,99.69943500179264,79.93803144914185,81.28054662596479,82.02448882802085,82.58939944041894,85.2857623610956,87.65021959268174,75.88167100690868,79.44073169759658,72.32273600617737,74.78139657279472,69.98477198094007,51.193619292306764,52.287058466958214,57.8665564589234,63.51625076460235,45.02805591086514,47.19263528846174,48.19102229796884,35.54016902370773,36.45625035197505,40.535272783882,48.10513625689128,20.11050056196166,25.108389016099082,27.37050439777171,29.991051287258713,32.958309112254724,35.001475527405454,36.21796556024583,37.82733375926059,43.41792165321237,48.10215542193058,53.841177289810155,58.29496691214301,44.674042885169996,18.369295855795603,24.510469196452895,30.108951386475027,32.60487721364247,34.34475817072194,40.16414436417705,44.24431641036825,47.68414563609971,48.208494643382544,51.017893357028605,52.71287145122551,30.253215098458014,37.01729760973389,41.953079582040885,16.12828489332626,22.449008348754433,28.001424219346262,31.053535292030226,37.17628059132205,37.737889886116925,0.0,6.182103363742794,7.145593374069842,7.625040972874958,13.869561455811562,19.05999014716255,22.50034027469318,27.947438401218907,31.788391147608795,12.211135869053098,15.325085451175465,16.499135866517896,17.635090090947738,18.022761343428474,19.12678806411962,20.080654931140387,20.56171417905066,25.693667236837662,31.939360392925295,60.6962095987013
183,71.77236221404338,71.70434750975086,66.81511433879245,61.033612371310305,57.51833798657165,55.67955931582305,43.71191936468814,36.69579864166747,36.336438098479995,31.234109708421208,24.780351655937366,18.755416386575554,12.610532254226076,19.38330967563892,24.758920524649483,33.17896031077878,38.421023835765865,68.3414576561502,71.0491485543142,73.68122568084371,77.94084010001359,83.2812960730556,84.23649762246808,90.52141202124871,96.91005464407698,106.05717340044492,112.17808033957425,115.09277154960034,117.62560887722056,123.84516055340458,126.73215264205695,130.77758564668878,133.79341410784923,138.88801475884395,145.29934223558251,148.72750537584042,149.69718275644937,82.33770716645985,88.33264011020493,96.18477497914346,99.24253952207346,107.05436581302487,112.75656495019994,114.19416746828344,116.5150198978877,119.91102622885943,125.4733891260462,128.15083025518425,132.28529878209312,134.31527957017954,138.04817723821174,138.57869490992493,142.36358328344406,144.20547714574994,144.49019981783633,123.17673897031939,126.50976207254956,128.2555971163037,115.16271866671838,120.42180128633942,127.81247615403589,96.81870675142564,101.52777667529541,104.74952018966634,107.99774346484112,117.35211241126629,123.62031941903238,127.46899352711581,127.96508441904793,124.05775973247324,124.67028829896866,125.56459320156226,108.05032314142805,109.73625344840995,111.69215426389114,114.34864781743121,117.66996758523436,120.01101542754772,108.39193711953529,113.12120186154328,118.45084256237857,43.11966193632223,53.78628512316338,59.550342676458655,63.603680882279384,71.25953866349829,76.92672598939002,82.67672024358444,91.28052326683917,96.46102650456403,101.61088238444198,103.2682939611778,104.90271565338124,110.37913038207124,113.04509444964994,116.03319152358632,109.50422601819018,117.360381142472,118.44924884310828,110.4634232733296,111.818133399486,114.94426821744824,113.44429490593681,117.31647931577545,96.15812377558805,97.6346613202756,98.50368105857825,104.11265078678063,105.34876994681179,108.2844044608479,77.05993043480764,79.61406559613353,82.43049443290006,87.05233603495743,90.55441655327567,95.1847938853616,97.85221527453201,105.90874895700885,97.89414534207701,100.36905821352867,101.1372032422576,91.18464215986381,96.6622915834817,100.20537504677466,103.36191544219552,104.80620711897446,105.88153836553542,86.12013481288463,87.46264998970757,88.20659219176363,88.77150280416173,91.46786572483839,93.83232295642452,82.06377437065146,85.62283506133936,78.50483936992016,80.96349993653752,76.16687534468285,57.375722656049554,58.469161830701005,64.04865982266618,69.69835412834513,51.21015927460793,53.37473865220453,54.37312566171163,41.72227238745052,42.63835371571784,46.71737614762479,54.28723962063407,26.29260392570446,31.29049237984188,33.55260776151451,36.17315465100151,39.14041247599752,41.18357889114825,42.40006892398863,44.00943712300339,49.600025016955165,54.28425878567338,60.02328065355295,64.47707027588581,50.856146248912786,24.5513992195384,30.692572560195693,36.291054750217825,38.786980577385265,40.526861534464736,46.346247727919845,50.42641977411105,53.866248999842504,54.39059800712534,57.1999967207714,58.89497481496831,36.43531846220081,43.199400973476685,48.13518294578368,22.310388257069057,28.63111171249723,34.18352758308906,37.23563865577302,43.358383955064845,43.91999324985972,6.182103363742794,0.0,0.9634900103270481,1.442937609132164,20.051664819554357,25.24209351090535,28.682443638435977,34.1295417649617,37.97049451135159,18.393239232795892,21.50718881491826,22.681239230260694,23.817193454690536,24.20486470717127,25.308891427862417,26.262758294883184,26.743817542793458,31.87577060058046,38.12146375666809,66.8783129624441
184,72.73585222437043,72.66783752007791,67.7786043491195,61.997102381637355,58.4818279968987,56.6430493261501,44.67540937501519,37.659288651994515,37.29992810880704,32.19759971874825,25.74384166626441,19.718906396902597,13.574022264553122,20.346799685965966,25.72241053497653,34.14245032110583,39.384513846092915,69.30494766647725,72.01263856464125,74.64471569117076,78.90433011034064,84.24478608338265,85.19998763279513,91.48490203157576,97.87354465440403,107.02066341077197,113.1415703499013,116.05626155992739,118.5890988875476,124.80865056373163,127.695642652384,131.7410756570158,134.75690411817627,139.851504769171,146.26283224590955,149.69099538616746,150.6606727667764,83.3011971767869,89.29613012053198,97.1482649894705,100.2060295324005,108.01785582335192,113.720054960527,115.15765747861049,117.47850990821475,120.87451623918648,126.43687913637325,129.11432026551128,133.24878879242016,135.27876958050658,139.01166724853874,139.54218492025194,143.32707329377106,145.16896715607695,145.45368982816333,124.14022898064644,127.47325208287661,129.21908712663074,116.12620867704541,121.38529129666645,128.77596616436293,97.78219676175269,102.49126668562246,105.71301019999339,108.96123347516817,118.31560242159334,124.58380942935943,128.43248353744286,128.92857442937498,125.0212497428003,125.6337783092957,126.52808321188931,109.0138131517551,110.699743458737,112.65564427421819,115.31213782775826,118.63345759556142,120.97450543787478,109.35542712986233,114.08469187187033,119.41433257270562,44.08315194664928,54.74977513349043,60.513832686785705,64.56717089260644,72.22302867382534,77.89021599971707,83.64021025391149,92.24401327716622,97.42451651489108,102.57437239476903,104.23178397150485,105.86620566370829,111.34262039239829,114.00858445997699,116.99668153391337,110.46771602851723,118.32387115279904,119.41273885343533,111.42691328365665,112.78162340981305,115.90775822777529,114.40778491626386,118.2799693261025,97.1216137859151,98.59815133060265,99.4671710689053,105.07614079710768,106.31225995713883,109.24789447117494,78.02342044513469,80.57755560646058,83.39398444322711,88.01582604528448,91.51790656360272,96.14828389568865,98.81570528485906,106.8722389673359,98.85763535240406,101.33254822385572,102.10069325258465,92.14813217019088,97.62578159380877,101.16886505710173,104.32540545252259,105.76969712930152,106.84502837586248,87.08362482321168,88.42614000003462,89.17008220209068,89.73499281448878,92.43135573516544,94.79581296675157,83.02726438097851,86.58632507166641,79.46832938024721,81.92698994686457,77.1303653550099,58.3392126663766,59.432651841028054,65.01214983299323,70.66184413867218,52.17364928493498,54.33822866253158,55.33661567203868,42.68576239777757,43.60184372604489,47.68086615795184,55.25072963096112,27.2560939360315,32.25398239016892,34.51609777184155,37.13664466132855,40.103902486324564,42.14706890147529,43.36355893431567,44.97292713333043,50.56351502728221,55.24774879600042,60.986770663879994,65.44056028621286,51.819636259239836,25.514889229865442,31.656062570522735,37.25454476054487,39.75047058771231,41.49035154479178,47.30973773824689,51.38990978443809,54.82973901016955,55.35408801745238,58.163486731098445,59.85846482529535,37.398808472527854,44.16289098380373,49.098672956110725,23.2738782673961,29.594601722824272,35.1470175934161,38.199128666100066,44.32187396539189,44.883483260186765,7.145593374069842,0.9634900103270481,0.0,0.4794475988051159,21.0151548298814,26.20558352123239,29.64593364876302,35.09303177528875,38.93398452167864,19.356729243122942,22.470678825245308,23.644729240587736,24.780683465017578,25.168354717498314,26.27238143818946,27.226248305210227,27.7073075531205,32.8392606109075,39.084953766995135,67.84180297277115
185,73.21529982317554,73.14728511888302,68.25805194792461,62.47654998044246,58.96127559570381,57.12249692495521,45.1548569738203,38.13873625079963,37.779375707612154,32.67704731755337,26.223289265069525,20.198353995707713,14.053469863358238,20.826247284771082,26.201858133781645,34.621897919910936,39.863961444898024,69.78439526528236,72.49208616344636,75.12416328997587,79.38377770914575,84.72423368218776,85.67943523160024,91.96434963038087,98.35299225320914,107.50011100957708,113.62101794870641,116.5357091587325,119.06854648635272,125.28809816253674,128.17509025118912,132.22052325582095,135.2363517169814,140.33095236797612,146.7422798447147,150.1704429849726,151.14012036558154,83.78064477559201,89.7755777193371,97.62771258827561,100.68547713120562,108.49730342215703,114.1995025593321,115.6371050774156,117.95795750701986,121.35396383799159,126.91632673517836,129.5937678643164,133.72823639122527,135.75821717931169,139.49111484734385,140.02163251905705,143.80652089257617,145.64841475488205,145.93313742696844,124.61967657945155,127.95269968168172,129.69853472543585,116.60565627585052,121.86473889547156,129.25541376316804,98.2616443605578,102.97071428442757,106.1924577987985,109.44068107397328,118.79505002039845,125.06325702816454,128.91193113624797,129.40802202818008,125.5006973416054,126.11322590810082,127.00753081069442,109.49326075056021,111.17919105754211,113.1350918730233,115.79158542656337,119.11290519436653,121.45395303667989,109.83487472866744,114.56413947067544,119.89378017151073,44.56259954545439,55.22922273229554,60.993280285590814,65.04661849141155,72.70247627263045,78.36966359852218,84.1196578527166,92.72346087597133,97.90396411369619,103.05381999357414,104.71123157030996,106.3456532625134,111.8220679912034,114.4880320587821,117.47612913271848,110.94716362732234,118.80331875160415,119.89218645224044,111.90636088246175,113.26107100861816,116.3872058265804,114.88723251506897,118.75941692490761,97.60106138472021,99.07759892940776,99.94661866771041,105.55558839591279,106.79170755594394,109.72734206998005,78.5028680439398,81.05700320526569,83.87343204203222,88.4952736440896,91.99735416240783,96.62773149449376,99.29515288366417,107.35168656614101,99.33708295120917,101.81199582266083,102.58014085138976,92.62757976899599,98.10522919261388,101.64831265590684,104.8048530513277,106.24914472810663,107.32447597466759,87.56307242201679,88.90558759883973,89.64952980089579,90.21444041329389,92.91080333397055,95.27526056555668,83.50671197978362,87.06577267047152,79.94777697905232,82.40643754566968,77.60981295381501,58.81866026518171,59.91209943983316,65.49159743179834,71.14129173747729,52.65309688374009,54.817676261336686,55.81606327084379,43.16520999658268,44.08129132485,48.16031375675695,55.73017722976623,27.735541534836617,32.73342998897404,34.99554537064667,37.61609226013367,40.58335008512968,42.62651650028041,43.843006533120786,45.452374732135546,51.04296262608732,55.72719639480554,61.46621826268511,65.92000788501797,52.299083858044945,25.99433682867056,32.13551016932785,37.73399235934998,40.22991818651742,41.969799143596894,47.789185337052004,51.869357383243205,55.30918660897466,55.8335356162575,58.64293432990356,60.337912424100466,37.87825607133297,44.64233858260884,49.57812055491584,23.753325866201216,30.07404932162939,35.62646519222122,38.67857626490518,44.801321564197,45.36293085899188,7.625040972874958,1.442937609132164,0.4794475988051159,0.0,21.494602428686516,26.685031120037507,30.125381247568136,35.57247937409386,39.41343212048375,19.836176841928058,22.950126424050424,24.124176839392852,25.260131063822694,25.64780231630343,26.751829036994575,27.705695904015343,28.186755151925617,33.31870820971262,39.56440136580025,68.32125057157626
186,54.313194260446636,54.24517955615411,49.355946385195715,43.574444417713565,40.05917003297491,38.22039136222631,26.2527514110914,19.236630688070726,18.877270144883248,13.774941754824459,7.321183702340617,1.2962484329788044,7.441132565328281,14.213909986741125,19.58952083575169,28.009560621880983,33.251624146868075,63.172057967252414,65.87974886541642,68.51182599194593,72.7714404111158,78.11189638415782,79.0670979335703,85.35201233235092,91.7406549551792,100.88777371154714,107.00868065067647,109.92337186070256,112.45620918832277,118.6757608645068,121.56275295315916,125.60818595779098,128.62401441895142,133.71861506994614,140.1299425466847,143.5581056869426,144.52778306755155,77.16830747756207,83.16324042130715,91.01537529024567,94.07313983317567,101.88496612412709,107.58716526130216,109.02476777938566,111.34562020898991,114.74162653996164,120.30398943714842,122.98143056628646,127.11589909319534,129.14587988128176,132.87877754931395,133.40929522102715,137.19418359454627,139.03607745685215,139.32080012893854,118.00733928142161,121.34036238365178,123.08619742740592,109.99331897782059,115.25240159744163,122.64307646513811,91.64930706252785,96.35837698639763,99.58012050076856,102.82834377594334,112.1827127223685,118.4509197301346,122.29959383821803,122.79568473015014,118.88836004357546,119.50088861007087,120.39519351266448,102.88092345253027,104.56685375951217,106.52275457499336,109.17924812853343,112.50056789633658,114.84161573864993,103.2225374306375,107.9518021726455,113.28144287348078,37.95026224742444,48.61688543426559,54.380942987560864,58.434281193381594,66.09013897460049,71.75732630049222,77.50732055468664,86.11112357794137,91.29162681566623,96.44148269554418,98.09889427228,99.73331596448344,105.20973069317344,107.87569476075214,110.86379183468853,104.3348263292924,112.19098145357421,113.2798491542105,105.29402358443181,106.64873371058822,109.77486852855046,108.27489521703902,112.14707962687766,90.98872408669027,92.46526163137781,93.33428136968047,98.94325109788285,100.179370257914,103.11500477195011,71.89053074590984,74.44466590723573,77.26109474400226,81.88293634605964,85.38501686437787,90.0153941964638,92.68281558563422,100.73934926811106,92.72474565317923,95.19965852463089,95.96780355335981,86.01524247096603,91.49289189458392,95.03597535787688,98.19251575329774,99.63680743007667,100.71213867663764,80.95073512398685,82.29325030080979,83.03719250286585,83.60210311526394,86.2984660359406,88.66292326752674,76.89437468175367,80.45343537244158,73.33543968102236,75.79410024763972,70.99747565578507,52.20632296715176,53.299762141803214,58.8792601337684,64.52895443944735,46.04075958571014,48.20533896330674,49.20372597281384,36.55287269855273,37.46895402682005,41.547976458727,49.11783993173628,8.833435972107708,13.83132442624513,16.093439807917758,18.71398669740476,21.68124452240077,23.7244109375515,24.940900970391873,26.55026916940663,32.14085706335841,36.825090832076626,42.5641126999562,47.01790232228906,45.686746560014996,7.09223126594165,13.233404606598945,18.831886796621077,21.327812623788517,23.067693580867992,28.8870797743231,32.9672518205143,36.40708104624576,36.931430053528594,39.740828767174655,41.43580686137156,18.976150508604064,25.740233019879934,30.676014992186932,4.8512203034723065,11.171943758900477,16.72435962949231,19.776470702176272,25.899216001468098,26.460825296262975,13.869561455811562,20.051664819554354,21.015154829881403,21.49460242868652,0.0,5.190428691350991,8.63077881888162,14.077876945407347,17.918829691797235,13.223839543898098,16.337789126020464,5.222071276663946,6.3580255010937865,6.745696753574524,7.849723474265669,8.803590341286437,9.284649589196711,14.416602646983709,20.662295803071345,49.41914500884736
187,59.503622951797624,59.4356082475051,54.5463750765467,48.76487310906455,45.2495987243259,43.4108200535773,31.443180102442387,24.427059379421713,24.067698836234236,18.96537044617545,12.511612393691609,6.486677124329796,12.631561256679273,19.404338678092117,24.77994952710268,33.199989313231974,38.44205283821907,68.3624866586034,71.0701775567674,73.70225468329691,77.96186910246679,83.3023250755088,84.25752662492128,90.54244102370191,96.93108364653018,106.07820240289813,112.19910934202746,115.11380055205355,117.64663787967376,123.86618955585779,126.75318164451015,130.79861464914197,133.81444311030242,138.90904376129714,145.3203712380357,148.7485343782936,149.71821175890256,82.35873616891305,88.35366911265814,96.20580398159666,99.26356852452666,107.07539481547808,112.77759395265315,114.21519647073664,116.5360489003409,119.93205523131263,125.4944181284994,128.17185925763744,132.3063277845463,134.33630857263273,138.06920624066493,138.59972391237812,142.38461228589725,144.22650614820313,144.51122882028952,123.1977679727726,126.53079107500277,128.2766261187569,115.18374766917157,120.4428302887926,127.83350515648908,96.83973575387884,101.54880567774862,104.77054919211955,108.01877246729433,117.3731414137195,123.64134842148559,127.49002252956902,127.98611342150113,124.07878873492645,124.69131730142186,125.58562220401546,108.07135214388126,109.75728245086316,111.71318326634434,114.36967681988442,117.69099658768758,120.03204443000094,108.41296612198849,113.14223086399649,118.47187156483177,43.140690938775435,53.807314125616585,59.57137167891186,63.62470988473259,71.2805676659515,76.94775499184323,82.69774924603765,91.30155226929237,96.48205550701724,101.63191138689518,103.28932296363101,104.92374465583444,110.40015938452444,113.06612345210314,116.05422052603953,109.52525502064339,117.3814101449252,118.47027784556148,110.4844522757828,111.8391624019392,114.96529721990144,113.46532390839002,117.33750831822866,96.17915277804126,97.6556903227288,98.52471006103146,104.13367978923384,105.36979894926499,108.3054334633011,77.08095943726084,79.63509459858673,82.45152343535327,87.07336503741064,90.57544555572888,95.2058228878148,97.87324427698522,105.92977795946206,97.91517434453021,100.39008721598188,101.1582322447108,91.20567116231703,96.68332058593492,100.22640404922788,103.38294444464874,104.82723612142767,105.90256736798864,86.14116381533783,87.48367899216078,88.22762119421684,88.79253180661493,91.4888947272916,93.85335195887772,82.08480337310466,85.64386406379256,78.52586837237337,80.98452893899072,76.18790434713605,57.39675165850276,58.49019083315421,64.06968882511939,69.71938313079833,51.231188277061136,53.39576765465773,54.39415466416484,41.74330138990373,42.659382718171045,46.738405150077995,54.30826862308727,14.0238646634587,19.02175311759612,21.28386849926875,23.90441538875575,26.871673213751762,28.91483962890249,30.131329661742864,31.74069786075762,37.3312857547094,42.01551952342761,47.754541391307185,52.20833101364005,50.87717525136599,12.28265995729264,18.423833297949933,24.022315487972065,26.518241315139505,28.25812227221898,34.077508465674086,38.15768051186529,41.597509737596745,42.12185874487958,44.93125745852564,46.62623555272255,24.166579199955052,30.930661711230922,35.86644368353792,10.041648994823298,16.36237245025147,21.9147883208433,24.966899393527264,31.089644692819085,31.651253987613963,19.059990147162555,25.24209351090535,26.2055835212324,26.685031120037515,5.190428691350991,0.0,3.4403501275306287,8.887448254056356,12.728401000446244,18.41426823524909,21.528217817371456,10.412499968014938,11.548454192444778,11.936125444925516,13.04015216561666,13.994019032637429,14.475078280547702,19.6070313383347,25.852724494422333,54.60957370019835
188,62.94397307932825,62.87595837503573,57.98672520407733,52.20522323659518,48.68994885185653,46.851170181107925,34.88353022997302,27.86740950695235,27.50804896376487,22.40572057370608,15.951962521222239,9.927027251860425,16.0719113842099,22.844688805622745,28.22029965463331,36.6403394407626,41.88240296574969,71.80283678613402,74.51052768429803,77.14260481082754,81.40221922999741,86.74267520303943,87.6978767524519,93.98279115123253,100.3714337740608,109.51855253042875,115.63945946955808,118.55415067958417,121.08698800720438,127.30653968338841,130.19353177204079,134.23896477667262,137.25479323783307,142.3493938888278,148.76072136556635,152.18888450582426,153.1585618864332,85.79908629644368,91.79401924018876,99.64615410912728,102.70391865205728,110.5157449430087,116.21794408018377,117.65554659826726,119.97639902787152,123.37240535884325,128.93476825603003,131.61220938516806,135.74667791207693,137.77665870016335,141.50955636819555,142.04007403990875,145.82496241342787,147.66685627573375,147.95157894782014,126.63811810030322,129.97114120253337,131.71697624628752,118.62409779670219,123.88318041632323,131.2738552840197,100.28008588140946,104.98915580527924,108.21089931965017,111.45912259482495,120.81349154125012,127.08169854901621,130.93037265709964,131.42646354903175,127.51913886245707,128.13166742895248,129.0259723315461,111.51170227141188,113.19763257839378,115.15353339387497,117.81002694741504,121.1313467152182,123.47239455753156,111.85331624951911,116.58258099152711,121.9122216923624,46.58104106630606,57.24766425314721,63.01172180644248,67.06506001226322,74.72091779348212,80.38810511937385,86.13809937356827,94.741902396823,99.92240563454786,105.0722615144258,106.72967309116163,108.36409478336506,113.84050951205506,116.50647357963376,119.49457065357015,112.965605148174,120.82176027245582,121.9106279730921,113.92480240331342,115.27951252946983,118.40564734743207,116.90567403592064,120.77785844575928,99.61950290557188,101.09604045025942,101.96506018856208,107.57402991676446,108.81014907679561,111.74578359083172,80.52130956479147,83.07544472611735,85.89187356288389,90.51371516494126,94.0157956832595,98.64617301534543,101.31359440451584,109.37012808699268,101.35552447206084,103.8304373435125,104.59858237224142,94.64602128984765,100.12367071346554,103.6667541767585,106.82329457217936,108.2675862489583,109.34291749551926,89.58151394286845,90.9240291196914,91.66797132174746,92.23288193414555,94.92924485482222,97.29370208640835,85.52515350063528,89.08421419132318,81.96621849990399,84.42487906652134,79.62825447466668,60.83710178603338,61.93054096068483,67.51003895265,73.15973325832896,54.67153840459176,56.83611778218835,57.83450479169546,45.18365151743435,46.099732845701666,50.178755277608616,57.748618750617894,17.464214790989327,22.462103245126748,24.724218626799377,27.34476551628638,30.31202334128239,32.35518975643312,33.571679789273496,35.181047988288256,40.771635882240034,45.45586965095825,51.19489151883782,55.648681141170684,54.31752537889661,15.72301008482327,21.864183425480565,27.4626656155027,29.95859144267014,31.698472399749615,37.51785859320472,41.59803063939592,45.03785986512738,45.56220887241022,48.37160758605628,50.06658568025318,27.606929327485684,34.371011838761554,39.30679381106855,13.481999122353926,19.8027225777821,25.35513844837393,28.407249521057892,34.529994820349714,35.09160411514459,22.500340274693183,28.682443638435977,29.645933648763027,30.125381247568143,8.63077881888162,3.4403501275306287,0.0,5.447098126525727,9.288050872915615,21.854618362779718,24.968567944902084,13.852850095545566,14.988804319975406,15.376475572456144,16.48050229314729,17.434369160168057,17.91542840807833,23.04738146586533,29.293074621952968,58.049923827728975
189,68.39107120585399,68.32305650156147,63.43382333060306,57.65232136312091,54.13704697838226,52.298268307633656,40.33062835649875,33.31450763347807,32.955147090290595,27.852818700231808,21.399060647747966,15.374125378386152,21.51900951073563,28.291786932148472,33.66739778115904,42.08743756728833,47.32950109227542,77.24993491265975,79.95762581082376,82.58970293735327,86.84931735652314,92.18977332956516,93.14497487897764,99.42988927775826,105.81853190058654,114.96565065695448,121.08655759608381,124.0012488061099,126.53408613373011,132.75363780991415,135.64062989856652,139.68606290319835,142.7018913643588,147.79649201535352,154.20781949209209,157.63598263235,158.60566001295894,91.2461844229694,97.24111736671449,105.09325223565301,108.15101677858301,115.96284306953443,121.6650422067095,123.102644724793,125.42349715439725,128.81950348536898,134.38186638255576,137.0593075116938,141.19377603860266,143.22375682668908,146.95665449472125,147.48717216643445,151.27206053995357,153.11395440225945,153.39867707434584,132.08521622682895,135.4182393290591,137.16407437281325,124.07119592322792,129.33027854284896,136.72095341054543,105.7271840079352,110.43625393180497,113.6579974461759,116.90622072135068,126.26058966777585,132.52879667554194,136.37747078362537,136.87356167555748,132.96623698898279,133.57876555547818,134.4730704580718,116.95880039793761,118.64473070491951,120.6006315204007,123.25712507394077,126.57844484174393,128.91949268405727,117.30041437604484,122.02967911805284,127.35931981888812,52.02813919283179,62.69476237967294,68.45881993296821,72.51215813878895,80.16801592000785,85.83520324589958,91.585197500094,100.18900052334872,105.36950376107359,110.51935964095154,112.17677121768736,113.81119290989079,119.2876076385808,121.9535717061595,124.94166878009588,118.41270327469974,126.26885839898155,127.35772609961784,119.37190052983915,120.72661065599556,123.8527454739578,122.35277216244637,126.22495657228501,105.06660103209761,106.54313857678515,107.41215831508781,113.02112804329019,114.25724720332134,117.19288171735745,85.9684076913172,88.52254285264308,91.33897168940962,95.96081329146699,99.46289380978523,104.09327114187116,106.76069253104157,114.81722621351841,106.80262259858657,109.27753547003823,110.04568049876715,100.09311941637338,105.57076883999127,109.11385230328423,112.2703926987051,113.71468437548403,114.79001562204499,95.02861206939419,96.37112724621713,97.11506944827319,97.67998006067128,100.37634298134795,102.74080021293408,90.97225162716101,94.53131231784891,87.41331662642972,89.87197719304707,85.0753526011924,66.2841999125591,67.37763908721055,72.95713707917574,78.60683138485469,60.11863653111749,62.283215908714084,63.28160291822119,50.63074964396008,51.5468309722274,55.62585340413435,63.195716877143624,22.911312917515055,27.90920137165248,30.171316753325108,32.79186364281211,35.75912146780812,37.80228788295885,39.01877791579923,40.62814611481399,46.218734008765765,50.90296777748398,56.64198964536355,61.095779267696415,59.76462350542234,21.170108211348996,27.311281552006292,32.909763742028424,35.405689569195864,37.145570526275336,42.964956719730445,47.045128765921646,50.484957991653104,51.00930699893594,53.818705712582,55.51368380677891,33.05402745401141,39.818109965287285,44.75389193759428,18.929097248879653,25.249820704307822,30.802236574899652,33.854347647583616,39.97709294687544,40.538702241670315,27.94743840121891,34.1295417649617,35.09303177528875,35.57247937409387,14.077876945407347,8.887448254056356,5.447098126525727,0.0,3.8409527463898883,27.30171648930545,30.415666071427815,19.299948222071293,20.435902446501135,20.82357369898187,21.927600419673016,22.881467286693784,23.362526534604058,28.49447959239106,34.74017274847869,63.497021954254706
190,72.23202395224388,72.16400924795136,67.27477607699295,61.4932741095108,57.97799972477215,56.139221054023544,44.17158110288864,37.15546037986796,36.79609983668048,31.693771446621692,25.24001339413785,19.21507812477604,25.359962257125517,32.132739678538364,37.50835052754893,45.92839031367822,51.17045383866531,81.09088765904964,83.79857855721365,86.43065568374315,90.69027010291303,96.03072607595504,96.98592762536752,103.27084202414815,109.65948464697642,118.80660340334437,124.9275103424737,127.84220155249979,130.37503888012,136.594590556304,139.48158264495638,143.5270156495882,146.54284411074866,151.63744476174338,158.04877223848194,161.47693537873985,162.4466127593488,95.0871371693593,101.08207011310438,108.9342049820429,111.9919695249729,119.80379581592432,125.50599495309939,126.94359747118288,129.26444990078713,132.66045623175884,138.22281912894562,140.90026025808365,145.03472878499252,147.06470957307894,150.7976072411111,151.3281249128243,155.11301328634343,156.9549071486493,157.2396298207357,135.9261689732188,139.25919207544896,141.0050271192031,127.9121486696178,133.17123128923885,140.56190615693532,109.56813675432508,114.27720667819486,117.49895019256579,120.74717346774057,130.10154241416575,136.36974942193183,140.21842353001526,140.71451442194737,136.8071897353727,137.4197183018681,138.3140232044617,120.7997531443275,122.4856834513094,124.44158426679058,127.09807782033066,130.41939758813382,132.76044543044716,121.14136712243473,125.87063186444273,131.200272565278,55.869091939221676,66.53571512606283,72.2997726793581,76.35311088517884,84.00896866639773,89.67615599228947,95.42615024648389,104.02995326973861,109.21045650746348,114.36031238734142,116.01772396407725,117.65214565628068,123.12856038497068,125.79452445254938,128.78262152648577,122.25365602108963,130.10981114537142,131.1986788460077,123.21285327622904,124.56756340238545,127.69369822034768,126.19372490883626,130.0659093186749,108.9075537784875,110.38409132317504,111.2531110614777,116.86208078968008,118.09819994971123,121.03383446374734,89.80936043770708,92.36349559903297,95.1799244357995,99.80176603785688,103.30384655617512,107.93422388826104,110.60164527743146,118.6581789599083,110.64357534497645,113.11848821642812,113.88663324515704,103.93407216276327,109.41172158638116,112.95480504967412,116.11134544509498,117.55563712187391,118.63096836843488,98.86956481578407,100.21207999260702,100.95602219466308,101.52093280706117,104.21729572773783,106.58175295932396,94.8132043735509,98.3722650642388,91.2542693728196,93.71292993943696,88.9163053475823,70.12515265894899,71.21859183360044,76.79808982556563,82.44778413124457,63.959589277507376,66.12416865510397,67.12255566461107,54.47170239034997,55.387783718617285,59.466806150524235,67.03666962353351,26.752265663904943,31.750154118042367,34.012269499714996,36.632816389202,39.60007421419801,41.64324062934874,42.859730662189115,44.469098861203875,50.05968675515565,54.74392052387387,60.48294239175344,64.9367320140863,63.60557625181223,25.011060957738884,31.15223429839618,36.75071648841831,39.24664231558575,40.986523272665224,46.80590946612033,50.886081512311534,54.32591073804299,54.85025974532583,57.65965845897189,59.354636553168795,36.8949802004013,43.65906271167717,48.59484468398417,22.77004999526954,29.09077345069771,34.64318932128954,37.695300393973504,43.818045693265326,44.3796549880602,31.7883911476088,37.97049451135159,38.93398452167864,39.413432120483755,17.918829691797235,12.728401000446244,9.288050872915615,3.8409527463898883,0.0,31.142669235695337,34.2566188178177,23.14090096846118,24.276855192891023,24.66452644537176,25.768553166062905,26.722420033083672,27.203479280993946,32.33543233878094,38.58112549486857,67.3379747006446
191,64.94453693838713,64.87652223409461,59.9872890631362,54.20578709565405,50.6905127109154,48.8517340401668,36.88409408903189,29.867973366011213,29.508612822823736,24.40628443276495,17.952526380281107,11.927591110919295,5.782706978569818,12.555484399982664,17.931095248993227,26.35113503512252,31.593198560109613,61.513632380493945,64.22132327865795,66.85340040518746,71.11301482435734,76.45347079739935,77.40867234681183,83.69358674559246,90.08222936842073,99.22934812478867,105.350255063918,108.26494627394409,110.7977836015643,117.01733527774833,119.9043273664007,123.94976037103251,126.96558883219296,132.06018948318768,138.47151695992625,141.89968010018416,142.8693574807931,75.5098818908036,81.50481483454868,89.3569497034872,92.4147142464172,100.22654053736862,105.92873967454369,107.36634219262719,109.68719462223144,113.08320095320317,118.64556385038995,121.323004979528,125.45747350643687,127.48745429452329,131.22035196255547,131.75086963426867,135.5357580077878,137.37765187009367,137.66237454218006,116.34891369466314,119.68193679689331,121.42777184064745,108.33489339106211,113.59397601068315,120.98465087837963,89.99088147576938,94.69995139963916,97.92169491401009,101.16991818918487,110.52428713561004,116.79249414337613,120.64116825145956,121.13725914339167,117.22993445681699,117.8424630233124,118.73676792590601,101.2224978657718,102.9084281727537,104.86432898823489,107.52082254177496,110.84214230957812,113.18319015189148,101.56411184387903,106.29337658588703,111.62301728672232,36.29183666066598,46.95845984750713,52.7225174008024,56.77585560662313,64.43171338784204,70.09890071373377,75.84889496792819,84.45269799118292,89.63320122890778,94.78305710878573,96.44046868552155,98.07489037772498,103.55130510641499,106.21726917399369,109.20536624793007,102.67640074253393,110.53255586681574,111.62142356745203,103.63559799767334,104.99030812382975,108.11644294179199,106.61646963028056,110.4886540401192,89.3302984999318,90.80683604461935,91.675855782922,97.28482551112438,98.52094467115553,101.45657918519164,70.23210515915139,72.78624032047728,75.60266915724381,80.22451075930118,83.72659127761942,88.35696860970535,91.02438999887576,99.0809236813526,91.06632006642076,93.54123293787242,94.30937796660135,84.35681688420757,89.83446630782547,93.37754977111842,96.53409016653929,97.97838184331822,99.05371308987918,79.29230953722838,80.63482471405132,81.37876691610738,81.94367752850548,84.64004044918214,87.00449768076827,75.2359490949952,78.7950097856831,71.67701409426391,74.13567466088126,69.3390500690266,50.5478973803933,51.64133655504475,57.220834547009936,62.87052885268888,44.38233399895168,46.546913376548275,47.54530038605538,34.89444711179427,35.81052844006159,39.88955087196854,47.459414344977816,19.4647786500482,24.46266710418562,26.72478248585825,29.34532937534525,32.31258720034126,34.35575361549199,35.57224364833237,37.18161184734713,42.772199741298905,47.45643351001712,53.19545537789669,57.649245000229556,44.028320973256534,17.72357394388214,23.864747284539433,29.463229474561565,31.959155301729005,33.699036258808476,39.518422452263586,43.59859449845479,47.038423724186245,47.56277273146908,50.37217144511514,52.06714953931205,29.607493186544552,36.371575697820425,41.30735767012742,15.482562981412796,21.803286436840967,27.355702307432797,30.40781338011676,36.530558679408585,37.09216797420346,12.211135869053098,18.393239232795892,19.356729243122942,19.836176841928058,13.2238395438981,18.41426823524909,21.854618362779718,27.301716489305445,31.142669235695333,0.0,3.113949582122366,15.853413954604436,16.989368179034276,17.377039431515012,18.481066152206157,19.434933019226925,19.9159922671372,25.0479453249242,31.293638481011833,60.05048768678785
192,68.05848652050949,67.99047181621697,63.10123864525856,57.31973667777641,53.80446229303776,51.965683622289156,39.99804367115425,32.98192294813358,32.6225624049461,27.520234014887315,21.066475962403473,15.04154069304166,8.896656560692184,15.66943398210503,21.045044831115593,29.465084617244887,34.70714814223198,64.62758196261632,67.33527286078032,69.96734998730983,74.22696440647971,79.56742037952172,80.5226219289342,86.80753632771483,93.1961789505431,102.34329770691104,108.46420464604037,111.37889585606646,113.91173318368668,120.1312848598707,123.01827694852307,127.06370995315488,130.07953841431532,135.17413906531004,141.5854665420486,145.01362968230652,145.98330706291546,78.62383147292597,84.61876441667106,92.47089928560958,95.52866382853958,103.340490119491,109.04268925666607,110.48029177474956,112.80114420435382,116.19715053532555,121.75951343251232,124.43695456165037,128.57142308855924,130.60140387664566,134.33430154467783,134.86481921639103,138.64970758991015,140.49160145221603,140.77632412430242,119.46286327678551,122.79588637901568,124.54172142276983,111.4488429731845,116.70792559280554,124.09860046050201,93.10483105789176,97.81390098176153,101.03564449613246,104.28386777130724,113.63823671773241,119.9064437254985,123.75511783358193,124.25120872551405,120.34388403893936,120.95641260543478,121.85071750802838,104.33644744789417,106.02237775487608,107.97827857035726,110.63477212389733,113.95609189170048,116.29713973401384,104.6780614260014,109.4073261680094,114.73696686884469,39.405786242788345,50.072409429629495,55.83646698292477,59.8898051887455,67.5456629699644,73.21285029585613,78.96284455005055,87.56664757330527,92.74715081103014,97.89700669090809,99.55441826764391,101.18883995984734,106.66525468853735,109.33121875611604,112.31931583005243,105.7903503246563,113.64650544893811,114.7353731495744,106.74954757979572,108.10425770595212,111.23039252391436,109.73041921240292,113.60260362224156,92.44424808205417,93.92078562674172,94.78980536504437,100.39877509324675,101.6348942532779,104.57052876731402,73.34605474127375,75.90018990259964,78.71661873936617,83.33846034142354,86.84054085974178,91.4709181918277,94.13833958099812,102.19487326347496,94.18026964854313,96.6551825199948,97.42332754872372,87.47076646632993,92.94841588994782,96.49149935324078,99.64803974866165,101.09233142544058,102.16766267200154,82.40625911935075,83.74877429617369,84.49271649822975,85.05762711062785,87.75399003130451,90.11844726289064,78.34989867711758,81.90895936780548,74.79096367638627,77.24962424300362,72.45299965114897,53.66184696251567,54.75528613716712,60.3347841291323,65.98447843481125,47.496283581074046,49.66086295867064,50.65924996817775,38.00839669391664,38.924478022183955,43.003500454090904,50.57336392710018,22.578728232170565,27.576616686307986,29.838732067980615,32.45927895746762,35.42653678246363,37.46970319761436,38.686193230454734,40.295561429469494,45.88614932342127,50.57038309213949,56.30940496001906,60.763194582351915,47.1422705553789,20.837523526004507,26.9786968666618,32.57717905668393,35.07310488385137,36.81298584093084,42.63237203438595,46.71254408057715,50.15237330630861,50.67672231359145,53.48612102723751,55.181099121434414,32.72144276866692,39.48552527994279,44.42130725224979,18.596512563535164,24.917236018963337,30.469651889555166,33.52176296223913,39.64450826153095,40.20611755632583,15.325085451175465,21.50718881491826,22.470678825245308,22.950126424050424,16.337789126020464,21.528217817371456,24.968567944902084,30.41566607142781,34.256618817817696,3.113949582122366,0.0,18.9673635367268,20.103317761156642,20.49098901363738,21.595015734328523,22.54888260134929,23.029941849259565,28.161894907046566,34.4075880631342,63.164437268910206
193,56.942768671152976,56.87475396686045,51.985520795902055,46.204018828419905,42.68874444368125,40.84996577293265,28.88232582179774,21.866205098777066,21.506844555589588,16.404516165530797,9.950758113046955,3.9258228436851415,10.070706976034618,16.84348439744746,22.219095246458025,30.63913503258732,35.88119855757441,65.80163237795874,68.50932327612274,71.14140040265225,75.40101482182213,80.74147079486414,81.69667234427662,87.98158674305725,94.37022936588552,103.51734812225347,109.6382550613828,112.55294627140889,115.0857835990291,121.30533527521312,124.19232736386549,128.2377603684973,131.25358882965776,136.34818948065248,142.75951695739104,146.18768009764895,147.1573574782579,79.79788188826839,85.79281483201348,93.644949700952,96.702714243882,104.51454053483342,110.21673967200849,111.65434219009198,113.97519461969624,117.37120095066797,122.93356384785474,125.61100497699279,129.74547350390165,131.77545429198807,135.50835196002026,136.03886963173346,139.82375800525259,141.66565186755847,141.95037453964486,120.63691369212793,123.9699367943581,125.71577183811225,112.6228933885269,117.88197600814794,125.27265087584442,94.27888147323418,98.98795139710396,102.20969491147488,105.45791818664966,114.81228713307483,121.08049414084093,124.92916824892436,125.42525914085647,121.51793445428179,122.1304630207772,123.0247679233708,105.5104978632366,107.1964281702185,109.15232898569968,111.80882253923976,115.13014230704292,117.47119014935627,105.85211184134383,110.58137658335183,115.91101728418711,40.57983665813077,51.24645984497192,57.0105173982672,61.06385560408793,68.71971338530683,74.38690071119856,80.13689496539298,88.74069798864771,93.92120122637257,99.07105710625052,100.72846868298635,102.36289037518978,107.83930510387978,110.50526917145848,113.49336624539487,106.96440073999872,114.82055586428054,115.90942356491682,107.92359799513814,109.27830812129454,112.40444293925678,110.90446962774536,114.776654037584,93.6182984973966,95.09483604208414,95.9638557803868,101.57282550858918,102.80894466862033,105.74457918265644,74.52010515661618,77.07424031794207,79.8906691547086,84.51251075676598,88.01459127508421,92.64496860717014,95.31238999634056,103.3689236788174,95.35432006388555,97.82923293533722,98.59737796406614,88.64481688167237,94.12246630529026,97.66554976858322,100.82209016400408,102.26638184078301,103.34171308734398,83.58030953469317,84.92282471151611,85.66676691357218,86.23167752597027,88.92804044664693,91.29249767823306,79.52394909246,83.0830097831479,75.9650140917287,78.42367465834606,73.62705006649139,54.835897377858096,55.92933655250955,61.50883454447473,67.15852885015367,48.670333996416474,50.83491337401307,51.833300383520175,39.182447109259066,40.09852843752638,44.17755086943333,51.74741434244261,11.463010382814044,16.460898836951465,18.723014218624094,21.343561108111096,24.310818933107107,26.353985348257837,27.57047538109821,29.179843580112966,34.77043147406474,39.45466524278296,45.19368711066253,49.647476732995386,48.31632097072133,9.721805676647987,15.862979017305282,21.461461207327417,23.957387034494857,25.697267991574332,31.51665418502944,35.59682623122064,39.0366554569521,39.561004464234934,42.370403177880995,44.0653812720779,21.6057249193104,28.36980743058627,33.30558940289327,7.480794714178643,13.801518169606814,19.353934040198645,22.40604511288261,28.52879041217443,29.090399706969308,16.4991358665179,22.681239230260694,23.644729240587743,24.12417683939286,5.222071276663946,10.412499968014938,13.852850095545566,19.299948222071293,23.14090096846118,15.853413954604436,18.9673635367268,0.0,1.1359542244298404,1.523625476910578,2.6276521976017233,3.5815190646224915,4.062578312532766,17.04617705769005,23.291870213777685,52.0487194195537
194,58.078722895582814,58.01070819129029,53.12147502033189,47.33997305284974,43.82469866811109,41.98591999736249,30.018280046227577,23.002159323206904,22.642798780019426,17.540470389960635,11.086712337476794,5.061777068114981,11.206661200464458,17.979438621877303,23.355049470887867,31.77508925701716,37.01715278200425,66.93758660238859,69.6452775005526,72.2773546270821,76.53696904625198,81.877425019294,82.83262656870647,89.1175409674871,95.50618359031537,104.65330234668332,110.77420928581265,113.68890049583874,116.22173782345895,122.44128949964298,125.32828158829534,129.37371459292717,132.38954305408762,137.48414370508235,143.8954711818209,147.32363432207882,148.29331170268776,80.93383611269824,86.92876905644333,94.78090392538185,97.83866846831185,105.65049475926327,111.35269389643834,112.79029641452183,115.11114884412609,118.50715517509782,124.0695180722846,126.74695920142264,130.88142772833152,132.91140851641794,136.6443061844501,137.1748238561633,140.95971222968242,142.8016060919883,143.0863287640747,121.77286791655779,125.10589101878796,126.8517260625421,113.75884761295677,119.01793023257781,126.40860510027429,95.41483569766403,100.12390562153381,103.34564913590474,106.59387241107952,115.94824135750468,122.21644836527078,126.06512247335421,126.56121336528632,122.65388867871164,123.26641724520705,124.16072214780066,106.64645208766645,108.33238239464835,110.28828321012953,112.94477676366961,116.26609653147275,118.60714437378611,106.98806606577368,111.71733080778168,117.04697150861696,41.71579088256062,52.38241406940177,58.14647162269704,62.19980982851777,69.85566760973667,75.5228549356284,81.27284918982282,89.87665221307755,95.05715545080241,100.20701133068036,101.86442290741618,103.49884459961962,108.97525932830962,111.64122339588832,114.6293204698247,108.10035496442858,115.95651008871039,117.04537778934667,109.05955221956799,110.4142623457244,113.54039716368663,112.0404238521752,115.91260826201383,94.75425272182645,96.23079026651399,97.09981000481665,102.70877973301903,103.94489889305018,106.88053340708629,75.65605938104602,78.21019454237191,81.02662337913844,85.64846498119581,89.15054549951405,93.78092283159998,96.4483442207704,104.50487790324723,96.4902742883154,98.96518715976707,99.733332188496,89.78077110610221,95.2584205297201,98.80150399301306,101.95804438843392,103.40233606521285,104.47766731177381,84.71626375912302,86.05877893594597,86.80272113800203,87.36763175040012,90.06399467107678,92.42845190266291,80.65990331688985,84.21896400757775,77.10096831615854,79.5596288827759,74.76300429092124,55.97185160228794,57.06529077693939,62.644788768904576,68.29448307458352,49.80628822084632,51.970867598442915,52.96925460795002,40.31840133368891,41.23448266195623,45.31350509386318,52.883368566872456,12.598964607243886,17.59685306138131,19.85896844305394,22.47951533254094,25.446773157536953,27.489939572687682,28.706429605528054,30.31579780454281,35.90638569849459,40.590619467212804,46.329641335092376,50.78343095742524,49.452275195151174,10.857759901077827,16.998933241735124,22.597415431757256,25.093341258924696,26.83322221600417,32.652608409459276,36.73278045565048,40.172609681381935,40.69695868866477,43.50635740231083,45.20133549650774,22.741679143740242,29.505761655016112,34.441543627323114,8.616748938608483,14.937472394036654,20.489888264628483,23.541999337312447,29.66474463660427,30.226353931399146,17.635090090947738,23.817193454690532,24.78068346501758,25.260131063822698,6.358025501093786,11.548454192444776,14.988804319975404,20.43590244650113,24.27685519289102,16.989368179034276,20.103317761156642,1.1359542244298404,0.0,0.3876712524807375,1.491697973171883,2.4455648401926506,2.926624088102925,18.182131282119887,24.427824438207523,53.18467364398354
195,58.46639414806355,58.39837944377103,53.50914627281263,47.72764430533048,44.212369920591826,42.37359124984322,30.405951298708313,23.38983057568764,23.030470032500162,17.928141642441375,11.474383589957533,5.449448320595719,11.594332452945196,18.36710987435804,23.742720723368603,32.1627605094979,37.40482403448499,67.32525785486932,70.03294875303332,72.66502587956283,76.92464029873271,82.26509627177472,83.2202978211872,89.50521221996783,95.8938548427961,105.04097359916405,111.16188053829337,114.07657174831947,116.60940907593968,122.8289607521237,125.71595284077607,129.7613858454079,132.77721430656834,137.87181495756306,144.28314243430162,147.71130557455953,148.68098295516847,81.32150736517897,87.31644030892406,95.16857517786258,98.22633972079258,106.038166011744,111.74036514891907,113.17796766700256,115.49882009660682,118.89482642757855,124.45718932476532,127.13463045390337,131.26909898081223,133.29907976889865,137.03197743693084,137.56249510864404,141.34738348216317,143.18927734446905,143.47400001655544,122.16053916903851,125.49356227126869,127.23939731502283,114.14651886543749,119.40560148505853,126.796276352755,95.80250695014476,100.51157687401454,103.73332038838547,106.98154366356025,116.33591260998541,122.60411961775151,126.45279372583494,126.94888461776705,123.04155993119237,123.65408849768778,124.54839340028138,107.03412334014718,108.72005364712908,110.67595446261026,113.33244801615034,116.6537677839535,118.99481562626686,107.37573731825441,112.10500206026241,117.43464276109769,42.103462135041354,52.770085321882505,58.53414287517778,62.58748108099851,70.24333886221741,75.91052618810915,81.66052044230356,90.26432346555829,95.44482670328316,100.5946825831611,102.25209415989693,103.88651585210036,109.36293058079036,112.02889464836906,115.01699172230545,108.4880262169093,116.34418134119112,117.4330490418274,109.44722347204872,110.80193359820512,113.92806841616736,112.42809510465594,116.30027951449458,95.14192397430718,96.61846151899472,97.48748125729738,103.09645098549976,104.33257014553091,107.26820465956702,76.04373063352676,78.59786579485265,81.41429463161919,86.03613623367656,89.5382167519948,94.16859408408072,96.83601547325114,104.89254915572798,96.87794554079613,99.3528584122478,100.12100344097672,90.16844235858295,95.64609178220084,99.1891752454938,102.34571564091466,103.7900073176936,104.86533856425456,85.10393501160375,86.4464501884267,87.19039239048276,87.75530300288085,90.45166592355751,92.81612315514364,81.04757456937058,84.60663526005848,77.48863956863929,79.94730013525664,75.15067554340197,56.35952285476868,57.45296202942013,63.03246002138531,68.68215432706425,50.193959473327055,52.35853885092365,53.356925860430756,40.70607258616965,41.622153914436964,45.701176346343914,53.27103981935319,12.986635859724622,17.984524313862046,20.246639695534675,22.867186585021678,25.83444441001769,27.877610825168418,29.09410085800879,30.703469057023547,36.294056950975325,40.97829071969354,46.71731258757311,51.17110220990597,49.83994644763191,11.245431153558565,17.38660449421586,22.98508668423799,25.48101251140543,27.220893468484906,33.04027966194001,37.12045170813121,40.56028093386267,41.08462994114551,43.89402865479157,45.589006748988474,23.12935039622098,29.893432907496848,34.82921487980385,9.00442019108922,15.325143646517391,20.877559517109223,23.929670589793187,30.05241588908501,30.61402518387989,18.022761343428478,24.20486470717127,25.16835471749832,25.647802316303437,6.745696753574523,11.936125444925516,15.376475572456144,20.82357369898187,24.66452644537176,17.377039431515016,20.490989013637382,1.523625476910578,0.3876712524807375,0.0,1.1040267206911454,2.0578935877119133,2.5389528356221875,18.569802534600626,24.81549569068826,53.57234489646427
196,59.570420868754695,59.50240616446217,54.613172993503774,48.831671026021624,45.31639664128297,43.47761797053437,31.50997801939946,24.493857296378785,24.134496753191307,19.03216836313252,12.578410310648678,6.553475041286864,12.69835917363634,19.471136595049185,24.846747444059748,33.26678723018904,38.50885075517613,68.42928457556046,71.13697547372446,73.76905260025397,78.02866701942385,83.36912299246586,84.32432454187834,90.60923894065897,96.99788156348724,106.14500031985519,112.26590725898451,115.1805984690106,117.71343579663082,123.93298747281484,126.8199795614672,130.86541256609902,133.88124102725948,138.9758416782542,145.38716915499276,148.81533229525067,149.7850096758596,82.42553408587011,88.4204670296152,96.27260189855372,99.33036644148372,107.14219273243513,112.8443918696102,114.2819943876937,116.60284681729796,119.99885314826969,125.56121604545646,128.2386571745945,132.37312570150337,134.4031064895898,138.13600415762198,138.66652182933518,142.4514102028543,144.29330406516019,144.57802673724657,123.26456588972965,126.59758899195982,128.34342403571395,115.25054558612862,120.50962820574966,127.90030307344614,96.9065336708359,101.61560359470568,104.8373471090766,108.08557038425138,117.43993933067655,123.70814633844265,127.55682044652607,128.0529113384582,124.1455866518835,124.75811521837892,125.65242012097252,108.13815006083831,109.82408036782022,111.7799811833014,114.43647473684148,117.75779450464464,120.098842346958,108.47976403894555,113.20902878095355,118.53866948178883,43.20748885573249,53.87411204257364,59.638169595868916,63.691507801689646,71.34736558290855,77.01455290880028,82.7645471629947,91.36835018624943,96.5488534239743,101.69870930385224,103.35612088058807,104.9905425727915,110.4669573014815,113.1329213690602,116.12101844299659,109.59205293760044,117.44820806188226,118.53707576251854,110.55125019273986,111.90596031889626,115.0320951368585,113.53212182534708,117.40430623518571,96.24595069499831,97.72248823968586,98.59150797798851,104.2004777061909,105.43659686622205,108.37223138025816,77.1477573542179,79.70189251554379,82.51832135231032,87.1401629543677,90.64224347268593,95.27262080477186,97.94004219394228,105.99657587641912,97.98197226148727,100.45688513293894,101.22503016166786,91.27246907927409,96.75011850289198,100.29320196618494,103.4497423616058,104.89403403838473,105.9693652849457,86.20796173229489,87.55047690911783,88.2944191111739,88.85932972357199,91.55569264424865,93.92014987583478,82.15160129006172,85.71066198074962,78.59266628933042,81.05132685594778,76.25470226409311,57.463549575459815,58.556988750111266,64.13648674207644,69.78618104775539,51.29798619401819,53.46256557161479,54.460952581121894,41.810099306860785,42.7261806351281,46.80520306703505,54.37506654004433,14.090662580415767,19.08855103455319,21.35066641622582,23.971213305712823,26.938471130708834,28.981637545859563,30.198127578699935,31.807495777714692,37.39808367166647,42.082317440384685,47.82133930826426,52.27512893059712,50.94397316832305,12.34945787424971,18.490631214907005,24.089113404929137,26.585039232096577,28.32492018917605,34.14430638263116,38.22447842882236,41.66430765455382,42.18865666183665,44.998055375482714,46.69303346967962,24.233377116912123,30.997459628187993,35.933241600494995,10.108446911780366,16.429170367208535,21.981586237800364,25.033697310484328,31.15644260977615,31.718051904571027,19.126788064119623,25.308891427862417,26.272381438189466,26.751829036994582,7.8497234742656685,13.04015216561666,16.48050229314729,21.927600419673016,25.768553166062905,18.48106615220616,21.595015734328527,2.6276521976017233,1.491697973171883,1.1040267206911454,0.0,0.953866867020768,1.4349261149310422,19.67382925529177,25.919522411379404,54.67637161715542
197,60.52428773577547,60.456273031482944,55.567039860524545,49.785537893042395,46.27026350830374,44.43148483755514,32.46384488642023,25.447724163399556,25.08836362021208,19.986035230153288,13.532277177669446,7.507341908307632,13.652226040657109,20.425003462069952,25.800614311080516,34.22065409720981,39.462717622196905,69.38315144258124,72.09084234074524,74.72291946727475,78.98253388644463,84.32298985948664,85.27819140889912,91.56310580767975,97.95174843050802,107.09886718687596,113.21977412600529,116.13446533603138,118.6673026636516,124.88685433983562,127.77384642848799,131.81927943311982,134.83510789428027,139.929708545275,146.34103602201355,149.76919916227146,150.7388765428804,83.37940095289089,89.37433389663597,97.2264687655745,100.2842333085045,108.09605959945591,113.79825873663098,115.23586125471448,117.55671368431874,120.95272001529047,126.51508291247724,129.1925240416153,133.32699256852416,135.35697335661058,139.08987102464278,139.62038869635597,143.4052770698751,145.24717093218098,145.53189360426737,124.21843275675043,127.5514558589806,129.29729090273474,116.20441245314942,121.46349507277046,128.85416994046693,97.86040053785668,102.56947046172645,105.79121397609738,109.03943725127216,118.39380619769733,124.66201320546342,128.51068731354687,129.00677820547898,125.09945351890428,125.7119820853997,126.6062869879933,109.09201692785909,110.777947234841,112.73384805032218,115.39034160386225,118.7116613716654,121.05270921397876,109.43363090596633,114.16289564797432,119.49253634880961,44.16135572275327,54.82797890959442,60.592036462889695,64.64537466871043,72.30123244992933,77.96841977582106,83.71841403001548,92.32221705327021,97.50272029099507,102.65257617087302,104.30998774760884,105.94440943981228,111.42082416850228,114.08678823608098,117.07488531001736,110.54591980462122,118.40207492890303,119.49094262953932,111.50511705976064,112.85982718591704,115.98596200387928,114.48598869236785,118.3581731022065,97.19981756201909,98.67635510670664,99.54537484500929,105.15434457321167,106.39046373324283,109.32609824727894,78.10162422123868,80.65575938256457,83.4721882193311,88.09402982138847,91.59611033970671,96.22648767179264,98.89390906096305,106.9504427434399,98.93583912850805,101.41075199995971,102.17889702868864,92.22633594629485,97.70398536991274,101.2470688332057,104.40360922862656,105.8479009054055,106.92323215196646,87.16182859931567,88.50434377613861,89.24828597819467,89.81319659059277,92.50955951126943,94.87401674285556,83.1054681570825,86.6645288477704,79.5465331563512,82.00519372296856,77.20856913111389,58.417416442480594,59.510855617132044,65.09035360909722,70.74004791477617,52.25185306103897,54.41643243863557,55.41481944814267,42.76396617388156,43.68004750214888,47.75906993405583,55.32893340706511,15.044529447436535,20.042417901573955,22.304533283246585,24.925080172733587,27.892337997729598,29.935504412880327,31.1519944457207,32.761362644735456,38.351950538687234,43.03618430740545,48.77520617528502,53.228995797617884,51.897840035343826,13.303324741270478,19.444498081927772,25.042980271949908,27.538906099117348,29.278787056196823,35.09817324965193,39.17834529584313,42.61817452157459,43.142523528857424,45.951922242503485,47.64690033670039,25.18724398393289,31.95132649520876,36.88710846751576,11.062313778801133,17.383037234229306,22.935453104821136,25.9875641775051,32.11030947679692,32.6719187715918,20.08065493114039,26.262758294883184,27.226248305210234,27.70569590401535,8.803590341286437,13.994019032637429,17.434369160168057,22.881467286693784,26.722420033083672,19.434933019226925,22.54888260134929,3.581519064622491,2.4455648401926506,2.0578935877119133,0.953866867020768,0.0,0.4810592479102742,20.62769612231254,26.873389278400175,55.63023848417619
198,61.00534698368573,60.93733227939321,56.04809910843481,50.26659714095266,46.75132275621401,44.912544085465406,32.9449041343305,25.92878341130983,25.569422868122352,20.46709447806356,14.01333642557972,7.988401156217908,14.133285288567384,20.90606270998023,26.281673558990793,34.70171334512008,39.94377687010717,69.8642106904915,72.5719015886555,75.20397871518502,79.4635931343549,84.8040491073969,85.75925065680939,92.04416505559001,98.43280767841829,107.57992643478623,113.70083337391556,116.61552458394165,119.14836191156186,125.36791358774589,128.25490567639827,132.3003386810301,135.31616714219055,140.41076779318527,146.82209526992384,150.25025841018174,151.2199357907907,83.86046020080116,89.85539314454624,97.70752801348476,100.76529255641476,108.57711884736618,114.27931798454125,115.71692050262475,118.037772932229,121.43377926320073,126.9961421603875,129.67358328952554,133.8080518164344,135.83803260452083,139.57093027255303,140.10144794426623,143.88633631778535,145.72823018009123,146.01295285217762,124.6994920046607,128.03251510689086,129.778350150645,116.68547170105967,121.94455432068071,129.33522918837718,98.34145978576694,103.05052970963672,106.27227322400765,109.52049649918243,118.8748654456076,125.14307245337369,128.99174656145712,129.48783745338923,125.58051276681455,126.19304133330996,127.08734623590357,109.57307617576936,111.25900648275126,113.21490729823245,115.87140085177252,119.19272061957568,121.53376846188904,109.91469015387659,114.64395489588459,119.97359559671987,44.64241497066354,55.30903815750469,61.07309571079996,65.1264339166207,72.7822916978396,78.44947902373133,84.19947327792575,92.80327630118047,97.98377953890534,103.13363541878329,104.79104699551911,106.42546868772254,111.90188341641255,114.56784748399124,117.55594455792763,111.02697905253149,118.8831341768133,119.97200187744959,111.9861763076709,113.34088643382731,116.46702125178955,114.96704794027812,118.83923235011676,97.68087680992936,99.1574143546169,100.02643409291956,105.63540382112194,106.87152298115309,109.8071574951892,78.58268346914895,81.13681863047483,83.95324746724137,88.57508906929874,92.07716958761698,96.7075469197029,99.37496830887332,107.43150199135016,99.41689837641832,101.89181124786998,102.6599562765989,92.70739519420513,98.18504461782302,101.72812808111598,104.88466847653685,106.32896015331578,107.40429139987674,87.64288784722594,88.98540302404888,89.72934522610494,90.29425583850303,92.9906187591797,95.35507599076583,83.58652740499276,87.14558809568067,80.02759240426147,82.48625297087882,77.68962837902416,58.89847569039086,59.99191486504231,65.57141285700749,71.22110716268644,52.73291230894924,54.897491686545834,55.89587869605294,43.24502542179183,44.16110675005915,48.2401291819661,55.809992654975375,15.525588695346812,20.523477149484236,22.785592531156865,25.406139420643868,28.37339724563988,30.416563660790608,31.63305369363098,33.24242189264574,38.833009786597515,43.51724355531573,49.2562654231953,53.710055045528165,52.37889928325409,13.784383989180753,19.92555732983805,25.52403951986018,28.01996534702762,29.759846304107096,35.5792324975622,39.6594045437534,43.09923376948486,43.6235827767677,46.43298149041376,48.127959584610664,25.66830323184317,32.43238574311904,37.36816771542604,11.543373026711409,17.86409648213958,23.41651235273141,26.468623425415373,32.591368724707195,33.15297801950207,20.561714179050664,26.743817542793458,27.707307553120508,28.186755151925624,9.284649589196713,14.475078280547704,17.915428408078334,23.36252653460406,27.20347928099395,19.915992267137202,23.02994184925957,4.062578312532766,2.9266240881029253,2.5389528356221875,1.4349261149310422,0.4810592479102742,0.0,21.108755370222813,27.35444852631045,56.111297732086456
199,54.08742950274911,54.01941479845659,49.13018162749819,43.34867966001604,39.833405275277386,37.99462660452878,26.026986653393873,19.0108659303732,18.651505387185722,13.549176997126935,7.095418944643092,13.120354214004905,19.26523834635438,26.038015767767224,31.413626616777787,39.833666402907085,45.07572992789417,74.9961637482785,77.70385464644251,80.33593177297202,84.5955461921419,89.93600216518391,90.89120371459639,97.17611811337702,103.56476073620529,112.71187949257323,118.83278643170256,121.74747764172865,124.28031496934886,130.4998666455329,133.38685873418527,137.4322917388171,140.44812019997755,145.54272085097227,151.95404832771084,155.38221146796874,156.3518888485777,88.99241325858816,94.98734620233324,102.83948107127176,105.89724561420176,113.70907190515318,119.41127104232825,120.84887356041175,123.169725990016,126.56573232098773,132.1280952181745,134.80553634731254,138.94000487422142,140.96998566230783,144.70288333034,145.2334010020532,149.01828937557232,150.8601832378782,151.1449059099646,129.8314450624477,133.16446816467786,134.910303208432,121.81742475884667,127.07650737846771,134.46718224616419,103.47341284355394,108.18248276742372,111.40422628179465,114.65244955696943,124.0068185033946,130.2750255111607,134.12369961924412,134.61979051117623,130.71246582460154,131.32499439109694,132.21929929369054,114.70502923355636,116.39095954053826,118.34686035601945,121.00335390955952,124.32467367736268,126.66572151967604,115.04664321166359,119.77590795367159,125.10554865450688,49.77436802845054,60.44099121529169,66.20504876858696,70.2583869744077,77.9142447556266,83.58143208151833,89.33142633571275,97.93522935896748,103.11573259669234,108.26558847657029,109.92300005330611,111.55742174550954,117.03383647419955,119.69980054177825,122.68789761571463,116.15893211031849,124.0150872346003,125.10395493523659,117.1181293654579,118.47283949161431,121.59897430957655,120.09900099806512,123.97118540790376,102.81282986771636,104.2893674124039,105.15838715070656,110.76735687890894,112.0034760389401,114.9391105529762,83.71463652693595,86.26877168826184,89.08520052502837,93.70704212708574,97.20912264540398,101.83949997748991,104.50692136666032,112.56345504913716,104.54885143420532,107.02376430565698,107.7919093343859,97.83934825199213,103.31699767561003,106.86008113890298,110.01662153432385,111.46091321110278,112.53624445766374,92.77484090501294,94.11735608183588,94.86129828389194,95.42620889629003,98.1225718169667,100.48702904855283,88.71848046277977,92.27754115346767,85.15954546204847,87.61820602866582,82.82158143681116,64.03042874817785,65.1238679228293,70.70336591479449,76.35306022047344,57.86486536673624,60.029444744332835,61.02783175383994,48.37697847957883,49.29305980784615,53.3720822397531,60.941945712762376,20.65754175313381,25.65543020727123,27.91754558894386,30.538092478430862,33.50535030342687,35.5485167185776,36.76500675141798,38.37437495043274,43.964962844384516,48.64919661310273,54.3882184809823,58.842008103315166,57.510852341041094,18.91633704696775,25.057510387625044,30.655992577647176,33.151918404814616,34.89179936189409,40.711185555349196,44.7913576015404,48.231186827271856,48.75553583455469,51.56493454820075,53.25991264239766,30.800256289630163,37.564338800906036,42.500120773213034,16.67532608449841,22.99604953992658,28.54846541051841,31.600576483202374,37.723321782494196,38.28493107728907,25.693667236837662,31.875770600580456,32.8392606109075,33.31870820971262,14.41660264698371,19.6070313383347,23.047381465865328,28.494479592391055,32.33543233878095,25.0479453249242,28.161894907046566,17.046177057690045,18.182131282119887,18.569802534600623,19.673829255291768,20.627696122312535,21.10875537022281,0.0,6.2456931560876345,49.19338025114983
200,60.333122658836736,60.26510795454421,55.375874783585814,49.594372816103665,46.07909843136501,44.24031976061641,32.2726798094815,25.256559086460832,24.897198543273355,19.794870153214568,13.341112100730726,19.366047370092538,25.510931502442013,32.28370892385486,37.65931977286542,46.07935955899472,51.32142308398181,81.24185690436614,83.94954780253015,86.58162492905966,90.84123934822954,96.18169532127155,97.13689687068403,103.42181126946465,109.81045389229293,118.95757264866087,125.0784795877902,127.99317079781629,130.5260081254365,136.74555980162052,139.63255189027288,143.6779848949047,146.69381335606516,151.78841400705988,158.19974148379845,161.62790462405636,162.5975820046653,95.2381064146758,101.23303935842088,109.0851742273594,112.1429387702894,119.95476506124082,125.65696419841589,127.09456671649939,129.41541914610363,132.81142547707535,138.37378837426212,141.05122950340015,145.18569803030903,147.21567881839545,150.9485764864276,151.4790941581408,155.26398253165993,157.10587639396581,157.3905990660522,136.0771382185353,139.41016132076547,141.1559963645196,128.0631179149343,133.32220053455535,140.71287540225183,109.71910599964158,114.42817592351136,117.64991943788229,120.89814271305707,130.25251165948225,136.52071866724833,140.36939277533176,140.86548366726387,136.9581589806892,137.5706875471846,138.4649924497782,120.950722389644,122.6366526966259,124.59255351210709,127.24904706564716,130.57036683345032,132.91141467576367,121.29233636775123,126.02160110975923,131.3512418105945,56.02006118453818,66.68668437137933,72.4507419246746,76.50408013049534,84.15993791171424,89.82712523760597,95.57711949180039,104.18092251505512,109.36142575277998,114.51128163265793,116.16869320939375,117.80311490159718,123.27952963028719,125.94549369786588,128.93359077180227,122.40462526640613,130.26078039068793,131.3496480913242,123.36382252154554,124.71853264770195,127.84466746566419,126.34469415415276,130.2168785639914,109.058523023804,110.53506056849155,111.4040803067942,117.01305003499658,118.24916919502773,121.18480370906384,89.96032968302359,92.51446484434948,95.33089368111601,99.95273528317338,103.45481580149162,108.08519313357755,110.75261452274796,118.8091482052248,110.79454459029296,113.26945746174462,114.03760249047355,104.08504140807977,109.56269083169767,113.10577429499062,116.26231469041149,117.70660636719042,118.78193761375138,99.02053406110058,100.36304923792352,101.10699143997958,101.67190205237767,104.36826497305434,106.73272220464047,94.9641736188674,98.5232343095553,91.40523861813611,93.86389918475346,89.0672745928988,70.2761219042655,71.36956107891695,76.94905907088213,82.59875337656108,64.11055852282388,66.27513790042048,67.27352490992757,54.62267163566647,55.53875296393379,59.61777539584074,67.18763886885002,26.903234909221442,31.901123363358863,34.16323874503149,36.783785634518495,39.751043459514506,41.794209874665235,43.01069990750561,44.62006810652037,50.21065600047215,54.894889769190364,60.633911637069936,65.08770125940279,63.756545497128734,25.162030203055384,31.303203543712677,36.90168573373481,39.39761156090225,41.13749251798172,46.95687871143683,51.03705075762803,54.47687998335949,55.001228990642325,57.810627704288386,59.50560579848529,37.045949445717795,43.81003195699367,48.74581392930067,22.92101924058604,29.241742696014214,34.79415856660604,37.84626963929001,43.96901493858183,44.530624233376706,31.939360392925295,38.12146375666809,39.08495376699514,39.56440136580026,20.66229580307134,25.852724494422333,29.29307462195296,34.740172748478685,38.58112549486857,31.293638481011833,34.4075880631342,23.291870213777678,24.42782443820752,24.815495690688255,25.9195224113794,26.873389278400168,27.354448526310442,6.2456931560876345,0.0,55.43907340723746
201,16.58345043386686,16.515435729574342,11.626202558615944,5.844700591133792,9.359974975872447,11.198753646621046,23.166393597755956,30.18251432077663,30.541874863964107,35.6442032540229,42.09796130650674,48.12289657586855,54.26778070821803,61.040558129630874,66.41616897864144,74.83620876477073,80.07827228975782,109.99870611014215,112.70639700830615,115.33847413483566,119.59808855400554,124.93854452704755,125.89374607646003,132.17866047524066,138.56730309806892,147.71442185443686,153.8353287935662,156.75002000359228,159.28285733121248,165.50240900739652,168.38940109604889,172.43483410068072,175.45066256184117,180.5452632128359,186.95659068957445,190.38475382983236,191.3544312104413,123.9949556204518,129.9898885641969,137.8420234331354,140.8997879760654,148.7116142670168,154.41381340419187,155.85141592227538,158.17226835187964,161.56827468285135,167.13063758003813,169.80807870917616,173.94254723608503,175.97252802417145,179.70542569220362,180.23594336391682,184.02083173743594,185.86272559974182,186.1474482718282,164.83398742431132,168.16701052654147,169.91284557029562,156.81996712071032,162.07904974033136,169.46972460802783,138.4759552054176,143.18502512928737,146.4067686436583,149.65499191883308,159.00936086525826,165.27756787302434,169.12624198110777,169.62233287303988,165.7150081864652,166.3275367529606,167.22184165555421,149.70757159542,151.3935019024019,153.3494027178831,156.00589627142318,159.32721603922633,161.66826388153967,150.04918557352724,154.77845031553525,160.10809101637054,84.77691039031419,95.44353357715534,101.20759113045061,105.26092933627135,112.91678711749024,118.58397444338198,124.3339686975764,132.9377717208311,138.118274958556,143.26813083843393,144.92554241516976,146.5599641073732,152.0363788360632,154.7023429036419,157.69043997757828,151.16147447218214,159.01762959646393,160.10649729710022,152.12067172732154,153.47538185347796,156.60151667144018,155.10154335992877,158.9737277697674,137.81537222958002,139.29190977426757,140.16092951257022,145.7698992407726,147.00601840080373,149.94165291483984,118.7171788887996,121.27131405012548,124.08774288689202,128.7095844889494,132.21166500726764,136.84204233935358,139.509463728524,147.56599741100084,139.55139379606896,142.02630666752063,142.79445169624955,132.84189061385578,138.31954003747367,141.86262350076663,145.01916389618748,146.4634555729664,147.5387868195274,127.77738326687658,129.11989844369953,129.86384064575557,130.42875125815368,133.12511417883033,135.48957141041646,123.72102282464341,127.28008351533131,120.16208782391212,122.62074839052947,117.8241237986748,99.0329711100415,100.12641028469295,105.70590827665814,111.35560258233708,92.86740772859989,95.03198710619648,96.03037411570358,83.37952084144247,84.29560216970978,88.37462460161673,95.94448807462601,55.66008411499745,60.65797256913488,62.920087950807506,65.54063484029452,68.50789266529053,70.55105908044126,71.76754911328163,73.37691731229638,78.96750520624816,83.65173897496638,89.39076084284595,93.84455046517881,92.51339470290475,53.9188794088314,60.0600527494887,65.65853493951083,68.15446076667827,69.89434172375775,75.71372791721285,79.79389996340404,83.2337291891355,83.75807819641834,86.5674769100644,88.2624550042613,65.80279865149382,72.56688116276969,77.50266313507669,51.677868446362055,57.99859190179023,63.55100777238206,66.60311884506602,72.72586414435784,73.28747343915272,60.69620959870131,66.8783129624441,67.84180297277115,68.32125057157626,49.41914500884736,54.609573700198354,58.04992382772898,63.497021954254706,67.3379747006446,60.05048768678785,63.16443726891021,52.04871941955369,53.18467364398353,53.572344896464266,54.67637161715541,55.63023848417618,56.111297732086456,49.19338025114983,55.439073407237466,0.0
