source node ID,0,1,2,3,4,5,6,7,8,9,10,11,12,13,14,15,16,17,18,19,20,21,22,23,24,25,26,27,28,29,30,31,32,33,34,35,36,37,38,39,40,41,42,43,44,45,46,47,48,49,50,51,52,53,54,55,56,57,58,59,60,61,62,63,64,65,66,67,68,69,70,71,72,73,74,75,76,77,78,79,80,81,82,83,84,85,86,87,88,89,90,91,92,93,94,95,96,97,98,99,100,101,102,103,104,105,106,107,108,109,110,111,112,113,114,115,116,117,118,119,120,121,122,123,124,125,126,127,128,129,130,131,132,133,134,135,136,137,138,139,140,141,142,143,144,145,146,147,148,149,150,151,152,153,154,155,156,157,158,159,160,161,162,163,164,165,166,167,168,169,170,171,172,173,174,175,176,177,178,179,180,181,182,183,184,185,186,187,188,189,190,191,192,193,194,195,196,197,198,199,200,201
0,0.0,0.06801470429251973,4.95724787525092,10.738749842733071,14.254024227471726,16.092802898220327,28.060442849355233,35.0765635723759,35.43592411556338,40.53825250562217,46.99201055810601,53.01694582746782,59.1618299598173,65.93460738123014,71.31021823024071,79.73025801637,84.97232154135709,114.89275536174142,117.60044625990542,120.23252338643493,124.49213780560481,129.83259377864684,130.78779532805933,137.07270972683995,143.70575616117162,150.79810704081655,155.84175552182708,158.64744224703358,161.4595917807533,167.66690359827948,171.03974364785196,174.93848049457551,177.2736586462376,180.83786304553908,187.28868198579775,190.67212549796108,191.63217237181672,128.8890048720511,134.88393781579617,142.7360726847347,145.79383722766468,153.6056635186161,159.30786265579115,160.74546517387466,163.06631760347892,166.46232393445064,172.0246868316374,174.70212796077544,178.83659648768432,180.86657727577074,184.59947494380293,185.12999261551613,188.91488098903525,190.75677485134113,191.04149752342752,169.7280366759106,173.06105977814076,174.8068948218949,161.7140163723096,166.97309899193064,174.36377385962712,143.2773142267255,147.4219253061876,149.71554951254748,152.12918660208686,159.03316646880143,165.2027977381724,170.03035716297498,170.7363777009199,165.51319632984374,166.11298796032884,167.02473628086472,154.6016208470193,156.2875511540012,158.24345196948238,160.89994552302247,164.2212652908256,166.56231313313896,154.94323482512652,159.67249956713454,165.00214026796982,89.67095964191346,103.58581246183215,108.11860950118876,111.38568862480973,118.01958830750016,122.9839803145842,128.733969358052,135.8810105640337,140.36868646587868,145.95503428892013,147.32073923509265,149.33427666955964,156.2370848662286,159.10405452075932,162.27582295492977,152.71460629033916,159.5326156039145,160.55321003854561,155.1280277098358,156.64631951314632,159.6294482398358,155.94007495591384,159.57348726392402,143.51131858279635,146.24725370629616,148.24539884616962,158.64911707572583,151.900067652403,154.83570216643912,123.10170456866976,125.57645081828807,128.46950698780847,133.96923398103277,138.17647262413348,142.32685224532477,144.57208029610268,150.46577633509213,145.1592051976851,146.83382455742034,147.6292496010291,135.57964894447733,140.37089773785053,143.24780232438098,145.58877092733147,146.60214844829787,147.41103039271255,132.67143251847585,134.0139476952988,134.75788989735486,135.32280050975297,138.01916343042961,140.38362066201574,128.61507207624268,132.1741327669306,124.18368564612162,126.59950952215232,122.71817305027407,106.67985027672714,108.25291798029235,112.08139927187523,116.48795733911997,98.20954067156936,100.61115367120105,102.32538848592162,88.27357009304174,89.18965142130905,93.268673853216,100.83853732622528,60.55413336659672,65.55202182073414,67.81413720240677,70.43468409189377,73.40194191688978,75.44510833204052,76.66159836488089,78.27096656389564,83.86155445784742,88.54578822656563,94.2848100944452,98.73859971677807,97.89134387867513,58.81292866043067,64.95410200108796,70.82557166378743,74.04630946745912,75.69709261493793,81.53008515736416,88.32611620496834,91.06342309313412,91.60325454831248,89.57564455370195,91.16064960101252,69.5656445846493,74.22157102307166,79.09673307166041,56.571917697961325,62.8926411533895,68.44505702398133,71.49716809666529,77.61991339595711,78.18152269075199,65.59025885030057,71.77236221404337,72.73585222437042,73.21529982317553,54.31319426044663,59.503622951797624,62.94397307932825,68.39107120585398,72.23202395224386,64.94453693838712,68.05848652050949,56.94276867115296,58.0787228955828,58.466394148063536,59.57042086875468,60.52428773577545,61.005346983685726,54.0874295027491,60.333122658836736,16.583450433866865
1,0.06801470429251973,0.0,4.8892331709584,10.670735138440552,14.186009523179207,16.024788193927808,27.992428145062718,35.008548868083395,35.36790941127087,40.47023780132966,46.9239958538135,52.94893112317531,59.09381525552479,65.86659267693763,71.24220352594818,79.66224331207748,84.90430683706457,114.8247406574489,117.5324315556129,120.16450868214241,124.42412310131229,129.76457907435432,130.7197806237668,137.00469502254742,143.6377414568791,150.73009233652402,155.77374081753456,158.57942754274106,161.39157707646078,167.59888889398695,170.97172894355944,174.870465790283,177.20564394194508,180.76984834124656,187.22066728150523,190.60411079366855,191.5641576675242,128.82099016775857,134.81592311150365,142.66805798044217,145.72582252337216,153.53764881432357,159.23984795149863,160.67745046958214,162.9983028991864,166.39430923015811,171.9566721273449,174.63411325648292,178.7685817833918,180.79856257147821,184.5314602395104,185.0619779112236,188.84686628474273,190.6887601470486,190.973482819135,169.66002197161808,172.99304507384824,174.73888011760238,161.64600166801708,166.90508428763812,174.2957591553346,143.20929952243299,147.35391060189508,149.64753480825496,152.06117189779434,158.9651517645089,165.13478303387987,169.96234245868246,170.66836299662737,165.4451816255512,166.04497325603631,166.9567215765722,154.53360614272677,156.21953644970867,158.17543726518986,160.83193081872994,164.1532505865331,166.49429842884643,154.875220120834,159.604484862842,164.9341255636773,89.60294493762093,103.51779775753963,108.05059479689623,111.31767392051721,117.95157360320763,122.91596561029168,128.66595465375948,135.81299585974116,140.30067176158616,145.8870195846276,147.25272453080012,149.26626196526712,156.16907016193608,159.0360398164668,162.20780825063724,152.64659158604664,159.46460089962198,160.4851953342531,155.06001300554328,156.5783048088538,159.56143353554327,155.87206025162132,159.5054725596315,143.44330387850383,146.17923900200364,148.1773841418771,158.5811023714333,151.8320529481105,154.7676874621466,123.03368986437724,125.50843611399554,128.40149228351595,133.90121927674025,138.10845791984096,142.25883754103225,144.50406559181016,150.3977616307996,145.0911904933926,146.76580985312782,147.56123489673658,135.5116342401848,140.302883033558,143.17978762008846,145.52075622303894,146.53413374400535,147.34301568842002,132.60341781418333,133.9459329910063,134.68987519306233,135.25478580546044,137.9511487261371,140.31560595772322,128.54705737195016,132.10611806263807,124.1156709418291,126.5314948178598,122.65015834598155,106.61183557243461,108.18490327599983,112.0133845675827,116.41994263482745,98.14152596727683,100.54313896690853,102.2573737816291,88.20555538874922,89.12163671701653,93.20065914892348,100.77052262193276,60.486118662304214,65.48400711644163,67.74612249811426,70.36666938760126,73.33392721259727,75.37709362774801,76.59358366058838,78.20295185960313,83.79353975355491,88.47777352227313,94.2167953901527,98.67058501248556,97.82332917438261,58.74491395613816,64.88608729679545,70.75755695949492,73.97829476316662,75.62907791064542,81.46207045307165,88.25810150067583,90.99540838884161,91.53523984401997,89.50762984940944,91.09263489672001,69.4976298803568,74.15355631877915,79.0287183673679,56.50390299366882,62.82462644909699,68.37704231968883,71.4291533923728,77.55189869166462,78.1135079864595,65.52224414600806,71.70434750975086,72.66783752007791,73.14728511888302,54.24517955615412,59.435608247505115,62.875958375035744,68.32305650156147,72.16400924795136,64.87652223409461,67.99047181621697,56.87475396686045,58.01070819129029,58.39837944377103,59.50240616446217,60.456273031482944,60.93733227939322,54.019414798456594,60.26510795454423,16.515435729574342
2,4.95724787525092,4.8892331709584,0.0,5.781501967482151,9.296776352220807,11.135555022969406,23.103194974104312,30.119315697124986,30.478676240312463,35.581004630371254,42.034762682855096,48.05969795221691,54.20458208456638,60.97735950597923,66.3529703549898,74.77301014111909,80.01507366610618,109.93550748649051,112.64319838465451,115.27527551118402,119.5348899303539,124.87534590339591,125.83054745280839,132.115461851589,138.74850828592068,145.8408591655656,150.88450764657614,153.69019437178264,156.50234390550236,162.70965572302853,166.08249577260102,169.98123261932457,172.31641077098666,175.88061517028814,182.3314341105468,185.71487762271013,186.67492449656578,123.93175699680016,129.92668994054526,137.77882480948378,140.83658935241377,148.64841564336518,154.35061478054024,155.78821729862375,158.109069728228,161.50507605919972,167.0674389563865,169.74488008552453,173.8793486124334,175.90932940051982,179.64222706855202,180.17274474026522,183.95763311378434,185.79952697609022,186.0842496481766,164.7707888006597,168.10381190288984,169.849646946644,156.7567684970587,162.01585111667973,169.4065259843762,138.32006635147457,142.46467743093666,144.75830163729654,147.17193872683592,154.07591859355048,160.24554986292145,165.07310928772404,165.77912982566895,160.5559484545928,161.1557400850779,162.06748840561377,149.64437297176838,151.33030327875028,153.28620409423146,155.94269764777155,159.2640174155747,161.60506525788804,149.9859869498756,154.71525169188362,160.0448923927189,84.71371176666254,98.62856458658123,103.16136162593784,106.42844074955882,113.06234043224924,118.02673243933329,123.77672148280111,130.92376268878277,135.41143859062777,140.99778641366922,142.36349135984173,144.37702879430873,151.27983699097769,154.1468066455084,157.31857507967885,147.75735841508822,154.57536772866357,155.59596216329467,150.17077983458486,151.68907163789538,154.67220036458485,150.98282708066293,154.6162393886731,138.5540707075454,141.29000583104522,143.28815097091868,153.69186920047488,146.9428197771521,149.8784542911882,118.14445669341885,120.61920294303715,123.51225911255754,129.01198610578183,133.21922474888254,137.36960437007383,139.61483242085174,145.5085284598412,140.20195732243417,141.8765766821694,142.67200172577816,130.62240106922644,135.41364986259964,138.2905544491301,140.63152305208058,141.64490057304698,142.45378251746166,127.71418464322494,129.0566998200479,129.80064202210394,130.36555263450205,133.0619155551787,135.42637278676483,123.65782420099177,127.21688489167967,119.2264377708707,121.6422616469014,117.76092517502316,101.72260240147622,103.29567010504144,107.12415139662431,111.53070946386906,93.25229279631844,95.65390579595014,97.36814061067071,83.31632221779083,84.23240354605814,88.31142597796509,95.88128945097436,55.59688549134581,60.59477394548323,62.85688932715586,65.47743621664287,68.44469404163888,70.48786045678962,71.70435048962999,73.31371868864474,78.90430658259652,83.58854035131473,89.3275622191943,93.78135184152717,92.93409600342422,53.85568078517976,59.996854125837054,65.86832378853651,69.08906159220821,70.73984473968702,76.57283728211324,83.36886832971743,86.1061752178832,86.64600667306156,84.61839667845103,86.20340172576161,64.6083967093984,69.26432314782076,74.13948519640951,51.61466982271041,57.935393278138584,63.48780914873041,66.53992022141438,72.6626655207062,73.22427481550108,60.633010975049665,66.81511433879245,67.7786043491195,68.25805194792461,49.355946385195715,54.54637507654671,57.98672520407734,63.43382333060306,67.27477607699295,59.9872890631362,63.10123864525857,51.98552079590205,53.121475020331886,53.50914627281262,54.61317299350377,55.56703986052454,56.04809910843481,49.13018162749819,55.37587478358582,11.626202558615944
3,10.738749842733071,10.670735138440552,5.781501967482151,0.0,3.5152743847386554,5.354053055487255,17.321693006622162,24.337813729642836,24.697174272830313,29.799502662889104,36.253260715372946,42.27819598473476,48.42308011708423,55.19585753849708,60.57146838750764,68.99150817363693,74.23357169862402,104.15400551900835,106.86169641717235,109.49377354370186,113.75338796287174,119.09384393591375,120.04904548532623,126.33395988410686,132.96700631843854,140.05935719808346,145.103005679094,147.9086924043005,150.72084193802021,156.9281537555464,160.30099380511888,164.19973065184243,166.53490880350452,170.099113202806,176.54993214306467,179.933375655228,180.89342252908364,118.150255029318,124.14518797306309,131.9973228420016,135.0550873849316,142.866913675883,148.56911281305807,150.00671533114158,152.32756776074584,155.72357409171755,161.28593698890433,163.96337811804236,168.09784664495123,170.12782743303765,173.86072510106982,174.39124277278302,178.17613114630214,180.01802500860802,180.3027476806944,158.98928683317752,162.32230993540767,164.06814497916181,150.97526652957652,156.23434914919756,163.62502401689403,132.53856438399242,136.68317546345452,138.9767996698144,141.39043675935378,148.29441662606834,154.4640478954393,159.2916073202419,159.9976278581868,154.77444648711065,155.37423811759575,156.28598643813163,143.8628710042862,145.5488013112681,147.5047021267493,150.16119568028938,153.48251544809253,155.82356329040587,144.20448498239344,148.93374972440145,154.26339042523674,78.93220979918038,92.84706261909908,97.37985965845569,100.64693878207666,107.28083846476709,112.24523047185113,117.99521951531895,125.14226072130063,129.62993662314562,135.21628444618707,136.5819893923596,138.59552682682659,145.49833502349554,148.36530467802626,151.5370731121967,141.97585644760608,148.79386576118142,149.81446019581253,144.38927786710272,145.90756967041324,148.8906983971027,145.2013251131808,148.83473742119097,132.77256874006326,135.50850386356308,137.50664900343654,147.91036723299274,141.16131780966992,144.09695232370603,112.36295472593669,114.837700975555,117.73075714507539,123.23048413829969,127.43772278140041,131.58810240259172,133.83333045336963,139.72702649235907,134.42045535495203,136.09507471468726,136.89049975829602,124.84089910174427,129.63214789511747,132.50905248164793,134.8500210845984,135.8633986055648,136.6722805499795,121.93268267574278,123.27519785256573,124.01914005462179,124.58405066701988,127.28041358769654,129.64487081928266,117.87632223350961,121.43538292419751,113.44493580338855,115.86075967941925,111.979423207541,95.94110043399407,97.51416813755928,101.34264942914216,105.7492074963869,87.47079082883629,89.87240382846798,91.58663864318855,77.53482025030867,78.45090157857598,82.52992401048293,90.09978748349221,49.81538352386366,54.81327197800108,57.07538735967371,59.695934249160715,62.663192074156726,64.70635848930746,65.92284852214783,67.53221672116258,73.12280461511436,77.80703838383258,83.54606025171215,87.99984987404501,87.15259403594206,48.0741788176976,54.2153521583549,60.08682182105436,63.30755962472605,64.95834277220486,70.79133531463108,77.58736636223527,80.32467325040105,80.8645047055794,78.83689471096888,80.42189975827945,58.82689474191624,63.4828211803386,68.35798322892734,45.83316785522826,52.153891310656434,57.70630718124826,60.75841825393223,66.88116355322406,67.44277284801893,54.851509007567515,61.03361237131031,61.99710238163736,62.47654998044248,43.574444417713565,48.76487310906455,52.20522323659518,57.652321363120905,61.49327410951079,54.20578709565405,57.31973667777642,46.2040188284199,47.339973052849736,47.72764430533047,48.83167102602162,49.78553789304239,50.26659714095266,43.34867966001604,49.59437281610367,5.844700591133792
4,14.254024227471726,14.186009523179207,9.296776352220807,3.5152743847386554,0.0,1.8387786707486,13.806418621883507,20.82253934490418,21.181899888091657,26.284228278150444,32.737986330634286,38.7629215999961,44.90780573234557,51.68058315375842,57.05619400276898,65.47623378889827,70.71829731388536,100.63873113426969,103.3464220324337,105.9784991589632,110.23811357813308,115.5785695511751,116.53377110058757,122.8186854993682,129.45173193369988,136.5440828133448,141.58773129435534,144.39341801956184,147.20556755328155,153.41287937080773,156.78571942038022,160.68445626710377,163.01963441876586,166.58383881806733,173.034657758326,176.41810127048933,177.37814814434498,114.63498064457934,120.62991358832443,128.48204845726295,131.53981300019294,139.35163929114435,145.0538384283194,146.49144094640292,148.81229337600718,152.2082997069789,157.77066260416566,160.4481037333037,164.58257226021257,166.612553048299,170.3454507163312,170.87596838804438,174.6608567615635,176.5027506238694,176.78747329595578,155.47401244843886,158.807035550669,160.55287059442315,147.45999214483786,152.7190747644589,160.10974963215537,129.02328999925376,133.16790107871586,135.46152528507574,137.87516237461512,144.77914224132968,150.94877351070065,155.77633293550323,156.48235347344814,151.259172102372,151.8589637328571,152.77071205339297,140.34759661954755,142.03352692652945,143.98942774201063,146.64592129555072,149.96724106335387,152.3082889056672,140.68921059765478,145.4184753396628,150.74811604049808,75.41693541444172,89.33178823436042,93.86458527371703,97.131664397338,103.76556408002843,108.72995608711247,114.47994513058029,121.62698633656197,126.11466223840696,131.70101006144841,133.06671500762093,135.08025244208793,141.98306063875688,144.8500302932876,148.02179872745805,138.46058206286742,145.27859137644276,146.29918581107387,140.87400348236406,142.39229528567458,145.37542401236405,141.68605072844213,145.3194630364523,129.2572943553246,131.99322947882442,133.99137461869788,144.39509284825408,137.64604342493126,140.58167793896737,108.84768034119803,111.32242659081633,114.21548276033673,119.71520975356103,123.92244839666175,128.07282801785306,130.31805606863097,136.2117521076204,130.90518097021337,132.5798003299486,133.37522537355736,121.32562471700561,126.11687351037881,128.99377809690927,131.33474669985975,132.34812422082615,133.15700616524083,118.41740829100412,119.75992346782706,120.50386566988313,121.06877628228122,123.76513920295788,126.12959643454401,114.36104784877095,117.92010853945885,109.92966141864989,112.34548529468059,108.46414882280234,92.4258260492554,93.99889375282062,97.8273750444035,102.23393311164824,83.95551644409763,86.35712944372932,88.07136425844989,74.01954586557001,74.93562719383732,79.01464962574427,86.58451309875355,46.300109139125,51.29799759326242,53.56011297493505,56.180659864422054,59.147917689418065,61.191084104568795,62.40757413740917,64.01694233642392,69.6075302303757,74.29176399909392,80.03078586697349,84.48457548930635,83.6373196512034,44.55890443295894,50.700077773616236,56.5715474363157,59.79228523998739,61.4430683874662,67.27606092989242,74.07209197749661,76.80939886566239,77.34923032084075,75.32162032623022,76.90662537354079,55.31162035717758,59.96754679559994,64.84270884418868,42.3178934704896,48.63861692591777,54.1910327965096,57.24314386919357,63.36588916848539,63.927498463280266,51.336234622828854,57.51833798657165,58.4818279968987,58.96127559570382,40.059170032974905,45.24959872432589,48.68994885185652,54.137046978382244,57.97799972477213,50.69051271091539,53.80446229303776,42.68874444368124,43.824698668111076,44.21236992059181,45.31639664128296,46.27026350830373,46.751322756214,39.83340527527738,46.07909843136501,9.359974975872447
5,16.092802898220324,16.024788193927805,11.135555022969406,5.354053055487255,1.8387786707486,0.0,11.967639951134908,18.983760674155583,19.34312121734306,24.445449607401848,30.89920765988569,36.9241429292475,43.06902706159698,49.841804483009824,55.21741533202039,63.63745511814968,68.87951864313678,98.79995246352111,101.50764336168511,104.13972048821462,108.3993349073845,113.73979088042651,114.69499242983899,120.97990682861962,127.61295326295128,134.7053041425962,139.74895262360673,142.55463934881323,145.36678888253294,151.57410070005912,154.9469407496316,158.84567759635516,161.18085574801725,164.74506014731872,171.1958790875774,174.57932259974072,175.53936947359637,112.79620197383076,118.79113491757585,126.64326978651437,129.70103432944435,137.51286062039577,143.21505975757083,144.65266227565434,146.9735147052586,150.3695210362303,155.93188393341708,158.60932506255511,162.743793589464,164.7737743775504,168.5066720455826,169.0371897172958,172.82207809081493,174.6639719531208,174.9486946252072,153.63523377769027,156.96825687992043,158.71409192367457,145.62121347408927,150.8802960937103,158.2709709614068,127.18451132850517,131.32912240796728,133.62274661432716,136.03638370386653,142.9403635705811,149.10999483995207,153.93755426475465,154.64357480269956,149.4203934316234,150.0201850621085,150.9319333826444,138.50881794879896,140.19474825578087,142.15064907126205,144.80714262480214,148.1284623926053,150.46951023491863,138.8504319269062,143.5796966689142,148.9093373697495,73.57815674369314,87.49300956361184,92.02580660296844,95.29288572658942,101.92678540927984,106.89117741636389,112.64116645983171,119.78820766581339,124.27588356765838,129.86223139069983,131.22793633687235,133.24147377133934,140.1442819680083,143.01125162253902,146.18302005670947,136.62180339211884,143.43981270569418,144.4604071403253,139.03522481161545,140.55351661492597,143.53664534161544,139.84727205769354,143.48068436570372,127.41851568457602,130.15445080807584,132.1525959479493,142.5563141775055,135.80726475418268,138.7428992682188,107.00890167044945,109.48364792006775,112.37670408958815,117.87643108281245,122.08366972591317,126.23404934710447,128.47927739788238,134.37297343687183,129.06640229946478,130.74102165920002,131.53644670280877,119.48684604625703,124.27809483963023,127.15499942616069,129.49596802911117,130.50934555007757,131.31822749449225,116.57862962025554,117.92114479707848,118.66508699913454,119.22999761153264,121.9263605322093,124.29081776379543,112.52226917802237,116.08132986871027,108.0908827479013,110.506706623932,106.62537015205376,90.58704737850682,92.16011508207204,95.98859637365491,100.39515444089966,82.11673777334904,84.51835077298074,86.23258558770131,72.18076719482143,73.09684852308874,77.17587095499569,84.74573442800497,44.4613304683764,49.45921892251383,51.721334304186456,54.34188119367346,57.30913901866947,59.3523054338202,60.568795466660575,62.178163665675335,67.7687515596271,72.45298532834532,78.19200719622489,82.64579681855776,81.79854098045482,42.720125762210344,48.86129910286764,54.7327687655671,57.9535065692388,59.6042897167176,65.43728225914383,72.23331330674802,74.97062019491379,75.51045165009215,73.48284165548162,75.0678467027922,53.472841686428985,58.12876812485134,63.00393017344008,40.479114799741005,46.79983825516918,52.35225412576101,55.40436519844497,61.52711049773679,62.08871979253167,49.49745595208026,55.679559315823056,56.643049326150106,57.12249692495522,38.22039136222631,43.4108200535773,46.851170181107925,52.29826830763365,56.13922105402354,48.8517340401668,51.96568362228916,40.84996577293264,41.98591999736248,42.373591249843216,43.47761797053436,44.43148483755513,44.912544085465406,37.99462660452878,44.240319760616416,11.198753646621046
6,28.06044284935523,27.99242814506271,23.103194974104312,17.321693006622162,13.806418621883507,11.967639951134908,0.0,7.0161207230206735,7.37548126620815,12.477809656266938,18.93156770875078,24.956502978112592,31.10138711046207,37.87416453187492,43.24977538088548,51.669815167014775,56.911878692001864,86.8323125123862,89.5400034105502,92.17208053707971,96.43169495624959,101.7721509292916,102.72735247870408,109.0122668774847,115.64531331181637,122.73766419146128,127.78131267247183,130.58699939767834,133.39914893139806,139.60646074892423,142.97930079849672,146.87803764522027,149.21321579688237,152.77742019618384,159.2282391364425,162.61168264860584,163.57172952246148,100.82856202269585,106.82349496644093,114.67562983537945,117.73339437830946,125.54522066926087,131.24741980643594,132.68502232451945,135.0058747541237,138.40188108509543,143.9642439822822,146.64168511142023,150.7761536383291,152.80613442641553,156.5390320944477,157.0695497661609,160.85443813968,162.6963320019859,162.98105467407228,141.6675938265554,145.00061692878555,146.7464519725397,133.65357352295436,138.9126561425754,146.30333101027188,115.21687137737025,119.36148245683235,121.65510666319224,124.0687437527316,130.97272361944616,137.14235488881712,141.9699143136197,142.67593485156462,137.45275348048847,138.05254511097357,138.96429343150945,126.54117799766405,128.22710830464595,130.18300912012714,132.83950267366723,136.16082244147037,138.50187028378372,126.88279197577128,131.6120567177793,136.94169741861458,61.61051679255823,75.52536961247692,80.05816665183353,83.3252457754545,89.95914545814493,94.92353746522897,100.6735265086968,107.82056771467848,112.30824361652347,117.89459143956492,119.26029638573742,121.27383382020443,128.1766420168734,131.0436116714041,134.21538010557455,124.65416344098392,131.47217275455927,132.49276718919037,127.06758486048052,128.58587666379105,131.56900539048053,127.87963210655863,131.5130444145688,115.45087573344111,118.18681085694092,120.18495599681438,130.58867422637059,123.83962480304778,126.7752593170839,95.04126171931453,97.51600796893284,100.40906413845323,105.90879113167753,110.11602977477826,114.26640939596956,116.51163744674747,122.40533348573692,117.09876234832988,118.7733817080651,119.56880675167386,107.51920609512212,112.31045488849531,115.18735947502577,117.52832807797624,118.54170559894264,119.35058754335732,104.61098966912063,105.95350484594357,106.69744704799963,107.26235766039773,109.95872058107439,112.32317781266052,100.55462922688746,104.11368991757536,96.12324279676639,98.53906667279709,94.65773020091885,78.61940742737191,80.19247513093713,84.02095642252,88.42751448976475,70.14909782221413,72.55071082184583,74.2649456365664,60.21312724368652,61.12920857195384,65.20823100386079,72.77809447687007,32.4936905172415,37.49157897137892,39.75369435305155,42.37424124253855,45.34149906753456,47.38466548268529,48.60115551552567,50.21052371454043,55.80111160849221,60.48534537721042,66.22436724509,70.67815686742286,69.8309010293199,30.752485811075438,36.893659151732734,42.765128814432195,45.98586661810389,47.636649765582696,53.46964230800893,60.26567335561312,63.00298024377889,63.54281169895726,61.51520170434673,63.1002067516573,41.50520173529408,46.161128173716435,51.036290222305176,28.511474848606095,34.832198304034264,40.384614174626094,43.43672524731006,49.55947054660188,50.12107984139676,37.52981600094535,43.71191936468814,44.67540937501519,45.15485697382031,26.252751411091396,31.443180102442387,34.88353022997302,40.33062835649875,44.17158110288864,36.88409408903189,39.99804367115426,28.882325821797735,30.018280046227577,30.405951298708313,31.50997801939946,32.463844886420226,32.9449041343305,26.026986653393873,32.27267980948151,23.166393597755956
7,35.07656357237591,35.00854886808339,30.11931569712499,24.33781372964284,20.822539344904182,18.983760674155583,7.0161207230206735,0.0,0.3593605431874773,5.461688933246266,11.915446985730107,17.94038225509192,24.085266387441393,30.858043808854237,36.233654657864804,44.6536944439941,49.89575796898119,79.81619178936552,82.52388268752952,85.15595981405903,89.41557423322891,94.75603020627092,95.7112317556834,101.99614615446403,108.62919258879569,115.7215434684406,120.76519194945115,123.57087867465766,126.38302820837738,132.59034002590354,135.96318007547603,139.86191692219958,142.19709507386168,145.76129947316315,152.21211841342182,155.59556192558514,156.5556087994408,93.81244129967517,99.80737424342026,107.65950911235878,110.71727365528878,118.5290999462402,124.23129908341527,125.66890160149876,127.98975403110302,131.38576036207473,136.9481232592615,139.62556438839954,143.76003291530841,145.79001370339483,149.52291137142703,150.05342904314023,153.83831741665935,155.68021127896523,155.96493395105162,134.6514731035347,137.98449620576486,139.730331249519,126.6374527999337,131.89653541955474,139.2872102872512,108.20075065434958,112.34536173381167,114.63898594017155,117.05262302971092,123.95660289642547,130.12623416579643,134.95379359059902,135.65981412854393,130.43663275746778,131.03642438795288,131.94817270848876,119.52505727464337,121.21098758162528,123.16688839710646,125.82338195064654,129.14470171844968,131.48574956076303,119.8666712527506,124.5959359947586,129.9255766955939,54.59439606953755,68.50924888945625,73.04204592881285,76.30912505243383,82.94302473512425,87.9074167422083,93.65740578567612,100.8044469916578,105.29212289350279,110.87847071654424,112.24417566271674,114.25771309718375,121.1605212938527,124.02749094838343,127.19925938255386,117.63804271796324,124.45605203153859,125.4766464661697,120.05146413745985,121.56975594077038,124.55288466745986,120.86351138353797,124.49692369154815,108.43475501042043,111.17069013392025,113.1688352737937,123.57255350334991,116.8235040800271,119.75913859406322,88.02514099629386,90.49988724591216,93.39294341543255,98.89267040865685,103.09990905175758,107.25028867294888,109.4955167237268,115.38921276271624,110.08264162530921,111.75726098504443,112.55268602865318,100.50308537210144,105.29433416547464,108.1712387520051,110.51220735495556,111.52558487592196,112.33446682033664,97.59486894609995,98.9373841229229,99.68132632497895,100.24623693737705,102.94259985805371,105.30705708963984,93.53850850386678,97.09756919455468,89.10712207374571,91.52294594977641,87.64160947789817,71.60328670435123,73.17635440791645,77.00483569949932,81.41139376674407,63.13297709919346,65.53459009882516,67.24882491354573,53.197006520665845,54.11308784893316,58.19211028084011,65.76197375384939,25.477569794220823,30.475458248358244,32.73757363003087,35.358120519517875,38.32537834451389,40.368544759664616,41.58503479250499,43.19440299151975,48.78499088547153,53.469224654189745,59.20824652206932,63.66203614440218,62.81478030629923,23.736365088054765,29.877538428712057,35.74900809141152,38.969745895083214,40.62052904256202,46.45352158498825,53.24955263259244,55.986859520758216,56.52669097593658,54.49908098132605,56.08408602863663,34.4890810122734,39.14500745069576,44.0201694992845,21.495354125585422,27.816077581013595,33.368493451605424,36.42060452428939,42.54334982358121,43.10495911837609,30.513695277924676,36.695798641667466,37.659288651994515,38.13873625079963,19.236630688070722,24.427059379421713,27.86740950695234,33.31450763347807,37.15546037986796,29.867973366011213,32.98192294813358,21.86620509877706,23.0021593232069,23.389830575687636,24.49385729637878,25.44772416339955,25.928783411309823,19.0108659303732,25.256559086460832,30.182514320776633
8,35.43592411556339,35.367909411270865,30.478676240312463,24.697174272830313,21.181899888091657,19.343121217343057,7.37548126620815,0.3593605431874773,0.0,5.102328390058789,11.55608644254263,17.581021711904445,23.725905844253923,30.498683265666767,35.874294114677326,44.29433390080662,49.53639742579371,79.45683124617804,82.16452214434204,84.79659927087155,89.05621369004143,94.39666966308344,95.35187121249592,101.63678561127655,108.26983204560821,115.36218292525312,120.40583140626367,123.21151813147019,126.0236676651899,132.23097948271607,135.60381953228855,139.5025563790121,141.8377345306742,145.40193892997567,151.85275787023434,155.23620138239767,156.1962482562533,93.4530807564877,99.44801370023278,107.3001485691713,110.3579131121013,118.16973940305272,123.87193854022779,125.30954105831128,127.63039348791554,131.02639981888726,136.58876271607403,139.26620384521206,143.40067237212094,145.43065316020736,149.16355082823952,149.69406849995272,153.47895687347184,155.32085073577773,155.6055734078641,134.29211256034722,137.62513566257738,139.37097070633152,126.27809225674622,131.53717487636726,138.92784974406374,107.8413901111621,111.9860011906242,114.27962539698407,116.69326248652344,123.59724235323799,129.76687362260895,134.59443304741154,135.30045358535645,130.0772722142803,130.6770638447654,131.58881216530128,119.1656967314559,120.8516270384378,122.80752785391898,125.46402140745906,128.7853411752622,131.12638901757555,119.50731070956313,124.23657545157113,129.5662161524064,54.235035526350075,68.14988834626877,72.68268538562538,75.94976450924635,82.58366419193678,87.54805619902082,93.29804524248864,100.44508644847032,104.93276235031531,110.51911017335676,111.88481511952926,113.89835255399628,120.80116075066522,123.66813040519595,126.83989883936638,117.27868217477577,124.09669148835111,125.11728592298222,119.69210359427237,121.2103953975829,124.19352412427239,120.50415084035049,124.13756314836067,108.07539446723295,110.81132959073277,112.80947473060623,123.21319296016243,116.46414353683963,119.39977805087574,87.66578045310638,90.14052670272469,93.03358287224508,98.53330986546938,102.7405485085701,106.8909281297614,109.13615618053932,115.02985221952876,109.72328108212173,111.39790044185695,112.1933254854657,100.14372482891396,104.93497362228716,107.81187820881762,110.15284681176809,111.16622433273449,111.97510627714917,97.23550840291247,98.57802357973542,99.32196578179148,99.88687639418957,102.58323931486623,104.94769654645236,93.1791479606793,96.7382086513672,88.74776153055824,91.16358540658894,87.2822489347107,71.24392616116376,72.81699386472897,76.64547515631185,81.05203322355659,62.77361655600598,65.17522955563769,66.88946437035825,52.83764597747837,53.753727305745684,57.832749737652634,65.40261321066191,25.11820925103335,30.116097705170773,32.3782130868434,34.998759976330405,37.966017801326416,40.009184216477145,41.22567424931752,42.83504244833228,48.42563034228406,53.109864111002274,58.848885978881846,63.3026756012147,62.45541976311175,23.37700454486729,29.518177885524587,35.38964754822405,38.610385351895744,40.26116849937455,46.09416104180078,52.89019208940497,55.627498977570745,56.16733043274911,54.13972043813858,55.724725485449156,34.12972046908593,38.78564690750829,43.66080895609703,21.135993582397948,27.456717037826117,33.009132908417946,36.06124398110191,42.18398928039373,42.74559857518861,30.154334734737205,36.33643809848,37.29992810880705,37.77937570761217,18.877270144883248,24.06769883623424,27.508048963764868,32.955147090290595,36.79609983668048,29.508612822823743,32.62256240494611,21.506844555589588,22.64279878001943,23.030470032500165,24.13449675319131,25.08836362021208,25.569422868122352,18.651505387185722,24.897198543273355,30.541874863964104
9,40.538252505622175,40.47023780132965,35.581004630371254,29.799502662889104,26.284228278150447,24.445449607401848,12.477809656266938,5.461688933246266,5.102328390058789,0.0,6.453758052483842,12.478693321845654,18.62357745419513,25.396354875607972,30.771965724618536,39.19200551074783,44.43406903573492,74.35450285611925,77.06219375428326,79.69427088081277,83.95388529998264,89.29434127302466,90.24954282243714,96.53445722121776,103.16750365554942,110.25985453519434,115.30350301620489,118.1091897414114,120.92133927513112,127.12865109265728,130.50149114222975,134.4002279889533,136.7354061406154,140.29961053991687,146.75042948017554,150.13387299233887,151.0939198661945,88.3507523664289,94.34568531017399,102.19782017911251,105.25558472204251,113.06741101299393,118.769610150169,120.2072126682525,122.52806509785675,125.92407142882848,131.48643432601526,134.1638754551533,138.29834398206216,140.32832477014858,144.06122243818078,144.59174010989398,148.3766284834131,150.21852234571898,150.50324501780537,129.18978417028845,132.5228072725186,134.26864231627275,121.17576386668742,126.43484648630846,133.82552135400493,102.73906172110331,106.8836728005654,109.1772970069253,111.59093409646466,118.49491396317921,124.66454523255017,129.49210465735274,130.19812519529765,124.97494382422153,125.57473545470664,126.48648377524252,114.06336834139711,115.74929864837901,117.7051994638602,120.36169301740027,123.68301278520343,126.02406062751679,114.40498231950434,119.13424706151234,124.46388776234762,49.13270713629129,63.04755995620998,67.58035699556659,70.84743611918756,77.48133580187799,82.44572780896203,88.19571685242985,95.34275805841153,99.83043396025653,105.41678178329798,106.78248672947048,108.79602416393749,115.69883236060643,118.56580201513717,121.7375704493076,112.17635378471698,118.99436309829233,120.01495753292343,114.58977520421358,116.10806700752411,119.0911957342136,115.40182245029169,119.03523475830187,102.97306607717417,105.70900120067398,107.70714634054744,118.11086457010364,111.36181514678084,114.29744966081695,82.56345206304759,85.0381983126659,87.93125448218629,93.43098147541059,97.63822011851131,101.78859973970262,104.03382779048053,109.92752382946998,104.62095269206294,106.29557205179816,107.09099709540692,95.04139643885517,99.83264523222837,102.70954981875883,105.0505184217093,106.0638959426757,106.87277788709038,92.13318001285369,93.47569518967663,94.21963739173269,94.78454800413078,97.48091092480745,99.84536815639358,88.07681957062051,91.63588026130842,83.64543314049945,86.06125701653015,82.1799205446519,66.14159777110497,67.71466547467018,71.54314676625306,75.9497048334978,57.671288165947196,60.0729011655789,61.787135980299475,47.73531758741958,48.6513989156869,52.73042134759385,60.300284820603125,20.01588086097456,25.01376931511198,27.27588469678461,29.89643158627161,32.86368941126762,34.90685582641835,36.12334585925873,37.73271405827349,43.323301952225265,48.00753572094348,53.74655758882305,58.200347211155915,57.35309137305296,18.2746761548085,24.415849495465793,30.287319158165257,33.50805696183695,35.158840109315754,40.99183265174199,47.787863699346175,50.52517058751195,51.06500204269032,49.03739204807979,50.62239709539036,29.02739207902714,33.68331851744949,38.558480566038234,16.033665192339157,22.35438864776733,27.90680451835916,30.958915591043123,37.081660890334945,37.64327018512982,25.05200634467841,31.234109708421204,32.19759971874825,32.67704731755337,13.774941754824459,18.96537044617545,22.405720573706077,27.852818700231804,31.693771446621692,24.40628443276495,27.520234014887315,16.404516165530794,17.540470389960635,17.92814164244137,19.032168363132516,19.986035230153284,20.467094478063558,13.549176997126935,19.794870153214568,35.6442032540229
10,46.99201055810602,46.923995853813494,42.034762682855096,36.253260715372946,32.73798633063429,30.89920765988569,18.931567708750784,11.915446985730108,11.55608644254263,6.453758052483842,0.0,6.024935269361813,12.16981940171129,18.942596823124134,24.318207672134697,32.73824745826399,37.98031098325109,67.90074480363542,70.60843570179942,73.24051282832893,77.50012724749881,82.84058322054082,83.7957847699533,90.08069916873393,96.71374560306559,103.8060964827105,108.84974496372105,111.65543168892756,114.46758122264728,120.67489304017344,124.04773308974593,127.94646993646948,130.28164808813156,133.84585248743304,140.2966714276917,143.68011493985503,144.64016181371068,81.89699431394507,87.89192725769016,95.74406212662868,98.80182666955868,106.6136529605101,112.31585209768517,113.75345461576866,116.07430704537292,119.47031337634465,125.03267627353142,127.71011740266947,131.84458592957833,133.87456671766475,137.60746438569691,138.1379820574101,141.92287043092924,143.76476429323512,144.0494869653215,122.73602611780461,126.06904922003478,127.81488426378893,114.72200581420358,119.98108843382462,127.3717633015211,96.28530366861948,100.42991474808157,102.72353895444147,105.13717604398083,112.04115591069538,118.21078718006633,123.0383466048689,123.7443671428138,118.52118577173769,119.1209774022228,120.03272572275868,107.60961028891327,109.29554059589518,111.25144141137636,113.90793496491644,117.2292547327196,119.57030257503295,107.9512242670205,112.6804890090285,118.01012970986379,42.67894908380745,56.593801903726145,61.12659894308275,64.39367806670371,71.02757774939414,75.99196975647818,81.741958799946,88.88900000592768,93.37667590777268,98.96302373081413,100.32872867698663,102.34226611145364,109.24507430812258,112.11204396265332,115.28381239682375,105.72259573223315,112.54060504580849,113.5611994804396,108.13601715172975,109.65430895504028,112.63743768172976,108.94806439780785,112.58147670581803,96.51930802469033,99.25524314819015,101.2533882880636,111.65710651761981,104.908057094297,107.84369160833312,76.10969401056374,78.58444026018205,81.47749642970244,86.97722342292674,91.18446206602746,95.33484168721877,97.58006973799668,103.47376577698613,98.16719463957911,99.84181399931433,100.63723904292308,88.58763838637132,93.37888717974452,96.25579176627498,98.59676036922545,99.61013789019185,100.41901983460653,85.67942196036985,87.0219371371928,87.76587933924885,88.33078995164695,91.02715287232361,93.39161010390974,81.62306151813668,85.18212220882458,77.1916750880156,79.6074989640463,75.72616249216807,59.68783971862113,61.26090742218634,65.08938871376921,69.49594678101396,51.21753011346336,53.61914311309506,55.33337792781564,41.281559534935745,42.19764086320306,46.27666329511001,53.84652676811929,13.562122808490717,18.560011262628137,20.822126644300766,23.44267353378777,26.40993135878378,28.45309777393451,29.66958780677488,31.278956005789638,36.869543899741416,41.55377766845963,47.2927995363392,51.746589158672066,50.89933332056913,11.820918102324658,17.96209144298195,23.833561105681415,27.054298909353108,28.705082056831912,34.538074599258145,41.334105646862334,44.07141253502811,44.611243990206475,42.583633995595946,44.16863904290652,22.5736340265433,27.229560464965655,32.1047225135544,9.579907139855315,15.900630595283486,21.453046465875317,24.50515753855928,30.627902837851103,31.18951213264598,18.598248292194572,24.780351655937366,25.743841666264416,26.223289265069532,7.321183702340617,12.511612393691609,15.951962521222237,21.399060647747966,25.240013394137854,17.952526380281107,21.066475962403473,9.950758113046955,11.086712337476795,11.474383589957533,12.578410310648678,13.532277177669446,14.01333642557972,7.095418944643092,13.341112100730726,42.09796130650674
11,53.01694582746783,52.948931123175306,48.05969795221691,42.27819598473476,38.762921599996105,36.9241429292475,24.956502978112592,17.94038225509192,17.58102171190444,12.478693321845654,6.024935269361813,0.0,6.1448841323494765,12.917661553762322,18.293272402772885,26.71331218890218,31.95537571388927,61.87580953427361,64.5835004324376,67.21557755896711,71.47519197813699,76.815647951179,77.77084950059148,84.05576389937211,90.68881033370377,97.78116121334868,102.82480969435923,105.63049641956574,108.44264595328546,114.64995777081162,118.02279782038411,121.92153466710766,124.25671281876976,127.82091721807124,134.2717361583299,137.65517967049323,138.61522654434887,75.87205904458325,81.86699198832834,89.71912685726686,92.77689140019686,100.58871769114828,106.29091682832335,107.72851934640684,110.0493717760111,113.44537810698283,119.0077410041696,121.68518213330765,125.81965066021652,127.84963144830294,131.58252911633514,132.11304678804834,135.89793516156746,137.73982902387334,138.02455169595973,116.7110908484428,120.04411395067297,121.7899489944271,108.69707054484178,113.95615316446282,121.3468280321593,90.26036839925766,94.40497947871975,96.69860368507963,99.112240774619,106.01622064133355,112.1858519107045,117.01341133550707,117.71943187345197,112.49625050237586,113.09604213286097,114.00779045339685,101.58467501955145,103.27060532653336,105.22650614201454,107.88299969555462,111.20431946335776,113.54536730567112,101.92628899765869,106.65555373966669,111.98519444050197,36.654013814445634,50.568866634364326,55.10166367372093,58.3687427973419,65.00264248003234,69.96703448711638,75.7170235305842,82.86406473656588,87.35174063841087,92.93808846145232,94.30379340762482,96.31733084209183,103.22013903876078,106.08710869329151,109.25887712746194,99.69766046287133,106.51566977644667,107.53626421107778,102.11108188236793,103.62937368567846,106.61250241236795,102.92312912844605,106.55654143645623,90.49437275532851,93.23030787882833,95.22845301870179,105.63217124825799,98.88312182493519,101.8187563389713,70.08475874120194,72.55950499082024,75.45256116034064,80.95228815356494,85.15952679666566,89.30990641785696,91.55513446863488,97.44883050762432,92.14225937021729,93.8168787299525,94.61230377356127,82.56270311700952,87.35395191038272,90.23085649691318,92.57182509986364,93.58520262083005,94.39408456524473,79.65448669100803,80.99700186783097,81.74094406988704,82.30585468228513,85.00221760296179,87.36667483454792,75.59812624877486,79.15718693946276,71.1667398186538,73.5825636946845,69.70122722280625,53.66290444925931,55.23597215282452,59.0644534444074,63.471011511652144,45.19259484410154,47.594207843733244,49.30844265845382,35.256624265573926,36.17270559384124,40.25172802574819,47.82159149875747,7.537187539128904,12.535075993266325,14.797191374938954,17.417738264425957,20.384996089421968,22.428162504572697,23.64465253741307,25.254020736427826,30.844608630379604,35.52884239909782,41.26786426697739,45.72165388931025,44.87439805120731,5.795982832962846,11.93715617362014,17.808625836319603,21.029363639991296,22.6801467874701,28.513139329896333,35.30917037750052,38.0464772656663,38.58630872084466,36.558698726234134,38.14370377354471,16.548698757181487,21.204625195603843,26.079787244192584,3.554971870493502,9.875695325921672,15.428111196513502,18.480222269197466,24.60296756848929,25.164576863284168,12.573313022832757,18.75541638657555,19.7189063969026,20.198353995707716,1.2962484329788044,6.486677124329796,9.927027251860425,15.374125378386152,19.215078124776042,11.927591110919295,15.04154069304166,3.9258228436851415,5.061777068114981,5.449448320595719,6.553475041286864,7.507341908307632,7.988401156217906,13.120354214004905,19.366047370092538,48.12289657586855
12,59.16182995981731,59.09381525552479,54.20458208456639,48.42308011708424,44.90780573234559,43.069027061596984,31.101387110462074,24.0852663874414,23.725905844253923,18.623577454195132,12.16981940171129,6.1448841323494765,0.0,6.772777421412845,12.148388270423407,20.5684280565527,25.810491581539793,55.730925401924125,58.43861630008812,61.07069342661764,65.33030784578752,70.67076381882953,71.625965368242,77.91087976702264,84.5439262013543,91.6362770809992,96.67992556200976,99.48561228721627,102.29776182093599,108.50507363846215,111.87791368803464,115.77665053475819,118.11182868642028,121.67603308572177,128.12685202598044,131.51029553814377,132.4703424119994,69.72717491223378,75.72210785597886,83.57424272491738,86.63200726784738,94.4438335587988,100.14603269597387,101.58363521405737,103.90448764366162,107.30049397463335,112.86285687182013,115.54029800095817,119.67476652786705,121.70474731595347,125.43764498398565,125.96816265569886,129.753051029218,131.59494489152388,131.87966756361027,110.56620671609332,113.89922981832349,115.64506486207763,102.55218641249229,107.81126903211333,115.2019438998098,84.11548426690818,88.26009534637028,90.55371955273017,92.96735664226954,99.87133650898409,106.04096777835504,110.86852720315761,111.5745477411025,106.3513663700264,106.95115800051151,107.86290632104739,95.43979088720198,97.12572119418388,99.08162200966507,101.73811556320514,105.0594353310083,107.40048317332166,95.78140486530921,100.51066960731721,105.8403103081525,30.509129682096155,44.423982502014844,48.956779541371446,52.22385866499242,58.85775834768285,63.82215035476689,69.57213939823471,76.71918060421639,81.20685650606138,86.79320432910284,88.15890927527533,90.17244670974235,97.07525490641129,99.94222456094202,103.11399299511245,93.55277633052185,100.3707856440972,101.3913800787283,95.96619775001845,97.48448955332898,100.46761828001847,96.77824499609656,100.41165730410674,84.34948862297904,87.08542374647885,89.08356888635231,99.48728711590852,92.73823769258571,95.67387220662182,63.93987460885244,66.41462085847076,69.30767702799115,74.80740402121545,79.01464266431617,83.16502228550748,85.41025033628539,91.30394637527483,85.99737523786781,87.67199459760303,88.46741964121179,76.41781898466003,81.20906777803323,84.08597236456369,86.42694096751416,87.44031848848056,88.24920043289524,73.50960255865856,74.8521177354815,75.59605993753756,76.16097054993566,78.85733347061232,81.22179070219845,69.45324211642539,73.01230280711329,65.0218556863043,67.437679562335,63.55634309045678,47.518020316909826,49.09108802047504,52.91956931205792,57.32612737930266,39.04771071175206,41.44932371138376,43.16355852610434,29.11174013322445,30.027821461491765,34.10684389339871,41.67670736640799,13.68207167147838,18.6799601256158,20.94207550728843,23.56262239677543,26.529880221771442,28.57304663692217,29.789536669762544,31.3989048687773,36.98949276272908,41.673726531447294,47.412748399326865,51.86653802165972,38.72951391885783,11.940866965312322,18.082040305969617,23.95350996866908,27.174247772340774,28.82503091981958,34.65802346224581,41.454054509849996,44.19136139801577,44.73119285319414,42.70358285858361,44.28858790589418,22.693582889530965,27.34950932795332,32.22467137654206,9.699856002842978,16.02057945827115,21.57299532886298,24.625106401546944,30.747851700838766,31.309460995633643,6.428428890483281,12.610532254226076,13.574022264553124,14.05346986335824,7.441132565328281,12.631561256679273,16.0719113842099,21.51900951073563,25.359962257125517,5.782706978569818,8.896656560692184,10.070706976034618,11.206661200464458,11.594332452945196,12.69835917363634,13.652226040657109,14.133285288567382,19.265238346354383,25.51093150244202,54.267780708218034
13,65.93460738123015,65.86659267693763,60.97735950597922,55.19585753849707,51.68058315375842,49.84180448300982,37.87416453187491,30.85804380885424,30.498683265666763,25.396354875607976,18.942596823124134,12.917661553762322,6.772777421412845,0.0,5.375610849010563,13.795650635139857,19.03771416012695,48.958147980511285,51.66583887867528,54.2979160052048,58.55753042437468,63.897986397416695,64.85318794682918,71.13810234560981,77.77114877994147,84.86349965958638,89.90714814059693,92.71283486580344,95.52498439952316,101.73229621704932,105.10513626662181,109.00387311334536,111.33905126500746,114.90325566430894,121.35407460456761,124.73751811673093,125.69756499058657,62.95439749082095,68.94933043456604,76.80146530350456,79.85922984643456,87.67105613738597,93.37325527456105,94.81085779264454,97.1317102222488,100.52771655322053,106.0900794504073,108.76752057954535,112.90198910645422,114.93196989454064,118.66486756257282,119.19538523428604,122.98027360780517,124.82216747011105,125.10689014219743,103.7934292946805,107.12645239691066,108.8722874406648,95.77940899107946,101.0384916107005,108.42916647839698,77.34270684549536,81.48731792495745,83.78094213131735,86.19457922085671,93.09855908757126,99.26819035694221,104.09574978174479,104.80177031968968,99.57858894861357,100.17838057909869,101.09012889963456,88.66701346578915,90.35294377277106,92.30884458825224,94.96533814179232,98.28665790959548,100.62770575190883,89.00862744389639,93.73789218590439,99.06753288673967,23.73635226068331,37.651205080602,42.1840021199586,45.45108124357957,52.084980926270006,57.04937293335405,62.79936197682187,69.94640318280355,74.43407908464854,80.02042690769,81.3861318538625,83.3996692883295,90.30247748499845,93.16944713952918,96.34121557369961,86.77999890910903,93.59800822268437,94.61860265731548,89.19342032860563,90.71171213191616,93.69484085860564,90.0054675746837,93.63887988269389,77.57671120156621,80.31264632506603,82.31079146493948,92.71450969449569,85.96546027117289,88.901094785209,57.1670971874396,59.641843437057915,62.534899606578314,68.0346265998026,72.24186524290333,76.39224486409464,78.63747291487255,84.531168953862,79.22459781645499,80.8992171761902,81.69464221979896,69.64504156324719,74.43629035662039,77.31319494315085,79.65416354610132,80.66754106706772,81.4764230114824,66.73682513724573,68.07934031406867,68.82328251612473,69.38819312852283,72.08455604919949,74.44901328078562,62.68046469501255,66.23952538570046,58.249078264891466,60.66490214092217,56.78356566904394,40.74524289549698,42.318310599062194,46.14679189064507,50.553349957889814,32.27493329033922,34.67654628997092,36.3907811046915,22.338962711811607,23.25504404007892,27.33406647198587,34.90392994499515,20.454849092891227,25.452737547028647,27.714852928701276,30.33539981818828,33.30265764318429,35.34582405833502,36.562314091175395,38.171682290190155,43.76227018414193,48.44650395286015,54.18552582073972,58.639315443072576,31.95673649744499,18.713644386725168,24.85481772738246,30.726287390081925,33.94702519375362,35.59780834123242,41.430800883658655,48.22683193126284,50.96413881942862,51.503970274606985,49.476360279996456,51.06136532730703,29.46636031094381,34.12228674936617,38.99744879795491,16.472633424255825,22.793356879683998,28.345772750275827,31.39788382295979,37.52062912225161,38.08223841704649,13.201206311896126,19.38330967563892,20.34679968596597,20.826247284771085,14.213909986741127,19.404338678092117,22.844688805622745,28.291786932148472,32.13273967853836,12.555484399982664,15.66943398210503,16.84348439744746,17.979438621877303,18.36710987435804,19.471136595049185,20.425003462069952,20.906062709980226,26.038015767767227,32.28370892385486,61.04055812963087
14,71.31021823024072,71.2422035259482,66.3529703549898,60.57146838750764,57.05619400276899,55.21741533202039,43.24977538088548,36.233654657864804,35.874294114677326,30.77196572461854,24.318207672134697,18.293272402772885,12.148388270423407,5.375610849010563,0.0,8.420039786129294,13.662103311116386,43.58253713150072,46.29022802966472,48.922305156194234,53.18191957536412,58.52237554840613,59.47757709781861,65.76249149659924,72.3955379309309,79.48788881057581,84.53153729158636,87.33722401679287,90.14937355051259,96.35668536803875,99.72952541761124,103.6282622643348,105.96344041599689,109.52764481529837,115.97846375555704,119.36190726772035,120.321954141576,57.57878664181039,63.57371958555548,71.425854454494,74.483618997424,82.29544528837542,87.99764442555049,89.43524694363398,91.75609937323824,95.15210570420997,100.71446860139675,103.39190973053479,107.52637825744367,109.55635904553009,113.28925671356227,113.81977438527548,117.60466275879462,119.4465566211005,119.73127929318687,98.41781844566994,101.75084154790011,103.49667659165425,90.40379814206892,95.66288076168996,103.05355562938644,71.96709599648479,76.11170707594688,78.40533128230678,80.81896837184614,87.72294823856069,93.89257950793164,98.72013893273422,99.42615947067911,94.202978099603,94.80276973008812,95.714518050624,83.2914026167786,84.9773329237605,86.93323373924169,89.58972729278176,92.9110470605849,95.25209490289826,83.63301659488583,88.36228133689383,93.69192203772911,18.36074141167275,32.27559423159144,36.80839127094804,40.07547039456902,46.70937007725945,51.673762084343494,57.423751127811315,64.570792333793,69.05846823563799,74.64481605867944,76.01052100485194,78.02405843931895,84.92686663598789,87.79383629051863,90.96560472468906,81.40438806009846,88.2223973736738,89.24299180830491,83.81780947959506,85.33610128290559,88.31923000959507,84.62985672567316,88.26326903368334,72.20110035255564,74.93703547605546,76.93518061592891,87.33889884548512,80.58984942216233,83.52548393619844,51.791486338429046,54.26623258804736,57.15928875756776,62.65901575079205,66.86625439389277,71.01663401508408,73.26186206586199,79.15555810485144,73.84898696744442,75.52360632717964,76.3190313707884,64.26943071423663,69.06067950760983,71.93758409414029,74.27855269709076,75.29193021805716,76.10081216247184,61.36121428823517,62.70372946505811,63.44767166711417,64.01258227951227,66.70894520018894,69.07340243177507,57.30485384600199,60.86391453668989,52.87346741588091,55.28929129191162,51.407954820033375,35.36963204648642,36.94269975005164,40.77118104163451,45.17773910887926,26.899322441328657,29.30093544096036,31.015170255680932,16.963351862801044,17.879433191068358,21.958455622975308,29.52831909598459,25.83045994190179,30.82834839603921,33.09046377771184,35.71101066719884,38.67826849219485,40.72143490734558,41.93792494018596,43.54729313920072,49.137881033152496,53.82211480187071,59.56113666975028,64.01492629208315,26.581125648434426,24.08925523573573,30.230428576393024,36.101898239092485,39.32263604276418,40.973419190242986,46.80641173266922,53.60244278027341,56.33974966843918,56.87958112361755,54.85197112900702,56.43697617631759,34.84197115995437,39.497897598376724,44.373059646965466,21.84824427326639,28.16896772869456,33.72138359928639,36.773494671970354,42.896239971262176,43.45784926605705,18.57681716090669,24.758920524649483,25.722410534976532,26.20185813378165,19.58952083575169,24.77994952710268,28.22029965463331,33.66739778115904,37.50835052754893,17.931095248993223,21.04504483111559,22.219095246458025,23.355049470887867,23.742720723368603,24.846747444059748,25.800614311080516,26.28167355899079,31.41362661677779,37.65931977286542,66.41616897864144
15,79.73025801637003,79.6622433120775,74.7730101411191,68.99150817363694,65.47623378889828,63.63745511814968,51.669815167014775,44.6536944439941,44.29433390080662,39.19200551074783,32.73824745826399,26.71331218890218,20.5684280565527,13.795650635139857,8.420039786129294,0.0,5.242063524987092,35.16249734537143,37.870188243535424,40.50226537006494,44.761879789234825,50.10233576227684,51.057537311689316,57.342451710469945,63.975498144801605,71.06784902444652,76.11149750545707,78.91718423066358,81.7293337643833,87.93664558190946,91.30948563148195,95.2082224782055,97.54340062986759,101.10760502916908,107.55842396942775,110.94186748159106,111.9019143554467,49.158746855681095,55.153679799426186,63.00581466836471,66.06357921129471,73.87540550224612,79.5776046394212,81.01520715750469,83.33605958710895,86.73206591808068,92.29442881526745,94.9718699444055,99.10633847131437,101.13631925940079,104.86921692743297,105.39973459914619,109.18462297266532,111.0265168349712,111.31123950705758,89.99777865954064,93.33080176177081,95.07663680552496,81.98375835593961,87.24284097556065,94.63351584325713,63.5470562103555,67.6916672898176,69.9852914961775,72.39892858571686,79.30290845243141,85.47253972180236,90.30009914660494,91.00611968454983,85.78293831347372,86.38272994395884,87.29447826449471,74.8713628306493,76.5572931376312,78.51319395311239,81.16968750665247,84.49100727445563,86.83205511676898,75.21297680875654,79.94224155076454,85.27188225159982,9.940701625543454,23.855554445462143,28.38835148481875,31.655430608439723,38.289330291130156,43.2537222982142,49.00371134168202,56.1507525476637,60.638428449508694,66.22477627255014,67.59048121872264,69.60401865318966,76.5068268498586,79.37379650438933,82.54556493855976,72.98434827396918,79.80235758754452,80.82295202217563,75.39776969346576,76.9160614967763,79.89919022346578,76.20981693954386,79.84322924755404,63.78106056642635,66.51699568992616,68.51514082979962,78.91885905935582,72.16980963603304,75.10544415006915,43.37144655229975,45.846192801918065,48.739248971438464,54.23897596466276,58.44621460776348,62.596594228954785,64.8418222797327,70.73551831872214,65.42894718131512,67.10356654105034,67.8989915846591,55.84939092810734,60.64063972148054,63.51754430801099,65.85851291096147,66.87189043192787,67.68077237634255,52.94117450210587,54.283689678928816,55.02763188098488,55.59254249338297,58.288905414059634,60.653362645645764,48.884814059872696,52.443874750560596,44.453427629751616,46.86925150578232,42.98791503390408,26.94959226035713,28.522659963922347,32.351141255505226,36.75769932274997,18.479282655199363,20.880895654831065,22.595130469551638,8.54331207667175,9.459393404939066,13.538415836846013,21.108279309855295,34.25049972803108,39.248388182168505,41.510503563841134,44.131050453328136,47.09830827832415,49.141474693474876,50.35796472631525,51.96733292533001,57.55792081928179,62.242154588000005,67.98117645587958,72.43496607821244,18.161085862305132,32.50929502186503,38.650468362522325,44.521938025221786,47.74267582889348,49.39345897637229,55.22645151879852,62.02248256640271,64.75978945456849,65.29962090974685,63.27201091513632,64.8570159624469,43.26201094608367,47.917937384506025,52.79309943309477,30.268284059395683,36.589007514823855,42.141423385415685,45.19353445809965,51.31627975739147,51.87788905218635,26.996856947035983,33.17896031077878,34.14245032110583,34.62189791991094,28.009560621880983,33.199989313231974,36.6403394407626,42.08743756728833,45.92839031367822,26.351135035122518,29.465084617244884,30.63913503258732,31.77508925701716,32.1627605094979,33.266787230189045,34.22065409720982,34.70171334512009,39.833666402907085,46.07935955899472,74.83620876477073
16,84.97232154135712,84.9043068370646,80.01507366610619,74.23357169862403,70.71829731388537,68.87951864313678,56.911878692001864,49.89575796898119,49.53639742579371,44.43406903573492,37.98031098325108,31.955375713889268,25.810491581539793,19.03771416012695,13.662103311116386,5.242063524987092,0.0,29.920433820384336,32.628124718548335,35.26020184507785,39.51981626424774,44.86027223728975,45.81547378670223,52.100388185482856,58.73343461981452,65.82578549945943,70.86943398046998,73.67512070567649,76.48727023939621,82.69458205692237,86.06742210649486,89.96615895321841,92.3013371048805,95.86554150418199,102.31636044444066,105.69980395660397,106.65985083045962,43.916683330694006,49.9116162744391,57.76375114337762,60.82151568630761,68.63334197725902,74.3355411144341,75.77314363251759,78.09399606212185,81.49000239309358,87.05236529028035,89.7298064194184,93.86427494632727,95.89425573441369,99.62715340244587,100.15767107415908,103.94255944767822,105.7844533099841,106.06917598207048,84.75571513455354,88.08873823678371,89.83457328053785,76.74169483095253,82.00077745057357,89.39145231827004,58.30499268536841,62.44960376483051,64.74322797119041,67.15686506072977,74.06084492744432,80.23047619681527,85.05803562161785,85.76405615956274,80.54087478848663,81.14066641897175,82.05241473950763,69.6292993056622,71.3152296126441,73.27113042812529,75.92762398166536,79.24894374946851,81.58999159178187,69.97091328376943,74.70017802577743,80.02981872661272,4.698638100556363,18.61349092047505,23.146287959831653,26.413367083452627,33.04726676614305,38.0116587732271,43.76164781669492,50.9086890226766,55.39636492452159,60.98271274756304,62.34841769373554,64.36195512820255,71.2647633248715,74.13173297940223,77.30350141357266,67.74228474898209,74.56029406255743,75.58088849718854,70.15570616847867,71.6739979717892,74.65712669847869,70.96775341455677,74.60116572256695,58.53899704143926,61.274932164939074,63.27307730481253,73.67679553436874,66.92774611104595,69.86338062508206,38.12938302731265,40.60412927693096,43.49718544645136,48.996912439675654,53.20415108277638,57.35453070396768,59.59975875474559,65.49345479373504,60.186883656328035,61.86150301606326,62.656928059672026,50.60732740312024,55.39857619649344,58.27548078302389,60.616449385974356,61.62982690694076,62.438708851355436,47.699110977118785,49.04162615394173,49.78556835599779,50.35047896839588,53.046841889072546,55.411299120658676,43.64275053488561,47.20181122557351,39.21136410476451,41.62718798079522,37.745851508916985,21.707528735370037,23.280596438935255,27.10907773051813,31.515635797762876,13.23721913021227,15.638832129843971,17.353066944564546,3.3012485516846577,4.217329879951973,8.296352311858922,15.866215784868203,39.49256325301817,44.49045170715559,46.75256708882822,49.373113978315224,52.340371803311236,54.383538218461965,55.60002825130234,57.2093964503171,62.79998434426888,67.4842181129871,73.22323998086667,77.67702960319953,12.91902233731804,37.75135854685212,43.89253188750941,49.764001550208874,52.98473935388057,54.635522501359375,60.46851504378561,67.2645460913898,70.00185297955558,70.54168443473394,68.51407444012341,70.09907948743398,48.50407447107076,53.160000909493114,58.035162958081855,35.51034758438277,41.83107103981094,47.38348691040277,50.43559798308674,56.55834328237856,57.119952577173436,32.238920472023075,38.421023835765865,39.384513846092915,39.86396144489803,33.251624146868075,38.44205283821907,41.8824029657497,47.32950109227542,51.17045383866531,31.593198560109613,34.70714814223198,35.88119855757441,37.017152782004246,37.40482403448498,38.50885075517613,39.4627176221969,39.94377687010717,45.07572992789417,51.321423083981806,80.07827228975782
17,114.89275536174146,114.82474065744894,109.93550748649054,104.15400551900838,100.63873113426972,98.79995246352112,86.83231251238621,79.81619178936553,79.45683124617806,74.35450285611927,67.90074480363542,61.87580953427361,55.73092540192413,48.958147980511285,43.58253713150072,35.16249734537143,29.920433820384336,0.0,2.707690898163998,5.339768024693512,9.599382443863398,14.939838416905411,15.895039966317892,22.179954365098517,28.813000799430178,35.90535167907509,40.94900016008563,43.754686885292145,46.56683641901186,52.774148236538025,56.146988286110506,60.04572513283405,62.380903284496135,65.94510768379762,72.39592662405629,75.7793701362196,76.73941701007524,13.996249510309667,19.99118245405476,27.843317322993283,30.901081865923278,38.71290815687469,44.41510729404976,45.852709812133256,48.17356224173751,51.56956857270923,57.131931469895996,59.809372599034035,63.9438411259429,65.97382191402933,69.70671958206151,70.23723725377472,74.02212562729386,75.86401948959974,76.14874216168612,54.8352813141692,58.168304416399366,59.91413946015351,46.821261010568186,52.080343630189226,59.47101849788571,28.384558864984072,32.529169944446174,34.82279415080606,37.236431240345425,44.140411107059975,50.310042376430935,55.137601801233515,55.84362233917841,50.62044096810229,51.220232598587394,52.13198091912328,39.70886548527787,41.39479579225977,43.35069660774096,46.00719016128104,49.32850992908419,51.66955777139754,40.05047946338511,44.77974420539311,50.10938490622839,34.6190719209407,48.53392474085939,53.06672178021599,56.333800903836966,62.9677005865274,67.93209259361144,73.68208163707926,80.82912284306094,85.31679874490594,90.90314656794739,92.26885151411989,94.2823889485869,101.18519714525584,104.05216679978658,107.22393523395701,37.82185092859774,44.639860242173086,45.66045467680419,40.23527234809434,41.75356415140487,44.73669287809435,100.88818723494111,104.5215995429513,28.61856322105492,31.354498344554735,33.35264348442819,43.7563617139844,37.00731229066161,39.94294680469772,68.049816847697,70.52456309731531,73.4176192668357,78.91734626006,83.12458490316072,87.27496452435203,89.52019257512994,95.41388861411939,30.266449835943696,31.94106919567892,32.73649423928769,80.52776122350458,85.31901001687778,88.19591460340824,90.53688320635871,91.55026072732511,92.35914267173979,17.778677156734446,19.12119233355739,19.865134535613446,20.43004514801154,23.1264080686882,25.490865300274326,13.722316714501272,17.281377405189172,69.13179792514886,71.54762180117956,7.825417688532651,51.62796255575437,53.20103025931959,57.02951155090246,61.43606961814721,43.157652950596606,45.55926595022831,47.273500764948885,33.22168237206899,34.13776370033631,38.21678613224326,45.786649605252535,69.41299707340251,74.41088552753993,76.67300090921256,79.29354779869956,82.26080562369557,84.30397203884631,85.52046207168668,87.12983027070143,92.72041816465321,97.40465193337143,103.143673801251,107.59746342358386,42.83945615770237,67.67179236723645,73.81296570789374,79.6844353705932,82.9051731742649,84.55595632174371,90.38894886416993,97.18497991177412,99.9222867999399,100.46211825511826,98.43450826050773,100.0195133078183,78.42450829145508,83.08043472987744,87.95559677846619,65.4307814047671,71.75150486019527,77.3039207307871,80.35603180347107,86.47877710276289,87.04038639755777,62.159354292407414,68.34145765615021,69.30494766647726,69.78439526528237,63.172057967252414,68.3624866586034,71.80283678613404,77.24993491265977,81.09088765904966,61.51363238049395,64.62758196261632,65.80163237795875,66.93758660238859,67.32525785486934,68.42928457556049,69.38315144258125,69.86421069049153,74.9961637482785,81.24185690436614,109.99870611014217
18,117.60044625990547,117.53243155561294,112.64319838465454,106.86169641717238,103.34642203243372,101.50764336168513,89.54000341055021,82.52388268752954,82.16452214434206,77.06219375428327,70.60843570179942,64.5835004324376,58.43861630008813,51.66583887867528,46.29022802966472,37.870188243535424,32.628124718548335,2.707690898163998,0.0,2.632077126529514,6.891691545699398,12.232147518741412,13.187349068153893,19.47226346693452,26.105309901266182,33.19766078091109,38.241309261921636,41.04699598712815,43.85914552084786,50.06645733837403,53.43929738794651,57.338034234670054,59.67321238633214,63.23741678563362,69.68823572589228,73.0716792380556,74.03172611191124,11.288558612145668,17.28349155589076,25.135626424829283,28.193390967759278,36.005217258710694,41.70741639588576,43.14501891396925,45.465871343573504,48.86187767454523,54.42424057173199,57.10168170087003,61.2361502277789,63.26613101586533,66.9990286838975,67.52954635561072,71.31443472912986,73.15632859143574,73.44105126352211,52.1275904160052,55.46061351823536,57.206448561989504,44.11357011240419,49.37265273202523,56.76332759972171,25.676867966820076,29.821479046282178,32.115103252642065,34.52874034218143,41.43272020889599,47.60235147826695,52.429910903069526,53.13593144101442,47.9127500699383,48.512541700423405,49.42429002095929,37.00117458711387,38.687104894095775,40.64300570957696,43.29949926311704,46.620819030920195,48.96186687323355,37.34278856522111,42.07205330722911,47.401694008064396,37.3267628191047,51.241615639023394,55.774412678379996,59.04149180200097,65.6753914846914,70.63978349177545,76.38977253524327,83.53681374122495,88.02448964306994,93.61083746611139,94.97654241228389,96.9900798467509,103.89288804341984,106.75985769795058,109.93162613212101,35.114160030433744,41.93216934400909,42.9527637786402,37.527581449930345,39.04587325324088,42.02900197993036,103.59587813310512,107.2292904411153,25.910872322890924,28.64680744639074,30.644952586264193,41.0486708158204,34.29962139249761,37.23525590653372,70.757507745861,73.23225399547931,76.1253101649997,81.625037158224,85.83227580132473,89.98265542251603,92.22788347329394,98.12157951228339,27.5587589377797,29.233378297514925,30.02880334112369,83.23545212166859,88.02670091504179,90.90360550157224,93.24457410452271,94.25795162548911,95.06683356990379,15.070986258570445,16.41350143539339,17.157443637449447,17.72235424984754,20.4187171705242,22.783174402110326,11.014625816337272,14.573686507025172,71.83948882331286,74.25531269934356,10.533108586696649,54.335653453918376,55.90872115748359,59.737202449066466,64.1437605163112,45.86534384876061,48.26695684839231,49.98119166311289,35.92937327023299,36.84545459850031,40.92447703040726,48.49434050341654,72.12068797156651,77.11857642570394,79.38069180737656,82.00123869686357,84.96849652185958,87.01166293701031,88.22815296985068,89.83752116886544,95.42810906281721,100.11234283153543,105.851364699415,110.30515432174786,45.547147055866375,70.37948326540045,76.52065660605774,82.39212626875721,85.6128640724289,87.26364721990771,93.09663976233394,99.89267080993812,102.6299776981039,103.16980915328226,101.14219915867173,102.7272042059823,81.13219918961909,85.78812562804144,90.66328767663019,68.1384723029311,74.45919575835927,80.0116116289511,83.06372270163507,89.1864680009269,89.74807729572177,64.8670451905714,71.0491485543142,72.01263856464125,72.49208616344636,65.8797488654164,71.07017755676739,74.51052768429803,79.95762581082376,83.79857855721365,64.22132327865795,67.33527286078032,68.50932327612274,69.64527750055258,70.03294875303332,71.13697547372448,72.09084234074524,72.57190158865552,77.70385464644251,83.94954780253015,112.70639700830617
19,120.23252338643498,120.16450868214245,115.27527551118405,109.49377354370189,105.97849915896323,104.13972048821464,92.17208053707972,85.15595981405905,84.79659927087157,79.69427088081278,73.24051282832893,67.21557755896711,61.07069342661764,54.29791600520479,48.92230515619423,40.50226537006493,35.260201845077844,5.339768024693512,2.632077126529514,0.0,4.259614419169885,9.600070392211897,10.55527194162438,16.840186340405005,23.473232774736665,30.565583654381577,35.60923213539212,38.41491886059863,41.227068394318344,47.43438021184451,50.807220261416994,54.70595710814054,57.04113525980262,60.605339659104104,67.05615859936277,70.43960211152609,71.39964898538173,8.656481485616153,14.651414429361242,22.503549298299767,25.56131384122976,33.37314013218118,39.07533926935625,40.51294178743974,42.833794217043994,46.22980054801572,51.79216344520248,54.46960457434052,58.60407310124939,60.63405388933582,64.366951557368,64.89746922908121,68.68235760260035,70.52425146490623,70.8089741369926,49.49551328947569,52.82853639170585,54.574371435459994,41.481492985874674,46.740575605495714,54.131250473192196,23.04479084029056,27.18940191975266,29.48302612611255,31.896663215651916,38.80064308236647,44.97027435173743,49.79783377654001,50.503854314484904,45.28067294340878,45.88046457389389,46.792212894429774,34.369097460584356,36.05502776756626,38.010928583047445,40.667422136587525,43.98874190439068,46.32978974670403,34.7107114386916,39.439976180699595,44.76961688153488,39.95883994563421,53.8736927655529,58.406489804909505,61.67356892853048,68.30746861122091,73.27186061830496,79.02184966177278,86.16889086775446,90.65656676959945,96.2429145926409,97.6086195388134,99.62215697328041,106.52496516994935,109.39193482448009,112.56370325865052,32.48208290390423,39.30009221747957,40.32068665211068,34.89550432340083,36.41379612671136,39.39692485340084,106.22795525963463,109.8613675676448,23.278795196361408,26.014730319861222,28.012875459734676,38.41659368929088,31.667544265968097,34.60317878000421,73.38958487239051,75.86433112200882,78.75738729152921,84.25711428475351,88.46435292785424,92.61473254904554,94.85996059982345,100.7536566388129,24.926681811250184,26.60130117098541,27.396726214594175,85.8675292481981,90.6587780415713,93.53568262810175,95.87665123105222,96.89002875201862,97.6989106964333,12.43890913204093,13.781424308863874,14.525366510919932,15.090277123318028,17.786640043994687,20.151097275580813,8.382548689807757,11.941609380495658,74.47156594984237,76.88738982587307,13.165185713226164,56.967730580447885,58.5407982840131,62.369279575595975,66.77583764284071,48.49742097529012,50.89903397492182,52.6132687896424,38.5614503967625,39.47753172502982,43.55655415693677,51.12641762994605,74.75276509809602,79.75065355223344,82.01276893390607,84.63331582339308,87.60057364838909,89.64374006353982,90.86023009638019,92.46959829539495,98.06018618934672,102.74441995806494,108.48344182594451,112.93723144827737,48.179224182395885,73.01156039192996,79.15273373258725,85.02420339528672,88.24494119895841,89.89572434643722,95.72871688886345,102.52474793646763,105.26205482463341,105.80188627981177,103.77427628520124,105.35928133251181,83.7642763161486,88.42020275457095,93.2953648031597,70.77054942946062,77.09127288488878,82.64368875548061,85.69579982816458,91.8185451274564,92.38015442225128,67.49912231710091,73.68122568084371,74.64471569117076,75.12416328997587,68.51182599194591,73.7022546832969,77.14260481082754,82.58970293735327,86.43065568374315,66.85340040518746,69.96734998730983,71.14140040265225,72.27735462708209,72.66502587956283,73.76905260025399,74.72291946727475,75.20397871518503,80.33593177297202,86.58162492905966,115.33847413483568
20,124.49213780560486,124.42412310131233,119.53488993035393,113.75338796287177,110.23811357813311,108.39933490738451,96.4316949562496,89.41557423322892,89.05621369004145,83.95388529998266,77.50012724749882,71.475191978137,65.33030784578753,58.55753042437468,53.18191957536412,44.761879789234825,39.51981626424773,9.599382443863396,6.891691545699398,4.259614419169885,0.0,5.340455973042014,6.295657522454495,12.580571921235123,19.213618355566783,26.305969235211695,31.349617716222237,34.15530444142875,36.96745397514846,43.17476579267463,46.54760584224711,50.44634268897065,52.78152084063274,56.34572523993422,62.79654418019288,66.17998769235619,67.14003456621184,4.396867066446268,10.391800010191359,18.24393487912988,21.301699422059876,29.11352571301129,34.815724850186356,36.25332736826985,38.5741797978741,41.970186128845825,47.53254902603259,50.20999015517063,54.3444586820795,56.374439470165925,60.107337138198105,60.63785480991131,64.42274318343044,66.26463704573632,66.5493597178227,45.235898870305796,48.56892197253596,50.3147570162901,37.22187856670479,42.48096118632583,49.87163605402231,18.785176421120678,22.92978750058278,25.223411706942667,27.637048796482034,34.541028663196585,40.710659932567545,45.538219357370124,46.24423989531502,41.021058524238896,41.620850154724,42.53259847525989,30.10948304141447,31.79541334839637,33.75131416387756,36.40780771741764,39.72912748522079,42.070175327534145,30.451097019521704,35.1803617615297,40.51000246236499,44.218454364804096,58.13330718472278,62.66610422407938,65.93318334770035,72.56708303039078,77.53147503747482,83.28146408094264,90.42850528692432,94.91618118876931,100.50252901181076,101.86823395798326,103.88177139245028,110.78457958911922,113.65154924364995,116.82331767782038,28.22246848473435,35.040477798309695,36.0610722329408,30.635889904230943,32.154181707541476,35.137310434230955,110.48756967880448,114.12098198681466,19.019180777191522,21.755115900691337,23.75326104056479,34.156979270121,27.40792984679821,30.34356436083432,77.64919929156038,80.12394554117868,83.01700171069908,88.51672870392338,92.7239673470241,96.8743469682154,99.11957501899332,105.01327105798276,20.6670673920803,22.341686751815523,23.13711179542429,90.12714366736796,94.91839246074116,97.79529704727162,100.13626565022209,101.14964317118849,101.95852511560317,8.179294712871046,9.52180988969399,10.265752091750048,10.830662704148144,13.527025624824804,15.891482856410931,4.122934270637873,7.681994961325774,78.73118036901224,81.14700424504294,17.424800132396047,61.22734499961776,62.80041270318298,66.62889399476586,71.0354520620106,52.757035394460004,55.158648394091706,56.87288320881228,42.82106481593239,43.737146144199706,47.816168576106655,55.38603204911593,79.01237951726591,84.01026797140334,86.27238335307597,88.89293024256297,91.86018806755898,93.90335448270972,95.11984451555008,96.72921271456484,102.31980060851662,107.00403437723483,112.7430562451144,117.19684586744727,52.43883860156578,77.27117481109985,83.41234815175714,89.28381781445661,92.50455561812831,94.15533876560711,99.98833130803334,106.78436235563753,109.5216692438033,110.06150069898166,108.03389070437113,109.6188957516817,88.02389073531849,92.67981717374084,97.55497922232959,75.03016384863051,81.35088730405867,86.9033031746505,89.95541424733446,96.07815954662628,96.63976884142116,71.7587367362708,77.9408401000136,78.90433011034065,79.38377770914576,72.7714404111158,77.96186910246679,81.40221922999743,86.84931735652316,90.69027010291305,71.11301482435735,74.22696440647971,75.40101482182214,76.53696904625198,76.92464029873273,78.02866701942388,78.98253388644464,79.46359313435492,84.59554619214191,90.84123934822955,119.59808855400556
21,129.83259377864687,129.76457907435434,124.87534590339595,119.0938439359138,115.57856955117514,113.73979088042654,101.77215092929163,94.75603020627095,94.39666966308347,89.29434127302468,82.84058322054084,76.81564795117902,70.67076381882954,63.897986397416695,58.52237554840613,50.10233576227684,44.86027223728975,14.93983841690541,12.232147518741412,9.600070392211897,5.340455973042014,0.0,0.9552015494124815,7.240115948193108,13.87316238252477,20.965513262169683,26.009161743180226,28.814848468386735,31.626998002106447,37.834309819632615,41.2071498692051,45.10588671592864,47.441064867590725,51.005269266892206,57.45608820715087,60.83953171931419,61.79957859316984,9.737323039488281,15.732255983233372,23.584390852171897,26.64215539510189,34.453981686053304,40.15618082322837,41.59378334131186,43.914635770916114,47.31064210188784,52.8730049990746,55.55044612821264,59.68491465512151,61.714895443207936,65.44779311124012,65.97831078295333,69.76319915647247,71.60509301877835,71.88981569086472,50.57635484334781,53.90937794557797,55.655212989332114,42.5623345397468,47.82141715936784,55.21209202706432,13.444720448078662,17.589331527540764,19.88295573390065,22.29659282344002,29.200572690154573,35.37020395952553,40.19776338432811,40.90378392227301,35.680602551196884,36.28039418168199,37.19214250221788,35.44993901445648,37.135869321438385,39.09177013691957,41.74826369045965,45.069583458262805,47.410631300576156,35.79155299256372,40.52081773457172,45.850458435407006,49.558910337846115,63.47376315776481,68.00656019712142,71.27363932074239,77.90753900343282,82.87193101051686,88.62192005398468,95.76896125996636,100.25663716181135,105.8429849848528,107.2086899310253,109.22222736549232,116.12503556216126,118.992005216692,122.16377365086242,22.882012511692334,29.70002182526768,30.72061625989879,25.29543393118893,26.81372573449946,29.79685446118894,115.82802565184653,119.46143795985671,13.67872480414951,16.414659927649325,18.41280506752278,28.816523297078984,32.74838581984022,35.68402033387633,82.98965526460242,85.46440151422073,88.35745768374112,93.85718467696542,98.06442332006614,102.21480294125745,104.46003099203536,110.3537270310248,15.326611419038286,17.00123077877351,17.796655822382277,95.46759964041,100.2588484337832,103.13575302031366,105.47672162326413,106.49009914423053,107.2989810886452,13.51975068591306,14.862265862736004,15.606208064792062,16.171118677190158,18.867481597866817,21.231938829452943,9.463390243679886,13.022450934367786,84.07163634205428,86.48746021808498,22.765256105438063,66.5678009726598,68.14086867622501,71.96934996780789,76.37590803505263,58.09749136750202,60.499104367133725,62.2133391818543,48.16152078897441,49.077602117241724,53.156624549148674,60.72648802215795,84.35283549030792,89.35072394444535,91.61283932611798,94.23338621560498,97.20064404060099,99.24381045575173,100.4603004885921,102.06966868760685,107.66025658155863,112.34449035027684,118.08351221815641,122.53730184048928,57.77929457460779,82.61163078414187,88.75280412479916,94.62427378749862,97.84501159117032,99.49579473864912,105.32878728107535,112.12481832867954,114.86212521684531,115.40195667202367,113.37434667741314,114.95935172472372,93.3643467083605,98.02027314678286,102.8954351953716,80.37061982167252,86.69134327710069,92.24375914769251,95.29587022037649,101.41861551966831,101.98022481446318,77.09919270931282,83.28129607305561,84.24478608338266,84.72423368218777,78.11189638415782,83.3023250755088,86.74267520303944,92.18977332956517,96.03072607595506,76.45347079739936,79.56742037952174,80.74147079486416,81.877425019294,82.26509627177474,83.36912299246589,84.32298985948665,84.80404910739693,89.93600216518392,96.18169532127156,124.93854452704758
22,130.78779532805933,130.7197806237668,125.83054745280842,120.04904548532626,116.5337711005876,114.694992429839,102.72735247870409,95.71123175568341,95.35187121249594,90.24954282243715,83.7957847699533,77.77084950059148,71.625965368242,64.85318794682917,59.47757709781861,51.057537311689316,45.81547378670223,15.895039966317892,13.187349068153894,10.55527194162438,6.295657522454495,0.9552015494124815,0.0,6.284914398780627,12.91796083311229,20.0103117127572,25.053960193767743,27.859646918974253,30.671796452693968,36.87910827022014,40.25194831979262,44.15068516651616,46.48586331817825,50.05006771747973,56.50088665773839,59.88433016990171,60.84437704375736,10.692524588900763,16.687457532645855,24.53959240158438,27.597356944514374,35.40918323546579,41.11138237264086,42.548984890724356,44.86983732032861,48.26584365130033,53.828206548487096,56.505647677625134,60.640116204534,62.67009699262043,66.40299466065261,66.93351233236582,70.71840070588496,72.56029456819084,72.84501724027722,51.5315563927603,54.864579494990465,56.61041453874461,43.517536089159286,48.776618708780326,56.16729357647681,12.48951889866618,16.634129978128282,18.92775418448817,21.341391274027536,28.24537114074209,34.41500241011305,39.24256183491563,39.94858237286052,34.7254010017844,35.325192632269506,36.23694095280539,36.40514056386897,38.09107087085087,40.04697168633206,42.70346523987214,46.02478500767529,48.36583284998864,36.74675454197621,41.47601928398421,46.80565998481949,50.51411188725859,64.42896470717729,68.9617617465339,72.22884087015487,78.8627405528453,83.82713255992934,89.57712160339716,96.72416280937884,101.21183871122383,106.79818653426528,108.16389148043778,110.1774289149048,117.08023711157374,119.94720676610447,123.1189752002749,21.926810962279852,28.744820275855197,29.765414710486308,24.340232381776453,25.85852418508698,28.84165291177646,116.783227201259,120.41663950926917,12.723523254737028,15.459458378236844,17.4576035181103,27.861321747666505,33.70358736925271,36.63922188328882,83.9448568140149,86.4196030636332,89.3126592331536,94.8123862263779,99.01962486947862,103.17000449066992,105.41523254144784,111.30892858043728,14.371409869625804,16.04602922936103,16.841454272969795,96.42280118982248,101.21404998319568,104.09095456972614,106.4319231726766,107.445300693643,108.25418263805769,14.474952235325542,15.817467412148487,16.561409614204546,17.12632022660264,19.8226831472793,22.187140378865426,10.418591793092368,13.977652483780268,85.02683789146676,87.44266176749746,23.72045765485054,67.52300252207228,69.09607022563749,72.92455151722037,77.33110958446511,59.0526929169145,61.454305916546204,63.16854073126678,49.116722338386886,50.0328036666542,54.11182609856115,61.68168957157043,85.30803703972039,90.30592549385781,92.56804087553044,95.18858776501745,98.15584559001346,100.19901200516419,101.41550203800456,103.02487023701931,108.61545813097109,113.29969189968931,119.03871376756888,123.49250338990174,58.73449612402027,83.56683233355433,89.70800567421162,95.57947533691109,98.80021314058278,100.45099628806159,106.28398883048781,113.080019878092,115.81732676625778,116.35715822143614,114.32954822682561,115.91455327413618,94.31954825777296,98.97547469619532,103.85063674478407,81.32582137108498,87.64654482651315,93.19896069710498,96.25107176978895,102.37381706908077,102.93542636387565,78.05439425872528,84.23649762246808,85.19998763279513,85.67943523160024,79.06709793357028,84.25752662492127,87.6978767524519,93.14497487897764,96.98592762536752,77.40867234681183,80.5226219289342,81.69667234427662,82.83262656870646,83.2202978211872,84.32432454187835,85.27819140889912,85.7592506568094,90.89120371459639,97.13689687068403,125.89374607646005
23,137.07270972683997,137.00469502254745,132.11546185158906,126.3339598841069,122.81868549936824,120.97990682861965,109.01226687748473,101.99614615446406,101.63678561127658,96.53445722121779,90.08069916873394,84.05576389937212,77.91087976702265,71.13810234560981,65.76249149659924,57.342451710469945,52.100388185482856,22.17995436509852,19.47226346693452,16.84018634040501,12.580571921235123,7.240115948193108,6.284914398780627,0.0,6.6330464343316615,13.725397313976574,18.769045794987118,21.574732520193628,24.38688205391334,30.594193871439508,33.96703392101199,37.86577076773553,40.20094891939762,43.7651533186991,50.21597225895776,53.59941577112108,54.55946264497673,16.977438987681392,22.972371931426483,30.824506800365008,33.882271343295,41.69409763424642,47.39629677142149,48.833899289504984,51.154751719109235,54.55075805008096,60.113120947267724,62.79056207640576,66.92503060331464,68.95501139140106,72.68790905943324,73.21842673114645,77.00331510466559,78.84520896697147,79.12993163905784,57.81647079154093,61.149493893771094,62.895328937525235,49.802450487939915,55.061533107560955,62.45220797525744,6.204604499885554,10.349215579347655,12.642839785707542,15.056476875246908,21.960456741961462,28.13008801133242,32.957647436135,33.66366797407989,28.44048660300377,29.040278233488877,29.952026554024762,42.6900549626496,44.3759852696315,46.331886085112686,48.988379638652766,52.30969940645592,54.65074724876927,43.03166894075684,47.760933682764836,53.09057438360012,56.79902628603922,70.71387910595791,75.24667614531452,78.5137552689355,85.14765495162592,90.11204695870997,95.86203600217779,103.00907720815947,107.49675311000446,113.08310093304591,114.44880587921841,116.46234331368542,123.36515151035437,126.2321211648851,129.40388959905553,15.641896563499223,22.45990587707457,23.48050031170568,18.055317982995824,19.573609786306353,22.55673851299583,123.06814160003964,126.70155390804982,6.438608855956401,9.174543979456217,11.172689119329672,21.576407348885876,39.98850176803334,42.92413628206945,90.22977121279553,92.70451746241383,95.59757363193422,101.09730062515852,105.30453926825925,109.45491888945055,111.70014694022846,117.59384297921791,8.086495470845177,9.761114830580402,10.556539874189166,102.70771558860311,107.49896438197631,110.37586896850677,112.71683757145723,113.73021509242363,114.53909703683831,20.759866634106167,22.10238181092911,22.846324012985168,23.411234625383262,26.10759754605992,28.472054777646047,16.703506191872997,20.262566882560897,91.31175229024738,93.72757616627808,30.00537205363117,73.8079169208529,75.38098462441812,79.209465916001,83.61602398324574,65.33760731569512,67.73922031532682,69.45345513004739,55.401636737167514,56.31771806543483,60.39674049734178,67.96660397035106,91.59295143850103,96.59083989263846,98.85295527431109,101.47350216379809,104.4407599887941,106.48392640394484,107.7004164367852,109.30978463579996,114.90037252975173,119.58460629846995,125.32362816634952,129.77741778868238,65.0194105228009,89.85174673233497,95.99292007299226,101.86438973569173,105.08512753936343,106.73591068684223,112.56890322926846,119.36493427687265,122.10224116503842,122.64207262021678,120.61446262560625,122.19946767291682,100.60446265655361,105.26038909497596,110.13555114356471,87.61073576986563,93.93145922529379,99.48387509588562,102.5359861685696,108.65873146786141,109.22034076265629,84.33930865750592,90.52141202124872,91.48490203157577,91.96434963038088,85.35201233235092,90.54244102370191,93.98279115123255,99.42988927775828,103.27084202414817,83.69358674559247,86.80753632771484,87.98158674305726,89.1175409674871,89.50521221996785,90.609238940659,91.56310580767976,92.04416505559004,97.17611811337703,103.42181126946467,132.1786604752407
24,143.70575616117162,143.6377414568791,138.7485082859207,132.96700631843856,129.4517319336999,127.6129532629513,115.64531331181638,108.6291925887957,108.26983204560823,103.16750365554944,96.71374560306559,90.68881033370377,84.5439262013543,77.77114877994146,72.3955379309309,63.975498144801605,58.73343461981452,28.813000799430185,26.105309901266185,23.473232774736672,19.213618355566787,13.873162382524772,12.91796083311229,6.6330464343316615,0.0,7.092350879644912,12.135999360655456,14.941686085861967,17.75383561958168,23.961147437107847,27.333987486680332,31.23272433340388,33.567902485065964,37.132106884367445,43.58292582462611,46.96636933678943,47.92641621064508,23.610485422013056,29.605418365758148,37.45755323469667,40.51531777762666,48.32714406857808,54.02934320575315,55.466945723836645,57.787798153440896,61.18380448441262,66.74616738159939,69.42360851073744,73.55807703764631,75.58805782573273,79.32095549376491,79.85147316547813,83.63636153899726,85.47825540130314,85.76297807338952,64.44951722587258,67.78254032810275,69.5283753718569,56.435496922271575,61.694579541892615,69.0852544095891,12.837650934217216,16.982262013679318,19.275886220039204,21.689523309578572,28.593503176293126,34.763134445664086,39.590693870466666,40.29671440841156,35.07353303733544,35.673324667820545,36.58507298835643,49.32310139698126,51.00903170396316,52.964932519444346,55.62142607298443,58.94274584078758,61.28379368310093,49.6647153750885,54.3939801170965,59.72362081793178,63.43207272037088,77.34692554028958,81.87972257964618,85.14680170326716,91.78070138595758,96.74509339304163,102.49508243650945,109.64212364249113,114.12979954433612,119.71614736737757,121.08185231355007,123.09538974801708,129.99819794468604,132.86516759921676,136.0369360333872,22.274942997830887,29.092952311406233,30.113546746037343,11.422271548664163,12.940563351974692,15.923692078664171,129.70118803437128,133.33460034238146,13.071655290288064,15.80759041378788,17.805735553661336,28.20945378321754,46.621548202365,49.55718271640111,96.86281764712719,99.3375638967455,102.23062006626589,107.73034705949019,111.93758570259091,116.08796532378221,118.33319337456012,124.22688941354957,14.71954190517684,16.394161264912064,17.18958630852083,109.34076202293477,114.13201081630797,117.00891540283843,119.3498840057889,120.3632615267553,121.17214347116997,27.392913068437835,28.735428245260778,29.479370447316835,30.04428105971493,32.74064398039159,35.10510121197772,23.33655262620466,26.89561331689256,97.94479872457904,100.36062260060974,36.63841848796284,80.44096335518456,82.01403105874978,85.84251235033265,90.2490704175774,71.97065375002678,74.37226674965848,76.08650156437905,62.034683171499175,62.95076449976649,67.02978693167344,74.59965040468272,98.22599787283268,103.2238863269701,105.48600170864273,108.10654859812973,111.07380642312575,113.11697283827648,114.33346287111685,115.9428310701316,121.53341896408338,126.2176527328016,131.95667460068117,136.41046422301403,71.65245695713256,96.48479316666662,102.62596650732391,108.49743617002338,111.71817397369507,113.36895712117388,119.2019496636001,125.99798071120429,128.73528759937008,129.27511905454844,127.2475090599379,128.83251410724847,107.23750909088525,111.89343552930761,116.76859757789636,94.24378220419727,100.56450565962544,106.11692153021727,109.16903260290124,115.29177790219306,115.85338719698794,90.97235509183757,97.15445845558037,98.11794846590742,98.59739606471253,91.98505876668257,97.17548745803356,100.6158375855642,106.06293571208992,109.90388845847981,90.32663317992412,93.44058276204649,94.61463317738891,95.75058740181875,96.13825865429949,97.24228537499064,98.19615224201141,98.67721148992169,103.80916454770868,110.05485770379632,138.81170690957237
25,150.79810704081655,150.73009233652402,145.84085916556563,140.0593571980835,136.54408281334483,134.70530414259622,122.7376641914613,115.72154346844063,115.36218292525315,110.25985453519436,103.80609648271052,97.7811612133487,91.63627708099922,84.86349965958638,79.48788881057581,71.06784902444652,65.82578549945943,35.905351679075096,33.1976607809111,30.565583654381584,26.3059692352117,20.965513262169683,20.0103117127572,13.725397313976574,7.092350879644912,0.0,5.0436484810105435,7.849335206217054,10.661484739936768,16.868796557462936,20.24163660703542,24.14037345375897,26.475551605421057,30.03975600472254,36.490574944981205,39.87401845714452,40.834065331000176,30.702836301657968,36.69776924540306,44.54990411434158,47.607668657271574,55.41949494822299,61.12169408539806,62.559296603481556,64.88014903308581,68.27615536405754,73.83851826124432,76.51595939038236,80.65042791729124,82.68040870537766,86.41330637340984,86.94382404512305,90.72871241864219,92.57060628094807,92.85532895303444,71.54186810551751,74.87489120774768,76.62072625150182,63.52784780191649,68.78693042153753,76.17760528923401,19.930001813862127,24.07461289332423,26.368237099684116,28.781874189223483,35.68585405593804,41.855485325309,46.68304475011158,47.38906528805647,42.16588391698035,42.765675547465456,43.67742386800134,56.41545227662617,58.10138258360807,60.05728339908926,62.71377695262934,66.03509672043249,68.37614456274585,56.75706625473341,61.48633099674141,66.81597169757669,70.5244236000158,84.43927641993449,88.9720734592911,92.23915258291207,98.8730522656025,103.83744427268654,109.58743331615436,116.73447452213604,121.22215042398103,126.80849824702248,128.17420319319498,130.18774062766198,137.09054882433094,139.95751847886166,143.1292869130321,29.3672938774758,36.18530319105115,37.205897625682255,4.32992066901925,5.848212472329779,8.83134119901926,136.79353891401618,140.42695122202636,20.164006169932975,22.89994129343279,24.898086433306243,35.30180466286245,53.71389908200991,56.64953359604602,103.9551685267721,106.4299147763904,109.3229709459108,114.8226979391351,119.02993658223582,123.18031620342713,125.42554425420504,131.3192402931945,21.81189278482175,23.486512144556976,24.28193718816574,116.43311290257968,121.22436169595288,124.10126628248334,126.4422348854338,127.4556124064002,128.26449435081489,34.485263948082746,35.82777912490569,36.57172132696175,37.136631939359845,39.83299486003651,42.19745209162264,30.428903505849572,33.987964196537476,105.03714960422396,107.45297348025466,43.73076936760775,87.53331423482948,89.10638193839469,92.93486322997757,97.34142129722231,79.0630046296717,81.46461762930339,83.17885244402396,69.12703405114408,70.04311537941139,74.12213781131834,81.69200128432762,105.3183487524776,110.31623720661503,112.57835258828766,115.19889947777466,118.16615730277067,120.20932371792141,121.42581375076178,123.03518194977653,128.6257698437283,133.3100036124465,139.04902548032607,143.50281510265893,78.74480783677747,103.57714404631155,109.71831738696883,115.5897870496683,118.81052485334,120.4613080008188,126.29430054324503,133.09033159084922,135.827638479015,136.36746993419337,134.33985993958282,135.9248649868934,114.32985997053018,118.98578640895253,123.86094845754128,101.3361330838422,107.65685653927036,113.2092724098622,116.26138348254617,122.38412878183799,122.94573807663286,98.0647059714825,104.2468093352253,105.21029934555234,105.68974694435745,99.0774096463275,104.26783833767848,107.70818846520912,113.15528659173485,116.99623933812474,97.41898405956904,100.53293364169141,101.70698405703384,102.84293828146367,103.23060953394442,104.33463625463557,105.28850312165633,105.76956236956661,110.9015154273536,117.14720858344124,145.9040577892173
26,155.84175552182708,155.77374081753456,150.88450764657617,145.10300567909403,141.58773129435536,139.74895262360675,127.78131267247184,120.76519194945116,120.40583140626369,115.3035030162049,108.84974496372105,102.82480969435923,96.67992556200976,89.90714814059692,84.53153729158636,76.11149750545707,70.86943398046998,40.94900016008564,38.24130926192164,35.609232135392126,31.34961771622224,26.009161743180226,25.053960193767743,18.769045794987118,12.135999360655456,5.0436484810105435,0.0,2.8056867252065105,5.617836258926224,11.82514807645239,15.197988126024875,19.096724972748422,21.43190312441051,24.99610752371199,31.446926463970655,34.83036997613397,35.790416849989626,35.74648478266851,41.7414177264136,49.59355259535212,52.65131713828212,60.46314342923353,66.1653425664086,67.60294508449209,69.92379751409635,73.31980384506808,78.88216674225485,81.5596078713929,85.69407639830177,87.7240571863882,91.45695485442037,91.98747252613359,95.77236089965272,97.6142547619586,97.89897743404498,76.58551658652804,79.91853968875822,81.66437473251236,68.57149628292703,73.83057890254807,81.22125377024454,24.973650294872673,29.118261374334775,31.411885580694662,33.82552267023403,40.72950253694859,46.89913380631955,51.72669323112213,52.43271376906702,47.2095323979909,47.809324028476006,48.72107234901189,61.45910075763671,63.145031064618614,65.10093188009981,67.75742543363988,71.07874520144304,73.4197930437564,61.80071473574395,66.52997947775195,71.85962017858724,75.56807208102634,89.48292490094504,94.01572194030165,97.28280106392262,103.91670074661305,108.88109275369709,114.63108179716491,121.77812300314659,126.26579890499158,131.85214672803303,133.21785167420555,135.23138910867254,142.1341973053415,145.00116695987222,148.17293539404267,34.410942358486345,41.22895167206169,42.2495461066928,9.373569150029795,10.891860953340323,13.874989680029802,141.83718739502675,145.47059970303692,25.207654650943518,27.943589774443332,29.941734914316786,40.34545314387299,58.75754756302045,61.69318207705656,108.99881700778265,111.47356325740095,114.36661942692135,119.86634642014565,124.07358506324637,128.22396468443768,130.4691927352156,136.36288877420503,26.855541265832294,28.530160625567518,29.325585669176284,121.47676138359023,126.26801017696343,129.1449147634939,131.48588336644437,132.49926088741077,133.30814283182545,39.52891242909329,40.87142760591623,41.61536980797229,42.18028042037039,44.87664334104705,47.24110057263318,35.47255198686011,39.03161267754801,110.0807980852345,112.4966219612652,48.77441784861829,92.57696271584003,94.15003041940524,97.97851171098812,102.38506977823286,84.10665311068225,86.50826611031394,88.22250092503451,74.17068253215463,75.08676386042194,79.16578629232889,86.73564976533817,110.36199723348814,115.35988568762556,117.6220010692982,120.2425479587852,123.2098057837812,125.25297219893194,126.46946223177231,128.07883043078706,133.66941832473884,138.35365209345704,144.09267396133663,148.5464635836695,83.78845631778802,108.62079252732208,114.76196586797937,120.63343553067884,123.85417333435053,125.50495648182934,131.33794902425558,138.13398007185975,140.87128696002554,141.4111184152039,139.3835084205934,140.96851346790396,119.37350845154072,124.02943488996307,128.9045969385518,106.37978156485273,112.7005050202809,118.25292089087273,121.3050319635567,127.42777726284852,127.9893865576434,103.10835445249303,109.29045781623583,110.25394782656288,110.73339542536799,104.12105812733803,109.31148681868902,112.75183694621965,118.19893507274539,122.03988781913527,102.46263254057958,105.57658212270195,106.75063253804437,107.88658676247421,108.27425801495495,109.3782847356461,110.33215160266687,110.81321085057715,115.94516390836414,122.19085706445178,150.94770627022783
27,158.6474422470336,158.5794275427411,153.6901943717827,147.90869240430055,144.3934180195619,142.55463934881328,130.58699939767837,123.57087867465769,123.21151813147021,118.10918974141143,111.65543168892758,105.63049641956576,99.48561228721628,92.71283486580344,87.33722401679287,78.91718423066358,73.67512070567649,43.75468688529215,41.046995987128156,38.41491886059864,34.155304441428754,28.81484846838674,27.859646918974256,21.574732520193628,14.941686085861967,7.849335206217054,2.8056867252065105,0.0,2.8121495337197135,9.01946135124588,12.392301400818365,16.291038247541913,18.626216399204,22.190420798505485,28.64123973876415,32.02468325092747,32.98473012478312,38.55217150787502,44.547104451620115,52.399239320558635,55.45700386348863,63.268830154440046,68.97102929161511,70.4086318096986,72.72948423930286,76.1254905702746,81.68785346746137,84.36529459659941,88.49976312350829,90.52974391159471,94.26264157962689,94.7931592513401,98.57804762485924,100.41994148716512,100.7046641592515,79.39120331173456,82.72422641396473,84.47006145771887,71.37718300813354,76.63626562775458,84.02694049545107,27.779337020079183,31.923948099541285,34.21757230590117,36.631209395440536,43.535189262155086,49.704820531526046,54.532379956328626,55.23840049427352,50.0152191231974,50.615010753682505,51.52675907421839,64.26478748284323,65.95071778982513,67.90661860530632,70.5631121588464,73.88443192664954,76.2254797689629,64.60640146095047,69.33566620295846,74.66530690379375,78.37375880623286,92.28861162615155,96.82140866550816,100.08848778912913,106.72238747181956,111.6867794789036,117.43676852237142,124.5838097283531,129.0714856301981,134.65783345323956,136.02353839941208,138.03707583387907,144.93988403054803,147.80685368507875,150.9786221192492,37.21662908369285,44.034638397268196,45.0552328318993,12.179255875236304,13.697547678546833,16.680676405236312,144.64287412023327,148.27628642824345,28.01334137615003,30.749276499649845,32.7474216395233,43.15113986907951,61.563234288226965,64.49886880226308,111.80450373298916,114.27924998260747,117.17230615212786,122.67203314535216,126.87927178845288,131.02965140964417,133.27487946042208,139.16857549941153,29.661227991038807,31.33584735077403,32.1312723943828,124.28244810879674,129.07369690216993,131.95060148870039,134.29157009165087,135.30494761261727,136.11382955703195,42.3345991542998,43.677114331122745,44.421056533178806,44.9859671455769,47.68233006625356,50.04678729783969,38.278238712066624,41.837299402754525,112.88648481044102,115.30230868647172,51.580104573824805,95.38264944104654,96.95571714461175,100.78419843619463,105.19075650343937,86.91233983588876,89.31395283552045,91.02818765024102,76.97636925736114,77.89245058562845,81.9714730175354,89.54133649054468,113.16768395869467,118.16557241283209,120.42768779450472,123.04823468399172,126.01549250898773,128.05865892413846,129.27514895697882,130.8845171559936,136.47510504994537,141.15933881866357,146.89836068654313,151.352150308876,86.59414304299453,111.42647925252861,117.5676525931859,123.43912225588537,126.65986005955706,128.31064320703587,134.1436357494621,140.9396667970663,143.6769736852321,144.21680514041046,142.1891951457999,143.7742001931105,122.17919517674724,126.8351216151696,131.71028366375833,109.18546829005926,115.50619174548743,121.05860761607926,124.11071868876323,130.23346398805506,130.79507328284996,105.91404117769956,112.09614454144236,113.0596345517694,113.53908215057452,106.92674485254456,112.11717354389555,115.55752367142618,121.00462179795191,124.8455745443418,105.2683192657861,108.38226884790848,109.5563192632509,110.69227348768074,111.07994474016148,112.18397146085263,113.1378383278734,113.61889757578368,118.75085063357066,124.9965437896583,153.75339299543435
28,161.4595917807533,161.39157707646078,156.50234390550239,150.72084193802024,147.20556755328158,145.36678888253297,133.39914893139806,126.38302820837738,126.0236676651899,120.92133927513112,114.46758122264727,108.44264595328545,102.29776182093597,95.52498439952313,90.14937355051258,81.72933376438328,76.4872702393962,46.566836419011864,43.85914552084787,41.22706839431835,36.967453975148466,31.62699800210645,30.671796452693968,24.38688205391334,17.75383561958168,10.661484739936768,5.617836258926224,2.8121495337197135,0.0,6.207311817526167,9.58015186709865,13.478888713822197,15.814066865484286,19.378271264785766,25.82909020504443,29.212533717207744,30.172580591063394,41.364321041594735,47.359253985339826,55.21138885427835,58.26915339720834,66.08097968815976,71.78317882533483,73.22078134341832,75.54163377302258,78.93764010399431,84.50000300118108,87.17744413031913,91.311912657228,93.34189344531443,97.0747911133466,97.60530878505982,101.39019715857896,103.23209102088484,103.51681369297121,82.20335284545428,85.53637594768445,87.28221099143859,74.18933254185325,79.44841516147429,86.83909002917076,30.591486553798894,34.736097633261,37.02972183962088,39.44335892916025,46.347338795874805,52.516970065245765,57.344529490048345,58.05055002799324,52.827368656917116,53.427160287402224,54.33890860793811,67.07693701656294,68.76286732354484,70.71876813902603,73.3752616925661,76.69658146036926,79.03762930268262,67.41855099467017,72.14781573667817,77.47745643751345,81.18590833995256,95.10076115987125,99.63355819922786,102.90063732284884,109.53453700553926,114.49892901262331,120.24891805609113,127.39595926207281,131.8836351639178,137.46998298695925,138.83568793313177,140.84922536759876,147.75203356426772,150.61900321879844,153.79077165296889,40.02877861741256,46.84678793098791,47.867382365619015,14.991405408956018,16.50969721226655,19.492825938956027,147.45502365395296,151.08843596196314,30.825490909869742,33.56142603336956,35.559571173243015,45.96328940279922,64.37538382194667,67.31101833598278,114.61665326670887,117.09139951632717,119.98445568584756,125.48418267907186,129.69142132217257,133.84180094336386,136.08702899414178,141.98072503313122,32.47337752475852,34.14799688449374,34.94342192810251,127.09459764251645,131.88584643588965,134.7627510224201,137.1037196253706,138.117097146337,138.92597909075167,45.146748688019514,46.48926386484246,47.23320606689852,47.79811667929661,50.494479599973275,52.858936831559404,41.090388245786336,44.649448936474236,115.69863434416072,118.11445822019142,54.39225410754452,98.19479897476624,99.76786667833146,103.59634796991433,108.00290603715908,89.72448936960846,92.12610236924016,93.84033718396073,79.78851879108085,80.70460011934816,84.7836225512551,92.35348602426438,115.97983349241436,120.97772194655178,123.23983732822441,125.86038421771141,128.82764204270742,130.87080845785815,132.08729849069852,133.69666668971328,139.28725458366506,143.97148835238326,149.71051022026285,154.1642998425957,89.40629257671424,114.2386287862483,120.37980212690559,126.25127178960506,129.47200959327674,131.12279274075553,136.95578528318177,143.75181633078597,146.48912321895176,147.02895467413012,145.00134467951958,146.58634972683015,124.99134471046693,129.64727114888927,134.52243319747802,111.99761782377895,118.31834127920712,123.87075714979895,126.92286822248292,133.04561352177475,133.60722281656965,108.72619071141925,114.90829407516205,115.8717840854891,116.3512316842942,109.73889438626425,114.92932307761524,118.36967320514587,123.8167713316716,127.65772407806149,108.0804687995058,111.19441838162817,112.36846879697059,113.50442302140043,113.89209427388117,114.99612099457232,115.94998786159309,116.43104710950337,121.56300016729035,127.808693323378,156.56554252915404
29,167.66690359827948,167.59888889398695,162.70965572302856,156.92815375554642,153.41287937080776,151.57410070005915,139.60646074892423,132.59034002590357,132.2309794827161,127.1286510926573,120.67489304017344,114.64995777081162,108.50507363846215,101.73229621704931,96.35668536803874,87.93664558190945,82.69458205692236,52.77414823653802,50.06645733837402,47.434380211844505,43.17476579267462,37.83430981963261,36.87910827022013,30.594193871439504,23.961147437107844,16.868796557462932,11.82514807645239,9.01946135124588,6.207311817526167,0.0,3.372840049572484,7.271576896296031,9.606755047958117,13.1709594472596,19.621778387518265,23.00522189968158,23.965268773537233,47.57163285912089,53.56656580286598,61.4187006718045,64.4764652147345,72.28829150568592,77.99049064286099,79.42809316094448,81.74894559054874,85.14495192152047,90.70731481870725,93.38475594784529,97.51922447475417,99.54920526284059,103.28210293087277,103.81262060258598,107.59750897610512,109.439402838411,109.72412551049737,88.41066466298044,91.74368776521061,93.48952280896475,80.39664435937942,85.65572697900046,93.04640184669694,36.798798371325056,40.94340945078716,43.237033657147045,45.65067074668641,52.554650613400966,58.724281882771926,63.551841307574506,64.2578618455194,59.03468047444328,59.634472104928385,60.54622042546427,73.2842488340891,74.970179141071,76.92607995655219,79.58257351009226,82.9038932778954,85.24494112020876,73.62586281219633,78.35512755420433,83.68476825503961,87.39322015747872,101.30807297739742,105.84087001675402,109.107949140375,115.74184882306542,120.70624083014947,126.45622987361729,133.60327107959895,138.09094698144395,143.6772948044854,145.0429997506579,147.0565371851249,153.95934538179387,156.8263150363246,159.99808347049503,46.236090434938724,53.05409974851407,54.074694183145176,21.19871722648218,22.71700902979271,25.70013775648219,153.6623354714791,157.2957477794893,37.032802727395904,39.76873785089572,41.766882990769176,52.17060122032538,70.58269563947283,73.51833015350894,120.82396508423503,123.29871133385333,126.19176750337373,131.691494496598,135.89873313969872,140.04911276089,142.29434081166792,148.18803685065737,38.68068934228468,40.355308702019904,41.15073374562867,133.30190946004262,138.09315825341582,140.97006283994628,143.31103144289676,144.32440896386316,145.13329090827784,51.35406050554567,52.69657568236861,53.44051788442467,54.005428496822766,56.70179141749943,59.06624864908556,47.29770006331249,50.85676075400039,121.90594616168688,124.32177003771758,60.59956592507067,104.4021107922924,105.97517849585762,109.8036597874405,114.21021785468524,95.93180118713462,98.33341418676632,100.04764900148689,85.99583060860701,86.91191193687432,90.99093436878127,98.56079784179055,122.18714530994053,127.18503376407796,129.4471491457506,132.0676960352376,135.0349538602336,137.07812027538432,138.2946103082247,139.90397850723946,145.49456640119124,150.17880016990944,155.917822037789,160.37161166012186,95.6136043942404,120.44594060377447,126.58711394443176,132.45858360713123,135.6793214108029,137.3301045582817,143.16309710070794,149.95912814831212,152.6964350364779,153.23626649165627,151.20865649704575,152.79366154435633,131.1986565279931,135.85458296641548,140.72974501500423,118.20492964130513,124.5256530967333,130.07806896732512,133.1301800400091,139.25292533930093,139.81453463409582,114.93350252894543,121.11560589268822,122.07909590301527,122.55854350182038,115.94620620379042,121.13663489514141,124.57698502267205,130.02408314919776,133.86503589558765,114.28778061703197,117.40173019915434,118.57578061449676,119.7117348389266,120.09940609140735,121.2034328120985,122.15729967911926,122.63835892702954,127.77031198481653,134.01600514090416,162.77285434668022
30,171.03974364785196,170.97172894355944,166.08249577260105,160.3009938051189,156.78571942038025,154.94694074963164,142.97930079849672,135.96318007547606,135.60381953228858,130.50149114222978,124.04773308974593,118.02279782038411,111.87791368803464,105.1051362666218,99.72952541761123,91.30948563148193,86.06742210649485,56.146988286110506,53.43929738794651,50.807220261416994,46.54760584224711,41.2071498692051,40.25194831979262,33.96703392101199,27.33398748668033,20.241636607035417,15.197988126024875,12.392301400818363,9.58015186709865,3.372840049572484,0.0,3.8987368467235473,6.233914998385634,9.798119397687117,16.24893833794578,19.632381850109095,20.592428723964744,50.94447290869338,56.93940585243847,64.79154072137699,67.84930526430699,75.66113155525841,81.36333069243348,82.80093321051697,85.12178564012123,88.51779197109296,94.08015486827973,96.75759599741778,100.89206452432666,102.92204531241308,106.65494298044526,107.18546065215847,110.9703490256776,112.81224288798349,113.09696556006986,91.78350471255293,95.1165278147831,96.86236285853724,83.76948440895191,89.02856702857295,96.41924189626943,40.171638420897544,44.316249500359646,46.60987370671953,49.0235107962589,55.927490662973455,62.097121932344415,66.924681357147,67.63070189509189,62.407520524015766,63.00731215450087,63.91906047503676,76.65708888366159,78.34301919064349,80.29892000612467,82.95541355966475,86.2767333274679,88.61778116978125,76.99870286176882,81.72796760377682,87.0576083046121,90.76606020705121,104.6809130269699,109.21371006632651,112.48078918994749,119.11468887263791,124.07908087972196,129.82906992318976,136.97611112917144,141.46378703101644,147.0501348540579,148.4158398002304,150.4293772346974,157.33218543136636,160.19915508589708,163.37092352006752,49.60893048451121,56.42693979808656,57.447534232717665,24.57155727605467,26.089849079365198,29.072977806054677,157.0351755210516,160.66858782906178,40.40564277696839,43.14157790046821,45.139723040341664,55.54344126989787,73.95553568904532,76.89117020308143,124.19680513380752,126.67155138342582,129.56460755294623,135.06433454617053,139.27157318927124,143.42195281046253,145.66718086124044,151.56087690022989,42.05352939185717,43.72814875159239,44.52357379520116,136.67474950961508,141.46599830298828,144.34290288951874,146.68387149246922,147.69724901343562,148.5061309578503,54.726900555118156,56.0694157319411,56.81335793399716,57.378268546395255,60.07463146707192,62.43908869865805,50.67054011288498,54.22960080357288,125.27878621125937,127.69461008729007,63.97240597464316,107.7749508418649,109.34801854543011,113.17649983701298,117.58305790425773,99.30464123670711,101.70625423633881,103.42048905105938,89.3686706581795,90.2847519864468,94.36377441835376,101.93363789136303,125.55998535951302,130.55787381365045,132.81998919532307,135.44053608481008,138.4077939098061,140.4509603249568,141.66745035779718,143.27681855681195,148.86740645076372,153.55164021948192,159.2906620873615,163.74445170969437,98.98644444381289,123.81878065334696,129.95995399400425,135.83142365670372,139.0521614603754,140.7029446078542,146.53593715028043,153.33196819788463,156.06927508605042,156.60910654122878,154.58149654661824,156.1665015939288,134.5714965775656,139.22742301598794,144.1025850645767,121.57776969087762,127.89849314630578,133.4509090168976,136.50302008958158,142.62576538887342,143.1873746836683,118.30634257851791,124.48844594226071,125.45193595258776,125.93138355139287,119.31904625336291,124.5094749447139,127.94982507224454,133.39692319877025,137.23787594516014,117.66062066660446,120.77457024872683,121.94862066406925,123.08457488849909,123.47224614097983,124.57627286167099,125.53013972869175,126.01119897660203,131.14315203438903,137.38884519047667,166.1456943962527
31,174.93848049457551,174.870465790283,169.9812326193246,164.19973065184246,160.6844562671038,158.8456775963552,146.87803764522027,139.8619169221996,139.50255637901213,134.40022798895333,127.94646993646948,121.92153466710766,115.77665053475819,109.00387311334535,103.62826226433478,95.20822247820549,89.9661589532184,60.04572513283406,57.33803423467006,54.705957108140545,50.44634268897066,45.10588671592865,44.15068516651617,37.86577076773554,31.232724333403876,24.140373453758965,19.096724972748422,16.291038247541913,13.478888713822197,7.271576896296031,3.8987368467235473,0.0,2.3351781516620873,5.89938255096357,12.350201491222235,15.73364500338555,16.6936918772412,54.84320975541693,60.83814269916202,68.69027756810054,71.74804211103054,79.55986840198196,85.26206753915703,86.69967005724052,89.02052248684478,92.41652881781651,97.97889171500329,100.65633284414133,104.79080137105021,106.82078215913663,110.5536798271688,111.08419749888202,114.86908587240116,116.71097973470704,116.99570240679341,95.68224155927648,99.01526466150665,100.76109970526079,87.66822125567546,92.9273038752965,100.31797874299298,44.070375267621095,48.2149863470832,50.508610553443084,52.92224764298245,59.826227509697006,65.99585877906796,70.82341820387053,71.52943874181543,66.30625737073932,66.90604900122443,67.81779732176031,80.55582573038514,82.24175603736704,84.19765685284823,86.8541504063883,90.17547017419145,92.5165180165048,80.89743970849237,85.62670445050037,90.95634515133565,94.66479705377476,108.57964987369346,113.11244691305006,116.37952603667104,123.01342571936146,127.97781772644551,133.72780676991331,140.874847975895,145.36252387774,150.94887170078144,152.31457664695395,154.32811408142095,161.2309222780899,164.09789193262063,167.26966036679107,53.507667331234764,60.32567664481011,61.346271079441216,28.470294122778213,29.988585926088742,32.971714652778225,160.93391236777515,164.56732467578533,44.30437962369194,47.04031474719176,49.038459887065216,59.44217811662142,77.85427253576887,80.78990704980498,128.09554198053107,130.57028823014937,133.46334439966978,138.96307139289408,143.1703100359948,147.32068965718608,149.565917707964,155.45961374695344,45.95226623858072,47.626885598315944,48.42231064192471,140.57348635633863,145.36473514971183,148.2416397362423,150.58260833919277,151.59598586015917,152.40486780457385,58.62563740184171,59.96815257866465,60.71209478072071,61.277005393118806,63.97336831379547,66.33782554538159,54.56927695960853,58.12833765029643,129.1775230579829,131.59334693401362,67.8711428213667,111.67368768858844,113.24675539215366,117.07523668373653,121.48179475098128,103.20337808343066,105.60499108306236,107.31922589778293,93.26740750490305,94.18348883317036,98.26251126507731,105.83237473808659,129.45872220623656,134.45661066037397,136.7187260420466,139.3392729315336,142.3065307565296,144.34969717168033,145.5661872045207,147.17555540353547,152.76614329748725,157.45037706620545,163.18939893408503,167.6431885564179,102.88518129053644,127.71751750007051,133.8586908407278,139.73016050342727,142.95089830709895,144.60168145457774,150.43467399700398,157.23070504460816,159.96801193277395,160.5078433879523,158.4802333933418,160.06523844065237,138.47023342428915,143.12615986271152,148.00132191130027,125.47650653760117,131.79722999302933,137.34964586362116,140.40175693630513,146.52450223559697,147.08611153039186,122.20507942524146,128.38718278898426,129.3506727993113,129.8301203981164,123.21778310008646,128.40821179143745,131.84856191896807,137.2956600454938,141.1366127918837,121.55935751332801,124.67330709545038,125.8473575107928,126.98331173522264,127.37098298770339,128.47500970839454,129.4288765754153,129.90993582332558,135.04188888111258,141.28758203720022,170.04443124297626
32,177.27365864623755,177.20564394194503,172.31641077098664,166.5349088035045,163.01963441876583,161.18085574801722,149.2132157968823,142.19709507386165,141.83773453067417,136.73540614061537,130.28164808813153,124.25671281876973,118.11182868642025,111.33905126500741,105.96344041599686,97.54340062986756,92.30133710488047,62.38090328449614,59.673212386332146,57.04113525980263,52.781520840632744,47.44106486759073,46.485863318178254,40.200948919397625,33.567902485065964,26.47555160542105,21.431903124410507,18.626216399203997,15.814066865484284,9.606755047958117,6.233914998385634,2.3351781516620873,0.0,3.5642043993014827,10.015023339560148,13.398466851723462,14.358513725579114,57.17838790707901,63.173320850824105,71.02545571976263,74.08322026269263,81.89504655364405,87.59724569081912,89.03484820890262,91.35570063850687,94.7517069694786,100.31406986666538,102.99151099580342,107.1259795227123,109.15596031079872,112.8888579788309,113.41937565054411,117.20426402406325,119.04615788636913,119.3308805584555,98.01741971093857,101.35044281316874,103.09627785692288,90.00339940733755,95.2624820269586,102.65315689465507,46.40555341928318,50.55016449874528,52.84378870510517,55.25742579464453,62.16140566135908,68.33103693073004,73.15859635553261,73.8646168934775,68.6414355224014,69.24122715288651,70.15297547342239,82.89100388204723,84.57693418902913,86.53283500451032,89.18932855805039,92.51064832585354,94.8516961681669,83.23261786015446,87.96188260216246,93.29152330299775,96.99997520543684,110.91482802535553,115.44762506471214,118.71470418833312,125.34860387102354,130.31299587810759,136.0629849215754,143.2100261275571,147.69770202940208,153.28404985244353,154.64975479861604,156.66329223308304,163.566100429752,166.43307008428272,169.60483851845316,55.84284548289685,62.660854796472194,63.6814492311033,30.805472274440298,32.32376407775083,35.30689280444031,163.26909051943724,166.90250282744742,46.63955777535403,49.37549289885384,51.3736380387273,61.777356268283505,80.18945068743096,83.12508520146707,130.43072013219313,132.90546638181144,135.79852255133184,141.29824954455614,145.50548818765685,149.65586780884814,151.90109585962605,157.7947918986155,48.287444390242804,49.96206374997803,50.757488793586795,142.90866450800073,147.69991330137393,150.57681788790438,152.91778649085487,153.93116401182127,154.74004595623595,60.96081555350379,62.303330730326735,63.047272932382796,63.61218354478089,66.30854646545755,68.67300369704368,56.904455111270615,60.463515801958515,131.512701209645,133.92852508567572,70.2063209730288,114.00886584025052,115.58193354381574,119.41041483539861,123.81697290264336,105.53855623509274,107.94016923472444,109.654404049445,95.60258565656513,96.51866698483244,100.59768941673939,108.16755288974866,131.79390035789862,136.79178881203603,139.05390419370866,141.67445108319566,144.64170890819167,146.6848753233424,147.90136535618277,149.51073355519753,155.1013214491493,159.7855552178675,165.52457708574707,169.97836670807993,105.22035944219851,130.05269565173256,136.19386899238987,142.06533865508933,145.28607645876102,146.9368596062398,152.76985214866605,159.56588319627025,162.30319008443604,162.8430215396144,160.81541154500385,162.40041659231443,140.8054115759512,145.46133801437355,150.3365000629623,127.81168468926323,134.1324081446914,139.68482401528323,142.7369350879672,148.85968038725903,149.42128968205392,124.54025757690353,130.72236094064633,131.68585095097336,132.16529854977847,125.55296125174853,130.74338994309952,134.18374007063014,139.63083819715587,143.47179094354576,123.89453566499007,127.00848524711245,128.18253566245488,129.31848988688472,129.70616113936546,130.8101878600566,131.76405472707737,132.24511397498765,137.37706703277462,143.62276018886226,172.3796093946383
33,180.83786304553905,180.76984834124653,175.88061517028814,170.099113202806,166.58383881806733,164.74506014731872,152.7774201961838,145.76129947316315,145.40193892997567,140.29961053991687,133.84585248743304,127.82091721807123,121.67603308572176,114.90325566430892,109.52764481529834,101.10760502916905,95.86554150418196,65.94510768379763,63.23741678563363,60.60533965910411,56.345725239934225,51.00526926689221,50.050067717479735,43.765153318699106,37.132106884367445,30.03975600472253,24.996107523711988,22.190420798505478,19.378271264785766,13.170959447259602,9.798119397687117,5.89938255096357,3.5642043993014827,0.0,6.450818940258665,9.83426245242198,10.79430932627763,60.742592306380494,66.73752525012559,74.5896601190641,77.64742466199411,85.45925095294552,91.1614500901206,92.59905260820409,94.91990503780835,98.31591136878008,103.87827426596685,106.5557153951049,110.69018392201377,112.72016471010019,116.45306237813237,116.98358004984559,120.76846842336472,122.6103622856706,122.89508495775698,101.58162411024004,104.91464721247021,106.66048225622436,93.56760380663903,98.82668642626007,106.21736129395654,49.96975781858466,54.11436889804676,56.40799310440665,58.821630193946014,65.72561006066057,71.89524133003152,76.7228007548341,77.42882129277899,72.20563992170288,72.805431552188,73.71717987272388,86.4552082813487,88.1411385883306,90.09703940381179,92.75353295735187,96.07485272515501,98.41590056746837,86.79682225945594,91.52608700146394,96.85572770229922,100.56417960473833,114.47903242465702,119.01182946401363,122.2789085876346,128.91280827032503,133.87720027740906,139.62718932087688,146.77423052685856,151.26190642870355,156.848254251745,158.21395919791752,160.22749663238451,167.13030482905347,169.9972744835842,173.16904291775464,59.40704988219833,66.22505919577368,67.24565363040479,34.36967667374178,35.88796847705231,38.87109720374179,166.83329491873872,170.4667072267489,50.20376217465551,52.93969729815532,54.93784243802878,65.34156066758499,83.75365508673244,86.68928960076855,133.9949245314946,136.4696707811129,139.36272695063332,144.86245394385762,149.06969258695833,153.22007220814962,155.46530025892753,161.35899629791697,51.851648789544285,53.52626814927951,54.321693192888276,146.4728689073022,151.2641177006754,154.14102228720586,156.48199089015634,157.49536841112274,158.30425035553742,64.52501995280527,65.86753512962821,66.61147733168427,67.17638794408236,69.87275086475903,72.23720809634516,60.468659510572095,64.02772020126,135.07690560894648,137.4927294849772,73.77052537233028,117.57307023955201,119.14613794311722,122.9746192347001,127.38117730194485,109.10276063439423,111.50437363402592,113.2186084487465,99.16679005586661,100.08287138413392,104.16189381604087,111.73175728905015,135.35810475720012,140.35599321133753,142.61810859301016,145.23865548249717,148.20591330749318,150.2490797226439,151.46556975548427,153.07493795449903,158.6655258484508,163.349759617169,169.08878148504857,173.54257110738143,108.7845638415,133.61690005103407,139.75807339169137,145.62954305439084,148.85028085806252,150.5010640055413,156.33405654796755,163.13008759557175,165.86739448373754,166.4072259389159,164.37961594430536,165.96462099161593,144.3696159752527,149.02554241367505,153.9007044622638,131.37588908856472,137.6966125439929,143.24902841458473,146.3011394872687,152.42388478656054,152.98549408135543,128.10446197620504,134.28656533994783,135.25005535027486,135.72950294907997,129.11716565105004,134.30759434240105,137.74794446993167,143.1950425964574,147.0359953428473,127.45874006429158,130.57268964641395,131.74674006175638,132.88269428618622,133.27036553866697,134.3743922593581,135.32825912637887,135.80931837428915,140.94127143207612,147.18696458816376,175.9438137939398
34,187.28868198579772,187.2206672815052,182.3314341105468,176.54993214306467,173.034657758326,171.1958790875774,159.22823913644248,152.21211841342182,151.85275787023434,146.75042948017554,140.2966714276917,134.2717361583299,128.1268520259804,121.35407460456756,115.978463755557,107.55842396942771,102.31636044444062,72.39592662405629,69.68823572589228,67.05615859936277,62.796544180192896,57.456088207150884,56.500886657738405,50.21597225895778,43.582925824626116,36.490574944981205,31.44692646397066,28.64123973876415,25.829090205044437,19.62177838751827,16.248938337945784,12.350201491222236,10.015023339560148,6.450818940258665,0.0,3.383443512163315,4.343490386018966,67.19341124663916,73.18834419038424,81.04047905932276,84.09824360225277,91.91006989320418,97.61226903037925,99.04987154846275,101.370723978067,104.76673030903873,110.32909320622551,113.00653433536355,117.14100286227243,119.17098365035885,122.90388131839103,123.43439899010424,127.21928736362338,129.06118122592926,129.34590389801565,108.0324430504987,111.36546615272887,113.11130119648301,100.01842274689767,105.27750536651871,112.66818023421519,56.42057675884333,60.565187838305434,62.85881204466532,65.27244913420469,72.17642900091924,78.3460602702902,83.17361969509277,83.87964023303766,78.65645886196155,79.25625049244667,80.16799881298255,92.90602722160736,94.59195752858926,96.54785834407045,99.20435189761052,102.52567166541368,104.86671950772704,93.2476411997146,97.97690594172259,103.30654664255788,107.01499854499698,120.92985136491568,125.46264840427229,128.72972752789326,135.3636272105837,140.32801921766773,146.07800826113555,153.22504946711723,157.71272536896223,163.29907319200368,164.6647781381762,166.67831557264319,173.58112376931214,176.44809342384286,179.6198618580133,65.85786882245701,72.67587813603235,73.69647257066346,40.82049561400046,42.33878741731099,45.32191614400047,173.2841138589974,176.91752616700757,56.65458111491418,59.390516238413994,61.38866137828745,71.79237960784366,90.2044740269911,93.1401085410272,140.44574347175327,142.92048972137158,145.813545890892,151.3132728841163,155.520511527217,159.6708911484083,161.9161191991862,167.80981523817564,58.302467729802956,59.97708708953818,60.77251213314695,152.92368784756087,157.71493664093407,160.59184122746453,162.932809830415,163.9461873513814,164.7550692957961,70.97583889306394,72.31835406988688,73.06229627194294,73.62720688434104,76.3235698050177,78.68802703660383,66.91947845083077,70.47853914151867,141.52772454920515,143.94354842523586,80.22134431258894,124.02388917981067,125.59695688337588,129.42543817495874,133.83199624220347,115.55357957465289,117.95519257428458,119.66942738900515,105.61760899612527,106.53369032439258,110.61271275629953,118.18257622930881,141.8089236974588,146.8068121515962,149.06892753326883,151.68947442275584,154.65673224775185,156.69989866290257,157.91638869574294,159.5257568947577,165.11634478870948,169.80057855742768,175.53960042530724,179.9933900476401,115.23538278175866,140.06771899129274,146.20889233195004,152.0803619946495,155.3010997983212,156.95188294579998,162.78487548822622,169.58090653583042,172.3182134239962,172.85804487917457,170.83043488456403,172.4154399318746,150.82043491551138,155.47636135393373,160.35152340252247,137.8267080288234,144.14743148425157,149.6998473548434,152.75195842752737,158.8747037268192,159.4363130216141,134.5552809164637,140.73738428020647,141.7008742905335,142.18032188933861,135.56798459130871,140.75841328265972,144.19876341019034,149.64586153671607,153.48681428310596,133.90955900455023,137.0235085866726,138.19755900201505,139.3335132264449,139.72118447892564,140.82521119961677,141.77907806663754,142.26013731454782,147.3920903723348,153.63778352842243,182.39463273419847
35,190.67212549796105,190.60411079366853,185.71487762271013,179.933375655228,176.41810127048933,174.57932259974072,162.6116826486058,155.59556192558514,155.23620138239767,150.13387299233887,143.68011493985503,137.65517967049323,131.51029553814374,124.73751811673088,119.36190726772031,110.94186748159102,105.69980395660393,75.7793701362196,73.0716792380556,70.43960211152609,66.1799876923562,60.839531719314195,59.884330169901716,53.59941577112109,46.96636933678943,39.874018457144516,34.83036997613397,32.02468325092746,29.212533717207748,23.005221899681583,19.6323818501091,15.73364500338555,13.398466851723462,9.83426245242198,3.383443512163315,0.0,0.9600468738556511,70.57685475880247,76.57178770254755,84.42392257148607,87.48168711441608,95.29351340536749,100.99571254254256,102.43331506062606,104.75416749023032,108.15017382120205,113.71253671838882,116.38997784752686,120.52444637443574,122.55442716252216,126.28732483055434,126.81784250226755,130.60273087578668,132.44462473809256,132.72934741017895,111.41588656266201,114.74890966489218,116.49474470864632,103.401866259061,108.66094887868204,116.05162374637851,59.80402027100664,63.948631350468744,66.24225555682864,68.655892646368,75.55987251308255,81.7295037824535,86.55706320725608,87.26308374520097,82.03990237412486,82.63969400460998,83.55144232514586,96.28947073377067,97.97540104075257,99.93130185623376,102.58779540977383,105.90911517757698,108.25016301989034,96.6310847118779,101.3603494538859,106.68999015472119,110.3984420571603,124.31329487707899,128.8460919164356,132.11317104005656,138.747070722747,143.71146272983103,149.46145177329885,156.60849297928053,161.09616888112552,166.68251670416697,168.04822165033949,170.06175908480648,176.96456728147544,179.83153693600616,183.0033053701766,69.24131233462032,76.05932164819566,77.07991608282677,44.20393912616377,45.7222309294743,48.70535965616378,176.66755737116068,180.30096967917086,60.03802462707749,62.773959750577305,64.77210489045076,75.17582312000697,93.5879175391544,96.52355205319051,143.82918698391657,146.30393323353488,149.19698940305528,154.69671639627958,158.9039550393803,163.05433466057158,165.2995627113495,171.19325875033894,61.68591124196627,63.36053060170149,64.15595564531026,156.30713135972417,161.09838015309737,163.97528473962782,166.3162533425783,167.3296308635447,168.1385128079594,74.35928240522725,75.70179758205019,76.44573978410625,77.01065039650435,79.70701331718101,82.07147054876714,70.30292196299408,73.86198265368198,144.91116806136844,147.32699193739916,83.60478782475225,127.40733269197398,128.9804003955392,132.80888168712207,137.2154397543668,118.9370230868162,121.33863608644789,123.05287090116846,109.00105250828858,109.91713383655589,113.99615626846284,121.56601974147212,145.19236720962212,150.19025566375953,152.45237104543216,155.07291793491916,158.04017575991517,160.0833421750659,161.29983220790626,162.90920040692103,168.4997883008728,173.184022069591,178.9230439374706,183.37683355980346,118.61882629392197,143.45116250345606,149.59233584411336,155.46380550681283,158.68454331048451,160.3353264579633,166.16831900038954,172.96435004799372,175.7016569361595,176.24148839133787,174.21387839672735,175.79888344403793,154.2038784276747,158.85980486609708,163.73496691468583,141.21015154098671,147.5308749964149,153.08329086700672,156.1354019396907,162.25814723898253,162.81975653377742,137.938724428627,144.1208277923698,145.08431780269683,145.56376540150194,138.95142810347204,144.14185679482304,147.58220692235366,153.0293050488794,156.87025779526928,137.29300251671356,140.40695209883592,141.58100251417838,142.71695673860822,143.10462799108896,144.2086547117801,145.16252157880086,145.64358082671114,150.77553388449812,157.02122704058576,185.7780762463618
36,191.6321723718167,191.56415766752417,186.67492449656578,180.89342252908364,177.37814814434498,175.53936947359637,163.57172952246145,156.5556087994408,156.1962482562533,151.0939198661945,144.64016181371068,138.61522654434887,132.47034241199938,125.69756499058653,120.32195414157597,111.90191435544668,106.65985083045959,76.73941701007526,74.03172611191125,71.39964898538175,67.14003456621187,61.79957859316985,60.84437704375737,54.55946264497674,47.92641621064508,40.83406533100017,35.790416849989626,32.98473012478311,30.1725805910634,23.965268773537233,20.592428723964748,16.6936918772412,14.358513725579114,10.79430932627763,4.343490386018966,0.9600468738556511,0.0,71.53690163265813,77.53183457640321,85.38396944534173,88.44173398827174,96.25356027922315,101.95575941639822,103.39336193448172,105.71421436408598,109.1102206950577,114.67258359224448,117.35002472138252,121.4844932482914,123.51447403637782,127.24737170441,127.77788937612321,131.56277774964235,133.40467161194823,133.68939428403462,112.37593343651767,115.70895653874784,117.45479158250198,104.36191313291664,109.62099575253768,117.01167062023416,60.764067144862295,64.90867822432439,67.20230243068428,69.61593952022365,76.5199193869382,82.68955065630915,87.51711008111172,88.22313061905662,82.99994924798051,83.59974087846562,84.5114891990015,97.24951760762633,98.93544791460823,100.89134873008942,103.54784228362949,106.86916205143265,109.21020989374601,97.59113158573356,102.32039632774156,107.65003702857685,111.35848893101596,125.27334175093465,129.80613879029124,133.0732179139122,139.70711759660264,144.67150960368667,150.4214986471545,157.56853985313617,162.05621575498117,167.64256357802262,169.00826852419513,171.02180595866213,177.92461415533108,180.7915838098618,183.96335224403225,70.20135920847596,77.01936852205131,78.03996295668242,45.16398600001942,46.68227780332995,49.66540653001943,177.62760424501633,181.2610165530265,60.99807150093314,63.73400662443296,65.73215176430641,76.13586999386261,94.54796441301006,97.48359892704617,144.78923385777222,147.26398010739052,150.15703627691093,155.65676327013523,159.86400191323594,164.01438153442723,166.25960958520514,172.1533056241946,62.64595811582192,64.32057747555714,65.1160025191659,157.2671782335798,162.058427026953,164.93533161348347,167.27630021643395,168.28967773740035,169.09855968181503,75.31932927908291,76.66184445590585,77.40578665796191,77.97069727036,80.66706019103667,83.0315174226228,71.26296883684974,74.82202952753764,145.8712149352241,148.2870388112548,84.56483469860791,128.36737956582962,129.94044726939484,133.7689285609777,138.17548662822244,119.89706996067186,122.29868296030355,124.01291777502412,109.96109938214424,110.87718071041155,114.9562031423185,122.52606661532778,146.15241408347777,151.15030253761518,153.4124179192878,156.0329648087748,159.00022263377082,161.04338904892154,162.2598790817619,163.86924728077668,169.45983517472845,174.14406894344665,179.8830908113262,184.33688043365908,119.57887316777763,144.4112093773117,150.552382717969,156.42385238066848,159.64459018434016,161.29537333181895,167.1283658742452,173.9243969218494,176.66170381001518,177.20153526519354,175.173925270583,176.75893031789357,155.16392530153036,159.8198517399527,164.69501378854144,142.17019841484236,148.49092187027054,154.04333774086237,157.09544881354634,163.21819411283818,163.77980340763307,138.89877130248266,145.08087466622544,146.04436467655248,146.52381227535759,139.91147497732769,145.1019036686787,148.5422537962093,153.98935192273504,157.83030466912493,138.2530493905692,141.36699897269156,142.54104938803403,143.67700361246386,144.0646748649446,145.16870158563574,146.1225684526565,146.6036277005668,151.73558075835376,157.9812739144414,186.73812312021744
37,128.88900487205112,128.8209901677586,123.9317569968002,118.15025502931805,114.63498064457939,112.79620197383079,100.82856202269588,93.8124412996752,93.45308075648772,88.35075236642894,81.89699431394509,75.87205904458327,69.72717491223379,62.954397490820945,57.57878664181038,49.15874685568109,43.916683330694,13.996249510309665,11.288558612145668,8.656481485616153,4.396867066446268,9.737323039488281,10.692524588900763,16.97743898768139,23.61048542201305,30.70283630165796,35.7464847826685,38.552171507875016,41.36432104159473,47.571632859120896,50.94447290869338,54.84320975541692,57.178387907079006,60.74259230638049,67.19341124663916,70.57685475880247,71.53690163265811,0.0,5.9949329437450904,13.847067812683614,16.90483235561361,24.716658646565023,30.41885778374009,31.856460301823585,34.17731273142784,37.57331906239956,43.13568195958633,45.81312308872437,49.947591615633236,51.97757240371966,55.71047007175184,56.24098774346505,60.02587611698418,61.86776997929005,62.15249265137643,40.839031803859534,44.1720549060897,45.91788994984384,32.82501150025852,38.08409411987956,45.47476898757604,23.182043487566943,27.326654567029045,29.620278773388932,32.033915862928296,38.93789572964285,45.10752699901381,49.93508642381639,50.64110696176128,45.41792559068516,46.017717221170265,46.92946554170615,25.712615974968205,27.398546281950104,29.35444709743129,32.01094065097137,35.332260418774524,37.673308261087875,26.05422995307544,30.78349469508344,36.113135395918725,48.615321431250365,62.53017425116906,67.06297129052567,70.33005041414664,76.96395009683707,81.92834210392111,87.67833114738893,94.82537235337061,99.3130482552156,104.89939607825706,106.26510102442955,108.27863845889657,115.18144665556551,118.04841631009624,121.22018474426667,32.61933555118061,39.43734486475596,40.457939299387064,35.03275697067721,36.551048773987745,39.534177500677224,114.88443674525078,118.51784905326096,23.41604784363779,26.151982967137606,28.15012810701106,38.55384633656726,23.011062780351942,25.946697294388052,82.04606635800667,84.52081260762498,87.41386877714537,92.91359577036967,97.12083441347039,101.2712140346617,103.5164420854396,109.41013812442905,25.063934458526568,26.738553818261792,27.53397886187056,94.52401073381425,99.31525952718745,102.19216411371791,104.53313271666838,105.54651023763478,106.35539218204946,12.576161779317314,13.918676956140258,14.662619158196316,15.227529770594412,17.92389269127107,20.288349922857197,8.519801337084141,12.078862027772042,83.12804743545853,85.54387131148923,21.821667198842317,65.62421206606405,67.19727976962926,71.02576106121214,75.43231912845688,57.153902460906274,59.555515460537976,61.26975027525855,47.21793188237866,48.134013210645975,52.213035642552924,59.7828991155622,83.40924658371218,88.4071350378496,90.66925041952223,93.28979730900923,96.25705513400524,98.30022154915598,99.51671158199635,101.1260797810111,106.71666767496288,111.4009014436811,117.13992331156066,121.59371293389353,56.83570566801204,81.66804187754612,87.8092152182034,93.68068488090287,96.90142268457457,98.55220583205337,104.3851983744796,111.18122942208379,113.91853631024956,114.45836776542792,112.4307577708174,114.01576281812797,92.42075780176475,97.0766842401871,101.95184628877585,79.42703091507677,85.74775437050494,91.30017024109677,94.35228131378074,100.47502661307256,101.03663590786743,76.15560380271707,82.33770716645986,83.30119717678691,83.78064477559202,77.16830747756207,82.35873616891305,85.79908629644369,91.24618442296942,95.08713716935931,75.50988189080361,78.62383147292599,79.7978818882684,80.93383611269824,81.32150736517899,82.42553408587014,83.3794009528909,83.86046020080119,88.99241325858817,95.23810641467581,123.99495562045183
38,134.8839378157962,134.81592311150368,129.9266899405453,124.14518797306313,120.62991358832447,118.79113491757587,106.82349496644096,99.80737424342028,99.4480137002328,94.34568531017402,87.89192725769017,81.86699198832835,75.72210785597888,68.94933043456604,63.57371958555548,55.153679799426186,49.91161627443909,19.991182454054755,17.283491555890755,14.651414429361242,10.391800010191359,15.732255983233372,16.687457532645855,22.97237193142648,29.60541836575814,36.69776924540305,41.741417726413594,44.54710445162011,47.35925398533982,53.56656580286599,56.93940585243847,60.83814269916201,63.1733208508241,66.73752525012559,73.18834419038426,76.57178770254757,77.53183457640321,5.9949329437450904,0.0,7.852134868938523,10.909899411868519,18.72172570281993,24.423924839995,25.861527358078494,28.18237978768275,31.578386118654475,37.140749015841244,39.81819014497928,43.95265867188815,45.98263945997458,49.71553712800676,50.246054799719964,54.030943173239095,55.87283703554497,56.15755970763134,34.84409886011444,38.17712196234461,39.92295700609875,26.830078556513428,32.08916117613447,39.47983604383095,29.176976431312035,33.32158751077414,35.615211717134024,38.02884880667339,44.932828673387945,51.102459942758905,55.930019367561485,56.63603990550638,51.412858534430256,52.012650164915364,52.92439848545125,19.717683031223114,21.403613338205012,23.3595141536862,26.01600770722628,29.337327475029433,31.678375317342788,20.059297009330347,24.78856175133835,30.118202452173634,54.610254374995456,68.52510719491414,73.05790423427075,76.32498335789172,82.95888304058215,87.9232750476662,93.67326409113402,100.8203052971157,105.30798119896069,110.89432902200214,112.26003396817464,114.27357140264165,121.1763795993106,124.04334925384133,127.21511768801176,38.6142684949257,45.43227780850105,46.452872243132155,41.027689914422304,42.545981717732836,45.529110444422315,120.87936968899587,124.51278199700604,29.410980787382883,32.1469159108827,34.145061050756155,44.54877928031236,17.01612983660685,19.95176435064296,88.04099930175175,90.51574555137006,93.40880172089045,98.90852871411475,103.11576735721547,107.26614697840678,109.51137502918469,115.40507106817414,31.05886740227166,32.73348676200688,33.52891180561565,100.51894367755934,105.31019247093253,108.18709705746299,110.52806566041346,111.54144318137986,112.35032512579454,18.571094723062405,19.913609899885348,20.657552101941405,21.2224627143395,23.91882563501616,26.283282866602285,14.51473428082923,18.07379497151713,89.12298037920361,91.53880425523431,27.816600142587404,71.61914500980913,73.19221271337435,77.02069400495722,81.42725207220197,63.148835404651365,65.55044840428306,67.26468321900363,53.21286482612375,54.128946154391066,58.207968586298016,65.7778320593073,89.40417952745726,94.40206798159468,96.66418336326731,99.28473025275431,102.25198807775033,104.29515449290106,105.51164452574143,107.12101272475618,112.71160061870796,117.39583438742618,123.13485625530575,127.58864587763861,62.83063861175714,87.6629748212912,93.80414816194849,99.67561782464796,102.89635562831965,104.54713877579846,110.38013131822468,117.17616236582887,119.91346925399465,120.453300709173,118.42569071456248,120.01069576187305,98.41569074550983,103.07161718393219,107.94677923252094,85.42196385882185,91.74268731425002,97.29510318484185,100.34721425752582,106.46995955681764,107.03156885161252,82.15053674646215,88.33264011020495,89.296130120532,89.77557771933711,83.16324042130715,88.35366911265814,91.79401924018877,97.2411173667145,101.0820701131044,81.5048148345487,84.61876441667107,85.79281483201349,86.92876905644333,87.31644030892407,88.42046702961522,89.37433389663599,89.85539314454627,94.98734620233326,101.2330393584209,129.98988856419692
39,142.73607268473472,142.6680579804422,137.7788248094838,131.99732284200167,128.482048457263,126.6432697865144,114.67562983537948,107.6595091123588,107.30014856917133,102.19782017911254,95.74406212662869,89.71912685726687,83.5742427249174,76.80146530350456,71.425854454494,63.00581466836471,57.76375114337762,27.84331732299328,25.13562642482928,22.503549298299767,18.24393487912988,23.584390852171893,24.539592401584375,30.824506800365,37.45755323469666,44.54990411434157,49.593552595352115,52.39923932055863,55.21138885427834,61.41870067180451,64.79154072137699,68.69027756810054,71.02545571976263,74.58966011906412,81.04047905932279,84.4239225714861,85.38396944534175,13.847067812683614,7.852134868938523,0.0,3.0577645429299958,10.869590833881409,16.571789971056475,18.00939248913997,20.330244918744224,23.72625124971595,29.288614146902717,31.966055276040755,36.100523802949624,38.13050459103605,41.86340225906823,42.393919930781436,46.17880830430057,48.02070216660644,48.305424838692815,26.99196399117592,30.324987093406083,32.07082213716022,18.977943687574907,24.237026307195947,31.62770117489243,37.029111300250555,41.17372237971266,43.467346586072544,45.88098367561191,52.784963542326466,58.954594811697426,63.782154236500006,64.4881747744449,59.26499340336878,59.864785033853884,60.77653335438977,11.865548162284592,13.55147846926649,15.507379284747678,18.16387283828776,21.485192606090912,23.826240448404267,12.207162140391825,16.936426882399825,22.266067583235106,62.462389243933984,76.37724206385268,80.91003910320929,84.17711822683026,90.81101790952069,95.77540991660473,101.52539896007255,108.67244016605423,113.16011606789922,118.74646389094067,120.11216883711317,122.12570627158019,129.02851446824914,131.89548412277986,135.0672525569503,46.466403363864224,53.28441267743957,54.305007112070676,48.879824783360824,50.39811658667136,53.381245313360836,128.7315045579344,132.36491686594456,37.2631156563214,39.99905077982122,41.997195919694676,52.40091414925088,9.16399496766833,12.09962948170444,95.89313417069029,98.3678804203086,101.26093658982899,106.76066358305329,110.96790222615401,115.11828184734532,117.36350989812323,123.25720593711267,38.91100227121018,40.585621630945404,41.38104667455417,108.37107854649787,113.16232733987107,116.03923192640153,118.380200529352,119.3935780503184,120.20245999473308,26.42322959200093,27.765744768823872,28.50968697087993,29.074597583278024,31.770960503954683,34.13541773554081,22.366869149767755,25.925929840455655,96.97511524814215,99.39093912417285,35.66873501152593,79.47127987874767,81.04434758231288,84.87282887389576,89.2793869411405,71.00097027358989,73.40258327322158,75.11681808794215,61.064999695062276,61.981081023329594,66.06010345523654,73.62996692824582,97.25631439639578,102.2542028505332,104.51631823220583,107.13686512169284,110.10412294668885,112.14728936183958,113.36377939467995,114.9731475936947,120.56373548764648,125.2479692563647,130.98699112424427,135.44078074657713,70.68277348069566,95.51510969022972,101.65628303088701,107.52775269358648,110.74849049725817,112.39927364473698,118.2322661871632,125.0282972347674,127.76560412293317,128.30543557811154,126.277825583501,127.86283063081157,106.26782561444836,110.92375205287071,115.79891410145946,93.27409872776038,99.59482218318854,105.14723805378037,108.19934912646434,114.32209442575616,114.88370372055104,90.00267161540067,96.18477497914347,97.14826498947052,97.62771258827563,91.01537529024567,96.20580398159666,99.6461541091273,105.09325223565303,108.93420498204291,89.35694970348722,92.47089928560959,93.64494970095201,94.78090392538185,95.16857517786259,96.27260189855375,97.22646876557451,97.70752801348479,102.83948107127178,109.08517422735942,137.84202343313547
40,145.79383722766474,145.72582252337222,140.83658935241382,135.05508738493168,131.53981300019302,129.7010343294444,117.7333943783095,110.71727365528882,110.35791311210134,105.25558472204256,98.80182666955871,92.77689140019689,86.63200726784741,79.85922984643457,74.483618997424,66.06357921129471,60.82151568630761,30.901081865923278,28.193390967759278,25.561313841229765,21.30169942205988,26.642155395101895,27.597356944514377,33.882271343295,40.51531777762666,47.607668657271574,52.65131713828212,55.45700386348863,58.26915339720834,64.4764652147345,67.84930526430699,71.74804211103054,74.08322026269263,77.64742466199412,84.0982436022528,87.4816871144161,88.44173398827175,16.90483235561361,10.909899411868519,3.0577645429299958,0.0,7.811826290951413,13.51402542812648,14.951627946209975,17.27248037581423,20.668486706785956,26.23084960397272,28.90829073311076,33.04275926001963,35.072740048106056,38.805637716138236,39.33615538785144,43.12104376137057,44.962937623676446,45.24766029576282,23.934199448245923,27.267222550476088,29.013057594230226,15.920179144644909,21.17926176426595,28.56993663196243,40.08687584318056,44.23148692264266,46.525111129002546,48.93874821854191,55.84272808525647,62.01235935462743,66.83991877943001,67.5459393173749,62.32275794629878,62.92254957678389,63.83429789731977,8.807783619354595,10.493713926336493,12.449614741817681,15.10610829535776,18.427428063160914,20.76847590547427,9.14939759746183,13.87866233946983,19.20830304030511,65.52015378686397,79.43500660678266,83.96780364613927,87.23488276976025,93.86878245245067,98.83317445953472,104.58316350300254,111.73020470898422,116.21788061082921,121.80422843387066,123.16993338004316,125.18347081451017,132.08627901117913,134.95324866570985,138.1250170998803,49.524167906794226,56.34217722036957,57.36277165500068,51.937589326290826,53.45588112960136,56.43900985629084,131.78926910086437,135.42268140887455,40.320880199251405,43.05681532275122,45.05496046262468,55.45867869218088,6.106230424738333,9.041864938774443,98.95089871362028,101.42564496323858,104.31870113275897,109.81842812598327,114.025666769084,118.1760463902753,120.42127444105321,126.31497048004266,41.96876681414018,43.643386173875406,44.43881121748417,111.42884308942786,116.22009188280106,119.09699646933151,121.43796507228198,122.45134259324838,123.26022453766306,29.480994134930924,30.823509311753867,31.567451513809925,32.13236212620802,34.828725046884685,37.193182278470815,25.424633692697753,28.983694383385654,100.03287979107213,102.44870366710283,38.72649955445593,82.52904442167765,84.10211212524287,87.93059341682574,92.33715148407049,74.05873481651987,76.46034781615157,78.17458263087214,64.12276423799227,65.03884556625958,69.11786799816653,76.68773147117581,100.3140789393258,105.31196739346322,107.57408277513585,110.19462966462285,113.16188748961886,115.2050539047696,116.42154393760997,118.03091213662472,123.6215000305765,128.3057337992947,134.0447556671743,138.49854528950715,73.74053802362565,98.57287423315974,104.71404757381703,110.5855172365165,113.80625504018819,115.457038187667,121.29003073009322,128.0860617776974,130.8233686658632,131.36320012104156,129.33559012643101,130.9205951737416,109.32559015737837,113.98151659580073,118.85667864438948,96.33186327069039,102.65258672611856,108.20500259671039,111.25711366939436,117.37985896868618,117.94146826348106,93.06043615833069,99.24253952207349,100.20602953240054,100.68547713120564,94.07313983317569,99.26356852452668,102.70391865205731,108.15101677858304,111.99196952497293,92.41471424641723,95.5286638285396,96.70271424388203,97.83866846831187,98.22633972079261,99.33036644148376,100.28423330850453,100.7652925564148,105.8972456142018,112.14293877028943,140.89978797606548
41,153.60566351861613,153.5376488143236,148.6484156433652,142.86691367588307,139.3516392911444,137.5128606203958,125.54522066926089,118.52909994624021,118.16973940305273,113.06741101299394,106.6136529605101,100.58871769114828,94.4438335587988,87.67105613738596,82.2954452883754,73.87540550224611,68.63334197725902,38.71290815687469,36.005217258710694,33.37314013218118,29.113525713011292,34.453981686053304,35.40918323546578,41.69409763424641,48.32714406857807,55.41949494822298,60.463143429233526,63.26883015444004,66.08097968815976,72.28829150568592,75.66113155525841,79.55986840198196,81.89504655364405,85.45925095294554,91.91006989320421,95.29351340536752,96.25356027922317,24.716658646565023,18.72172570281993,10.869590833881409,7.811826290951413,0.0,5.702199137175068,7.139801655258562,9.460654084862815,12.856660415834542,18.41902331302131,21.096464442159352,25.23093296906822,27.260913757154647,30.993811425186827,31.524329096900036,35.30921747041917,37.151111332725044,37.43583400481142,16.122373157294508,19.455396259524672,21.20123130327881,8.108352853693496,13.367435473314536,20.75811034101102,47.898702134131966,52.04331321359407,54.336937419953955,56.75057450949332,63.65455437620787,69.82418564557882,74.6517450703814,75.35776560832629,70.13458423725018,70.7343758677353,71.64612418827117,0.9959573284031824,2.681887635385081,4.637788450866268,7.294282004406347,10.615601772209502,12.956649614522856,1.3375713065104164,6.066836048518417,11.396476749353699,73.33198007781539,87.24683289773408,91.77962993709069,95.04670906071166,101.68060874340209,106.64500075048613,112.39498979395395,119.54203099993563,124.02970690178063,129.61605472482208,130.9817596709946,132.9952971054616,139.89810530213055,142.76507495666127,145.9368433908317,57.335994197745634,64.15400351132098,65.17459794595209,59.749415617242235,61.26770742055277,64.25083614724225,139.6010953918158,143.23450769982597,48.132706490202814,50.86864161370263,52.866786753576086,63.27050498313229,13.918056715689747,16.853691229725857,106.76272500457169,109.23747125419,112.13052742371039,117.63025441693469,121.83749306003541,125.98787268122672,128.23310073200463,134.12679677099408,49.78059310509159,51.455212464826815,52.25063750843558,119.24066938037927,124.03191817375247,126.90882276028293,129.2497913632334,130.2631688841998,131.0720508286145,37.29282042588234,38.63533560270528,39.379277804761344,39.94418841715944,42.6405513378361,45.00500856942223,33.23645998364916,36.79552067433706,107.84470608202355,110.26052995805425,46.53832584540734,90.34087071262907,91.91393841619428,95.74241970777716,100.1489777750219,81.87056110747129,84.27217410710298,85.98640892182355,71.93459052894367,72.85067185721098,76.92969428911793,84.49955776212721,108.12590523027718,113.12379368441461,115.38590906608724,118.00645595557424,120.97371378057025,123.01688019572099,124.23337022856136,125.84273842757611,131.4333263215279,136.1175600902461,141.85658195812567,146.31037158045854,81.55236431457706,106.38470052411112,112.52587386476841,118.39734352746788,121.61808133113958,123.26886447861838,129.10185702104462,135.8978880686488,138.6351949568146,139.17502641199295,137.14741641738243,138.732421464693,117.13741644832976,121.79334288675211,126.66850493534086,104.14368956164178,110.46441301706994,116.01682888766177,119.06893996034574,125.19168525963757,125.75329455443244,100.87226244928208,107.05436581302487,108.01785582335192,108.49730342215703,101.88496612412708,107.07539481547806,110.5157449430087,115.96284306953443,119.80379581592432,100.22654053736862,103.340490119491,104.51454053483342,105.65049475926325,106.038166011744,107.14219273243515,108.09605959945591,108.5771188473662,113.70907190515318,119.95476506124082,148.71161426701687
42,159.3078626557912,159.2398479514987,154.3506147805403,148.56911281305815,145.0538384283195,143.21505975757088,131.24741980643597,124.2312990834153,123.87193854022782,118.76961015016903,112.31585209768518,106.29091682832336,100.14603269597389,93.37325527456105,87.99764442555048,79.57760463942118,74.3355411144341,44.415107294049754,41.70741639588576,39.07533926935624,34.815724850186356,40.15618082322837,41.11138237264085,47.396296771421476,54.029343205753136,61.12169408539805,66.1653425664086,68.97102929161511,71.78317882533483,77.99049064286099,81.36333069243348,85.26206753915703,87.59724569081912,91.16145009012061,97.61226903037928,100.99571254254259,101.95575941639824,30.41885778374009,24.423924839995,16.571789971056475,13.51402542812648,5.702199137175068,0.0,1.4376025180834946,3.7584549476877482,7.154461278659474,12.716824175846241,15.394265304984282,19.528733831893152,21.55871461997958,25.29161228801176,25.82212995972497,29.607018333244103,31.448912195549976,31.733634867636354,10.420174020119441,13.753197122349606,15.499032166103746,13.810551990868564,19.069634610489604,26.460309478186087,53.60090127130703,57.74551235076913,60.03913655712902,62.45277364666838,69.35675351338294,75.5263847827539,80.35394420755647,81.05996474550136,75.83678337442525,76.43657500491037,77.34832332544624,6.698156465578251,8.38408677256015,10.339987588041337,12.996481141581416,16.31780090938457,18.658848751697924,7.039770443685485,11.769035185693486,17.098675886528767,79.03417921499046,92.94903203490915,97.48182907426576,100.74890819788673,107.38280788057716,112.3471998876612,118.09718893112903,125.2442301371107,129.7319060389557,135.31825386199716,136.68395880816968,138.69749624263667,145.60030443930563,148.46727409383635,151.6390425280068,63.0381933349207,69.85620264849605,70.87679708312716,65.45161475441729,66.96990655772782,69.95303528441731,145.30329452899088,148.93670683700105,53.83490562737788,56.57084075087769,58.56898589075115,68.97270412030736,19.620255852864815,22.555890366900925,112.46492414174676,114.93967039136507,117.83272656088546,123.33245355410976,127.53969219721048,131.69007181840178,133.9352998691797,139.82899590816913,55.482792242266655,57.15741160200188,57.952836645610645,124.94286851755434,129.73411731092753,132.611021897458,134.95199050040847,135.96536802137487,136.77424996578955,42.995019563057404,44.33753473988035,45.08147694193641,45.6463875543345,48.342750475011165,50.707207706597295,38.93865912082423,42.49771981151213,113.54690521919862,115.96272909522932,52.24052498258241,96.04306984980414,97.61613755336936,101.44461884495223,105.85117691219698,87.57276024464636,89.97437324427806,91.68860805899862,77.63678966611874,78.55287099438605,82.631893426293,90.20175689930228,113.82810436745227,118.8259928215897,121.08810820326232,123.70865509274932,126.67591291774534,128.71907933289606,129.93556936573643,131.5449375647512,137.13552545870297,141.81975922742117,147.55878109530073,152.0125707176336,87.25456345175213,112.08689966128621,118.2280730019435,124.09954266464297,127.32028046831466,128.97106361579347,134.8040561582197,141.6000872058239,144.3373940939897,144.87722554916806,142.84961555455752,144.4346206018681,122.83961558550484,127.4955420239272,132.37070407251593,109.84588869881686,116.16661215424503,121.71902802483686,124.77113909752083,130.89388439681267,131.45549369160756,106.57446158645716,112.75656495019996,113.72005496052701,114.19950255933212,107.58716526130216,112.77759395265315,116.21794408018378,121.66504220670951,125.5059949530994,105.9287396745437,109.04268925666608,110.2167396720085,111.35269389643834,111.74036514891908,112.84439186961023,113.798258736631,114.27931798454128,119.41127104232827,125.6569641984159,154.41381340419196
43,160.7454651738747,160.67745046958217,155.78821729862378,150.00671533114163,146.49144094640297,144.65266227565436,132.68502232451945,125.66890160149877,125.3095410583113,120.20721266825251,113.75345461576866,107.72851934640684,101.58363521405737,94.81085779264453,89.43524694363397,81.01520715750468,75.77314363251759,45.85270981213325,43.14501891396925,40.512941787439736,36.25332736826985,41.59378334131186,42.54898489072434,48.83389928950497,55.46694572383663,62.55929660348154,67.60294508449209,70.4086318096986,73.22078134341832,79.42809316094448,82.80093321051697,86.69967005724052,89.03484820890262,92.5990526082041,99.04987154846278,102.43331506062609,103.39336193448173,31.856460301823585,25.861527358078494,18.00939248913997,14.951627946209975,7.139801655258562,1.4376025180834946,0.0,2.3208524296042534,5.716858760575979,11.279221657762747,13.956662786900788,18.091131313809658,20.121112101896085,23.854009769928265,24.384527441641474,28.169415815160608,30.011309677466482,30.29603234955286,8.982571502035947,12.315594604266112,14.061429648020251,15.248154508952059,20.5072371285731,27.89791199626958,55.038503789390525,59.18311486885263,61.476739075212514,63.89037616475188,70.79435603146644,76.96398730083739,81.79154672563996,82.49756726358486,77.27438589250875,77.87417752299386,78.78592584352974,8.135758983661745,9.821689290643643,11.777590106124832,14.43408365966491,17.755403427468064,20.09645126978142,8.477372961768978,13.206637703776979,18.53627840461226,80.47178173307395,94.38663455299265,98.91943159234926,102.18651071597023,108.82041039866066,113.7848024057447,119.53479144921252,126.6818326551942,131.1695085570392,136.75585638008064,138.12156132625316,140.13509876072015,147.0379069573891,149.90487661191983,153.07664504609028,64.4757958530042,71.29380516657955,72.31439960121065,66.88921727250079,68.40750907581132,71.3906378025008,146.74089704707436,150.37430935508453,55.27250814546137,58.00844326896119,60.006588408834645,70.41030663839085,21.05785837094831,23.99349288498442,113.90252665983026,116.37727290944856,119.27032907896896,124.77005607219326,128.97729471529397,133.12767433648526,135.37290238726317,141.2665984262526,56.92039476035015,58.595014120085374,59.39043916369414,126.38047103563784,131.17171982901104,134.0486244155415,136.38959301849198,137.40297053945838,138.21185248387306,44.4326220811409,45.77513725796384,46.5190794600199,47.083990072418,49.78035299309466,52.14481022468079,40.37626163890772,43.93532232959562,114.98450773728212,117.40033161331282,53.6781275006659,97.48067236788764,99.05374007145285,102.88222136303573,107.28877943028047,89.01036276272986,91.41197576236155,93.12621057708212,79.07439218420224,79.99047351246955,84.0694959443765,91.63935941738578,115.26570688553575,120.26359533967317,122.5257107213458,125.1462576108328,128.11351543582882,130.15668185097954,131.3731718838199,132.98254008283467,138.57312797678645,143.25736174550465,148.99638361338424,153.4501732357171,88.69216596983563,113.52450217936969,119.66567552002698,125.53714518272645,128.75788298639813,130.40866613387692,136.24165867630316,143.03768972390736,145.77499661207315,146.3148280672515,144.28721807264097,145.87222311995154,124.27721810358832,128.93314454201067,133.80830659059941,111.28349121690034,117.60421467232851,123.15663054292034,126.20874161560431,132.33148691489615,132.89309620969104,108.01206410454064,114.19416746828344,115.15765747861049,115.6371050774156,109.02476777938564,114.21519647073663,117.65554659826726,123.102644724793,126.94359747118288,107.36634219262719,110.48029177474956,111.65434219009198,112.79029641452182,113.17796766700256,114.28199438769371,115.23586125471448,115.71692050262476,120.84887356041175,127.09456671649939,155.85141592227544
44,163.06631760347895,162.99830289918643,158.10906972822804,152.3275677607459,148.81229337600723,146.97351470525862,135.0058747541237,127.98975403110303,127.63039348791555,122.52806509785677,116.07430704537292,110.0493717760111,103.90448764366162,97.13171022224878,91.75609937323823,83.33605958710893,78.09399606212185,48.17356224173751,45.46587134357351,42.833794217043994,38.57417979787411,43.91463577091612,44.8698373203286,51.15475171910923,57.78779815344089,64.8801490330858,69.92379751409635,72.72948423930286,75.54163377302258,81.74894559054874,85.12178564012123,89.02052248684478,91.35570063850687,94.91990503780836,101.37072397806703,104.75416749023034,105.71421436408599,34.17731273142784,28.18237978768275,20.330244918744224,17.27248037581423,9.460654084862817,3.7584549476877482,2.3208524296042534,0.0,3.396006330971726,8.958369228158494,11.635810357296535,15.770278884205403,17.80025967229183,21.53315734032401,22.06367501203722,25.848563385556353,27.690457247862227,27.975179919948605,6.661719072431693,9.994742174661859,11.740577218415998,17.569006938556313,22.828089558177354,30.218764425873836,57.35935621899478,61.503967298456885,63.79759150481677,66.21122859435614,73.1152084610707,79.28483973044165,84.11239915524422,84.81841969318911,79.595238322113,80.19502995259812,81.106778273134,10.456611413266,12.142541720247898,14.098442535729086,16.754936089269165,20.07625585707232,22.417303699385673,10.798225391373233,15.527490133381233,20.857130834216516,82.79263416267821,96.7074869825969,101.24028402195351,104.50736314557449,111.14126282826491,116.10565483534896,121.85564387881678,129.00268508479846,133.49036098664345,139.0767088096849,140.44241375585742,142.4559511903244,149.35875938699337,152.2257290415241,155.39749747569454,66.79664828260846,73.6146575961838,74.63525203081491,69.21006970210505,70.72836150541558,73.71149023210506,149.0617494766786,152.6951617846888,57.59336057506563,60.329295698565446,62.3274408384389,72.73115906799511,23.37871080055256,26.31434531458867,116.22337908943452,118.69812533905282,121.59118150857321,127.09090850179751,131.29814714489822,135.44852676608951,137.69375481686743,143.58745085585687,59.24124718995441,60.91586654968963,61.7112915932984,128.7013234652421,133.4925722586153,136.36947684514575,138.71044544809624,139.72382296906264,140.53270491347732,46.75347451074516,48.0959896875681,48.83993188962416,49.404842502022255,52.10120542269892,54.46566265428505,42.69711406851198,46.25617475919988,117.30536016688637,119.72118404291707,55.99897993027016,99.8015247974919,101.37459250105711,105.20307379263998,109.60963185988473,91.33121519233411,93.73282819196581,95.44706300668638,81.3952446138065,82.31132594207381,86.39034837398076,93.96021184699003,117.58655931514001,122.58444776927743,124.84656315095006,127.46711004043706,130.43436786543307,132.4775342805838,133.69402431342417,135.30339251243893,140.8939804063907,145.5782141751089,151.3172360429885,155.77102566532136,91.01301839943989,115.84535460897395,121.98652794963124,127.8579976123307,131.0787354160024,132.72951856348118,138.56251110590742,145.35854215351162,148.0958490416774,148.63568049685577,146.60807050224523,148.1930755495558,126.59807053319258,131.25399697161492,136.12915902020367,113.6043436465046,119.92506710193277,125.4774829725246,128.52959404520857,134.6523393445004,135.2139486392953,110.3329165341449,116.5150198978877,117.47850990821475,117.95795750701986,111.3456202089899,116.53604890034089,119.97639902787152,125.42349715439725,129.26444990078716,109.68719462223144,112.80114420435382,113.97519461969624,115.11114884412608,115.49882009660682,116.60284681729797,117.55671368431874,118.03777293222902,123.169725990016,129.41541914610363,158.1722683518797
45,166.46232393445067,166.39430923015814,161.50507605919975,155.7235740917176,152.20829970697895,150.36952103623034,138.40188108509543,131.38576036207476,131.02639981888728,125.92407142882848,119.47031337634463,113.44537810698282,107.30049397463334,100.5277165532205,95.15210570420994,86.73206591808065,81.49000239309356,51.56956857270923,48.861877674545234,46.22980054801572,41.97018612884583,47.310642101887844,48.26584365130032,54.55075805008095,61.18380448441261,68.27615536405753,73.31980384506808,76.1254905702746,78.93764010399431,85.14495192152047,88.51779197109296,92.41652881781651,94.7517069694786,98.31591136878009,104.76673030903876,108.15017382120207,109.11022069505772,37.57331906239956,31.578386118654475,23.72625124971595,20.668486706785956,12.856660415834542,7.154461278659474,5.716858760575979,3.396006330971726,0.0,5.562362897186768,8.239804026324808,12.374272553233677,14.404253341320103,18.137151009352284,18.667668681065493,22.452557054584627,24.2944509168905,24.57917358897688,10.057725403403419,13.390748505633583,15.136583549387723,20.965013269528036,26.224095889149076,33.61477075684556,60.755362549966506,64.8999736294286,67.1935978357885,69.60723492532786,76.51121479204241,82.68084606141336,87.50840548621593,88.21442602416083,82.99124465308472,83.59103628356984,84.50278460410571,13.852617744237724,15.538548051219623,17.49444886670081,20.150942420240888,23.47226218804404,25.813310030357396,14.194231722344957,18.923496464352958,24.253137165188242,86.18864049364993,100.10349331356862,104.63629035292523,107.9033694765462,114.53726915923663,119.50166116632067,125.2516502097885,132.39869141577017,136.88636731761517,142.47271514065662,143.83842008682913,145.85195752129613,152.75476571796509,155.6217353724958,158.79350380666625,70.19265461358017,77.01066392715552,78.03125836178663,72.60607603307677,74.12436783638731,77.1074965630768,152.45775580765033,156.0911681156605,60.989366906037354,63.72530202953717,65.72344716941062,76.12716539896682,26.77471713152429,29.7103516455604,119.61938542040623,122.09413167002454,124.98718783954493,130.48691483276923,134.69415347586994,138.84453309706123,141.08976114783914,146.9834571868286,62.63725352092613,64.31187288066135,65.10729792427011,132.0973297962138,136.888578589587,139.76548317611747,142.10645177906795,143.11982930003435,143.92871124444903,50.14948084171688,51.49199601853982,52.235938220595884,52.80084883299398,55.49721175367064,57.86166898525677,46.0931203994837,49.6521810901716,120.70136649785809,123.11719037388879,59.39498626124188,103.19753112846361,104.77059883202882,108.5990801236117,113.00563819085644,94.72722152330583,97.12883452293752,98.8430693376581,84.79125094477821,85.70733227304552,89.78635470495247,97.35621817796175,120.98256564611172,125.98045410024915,128.24256948192178,130.86311637140878,133.8303741964048,135.8735406115555,137.09003064439588,138.69939884341065,144.28998673736243,148.97422050608063,154.7132423739602,159.16703199629308,94.4090247304116,119.24136093994566,125.38253428060295,131.25400394330242,134.4747417469741,136.1255248944529,141.95851743687913,148.75454848448334,151.49185537264913,152.03168682782749,150.00407683321694,151.58908188052752,129.9940768641643,134.65000330258664,139.5251653511754,117.00034997747632,123.32107343290448,128.8734893034963,131.92560037618028,138.04834567547212,138.609954970267,113.72892286511662,119.91102622885941,120.87451623918646,121.35396383799157,114.74162653996162,119.9320552313126,123.37240535884324,128.81950348536895,132.66045623175884,113.08320095320316,116.19715053532553,117.37120095066795,118.5071551750978,118.89482642757854,119.99885314826969,120.95272001529045,121.43377926320073,126.56573232098772,132.81142547707535,161.5682746828514
46,172.02468683163744,171.95667212734492,167.06743895638652,161.28593698890438,157.77066260416572,155.9318839334171,143.9642439822822,136.94812325926154,136.58876271607406,131.48643432601526,125.03267627353141,119.00774100416959,112.86285687182011,106.09007945040727,100.71446860139672,92.29442881526742,87.05236529028033,57.131931469895996,54.424240571732,51.79216344520248,47.5325490260326,52.87300499907461,53.82820654848709,60.11312094726772,66.74616738159938,73.83851826124429,78.88216674225484,81.68785346746135,84.50000300118107,90.70731481870723,94.08015486827972,97.97889171500327,100.31406986666536,103.87827426596685,110.32909320622552,113.71253671838883,114.67258359224448,43.13568195958633,37.14074901584124,29.288614146902717,26.23084960397272,18.41902331302131,12.716824175846241,11.279221657762747,8.958369228158494,5.562362897186768,0.0,2.6774411291380407,6.81190965604691,8.841890444133336,12.574788112165516,13.105305783878725,16.890194157397858,18.73208801970373,19.01681069179011,15.620088300590186,18.95311140282035,20.69894644657449,26.527376166714806,31.786458786335846,39.17713365403233,66.31772544715326,70.46233652661536,72.75596073297524,75.1695978225146,82.07357768922915,88.2432089586001,93.07076838340268,93.77678892134757,88.55360755027147,89.15339918075658,90.06514750129246,19.414980641424492,21.10091094840639,23.056811763887577,25.713305317427654,29.034625085230807,31.375672927544162,19.756594619531725,24.485859361539724,29.81550006237501,91.7510033908367,105.6658562107554,110.198653250112,113.46573237373298,120.0996320564234,125.06402406350745,130.81401310697527,137.96105431295695,142.44873021480194,148.0350780378434,149.4007829840159,151.4143204184829,158.31712861515186,161.18409826968258,164.35586670385302,75.75501751076693,82.57302682434228,83.59362125897339,78.16843893026353,79.68673073357407,82.66985946026355,158.0201187048371,161.65353101284728,66.55172980322412,69.28766492672393,71.28581006659739,81.6895282961536,32.33708002871106,35.27271454274717,125.181748317593,127.65649456721131,130.5495507367317,136.049277729956,140.2565163730567,144.406895994248,146.65212404502591,152.54582008401536,68.1996164181129,69.87423577784811,70.66966082145687,137.6596926934006,142.4509414867738,145.32784607330424,147.66881467625473,148.68219219722113,149.4910741416358,55.711843738903646,57.05435891572659,57.79830111778265,58.363211730180744,61.05957465085741,63.424031882443536,51.65548329667047,55.21454398735837,126.26372939504486,128.67955327107558,64.95734915842864,108.75989402565038,110.3329617292156,114.16144302079847,118.56800108804322,100.2895844204926,102.6911974201243,104.40543223484487,90.35361384196499,91.2696951702323,95.34871760213925,102.91858107514852,126.5449285432985,131.54281699743592,133.80493237910855,136.42547926859555,139.39273709359156,141.43590350874229,142.65239354158265,144.26176174059742,149.8523496345492,154.5365834032674,160.27560527114696,164.72939489347982,99.97138762759838,124.80372383713244,130.94489717778973,136.8163668404892,140.03710464416088,141.68788779163967,147.5208803340659,154.31691138167008,157.05421826983587,157.59404972501423,155.56643973040372,157.1514447777143,135.55643976135107,140.21236619977344,145.0875282483622,122.56271287466309,128.88343633009126,134.4358522006831,137.48796327336706,143.6107085726589,144.17231786745378,119.29128576230339,125.47338912604619,126.43687913637324,126.91632673517834,120.30398943714839,125.49441812849938,128.93476825603,134.38186638255573,138.22281912894562,118.64556385038993,121.7595134325123,122.93356384785473,124.06951807228457,124.45718932476531,125.56121604545646,126.51508291247723,126.9961421603875,132.1280952181745,138.37378837426215,167.13063758003818
47,174.7021279607755,174.63411325648298,169.74488008552458,163.96337811804244,160.44810373330378,158.60932506255517,146.64168511142026,139.6255643883996,139.26620384521212,134.16387545515332,127.71011740266947,121.68518213330765,115.54029800095817,108.76752057954533,103.39190973053476,94.97186994440547,89.72980641941838,59.80937259903404,57.101681700870046,54.46960457434053,50.209990155170644,55.550446128212656,56.505647677625134,62.79056207640576,69.42360851073742,76.51595939038233,81.55960787139288,84.3652945965994,87.17744413031912,93.38475594784528,96.75759599741777,100.65633284414132,102.99151099580341,106.5557153951049,113.00653433536357,116.38997784752688,117.35002472138252,45.813123088724375,39.81819014497928,31.96605527604076,28.908290733110764,21.096464442159352,15.394265304984282,13.956662786900788,11.635810357296535,8.239804026324808,2.6774411291380407,0.0,4.1344685269088695,6.164449314995295,9.897346983027475,10.427864654740684,14.212753028259819,16.054646890565692,16.33936956265207,18.29752942972823,21.630552531958394,23.376387575712535,29.20481729585285,34.46389991547389,41.85457478317037,68.99516657629131,73.1397776557534,75.4334018621133,77.84703895165266,84.75101881836721,90.92065008773817,95.74820951254074,96.45423005048563,91.23104867940953,91.83084030989464,92.74258863043052,22.092421770562535,23.778352077544433,25.73425289302562,28.3907464465657,31.712066214368853,34.053114056682205,22.434035748669768,27.16330049067777,32.492941191513054,94.42844451997475,108.34329733989344,112.87609437925005,116.14317350287102,122.77707318556145,127.74146519264549,133.4914542361133,140.63849544209498,145.12617134393997,150.71251916698142,152.07822411315394,154.09176154762093,160.9945697442899,163.8615393988206,167.03330783299106,78.43245863990498,85.25046795348032,86.27106238811143,80.84588005940158,82.36417186271211,85.3473005894016,160.69755983397513,164.3309721419853,69.22917093236217,71.96510605586198,73.96325119573544,84.36696942529164,35.014521157849096,37.950155671885206,127.85918944673105,130.33393569634936,133.22699186586976,138.72671885909406,142.93395750219477,147.08433712338606,149.32956517416397,155.22326121315342,70.87705754725094,72.55167690698616,73.34710195059492,140.33713382253862,145.12838261591182,148.00528720244228,150.34625580539276,151.35963332635916,152.16851527077384,58.38928486804169,59.731800044864634,60.475742246920696,61.04065285931879,63.73701577999545,66.10147301158158,54.332924425808514,57.891985116496414,128.9411705241829,131.3569944002136,67.63479028756669,111.43733515478843,113.01040285835364,116.83888414993652,121.24544221718126,102.96702554963065,105.36863854926234,107.08287336398291,93.03105497110303,93.94713629937034,98.02615873127729,105.59602220428657,129.22236967243654,134.22025812657395,136.48237350824658,139.10292039773358,142.0701782227296,144.11334463788032,145.3298346707207,146.93920286973545,152.52979076368723,157.21402453240543,162.95304640028502,167.40683602261788,102.64882875673642,127.4811649662705,133.6223383069278,139.49380796962726,142.71454577329894,144.36532892077773,150.19832146320397,156.99435251080814,159.73165939897393,160.2714908541523,158.24388085954178,159.82888590685235,138.23388089048913,142.8898073289115,147.76496937750025,125.24015400380115,131.56087745922932,137.11329332982115,140.16540440250512,146.28814970179695,146.84975899659185,121.96872689144145,128.15083025518425,129.11432026551128,129.5937678643164,122.98143056628645,128.17185925763744,131.61220938516806,137.0593075116938,140.90026025808368,121.323004979528,124.43695456165037,125.61100497699279,126.74695920142263,127.13463045390337,128.23865717459452,129.1925240416153,129.67358328952557,134.80553634731257,141.0512295034002,169.80807870917624
48,178.83659648768432,178.7685817833918,173.8793486124334,168.09784664495126,164.5825722602126,162.743793589464,150.77615363832908,143.76003291530841,143.40067237212094,138.29834398206214,131.8445859295783,125.8196506602165,119.67476652786702,112.90198910645418,107.52637825744362,99.10633847131433,93.86427494632724,63.94384112594291,61.236150227778914,58.6040731012494,54.34445868207951,59.684914655121524,60.640116204534,66.92503060331462,73.55807703764629,80.6504279172912,85.69407639830175,88.49976312350826,91.31191265722798,97.51922447475414,100.89206452432663,104.79080137105018,107.12597952271227,110.69018392201376,117.14100286227243,120.52444637443574,121.48449324829139,49.94759161563324,43.95265867188815,36.10052380294963,33.042759260019636,25.23093296906822,19.528733831893152,18.091131313809658,15.770278884205403,12.374272553233677,6.81190965604691,4.1344685269088695,0.0,2.0299807880864256,5.762878456118606,6.293396127831814,10.078284501350947,11.920178363656822,12.204901035743198,22.431997956637098,25.765021058867262,27.510856102621403,33.33928582276172,38.59836844238276,45.98904331007924,73.12963510320017,77.27424618266227,79.56787038902215,81.98150747856151,88.88548734527606,95.05511861464701,99.88267803944959,100.58869857739448,95.36551720631837,95.96530883680349,96.87705715733937,26.226890297471403,27.9128206044533,29.868721419934488,32.52521497347457,35.84653474127772,38.18758258359107,26.568504275578636,31.29776901758664,36.62740971842192,98.56291304688361,112.4777658668023,117.01056290615891,120.27764202977988,126.91154171247031,131.87593371955435,137.62592276302217,144.77296396900385,149.26063987084885,154.8469876938903,156.2126926400628,158.2262300745298,165.12903827119877,167.9960079257295,171.16777635989993,82.56692716681384,89.38493648038919,90.4055309150203,84.98034858631044,86.49864038962097,89.48176911631046,164.832028360884,168.4654406688942,73.36363945927103,76.09957458277084,78.0977197226443,88.5014379522005,39.14898968475797,42.08462419879408,131.9936579736399,134.4684042232582,137.3614603927786,142.8611873860029,147.06842602910362,151.2188056502949,153.46403370107282,159.35772974006227,75.0115260741598,76.68614543389502,77.48157047750378,144.4716023494475,149.2628511428207,152.13975572935115,154.48072433230163,155.49410185326803,156.3029837976827,62.52375339495056,63.8662685717735,64.61021077382956,65.17512138622766,67.87148430690432,70.23594153849045,58.46739295271738,62.02645364340528,133.07563905109177,135.49146292712248,71.76925881447556,115.57180368169729,117.1448713852625,120.97335267684538,125.37991074409013,107.10149407653951,109.5031070761712,111.21734189089177,97.1655234980119,98.0816048262792,102.16062725818615,109.73049073119543,133.3568381993454,138.3547266534828,140.61684203515543,143.23738892464243,146.20464674963844,148.24781316478916,149.46430319762953,151.0736713966443,156.66425929059608,161.34849305931428,167.08751492719387,171.54130454952673,106.78329728364528,131.61563349317933,137.75680683383663,143.6282764965361,146.84901430020778,148.49979744768657,154.33278999011281,161.128821037717,163.86612792588278,164.40595938106114,162.37834938645062,163.9633544337612,142.36834941739798,147.02427585582035,151.8994379044091,129.37462253070998,135.69534598613816,141.24776185673,144.29987292941397,150.4226182287058,150.9842275235007,126.1031954183503,132.2852987820931,133.24878879242013,133.72823639122524,127.1158990931953,132.30632778454628,135.7466779120769,141.19377603860264,145.03472878499252,125.45747350643684,128.57142308855921,129.74547350390165,130.8814277283315,131.26909898081223,132.37312570150337,133.32699256852413,133.8080518164344,138.9400048742214,145.18569803030903,173.94254723608506
49,180.86657727577077,180.79856257147824,175.90932940051985,170.1278274330377,166.61255304829905,164.77377437755044,152.80613442641553,145.79001370339486,145.43065316020738,140.32832477014858,133.87456671766475,127.84963144830294,121.70474731595347,114.93196989454063,109.55635904553006,101.13631925940076,95.89425573441368,65.97382191402934,63.26613101586534,60.634053889335824,56.37443947016594,61.71489544320795,62.67009699262043,68.95501139140106,75.58805782573272,82.68040870537763,87.72405718638818,90.5297439115947,93.34189344531441,99.54920526284057,102.92204531241306,106.82078215913661,109.1559603107987,112.72016471010019,119.17098365035886,122.55442716252217,123.51447403637782,51.97757240371967,45.98263945997458,38.13050459103606,35.07274004810606,27.260913757154647,21.55871461997958,20.121112101896085,17.80025967229183,14.404253341320103,8.841890444133336,6.164449314995295,2.0299807880864256,0.0,3.73289766803218,4.263415339745388,8.048303713264522,9.890197575570397,10.174920247656773,24.461978744723524,27.79500184695369,29.54083689070783,35.36926661084814,40.62834923046918,48.019024098165666,75.1596158912866,79.3042269707487,81.5978511771086,84.01148826664796,90.91546813336251,97.08509940273346,101.91265882753603,102.61867936548093,97.39549799440482,97.99528962488993,98.90703794542581,28.25687108555783,29.942801392539728,31.898702208020914,34.555195761560995,37.87651552936415,40.2175633716775,28.598485063665063,33.327749805673065,38.65739050650835,100.59289383497004,114.50774665488873,119.04054369424534,122.30762281786632,128.94152250055674,133.90591450764077,139.6559035511086,146.80294475709027,151.29062065893527,156.87696848197672,158.24267342814923,160.25621086261623,167.15901905928519,170.0259887138159,173.19775714798635,84.59690795490027,91.41491726847562,92.43551170310673,87.01032937439687,88.52862117770741,91.5117499043969,166.86200914897043,170.4954214569806,75.39362024735746,78.12955537085728,80.12770051073073,90.53141874028694,41.1789704728444,44.11460498688051,134.02363876172632,136.49838501134462,139.39144118086503,144.89116817408933,149.09840681719004,153.24878643838133,155.49401448915924,161.3877105281487,77.04150686224624,78.71612622198145,79.51155126559021,146.5015831375339,151.2928319309071,154.16973651743757,156.51070512038805,157.52408264135445,158.33296458576913,64.55373418303698,65.89624935985992,66.64019156191598,67.20510217431408,69.90146509499074,72.26592232657687,60.49737374080381,64.05643443149171,135.1056198391782,137.5214437152089,73.799239602562,117.60178446978372,119.17485217334894,123.00333346493181,127.40989153217656,109.13147486462594,111.53308786425764,113.24732267897821,99.19550428609833,100.11158561436564,104.19060804627259,111.76047151928186,135.38681898743184,140.38470744156925,142.64682282324188,145.26736971272888,148.2346275377249,150.2777939528756,151.49428398571598,153.10365218473075,158.69424007868253,163.37847384740073,169.1174957152803,173.57128533761318,108.81327807173172,133.64561428126578,139.78678762192308,145.65825728462255,148.87899508829423,150.52977823577302,156.36277077819926,163.15880182580344,165.89610871396923,166.43594016914759,164.40833017453707,165.99333522184764,144.39833020548443,149.0542566439068,153.92941869249555,131.40460331879643,137.7253267742246,143.27774264481644,146.3298537175004,152.45259901679225,153.01420831158714,128.13317620643676,134.31527957017954,135.27876958050658,135.75821717931169,129.14587988128176,134.33630857263276,137.77665870016338,143.2237568266891,147.064709573079,127.48745429452329,130.60140387664566,131.7754542919881,132.91140851641794,133.29907976889868,134.40310648958982,135.35697335661058,135.83803260452086,140.96998566230783,147.21567881839547,175.9725280241715
50,184.59947494380293,184.5314602395104,179.64222706855202,173.86072510106987,170.34545071633121,168.5066720455826,156.5390320944477,149.52291137142703,149.16355082823955,144.06122243818075,137.60746438569691,131.5825291163351,125.43764498398563,118.6648675625728,113.28925671356222,104.86921692743293,99.62715340244584,69.70671958206151,66.9990286838975,64.366951557368,60.10733713819812,65.44779311124013,66.40299466065261,72.68790905943324,79.3209554937649,86.41330637340981,91.45695485442036,94.26264157962687,97.07479111334659,103.28210293087275,106.65494298044524,110.55367982716879,112.88885797883088,116.45306237813237,122.90388131839104,126.28732483055435,127.24737170441,55.71047007175185,49.71553712800676,41.86340225906824,38.80563771613824,30.993811425186827,25.29161228801176,23.854009769928265,21.53315734032401,18.137151009352284,12.574788112165516,9.897346983027475,5.762878456118606,3.73289766803218,0.0,0.5305176717132085,4.315406045232342,6.157299907538217,6.442022579624594,28.194876412755704,31.52789951498587,33.27373455874001,39.10216427888032,44.36124689850136,51.751921766197846,78.89251355931879,83.03712463878088,85.33074884514076,87.74438593468012,94.64836580139468,100.81799707076563,105.6455564955682,106.3515770335131,101.12839566243699,101.7281872929221,102.63993561345798,31.98976875359001,33.67569906057191,35.631599876053095,38.288093429593175,41.60941319739633,43.95046103970968,32.331382731697246,37.060647473705245,42.39028817454053,104.32579150300221,118.2406443229209,122.77344136227751,126.04052048589848,132.6744201685889,137.63881217567294,143.38880121914076,150.53584242512244,155.02351832696743,160.60986615000888,161.9755710961814,163.9891085306484,170.89191672731735,173.75888638184807,176.93065481601852,88.32980562293245,95.1478149365078,96.1684093711389,90.74322704242906,92.26151884573959,95.24464757242907,170.5949068170026,174.22831912501277,79.12651791538964,81.86245303888946,83.86059817876291,94.26431640831912,44.91186814087658,47.84750265491269,137.75653642975848,140.2312826793768,143.1243388488972,148.6240658421215,152.8313044852222,156.9816841064135,159.2269121571914,165.12060819618085,80.77440453027842,82.44902389001363,83.2444489336224,150.23448080556608,155.02572959893928,157.90263418546974,160.24360278842022,161.25698030938662,162.0658622538013,68.28663185106916,69.6291470278921,70.37308922994816,70.93799984234626,73.63436276302292,75.99881999460905,64.23027140883599,67.78933209952389,138.83851750721036,141.25434138324107,77.53213727059416,121.33468213781589,122.9077498413811,126.73623113296398,131.1427892002087,112.86437253265811,115.2659855322898,116.98022034701037,102.92840195413049,103.8444832823978,107.92350571430475,115.49336918731403,139.119716655464,144.1176051096014,146.37972049127404,149.00026738076104,151.96752520575706,154.01069162090778,155.22718165374815,156.83654985276291,162.4271377467147,167.1113715154329,172.85039338331245,177.3041830056453,112.54617573976388,137.37851194929794,143.51968528995525,149.39115495265472,152.6118927563264,154.2626759038052,160.09566844623143,166.89169949383563,169.62900638200142,170.16883783717978,168.14122784256924,169.7262328898798,148.1312278735166,152.78715431193893,157.66231636052768,135.1375009868286,141.45822444225678,147.0106403128486,150.06275138553258,156.18549668482441,156.7471059796193,131.86607387446892,138.0481772382117,139.01166724853874,139.49111484734385,132.87877754931392,138.06920624066493,141.50955636819555,146.95665449472128,150.79760724111117,131.22035196255544,134.3343015446778,135.50835196002026,136.6443061844501,137.03197743693084,138.13600415762198,139.08987102464275,139.57093027255303,144.70288333034,150.94857648642764,179.70542569220368
51,185.12999261551613,185.0619779112236,180.17274474026522,174.39124277278307,170.8759683880444,169.0371897172958,157.0695497661609,150.05342904314023,149.69406849995275,144.59174010989395,138.1379820574101,132.1130467880483,125.96816265569883,119.195385234286,113.81977438527544,105.39973459914614,100.15767107415905,70.23723725377472,67.52954635561072,64.89746922908121,60.637854809911325,65.97831078295334,66.93351233236582,73.21842673114645,79.85147316547811,86.94382404512302,91.98747252613357,94.79315925134009,97.6053087850598,103.81262060258597,107.18546065215845,111.084197498882,113.4193756505441,116.98358004984559,123.43439899010426,126.81784250226757,127.77788937612321,56.240987743465055,50.246054799719964,42.39391993078144,39.33615538785145,31.524329096900036,25.82212995972497,24.384527441641474,22.06367501203722,18.667668681065493,13.105305783878725,10.427864654740684,6.293396127831814,4.263415339745388,0.5305176717132085,0.0,3.7848883735191334,5.626782235825009,5.911504907911386,28.725394084468913,32.05841718669908,33.80425223045322,39.632681950593536,44.891764570214576,52.28243943791106,79.423031231032,83.5676423104941,85.86126651685399,88.27490360639335,95.1788834731079,101.34851474247886,106.17607416728143,106.88209470522632,101.65891333415021,102.25870496463533,103.1704532851712,32.52028642530322,34.20621673228512,36.16211754776631,38.81861110130639,42.13993086910954,44.48097871142289,32.86190040341045,37.59116514541845,42.920805846253735,104.85630917471542,118.77116199463411,123.30395903399072,126.5710381576117,133.20493784030214,138.16932984738617,143.919318890854,151.06636009683567,155.55403599868066,161.1403838217221,162.50608876789462,164.51962620236162,171.42243439903058,174.2894040535613,177.46117248773174,88.86032329464567,95.67833260822101,96.69892704285212,91.27374471414227,92.7920365174528,95.77516524414229,171.12542448871582,174.758836796726,79.65703558710285,82.39297071060267,84.39111585047613,94.79483408003233,45.442385812589784,48.378020326625894,138.2870541014717,140.76180035109002,143.65485652061042,149.15458351383472,153.36182215693543,157.51220177812672,159.75742982890463,165.65112586789408,81.30492220199163,82.97954156172685,83.7749666053356,150.7649984772793,155.5562472706525,158.43315185718296,160.77412046013345,161.78749798109985,162.59637992551453,68.81714952278237,70.15966469960532,70.90360690166138,71.46851751405947,74.16488043473613,76.52933766632226,64.7607890805492,68.3198497712371,139.36903517892358,141.7848590549543,78.06265494230738,121.8651998095291,123.43826751309432,127.26674880467719,131.67330687192194,113.39489020437132,115.79650320400302,117.51073801872359,103.4589196258437,104.37500095411102,108.45402338601797,116.02388685902724,139.6502343271772,144.6481227813146,146.91023816298724,149.53078505247424,152.49804287747025,154.54120929262098,155.75769932546135,157.3670675244761,162.9576554184279,167.6418891871461,173.38091105502565,177.8347006773585,113.0766934114771,137.90902962101114,144.05020296166845,149.92167262436791,153.1424104280396,154.7931935755184,160.62618611794463,167.42221716554883,170.15952405371462,170.69935550889298,168.67174551428243,170.256750561593,148.6617455452298,153.31767198365213,158.19283403224088,135.6680186585418,141.98874211396998,147.5411579845618,150.59326905724578,156.7160143565376,157.2776236513325,132.39659154618212,138.5786949099249,139.54218492025194,140.02163251905705,133.40929522102712,138.59972391237812,142.04007403990875,147.48717216643448,151.32812491282436,131.75086963426864,134.864819216391,136.03886963173346,137.1748238561633,137.56249510864404,138.66652182933518,139.62038869635595,140.10144794426623,145.2334010020532,151.47909415814084,180.23594336391687
52,188.91488098903528,188.84686628474276,183.95763311378437,178.17613114630223,174.66085676156356,172.82207809081495,160.85443813968004,153.83831741665938,153.4789568734719,148.3766284834131,141.92287043092927,135.89793516156746,129.75305102921797,122.98027360780512,117.60466275879456,109.18462297266527,103.94255944767818,74.02212562729385,71.31443472912984,68.68235760260033,64.42274318343046,69.76319915647247,70.71840070588495,77.00331510466557,83.63636153899724,90.72871241864215,95.7723608996527,98.57804762485921,101.39019715857893,107.59750897610509,110.97034902567758,114.86908587240113,117.20426402406322,120.76846842336471,127.21928736362338,130.6027308757867,131.56277774964235,60.02587611698419,54.0309431732391,46.17880830430058,43.121043761370586,35.30921747041917,29.6070183332441,28.169415815160605,25.84856338555635,22.452557054584624,16.890194157397858,14.212753028259815,10.078284501350947,8.048303713264522,4.315406045232342,3.7848883735191334,0.0,1.8418938623058752,2.126616534392252,32.51028245798804,35.843305560218205,37.589140603972346,43.41757032411267,48.67665294373371,56.06732781143019,83.20791960455112,87.35253068401322,89.64615489037311,92.05979197991248,98.96377184662703,105.13340311599798,109.96096254080055,110.66698307874545,105.44380170766934,106.04359333815445,106.95534165869033,36.30517479882235,37.99110510580425,39.94700592128544,42.60349947482552,45.92481924262867,48.26586708494202,36.64678877692959,41.37605351893759,46.70569421977287,108.64119754823454,122.55605036815324,127.08884740750985,130.35592653113082,136.98982621382126,141.9542182209053,147.7042072643731,154.8512484703548,159.33892437219978,164.92527219524123,166.29097714141375,168.30451457588075,175.2073227725497,178.07429242708042,181.24606086125087,92.64521166816479,99.46322098174014,100.48381541637124,95.05863308766139,96.57692489097192,99.56005361766141,174.91031286223495,178.54372517024512,83.44192396062198,86.17785908412179,88.17600422399525,98.57972245355145,49.22727418610892,52.16290870014503,142.07194247499083,144.54668872460914,147.43974489412955,152.93947188735385,157.14671053045456,161.29709015164585,163.54231820242376,169.4360142414132,85.08981057551075,86.76442993524597,87.55985497885473,154.54988685079843,159.34113564417163,162.2180402307021,164.55900883365257,165.57238635461897,166.38126829903365,72.6020378963015,73.94455307312444,74.6884952751805,75.2534058875786,77.94976880825526,80.31422603984139,68.54567745406833,72.10473814475623,143.1539235524427,145.56974742847342,81.8475433158265,125.65008818304823,127.22315588661344,131.0516371781963,135.45819524544103,117.17977857789045,119.58139157752214,121.29562639224271,107.24380799936283,108.15988932763014,112.23891175953709,119.80877523254637,143.43512270069635,148.43301115483376,150.6951265365064,153.3156734259934,156.2829312509894,158.32609766614013,159.5425876989805,161.15195589799526,166.74254379194704,171.42677756066524,177.1657994285448,181.61958905087766,116.86158178499622,141.6939179945303,147.8350913351876,153.70656099788707,156.92729880155875,158.57808194903754,164.41107449146378,171.20710553906798,173.94441242723377,174.48424388241213,172.4566338878016,174.04163893511216,152.44663391874894,157.10256035717128,161.97772240576003,139.45290703206095,145.77363048748913,151.32604635808096,154.37815743076493,160.50090273005677,161.06251202485166,136.18147991970125,142.36358328344403,143.32707329377106,143.80652089257617,137.19418359454627,142.38461228589728,145.8249624134279,151.27206053995363,155.11301328634352,135.5357580077878,138.64970758991015,139.8237580052526,140.95971222968245,141.3473834821632,142.45141020285433,143.4052770698751,143.88633631778538,149.01828937557235,155.26398253166,184.02083173743603
53,190.75677485134116,190.68876014704864,185.79952697609025,180.0180250086081,176.50275062386945,174.66397195312084,162.69633200198592,155.68021127896526,155.32085073577778,150.21852234571898,143.76476429323515,137.73982902387334,131.59494489152385,124.822167470111,119.44655662110043,111.02651683497113,105.78445330998404,75.86401948959971,73.15632859143571,70.5242514649062,66.26463704573632,71.60509301877833,72.56029456819081,78.84520896697144,85.4782554013031,92.57060628094801,97.61425476195856,100.41994148716508,103.2320910208848,109.43940283841096,112.81224288798344,116.710979734707,119.04615788636909,122.61036228567058,129.06118122592923,132.44462473809256,133.4046716119482,61.86776997929006,55.87283703554497,48.02070216660645,44.96293762367645,37.15111133272504,31.448912195549973,30.01130967746648,27.690457247862224,24.294450916890497,18.73208801970373,16.054646890565692,11.920178363656824,9.890197575570397,6.157299907538217,5.626782235825009,1.8418938623058752,0.0,0.28472267208637697,34.352176320293914,37.68519942252408,39.43103446627822,45.25946418641853,50.51854680603957,57.909221673736056,85.04981346685699,89.19442454631908,91.48804875267896,93.90168584221833,100.80566570893288,106.97529697830383,111.8028564031064,112.5088769410513,107.28569556997519,107.8854872004603,108.79723552099618,38.147068661128216,39.83299896811012,41.788899783591305,44.445393337131385,47.76671310493454,50.10776094724789,38.488682639235456,43.217947381243455,48.54758808207874,110.48309141054041,124.3979442304591,128.9307412698157,132.19782039343667,138.8317200761271,143.79611208321114,149.54610112667896,156.69314233266064,161.18081823450564,166.7671660575471,168.1328710037196,170.1464084381866,177.04921663485555,179.91618628938627,183.08795472355672,94.48710553047066,101.305114844046,102.32570927867711,96.90052694996726,98.41881875327779,101.40194747996728,176.7522067245408,180.38561903255098,85.28381782292784,88.01975294642766,90.01789808630112,100.42161631585732,51.06916804841479,54.0048025624509,143.9138363372967,146.388582586915,149.2816387564354,154.7813657496597,158.9886043927604,163.1389840139517,165.3842120647296,171.27790810371906,86.93170443781662,88.60632379755184,89.4017488411606,156.39178071310428,161.18302950647748,164.05993409300794,166.40090269595842,167.41428021692482,168.2231621613395,74.44393175860736,75.7864469354303,76.53038913748637,77.09529974988446,79.79166267056112,82.15611990214725,70.38757131637419,73.94663200706209,144.99581741474856,147.41164129077927,83.68943717813237,127.49198204535409,129.0650497489193,132.89353104050218,137.3000891077469,119.02167244019631,121.423285439828,123.13752025454858,109.0857018616687,110.001783189936,114.08080562184296,121.65066909485223,145.27701656300223,150.27490501713964,152.53702039881227,155.15756728829928,158.1248251132953,160.167991528446,161.38448156128638,162.99384976030115,168.58443765425292,173.26867142297112,179.00769329085068,183.46148291318354,118.70347564730208,143.53581185683618,149.67698519749348,155.54845486019295,158.76919266386463,160.41997581134342,166.25296835376966,173.04899940137386,175.78630628953965,176.326137744718,174.29852775010747,175.88353279741804,154.28852778105482,158.94445421947717,163.81961626806591,141.29480089436683,147.615524349795,153.16794022038684,156.2200512930708,162.34279659236265,162.90440588715754,138.02337378200713,144.2054771457499,145.16896715607695,145.64841475488205,139.03607745685215,144.22650614820316,147.66685627573378,153.1139544022595,156.9549071486494,137.37765187009367,140.49160145221603,141.6656518675585,142.80160609198833,143.18927734446908,144.2933040651602,145.24717093218098,145.72823018009126,150.86018323787823,157.10587639396587,185.8627255997419
54,191.04149752342755,190.97348281913503,186.08424964817664,180.3027476806945,176.78747329595583,174.94869462520722,162.9810546740723,155.96493395105165,155.60557340786417,150.50324501780537,144.04948696532153,138.02455169595973,131.87966756361024,125.10689014219739,119.73127929318682,111.31123950705752,106.06917598207043,76.1487421616861,73.4410512635221,70.80897413699259,66.54935971782271,71.88981569086472,72.8450172402772,79.12993163905783,85.76297807338949,92.8553289530344,97.89897743404495,100.70466415925146,103.51681369297118,109.72412551049734,113.09696556006983,116.99570240679338,119.33088055845548,122.89508495775696,129.34590389801562,132.72934741017895,133.6893942840346,62.15249265137645,56.15755970763136,48.305424838692836,45.24766029576284,37.435834004811426,31.733634867636354,30.29603234955286,27.975179919948605,24.57917358897688,19.016810691790113,16.33936956265207,12.204901035743202,10.174920247656775,6.442022579624594,5.911504907911386,2.126616534392252,0.28472267208637697,0.0,34.636898992380296,37.96992209461046,39.7157571383646,45.54418685850492,50.80326947812596,58.193944345822445,85.33453613894338,89.47914721840547,91.77277142476535,94.18640851430472,101.09038838101927,107.26001965039022,112.08757907519279,112.79359961313769,107.57041824206158,108.17020987254669,109.08195819308257,38.431791333214605,40.11772164019651,42.07362245567769,44.730116009217774,48.05143577702093,50.39248361933428,38.773405311321845,43.502670053329844,48.83231075416513,110.7678140826268,124.68266690254549,129.2154639419021,132.48254306552306,139.1164427482135,144.08083475529753,149.83082379876535,156.97786500474703,161.46554090659203,167.05188872963348,168.417593675806,170.431131110273,177.33393930694194,180.20090896147266,183.3726773956431,94.77182820255705,101.58983751613239,102.6104319507635,97.18524962205365,98.70354142536418,101.68667015205367,177.0369293966272,180.67034170463737,85.56854049501423,88.30447561851405,90.3026207583875,100.70633898794371,51.35389072050118,54.28952523453729,144.19855900938308,146.67330525900138,149.5663614285218,155.0660884217461,159.2733270648468,163.4237066860381,165.668934736816,171.56263077580545,87.21642710990301,88.89104646963823,89.68647151324699,156.67650338519067,161.46775217856387,164.34465676509433,166.6856253680448,167.6990028890112,168.5078848334259,74.72865443069375,76.0711696075167,76.81511180957276,77.38002242197085,80.07638534264751,82.44084257423364,70.67229398846058,74.23135467914848,145.28054008683495,147.69636396286566,83.97415985021875,127.77670471744048,129.3497724210057,133.17825371258857,137.5848117798333,119.3063951122827,121.7080081119144,123.42224292663496,109.37042453375508,110.2865058620224,114.36552829392934,121.93539176693862,145.56173923508862,150.55962768922603,152.82174307089866,155.44228996038566,158.40954778538168,160.4527142005324,161.66920423337277,163.27857243238753,168.8691603263393,173.5533940950575,179.29241596293707,183.74620558526993,118.98819831938847,143.82053452892256,149.96170786957987,155.83317753227934,159.05391533595102,160.7046984834298,166.53769102585605,173.33372207346025,176.07102896162604,176.6108604168044,174.58325042219386,176.16825546950443,154.5732504531412,159.22917689156355,164.1043389401523,141.57952356645322,147.9002470218814,153.45266289247323,156.5047739651572,162.62751926444903,163.18912855924393,138.30809645409352,144.4901998178363,145.45368982816333,145.93313742696844,139.32080012893854,144.51122882028955,147.95157894782017,153.3986770743459,157.2396298207358,137.66237454218006,140.77632412430242,141.95037453964488,143.08632876407472,143.47400001655546,144.5780267372466,145.53189360426737,146.01295285217765,151.14490590996462,157.39059906605226,186.1474482718283
55,169.72803667591066,169.66002197161814,164.77078880065974,158.9892868331776,155.47401244843894,153.63523377769033,141.66759382655542,134.65147310353476,134.29211256034728,129.18978417028848,122.73602611780463,116.71109084844281,110.56620671609333,103.7934292946805,98.41781844566992,89.99777865954063,84.75571513455354,54.8352813141692,52.127590416005205,49.49551328947569,45.2358988703058,50.576354843347815,51.531556392760294,57.81647079154092,64.44951722587258,71.5418681055175,76.58551658652804,79.39120331173456,82.20335284545428,88.41066466298044,91.78350471255293,95.68224155927648,98.01741971093857,101.58162411024006,108.03244305049873,111.41588656266204,112.37593343651768,40.839031803859534,34.84409886011444,26.99196399117592,23.934199448245923,16.12237315729451,10.420174020119441,8.982571502035947,6.661719072431693,10.057725403403419,15.620088300590186,18.29752942972823,22.431997956637098,24.461978744723524,28.194876412755704,28.725394084468913,32.51028245798805,34.35217632029392,34.636898992380296,0.0,3.333023102230165,5.078858145984304,24.230726010988008,29.489808630609048,36.88048349830553,64.02107529142647,68.16568637088857,70.45931057724846,72.87294766678782,79.77692753350237,85.94655880287333,90.7741182276759,91.4801387656208,86.25695739454468,86.8567490250298,87.76849734556568,17.118330485697694,18.804260792679592,20.76016160816078,23.41665516170086,26.737974929504013,29.079022771817367,17.459944463804927,22.18920920581293,27.518849906648214,89.4543532351099,103.3692060550286,107.90200309438521,111.16908221800618,117.80298190069661,122.76737390778065,128.51736295124846,135.66440415723014,140.15208005907513,145.73842788211658,147.1041328282891,149.1176702627561,156.02047845942505,158.88744811395577,162.05921654812622,73.45836735504014,80.27637666861548,81.29697110324659,75.87178877453674,77.39008057784727,80.37320930453676,155.7234685491103,159.35688085712047,64.25507964749733,66.99101477099714,68.9891599108706,79.3928781404268,30.040429872984255,32.976064387020365,122.88509816186621,125.35984441148452,128.25290058100492,133.75262757422922,137.95986621732993,142.11024583852122,144.35547388929913,150.24916992828858,65.9029662623861,67.57758562212132,68.37301066573008,135.36304253767378,140.15429133104698,143.03119591757743,145.37216452052792,146.38554204149432,147.194423985909,53.41519358317685,54.757708759999794,55.501650962055855,56.06656157445395,58.76292449513061,61.12738172671674,49.35883314094367,52.917893831631574,123.96707923931807,126.38290311534877,62.660699002701854,106.46324386992359,108.0363115734888,111.86479286507168,116.27135093231642,97.99293426476581,100.3945472643975,102.10878207911807,88.05696368623819,88.9730450145055,93.05206744641245,100.62193091942173,124.24827838757172,129.24616684170914,131.50828222338177,134.12882911286877,137.09608693786478,139.1392533530155,140.35574338585587,141.96511158487064,147.55569947882242,152.23993324754062,157.9789551154202,162.43274473775307,97.67473747187158,122.50707368140566,128.64824702206295,134.51971668476241,137.7404544884341,139.3912376359129,145.22423017833913,152.02026122594333,154.75756811410912,155.29739956928748,153.26978957467693,154.8547946219875,133.2597896056243,137.91571604404663,142.79087809263538,120.26606271893631,126.58678617436448,132.1392020449563,135.19131311764028,141.3140584169321,141.875667711727,116.99463560657661,123.1767389703194,124.14022898064646,124.61967657945156,118.00733928142161,123.1977679727726,126.63811810030323,132.08521622682895,135.92616897321884,116.34891369466315,119.46286327678553,120.63691369212795,121.77286791655779,122.16053916903853,123.26456588972968,124.21843275675045,124.69949200466073,129.83144506244773,136.07713821853537,164.8339874243114
56,173.06105977814082,172.9930450738483,168.1038119028899,162.32230993540776,158.8070355506691,156.9682568799205,145.00061692878558,137.9844962057649,137.62513566257743,132.52280727251863,126.06904922003478,120.04411395067297,113.89922981832349,107.12645239691065,101.75084154790008,93.33080176177079,88.0887382367837,58.168304416399366,55.46061351823537,52.82853639170585,48.56892197253597,53.90937794557798,54.86457949499046,61.14949389377109,67.78254032810275,74.87489120774767,79.91853968875822,82.72422641396473,85.53637594768445,91.74368776521061,95.1165278147831,99.01526466150665,101.35044281316874,104.91464721247023,111.3654661527289,114.74890966489221,115.70895653874786,44.1720549060897,38.17712196234461,30.324987093406083,27.267222550476088,19.455396259524676,13.753197122349606,12.315594604266112,9.994742174661859,13.390748505633585,18.953111402820355,21.630552531958394,25.765021058867262,27.79500184695369,31.52789951498587,32.058417186699074,35.843305560218205,37.68519942252408,37.96992209461045,3.333023102230165,0.0,1.7458350437541394,27.563749113218172,32.82283173283921,40.213506600535695,67.35409839365664,71.49870947311874,73.79233367947862,76.20597076901798,83.10995063573253,89.27958190510348,94.10714132990606,94.81316186785095,89.58998049677484,90.18977212725996,91.10152044779583,20.45135358792786,22.137283894909757,24.093184710390943,26.749678263931024,30.070998031734177,32.41204587404753,20.79296756603509,25.522232308043094,30.85187300887838,92.78737633734006,106.70222915725876,111.23502619661537,114.50210532023634,121.13600500292677,126.10039701001081,131.85038605347862,138.9974272594603,143.4851031613053,149.07145098434674,150.43715593051925,152.45069336498625,159.3535015616552,162.22047121618593,165.39223965035637,76.79139045727031,83.60939977084566,84.62999420547676,79.20481187676691,80.72310368007744,83.70623240676693,159.05649165134045,162.68990395935063,67.58810274972748,70.3240378732273,72.32218301310076,82.72590124265696,33.37345297521442,36.30908748925053,126.21812126409637,128.69286751371467,131.58592368323508,137.08565067645938,141.2928893195601,145.44326894075138,147.6884969915293,153.58219303051874,69.23598936461626,70.91060872435148,71.70603376796024,138.69606563990394,143.48731443327713,146.3642190198076,148.70518762275807,149.71856514372448,150.52744708813916,56.748216685407016,58.09073186222996,58.83467406428602,59.399584676684114,62.09594759736078,64.4604048289469,52.69185624317384,56.25091693386174,127.30010234154823,129.71592621757893,65.99372210493202,109.79626697215375,111.36933467571896,115.19781596730184,119.60437403454658,101.32595736699597,103.72757036662766,105.44180518134823,91.38998678846835,92.30606811673566,96.38509054864261,103.95495402165189,127.58130148980187,132.5791899439393,134.84130532561193,137.46185221509893,140.42911004009494,142.47227645524566,143.68876648808603,145.2981346871008,150.88872258105258,155.57295634977078,161.31197821765033,165.7657678399832,101.00776057410174,125.84009678363581,131.9812701242931,137.85273978699257,141.07347759066425,142.72426073814304,148.55725328056928,155.35328432817346,158.09059121633925,158.6304226715176,156.6028126769071,158.18781772421767,136.59281270785445,141.24873914627682,146.12390119486557,123.59908582116647,129.91980927659463,135.47222514718646,138.52433621987043,144.64708151916227,145.20869081395716,120.32765870880677,126.50976207254956,127.47325208287661,127.95269968168172,121.34036238365177,126.53079107500275,129.97114120253337,135.4182393290591,139.259192075449,119.68193679689331,122.79588637901568,123.9699367943581,125.10589101878794,125.49356227126869,126.59758899195984,127.5514558589806,128.03251510689088,133.16446816467788,139.41016132076552,168.16701052654156
57,174.80689482189496,174.73888011760243,169.84964694664404,164.0681449791619,160.55287059442324,158.71409192367463,146.74645197253972,139.73033124951905,139.37097070633158,134.26864231627277,127.81488426378893,121.7899489944271,115.64506486207763,108.87228744066479,103.49667659165422,95.07663680552493,89.83457328053784,59.9141394601535,57.206448561989504,54.57437143545999,50.3147570162901,55.655212989332114,56.61041453874459,62.89532893752522,69.52837537185688,76.6207262515018,81.66437473251234,84.47006145771886,87.28221099143857,93.48952280896474,96.86236285853722,100.76109970526078,103.09627785692287,106.66048225622436,113.11130119648303,116.49474470864634,117.45479158250198,45.91788994984383,39.92295700609874,32.07082213716022,29.013057594230222,21.20123130327881,15.499032166103744,14.06142964802025,11.740577218415996,15.136583549387723,20.69894644657449,23.376387575712528,27.510856102621396,29.540836890707823,33.27373455874,33.80425223045321,37.58914060397234,39.43103446627821,39.71575713836459,5.078858145984304,1.7458350437541394,0.0,29.309584156972306,34.568666776593346,41.95934164428983,69.09993343741077,73.24454451687286,75.53816872323276,77.95180581277212,84.85578567948667,91.02541694885763,95.8529763736602,96.55899691160509,91.33581554052898,91.9356071710141,92.84735549154998,22.197188631681993,23.88311893866389,25.839019754145077,28.495513307685158,31.81683307548831,34.15788091780166,22.538802609789226,27.268067351797228,32.59770805263251,94.5332113810942,108.4480642010129,112.9808612403695,116.24794036399048,122.8818400466809,127.84623205376495,133.59622109723276,140.74326230321444,145.23093820505943,150.81728602810088,152.1829909742734,154.1965284087404,161.09933660540935,163.96630625994007,167.13807469411051,78.53722550102444,85.35523481459978,86.37582924923089,80.95064692052104,82.46893872383157,85.45206745052106,160.8023266950946,164.43573900310477,69.33393779348162,72.06987291698144,74.0680180568549,84.4717362864111,35.119288018968554,38.054922533004664,127.96395630785051,130.43870255746882,133.33175872698922,138.83148572021352,143.03872436331423,147.18910398450552,149.43433203528343,155.32802807427288,70.9818244083704,72.65644376810562,73.45186881171438,140.44190068365808,145.23314947703128,148.11005406356173,150.45102266651222,151.46440018747862,152.2732821318933,58.49405172916115,59.83656690598409,60.580509108040154,61.14541972043825,63.84178264111491,66.20623987270103,54.43769128692797,57.99675197761587,129.04593738530235,131.46176126133307,67.73955714868615,111.54210201590789,113.1151697194731,116.94365101105598,121.35020907830072,103.0717924107501,105.4734054103818,107.18764022510237,93.13582183222249,94.0519031604898,98.13092559239675,105.70078906540603,129.327136533556,134.3250249876934,136.58714036936604,139.20768725885304,142.17494508384905,144.21811149899978,145.43460153184014,147.0439697308549,152.6345576248067,157.3187913935249,163.05781326140448,167.51160288373734,102.75359561785588,127.58593182738996,133.72710516804725,139.5985748307467,142.8193126344184,144.4700957818972,150.30308832432343,157.0991193719276,159.8364262600934,160.37625771527175,158.34864772066123,159.9336527679718,138.3386477516086,142.99457419003096,147.8697362386197,125.34492086492061,131.66564432034878,137.2180601909406,140.27017126362458,146.3929165629164,146.9545258577113,122.0734937525609,128.2555971163037,129.21908712663074,129.69853472543585,123.0861974274059,128.2766261187569,131.71697624628752,137.16407437281325,141.00502711920313,121.42777184064745,124.54172142276983,125.71577183811225,126.85172606254208,127.23939731502283,128.34342403571398,129.29729090273474,129.77835015064502,134.91030320843203,141.15599636451967,169.9128455702957
58,161.71401637230963,161.6460016680171,156.75676849705872,150.97526652957657,147.4599921448379,145.6212134740893,133.6535735229544,126.63745279993371,126.27809225674623,121.17576386668745,114.7220058142036,108.69707054484178,102.5521864124923,95.77940899107946,90.40379814206891,81.98375835593961,76.74169483095253,46.821261010568186,44.11357011240419,41.481492985874674,37.22187856670479,42.5623345397468,43.51753608915928,49.80245048793991,56.43549692227157,63.52784780191648,68.57149628292703,71.37718300813354,74.18933254185326,80.39664435937942,83.76948440895191,87.66822125567546,90.00339940733755,93.56760380663904,100.01842274689771,103.40186625906102,104.36191313291667,32.82501150025852,26.830078556513428,18.977943687574903,15.920179144644909,8.108352853693496,13.810551990868564,15.248154508952059,17.569006938556313,20.96501326952804,26.52737616671481,29.20481729585285,33.33928582276172,35.36926661084814,39.10216427888032,39.63268195059353,43.41757032411266,45.25946418641853,45.54418685850491,24.230726010988008,27.563749113218172,29.309584156972313,0.0,5.259082619621041,12.649757487317522,56.00705498782546,60.151666067287564,62.44529027364745,64.85892736318682,71.76290722990137,77.93253849927233,82.7600979240749,83.4661184620198,78.24293709094368,78.8427287214288,79.75447704196468,9.104310182096679,10.790240489078577,12.746141304559766,15.402634858099844,18.723954625902998,21.065002468216353,9.445924160203912,14.175188902211913,19.504829603047195,81.44033293150889,95.35518575142758,99.88798279078419,103.15506191440517,109.7889615970956,114.75335360417964,120.50334264764746,127.65038385362914,132.13805975547413,137.72440757851558,139.0901125246881,141.1036499591551,148.00645815582405,150.87342781035477,154.04519624452521,65.44434705143914,72.26235636501448,73.28295079964559,67.85776847093572,69.37606027424626,72.35918900093574,147.7094482455093,151.34286055351947,56.24105934389631,58.976994467396125,60.97513960726958,71.37885783682579,22.02640956938324,24.96204408341935,114.8710778582652,117.3458241078835,120.2388802774039,125.7386072706282,129.9458459137289,134.0962255349202,136.3414535856981,142.23514962468755,57.88894595878509,59.56356531852031,60.35899036212908,127.34902223407278,132.14027102744598,135.01717561397643,137.35814421692692,138.37152173789332,139.180403682308,45.401173279575836,46.74368845639878,47.48763065845484,48.052541270852934,50.7489041915296,53.11336142311573,41.34481283734266,44.90387352803056,115.95305893571705,118.36888281174775,54.64667869910084,98.44922356632257,100.02229126988779,103.85077256147066,108.25733062871541,89.97891396116479,92.38052696079649,94.09476177551706,80.04294338263718,80.95902471090449,85.03804714281144,92.60791061582071,116.23425808397069,121.23214653810811,123.49426191978074,126.11480880926774,129.08206663426375,131.12523304941448,132.34172308225484,133.9510912812696,139.5416791752214,144.2259129439396,149.96493481181915,154.418724434152,89.66071716827057,114.49305337780463,120.63422671846192,126.50569638116139,129.72643418483307,131.37721733231186,137.2102098747381,144.00624092234227,146.74354781050806,147.28337926568642,145.2557692710759,146.84077431838648,125.24576930202326,129.90169574044563,134.77685778903438,112.25204241533528,118.57276587076345,124.12518174135528,127.17729281403925,133.30003811333108,133.86164740812598,108.98061530297558,115.16271866671838,116.12620867704543,116.60565627585054,109.99331897782058,115.18374766917157,118.6240977967022,124.07119592322793,127.91214866961782,108.33489339106212,111.4488429731845,112.62289338852692,113.75884761295676,114.1465188654375,115.25054558612865,116.20441245314942,116.6854717010597,121.81742475884668,128.0631179149343,156.81996712071037
59,166.97309899193067,166.90508428763815,162.01585111667976,156.2343491491976,152.71907476445895,150.88029609371034,138.91265614257543,131.89653541955477,131.5371748763673,126.43484648630849,119.98108843382464,113.95615316446282,107.81126903211334,101.0384916107005,95.66288076168995,87.24284097556065,82.00077745057357,52.080343630189226,49.37265273202523,46.740575605495714,42.48096118632583,47.82141715936784,48.77661870878032,55.06153310756095,61.69457954189261,68.78693042153752,73.83057890254807,76.63626562775458,79.4484151614743,85.65572697900046,89.02856702857295,92.9273038752965,95.2624820269586,98.82668642626008,105.27750536651875,108.66094887868206,109.62099575253771,38.08409411987956,32.08916117613447,24.237026307195944,21.17926176426595,13.367435473314536,19.069634610489604,20.5072371285731,22.828089558177354,26.22409588914908,31.78645878633585,34.46389991547389,38.59836844238276,40.62834923046918,44.36124689850136,44.89176457021457,48.6766529437337,50.51854680603957,50.80326947812595,29.489808630609048,32.82283173283921,34.56866677659335,5.259082619621041,0.0,7.390674867696482,61.2661376074465,65.4107486869086,67.7043728932685,70.11800998280786,77.02198984952241,83.19162111889337,88.01918054369594,88.72520108164083,83.50201971056472,84.10181134104984,85.01355966158572,14.363392801717719,16.049323108699618,18.005223924180804,20.661717477720885,23.983037245524038,26.324085087837393,14.705006779824952,19.434271521832954,24.76391222266824,86.69941555112993,100.61426837104862,105.14706541040523,108.4141445340262,115.04804421671663,120.01243622380068,125.7624252672685,132.90946647325018,137.39714237509517,142.98349019813662,144.34919514430914,146.36273257877613,153.2655407754451,156.1325104299758,159.30427886414626,70.70342967106018,77.52143898463552,78.54203341926663,73.11685109055676,74.6351428938673,77.61827162055678,152.96853086513033,156.6019431731405,61.50014196351735,64.23607708701716,66.23422222689062,76.63794045644683,27.28549218900428,30.22112670304039,120.13016047788624,122.60490672750454,125.49796289702493,130.99768989024923,135.20492853334994,139.35530815454123,141.60053620531914,147.4942322443086,63.14802857840613,64.82264793814134,65.6180729817501,132.60810485369382,137.39935364706702,140.27625823359747,142.61722683654796,143.63060435751436,144.43948630192904,50.660255899196876,52.00277107601982,52.74671327807588,53.311623890473975,56.00798681115064,58.37244404273677,46.6038954569637,50.1629561476516,121.21214155533809,123.62796543136879,59.90576131872188,103.70830618594361,105.28137388950883,109.1098551810917,113.51641324833645,95.23799658078583,97.63960958041753,99.3538443951381,85.30202600225822,86.21810733052553,90.29712976243248,97.86699323544175,121.49334070359173,126.49122915772915,128.75334453940178,131.37389142888878,134.3411492538848,136.38431566903552,137.60080570187588,139.21017390089065,144.80076179484243,149.48499556356063,155.2240174314402,159.67780705377305,94.9197997878916,119.75213599742567,125.89330933808296,131.76477900078243,134.9855168044541,136.6362999519329,142.46929249435914,149.2653235419633,152.0026304301291,152.54246188530746,150.51485189069695,152.09985693800752,130.5048519216443,135.16077836006667,140.03594040865542,117.51112503495632,123.83184849038449,129.38426436097632,132.4363754336603,138.55912073295212,139.12073002774702,114.23969792259662,120.42180128633942,121.38529129666647,121.86473889547158,115.25240159744162,120.4428302887926,123.88318041632324,129.33027854284896,133.17123128923885,113.59397601068316,116.70792559280554,117.88197600814796,119.0179302325778,119.40560148505854,120.50962820574969,121.46349507277046,121.94455432068074,127.07650737846772,133.32220053455535,162.0790497403314
60,174.36377385962714,174.29575915533462,169.40652598437623,163.6250240168941,160.10974963215543,158.27097096140682,146.3033310102719,139.28721028725124,138.92784974406376,133.82552135400496,127.37176330152111,121.3468280321593,115.20194389980982,108.42916647839698,103.05355562938642,94.63351584325713,89.39145231827004,59.47101849788571,56.76332759972171,54.131250473192196,49.87163605402231,55.21209202706432,56.1672935764768,62.45220797525743,69.0852544095891,76.17760528923401,81.22125377024456,84.02694049545107,86.83909002917079,93.04640184669695,96.41924189626944,100.31797874299299,102.65315689465508,106.21736129395657,112.66818023421524,116.05162374637855,117.0116706202342,45.47476898757604,39.47983604383095,31.627701174892426,28.56993663196243,20.75811034101102,26.460309478186087,27.89791199626958,30.218764425873836,33.61477075684556,39.177133654032325,41.854574783170364,45.98904331007923,48.01902409816566,51.75192176619784,52.282439437911044,56.067327811430175,57.90922167373605,58.19394434582242,36.88048349830553,40.213506600535695,41.959341644289836,12.649757487317522,7.390674867696482,0.0,68.65681247514298,72.80142355460508,75.09504776096497,77.50868485050434,84.41266471721889,90.58229598658984,95.40985541139241,96.11587594933731,90.8926945782612,91.49248620874631,92.40423452928219,21.7540676694142,23.4399979763961,25.395898791877286,28.052392345417367,31.37371211322052,33.71475995553387,22.095681647521435,26.824946389529437,32.15458709036472,94.0900904188264,108.0049432387451,112.53774027810171,115.80481940172268,122.43871908441311,127.40311109149715,133.15310013496497,140.30014134094665,144.78781724279165,150.3741650658331,151.7398700120056,153.7534074464726,160.65621564314156,163.52318529767228,166.69495373184273,78.09410453875665,84.912113852332,85.9327082869631,80.50752595825325,82.02581776156379,85.00894648825327,160.3592057328268,163.992618040837,68.89081683121383,71.62675195471364,73.6248970945871,84.0286153241433,34.67616705670076,37.61180157073687,127.52083534558271,129.99558159520103,132.88863776472144,138.38836475794574,142.59560340104645,146.74598302223774,148.99121107301565,154.8849071120051,70.5387034461026,72.21332280583782,73.00874784944658,139.9987797213903,144.7900285147635,147.66693310129395,150.00790170424443,151.02127922521083,151.8301611696255,58.05093076689336,59.3934459437163,60.13738814577236,60.70229875817046,63.39866167884712,65.76311891043325,53.99457032466018,57.55363101534808,128.60281642303457,131.01864029906528,67.29643618641836,111.09898105364009,112.6720487572053,116.50053004878818,120.90708811603292,102.62867144848231,105.030284448114,106.74451926283457,92.69270086995469,93.608782198222,97.68780463012895,105.25766810313823,128.8840155712882,133.8819040254256,136.14401940709823,138.76456629658523,141.73182412158124,143.77499053673196,144.99148056957233,146.6008487685871,152.19143666253888,156.87567043125708,162.61469229913666,167.06848192146953,102.31047465558808,127.14281086512214,133.28398420577943,139.1554538684789,142.37619167215058,144.02697481962937,149.8599673620556,156.6559984096598,159.39330529782558,159.93313675300394,157.90552675839342,159.490531805704,137.89552678934078,142.55145322776315,147.4266152763519,124.9017999026528,131.22252335808096,136.7749392286728,139.82705030135676,145.9497956006486,146.5114048954435,121.6303727902931,127.81247615403589,128.77596616436293,129.25541376316804,122.6430764651381,127.83350515648908,131.2738552840197,136.72095341054543,140.56190615693532,120.98465087837964,124.09860046050201,125.27265087584443,126.40860510027427,126.79627635275502,127.90030307344617,128.85416994046693,129.3352291883772,134.4671822461642,140.71287540225185,169.4697246080279
61,143.2773142267255,143.20929952243299,138.3200663514746,132.53856438399245,129.0232899992538,127.18451132850518,115.21687137737027,108.20075065434959,107.84139011116211,102.73906172110333,96.28530366861948,90.26036839925766,84.11548426690818,77.34270684549534,71.96709599648479,63.54705621035549,58.304992685368404,28.384558864984072,25.676867966820073,23.04479084029056,18.785176421120674,13.444720448078662,12.48951889866618,6.204604499885554,12.837650934217216,19.930001813862127,24.97365029487267,27.77933702007918,30.591486553798894,36.79879837132506,40.171638420897544,44.07037526762109,46.40555341928317,49.969757818584654,56.42057675884332,59.804020271006635,60.76406714486229,23.182043487566943,29.176976431312035,37.029111300250555,40.08687584318055,47.898702134131966,53.60090127130704,55.03850378939053,57.35935621899478,60.755362549966506,66.31772544715328,68.99516657629133,73.1296351032002,75.15961589128662,78.8925135593188,79.42303123103201,83.20791960455115,85.04981346685703,85.3345361389434,64.02107529142647,67.35409839365664,69.09993343741078,56.00705498782546,61.2661376074465,68.65681247514298,0.0,4.144611079462101,6.438235285821988,8.851872375361355,15.755852242075909,21.925483511446867,26.753042936249443,27.459063474194338,22.235882103118218,22.835673733603326,23.74742205413921,48.894659462535145,50.58058976951705,52.53649058499823,55.192984138538314,58.51430390634147,60.85535174865482,49.236273440642385,53.965538182650384,59.29517888348567,63.00363078592477,76.91848360584346,81.45128064520007,84.71835976882105,91.35225945151147,96.31665145859552,102.06664050206334,109.21368170804502,113.70135760989001,119.28770543293146,120.65341037910396,122.66694781357097,129.56975601023993,132.43672566477065,135.6084940989411,9.43729206361367,16.255301377189017,17.275895811820128,24.25992248288138,25.778214286191908,28.761343012881387,129.27274609992517,132.90615840793535,12.643213355841954,15.37914847934177,17.377293619215227,27.78101184877143,46.193106267918886,49.128740781954995,96.43437571268107,98.90912196229938,101.80217813181977,107.30190512504407,111.5091437681448,115.6595233893361,117.90475144011401,123.79844747910346,14.29109997073073,15.965719330465955,16.76114437407472,108.91232008848866,113.70356888186186,116.58047346839231,118.92144207134278,119.93481959230918,120.74370153672386,26.964471133991722,28.306986310814665,29.050928512870723,29.615839125268817,32.312202045945476,34.676659277531606,22.908110691758548,26.46717138244645,97.51635679013293,99.93218066616363,36.209976553516725,80.01252142073845,81.58558912430367,85.41407041588654,89.82062848313129,71.54221181558067,73.94382481521237,75.65805962993294,61.60624123705306,62.52232256532038,66.60134499722733,74.1712084702366,97.79755593838657,102.79544439252399,105.05755977419662,107.67810666368362,110.64536448867963,112.68853090383037,113.90502093667074,115.51438913568549,121.10497702963727,125.78921079835548,131.52823266623506,135.98202228856792,71.22401502268644,96.0563512322205,102.1975245728778,108.06899423557726,111.28973203924896,112.94051518672777,118.77350772915399,125.56953877675818,128.30684566492397,128.84667712010233,126.81906712549178,128.40407217280236,106.80906715643914,111.4649935948615,116.34015564345025,93.81534026975116,100.13606372517933,105.68847959577116,108.74059066845513,114.86333596774695,115.42494526254183,90.54391315739146,96.72601652113426,97.6895065314613,98.16895413026641,91.55661683223646,96.74704552358745,100.18739565111808,105.63449377764381,109.4754465240337,89.898191245478,93.01214082760038,94.1861912429428,95.32214546737264,95.70981671985338,96.81384344054453,97.7677103075653,98.24876955547558,103.38072261326256,109.6264157693502,138.38326497512625
62,147.42192530618763,147.3539106018951,142.46467743093672,136.68317546345457,133.16790107871591,131.3291224079673,119.36148245683239,112.34536173381171,111.98600119062424,106.88367280056545,100.4299147480816,94.40497947871978,88.2600953463703,81.48731792495747,76.1117070759469,67.6916672898176,62.44960376483051,32.529169944446174,29.821479046282175,27.18940191975266,22.929787500582776,17.589331527540764,16.634129978128282,10.349215579347655,16.982262013679318,24.07461289332423,29.11826137433477,31.92394809954128,34.736097633261,40.943409450787165,44.316249500359646,48.21498634708319,50.550164498745275,54.114368898046756,60.56518783830542,63.94863135046874,64.90867822432439,27.326654567029045,33.32158751077414,41.17372237971266,44.23148692264265,52.04331321359407,57.74551235076913,59.18311486885263,61.50396729845688,64.8999736294286,70.46233652661537,73.13977765575342,77.2742461826623,79.30422697074872,83.0371246387809,83.56764231049411,87.35253068401325,89.19442454631913,89.4791472184055,68.16568637088857,71.49870947311874,73.24454451687288,60.151666067287564,65.4107486869086,72.8014235546051,4.144611079462101,0.0,2.293624206359887,4.707261295899253,11.611241162613807,17.780872431984765,22.60843185678734,23.314452394732236,18.091271023656116,18.691062654141223,19.60281097467711,53.03927054199725,54.72520084897915,56.681101664460336,59.337595218000416,62.65891498580357,64.99996282811692,53.38088452010449,58.110149262112486,63.43978996294777,67.14824186538688,81.06309468530557,85.59589172466218,88.86297084828315,95.49687053097358,100.46126253805762,106.21125158152545,113.35829278750712,117.84596868935212,123.43231651239357,124.79802145856607,126.81155889303308,133.71436708970202,136.58133674423274,139.7531051784032,5.292680984151569,12.110690297726915,13.131284732358026,28.40453356234348,29.92282536565401,32.90595409234349,133.4173571793873,137.05076948739747,16.787824435304056,19.52375955880387,21.521904698677325,31.92562292823353,50.33771734738099,53.2733518614171,100.57898679214318,103.05373304176149,105.94678921128188,111.44651620450618,115.6537548476069,119.80413446879821,122.04936251957612,127.94305855856557,18.435711050192833,20.110330409928057,20.905755453536823,113.05693116795076,117.84817996132396,120.72508454785442,123.06605315080489,124.07943067177129,124.88831261618597,31.109082213453824,32.45159739027677,33.19553959233283,33.76045020473092,36.456813125407585,38.821270356993715,27.05272177122065,30.61178246190855,101.66096786959504,104.07679174562574,40.35458763297883,84.15713250020056,85.73020020376578,89.55868149534865,93.9652395625934,75.68682289504278,78.08843589467448,79.80267070939504,65.75085231651516,66.66693364478247,70.74595607668942,78.3158195496987,101.94216701784869,106.94005547198611,109.20217085365874,111.82271774314574,114.78997556814176,116.83314198329249,118.04963201613286,119.65900021514761,125.24958810909939,129.9338218778176,135.67284374569715,140.12663336803,75.36862610214855,100.20096231168263,106.34213565233992,112.21360531503939,115.43434311871108,117.08512626618989,122.91811880861611,129.7141498562203,132.4514567443861,132.99128819956445,130.9636782049539,132.54868325226448,110.95367823590126,115.60960467432362,120.48476672291237,97.95995134921328,104.28067480464145,109.83309067523328,112.88520174791725,119.00794704720907,119.56955634200395,94.68852423685358,100.87062760059638,101.83411761092343,102.31356520972854,95.70122791169858,100.89165660304957,104.3320067305802,109.77910485710593,113.62005760349582,94.04280232494013,97.1567519070625,98.33080232240492,99.46675654683476,99.8544277993155,100.95845452000665,101.91232138702742,102.3933806349377,107.52533369272469,113.77102684881233,142.52787605458838
63,149.7155495125475,149.647534808255,144.7583016372966,138.97679966981445,135.4615252850758,133.62274661432718,121.65510666319227,114.6389859401716,114.27962539698412,109.17729700692533,102.72353895444148,96.69860368507966,90.55371955273019,83.78094213131735,78.40533128230678,69.98529149617748,64.7432279711904,34.82279415080606,32.115103252642065,29.48302612611255,25.223411706942663,19.88295573390065,18.92775418448817,12.642839785707542,19.275886220039204,26.368237099684116,31.41188558069466,34.21757230590117,37.02972183962088,43.23703365714705,46.60987370671953,50.50861055344308,52.84378870510516,56.40799310440664,62.85881204466531,66.24225555682862,67.20230243068427,29.620278773388932,35.615211717134024,43.467346586072544,46.52511112900254,54.336937419953955,60.03913655712903,61.47673907521252,63.79759150481677,67.1935978357885,72.75596073297527,75.43340186211331,79.56787038902219,81.59785117710861,85.33074884514079,85.861266516854,89.64615489037314,91.48804875267902,91.7727714247654,70.45931057724846,73.79233367947863,75.53816872323277,62.44529027364745,67.7043728932685,75.09504776096497,6.438235285821988,2.293624206359887,0.0,2.413637089539366,9.31761695625392,15.487248225624878,20.314807650427454,21.02082818837235,15.79764681729623,16.397438447781337,17.309186768317222,55.332894748357134,57.018825055339036,58.97472587082022,61.6312194243603,64.95253919216346,67.29358703447681,55.674508726464374,60.40377346847237,65.73341416930765,69.44186607174676,83.35671889166545,87.88951593102206,91.15659505464303,97.79049473733346,102.7548867444175,108.50487578788533,115.651916993867,120.139592895712,125.72594071875345,127.09164566492595,129.10518309939295,136.0079912960619,138.87496095059262,142.04672938476307,7.586305190511456,14.404314504086802,15.424908938717913,30.698157768703368,32.2164495720139,35.19957829870338,135.71098138574715,139.34439369375733,19.081448641663943,21.817383765163758,23.815528905037212,34.21924713459342,52.631341553740874,55.566976067776984,102.87261099850306,105.34735724812137,108.24041341764176,113.74014041086606,117.94737905396678,122.09775867515809,124.342986725936,130.23668276492546,20.72933525655272,22.403954616287944,23.19937965989671,115.35055537431064,120.14180416768384,123.0187087542143,125.35967735716477,126.37305487813117,127.18193682254585,33.40270641981371,34.745221596636654,35.489163798692715,36.05407441109081,38.75043733176747,41.1148945633536,29.346345977580537,32.90540666826844,103.95459207595492,106.37041595198562,42.648211839338714,86.45075670656044,88.02382441012566,91.85230570170853,96.25886376895328,77.98044710140266,80.38206010103436,82.09629491575492,68.04447652287504,68.96055785114235,73.0395802830493,80.60944375605858,104.23579122420857,109.233679678346,111.49579506001862,114.11634194950562,117.08359977450164,119.12676618965237,120.34325622249274,121.9526244215075,127.54321231545927,132.22744608417747,137.96646795205703,142.4202575743899,77.66225030850843,102.49458651804251,108.6357598586998,114.50722952139927,117.72796732507096,119.37875047254977,125.211743014976,132.00777406258018,134.74508095074597,135.28491240592433,133.2573024113138,134.84230745862436,113.24730244226114,117.9032288806835,122.77839092927225,100.25357555557316,106.57429901100133,112.12671488159316,115.17882595427713,121.30157125356895,121.86318054836383,96.98214844321346,103.16425180695626,104.12774181728331,104.60718941608842,97.99485211805846,103.18528080940945,106.62563093694008,112.07272906346581,115.9136818098557,96.3364265313,99.45037611342238,100.6244265287648,101.76038075319464,102.14805200567538,103.25207872636653,104.2059455933873,104.68700484129758,109.81895789908457,116.0646510551722,144.82150026094826
64,152.1291866020869,152.06117189779437,147.17193872683598,141.39043675935383,137.87516237461517,136.03638370386656,124.06874375273165,117.05262302971097,116.6932624865235,111.59093409646471,105.13717604398086,99.11224077461904,92.96735664226956,86.19457922085672,80.81896837184615,72.39892858571686,67.15686506072977,37.23643124034543,34.528740342181436,31.89666321565192,27.637048796482034,22.29659282344002,21.341391274027536,15.056476875246908,21.68952330957857,28.78187418922348,33.82552267023402,36.631209395440536,39.44335892916025,45.650670746686416,49.0235107962589,52.92224764298244,55.257425794644526,58.82163019394601,65.27244913420468,68.65589264636799,69.61593952022363,32.0339158629283,38.028848806673395,45.880983675611915,48.93874821854191,56.750574509493326,62.45277364666839,63.890376164751885,66.21122859435614,69.60723492532787,75.16959782251465,77.84703895165269,81.98150747856157,84.01148826664799,87.74438593468017,88.27490360639338,92.05979197991252,93.9016858422184,94.18640851430477,72.87294766678784,76.20597076901801,77.95180581277215,64.85892736318682,70.11800998280786,77.50868485050435,8.851872375361353,4.707261295899253,2.413637089539366,0.0,6.903979866714554,13.07361113608551,17.901170560888087,18.60719109883298,13.384009727756862,13.98380135824197,14.895549678777854,57.746531837896505,59.43246214487841,61.38836296035959,64.04485651389967,67.36617628170282,69.70722412401618,58.088145816003745,62.817410558011744,68.14705125884703,71.85550316128614,85.77035598120483,90.30315302056144,93.57023214418241,100.20413182687284,105.16852383395688,110.9185128774247,118.06555408340638,122.55322998525138,128.1395778082928,129.50528275446533,131.51882018893232,138.42162838560128,141.288598040132,144.46036647430245,9.99994228005082,16.817951593626166,17.838546028257277,33.11179485824273,34.630086661553264,37.61321538824274,138.12461847528652,141.7580307832967,21.49508573120331,24.231020854703125,26.22916599457658,36.63288422413278,55.044978643280245,57.980613157316355,105.28624808804244,107.76099433766075,110.65405050718114,116.15377750040544,120.36101614350616,124.51139576469747,126.75662381547538,132.65031985446484,23.142972346092087,24.81759170582731,25.613016749436078,117.76419246385002,122.55544125722322,125.43234584375368,127.77331444670415,128.78669196767055,129.59557391208523,35.81634350935308,37.158858686176025,37.902800888232086,38.46771150063018,41.16407442130684,43.52853165289297,31.759983067119908,35.31904375780781,106.3682291654943,108.784053041525,45.061848928878085,88.86439379609982,90.43746149966503,94.26594279124791,98.67250085849265,80.39408419094204,82.79569719057373,84.5099320052943,70.45811361241442,71.37419494068173,75.45321737258868,83.02308084559796,106.64942831374795,111.64731676788537,113.909432149558,116.529979039045,119.49723686404101,121.54040327919175,122.75689331203212,124.36626151104687,129.95684940499865,134.64108317371685,140.38010504159644,144.8338946639293,80.07588739804781,104.90822360758189,111.04939694823918,116.92086661093865,120.14160441461034,121.79238756208915,127.62538010451537,134.42141115211956,137.15871804028535,137.6985494954637,135.67093950085317,137.25594454816374,115.66093953180052,120.31686597022288,125.19202801881163,102.66721264511254,108.98793610054071,114.54035197113254,117.59246304381651,123.71520834310833,124.2768176379032,99.39578553275284,105.57788889649564,106.54137890682269,107.0208265056278,100.40848920759784,105.59891789894883,109.03926802647946,114.48636615300519,118.32731889939508,98.75006362083938,101.86401320296176,103.03806361830418,104.17401784273402,104.56168909521476,105.66571581590591,106.61958268292668,107.10064193083696,112.23259498862394,118.47828814471158,147.23513735048763
65,159.03316646880143,158.9651517645089,154.0759185935505,148.29441662606837,144.7791422413297,142.9403635705811,130.97272361944619,123.95660289642551,123.59724235323803,118.49491396317924,112.0411559106954,106.01622064133358,99.8713365089841,93.09855908757126,87.7229482385607,79.30290845243141,74.06084492744432,44.14041110705998,41.43272020889599,38.80064308236647,34.541028663196585,29.20057269015457,28.245371140742087,21.960456741961462,28.593503176293122,35.68585405593804,40.72950253694858,43.53518926215509,46.347338795874805,52.55465061340097,55.927490662973455,59.826227509697,62.16140566135908,65.72561006066057,72.17642900091924,75.55987251308255,76.5199193869382,38.937895729642854,44.932828673387945,52.784963542326466,55.84272808525646,63.65455437620788,69.35675351338294,70.79435603146644,73.1152084610707,76.51121479204242,82.0735776892292,84.75101881836724,88.88548734527612,90.91546813336254,94.64836580139472,95.17888347310793,98.96377184662707,100.80566570893295,101.09038838101932,79.77692753350239,83.10995063573256,84.8557856794867,71.76290722990137,77.02198984952241,84.41266471721889,15.755852242075907,11.611241162613807,9.31761695625392,6.903979866714554,0.0,6.169631269370957,10.997190694173534,11.70321123211843,6.480029861042309,7.079821491527417,7.991569812063301,64.65051170461106,66.33644201159296,68.29234282707415,70.94883638061422,74.27015614841739,76.61120399073074,64.9921256827183,69.7213904247263,75.05103112556158,78.75948302800069,92.67433584791938,97.20713288727599,100.47421201089696,107.10811169358739,112.07250370067143,117.82249274413925,124.96953395012093,129.45720985196593,135.04355767500738,136.4092626211799,138.4228000556469,145.32560825231585,148.19257790684657,151.364346341017,16.903922146765375,23.72193146034072,24.74252589497183,40.01577472495729,41.53406652826782,44.5171952549573,145.0285983420011,148.66201065001127,28.39906559791786,31.135000721417676,33.13314586129113,43.53686409084734,61.948958509994796,64.8845930240309,112.19022795475699,114.6649742043753,117.55803037389569,123.05775736711999,127.26499601022071,131.41537563141202,133.66060368218993,139.55429972117938,30.046952212806637,31.721571572541862,32.51699661615063,124.66817233056457,129.45942112393777,132.33632571046823,134.6772943134187,135.6906718343851,136.4995537787998,42.72032337606763,44.062838552890575,44.80678075494664,45.37169136734473,48.06805428802139,50.43251151960752,38.663962933834455,42.223023624522355,113.27220903220885,115.68803290823955,51.965828795592635,95.76837366281437,97.34144136637958,101.16992265796246,105.5764807252072,87.29806405765659,89.69967705728828,91.41391187200885,77.36209347912897,78.27817480739628,82.35719723930323,89.92706071231251,113.55340818046248,118.55129663459991,120.81341201627254,123.43395890575954,126.40121673075555,128.44438314590627,129.66087317874664,131.2702413777614,136.8608292717132,141.5450630404314,147.28408490831094,151.7378745306438,86.97986726476236,111.81220347429642,117.95337681495371,123.82484647765318,127.04558428132488,128.69636742880368,134.52935997122992,141.32539101883413,144.06269790699992,144.60252936217827,142.57491936756773,144.1599244148783,122.56491939851506,127.22084583693741,132.09600788552615,109.57119251182708,115.89191596725524,121.44433183784707,124.49644291053104,130.61918820982288,131.18079750461777,106.29976539946738,112.48186876321017,113.44535877353722,113.92480637234233,107.31246907431238,112.50289776566336,115.943247893194,121.39034601971973,125.23129876610962,105.65404348755392,108.7679930696763,109.94204348501871,111.07799770944855,111.4656689619293,112.56969568262045,113.52356254964121,114.0046217975515,119.13657485533848,125.38226801142612,154.13911721720217
66,165.2027977381724,165.13478303387987,160.24554986292148,154.46404789543934,150.94877351070068,149.10999483995207,137.14235488881715,130.1262341657965,129.766873622609,124.66454523255021,118.21078718006636,112.18585191070454,106.04096777835507,99.26819035694223,93.89257950793166,85.47253972180236,80.23047619681527,50.310042376430935,47.60235147826694,44.97027435173742,40.71065993256754,35.370203959525526,34.41500241011305,28.13008801133242,34.76313444566408,41.85548532530899,46.89913380631953,49.704820531526046,52.51697006524576,58.724281882771926,62.09712193234441,65.99585877906796,68.33103693073005,71.89524133003154,78.34606027029021,81.72950378245352,82.68955065630917,45.10752699901381,51.1024599427589,58.95459481169742,62.012359354627414,69.82418564557882,75.5263847827539,76.96398730083739,79.28483973044165,82.68084606141338,88.24320895860015,90.9206500877382,95.05511861464707,97.08509940273349,100.81799707076567,101.34851474247888,105.13340311599802,106.9752969783039,107.26001965039028,85.94655880287334,89.27958190510351,91.02541694885765,77.93253849927231,83.19162111889335,90.58229598658983,21.925483511446863,17.78087243198476,15.487248225624876,13.07361113608551,6.169631269370957,0.0,4.827559424802577,5.533579962747472,12.649661130413266,13.249452760898373,14.161201081434259,70.820142973982,72.5060732809639,74.46197409644509,77.11846764998516,80.43978741778832,82.78083526010168,71.16175695208923,75.89102169409723,81.22066239493252,84.92911429737164,98.84396711729033,103.37676415664694,106.64384328026792,113.27774296295834,118.24213497004239,123.9921240135102,131.13916521949187,135.62684112133687,141.21318894437832,142.57889389055083,144.59243132501783,151.49523952168678,154.3622091762175,157.53397761038795,23.07355341613633,29.891562729711676,30.912157164342787,46.18540599432824,47.703697797638775,50.686826524328254,151.19822961137203,154.8316419193822,34.56869686728882,37.304631990788636,39.30277713066209,49.7064953602183,68.11858977936575,71.05422429340186,118.35985922412794,120.83460547374625,123.72766164326664,129.22738863649093,133.43462727959164,137.58500690078293,139.83023495156084,145.7239309905503,36.2165834821776,37.89120284191282,38.68662788552159,130.83780359993554,135.62905239330874,138.5059569798392,140.84692558278968,141.86030310375608,142.66918504817076,48.889954645438586,50.23246982226153,50.97641202431759,51.541322636715684,54.237685557392346,56.602142788978476,44.83359420320541,48.39265489389331,119.4418403015798,121.8576641776105,58.13546006496359,101.93800493218532,103.51107263575054,107.33955392733341,111.74611199457816,93.46769532702754,95.86930832665924,97.5835431413798,83.53172474849993,84.44780607676724,88.52682850867419,96.09669198168346,119.72303944983345,124.72092790397087,126.9830432856435,129.6035901751305,132.57084800012652,134.61401441527724,135.8305044481176,137.43987264713238,143.03046054108415,147.71469430980235,153.45371617768194,157.9075058000148,93.14949853413331,117.98183474366739,124.12300808432468,129.99447774702415,133.21521555069583,134.86599869817462,140.69899124060086,147.49502228820506,150.23232917637085,150.7721606315492,148.74455063693867,150.32955568424924,128.73455066788603,133.39047710630837,138.26563915489712,115.74082378119805,122.06154723662621,127.61396310721804,130.666074179902,136.78881947919385,137.35042877398874,112.46939666883834,118.65150003258114,119.61499004290819,120.0944376417133,113.48210034368334,118.67252903503433,122.11287916256497,127.5599772890907,131.4009300354806,111.82367475692489,114.93762433904726,116.11167475438968,117.24762897881952,117.63530023130026,118.73932695199142,119.69319381901218,120.17425306692246,125.30620612470945,131.55189928079707,160.30874848657314
67,170.03035716297495,169.96234245868243,165.07310928772404,159.2916073202419,155.77633293550323,153.93755426475462,141.9699143136197,134.95379359059905,134.59443304741157,129.49210465735277,123.03834660486892,117.0134113355071,110.86852720315763,104.09574978174479,98.72013893273423,90.30009914660494,85.05803562161785,55.137601801233515,52.42991090306952,49.79783377654,45.53821935737012,40.197763384328105,39.24256183491563,32.957647436135,39.59069387046666,46.68304475011157,51.72669323112211,54.532379956328626,57.34452949004834,63.551841307574506,66.924681357147,70.82341820387055,73.15859635553264,76.72280075483413,83.1736196950928,86.5570632072561,87.51711008111175,49.93508642381639,55.93001936756148,63.7821542365,66.83991877943,74.65174507038141,80.35394420755648,81.79154672563998,84.11239915524423,87.50840548621596,93.07076838340274,95.74820951254078,99.88267803944966,101.91265882753608,105.64555649556826,106.17607416728147,109.96096254080061,111.80285640310649,112.08757907519286,90.77411822767593,94.1071413299061,95.85297637366024,82.7600979240749,88.01918054369594,95.40985541139241,26.753042936249447,22.608431856787345,20.314807650427458,17.90117056088809,10.997190694173534,4.827559424802577,0.0,0.7060205379448958,17.477220555215844,18.07701218570095,18.988760506236837,75.64770239878459,77.33363270576649,79.28953352124768,81.94602707478775,85.26734684259091,87.60839468490427,75.98931637689182,80.71858111889982,86.0482218197351,89.75667372217421,103.6715265420929,108.20432358144951,111.47140270507049,118.10530238776091,123.06969439484496,128.81968343831278,135.96672464429446,140.45440054613945,146.0407483691809,147.40645331535342,149.4199907498204,156.32279894648937,159.1897686010201,162.36153703519054,27.901112840938914,34.71912215451426,35.73971658914537,51.01296541913082,52.531257222441354,55.51438594913083,156.02578903617461,159.6592013441848,39.3962562920914,42.132191415591215,44.13033655546467,54.53405478502088,72.94614920416832,75.88178371820443,123.18741864893052,125.66216489854882,128.55522106806922,134.05494806129352,138.26218670439422,142.41256632558552,144.65779437636343,150.55149041535287,41.04414290698018,42.7187622667154,43.51418731032417,135.6653630247381,140.4566118181113,143.33351640464176,145.67448500759224,146.68786252855864,147.49674447297332,53.717514070241165,55.06002924706411,55.80397144912017,56.36888206151826,59.065244982194926,61.429702213781056,49.66115362800799,53.22021431869589,124.26939972638237,126.68522360241307,62.96301948976617,106.7655643569879,108.33863206055311,112.16711335213598,116.57367141938073,98.29525475183011,100.69686775146181,102.41110256618238,88.3592841733025,89.27536550156981,93.35438793347676,100.92425140648604,124.55059887463601,129.54848732877343,131.81060271044606,134.43114959993306,137.39840742492908,139.4415738400798,140.65806387292017,142.26743207193493,147.8580199658867,152.5422537346049,158.28127560248447,162.73506522481733,97.97705795893589,122.80939416846995,128.95056750912724,134.8220371718267,138.0427749754984,139.69355812297718,145.52655066540342,152.3225817130076,155.05988860117338,155.59972005635174,153.57211006174123,155.1571151090518,133.56211009268858,138.21803653111095,143.0931985796997,120.5683832060006,126.88910666142877,132.4415225320206,135.49363360470457,141.6163789039964,142.1779881987913,117.2969560936409,123.4790594573837,124.44254946771075,124.92199706651586,118.3096597684859,123.50008845983689,126.94043858736752,132.38753671389324,136.22848946028313,116.65123418172745,119.76518376384982,120.93923417919224,122.07518840362208,122.46285965610282,123.56688637679397,124.52075324381474,125.00181249172502,130.13376554951202,136.37945870559966,165.1363079113757
68,170.73637770091986,170.66836299662734,165.77912982566895,159.9976278581868,156.48235347344814,154.64357480269953,142.67593485156462,135.65981412854396,135.30045358535648,130.19812519529768,123.74436714281383,117.71943187345201,111.57454774110253,104.8017703196897,99.42615947067912,91.00611968454983,85.76405615956274,55.84362233917841,53.135931441014414,50.5038543144849,46.24423989531501,40.903783922273,39.94858237286052,33.66366797407989,40.29671440841155,47.389065288056464,52.43271376906701,55.23840049427352,58.05055002799323,64.2578618455194,67.63070189509189,71.52943874181544,73.86461689347753,77.42882129277902,83.87964023303769,87.263083745201,88.22313061905665,50.64110696176128,56.63603990550637,64.4881747744449,67.5459393173749,75.35776560832632,81.05996474550139,82.49756726358488,84.81841969318914,88.21442602416087,93.77678892134765,96.45423005048569,100.58869857739457,102.61867936548099,106.35157703351317,106.88209470522638,110.66698307874552,112.5088769410514,112.79359961313777,91.48013876562084,94.81316186785101,96.55899691160515,83.46611846201981,88.72520108164085,96.11587594933732,27.45906347419434,23.31445239473224,21.020828188372352,18.607191098832985,11.70321123211843,5.533579962747472,0.7060205379448958,0.0,18.18324109316074,18.783032723645846,19.69478104418173,76.3537229367295,78.0396532437114,79.99555405919259,82.65204761273266,85.97336738053582,88.31441522284918,76.69533691483673,81.42460165684473,86.75424235768001,90.46269426011911,104.3775470800378,108.91034411939441,112.17742324301538,118.81132292570581,123.77571493278985,129.52570397625766,136.67274518223934,141.16042108408433,146.74676890712578,148.1124738532983,150.1260112877653,157.02881948443425,159.89578913896497,163.06755757313542,28.60713337888381,35.425142692459154,36.44573712709026,51.718985957075716,53.23727776038625,56.22040648707573,156.7318095741195,160.36522188212967,40.102276830036296,42.83821195353611,44.83635709340957,55.24007532296577,73.65216974211323,76.58780425614934,123.89343918687541,126.36818543649372,129.26124160601412,134.76096859923842,138.96820724233913,143.11858686353042,145.36381491430834,151.25751095329778,41.75016344492507,43.424782804660296,44.22020784826906,136.37138356268298,141.16263235605618,144.03953694258664,146.38050554553712,147.39388306650352,148.2027650109182,54.42353460818606,55.766049785009,56.509991987065064,57.07490259946316,59.77126552013982,62.13572275172595,50.36717416595288,53.92623485664078,124.97542026432727,127.39124414035797,63.66904002771106,107.47158489493279,109.044652598498,112.87313389008088,117.27969195732562,99.00127528977501,101.4028882894067,103.11712310412727,89.06530471124739,89.9813860395147,94.06040847142165,101.63027194443093,125.25661941258092,130.25450786671834,132.51662324839097,135.13717013787797,138.10442796287398,140.1475943780247,141.36408441086508,142.97345260987984,148.56404050383162,153.24827427254982,158.9872961404294,163.44108576276227,98.68307849688078,123.51541470641486,129.65658804707215,135.52805770977162,138.7487955134433,140.3995786609221,146.23257120334833,153.02860225095253,155.76590913911832,156.30574059429668,154.27813059968614,155.8631356469967,134.2681306306335,138.92405706905583,143.79921911764458,121.27440374394551,127.59512719937368,133.1475430699655,136.19965414264948,142.32239944194131,142.8840087367362,118.00297663158581,124.1850799953286,125.14857000565566,125.62801760446077,119.01568030643081,124.2061089977818,127.64645912531243,133.09355725183815,136.93450999822804,117.35725471967235,120.47120430179473,121.64525471713715,122.78120894156699,123.16888019404773,124.27290691473888,125.22677378175965,125.70783302966993,130.83978608745693,137.08547924354457,165.8423284493206
69,165.51319632984374,165.4451816255512,160.55594845459282,154.77444648711068,151.25917210237202,149.4203934316234,137.4527534804885,130.43663275746783,130.07727221428036,124.97494382422155,118.5211857717377,112.49625050237589,106.35136637002641,99.57858894861357,94.202978099603,85.78293831347371,80.54087478848662,50.62044096810229,47.91275006993829,45.280672943408774,41.02105852423889,35.68060255119688,34.7254010017844,28.44048660300377,35.07353303733543,42.16588391698034,47.209532397990884,50.0152191231974,52.82736865691711,59.03468047444328,62.40752052401576,66.3062573707393,68.6414355224014,72.20563992170288,78.65645886196155,82.03990237412486,82.99994924798051,45.41792559068516,51.41285853443025,59.26499340336877,62.322757946298765,70.13458423725018,75.83678337442525,77.27438589250875,79.595238322113,82.99124465308473,88.55360755027151,91.23104867940955,95.36551720631843,97.39549799440485,101.12839566243703,101.65891333415024,105.44380170766938,107.28569556997526,107.57041824206163,86.2569573945447,89.58998049677487,91.33581554052901,78.24293709094368,83.50201971056472,90.8926945782612,22.235882103118215,18.091271023656113,15.797646817296227,13.384009727756862,6.480029861042309,12.649661130413266,17.477220555215844,18.18324109316074,0.0,0.5997916304851081,1.5115399510209926,71.13054156565336,72.81647187263526,74.77237268811645,77.42886624165652,80.75018600945967,83.09123385177303,71.47215554376059,76.20142028576859,81.53106098660388,85.23951288904298,99.15436570896168,103.68716274831829,106.95424187193926,113.58814155462969,118.55253356171373,124.30252260518155,131.44956381116322,135.9372397130082,141.52358753604966,142.88929248222217,144.90282991668917,151.80563811335813,154.67260776788885,157.8443762020593,23.383952007807682,30.201961321383028,31.22255575601414,46.49580458599959,48.014096389310126,50.997225115999605,151.50862820304337,155.14204051105355,34.87909545896017,37.61503058245999,39.613175722333445,50.01689395188965,68.4289883710371,71.3646228850732,118.67025781579929,121.1450040654176,124.03806023493799,129.53778722816227,133.74502587126298,137.89540549245427,140.14063354323218,146.03432958222163,36.52698207384895,38.20160143358417,38.99702647719294,131.14820219160688,135.93945098498008,138.81635557151054,141.15732417446102,142.17070169542743,142.9795836398421,49.20035323710994,50.54286841393288,51.28681061598894,51.851721228387035,54.5480841490637,56.91254138064983,45.14399279487676,48.70305348556466,119.75223889325115,122.16806276928185,58.44585865663494,102.24840352385667,103.82147122742188,107.64995251900476,112.0565105862495,93.77809391869889,96.17970691833058,97.89394173305115,83.84212334017127,84.75820466843858,88.83722710034553,96.40709057335481,120.0334380415048,125.03132649564222,127.29344187731485,129.91398876680185,132.88124659179786,134.92441300694858,136.14090303978895,137.75027123880372,143.3408591327555,148.0250929014737,153.76411476935328,158.21790439168615,93.45989712580466,118.29223333533874,124.43340667599603,130.3048763386955,133.52561414236717,135.17639728984597,141.0093898322722,147.8054208798764,150.5427277680422,151.08255922322056,149.05494922861,150.6399542759206,129.04494925955737,133.7008756979797,138.57603774656846,116.05122237286939,122.37194582829756,127.92436169888938,130.97647277157336,137.0992180708652,137.66082736566008,112.77979526050969,118.96189862425248,119.92538863457953,120.40483623338464,113.79249893535469,118.98292762670567,122.42327775423631,127.87037588076204,131.71132862715194,112.13407334859623,115.2480229307186,116.42207334606103,117.55802757049086,117.94569882297161,119.04972554366276,120.00359241068352,120.4846516585938,125.61660471638079,131.86229787246842,160.61914707824448
70,166.11298796032884,166.04497325603631,161.15574008507792,155.37423811759578,151.85896373285712,150.0201850621085,138.0525451109736,131.03642438795293,130.67706384476546,125.57473545470665,119.1209774022228,113.09604213286099,106.95115800051151,100.17838057909867,94.80276973008812,86.38272994395882,81.14066641897173,51.220232598587394,48.5125417004234,45.88046457389388,41.620850154723996,36.280394181681984,35.325192632269506,29.04027823348888,35.673324667820545,42.765675547465456,47.809324028476,50.61501075368251,53.427160287402224,59.63447210492839,63.00731215450087,66.90604900122442,69.24122715288651,72.805431552188,79.25625049244667,82.63969400460998,83.59974087846562,46.017717221170265,52.01265016491536,59.86478503385388,62.92254957678387,70.73437586773528,76.43657500491035,77.87417752299385,80.1950299525981,83.59103628356984,89.15339918075661,91.83084030989465,95.96530883680353,97.99528962488995,101.72818729292213,102.25870496463534,106.04359333815448,107.88548720046036,108.17020987254674,86.8567490250298,90.18977212725997,91.93560717101411,78.84272872142878,84.10181134104982,91.4924862087463,22.835673733603326,18.691062654141223,16.397438447781337,13.983801358241971,7.079821491527417,13.249452760898375,18.07701218570095,18.783032723645846,0.5997916304851081,0.0,0.9117483205358846,71.73033319613846,73.41626350312036,75.37216431860155,78.02865787214162,81.34997763994477,83.69102548225813,72.0719471742457,76.80121191625369,82.13085261708898,85.8393045195281,99.75415733944679,104.2869543788034,107.55403350242437,114.1879331851148,119.15232519219884,124.90231423566667,132.04935544164834,136.53703134349334,142.1233791665348,143.4890841127073,145.5026215471743,152.40542974384326,155.27239939837398,158.44416783254442,23.983743638292793,30.80175295186814,31.82234738649925,47.09559621648471,48.61388801979524,51.59701674648472,152.1084198335285,155.74183214153868,35.47888708944528,38.214822212945094,40.21296735281855,50.61668558237476,69.02878000152221,71.96441451555832,119.2700494462844,121.74479569590271,124.6378518654231,130.1375788586474,134.3448175017481,138.4951971229394,140.7404251737173,146.63412121270676,37.126773704334056,38.80139306406928,39.59681810767805,131.74799382209198,136.53924261546518,139.41614720199564,141.75711580494612,142.77049332591253,143.5793752703272,49.800144867595044,51.14266004441799,51.88660224647405,52.45151285887214,55.147875779548805,57.512333011134935,45.743784425361866,49.30284511604977,120.35203052373626,122.76785439976696,59.04565028712005,102.84819515434178,104.421262857907,108.24974414948987,112.65630221673462,94.377885549184,96.7794985488157,98.49373336353626,84.44191497065638,85.3579962989237,89.43701873083064,97.00688220383992,120.6332296719899,125.63111812612732,127.89323350779995,130.51378039728695,133.48103822228296,135.52420463743368,136.74069467027405,138.35006286928882,143.9406507632406,148.6248845319588,154.36390639983836,158.81769602217122,94.05968875628977,118.89202496582384,125.03319830648113,130.9046679691806,134.12540577285228,135.77618892033107,141.6091814627573,148.40521251036148,151.14251939852727,151.68235085370563,149.6547408590951,151.2397459064057,129.64474089004247,134.30066732846484,139.1758293770536,116.65101400335449,122.97173745878266,128.52415332937449,131.57626440205846,137.6990097013503,138.26061899614518,113.37958689099479,119.56169025473758,120.52518026506463,121.00462786386974,114.39229056583979,119.58271925719077,123.02306938472141,128.47016751124713,132.31112025763701,112.73386497908133,115.8478145612037,117.02186497654613,118.15781920097596,118.54549045345671,119.64951717414786,120.60338404116862,121.0844432890789,126.21639634686589,132.46208950295352,161.21893870872958
71,167.02473628086472,166.9567215765722,162.0674884056138,156.28598643813166,152.770712053393,150.9319333826444,138.96429343150947,131.9481727084888,131.58881216530133,126.48648377524253,120.03272572275868,114.00779045339686,107.86290632104739,101.09012889963455,95.714518050624,87.2944782644947,82.05241473950761,52.13198091912328,49.42429002095928,46.79221289442977,42.53259847525988,37.19214250221787,36.23694095280539,29.952026554024766,36.58507298835643,43.67742386800134,48.721072349011884,51.5267590742184,54.33890860793811,60.54622042546428,63.91906047503676,67.81779732176031,70.1529754734224,73.71717987272389,80.16799881298256,83.55144232514587,84.51148919900152,46.92946554170615,52.92439848545124,60.77653335438976,63.83429789731976,71.64612418827117,77.34832332544624,78.78592584352974,81.106778273134,84.50278460410573,90.0651475012925,92.74258863043055,96.87705715733942,98.90703794542584,102.63993561345802,103.17045328517123,106.95534165869037,108.79723552099625,109.08195819308263,87.76849734556569,91.10152044779586,92.84735549155,79.75447704196466,85.0135596615857,92.40423452928218,23.74742205413921,19.60281097467711,17.309186768317222,14.895549678777854,7.991569812063301,14.161201081434259,18.988760506236837,19.69478104418173,1.5115399510209926,0.9117483205358846,0.0,72.64208151667435,74.32801182365625,76.28391263913744,78.94040619267751,82.26172596048067,84.60277380279403,72.98369549478159,77.71296023678958,83.04260093762487,86.75105284006398,100.66590565998267,105.19870269933928,108.46578182296025,115.09968150565068,120.06407351273472,125.81406255620254,132.96110376218422,137.44877966402922,143.03512748707067,144.40083243324318,146.41436986771018,153.31717806437914,156.18414771890986,159.3559161530803,24.89549195882868,31.713501272404024,32.73409570703513,48.00734453702059,49.525636340331125,52.508765067020605,153.02016815406438,156.65358046207456,36.390635409981165,39.12657053348098,41.12471567335444,51.52843390291064,69.94052832205809,72.8761628360942,120.18179776682028,122.65654401643859,125.54960018595898,131.04932717918328,135.256565822284,139.40694544347528,141.6521734942532,147.54586953324264,38.03852202486994,39.713141384605166,40.50856642821393,132.65974214262786,137.45099093600106,140.32789552253152,142.668864125482,143.6822416464484,144.49112359086308,50.71189318813093,52.05440836495387,52.79835056700993,53.36326117940803,56.05962410008469,58.42408133167082,46.65553274589775,50.21459343658565,121.26377884427214,123.67960272030284,59.95739860765593,103.75994347487766,105.33301117844287,109.16149247002575,113.5680505372705,95.28963386971988,97.69124686935157,99.40548168407214,85.35366329119226,86.26974461945957,90.34876705136652,97.9186305243758,121.54497799252577,126.5428664466632,128.80498182833583,131.42552871782283,134.39278654281884,136.43595295796956,137.65244299080993,139.2618111898247,144.85239908377648,149.53663285249468,155.27565472037423,159.7294443427071,94.97143707682565,119.80377328635971,125.944946627017,131.81641628971647,135.03715409338815,136.68793724086694,142.52092978329318,149.31696083089736,152.05426771906315,152.5940991742415,150.566489179631,152.15149422694157,130.55648921057835,135.21241564900072,140.08757769758947,117.56276232389037,123.88348577931853,129.43590164991036,132.48801272259433,138.61075802188617,139.17236731668106,114.29133521153067,120.47343857527346,121.43692858560051,121.91637618440562,115.30403888637566,120.49446757772665,123.93481770525729,129.381915831783,133.2228685781729,113.64561329961721,116.75956288173958,117.933613297082,119.06956752151184,119.45723877399259,120.56126549468374,121.5151323617045,121.99619160961478,127.12814466740177,133.3738378234894,162.13068702926546
72,154.60162084701932,154.5336061427268,149.6443729717684,143.86287100428626,140.3475966195476,138.508817948799,126.54117799766408,119.5250572746434,119.16569673145592,114.06336834139714,107.60961028891329,101.58467501955147,95.439790887202,88.66701346578915,83.29140261677858,74.87136283064929,69.6292993056622,39.70886548527787,37.00117458711387,34.369097460584356,30.109483041414475,35.44993901445649,36.40514056386897,42.6900549626496,49.32310139698126,56.41545227662617,61.45910075763671,64.26478748284322,67.07693701656294,73.2842488340891,76.65708888366159,80.55582573038514,82.89100388204723,86.45520828134872,92.90602722160739,96.2894707337707,97.24951760762634,25.712615974968205,19.717683031223114,11.86554816228459,8.807783619354595,0.9959573284031824,6.698156465578251,8.135758983661745,10.456611413265998,13.852617744237724,19.414980641424492,22.09242177056253,26.2268902974714,28.256871085557826,31.989768753590006,32.52028642530321,36.30517479882234,38.147068661128216,38.43179133321459,17.11833048569769,20.451353587927855,22.197188631681996,9.104310182096679,14.363392801717719,21.7540676694142,48.89465946253515,53.039270541997254,55.33289474835714,57.746531837896505,64.65051170461106,70.82014297398202,75.64770239878459,76.35372293672948,71.13054156565337,71.73033319613849,72.64208151667437,0.0,1.6859303069818987,3.641831122463086,6.2983246760031655,9.619644443806319,11.960692286119674,2.333528634913599,7.062793376921599,12.392434077756882,74.32793740621857,88.24279022613726,92.77558726549387,96.04266638911484,102.67656607180527,107.64095807888931,113.39094712235713,120.53798832833881,125.0256642301838,130.61201205322524,131.97771699939776,133.99125443386475,140.8940626305337,143.76103228506443,146.93280071923488,58.33195152614882,65.14996083972417,66.17055527435528,60.74537294564542,62.263664748955954,65.24679347564543,140.59705272021895,144.23046502822913,49.128663818606,51.864598942105815,53.86274408197927,64.26646231153548,14.914014044092928,17.84964855812904,107.75868233297487,110.23342858259318,113.12648475211357,118.62621174533787,122.83345038843859,126.9838300096299,129.2290580604078,135.12275409939724,50.776550433494776,52.45116979323,53.24659483683877,120.23662670878245,125.02787550215565,127.90478008868611,130.24574869163658,131.25912621260298,132.06800815701766,38.28877775428552,39.63129293110846,40.37523513316452,40.94014574556262,43.63650866623928,46.00096589782541,34.23241731205235,37.79147800274025,108.84066341042673,111.25648728645743,47.53428317381052,91.33682804103225,92.90989574459746,96.73837703618034,101.14493510342508,82.86651843587447,85.26813143550616,86.98236625022673,72.93054785734685,73.84662918561416,77.92565161752111,85.49551509053039,109.12186255868038,114.1197510128178,116.38186639449043,119.00241328397743,121.96967110897344,124.01283752412418,125.22932755696455,126.8386957559793,132.42928364993108,137.11351741864928,142.85253928652884,147.3063289088617,82.54832164298024,107.38065785251432,113.52183119317161,119.39330085587108,122.61403865954277,124.26482180702158,130.09781434944782,136.89384539705202,139.6311522852178,140.17098374039617,138.14337374578562,139.7283787930962,118.13337377673295,122.78930021515531,127.66446226374406,105.13964689004497,111.46037034547314,117.01278621606497,120.06489728874894,126.18764258804076,126.74925188283564,101.86821977768527,108.05032314142807,109.01381315175512,109.49326075056022,102.88092345253027,108.07135214388126,111.51170227141189,116.95880039793762,120.79975314432751,101.22249786577181,104.33644744789419,105.51049786323661,106.64645208766645,107.03412334014719,108.13815006083834,109.0920169278591,109.57307617576939,114.70502923355637,120.95072238964401,149.70757159542006
73,156.28755115400122,156.2195364497087,151.3303032787503,145.54880131126816,142.0335269265295,140.1947482557809,128.22710830464598,121.2109875816253,120.85162703843783,115.74929864837904,109.29554059589519,103.27060532653337,97.1257211941839,90.35294377277106,84.97733292376049,76.55729313763119,71.3152296126441,41.39479579225977,38.687104894095775,36.05502776756626,31.795413348396373,37.135869321438385,38.091070870850864,44.37598526963149,51.00903170396315,58.101382583608064,63.14503106461861,65.95071778982512,68.76286732354484,74.970179141071,78.34301919064349,82.24175603736704,84.57693418902913,88.14113858833062,94.59195752858929,97.9754010407526,98.93544791460825,27.398546281950104,21.403613338205012,13.551478469266488,10.493713926336493,2.681887635385081,8.38408677256015,9.821689290643643,12.142541720247896,15.538548051219623,21.10091094840639,23.778352077544433,27.9128206044533,29.942801392539728,33.67569906057191,34.206216732285114,37.991105105804245,39.83299896811012,40.11772164019649,18.80426079267959,22.137283894909753,23.88311893866389,10.790240489078577,16.049323108699618,23.4399979763961,50.58058976951705,54.72520084897915,57.018825055339036,59.4324621448784,66.33644201159295,72.5060732809639,77.33363270576648,78.03965324371137,72.81647187263526,73.41626350312038,74.32801182365625,1.6859303069818987,0.0,1.9559008154811874,4.612394369021266,7.9337141368244195,10.274761979137773,4.019458941895498,8.7487236839035,14.078364384738782,76.01386771320047,89.92872053311916,94.46151757247577,97.72859669609674,104.36249637878717,109.32688838587121,115.07687742933904,122.22391863532071,126.71159453716571,132.29794236020714,133.66364730637966,135.67718474084666,142.5799929375156,145.44696259204633,148.61873102621678,60.017881833130716,66.83589114670606,67.85648558133717,62.431303252627316,63.94959505593785,66.93272378262733,142.28298302720086,145.91639533521104,50.814594125587895,53.55052924908771,55.54867438896117,65.95239261851737,16.599944351074825,19.535578865110935,109.44461263995677,111.91935888957508,114.81241505909547,120.31214205231977,124.5193806954205,128.6697603166118,130.9149883673897,136.80868440637914,52.46248074047667,54.137100100211896,54.93252514382066,121.92255701576435,126.71380580913755,129.590710395668,131.93167899861848,132.94505651958488,133.75393846399956,39.97470806126742,41.317223238090364,42.061165440146425,42.62607605254452,45.32243897322118,47.68689620480731,35.91834761903424,39.47740830972214,110.52659371740863,112.94241759343933,49.220213480792424,93.02275834801415,94.59582605157937,98.42430734316224,102.83086541040699,84.55244874285637,86.95406174248807,88.66829655720863,74.61647816432875,75.53255949259606,79.61158192450301,87.18144539751229,110.80779286566228,115.8056813197997,118.06779670147233,120.68834359095933,123.65560141595535,125.69876783110608,126.91525786394645,128.5246260629612,134.11521395691298,138.79944772563118,144.53846959351074,148.9922592158436,84.23425194996214,109.06658815949622,115.20776150015351,121.07923116285298,124.29996896652467,125.95075211400348,131.78374465642972,138.57977570403392,141.3170825921997,141.85691404737807,139.82930405276753,141.4143091000781,119.81930408371485,124.47523052213721,129.35039257072594,106.82557719702687,113.14630065245504,118.69871652304687,121.75082759573084,127.87357289502266,128.43518218981754,103.55415008466717,109.73625344840997,110.69974345873702,111.17919105754213,104.56685375951217,109.75728245086316,113.1976325783938,118.64473070491952,122.48568345130941,102.90842817275372,106.02237775487609,107.19642817021851,108.33238239464835,108.72005364712909,109.82408036782024,110.77794723484101,111.25900648275129,116.39095954053828,122.63665269662592,151.39350190240197
74,158.2434519694824,158.17543726518988,153.2862040942315,147.50470212674935,143.9894277420107,142.15064907126208,130.18300912012717,123.16688839710649,122.80752785391901,117.70519946386023,111.25144141137638,105.22650614201456,99.08162200966508,92.30884458825224,86.93323373924167,78.51319395311238,73.27113042812529,43.35069660774096,40.64300570957696,38.010928583047445,33.75131416387756,39.09177013691957,40.04697168633205,46.33188608511268,52.96493251944434,60.05728339908925,65.1009318800998,67.9066186053063,70.71876813902603,76.92607995655219,80.29892000612467,84.19765685284823,86.53283500451032,90.0970394038118,96.54785834407048,99.93130185623379,100.89134873008943,29.354447097431294,23.359514153686202,15.507379284747678,12.449614741817681,4.637788450866268,10.339987588041335,11.77759010612483,14.098442535729083,17.494448866700807,23.056811763887573,25.734252893025612,29.86872141993448,31.898702208020907,35.63159987605309,36.16211754776629,39.947005921285424,41.7888997835913,42.07362245567767,20.760161608160775,24.09318471039094,25.839019754145077,12.746141304559764,18.005223924180804,25.395898791877286,52.53649058499823,56.681101664460336,58.97472587082022,61.388362960359586,68.29234282707414,74.46197409644509,79.28953352124766,79.99555405919256,74.77237268811645,75.37216431860156,76.28391263913744,3.641831122463086,1.9559008154811874,0.0,2.656493553540079,5.977813321343232,8.318861163656587,5.975359757376685,10.704624499384686,16.03426520021997,77.96976852868166,91.88462134860035,96.41741838795696,99.68449751157793,106.31839719426836,111.2827892013524,117.03277824482022,124.1798194508019,128.6674953526469,134.25384317568836,135.61954812186087,137.63308555632787,144.53589375299683,147.40286340752755,150.574631841698,61.9737826486119,68.79179196218725,69.81238639681835,64.3872040681085,65.90549587141903,68.88862459810852,144.23888384268207,147.87229615069225,52.77049494106908,55.506430064568896,57.504575204442354,67.90829343399855,18.555845166556015,21.491479680592125,111.40051345543796,113.87525970505627,116.76831587457666,122.26804286780096,126.47528151090168,130.62566113209297,132.87088918287088,138.76458522186033,54.41838155595786,56.09300091569308,56.88842595930185,123.87845783124554,128.66970662461873,131.54661121114918,133.88757981409967,134.90095733506607,135.70983927948075,41.93060887674861,43.27312405357155,44.01706625562761,44.581976868025706,47.27833978870237,49.6427970202885,37.87424843451543,41.43330912520333,112.48249453288982,114.89831840892052,51.17611429627361,94.97865916349534,96.55172686706055,100.38020815864343,104.78676622588817,86.50834955833756,88.90996255796925,90.62419737268982,76.57237897980994,77.48846030807725,81.5674827399842,89.13734621299348,112.76369368114347,117.76158213528089,120.02369751695352,122.64424440644052,125.61150223143653,127.65466864658727,128.87115867942765,130.48052687844242,136.0711147723942,140.7553485411124,146.49437040899198,150.94816003132485,86.19015276544333,111.0224889749774,117.1636623156347,123.03513197833416,126.25586978200586,127.90665292948466,133.7396454719109,140.5356765195151,143.2729834076809,143.81281486285926,141.7852048682487,143.3702099155593,121.77520489919604,126.4311313376184,131.30629338620713,108.78147801250806,115.10220146793623,120.65461733852806,123.70672841121203,129.82947371050386,130.39108300529875,105.51005090014836,111.69215426389115,112.6556442742182,113.13509187302331,106.52275457499336,111.71318326634434,115.15353339387498,120.60063152040071,124.4415842667906,104.8643289882349,107.97827857035728,109.1523289856997,110.28828321012953,110.67595446261028,111.77998118330143,112.7338480503222,113.21490729823248,118.34686035601946,124.5925535121071,153.34940271788315
75,160.8999455230225,160.83193081872997,155.94269764777158,150.16119568028944,146.64592129555078,144.80714262480217,132.83950267366725,125.82338195064658,125.4640214074591,120.36169301740031,113.90793496491646,107.88299969555464,101.73811556320517,94.96533814179233,89.58972729278176,81.16968750665247,75.92762398166538,46.00719016128104,43.29949926311704,40.667422136587525,36.40780771741764,41.74826369045965,42.70346523987213,48.98837963865276,55.62142607298442,62.71377695262933,67.75742543363988,70.5631121588464,73.37526169256611,79.58257351009227,82.95541355966476,86.85415040638831,89.1893285580504,92.7535329573519,99.20435189761056,102.58779540977388,103.54784228362952,32.01094065097137,26.01600770722628,18.163872838287755,15.10610829535776,7.294282004406347,12.996481141581416,14.43408365966491,16.754936089269165,20.15094242024089,25.71330531742766,28.3907464465657,32.52521497347457,34.555195761560995,38.288093429593175,38.81861110130638,42.60349947482551,44.445393337131385,44.73011600921776,23.41665516170086,26.749678263931024,28.495513307685165,15.402634858099844,20.661717477720885,28.052392345417367,55.192984138538314,59.337595218000416,61.6312194243603,64.04485651389967,70.94883638061422,77.11846764998518,81.94602707478775,82.65204761273264,77.42886624165654,78.02865787214165,78.94040619267753,6.298324676003165,4.612394369021266,2.656493553540079,0.0,3.3213197678031534,5.662367610116508,8.631853310916764,13.361118052924764,18.690758753760047,80.62626208222174,94.54111490214044,99.07391194149704,102.34099106511802,108.97489074780844,113.93928275489249,119.68927179836031,126.83631300434199,131.323988906187,136.91033672922845,138.27604167540096,140.28957910986796,147.19238730653692,150.05935696106764,153.23112539523808,64.63027620215199,71.44828551572733,72.46887995035844,67.04369762164858,68.56198942495911,71.5451181516486,146.89537739622216,150.52878970423234,55.42698849460916,58.16292361810898,60.161068757982434,70.56478698753864,21.212338720096092,24.147973234132202,114.05700700897805,116.53175325859635,119.42480942811675,124.92453642134105,129.13177506444177,133.28215468563306,135.52738273641097,141.42107877540042,57.07487510949794,58.74949446923316,59.54491951284193,126.53495138478563,131.3262001781588,134.20310476468927,136.54407336763975,137.55745088860616,138.36633283302083,44.58710243028869,45.92961760711163,46.67355980916769,47.238470421565786,49.93483334224245,52.29929057382858,40.53074198805551,44.08980267874341,115.1389880864299,117.5548119624606,53.83260784981369,97.63515271703542,99.20822042060064,103.03670171218351,107.44325977942826,89.16484311187764,91.56645611150934,93.28069092622991,79.22887253335003,80.14495386161734,84.22397629352429,91.79383976653357,115.42018723468355,120.41807568882098,122.6801910704936,125.30073795998061,128.26799578497662,130.31116220012734,131.5276522329677,133.13702043198248,138.72760832593426,143.41184209465246,149.15086396253201,153.60465358486488,88.84664631898342,113.6789825285175,119.82015586917478,125.69162553187425,128.91236333554593,130.56314648302472,136.39613902545096,143.19217007305514,145.92947696122093,146.4693084163993,144.44169842178877,146.02670346909935,124.43169845273613,129.0876248911585,133.96278693974725,111.43797156604815,117.75869502147631,123.31111089206814,126.36322196475211,132.48596726404395,133.04757655883884,108.16654445368845,114.34864781743124,115.31213782775829,115.7915854265634,109.17924812853344,114.36967681988443,117.81002694741507,123.2571250739408,127.09807782033069,107.52082254177499,110.63477212389736,111.80882253923978,112.94477676366962,113.33244801615037,114.43647473684152,115.39034160386228,115.87140085177256,121.00335390955955,127.24904706564719,156.00589627142324
76,164.22126529082564,164.15325058653312,159.26401741557473,153.48251544809258,149.96724106335392,148.12846239260531,136.1608224414704,129.14470171844974,128.78534117526226,123.68301278520346,117.22925473271961,111.20431946335779,105.05943533100832,98.28665790959548,92.9110470605849,84.49100727445561,79.24894374946852,49.32850992908419,46.620819030920195,43.98874190439068,39.72912748522079,45.069583458262805,46.024785007675284,52.30969940645591,58.94274584078757,66.03509672043249,71.07874520144304,73.88443192664955,76.69658146036927,82.90389327789543,86.27673332746792,90.17547017419147,92.51064832585357,96.07485272515505,102.52567166541373,105.90911517757704,106.86916205143268,35.332260418774524,29.337327475029433,21.48519260609091,18.427428063160914,10.615601772209502,16.31780090938457,17.755403427468064,20.07625585707232,23.472262188044045,29.034625085230815,31.712066214368853,35.84653474127772,37.87651552936415,41.60941319739633,42.139930869109534,45.924819242628665,47.76671310493454,48.05143577702091,26.737974929504013,30.070998031734177,31.81683307548832,18.723954625902998,23.983037245524038,31.37371211322052,58.51430390634147,62.65891498580357,64.95253919216346,67.36617628170282,74.27015614841737,80.43978741778832,85.2673468425909,85.97336738053579,80.75018600945968,81.3499776399448,82.26172596048067,9.619644443806319,7.9337141368244195,5.977813321343232,3.3213197678031534,0.0,2.3410478423133543,11.953173078719917,16.68243782072792,22.012078521563204,83.94758185002489,97.86243466994358,102.39523170930019,105.66231083292116,112.29621051561159,117.26060252269563,123.01059156616346,130.15763277214512,134.64530867399012,140.23165649703157,141.59736144320408,143.61089887767108,150.51370707434003,153.38067672887075,156.5524451630412,67.95159596995514,74.76960528353048,75.79019971816159,70.36501738945174,71.88330919276227,74.86643791945176,150.21669716402528,153.85010947203546,58.748308262412316,61.48424338591213,63.48238852578559,73.88610675534179,24.533658487899245,27.469293001935355,117.3783267767812,119.8530730263995,122.74612919591989,128.24585618914418,132.4530948322449,136.60347445343618,138.8487025042141,144.74239854320354,60.39619487730109,62.070814237036316,62.86623928064508,129.8562711525888,134.647519945962,137.52442453249245,139.86539313544293,140.87877065640933,141.687652600824,47.90842219809184,49.250937374914784,49.994879576970845,50.55979018936894,53.2561531100456,55.62061034163173,43.852061755858664,47.411122446546564,118.46030785423305,120.87613173026375,57.153927617616844,100.95647248483857,102.52954018840379,106.35802147998666,110.7645795472314,92.48616287968079,94.88777587931249,96.60201069403305,82.55019230115317,83.46627362942048,87.54529606132743,95.11515953433671,118.7415070024867,123.73939545662412,126.00151083829675,128.62205772778375,131.58931555277977,133.6324819679305,134.84897200077086,136.45834019978562,142.0489280937374,146.7331618624556,152.4721837303352,156.92597335266805,92.16796608678656,117.00030229632064,123.14147563697793,129.0129452996774,132.23368310334908,133.88446625082787,139.7174587932541,146.5134898408583,149.2507967290241,149.79062818420246,147.76301818959192,149.3480232369025,127.75301822053927,132.40894465896162,137.28410670755036,114.7592913338513,121.08001478927946,126.63243065987129,129.68454173255526,135.8072870318471,136.368896326642,111.48786422149159,117.66996758523439,118.63345759556144,119.11290519436655,112.50056789633659,117.69099658768758,121.13134671521821,126.57844484174394,130.41939758813385,110.84214230957814,113.95609189170051,115.13014230704293,116.26609653147277,116.65376778395351,117.75779450464466,118.71166137166543,119.19272061957571,124.3246736773627,130.57036683345032,159.32721603922639
77,166.56231313313899,166.49429842884646,161.60506525788807,155.82356329040593,152.30828890566727,150.46951023491866,138.50187028378375,131.48574956076308,131.1263890175756,126.0240606275168,119.57030257503295,113.54536730567114,107.40048317332166,100.62770575190882,95.25209490289826,86.83205511676897,81.58999159178188,51.66955777139754,48.96186687323355,46.32978974670403,42.070175327534145,47.410631300576156,48.365832849988635,54.650747248769264,61.283793683100924,68.37614456274584,73.41979304375639,76.2254797689629,79.03762930268262,85.24494112020878,88.61778116978127,92.51651801650482,94.85169616816691,98.4159005674684,104.86671950772707,108.25016301989038,109.21020989374603,37.673308261087875,31.678375317342788,23.826240448404263,20.76847590547427,12.956649614522856,18.658848751697924,20.09645126978142,22.417303699385673,25.8133100303574,31.375672927544166,34.053114056682205,38.18758258359107,40.2175633716775,43.95046103970968,44.480978711422885,48.265867084942016,50.10776094724789,50.392483619334264,29.079022771817367,32.412045874047536,34.15788091780168,21.065002468216353,26.324085087837393,33.71475995553388,60.85535174865482,64.99996282811692,67.29358703447681,69.70722412401618,76.61120399073073,82.78083526010168,87.60839468490425,88.31441522284915,83.09123385177304,83.69102548225815,84.60277380279403,11.960692286119674,10.274761979137775,8.318861163656587,5.662367610116508,2.3410478423133543,0.0,14.294220921033272,19.02348566304127,24.353126363876555,86.28862969233825,100.20348251225694,104.73627955161355,108.00335867523452,114.63725835792495,119.601650365009,125.35163940847681,132.4986806144585,136.9863565163035,142.57270433934494,143.93840928551745,145.95194671998445,152.8547549166534,155.72172457118413,158.89349300535457,70.2926438122685,77.11065312584384,78.13124756047495,72.70606523176508,74.22435703507561,77.2074857617651,152.55774500633865,156.19115731434883,61.08935610472567,63.82529122822548,65.82343636809894,76.22715459765514,26.874706330212604,29.810340844248714,119.71937461909455,122.19412086871286,125.08717703823325,130.58690403145755,134.79414267455826,138.94452229574955,141.18975034652746,147.0834463855169,62.73724271961444,64.41186207934966,65.20728712295842,132.19731899490213,136.98856778827533,139.8654723748058,142.20644097775627,143.21981849872267,144.02870044313735,50.24947004040519,51.591985217228135,52.3359274192842,52.90083803168229,55.59720095235895,57.96165818394508,46.193109598172015,49.752170288859915,120.80135569654641,123.21717957257711,59.494975459930195,103.29752032715193,104.87058803071714,108.69906932230002,113.10562738954476,94.82721072199415,97.22882372162584,98.94305853634641,84.89124014346653,85.80732147173384,89.88634390364079,97.45620737665007,121.08255484480004,126.08044329893747,128.3425586806101,130.9631055700971,133.9303633950931,135.97352981024383,137.1900198430842,138.79938804209897,144.38997593605075,149.07420970476895,154.81323157264853,159.2670211949814,94.50901392909992,119.34135013863398,125.48252347929127,131.35399314199074,134.57473094566242,136.22551409314121,142.05850663556745,148.85453768317166,151.59184457133745,152.1316760265158,150.10406603190526,151.68907107921584,130.09406606285262,134.74999250127496,139.6251545498637,117.10033917616464,123.4210626315928,128.97347850218463,132.0255895748686,138.14833487416044,138.70994416895533,113.82891206380494,120.01101542754773,120.97450543787478,121.45395303667989,114.84161573864993,120.03204443000092,123.47239455753156,128.91949268405727,132.76044543044716,113.18319015189148,116.29713973401385,117.47119014935627,118.60714437378611,118.99481562626686,120.09884234695801,121.05270921397877,121.53376846188905,126.66572151967604,132.91141467576367,161.66826388153973
78,154.94323482512655,154.87522012083403,149.98598694987564,144.2044849823935,140.68921059765484,138.85043192690623,126.88279197577131,119.86667125275063,119.50731070956316,114.40498231950437,107.95122426702052,101.9262889976587,95.78140486530923,89.00862744389639,83.63301659488583,75.21297680875654,69.97091328376945,40.05047946338511,37.34278856522111,34.7107114386916,30.45109701952171,35.79155299256372,36.7467545419762,43.03166894075683,49.66471537508849,56.7570662547334,61.800714735743945,64.60640146095045,67.41855099467017,73.62586281219633,76.99870286176882,80.89743970849237,83.23261786015446,86.79682225945595,93.24764119971462,96.63108471187793,97.59113158573358,26.054229953075442,20.05929700933035,12.207162140391826,9.14939759746183,1.3375713065104164,7.039770443685485,8.47737296176898,10.798225391373233,14.19423172234496,19.756594619531725,22.434035748669764,26.568504275578633,28.59848506366506,32.33138273169724,32.861900403410445,36.646788776929576,38.48868263923545,38.773405311321824,17.459944463804927,20.79296756603509,22.53880260978923,9.445924160203912,14.705006779824952,22.095681647521435,49.236273440642385,53.38088452010449,55.674508726464374,58.08814581600374,64.9921256827183,71.16175695208925,75.98931637689182,76.69533691483672,71.4721555437606,72.07194717424572,72.9836954947816,2.333528634913599,4.019458941895498,5.975359757376685,8.631853310916764,11.953173078719917,14.294220921033272,0.0,4.7292647420080005,10.058905442843283,74.66955138432581,88.5844042042445,93.11720124360112,96.38428036722209,103.01818004991252,107.98257205699656,113.73256110046438,120.87960230644606,125.36727820829105,130.9536260313325,132.31933097750502,134.33286841197202,141.23567660864097,144.1026462631717,147.27441469734214,58.673565504256054,65.4915748178314,66.51216925246251,61.086986923752654,62.60527872706319,65.58840745375267,140.93866669832622,144.5720790063364,49.47027779671323,52.20621292021305,54.204358060086506,64.60807628964271,15.255628022200163,18.191262536236273,108.10029631108212,110.57504256070042,113.46809873022082,118.96782572344512,123.17506436654584,127.32544398773715,129.57067203851506,135.4643680775045,51.11816441160201,52.792783771337234,53.588208814946,120.5782406868897,125.3694894802629,128.24639406679336,130.58736266974384,131.60074019071024,132.40962213512492,38.63039173239276,39.9729069092157,40.71684911127176,41.28175972366986,43.97812264434652,46.34257987593265,34.57403129015958,38.13309198084748,109.18227738853398,111.59810126456468,47.87589715191776,91.6784420191395,93.25150972270471,97.07999101428759,101.48654908153233,83.20813241398172,85.60974541361341,87.32398022833398,73.2721618354541,74.18824316372141,78.26726559562836,85.83712906863764,109.46347653678761,114.46136499092503,116.72348037259766,119.34402726208467,122.31128508708068,124.35445150223141,125.57094153507178,127.18030973408653,132.7708976280383,137.4551313967565,143.1941532646361,147.64794288696896,82.88993562108749,107.72227183062155,113.86344517127884,119.73491483397831,122.95565263765,124.60643578512881,130.43942832755505,137.23545937515922,139.972766263325,140.51259771850337,138.48498772389286,140.06999277120343,118.47498775484019,123.13091419326254,128.00607624185128,105.4812608681522,111.80198432358037,117.3544001941722,120.40651126685617,126.52925656614799,127.09086586094287,102.2098337557925,108.3919371195353,109.35542712986235,109.83487472866746,103.2225374306375,108.41296612198849,111.85331624951912,117.30041437604486,121.14136712243474,101.56411184387905,104.67806142600142,105.85211184134384,106.98806606577368,107.37573731825442,108.47976403894558,109.43363090596634,109.91469015387662,115.0466432116636,121.29233636775125,150.0491855735273
79,159.67249956713457,159.60448486284204,154.71525169188365,148.9337497244015,145.41847533966285,143.57969666891424,131.61205671777932,124.59593599475865,124.23657545157117,119.13424706151238,112.68048900902853,106.65555373966671,100.51066960731724,93.7378921859044,88.36228133689383,79.94224155076454,74.70017802577745,44.77974420539311,42.07205330722911,39.439976180699595,35.18036176152971,40.52081773457172,41.4760192839842,47.76093368276483,54.39398011709649,61.4863309967414,66.52997947775195,69.33566620295846,72.14781573667818,78.35512755420434,81.72796760377683,85.62670445050038,87.96188260216248,91.52608700146396,97.97690594172263,101.36034945388595,102.32039632774159,30.78349469508344,24.78856175133835,16.936426882399825,13.87866233946983,6.066836048518417,11.769035185693486,13.20663770377698,15.527490133381233,18.923496464352958,24.485859361539724,27.163300490677763,31.29776901758663,33.32774980567306,37.06064747370524,37.591165145418444,41.376053518937574,43.21794738124345,43.50267005332982,22.189209205812926,25.52223230804309,27.268067351797228,14.175188902211914,19.434271521832954,26.824946389529437,53.965538182650384,58.110149262112486,60.40377346847237,62.81741055801174,69.7213904247263,75.89102169409725,80.71858111889982,81.42460165684471,76.2014202857686,76.80121191625372,77.7129602367896,7.0627933769216,8.7487236839035,10.704624499384687,13.361118052924766,16.68243782072792,19.023485663041274,4.7292647420080005,0.0,5.329640700835283,79.39881612633381,93.3136689462525,97.84646598560911,101.11354510923009,107.74744479192051,112.71183679900456,118.46182584247238,125.60886704845406,130.09654295029907,135.68289077334052,137.04859571951303,139.06213315398003,145.96494135064899,148.8319110051797,152.00367943935015,63.40283024626405,70.2208395598394,71.24143399447051,65.81625166576065,67.33454346907118,70.31767219576066,145.66793144033423,149.3013437483444,54.19954253872123,56.93547766222105,58.933622802094504,69.33734103165071,19.984892764208162,22.920527278244272,112.82956105309012,115.30430730270842,118.19736347222882,123.69709046545312,127.90432910855384,132.05470872974513,134.29993678052304,140.1936328195125,55.84742915361001,57.52204851334523,58.317473556954,125.3075054288977,130.09875422227088,132.97565880880134,135.31662741175182,136.33000493271823,137.1388868771329,43.35965647440076,44.7021716512237,45.44611385327976,46.011024465677856,48.70738738635452,51.07184461794065,39.30329603216758,42.86235672285548,113.91154213054197,116.32736600657267,52.60516189392576,96.4077067611475,97.98077446471271,101.80925575629558,106.21581382354033,87.93739715598971,90.33901015562141,92.05324497034198,78.0014265774621,78.91750790572941,82.99653033763636,90.56639381064564,114.19274127879562,119.19062973293305,121.45274511460568,124.07329200409268,127.04054982908869,129.0837162442394,130.30020627707978,131.90957447609455,137.50016237004633,142.18439613876453,147.9234180066441,152.37720762897698,87.61920036309549,112.45153657262956,118.59270991328685,124.46417957598632,127.68491737965802,129.33570052713682,135.16869306956306,141.96472411716724,144.70203100533303,145.24186246051138,143.21425246590087,144.79925751321144,123.2042524968482,127.86017893527055,132.7353409838593,110.21052561016022,116.53124906558838,122.08366493618021,125.13577600886418,131.25852130815602,131.8201306029509,106.93909849780052,113.12120186154331,114.08469187187036,114.56413947067547,107.95180217264551,113.1422308639965,116.58258099152714,122.02967911805287,125.87063186444276,106.29337658588706,109.40732616800943,110.58137658335185,111.71733080778169,112.10500206026244,113.20902878095359,114.16289564797435,114.64395489588463,119.77590795367162,126.02160110975926,154.7784503155353
80,165.00214026796982,164.9341255636773,160.0448923927189,154.26339042523676,150.7481160404981,148.9093373697495,136.94169741861458,129.92557669559392,129.56621615240644,124.46388776234764,118.01012970986379,111.98519444050197,105.8403103081525,99.06753288673966,93.6919220377291,85.2718822515998,80.02981872661272,50.109384906228385,47.40169400806439,44.76961688153487,40.51000246236499,45.850458435407,46.80565998481948,53.09057438360011,59.72362081793177,66.81597169757669,71.85962017858724,74.66530690379375,77.47745643751347,83.68476825503963,87.05760830461212,90.95634515133567,93.29152330299776,96.85572770229925,103.30654664255792,106.68999015472123,107.65003702857688,36.11313539591872,30.11820245217363,22.266067583235106,19.20830304030511,11.396476749353699,17.098675886528767,18.53627840461226,20.857130834216516,24.253137165188242,29.81550006237501,32.49294119151305,36.627409718421916,38.65739050650834,42.39028817454052,42.92080584625373,46.70569421977286,48.54758808207873,48.83231075416511,27.51884990664821,30.851873008878375,32.59770805263251,19.504829603047195,24.763912222668235,32.154587090364714,59.29517888348566,63.43978996294776,65.73341416930765,68.14705125884701,75.05103112556156,81.22066239493252,86.04822181973509,86.75424235767998,81.53106098660388,82.13085261708899,83.04260093762487,12.392434077756882,14.07836438473878,16.034265200219966,18.690758753760043,22.012078521563197,24.35312636387655,10.058905442843283,5.329640700835283,0.0,84.72845682716908,98.64330964708778,103.17610668644438,106.44318581006536,113.07708549275578,118.04147749983983,123.79146654330765,130.93850774928933,135.42618365113432,141.01253147417577,142.3782364203483,144.39177385481528,151.29458205148424,154.16155170601496,157.3333201401854,68.73247094709933,75.55048026067468,76.57107469530578,71.14589236659593,72.66418416990646,75.64731289659595,150.99757214116948,154.63098444917966,59.52918323955651,62.265118363056324,64.26326350292977,74.66698173248598,25.314533465043446,28.250167979079556,118.15920175392539,120.6339480035437,123.52700417306409,129.02673116628839,133.2339698093891,137.3843494305804,139.6295774813583,145.52327352034774,61.177069854445286,62.85168921418051,63.647114257789276,130.63714612973297,135.42839492310617,138.30529950963663,140.6462681125871,141.6596456335535,142.4685275779682,48.689297175236035,50.03181235205898,50.77575455411504,51.34066516651313,54.037028087189796,56.401485318775926,44.63293673300286,48.19199742369076,119.24118283137724,121.65700670740794,57.93480259476104,101.73734746198276,103.31041516554798,107.13889645713085,111.5454545243756,93.26703785682498,95.66865085645668,97.38288567117725,83.33106727829737,84.24714860656468,88.32617103847163,95.8960345114809,119.52238197963088,124.5202704337683,126.78238581544093,129.40293270492793,132.37019052992395,134.41335694507467,135.62984697791504,137.2392151769298,142.82980307088158,147.51403683959978,153.25305870747934,157.7068483298122,92.94884106393076,117.78117727346482,123.92235061412211,129.79382027682158,133.01455808049326,134.66534122797205,140.4983337703983,147.29436481800246,150.03167170616825,150.5715031613466,148.5438931667361,150.12889821404667,128.53389319768345,133.18981963610582,138.06498168469457,115.54016631099547,121.86088976642364,127.41330563701547,130.46541670969944,136.58816200899128,137.14977130378617,112.26873919863577,118.45084256237857,119.41433257270562,119.89378017151073,113.28144287348077,118.47187156483176,121.9122216923624,127.35931981888812,131.200272565278,111.62301728672232,114.73696686884469,115.91101728418711,117.04697150861695,117.43464276109769,118.53866948178884,119.49253634880961,119.97359559671989,125.10554865450688,131.3512418105945,160.10809101637057
81,89.67095964191348,89.60294493762096,84.71371176666256,78.9322097991804,75.41693541444174,73.57815674369314,61.61051679255823,54.59439606953755,54.235035526350075,49.13270713629129,42.678949083807446,36.654013814445634,30.509129682096155,23.73635226068331,18.36074141167275,9.940701625543454,4.698638100556363,34.6190719209407,37.326762819104694,39.95883994563421,44.218454364804096,49.55891033784611,50.514111887258586,56.799026286039215,63.432072720370876,70.5244236000158,75.56807208102634,78.37375880623286,81.18590833995258,87.39322015747874,90.76606020705123,94.66479705377478,96.99997520543687,100.56417960473836,107.01499854499703,110.39844205716034,111.35848893101598,48.615321431250365,54.610254374995456,62.46238924393398,65.52015378686397,73.33198007781539,79.03417921499046,80.47178173307395,82.79263416267821,86.18864049364994,91.75100339083671,94.42844451997476,98.56291304688364,100.59289383497006,104.32579150300224,104.85630917471545,108.64119754823459,110.48309141054047,110.76781408262684,89.4543532351099,92.78737633734008,94.53321138109422,81.44033293150889,86.69941555112993,94.0900904188264,63.00363078592477,67.14824186538686,69.44186607174674,71.85550316128611,78.75948302800066,84.92911429737161,89.75667372217418,90.46269426011908,85.23951288904297,85.83930451952808,86.75105284006396,74.32793740621857,76.01386771320047,77.96976852868166,80.62626208222173,83.94758185002487,86.28862969233823,74.6695513843258,79.3988161263338,84.72845682716908,0.0,13.91485281991869,18.447649859275295,21.71472898289627,28.3486286655867,33.31302067267074,39.06300971613856,46.21005092212024,50.69772682396523,56.28407464700668,57.64977959317918,59.66331702764619,66.56612522431513,69.43309487884586,72.6048633130163,72.44092284953844,79.25893216311378,80.27952659774489,74.85434426903504,76.37263607234557,79.35576479903506,66.2691153140004,69.90252762201058,63.23763514199562,65.97357026549544,67.9717154053689,78.3754336349251,71.6263842116023,74.56201872563841,33.43074492675629,35.9054911763746,38.798547345895,44.298274339119295,48.50551298222001,52.65589260341132,54.90112065418922,60.79481669317867,64.88552175688439,66.5601411166196,67.35556616022836,45.90868930256388,50.69993809593707,53.57684268246752,55.91781128541799,56.93118880638439,57.74007075079907,52.397749077675144,53.740264254498086,54.48420645655415,55.04911706895224,57.745479989628905,60.109937221215034,48.341388635441966,51.900449326129866,34.512726004208155,36.92854988023886,42.44448960947335,17.008890634813675,18.581958338378893,22.41043962996177,26.816997697206514,8.538581029655907,10.940194029287607,12.654428844008182,7.99988665224102,8.915967980508336,12.994990412415284,20.564853885424565,44.191201353574534,49.18908980771196,51.45120518938459,54.07175207887159,57.0390099038676,59.08217631901833,60.29866635185871,61.90803455087347,67.49862244482524,72.18285621354346,77.92187808142303,82.3756677037559,8.220384236761678,42.44999664740848,48.59116998806578,54.46263965076524,57.683377454436936,59.33416060191574,65.16715314434197,71.96318419194616,74.70049108011193,75.24032253529029,73.21271254067976,74.79771758799033,53.202712571627124,57.85863901004948,62.73380105863822,40.20898568493914,46.52970914036731,52.08212501095914,55.1342360836431,61.256981382934924,61.8185906777298,36.937558572579434,43.11966193632223,44.08315194664928,44.5625995454544,37.95026224742444,43.140690938775435,46.581041066306064,52.02813919283179,55.869091939221676,36.29183666066597,39.40578624278834,40.57983665813077,41.71579088256061,42.10346213504135,43.20748885573249,44.161355722753264,44.64241497066354,49.77436802845054,56.02006118453817,84.77691039031419
82,103.58581246183218,103.51779775753965,98.62856458658125,92.84706261909909,89.33178823436043,87.49300956361184,75.52536961247692,68.50924888945625,68.14988834626877,63.04755995620998,56.59380190372614,50.568866634364326,44.42398250201485,37.651205080602004,32.27559423159144,23.855554445462143,18.61349092047505,48.53392474085939,51.24161563902339,53.8736927655529,58.13330718472279,63.4737631577648,64.42896470717729,70.71387910595791,77.34692554028958,84.43927641993449,89.48292490094504,92.28861162615155,95.10076115987127,101.30807297739743,104.68091302696992,108.57964987369347,110.91482802535556,114.47903242465705,120.92985136491572,124.31329487707903,125.27334175093468,62.53017425116906,68.52510719491414,76.37724206385266,79.43500660678266,87.24683289773408,92.94903203490915,94.38663455299265,96.7074869825969,100.10349331356863,105.66585621075541,108.34329733989345,112.47776586680233,114.50774665488875,118.24064432292093,118.77116199463414,122.55605036815328,124.39794423045916,124.68266690254553,103.3692060550286,106.70222915725877,108.44806420101291,95.35518575142757,100.61426837104861,108.00494323874508,76.91848360584346,81.06309468530556,83.35671889166545,85.77035598120482,92.67433584791937,98.84396711729032,103.67152654209289,104.37754708003779,99.15436570896168,99.75415733944679,100.66590565998267,88.24279022613726,89.92872053311916,91.88462134860035,94.54111490214042,97.86243466994358,100.20348251225694,88.58440420424449,93.31366894625249,98.64330964708778,13.91485281991869,0.0,4.532797039356604,7.799876162977576,14.433775845668006,19.39816785275205,25.148156896219866,32.295198102201546,36.78287400404654,42.36922182708799,43.73492677326049,45.748464207727494,52.65127240439644,55.518242058927164,58.6900104930976,86.35577566945713,93.17378498303248,94.19437941766358,88.76919708895373,90.28748889226426,93.27061761895375,52.3542624940817,55.98767480209188,77.15248796191432,79.88842308541413,81.88656822528759,92.2902864548438,85.54123703152099,88.4768715455571,19.5158921068376,21.990638356455914,24.88369452597631,30.383421519200606,34.590660162301326,38.741039783492624,40.98626783427053,46.879963873259975,78.8003745768031,80.47499393653831,81.27041898014707,31.993836482645186,36.78508527601838,39.66198986254883,42.0029584654993,43.0163359864657,43.82521793088038,66.31260189759384,67.65511707441678,68.39905927647284,68.96396988887093,71.6603328095476,74.02479004113373,62.25624145536066,65.81530214604857,20.597873184289462,23.013697060320165,56.35934242939204,3.094037814894985,4.667105518460203,8.49558681004308,12.902144877287824,22.453433849574594,24.855046849206296,26.56928166392687,21.91473947215971,22.830820800427023,26.90984323233397,34.47970670534325,58.10605417349323,63.10394262763065,65.36605800930327,67.98660489879028,70.95386272378629,72.99702913893702,74.21351917177739,75.82288737079215,81.41347526474392,86.09770903346214,91.83673090134171,96.29052052367457,22.135237056680367,56.364849467327176,62.50602280798447,68.37749247068393,71.59823027435563,73.24901342183443,79.08200596426066,85.87803701186485,88.61534390003062,89.15517535520898,87.12756536059845,88.71257040790903,67.11756539154582,71.77349182996818,76.64865387855693,54.12383850485783,60.444561960286,65.99697783087784,69.0490889035618,75.17183420285362,75.7334434976485,50.852411392498134,57.034514756240924,57.99800476656797,58.47745236537309,51.86511506734313,57.05554375869413,60.495893886224756,65.94299201275048,69.78394475914037,50.20668948058467,53.32063906270704,54.494689478049466,55.630643702479304,56.01831495496004,57.122341675651185,58.07620854267196,58.55726779058223,63.68922084836923,69.93491400445687,98.69176321023288
83,108.11860950118877,108.05059479689625,103.16136162593784,97.37985965845569,93.86458527371703,92.02580660296843,80.05816665183352,73.04204592881284,72.68268538562536,67.58035699556658,61.12659894308274,55.10166367372093,48.95677954137145,42.184002119958606,36.80839127094804,28.38835148481875,23.146287959831657,53.06672178021599,55.77441267837999,58.406489804909505,62.66610422407939,68.0065601971214,68.96176174653388,75.24667614531451,81.87972257964617,88.97207345929108,94.01572194030163,96.82140866550814,99.63355819922786,105.84087001675402,109.21371006632651,113.11244691305006,115.44762506471216,119.01182946401364,125.46264840427231,128.84609191643563,129.80613879029127,67.06297129052565,73.05790423427074,80.91003910320926,83.96780364613926,91.77962993709068,97.48182907426575,98.91943159234924,101.2402840219535,104.63629035292523,110.198653250112,112.87609437925005,117.01056290615892,119.04054369424534,122.77344136227752,123.30395903399074,127.08884740750987,128.93074126981574,129.21546394190213,107.9020030943852,111.23502619661537,112.9808612403695,99.88798279078418,105.14706541040522,112.5377402781017,81.45128064520006,85.59589172466215,87.88951593102203,90.3031530205614,97.20713288727595,103.3767641566469,108.20432358144947,108.91034411939437,103.68716274831826,104.28695437880337,105.19870269933925,92.77558726549385,94.46151757247576,96.41741838795694,99.07391194149702,102.39523170930016,104.73627955161352,93.11720124360109,97.84646598560909,103.17610668644437,18.447649859275295,4.532797039356604,0.0,3.267079123620972,9.900978806311402,14.865370813395444,20.615359856863265,27.76240106284494,32.25007696468994,37.83642478773139,39.20212973390389,41.21566716837089,48.118475365039835,50.98544501957056,54.157213453741,90.88857270881373,97.70658202238907,98.72717645702018,93.30199412831033,94.82028593162086,97.80341465831034,47.8214654547251,51.45487776273528,81.68528500127091,84.42122012477073,86.41936526464418,96.82308349420039,90.07403407087759,93.0096685849137,14.983095067480996,17.45784131709931,20.350897486619708,25.850624479844004,30.057863122944724,34.20824274413603,36.45347079491393,42.34716683390338,83.33317161615969,85.0077909758949,85.80321601950367,27.461039443288584,32.252288236661784,35.129192823192234,37.4701614261427,38.4835389471091,39.29242089152378,70.84539893695043,72.18791411377337,72.93185631582944,73.49676692822753,76.19312984890419,78.55758708049032,66.78903849471726,70.34809918540516,16.06507614493286,18.480900020963563,60.892139468748645,7.626834854251589,9.199902557816808,13.028383849399683,17.434941916644426,26.986230888931203,29.387843888562905,31.10207870328348,26.447536511516315,27.36361783978363,31.44264027169058,39.012503744699856,62.63885121284983,67.63673966698725,69.89885504865988,72.51940193814688,75.4866597631429,77.52982617829363,78.746316211134,80.35568441014875,85.94627230410053,90.63050607281875,96.36952794069832,100.82331756303118,26.668034096036973,60.89764650668377,67.03881984734106,72.91028951004053,76.13102731371222,77.78181046119103,83.61480300361725,90.41083405122144,93.14814093938722,93.68797239456558,91.66036239995505,93.24536744726562,71.6503624309024,76.30628886932476,81.18145091791351,58.65663554421443,64.9773589996426,70.52977487023443,73.5818859429184,79.70463124221023,80.2662405370051,55.385208431854736,61.56731179559753,62.53080180592458,63.0102494047297,56.397912106699735,61.58834079805072,65.02869092558136,70.47578905210709,74.31674179849698,54.73948651994127,57.85343610206364,59.02748651740607,60.163440741835906,60.55111199431664,61.65513871500779,62.60900558202856,63.09006482993883,68.22201788772583,74.46771104381347,103.22456024958947
84,111.38568862480976,111.31767392051724,106.42844074955883,100.64693878207667,97.13166439733801,95.29288572658942,83.3252457754545,76.30912505243383,75.94976450924635,70.84743611918756,64.39367806670371,58.368742797341895,52.22385866499242,45.45108124357957,40.07547039456901,31.65543060843972,26.413367083452627,56.33380090383696,59.041491802000955,61.67356892853047,65.93318334770035,71.27363932074236,72.22884087015484,78.51375526893547,85.14680170326713,92.23915258291204,97.28280106392259,100.0884877891291,102.90063732284882,109.10794914037498,112.48078918994747,116.37952603667102,118.71470418833312,122.2789085876346,128.72972752789326,132.11317104005659,133.07321791391223,70.33005041414661,76.3249833578917,84.17711822683022,87.23488276976022,95.04670906071163,100.7489081978867,102.1865107159702,104.50736314557446,107.90336947654619,113.46573237373296,116.14317350287101,120.27764202977988,122.3076228178663,126.04052048589848,126.5710381576117,130.35592653113082,132.1978203934367,132.4825430655231,111.16908221800615,114.50210532023632,116.24794036399047,103.15506191440514,108.41414453402618,115.80481940172265,84.71835976882102,88.86297084828311,91.15659505464299,93.57023214418236,100.4742120108969,106.64384328026786,111.47140270507043,112.17742324301533,106.95424187193922,107.55403350242433,108.46578182296021,96.04266638911481,97.72859669609672,99.6844975115779,102.34099106511798,105.66231083292112,108.00335867523448,96.38428036722205,101.11354510923005,106.44318581006533,21.714728982896265,7.799876162977576,3.267079123620972,0.0,6.63389968269043,11.598291689774474,17.34828073324229,24.495321939223967,28.98299784106896,34.56934566411041,35.93505061028291,37.94858804474991,44.851396241418854,47.71836589594958,50.89013433012002,94.15565183243469,100.97366114601003,101.99425558064114,96.56907325193129,98.08736505524182,101.0704937819313,44.55438633110412,48.1877986391143,84.95236412489187,87.68829924839169,89.68644438826514,100.09016261782135,93.34111319449855,96.27674770853466,11.716015943860025,14.190762193478339,17.083818362998734,22.58354535622303,26.79078399932375,30.941163620515052,33.18639167129296,39.080087710282406,86.60025073978065,88.27487009951587,89.07029514312462,24.19396031966761,28.985209113040806,31.862113699571257,34.20308230252173,35.21645982348813,36.02534176790281,74.11247806057139,75.45499323739433,76.1989354394504,76.76384605184849,79.46020897252515,81.82466620411128,70.05611761833822,73.61517830902612,12.797997021311888,15.213820897342591,64.15921859236961,10.893913977872561,12.46698168143778,16.295462973020655,20.7020210402654,30.25331001255217,32.65492301218387,34.36915782690445,29.714615635137285,30.6306969634046,34.709719395311545,42.27958286832082,65.9059303364708,70.90381879060823,73.16593417228086,75.78648106176786,78.75373888676387,80.7969053019146,82.01339533475497,83.62276353376973,89.2133514277215,93.89758519643972,99.63660706431929,104.09039668665216,29.935113219657943,64.16472563030474,70.30589897096203,76.1773686336615,79.3981064373332,81.048889584812,86.88188212723823,93.67791317484242,96.41522006300819,96.95505151818655,94.92744152357602,96.5124465708866,74.91744155452338,79.57336799294573,84.44853004153448,61.9237146678354,68.24443812326356,73.7968539938554,76.84896506653936,82.97171036583119,83.53331966062606,58.6522875554757,64.83439091921849,65.79788092954554,66.27732852835065,59.6649912303207,64.8554199216717,68.29577004920233,73.74286817572806,77.58382092211795,58.00656564356224,61.120515225684606,62.294565641027035,63.43051986545687,63.81819111793761,64.92221783862875,65.87608470564952,66.3571439535598,71.4890970113468,77.73479016743444,106.49163937321046
85,118.0195883075002,117.95157360320768,113.06234043224927,107.28083846476711,103.76556408002845,101.92678540927986,89.95914545814495,82.94302473512427,82.58366419193679,77.481335801878,71.02757774939415,65.00264248003234,58.85775834768286,52.08498092627001,46.70937007725945,38.289330291130156,33.04726676614306,62.9677005865274,65.6753914846914,68.30746861122091,72.56708303039079,77.9075390034328,78.86274055284528,85.14765495162591,91.78070138595757,98.87305226560248,103.91670074661303,106.72238747181954,109.53453700553926,115.74184882306542,119.11468887263791,123.01342571936146,125.34860387102356,128.91280827032503,135.3636272105837,138.74707072274703,139.70711759660267,76.96395009683705,82.95888304058214,90.81101790952066,93.86878245245066,101.68060874340208,107.38280788057715,108.82041039866064,111.1412628282649,114.53726915923663,120.0996320564234,122.77707318556145,126.91154171247032,128.94152250055674,132.67442016858894,133.20493784030214,136.98982621382126,138.83172007612714,139.11644274821353,117.8029819006966,121.13600500292677,122.8818400466809,109.78896159709558,115.04804421671662,122.4387190844131,91.35225945151146,95.49687053097355,97.79049473733343,100.2041318268728,107.10811169358735,113.2777429629583,118.10530238776087,118.81132292570577,113.58814155462966,114.18793318511477,115.09968150565065,102.67656607180525,104.36249637878716,106.31839719426834,108.97489074780842,112.29621051561156,114.63725835792492,103.01818004991249,107.74744479192049,113.07708549275577,28.348628665586695,14.433775845668006,9.900978806311402,6.63389968269043,0.0,4.964392007084043,10.71438105055186,17.861422256533537,22.34909815837853,27.93544598141998,29.30115092759248,31.31468836205949,38.217496558728435,41.08446621325916,44.2562346474296,100.78955151512513,107.60756082870047,108.62815526333158,103.20297293462173,104.72126473793226,107.70439346462175,37.9204866484137,41.55389895642388,91.58626380758231,94.32219893108213,96.32034407095558,106.72406230051179,99.97501287718899,102.9106473912251,5.082116261169595,7.556862510787909,10.449918680308306,15.9496456735326,20.15688431663332,24.307263937824622,26.552491988602526,32.44618802759197,93.23415042247109,94.9087697822063,95.70419482581507,17.56006063697718,22.351309430350376,25.228214016880827,27.569182619831295,28.582560140797696,29.391442085212372,80.74637774326183,82.08889292008477,82.83283512214084,83.39774573453893,86.09410865521559,88.45856588680172,76.69001730102866,80.24907799171656,6.164097338621458,8.579921214652162,70.79311827506005,17.52781366056299,19.10088136412821,22.929362655711085,27.33592072295583,36.8872096952426,39.288822694874305,41.00305750959488,36.34851531782772,37.264596646095036,41.343619078001986,48.91348255101126,72.53983001916124,77.53771847329867,79.7998338549713,82.4203807444583,85.38763856945431,87.43080498460505,88.64729501744542,90.25666321646017,95.84725111041195,100.53148487913016,106.27050674700973,110.7242963693426,36.569012902348376,70.79862531299518,76.93979865365247,82.81126831635194,86.03200612002364,87.68278926750244,93.51578180992867,100.31181285753286,103.04911974569863,103.58895120087699,101.56134120626646,103.14634625357704,81.55134123721382,86.20726767563617,91.08242972422492,68.55761435052584,74.878337805954,80.43075367654583,83.4828647492298,89.60561004852163,90.1672193433165,65.28618723816614,71.46829060190893,72.43178061223598,72.91122821104109,66.29889091301114,71.48931960436212,74.92966973189276,80.37676785841849,84.21772060480838,64.64046532625268,67.75441490837505,68.92846532371748,70.06441954814731,70.45209080062806,71.55611752131921,72.50998438833997,72.99104363625025,78.12299669403724,84.36868985012488,113.1255390559009
86,122.98398031458423,122.9159656102917,118.0267324393333,112.24523047185114,108.72995608711248,106.89117741636389,94.92353746522897,87.9074167422083,87.54805619902082,82.44572780896203,75.9919697564782,69.96703448711638,63.822150354766904,57.04937293335406,51.673762084343494,43.2537222982142,38.011658773227104,67.93209259361144,70.63978349177545,73.27186061830496,77.53147503747483,82.87193101051685,83.82713255992932,90.11204695870995,96.74509339304161,103.83744427268653,108.88109275369708,111.68677947890359,114.49892901262331,120.70624083014947,124.07908087972196,127.97781772644551,130.31299587810759,133.87720027740906,140.32801921766773,143.71146272983106,144.6715096036867,81.9283421039211,87.92327504766618,95.7754099166047,98.8331744595347,106.64500075048612,112.34719988766119,113.78480240574468,116.10565483534894,119.50166116632067,125.06402406350745,127.74146519264549,131.87593371955435,133.90591450764077,137.63881217567297,138.16932984738617,141.9542182209053,143.79611208321117,144.08083475529756,122.76737390778064,126.10039701001081,127.84623205376495,114.75335360417961,120.01243622380065,127.40311109149712,96.3166514585955,100.4612625380576,102.75488674441749,105.16852383395685,112.0725037006714,118.24213497004236,123.06969439484493,123.77571493278982,118.55253356171372,119.15232519219883,120.06407351273471,107.6409580788893,109.3268883858712,111.28278920135239,113.93928275489246,117.26060252269562,119.60165036500898,107.98257205699653,112.71183679900453,118.04147749983981,33.31302067267074,19.39816785275205,14.865370813395446,11.598291689774474,4.964392007084043,0.0,5.749989043467819,12.897030249449497,17.38470615129449,22.971053974335938,24.336758920508437,26.350296354975445,33.25310455164439,36.12007420617512,39.29184264034556,105.75394352220917,112.57195283578451,113.59254727041562,108.16736494170577,109.6856567450163,112.66878547170579,32.956094641329656,36.589506949339835,96.55065581466636,99.28659093816617,101.28473607803963,111.68845430759583,104.93940488427303,107.87503939830914,0.11772425408555241,2.5924705037038653,5.485526673224262,10.985253666448557,15.192492309549277,19.34287193074058,21.588099981518482,27.48179602050793,98.19854242955513,99.87316178929035,100.66858683289911,12.59566862989314,17.386917423266336,20.263822009796787,22.604790612747255,23.618168133713656,24.42705007812833,85.71076975034588,87.05328492716882,87.79722712922488,88.36213774162297,91.05850066229964,93.42295789388577,81.6544093081127,85.2134699988006,11.1284893457055,13.544313221736203,75.7575102821441,22.492205667647035,24.065273371212253,27.89375466279513,32.30031273003987,41.85160170232665,44.25321470195835,45.967449516678926,41.31290732491176,42.22898865317908,46.30801108508603,53.87787455809531,77.50422202624529,82.50211048038271,84.76422586205534,87.38477275154234,90.35203057653835,92.39519699168909,93.61168702452946,95.22105522354421,100.81164311749599,105.4958768862142,111.23489875409378,115.68868837642664,41.53340490943242,75.76301732007923,81.90419066073652,87.77566032343599,90.99639812710768,92.64718127458649,98.48017381701271,105.2762048646169,108.01351175278268,108.55334320796103,106.5257332133505,108.11073826066108,86.51573324429786,91.17165968272022,96.04682173130897,73.52200635760988,79.84272981303805,85.39514568362988,88.44725675631383,94.57000205560566,95.13161135040053,70.25057924525018,76.43268260899298,77.39617261932003,77.87562021812514,71.26328292009518,76.45371161144617,79.8940617389768,85.34115986550253,89.18211261189242,69.60485733333672,72.71880691545908,73.89285733080152,75.02881155523136,75.4164828077121,76.52050952840325,77.47437639542402,77.9554356433343,83.08738870112128,89.33308185720892,118.08993106298493
87,128.73396935805204,128.6659546537595,123.77672148280112,117.99521951531896,114.4799451305803,112.64116645983171,100.6735265086968,93.65740578567612,93.29804524248864,88.19571685242985,81.741958799946,75.71702353058419,69.57213939823471,62.799361976821864,57.4237511278113,49.003711341682006,43.76164781669492,73.68208163707925,76.38977253524325,79.02184966177276,83.28146408094264,88.62192005398465,89.57712160339713,95.86203600217776,102.49508243650942,109.58743331615433,114.63108179716488,117.4367685223714,120.24891805609111,126.45622987361727,129.82906992318976,133.72780676991331,136.0629849215754,139.62718932087688,146.07800826113555,149.46145177329888,150.42149864715452,87.6783311473889,93.67326409113399,101.52539896007251,104.58316350300251,112.39498979395393,118.097188931129,119.53479144921249,121.85564387881675,125.25165020978848,130.81401310697524,133.49145423611327,137.62592276302215,139.65590355110857,143.38880121914076,143.91931889085396,147.70420726437308,149.54610112667896,149.83082379876535,128.51736295124843,131.8503860534786,133.59622109723273,120.50334264764743,125.76242526726847,133.15310013496494,102.06664050206331,106.2112515815254,108.50487578788528,110.91851287742465,117.8224927441392,123.99212401351015,128.81968343831272,129.52570397625763,124.30252260518151,124.90231423566662,125.8140625562025,113.3909471223571,115.076877429339,117.0327782448202,119.68927179836027,123.01059156616341,125.35163940847677,113.73256110046434,118.46182584247234,123.79146654330762,39.06300971613855,25.148156896219866,20.615359856863265,17.34828073324229,10.71438105055186,5.749989043467819,0.0,7.147041205981677,11.634717107826672,17.22106493086812,18.58676987704062,20.600307311507628,27.50311550817657,30.3700851627073,33.541853596877736,111.50393256567698,118.32194187925232,119.34253631388343,113.91735398517358,115.43564578848411,118.4187745151736,27.206105597861836,30.83951790587201,102.30064485813416,105.03657998163398,107.03472512150744,117.43844335106364,110.68939392774084,113.62502844177695,5.8677132975533715,8.342459547171684,11.235515716692081,16.735242709916378,20.942481353017097,25.0928609742084,27.338089024986303,33.23178506397575,103.94853147302294,105.62315083275816,106.41857587636692,6.84567958642532,11.636928379798515,14.513832966328968,16.854801569279438,17.86817909024584,18.677061034660515,91.46075879381368,92.80327397063662,93.54721617269269,94.11212678509078,96.80848970576744,99.17294693735357,87.40439835158051,90.96345904226841,16.878478389173317,19.29430226520402,81.5074993256119,28.242194711114852,29.81526241468007,33.643743706262946,38.05030177350769,47.60159074579446,50.00320374542616,51.71743856014674,47.062896368379576,47.97897769664689,52.05800012855384,59.62786360156312,83.2542110697131,88.25209952385052,90.51421490552315,93.13476179501015,96.10201962000616,98.1451860351569,99.36167606799727,100.97104426701202,106.5616321609638,111.24586592968201,116.98488779756158,121.43867741989445,47.28339395290023,81.51300636354703,87.65417970420432,93.52564936690379,96.74638717057549,98.3971703180543,104.23016286048052,111.02619390808471,113.76350079625048,114.30333225142884,112.27572225681831,113.86072730412889,92.26572228776567,96.92164872618802,101.79681077477677,79.27199540107769,85.59271885650585,91.14513472709768,94.19724579978165,100.31999109907348,100.88160039386835,76.00056828871799,82.18267165246078,83.14616166278783,83.62560926159294,77.01327196356299,82.20370065491397,85.64405078244461,91.09114890897034,94.93210165536023,75.35484637680453,78.4687959589269,79.64284637426933,80.77880059869916,81.1664718511799,82.27049857187106,83.22436543889182,83.7054246868021,88.83737774458909,95.08307090067673,123.83992010645275
88,135.88101056403372,135.8129958597412,130.9237626887828,125.14226072130064,121.62698633656198,119.78820766581339,107.82056771467848,100.8044469916578,100.44508644847032,95.34275805841153,88.88900000592768,82.86406473656587,76.71918060421639,69.94640318280355,64.57079233379298,56.150752547663686,50.9086890226766,80.82912284306093,83.53681374122493,86.16889086775444,90.42850528692432,95.76896125996633,96.72416280937881,103.00907720815944,109.6421236424911,116.73447452213601,121.77812300314656,124.58380972835307,127.3959592620728,133.60327107959895,136.97611112917144,140.874847975895,143.2100261275571,146.77423052685856,153.22504946711723,156.60849297928056,157.5685398531362,94.82537235337058,100.82030529711567,108.67244016605419,111.73020470898419,119.5420309999356,125.24423013711068,126.68183265519417,129.00268508479843,132.39869141577014,137.96105431295692,140.63849544209495,144.77296396900383,146.80294475709024,150.53584242512244,151.06636009683564,154.85124847035476,156.69314233266064,156.97786500474703,135.6644041572301,138.99742725946027,140.7432623032144,127.65038385362911,132.90946647325015,140.30014134094662,109.21368170804499,113.35829278750708,115.65191699386696,118.06555408340633,124.96953395012088,131.13916521949184,135.96672464429443,136.67274518223934,131.4495638111632,132.0493554416483,132.96110376218417,120.53798832833878,122.22391863532069,124.17981945080187,126.83631300434195,130.1576327721451,132.49868061445844,120.87960230644602,125.60886704845402,130.9385077492893,46.21005092212023,32.295198102201546,27.762401062844944,24.49532193922397,17.86142225653354,12.897030249449497,7.147041205981677,0.0,4.487675901844995,10.074023724886445,11.439728671058946,13.453266105525952,20.356074302194898,23.22304395672563,26.394812390896067,118.65097377165866,125.468983085234,126.48957751986511,121.06439519115526,122.58268699446579,125.56581572115527,20.05906439188016,23.692476699890335,109.44768606411584,112.18362118761566,114.18176632748911,124.58548455704532,117.83643513372252,120.77206964775863,13.014754503535048,15.489500753153362,18.382556922673757,23.882283915898054,28.089522558998773,32.23990218019007,34.485130230967975,40.37882626995742,111.09557267900462,112.77019203873984,113.5656170823486,13.992720792406997,18.78396958578019,21.660874172310642,24.00184277526111,25.01522029622751,25.824102240642187,98.60779999979536,99.9503151766183,100.69425737867437,101.25916799107246,103.95553091174912,106.31998814333525,94.55143955756219,98.11050024825009,24.025519595154996,26.4413434711857,88.65454053159358,35.38923591709653,36.96230362066174,40.79078491224462,45.19734297948936,54.74863195177614,57.15024495140784,58.86447976612842,54.209937574361255,55.12601890262857,59.20504133453552,66.7749048075448,90.40125227569477,95.3991407298322,97.66125611150483,100.28180300099183,103.24906082598784,105.29222724113858,106.50871727397895,108.1180854729937,113.70867336694548,118.39290713566369,124.13192900354326,128.58571862587613,54.430435158881906,88.66004756952871,94.801220910186,100.67269057288547,103.89342837655717,105.54421152403597,111.3772040664622,118.17323511406639,120.91054200223216,121.45037345741052,119.42276346279999,121.00776851011057,99.41276349374735,104.0686899321697,108.94385198075845,86.41903660705937,92.73976006248753,98.29217593307936,101.34428700576333,107.46703230505516,108.02864159985003,83.14760949469967,89.32971285844246,90.29320286876951,90.77265046757462,84.16031316954466,89.35074186089565,92.79109198842629,98.23819011495202,102.07914286134191,82.50188758278621,85.61583716490858,86.789887580251,87.92584180468084,88.31351305716159,89.41753977785274,90.3714066448735,90.85246589278378,95.98441895057077,102.23011210665841,130.98696131243443
89,140.36868646587868,140.30067176158616,135.41143859062777,129.62993662314562,126.11466223840698,124.27588356765838,112.30824361652347,105.29212289350279,104.93276235031531,99.83043396025653,93.37667590777268,87.35174063841086,81.20685650606138,74.43407908464854,69.05846823563797,60.63842844950868,55.39636492452159,85.31679874490592,88.02448964306993,90.65656676959944,94.91618118876931,100.25663716181133,101.2118387112238,107.49675311000443,114.1297995443361,121.222150423981,126.26579890499156,129.07148563019805,131.88363516391777,138.09094698144395,141.46378703101644,145.36252387774,147.69770202940208,151.26190642870355,157.71272536896223,161.09616888112555,162.0562157549812,99.31304825521558,105.30798119896066,113.16011606789918,116.21788061082918,124.0297069017806,129.73190603895566,131.16950855703917,133.49036098664342,136.88636731761514,142.4487302148019,145.12617134393994,149.26063987084882,151.29062065893524,155.0235183269674,155.5540359986806,159.33892437219973,161.1808182345056,161.465540906592,140.1520800590751,143.48510316130526,145.2309382050594,132.1380597554741,137.39714237509514,144.78781724279162,113.70135760988998,117.84596868935208,120.13959289571196,122.55322998525132,129.45720985196587,135.62684112133684,140.45440054613942,141.16042108408433,135.93723971300818,136.53703134349328,137.44877966402916,125.02566423018378,126.71159453716568,128.66749535264688,131.32398890618697,134.64530867399012,136.98635651630346,125.36727820829101,130.096542950299,135.4261836511343,50.697726823965226,36.78287400404654,32.25007696468994,28.982997841068965,22.349098158378535,17.38470615129449,11.634717107826672,4.487675901844995,0.0,5.586347823041448,6.952052769213949,8.965590203680955,15.8683984003499,18.73536805488063,21.90713648905107,123.13864967350365,129.956658987079,130.97725342171012,125.55207109300025,127.07036289631078,130.05349162300027,15.571388490035163,19.20480079804534,113.93536196596084,116.67129708946065,118.66944222933411,129.0731604588903,122.32411103556751,125.25974554960362,17.502430405380043,19.977176654998356,22.87023282451875,28.369959817743048,32.57719846084377,36.727578082035066,38.97280613281297,44.866502171802416,115.58324858084961,117.25786794058483,118.05329298419359,18.480396694251993,23.27164548762519,26.14855007415564,28.48951867710611,29.50289619807251,30.311778142487185,103.09547590164036,104.4379910784633,105.18193328051936,105.74684389291745,108.44320681359412,110.80766404518025,99.03911545940718,102.59817615009509,28.51319549699999,30.929019373030695,93.14221643343858,39.87691181894152,41.44997952250674,45.27846081408961,49.68501888133436,59.236307853621135,61.63792085325284,63.35215566797341,58.69761347620625,59.61369480447357,63.69271723638052,71.2625807093898,94.88892817753977,99.88681663167719,102.14893201334982,104.76947890283682,107.73673672783283,109.77990314298357,110.99639317582394,112.60576137483869,118.19634926879047,122.88058303750869,128.61960490538826,133.07339452772112,58.9181110607269,93.14772347137371,99.288896812031,105.16036647473047,108.38110427840216,110.03188742588097,115.86487996830719,122.66091101591138,125.39821790407716,125.93804935925552,123.91043936464499,125.49544441195556,103.90043939559234,108.5563658340147,113.43152788260345,90.90671250890436,97.22743596433253,102.77985183492436,105.83196290760833,111.95470820690015,112.51631750169503,87.63528539654466,93.81738876028746,94.7808787706145,95.26032636941962,88.64798907138966,93.83841776274065,97.27876789027128,102.72586601679701,106.5668187631869,86.9895634846312,90.10351306675358,91.277563482096,92.41351770652584,92.80118895900658,93.90521567969773,94.8590825467185,95.34014179462878,100.47209485241576,106.7177880085034,135.47463721427943
90,145.95503428892016,145.88701958462764,140.99778641366925,135.2162844461871,131.70101006144844,129.86223139069983,117.89459143956492,110.87847071654424,110.51911017335676,105.41678178329798,98.96302373081413,92.93808846145231,86.79320432910284,80.02042690769,74.64481605867942,66.22477627255013,60.98271274756304,90.90314656794737,93.61083746611138,96.24291459264089,100.50252901181076,105.84298498485278,106.79818653426526,113.08310093304588,119.71614736737754,126.80849824702246,131.852146728033,134.6578334532395,137.46998298695922,143.6772948044854,147.0501348540579,150.94887170078144,153.28404985244353,156.848254251745,163.29907319200368,166.682516704167,167.64256357802265,104.89939607825703,110.89432902200211,118.74646389094063,121.80422843387063,129.61605472482205,135.3182538619971,136.75585638008062,139.07670880968487,142.4727151406566,148.03507803784336,150.7125191669814,154.84698769389027,156.8769684819767,160.60986615000888,161.14038382172208,164.9252721952412,166.7671660575471,167.05188872963348,145.73842788211655,149.0714509843467,150.81728602810085,137.72440757851555,142.9834901981366,150.37416506583307,119.28770543293143,123.43231651239353,125.7259407187534,128.13957780829278,135.04355767500735,141.21318894437832,146.0407483691809,146.7467689071258,141.52358753604966,142.12337916653476,143.03512748707064,130.61201205322524,132.29794236020714,134.25384317568833,136.91033672922842,140.23165649703157,142.5727043393449,130.95362603133248,135.6828907733405,141.01253147417577,56.284074647006676,42.36922182708799,37.83642478773139,34.569345664110415,27.93544598141998,22.971053974335938,17.22106493086812,10.074023724886445,5.586347823041448,0.0,1.3657049461725006,3.379242380639507,10.282050577308452,13.149020231839181,16.32078866600962,128.7249974965451,135.54300681012043,136.56360124475154,131.1384189160417,132.65671071935222,135.6398394460417,9.985040666993715,13.61845297500389,119.52170978900229,122.2576449125021,124.25579005237556,134.65950828193178,127.91045885860896,130.84609337264507,23.08877822842149,25.563524478039803,28.4565806475602,33.956307640784495,38.16354628388521,42.313925905076516,44.55915395585442,50.45284999484387,121.16959640389106,122.84421576362628,123.63964080723504,24.06674451729344,28.857993310666636,31.734897897197087,34.075866500147555,35.089244021113956,35.898125965528635,108.6818237246818,110.02433890150475,110.76828110356081,111.3331917159589,114.02955463663557,116.3940118682217,104.62546328244864,108.18452397313654,34.09954332004144,36.51536719607215,98.72856425648003,45.46325964198297,47.03632734554819,50.86480863713106,55.27136670437581,64.82265567666258,67.22426867629427,68.93850349101484,64.2839612992477,65.200042627515,69.27906505942195,76.84892853243123,100.47527600058122,105.47316445471864,107.73527983639127,110.35582672587827,113.32308455087428,115.36625096602502,116.58274099886539,118.19210919788014,123.78269709183192,128.46693086055012,134.20595272842968,138.65974235076254,64.50445888376835,98.73407129441516,104.87524463507245,110.74671429777192,113.96745210144361,115.61823524892242,121.45122779134864,128.24725883895283,130.98456572711862,131.52439718229698,129.49678718768644,131.081792234997,109.4867872186338,114.14271365705615,119.0178757056449,96.49306033194581,102.81378378737398,108.36619965796581,111.41831073064978,117.5410560299416,118.10266532473648,93.22163321958611,99.40373658332891,100.36722659365596,100.84667419246107,94.23433689443111,99.4247655857821,102.86511571331273,108.31221383983846,112.15316658622835,92.57591130767265,95.68986088979503,96.86391130513745,97.99986552956729,98.38753678204803,99.49156350273918,100.44543036975995,100.92648961767023,106.05844267545721,112.30413583154485,141.0609850373209
91,147.32073923509265,147.25272453080012,142.36349135984173,136.5819893923596,133.06671500762093,131.22793633687232,119.2602963857374,112.24417566271673,111.88481511952925,106.78248672947046,100.32872867698661,94.3037934076248,88.15890927527532,81.38613185386248,76.01052100485192,67.59048121872263,62.34841769373554,92.26885151411987,94.97654241228388,97.60861953881339,101.86823395798326,107.20868993102528,108.16389148043775,114.44880587921838,121.08185231355004,128.17420319319496,133.2178516742055,136.023538399412,138.8356879331317,145.04299975065788,148.41583980023037,152.31457664695392,154.64975479861602,158.2139591979175,164.66477813817616,168.04822165033949,169.00826852419513,106.26510102442953,112.26003396817461,120.11216883711313,123.16993338004313,130.98175967099453,136.6839588081696,138.1215613262531,140.44241375585736,143.83842008682907,149.40078298401585,152.07822411315388,156.21269264006276,158.24267342814917,161.97557109618134,162.50608876789454,166.29097714141366,168.13287100371954,168.41759367580593,147.10413282828904,150.4371559305192,152.18299097427334,139.09011252468804,144.34919514430908,151.73987001200555,120.65341037910393,124.79802145856603,127.09164566492592,129.5052827544653,136.40926262117986,142.57889389055083,147.40645331535342,148.11247385329833,142.88929248222217,143.48908411270727,144.40083243324315,131.97771699939773,133.66364730637963,135.61954812186082,138.2760416754009,141.59736144320405,143.9384092855174,132.31933097750496,137.04859571951297,142.37823642034826,57.649779593179176,43.73492677326049,39.20212973390389,35.935050610282914,29.30115092759248,24.336758920508437,18.58676987704062,11.439728671058944,6.952052769213949,1.3657049461725006,0.0,2.0135374344670063,8.91634563113595,11.783315285666681,14.95508371983712,130.0907024427176,136.90871175629294,137.92930619092405,132.50412386221421,134.02241566552473,137.0055443922142,8.619335720821214,12.252748028831391,120.88741473517479,123.6233498586746,125.62149499854806,136.02521322810426,129.27616380478148,132.21179831881759,24.45448317459399,26.929229424212302,29.8222855937327,35.322012586956994,39.52925123005771,43.679630851249016,45.92485890202692,51.818554941016366,122.53530135006356,124.20992070979878,125.00534575340754,25.43244946346594,30.223698256839135,33.100602843369586,35.441571446320054,36.454948967286455,37.263830911701135,110.0475286708543,111.39004384767725,112.13398604973331,112.6988966621314,115.39525958280807,117.7597168143942,105.99116822862113,109.55022891930903,35.46524826621394,37.88107214224465,100.09426920265253,46.82896458815547,48.40203229172069,52.23051358330356,56.63707165054831,66.18836062283508,68.58997362246677,70.30420843718734,65.64966624542019,66.5657475736875,70.64477000559445,78.21463347860373,101.8409809467537,106.83886940089113,109.10098478256376,111.72153167205076,114.68878949704677,116.7319559121975,117.94844594503788,119.55781414405263,125.1484020380044,129.8326358067226,135.5716576746022,140.02544729693506,65.87016382994085,100.09977624058764,106.24094958124493,112.1124192439444,115.3331570476161,116.9839401950949,122.81693273752113,129.61296378512532,132.3502706732911,132.89010212846947,130.86249213385892,132.4474971811695,110.85249216480628,115.50841860322863,120.38358065181738,97.8587652781183,104.17948873354646,109.7319046041383,112.78401567682226,118.90676097611409,119.46837027090896,94.5873381657586,100.76944152950139,101.73293153982844,102.21237913863355,95.6000418406036,100.79047053195458,104.23082065948522,109.67791878601095,113.51887153240084,93.94161625384514,97.05556583596751,98.22961625130993,99.36557047573977,99.75324172822052,100.85726844891167,101.81113531593243,102.29219456384271,107.4241476216297,113.66984077771734,142.4266899834934
92,149.33427666955967,149.26626196526715,144.37702879430876,138.5955268268266,135.08025244208795,133.24147377133934,121.27383382020443,114.25771309718375,113.89835255399628,108.79602416393749,102.34226611145364,96.31733084209182,90.17244670974235,83.3996692883295,78.02405843931894,69.60401865318964,64.36195512820255,94.28238894858688,96.99007984675089,99.6221569732804,103.88177139245028,109.22222736549229,110.17742891490477,116.4623433136854,123.09538974801706,130.18774062766198,135.23138910867252,138.03707583387902,140.84922536759873,147.0565371851249,150.4293772346974,154.32811408142095,156.66329223308304,160.22749663238451,166.67831557264319,170.0617590848065,171.02180595866216,108.27863845889654,114.27357140264162,122.12570627158014,125.18347081451014,132.99529710546156,138.69749624263662,140.13509876072013,142.45595119032438,145.8519575212961,151.41432041848287,154.0917615476209,158.22623007452978,160.2562108626162,163.98910853064837,164.51962620236156,168.3045145758807,170.14640843818657,170.43113111027296,149.11767026275606,152.45069336498622,154.19652840874036,141.10364995915506,146.3627325787761,153.75340744647258,122.66694781357094,126.81155889303304,129.10518309939292,131.5188201889323,138.42280005564686,144.59243132501783,149.4199907498204,150.12601128776532,144.90282991668917,145.50262154717427,146.41436986771015,133.99125443386475,135.67718474084666,137.63308555632784,140.28957910986793,143.61089887767108,145.95194671998442,134.332868411972,139.06213315398,144.39177385481528,59.66331702764619,45.7484642077275,41.2156671683709,37.948588044749926,31.314688362059492,26.35029635497545,20.600307311507628,13.453266105525952,8.965590203680955,3.379242380639507,2.0135374344670063,0.0,6.9028081966689445,9.769777851199674,12.941546285370112,132.1042398771846,138.92224919075994,139.94284362539105,134.51766129668124,136.03595309999176,139.01908182668123,6.605798286354208,10.239210594364383,122.9009521696418,125.63688729314161,127.63503243301507,138.03875066257126,131.28970123924847,134.22533575328458,26.468020609061,28.942766858679313,31.835823028199712,37.335550021424005,41.54278866452472,45.69316828571603,47.93839633649393,53.83209237548338,124.54883878453057,126.22345814426579,127.01888318787455,27.445986897932947,32.23723569130614,35.11414027783659,37.45510888078706,38.46848640175346,39.27736834616814,112.06106610532132,113.40358128214426,114.14752348420032,114.71243409659841,117.40879701727508,119.7732542488612,108.00470566308815,111.56376635377605,37.47878570068095,39.89460957671166,102.10780663711954,48.84250202262248,50.4155697261877,54.24405101777057,58.65060908501532,68.20189805730209,70.60351105693378,72.31774587165435,67.6632036798872,68.57928500815451,72.65830744006146,80.22817091307074,103.85451838122073,108.85240683535815,111.11452221703078,113.73506910651778,116.7023269315138,118.74549334666453,119.9619833795049,121.57135157851965,127.16193947247143,131.84617324118963,137.58519510906922,142.03898473140208,67.88370126440786,102.11331367505467,108.25448701571196,114.12595667841143,117.34669448208312,118.99747762956193,124.83047017198815,131.62650121959234,134.36380810775813,134.9036395629365,132.87602956832595,134.46103461563652,112.8660295992733,117.52195603769566,122.39711808628441,99.87230271258532,106.19302616801349,111.74544203860532,114.79755311128929,120.92029841058111,121.48190770537599,96.60087560022562,102.78297896396842,103.74646897429547,104.22591657310058,97.61357927507062,102.80400796642161,106.24435809395224,111.69145622047797,115.53240896686786,95.95515368831217,99.06910327043454,100.24315368577696,101.3791079102068,101.76677916268754,102.8708058833787,103.82467275039946,104.30573199830974,109.43768505609673,115.68337821218437,144.44022741796041
93,156.2370848662286,156.16907016193608,151.27983699097769,145.49833502349554,141.98306063875688,140.14428196800827,128.17664201687336,121.16052129385268,120.8011607506652,115.69883236060642,109.24507430812257,103.22013903876075,97.07525490641127,90.30247748499843,84.92686663598788,76.50682684985858,71.2647633248715,101.18519714525583,103.89288804341983,106.52496516994934,110.78457958911922,116.12503556216123,117.08023711157371,123.36515151035434,129.998197944686,137.09054882433094,142.13419730534147,144.93988403054797,147.7520335642677,153.95934538179387,157.33218543136636,161.2309222780899,163.566100429752,167.13030482905347,173.58112376931214,176.96456728147547,177.9246141553311,115.18144665556548,121.17637959931056,129.02851446824909,132.08627901117907,139.8981053021305,145.60030443930555,147.03790695738905,149.3587593869933,152.75476571796503,158.3171286151518,160.99456974428983,165.1290382711987,167.15901905928513,170.89191672731732,171.42243439903052,175.20732277254965,177.04921663485553,177.33393930694191,156.020478459425,159.35350156165515,161.0993366054093,148.006458155824,153.26554077544503,160.6562156431415,129.5697560102399,133.714367089702,136.00799129606187,138.42162838560125,145.32560825231582,151.49523952168678,156.32279894648937,157.02881948443428,151.80563811335813,152.40542974384323,153.3171780643791,140.89406263053368,142.57999293751558,144.53589375299677,147.19238730653686,150.51370707434,152.85475491665335,141.23567660864092,145.96494135064893,151.2945820514842,66.56612522431513,52.651272404396444,48.11847536503984,44.85139624141887,38.217496558728435,33.25310455164439,27.50311550817657,20.356074302194894,15.8683984003499,10.282050577308452,8.91634563113595,6.9028081966689445,0.0,2.86696965453073,6.038738088701168,139.00704807385355,145.8250573874289,146.84565182206,141.4204694933502,142.93876129666072,145.9218900233502,13.508606483023152,17.14201879103333,129.80376036631074,132.53969548981055,134.537840629684,144.94155885924022,138.1925094359174,141.1281439499535,33.37082880572994,35.845575055348256,38.738631224868655,44.23835821809295,48.445596861193664,52.59597648238497,54.84120453316287,60.73490057215232,131.4516469811995,133.12626634093473,133.9216913845435,34.34879509460189,39.14004388797508,42.01694847450553,44.357917077456,45.3712945984224,46.18017654283708,118.96387430199026,120.3063894788132,121.05033168086926,121.61524229326736,124.31160521394402,126.67606244553015,114.90751385975709,118.46657455044499,44.381593897349894,46.7974177733806,109.01061483378848,55.745310219291426,57.31837792285664,61.146859214439516,65.55341728168426,75.10470625397103,77.50631925360273,79.2205540683233,74.56601187655615,75.48209320482346,79.5611156367304,87.13097910973968,110.75732657788966,115.75521503202708,118.01733041369971,120.63787730318671,123.60513512818272,125.64830154333346,126.86479157617383,128.47415977518858,134.06474766914036,138.74898143785856,144.48800330573812,148.94179292807098,74.7865094610768,109.0161218717236,115.15729521238089,121.02876487508036,124.24950267875205,125.90028582623086,131.7332783686571,138.5293094162613,141.2666163044271,141.80644775960545,139.7788377649949,141.36384281230548,119.76883779594223,124.42476423436459,129.29992628295332,106.77511090925425,113.09583436468242,118.64825023527425,121.70036130795822,127.82310660725004,128.38471590204492,103.50368379689455,109.68578716063735,110.6492771709644,111.1287247697695,104.51638747173955,109.70681616309054,113.14716629062117,118.5942644171469,122.43521716353679,102.8579618849811,105.97191146710347,107.14596188244589,108.28191610687573,108.66958735935647,109.77361408004762,110.72748094706839,111.20854019497867,116.34049325276565,122.5861864088533,151.34303561462934
94,159.10405452075932,159.0360398164668,154.1468066455084,148.36530467802626,144.8500302932876,143.011251622539,131.04361167140408,124.0274909483834,123.66813040519592,118.56580201513714,112.11204396265329,106.08710869329147,99.942224560942,93.16944713952915,87.7938362905186,79.3737965043893,74.13173297940222,104.05216679978655,106.75985769795055,109.39193482448006,113.65154924364994,118.99200521669195,119.94720676610443,126.23212116488506,132.86516759921673,139.95751847886166,145.0011669598722,147.8068536850787,150.6190032187984,156.8263150363246,160.19915508589708,164.09789193262063,166.43307008428272,169.9972744835842,176.44809342384286,179.8315369360062,180.79158380986183,118.0484163100962,124.04334925384128,131.8954841227798,134.9532486657098,142.7650749566612,148.46727409383627,149.90487661191978,152.22572904152403,155.62173537249575,161.18409826968252,163.86153939882055,167.99600792572943,170.02598871381585,173.75888638184801,174.2894040535612,178.07429242708034,179.91618628938622,180.2009089614726,158.8874481139557,162.22047121618587,163.96630625994,150.8734278103547,156.13251042997575,163.52318529767223,132.43672566477062,136.58133674423271,138.8749609505926,141.28859804013197,148.19257790684654,154.3622091762175,159.1897686010201,159.895789138965,154.67260776788885,155.27239939837395,156.18414771890983,143.7610322850644,145.4469625920463,147.4028634075275,150.05935696106758,153.38067672887072,155.72172457118407,144.10264626317164,148.83191100517965,154.16155170601493,69.43309487884585,55.518242058927164,50.98544501957056,47.71836589594959,41.08446621325916,36.12007420617512,30.3700851627073,23.223043956725625,18.73536805488063,13.149020231839181,11.78331528566668,9.769777851199674,2.86696965453073,0.0,3.1717684341704375,141.87401772838427,148.69202704195962,149.71262147659073,144.28743914788092,145.80573095119144,148.7888596778809,16.37557613755388,20.008988445564057,132.67073002084146,135.40666514434128,137.40481028421473,147.80852851377094,141.05947909044812,143.99511360448423,36.23779846026067,38.71254470987898,41.60560087939938,47.105327872623675,51.3125665157244,55.462946136915704,57.70817418769361,63.601870226683054,134.31861663573022,135.99323599546545,136.7886610390742,37.215764749132624,42.00701354250582,44.88391812903627,47.224886731986736,48.23826425295314,49.047146197367816,121.83084395652098,123.17335913334392,123.91730133539998,124.48221194779808,127.17857486847474,129.54303210006086,117.77448351428781,121.33354420497571,47.24856355188062,49.66438742791133,111.8775844883192,58.612279873822146,60.18534757738736,64.01382886897024,68.42038693621498,77.97167590850175,80.37328890813345,82.08752372285402,77.43298153108687,78.34906285935418,82.42808529126113,89.9979487642704,113.62429623242038,118.6221846865578,120.88430006823043,123.50484695771743,126.47210478271344,128.51527119786417,129.73176123070454,131.3411294297193,136.93171732367108,141.61595109238928,147.35497296026887,151.80876258260173,77.65347911560752,111.88309152625432,118.02426486691161,123.89573452961108,127.11647233328277,128.76725548076158,134.60024802318782,141.396279070792,144.13358595895778,144.67341741413614,142.64580741952562,144.2308124668362,122.63580745047295,127.29173388889531,132.16689593748404,109.64208056378497,115.96280401921314,121.51521988980497,124.56733096248894,130.69007626178077,131.25168555657567,106.37065345142527,112.55275681516807,113.51624682549512,113.99569442430023,107.38335712627027,112.57378581762126,116.01413594515189,121.46123407167762,125.30218681806751,105.72493153951181,108.83888112163419,110.01293153697661,111.14888576140645,111.53655701388719,112.64058373457834,113.5944506015991,114.07550984950939,119.20746290729637,125.45315606338401,154.21000526916006
95,162.27582295492977,162.20780825063724,157.31857507967885,151.5370731121967,148.02179872745805,146.18302005670944,134.21538010557452,127.19925938255385,126.83989883936637,121.73757044930758,115.28381239682373,109.25887712746191,103.11399299511244,96.3412155736996,90.96560472468904,82.54556493855975,77.30350141357266,107.223935233957,109.931626132121,112.5637032586505,116.82331767782038,122.1637736508624,123.11897520027487,129.4038895990555,136.03693603338718,143.1292869130321,148.17293539404264,150.97862211924914,153.79077165296886,159.99808347049503,163.37092352006752,167.26966036679107,169.60483851845316,173.16904291775464,179.6198618580133,183.00330537017663,183.96335224403228,121.22018474426665,127.21511768801173,135.06725255695025,138.12501709988024,145.93684339083165,151.6390425280067,153.07664504609022,155.39749747569448,158.7935038066662,164.35586670385297,167.033307832991,171.16777635989988,173.1977571479863,176.9306548160185,177.4611724877317,181.2460608612508,183.0879547235567,183.37267739564308,162.05921654812616,165.39223965035632,167.13807469411046,154.04519624452516,159.3042788641462,166.69495373184267,135.60849409894107,139.75310517840316,142.04672938476304,144.46036647430242,151.36434634101698,157.53397761038795,162.36153703519054,163.06755757313545,157.8443762020593,158.4441678325444,159.35591615308027,146.93280071923485,148.61873102621675,150.57463184169794,153.23112539523802,156.55244516304117,158.89349300535451,147.27441469734208,152.0036794393501,157.33332014018538,72.6048633130163,58.69001049309761,54.15721345374101,50.890134330120034,44.25623464742961,39.291842640345564,33.54185359687774,26.394812390896064,21.90713648905107,16.32078866600962,14.955083719837118,12.941546285370112,6.038738088701168,3.1717684341704375,0.0,145.04578616255472,151.86379547613006,152.88438991076117,147.45920758205136,148.97749938536188,151.96062811205135,19.54734457172432,23.180756879734496,135.8424984550119,138.57843357851172,140.57657871838518,150.98029694794138,144.23124752461857,147.16688203865468,39.409566894431116,41.88431314404943,44.77736931356983,50.27709630679412,54.484334949894844,58.63471457108615,60.87994262186405,66.7736386608535,137.49038506990067,139.1650044296359,139.96042947324466,40.38753318330306,45.17878197667626,48.05568656320671,50.39665516615718,51.41003268712358,52.21891463153826,125.00261239069143,126.34512756751437,127.08906976957043,127.65398038196852,130.35034330264517,132.7148005342313,120.94625194845825,124.50531263914615,50.42033198605107,52.836155862081775,115.04935292248965,61.78404830799259,63.35711601155781,67.18559730314068,71.59215537038543,81.1434443426722,83.54505734230389,85.25929215702446,80.60474996525731,81.52083129352462,85.59985372543157,93.16971719844085,116.79606466659082,121.79395312072825,124.05606850240088,126.67661539188788,129.6438732168839,131.6870396320346,132.90352966487498,134.51289786388975,140.10348575784153,144.78771952655973,150.52674139443928,154.98053101677215,80.82524754977797,115.05485996042476,121.19603330108205,127.06750296378152,130.2882407674532,131.939023914932,137.77201645735823,144.5680475049624,147.3053543931282,147.84518584830656,145.81757585369604,147.40258090100662,125.8075758846434,130.46350232306577,135.33866437165452,112.81384899795542,119.13457245338358,124.68698832397541,127.73909939665938,133.86184469595122,134.4234539907461,109.54242188559572,115.72452524933851,116.68801525966556,117.16746285847067,110.55512556044071,115.7455542517917,119.18590437932234,124.63300250584807,128.47395525223794,108.89669997368226,112.01064955580463,113.18469997114705,114.32065419557689,114.70832544805764,115.81235216874879,116.76621903576955,117.24727828367983,122.37923134146682,128.62492449755445,157.3817737033305
96,152.7146062903392,152.64659158604667,147.75735841508828,141.97585644760613,138.46058206286747,136.62180339211886,124.65416344098395,117.63804271796327,117.2786821747758,112.17635378471701,105.72259573223316,99.69766046287134,93.55277633052187,86.77999890910903,81.40438806009847,72.98434827396918,67.74228474898209,37.82185092859775,35.11416003043375,32.482082903904235,28.22246848473435,22.882012511692334,21.926810962279852,15.641896563499223,22.274942997830884,29.367293877475795,34.41094235848634,37.21662908369285,40.02877861741256,46.23609043493873,49.60893048451121,53.50766733123476,55.84284548289684,59.40704988219832,65.857868822457,69.2413123346203,70.20135920847595,32.61933555118062,38.61426849492571,46.46640336386423,49.524167906794226,57.33599419774564,63.038193334920706,64.4757958530042,66.79664828260846,70.19265461358019,75.75501751076696,78.43245863990501,82.56692716681388,84.5969079549003,88.32980562293248,88.8603232946457,92.64521166816483,94.48710553047071,94.77182820255709,73.45836735504015,76.79139045727032,78.53722550102447,65.44434705143914,70.70342967106018,78.09410453875665,9.43729206361367,5.292680984151569,7.586305190511456,9.999942280050822,16.903922146765375,23.07355341613633,27.901112840938907,28.607133378883802,23.383952007807682,23.98374363829279,24.895491958828675,58.33195152614882,60.01788183313072,61.97378264861191,64.63027620215199,67.95159596995515,70.29264381226851,58.67356550425606,63.40283024626406,68.73247094709934,72.44092284953845,86.35577566945715,90.88857270881375,94.15565183243473,100.78955151512515,105.7539435222092,111.50393256567702,118.6509737716587,123.13864967350369,128.72499749654514,130.09070244271766,132.10423987718465,139.0070480738536,141.87401772838433,145.04578616255478,0.0,6.818009313575346,7.838603748206456,33.69721454649505,35.21550634980558,38.19863507649506,138.71003816353885,142.34345047154903,22.080505419455626,24.81644054295544,26.814585682828895,37.218303912385096,55.63039833153256,58.56603284556867,105.87166777629476,108.34641402591306,111.23947019543346,116.73919718865776,120.94643583175848,125.09681545294978,127.3420435037277,133.23573954271714,23.728392034344402,25.403011394079627,26.198436437688393,118.34961215210234,123.14086094547554,126.017765532006,128.35873413495648,129.37211165592288,130.18099360033756,36.4017631976054,37.74427837442834,38.4882205764844,39.053131188882496,41.74949410955916,44.11395134114529,32.34540275537222,35.90446344606012,106.95364885374661,109.36947272977731,45.6472686171304,89.44981348435213,91.02288118791735,94.85136247950022,99.25792054674497,80.97950387919435,83.38111687882605,85.09535169354662,71.04353330066674,71.95961462893405,76.038637060841,83.60850053385028,107.23484800200025,112.23273645613767,114.4948518378103,117.1153987272973,120.08265655229332,122.12582296744405,123.34231300028442,124.95168119929917,130.54226909325095,135.22650286196915,140.9655247298487,145.41931435218157,80.66130708630013,105.49364329583419,111.63481663649148,117.50628629919095,120.72702410286264,122.37780725034145,128.2107997927677,135.0068308403719,137.74413772853768,138.28396918371604,136.2563591891055,137.84136423641607,116.24635922005282,120.90228565847518,125.77744770706393,103.25263233336484,109.57335578879301,115.12577165938484,118.17788273206881,124.30062803136063,124.86223732615551,99.98120522100514,106.16330858474794,107.12679859507499,107.6062461938801,100.99390889585014,106.18433758720113,109.62468771473176,115.0717858412575,118.91273858764738,99.33548330909169,102.44943289121406,103.62348330655648,104.75943753098632,105.14710878346706,106.25113550415821,107.20500237117898,107.68606161908926,112.81801467687625,119.06370783296389,147.82055703873993
97,159.53261560391454,159.464600899622,154.57536772866362,148.79386576118148,145.27859137644282,143.4398127056942,131.4721727545593,124.45605203153862,124.09669148835114,118.99436309829235,112.5406050458085,106.51566977644669,100.37078564409721,93.59800822268437,88.22239737367381,79.80235758754452,74.56029406255743,44.63986024217309,41.9321693440091,39.30009221747958,35.040477798309695,29.70002182526768,28.744820275855197,22.459905877074572,29.092952311406233,36.18530319105115,41.22895167206169,44.0346383972682,46.846787930987915,53.05409974851408,56.426939798086565,60.32567664481011,62.660854796472194,66.22505919577368,72.67587813603235,76.05932164819566,77.01936852205131,39.437344864755964,45.432277808501055,53.284412677439576,56.34217722036957,64.15400351132098,69.85620264849605,71.29380516657955,73.6146575961838,77.01066392715553,82.5730268243423,85.25046795348035,89.38493648038923,91.41491726847565,95.14781493650783,95.67833260822104,99.46322098174018,101.30511484404606,101.58983751613243,80.2763766686155,83.60939977084567,85.35523481459981,72.26235636501448,77.52143898463552,84.912113852332,16.255301377189017,12.110690297726915,14.404314504086802,16.81795159362617,23.721931460340723,29.89156272971168,34.71912215451426,35.425142692459154,30.20196132138303,30.80175295186814,31.713501272404024,65.14996083972416,66.83589114670606,68.79179196218725,71.44828551572732,74.76960528353047,77.11065312584383,65.49157481783139,70.22083955983939,75.55048026067468,79.2589321631138,93.17378498303249,97.7065820223891,100.97366114601007,107.6075608287005,112.57195283578454,118.32194187925236,125.46898308523404,129.95665898707904,135.5430068101205,136.908711756293,138.92224919076,145.82505738742896,148.69202704195968,151.86379547613012,6.818009313575346,0.0,1.0205944346311102,40.5152238600704,42.03351566338093,45.01664439007041,145.5280474771142,149.16145978512438,28.89851473303097,31.634449856530786,33.632594996404244,44.03631322596045,62.448407645107906,65.38404215914402,112.6896770898701,115.16442333948841,118.0574795090088,123.5572065022331,127.76444514533382,131.91482476652513,134.16005281730304,140.0537488562925,30.546401347919748,32.22102070765497,33.01644575126374,125.16762146567768,129.95887025905088,132.83577484558134,135.17674344853182,136.19012096949822,136.9990029139129,43.21977251118074,44.562287688003686,45.30622989005975,45.87114050245784,48.567503423134504,50.93196065472063,39.163412068947565,42.722472759635465,113.77165816732196,116.18748204335266,52.465277930705746,96.26782279792748,97.8408905014927,101.66937179307557,106.07592986032031,87.7975131927697,90.1991261924014,91.91336100712196,77.86154261424208,78.7776239425094,82.85664637441634,90.42650984742562,114.0528573155756,119.05074576971302,121.31286115138565,123.93340804087265,126.90066586586866,128.94383228101938,130.16032231385975,131.76969051287452,137.3602784068263,142.0445121755445,147.78353404342408,152.23732366575695,87.47931639987547,112.31165260940953,118.45282595006682,124.32429561276629,127.54503341643799,129.1958165639168,135.02880910634303,141.8248401539472,144.562147042113,145.10197849729136,143.07436850268084,144.65937354999141,123.06436853362817,127.72029497205052,132.59545702063926,110.07064164694019,116.39136510236835,121.94378097296018,124.99589204564415,131.118637344936,131.68024663973088,106.79921453458049,112.98131789832328,113.94480790865033,114.42425550745544,107.81191820942549,113.00234690077647,116.44269702830711,121.88979515483284,125.73074790122273,106.15349262266703,109.2674422047894,110.44149262013183,111.57744684456166,111.9651180970424,113.06914481773356,114.02301168475432,114.5040709326646,119.63602399045159,125.88171714653923,154.63856635231528
98,160.55321003854564,160.48519533425312,155.59596216329473,149.8144601958126,146.29918581107393,144.46040714032532,132.4927671891904,125.47664646616973,125.11728592298225,120.01495753292346,113.56119948043961,107.53626421107779,101.39138007872832,94.61860265731548,89.24299180830492,80.82295202217563,75.58088849718854,45.66045467680421,42.95276377864021,40.320686652110695,36.06107223294081,30.720616259898794,29.76541471048631,23.480500311705683,30.113546746037343,37.205897625682255,42.2495461066928,45.05523283189931,47.86738236561902,54.07469418314519,57.44753423271767,61.346271079441216,63.6814492311033,67.24565363040479,73.69647257066346,77.07991608282677,78.03996295668242,40.45793929938708,46.45287224313217,54.30500711207069,57.362771655000685,65.1745979459521,70.87679708312717,72.31439960121067,74.63525203081493,78.03125836178666,83.59362125897343,86.27106238811147,90.40553091502035,92.43551170310677,96.16840937113895,96.69892704285216,100.4838154163713,102.32570927867718,102.61043195076356,81.29697110324662,84.62999420547679,86.37582924923093,73.28295079964559,78.54203341926663,85.9327082869631,17.275895811820128,13.131284732358026,15.424908938717913,17.83854602825728,24.742525894971834,30.91215716434279,35.73971658914537,36.44573712709026,31.222555756014142,31.82234738649925,32.73409570703513,66.17055527435528,67.85648558133718,69.81238639681837,72.46887995035844,75.7901997181616,78.13124756047496,66.51216925246251,71.24143399447051,76.5710746953058,80.2795265977449,94.1943794176636,98.7271764570202,101.99425558064118,108.6281552633316,113.59254727041565,119.34253631388347,126.48957751986515,130.97725342171015,136.5636012447516,137.9293061909241,139.9428436253911,146.84565182206006,149.71262147659078,152.88438991076123,7.838603748206456,1.0205944346311102,0.0,41.53581829470151,43.05411009801204,46.03723882470152,146.5486419117453,150.18205421975549,29.919109167662086,32.6550442911619,34.65318943103536,45.05690766059156,63.46900207973902,66.40463659377514,113.71027152450121,116.18501777411952,119.07807394363991,124.57780093686421,128.78503957996492,132.9354192011562,135.18064725193412,141.07434329092357,31.566995782550862,33.241615142286086,34.03704018589485,126.18821590030879,130.979464693682,133.85636928021245,136.19733788316293,137.21071540412933,138.019597348544,44.24036694581186,45.5828821226348,46.32682432469086,46.891734937088955,49.58809785776562,51.95255508935175,40.18400650357868,43.74306719426658,114.79225260195307,117.20807647798377,53.48587236533686,97.28841723255859,98.8614849361238,102.68996622770668,107.09652429495142,88.8181076274008,91.2197206270325,92.93395544175307,78.88213704887319,79.7982183771405,83.87724080904745,91.44710428205673,115.0734517502067,120.07134020434412,122.33345558601675,124.95400247550376,127.92126030049977,129.9644267156505,131.18091674849086,132.79028494750563,138.3808728414574,143.0651066101756,148.8041284780552,153.25791810038805,88.49991083450658,113.33224704404064,119.47342038469793,125.3448900473974,128.56562785106908,130.21641099854787,136.0494035409741,142.8454345885783,145.5827414767441,146.12257293192246,144.09496293731192,145.6799679846225,124.08496296825928,128.74088940668162,133.61605145527037,111.0912360815713,117.41195953699946,122.96437540759129,126.01648648027526,132.1392317795671,132.700841074362,107.81980896921159,114.00191233295439,114.96540234328144,115.44484994208655,108.83251264405659,114.02294133540758,117.46329146293822,122.91038958946395,126.75134233585383,107.17408705729814,110.28803663942051,111.46208705476293,112.59804127919277,112.98571253167351,114.08973925236467,115.04360611938543,115.52466536729571,120.6566184250827,126.90231158117034,155.6591607869464
99,155.1280277098358,155.06001300554328,150.1707798345849,144.38927786710275,140.8740034823641,139.03522481161548,127.06758486048057,120.05146413745989,119.69210359427241,114.58977520421362,108.13601715172977,102.11108188236796,95.96619775001848,89.19342032860564,83.81780947959507,75.39776969346578,70.15570616847869,40.23527234809435,37.52758144993035,34.895504323400836,30.63588990423095,25.295433931188935,24.340232381776453,18.055317982995824,11.422271548664163,4.32992066901925,9.373569150029795,12.179255875236304,14.991405408956018,21.198717226482184,24.57155727605467,28.470294122778217,30.805472274440305,34.369676673741786,40.82049561400045,44.20393912616377,45.16398600001942,35.03275697067722,41.02768991442231,48.87982478336083,51.937589326290826,59.74941561724224,65.4516147544173,66.8892172725008,69.21006970210506,72.60607603307679,78.16843893026356,80.84588005940161,84.98034858631048,87.0103293743969,90.74322704242908,91.2737447141423,95.05863308766143,96.90052694996731,97.18524962205369,75.87178877453675,79.20481187676693,80.95064692052107,67.85776847093574,73.11685109055678,80.50752595825327,24.25992248288138,28.40453356234348,30.698157768703368,33.11179485824273,40.01577472495728,46.18540599432824,51.01296541913082,51.718985957075716,46.49580458599959,47.0955962164847,48.007344537020586,60.74537294564542,62.43130325262732,64.38720406810852,67.04369762164859,70.36501738945174,72.7060652317651,61.08698692375266,65.81625166576066,71.14589236659594,74.85434426903505,88.76919708895375,93.30199412831035,96.56907325193133,103.20297293462176,108.1673649417058,113.91735398517362,121.0643951911553,125.5520710930003,131.13841891604173,132.50412386221424,134.51766129668124,141.4204694933502,144.28743914788092,147.45920758205136,33.69721454649505,40.51522386007039,41.5358182947015,0.0,1.518291803310529,4.501420530000009,141.12345958303544,144.75687189104562,24.493926838952227,27.22986196245204,29.228007102325495,39.6317253318817,58.04381975102916,60.97945426506527,108.28508919579136,110.75983544540966,113.65289161493006,119.15261860815436,123.35985725125508,127.51023687244638,129.75546492322428,135.64916096221373,26.141813453841003,27.816432813576228,28.611857857184994,120.76303357159894,125.55428236497214,128.43118695150258,130.77215555445306,131.78553307541947,132.59441501983414,38.815184617102,40.15769979392494,40.901641995981,41.4665526083791,44.16291552905576,46.52737276064189,34.75882417486882,38.31788486555672,109.36707027324321,111.78289414927391,48.060690036627,91.86323490384873,93.43630260741395,97.26478389899682,101.67134196624157,83.39292529869095,85.79453829832265,87.50877311304322,73.45695472016334,74.37303604843065,78.4520584803376,86.02192195334688,109.64826942149686,114.64615787563429,116.90827325730692,119.52882014679392,122.49607797178993,124.53924438694067,125.75573441978104,127.36510261879579,132.95569051274757,137.63992428146577,143.37894614934532,147.8327357716782,83.07472850579673,107.9070647153308,114.0482380559881,119.91970771868756,123.14044552235926,124.79122866983806,130.6242212122643,137.4202522598685,140.1575591480343,140.69739060321265,138.6697806086021,140.25478565591268,118.65978063954944,123.3157070779718,128.19086912656053,105.66605375286146,111.98677720828962,117.53919307888145,120.59130415156542,126.71404945085725,127.27565874565212,102.39462664050176,108.57673000424455,109.5402200145716,110.01966761337671,103.40733031534675,108.59775900669774,112.03810913422838,117.48520726075411,121.326160007144,101.7489047285883,104.86285431071067,106.0369047260531,107.17285895048293,107.56053020296368,108.66455692365483,109.61842379067559,110.09948303858587,115.23143609637286,121.4771292524605,150.23397845823655
100,156.64631951314632,156.5783048088538,151.6890716378954,145.90756967041327,142.3922952856746,140.553516614926,128.58587666379108,121.5697559407704,121.21039539758293,116.10806700752414,109.65430895504029,103.62937368567847,97.484489553329,90.71171213191616,85.33610128290559,76.9160614967763,71.6739979717892,41.75356415140487,39.04587325324088,36.41379612671136,32.154181707541476,26.81372573449946,25.858524185086978,19.573609786306353,12.940563351974692,5.848212472329779,10.891860953340323,13.697547678546833,16.509697212266545,22.717009029792713,26.089849079365198,29.988585926088746,32.32376407775083,35.88796847705231,42.338787417310975,45.72223092947429,46.682277803329946,36.551048773987745,42.545981717732836,50.39811658667136,53.45588112960135,61.26770742055277,66.96990655772784,68.40750907581133,70.72836150541559,74.12436783638732,79.6867307335741,82.36417186271214,86.49864038962102,88.52862117770744,92.26151884573962,92.79203651745283,96.57692489097197,98.41881875327785,98.70354142536422,77.39008057784729,80.72310368007746,82.4689387238316,69.37606027424627,74.63514289386731,82.02581776156379,25.778214286191908,29.92282536565401,32.2164495720139,34.630086661553264,41.534066528267815,47.703697797638775,52.531257222441354,53.23727776038625,48.014096389310126,48.61388801979523,49.52563634033112,62.26366474895595,63.94959505593785,65.90549587141903,68.56198942495911,71.88330919276225,74.22435703507561,62.60527872706319,67.33454346907119,72.66418416990648,76.37263607234557,90.28748889226426,94.82028593162087,98.08736505524185,104.72126473793227,109.68565674501632,115.43564578848414,122.58268699446582,127.07036289631081,132.65671071935225,134.02241566552476,136.03595309999176,142.93876129666072,145.80573095119144,148.97749938536188,35.21550634980558,42.033515663380925,43.05411009801203,1.518291803310529,0.0,2.98312872668948,142.64175138634596,146.27516369435614,26.012218642262752,28.748153765762567,30.74629890563602,41.15001713519223,59.56211155433969,62.4977460683758,109.80338099910188,112.27812724872018,115.17118341824057,120.67091041146487,124.8781490545656,129.0285286757569,131.2737567265348,137.16745276552425,27.66010525715153,29.334724616886753,30.13014966049552,122.28132537490946,127.07257416828266,129.9494787548131,132.29044735776358,133.30382487872998,134.11270682314466,40.333476420412524,41.675991597235466,42.41993379929153,42.98484441168962,45.681207332366284,48.045664563952414,36.277115978179346,39.836176668867246,110.88536207655373,113.30118595258443,49.578981839937526,93.38152670715925,94.95459441072447,98.78307570230734,103.18963376955209,84.91121710200147,87.31283010163317,89.02706491635374,74.97524652347386,75.89132785174117,79.97035028364812,87.5402137566574,111.16656122480738,116.1644496789448,118.42656506061743,121.04711195010444,124.01436977510045,126.05753619025118,127.27402622309155,128.8833944221063,134.47398231605808,139.15821608477629,144.89723795265587,149.35102757498873,84.59302030910725,109.42535651864132,115.56652985929861,121.43799952199808,124.65873732566978,126.30952047314858,132.14251301557482,138.938544063179,141.67585095134478,142.21568240652314,140.18807241191263,141.7730774592232,120.17807244285996,124.83399888128231,129.70916092987105,107.18434555617198,113.50506901160014,119.05748488219197,122.10959595487594,128.23234125416778,128.79395054896267,103.91291844381227,110.09502180755507,111.05851181788212,111.53795941668723,104.92562211865727,110.11605081000826,113.5564009375389,119.00349906406463,122.84445181045452,103.26719653189882,106.38114611402119,107.55519652936361,108.69115075379345,109.0788220062742,110.18284872696535,111.13671559398611,111.61777484189639,116.74972789968338,122.99542105577102,151.75227026154707
101,159.6294482398358,159.56143353554327,154.67220036458488,148.89069839710274,145.37542401236408,143.53664534161547,131.56900539048056,124.55288466745988,124.1935241242724,119.09119573421361,112.63743768172976,106.61250241236795,100.46761828001847,93.69484085860563,88.31923000959507,79.89919022346578,74.65712669847869,44.73669287809435,42.02900197993036,39.39692485340084,35.137310434230955,29.79685446118894,28.841652911776457,22.55673851299583,15.923692078664171,8.83134119901926,13.874989680029802,16.680676405236312,19.492825938956024,25.700137756482192,29.072977806054677,32.971714652778225,35.30689280444031,38.87109720374179,45.321916144000454,48.70535965616377,49.665406530019425,39.534177500677224,45.529110444422315,53.381245313360836,56.43900985629083,64.25083614724224,69.95303528441731,71.3906378025008,73.71149023210506,77.1074965630768,82.66985946026357,85.34730058940161,89.48176911631049,91.51174990439691,95.24464757242909,95.7751652441423,99.56005361766144,101.40194747996732,101.6866701520537,80.37320930453676,83.70623240676693,85.45206745052107,72.35918900093574,77.61827162055678,85.00894648825326,28.761343012881387,32.905954092343485,35.19957829870337,37.613215388242736,44.51719525495729,50.68682652432825,55.514385949130826,56.22040648707572,50.9972251159996,51.597016746484705,52.50876506702059,65.24679347564542,66.93272378262732,68.8886245981085,71.54511815164858,74.86643791945173,77.20748576176508,65.58840745375265,70.31767219576065,75.64731289659593,79.35576479903506,93.27061761895375,97.80341465831036,101.07049378193133,107.70439346462176,112.6687854717058,118.41877451517362,125.5658157211553,130.0534916230003,135.63983944604175,137.00554439221426,139.01908182668126,145.92189002335022,148.78885967788094,151.96062811205138,38.19863507649505,45.0166443900704,46.037238824701504,4.501420530000009,2.98312872668948,0.0,145.62488011303546,149.25829242104564,28.99534736895223,31.731282492452046,33.7294276323255,44.13314586188171,62.545240281029166,65.48087479506528,112.78650972579136,115.26125597540967,118.15431214493006,123.65403913815436,127.86127778125508,132.0116574024464,134.2568854532243,140.15058149221375,30.643233983841007,32.31785334357623,33.113278387185,125.26445410159894,130.05570289497214,132.9326074815026,135.27357608445308,136.28695360541948,137.09583554983416,43.316605147102,44.659120323924945,45.40306252598101,45.9679731383791,48.66433605905576,51.02879329064189,39.260244704868825,42.819305395556725,113.86849080324322,116.28431467927392,52.562110566627005,96.36465543384874,97.93772313741395,101.76620442899683,106.17276249624157,87.89434582869096,90.29595882832265,92.01019364304322,77.95837525016334,78.87445657843065,82.9534790103376,90.52334248334688,114.14968995149685,119.14757840563428,121.4096937873069,124.03024067679391,126.99749850178992,129.04066491694064,130.257154949781,131.86652314879578,137.45711104274756,142.14134481146576,147.88036667934534,152.3341563016782,87.57614903579673,112.4084852453308,118.54965858598808,124.42112824868755,127.64186605235925,129.29264919983805,135.1256417422643,141.92167278986847,144.65897967803426,145.19881113321262,143.1712011386021,144.75620618591267,123.16120116954943,127.81712760797178,132.69228965656052,110.16747428286145,116.48819773828961,122.04061360888144,125.09272468156541,131.21546998085725,131.77707927565214,106.89604717050175,113.07815053424454,114.04164054457159,114.5210881433767,107.90875084534674,113.09917953669773,116.53952966422837,121.9866277907541,125.82758053714399,106.25032525858829,109.36427484071066,110.53832525605308,111.67427948048292,112.06195073296367,113.16597745365482,114.11984432067558,114.60090356858586,119.73285662637285,125.97854978246049,154.73539898823654
102,155.94007495591387,155.87206025162135,150.98282708066296,145.20132511318081,141.68605072844215,139.84727205769354,127.87963210655863,120.86351138353795,120.50415084035048,115.40182245029169,108.94806439780784,102.92312912844602,96.77824499609655,90.0054675746837,84.62985672567314,76.20981693954384,70.96775341455675,100.88818723494109,103.59587813310509,106.2279552596346,110.48756967880448,115.82802565184649,116.78322720125897,123.0681416000396,129.70118803437126,136.79353891401618,141.83718739502672,144.64287412023322,147.45502365395294,153.6623354714791,157.0351755210516,160.93391236777515,163.26909051943724,166.83329491873872,173.2841138589974,176.6675573711607,177.62760424501636,114.88443674525074,120.87936968899582,128.73150455793436,131.78926910086435,139.60109539181576,145.30329452899082,146.74089704707433,149.06174947667859,152.4577558076503,158.02011870483707,160.6975598339751,164.83202836088398,166.8620091489704,170.5949068170026,171.1254244887158,174.91031286223492,176.7522067245408,177.0369293966272,155.72346854911027,159.05649165134042,160.80232669509456,147.70944824550926,152.9685308651303,160.35920573282678,129.27274609992514,133.41735717938724,135.71098138574712,138.1246184752865,145.02859834200106,151.19822961137203,156.02578903617461,156.73180957411952,151.50862820304337,152.10841983352847,153.02016815406435,140.59705272021895,142.28298302720086,144.23888384268204,146.89537739622213,150.21669716402528,152.55774500633862,140.9386666983262,145.6679314403342,150.99757214116948,66.26911531400039,52.3542624940817,47.8214654547251,44.554386331104126,37.9204866484137,32.956094641329656,27.206105597861836,20.05906439188016,15.571388490035163,9.985040666993715,8.619335720821214,6.605798286354208,13.508606483023152,16.37557613755388,19.54734457172432,138.7100381635388,145.52804747711414,146.54864191174525,141.12345958303544,142.64175138634596,145.62488011303543,0.0,3.6334123080101763,129.50675045599598,132.2426855794958,134.24083071936926,144.64454894892546,137.89549952560267,140.83113403963878,33.07381889541521,35.54856514503352,38.44162131455392,43.94134830777821,48.148586950878936,52.29896657207024,54.544194622848146,60.43789066183759,131.15463707088477,132.82925643062,133.62468147422877,34.051785184287155,38.843033977660355,41.719938564190805,44.06090716714127,45.074284688107674,45.883166632522354,118.66686439167552,120.00937956849846,120.75332177055452,121.31823238295262,124.01459530362928,126.37905253521541,114.61050394944235,118.16956464013025,44.08458398703516,46.50040786306587,108.71360492347374,55.448300308976684,57.0213680125419,60.849849304124774,65.25640737136952,74.80769634365629,77.20930934328798,78.92354415800855,74.2690019662414,75.18508329450871,79.26410572641566,86.83396919942494,110.46031666757493,115.45820512171235,117.72032050338498,120.34086739287198,123.308125217868,125.35129163301873,126.5677816658591,128.17714986487385,133.76773775882563,138.45197152754383,144.1909933954234,148.64478301775625,74.48949955076206,108.71911196140887,114.86028530206616,120.73175496476563,123.95249276843732,125.60327591591613,131.43626845834237,138.23229950594657,140.96960639411236,141.50943784929072,139.48182785468018,141.06683290199075,119.4718278856275,124.12775432404986,129.0029163726386,106.47810099893952,112.79882445436769,118.35124032495952,121.40335139764349,127.52609669693531,128.0877059917302,103.20667388657982,109.38877725032262,110.35226726064967,110.83171485945478,104.21937756142482,109.40980625277581,112.85015638030644,118.29725450683218,122.13820725322206,102.56095197466637,105.67490155678874,106.84895197213116,107.984906196561,108.37257744904174,109.4766041697329,110.43047103675366,110.91153028466394,116.04348334245093,122.28917649853857,151.04602570431462
103,159.57348726392405,159.50547255963153,154.61623938867314,148.834737421191,145.31946303645233,143.48068436570372,131.5130444145688,124.49692369154813,124.13756314836066,119.03523475830187,112.58147670581802,106.5565414364562,100.41165730410673,93.63887988269389,88.26326903368332,79.84322924755402,74.60116572256693,104.52159954295126,107.22929044111527,109.86136756764478,114.12098198681466,119.46143795985667,120.41663950926915,126.70155390804977,133.33460034238144,140.42695122202636,145.4705997030369,148.2762864282434,151.0884359619631,157.2957477794893,160.66858782906178,164.56732467578533,166.90250282744742,170.4667072267489,176.91752616700757,180.3009696791709,181.26101655302654,118.51784905326092,124.512781997006,132.36491686594454,135.42268140887452,143.23450769982594,148.936706837001,150.3743093550845,152.69516178468876,156.09116811566048,161.65353101284725,164.33097214198528,168.46544066889416,170.49542145698058,174.22831912501277,174.75883679672597,178.5437251702451,180.38561903255098,180.67034170463737,159.35688085712044,162.6899039593506,164.43573900310474,151.34286055351944,156.60194317314048,163.99261804083696,132.90615840793532,137.05076948739742,139.3443936937573,141.75803078329668,148.66201065001124,154.8316419193822,159.6592013441848,160.3652218821297,155.14204051105355,155.74183214153865,156.65358046207453,144.23046502822913,145.91639533521104,147.87229615069222,150.5287897042323,153.85010947203546,156.1911573143488,144.57207900633637,149.30134374834438,154.63098444917966,69.90252762201057,55.98767480209188,51.45487776273528,48.187798639114305,41.55389895642387,36.58950694933983,30.83951790587201,23.692476699890335,19.20480079804534,13.61845297500389,12.25274802883139,10.239210594364383,17.14201879103333,20.00898844556406,23.1807568797345,142.34345047154898,149.16145978512432,150.18205421975543,144.75687189104562,146.27516369435614,149.2582924210456,3.6334123080101763,0.0,133.14016276400616,135.87609788750598,137.87424302737944,148.27796125693564,141.52891183361285,144.46454634764896,36.70723120342538,39.18197745304369,42.07503362256409,47.574760615788385,51.7819992588891,55.93237888008041,58.17760693085831,64.07130296984776,134.78804937889495,136.46266873863019,137.25809378223894,37.685197492297334,42.476446285670534,45.353350872200984,47.69431947515145,48.70769699611785,49.51657894053253,122.3002766996857,123.64279187650864,124.3867340785647,124.9516446909628,127.64800761163946,130.0124648432256,118.24391625745253,121.80297694814043,47.71799629504533,50.13382017107604,112.34701723148392,59.08171261698686,60.65478032055208,64.48326161213495,68.8898196793797,78.44110865166647,80.84272165129816,82.55695646601873,77.90241427425158,78.8184956025189,82.89751803442584,90.46738150743512,114.09372897558511,119.09161742972253,121.35373281139516,123.97427970088216,126.94153752587818,128.9847039410289,130.20119397386927,131.81056217288403,137.4011500668358,142.085383835554,147.82440570343357,152.27819532576643,78.12291185877224,112.35252426941905,118.49369761007634,124.3651672727758,127.5859050764475,129.2366882239263,135.06968076635255,141.86571181395675,144.60301870212254,145.1428501573009,143.11524016269036,144.70024521000093,123.10524019363768,127.76116663206004,132.63632868064877,110.1115133069497,116.43223676237787,121.9846526329697,125.03676370565367,131.1595090049455,131.7211182997404,106.84008619459,113.0221895583328,113.98567956865985,114.46512716746496,107.852789869435,113.04321856078599,116.48356868831662,121.93066681484235,125.77161956123224,106.19436428267655,109.30831386479892,110.48236428014134,111.61831850457118,112.00598975705192,113.11001647774307,114.06388334476384,114.54494259267412,119.6768956504611,125.92258880654875,154.6794380123248
104,143.51131858279638,143.44330387850385,138.55407070754546,132.77256874006332,129.25729435532466,127.41851568457605,115.45087573344114,108.43475501042046,108.07539446723298,102.9730660771742,96.51930802469035,90.49437275532853,84.34948862297905,77.57671120156621,72.20110035255564,63.78106056642635,58.53899704143926,28.61856322105492,25.91087232289092,23.278795196361408,19.019180777191522,13.67872480414951,12.723523254737028,6.438608855956401,13.071655290288064,20.164006169932975,25.207654650943518,28.013341376150027,30.825490909869742,37.03280272739591,40.40564277696839,44.304379623691936,46.63955777535402,50.2037621746555,56.654581114914166,60.03802462707748,60.998071500933136,23.41604784363779,29.410980787382883,37.2631156563214,40.3208801992514,48.132706490202814,53.83490562737788,55.27250814546137,57.593360575065624,60.98936690603735,66.55172980322412,69.22917093236217,73.36363945927104,75.39362024735746,79.12651791538964,79.65703558710285,83.44192396062199,85.28381782292787,85.56854049501425,64.25507964749731,67.58810274972748,69.33393779348162,56.24105934389631,61.50014196351735,68.89081683121384,12.643213355841954,16.787824435304056,19.081448641663943,21.49508573120331,28.399065597917865,34.56869686728882,39.3962562920914,40.102276830036296,34.87909545896017,35.47888708944528,36.390635409981165,49.12866381860599,50.814594125587895,52.77049494106908,55.42698849460916,58.748308262412316,61.08935610472567,49.47027779671323,54.19954253872123,59.52918323955652,63.237635141995625,77.15248796191432,81.68528500127093,84.9523641248919,91.58626380758233,96.55065581466637,102.30064485813419,109.44768606411587,113.93536196596087,119.52170978900232,120.88741473517481,122.90095216964183,129.80376036631077,132.6707300208415,135.84249845501193,22.080505419455626,28.89851473303097,29.919109167662082,24.493926838952227,26.012218642262756,28.995347368952235,129.50675045599604,133.14016276400622,0.0,2.7359351234998157,4.73408026337327,15.137798492929475,46.42711062398973,49.36274513802584,96.66838006875193,99.14312631837024,102.03618248789063,107.53590948111493,111.74314812421565,115.89352774540696,118.13875579618487,124.03245183517431,14.525104326801578,16.199723686536803,16.99514873014557,109.14632444455951,113.93757323793271,116.81447782446317,119.15544642741364,120.16882394838004,120.97770589279472,27.19847549006257,28.540990666885513,29.28493286894157,29.849843481339665,32.546206402016324,34.910663633602454,23.142115047829396,26.701175738517296,97.75036114620379,100.16618502223449,36.44398090958757,80.2465257768093,81.81959348037452,85.6480747719574,90.05463283920214,71.77621617165153,74.17782917128322,75.89206398600379,61.84024559312392,62.756326921391235,66.83534935329818,74.40521282630746,98.03156029445744,103.02944874859486,105.29156413026749,107.91211101975449,110.8793688447505,112.92253525990124,114.13902529274161,115.74839349175636,121.33898138570814,126.02321515442635,131.76223702230592,136.2160266446388,71.4580193787573,96.29035558829138,102.43152892894867,108.30299859164813,111.52373639531983,113.17451954279863,119.00751208522486,125.80354313282905,128.54085002099484,129.0806814761732,127.05307148156265,128.63807652887323,107.04307151251001,111.69899795093237,116.57415999952111,94.04934462582203,100.3700680812502,105.92248395184203,108.974595024526,115.09734032381782,115.6589496186127,90.77791751346233,96.96002087720512,97.92351088753217,98.40295848633728,91.79062118830733,96.98104987965831,100.42140000718895,105.86849813371468,109.70945088010457,90.13219560154887,93.24614518367125,94.42019559901367,95.5561498234435,95.94382107592425,97.0478477966154,98.00171466363616,98.48277391154645,103.61472696933343,109.86042012542107,138.61726933119712
105,146.2472537062962,146.17923900200367,141.29000583104528,135.50850386356313,131.99322947882447,130.15445080807586,118.18681085694095,111.17069013392027,110.8113295907328,105.70900120067401,99.25524314819016,93.23030787882834,87.08542374647887,80.31264632506603,74.93703547605546,66.51699568992616,61.274932164939074,31.354498344554735,28.646807446390735,26.014730319861222,21.755115900691337,16.414659927649325,15.459458378236844,9.174543979456217,15.807590413787878,22.89994129343279,27.943589774443332,30.74927649964984,33.56142603336956,39.768737850895725,43.14157790046821,47.04031474719175,49.375492898853835,52.939697298155316,59.39051623841398,62.7739597505773,63.73400662443295,26.151982967137606,32.1469159108827,39.99905077982122,43.05681532275121,50.86864161370263,56.57084075087769,58.00844326896119,60.32929569856544,63.72530202953716,69.28766492672393,71.96510605586198,76.09957458277086,78.12955537085728,81.86245303888946,82.39297071060267,86.1778590841218,88.01975294642769,88.30447561851406,66.99101477099713,70.3240378732273,72.06987291698144,58.976994467396125,64.23607708701716,71.62675195471365,15.379148479341772,19.523759558803874,21.81738376516376,24.23102085470313,31.135000721417683,37.30463199078864,42.13219141559122,42.83821195353612,37.615030582459994,38.2148222129451,39.12657053348099,51.86459894210581,53.55052924908771,55.506430064568896,58.16292361810898,61.48424338591213,63.82529122822548,52.20621292021305,56.93547766222105,62.26511836305633,65.97357026549544,79.88842308541413,84.42122012477074,87.68829924839171,94.32219893108214,99.28659093816619,105.036579981634,112.18362118761569,116.67129708946068,122.25764491250213,123.62334985867463,125.63688729314164,132.53969548981058,135.4066651443413,138.57843357851175,24.816440542955444,31.63444985653079,32.6550442911619,27.22986196245204,28.74815376576257,31.73128249245205,132.24268557949586,135.87609788750603,2.7359351234998157,0.0,1.998145139873455,12.401863369429659,49.16304574748955,52.09868026152566,99.40431519225174,101.87906144187005,104.77211761139044,110.27184460461474,114.47908324771547,118.62946286890677,120.87469091968468,126.76838695867413,17.261039450301396,18.93565881003662,19.731083853645387,111.88225956805933,116.67350836143252,119.55041294796298,121.89138155091345,122.90475907187985,123.71364101629453,29.934410613562385,31.276925790385327,32.02086799244139,32.58577860483948,35.282141525516145,37.646598757102275,25.87805017132921,29.43711086201711,100.4862962697036,102.9021201457343,39.17991603308739,82.98246090030912,84.55552860387434,88.38400989545721,92.79056796270196,74.51215129515134,76.91376429478304,78.6279991095036,64.57618071662372,65.49226204489104,69.57128447679798,77.14114794980726,100.76749541795725,105.76538387209467,108.0274992537673,110.6480461432543,113.61530396825032,115.65847038340105,116.87496041624142,118.48432861525617,124.07491650920795,128.75915027792615,134.4981721458057,138.95196176813857,74.19395450225711,99.02629071179119,105.16746405244848,111.03893371514795,114.25967151881964,115.91045466629845,121.74344720872467,128.53947825632886,131.27678514449465,131.816616599673,129.78900660506247,131.37401165237304,109.77900663600983,114.43493307443218,119.31009512302093,96.78527974932184,103.10600320475001,108.65841907534184,111.71053014802581,117.83327544731763,118.39488474211251,93.51385263696214,99.69595600070494,100.65944601103199,101.1388936098371,94.52655631180714,99.71698500315813,103.15733513068876,108.6044332572145,112.44538600360438,92.86813072504869,95.98208030717106,97.15613072251348,98.29208494694332,98.67975619942406,99.78378292011521,100.73764978713598,101.21870903504626,106.35066209283325,112.59635524892089,141.35320445469694
106,148.24539884616965,148.17738414187713,143.28815097091874,137.5066490034366,133.99137461869793,132.15259594794932,120.18495599681441,113.16883527379373,112.80947473060625,107.70714634054747,101.25338828806362,95.2284530187018,89.08356888635232,82.31079146493948,76.93518061592891,68.51514082979962,63.27307730481253,33.35264348442819,30.644952586264193,28.01287545973468,23.753261040564794,18.41280506752278,17.457603518110297,11.172689119329672,17.805735553661332,24.898086433306243,29.941734914316786,32.747421639523296,35.55957117324301,41.766882990769176,45.13972304034166,49.0384598870652,51.373638038727286,54.93784243802877,61.38866137828743,64.77210489045075,65.7321517643064,28.150128107011064,34.145061050756155,41.997195919694676,45.05496046262467,52.866786753576086,58.56898589075115,60.006588408834645,62.327440838438896,65.72344716941062,71.28581006659739,73.96325119573544,78.09771972264431,80.12770051073073,83.86059817876291,84.39111585047613,88.17600422399526,90.01789808630114,90.30262075838752,68.98915991087058,72.32218301310076,74.0680180568549,60.97513960726958,66.23422222689062,73.62489709458711,17.377293619215227,21.52190469867733,23.815528905037215,26.229165994576583,33.13314586129114,39.3027771306621,44.13033655546468,44.836357093409575,39.61317572233345,40.21296735281856,41.124715673354444,53.862744081979265,55.54867438896117,57.504575204442354,60.161068757982434,63.48238852578559,65.82343636809894,54.204358060086506,58.933622802094504,64.26326350292979,67.9717154053689,81.88656822528759,86.4193652646442,89.68644438826517,96.3203440709556,101.28473607803964,107.03472512150746,114.18176632748914,118.66944222933414,124.25579005237559,125.62149499854809,127.6350324330151,134.53784062968404,137.40481028421476,140.5765787183852,26.8145856828289,33.632594996404244,34.65318943103535,29.228007102325492,30.74629890563602,33.7294276323255,134.2408307193693,137.8742430273795,4.73408026337327,1.998145139873455,0.0,10.403718229556205,51.161190887363006,54.096825401399116,101.4024603321252,103.87720658174351,106.7702627512639,112.2699897444882,116.47722838758892,120.62760800878023,122.87283605955814,128.7665320985476,19.259184590174847,20.93380394991007,21.729228993518838,113.88040470793278,118.67165350130598,121.54855808783644,123.88952669078691,124.90290421175331,125.71178615616799,31.932555753435842,33.275070930258785,34.019013132314846,34.58392374471294,37.2802866653896,39.64474389697573,27.876195311202668,31.43525600189057,102.48444140957706,104.90026528560776,41.178061172960845,84.98060604018258,86.5536737437478,90.38215503533067,94.78871310257541,76.5102964350248,78.9119094346565,80.62614424937706,66.57432585649718,67.49040718476449,71.56942961667144,79.13929308968072,102.76564055783071,107.76352901196813,110.02564439364076,112.64619128312776,115.61344910812377,117.65661552327451,118.87310555611488,120.48247375512963,126.07306164908141,130.7572954177996,136.4963172856792,140.95010690801206,76.19209964213057,101.02443585166465,107.16560919232194,113.0370788550214,116.2578166586931,117.9085998061719,123.74159234859813,130.53762339620232,133.2749302843681,133.81476173954647,131.78715174493593,133.3721567922465,111.77715177588328,116.43307821430564,121.30824026289439,98.7834248891953,105.10414834462347,110.6565642152153,113.70867528789927,119.83142058719109,120.39302988198597,95.5119977768356,101.6941011405784,102.65759115090545,103.13703874971056,96.5247014516806,101.71513014303159,105.15548027056222,110.60257839708795,114.44353114347784,94.86627586492214,97.98022544704452,99.15427586238694,100.29023008681678,100.67790133929752,101.78192805998867,102.73579492700944,103.21685417491972,108.3488072327067,114.59450038879434,143.3513495945704
107,158.64911707572585,158.58110237143333,153.69186920047494,147.9103672329928,144.39509284825414,142.55631417750553,130.5886742263706,123.57255350334994,123.21319296016246,118.11086457010367,111.65710651761982,105.632171248258,99.48728711590853,92.71450969449569,87.33889884548512,78.91885905935582,73.67679553436874,43.7563617139844,41.0486708158204,38.416593689290885,34.156979270121,28.816523297078984,27.8613217476665,21.576407348885876,28.209453783217537,35.30180466286245,40.345453143872994,43.15113986907951,45.96328940279922,52.17060122032539,55.54344126989787,59.44217811662141,61.7773562682835,65.34156066758499,71.79237960784366,75.17582312000697,76.13586999386261,38.55384633656727,44.54877928031236,52.40091414925088,55.458678692180875,63.27050498313229,68.97270412030736,70.41030663839085,72.73115906799511,76.12716539896684,81.68952829615361,84.36696942529166,88.50143795220053,90.53141874028695,94.26431640831913,94.79483408003235,98.57972245355148,100.42161631585736,100.70633898794374,79.3928781404268,82.72590124265697,84.47173628641112,71.37885783682579,76.63794045644683,84.02861532414332,27.78101184877143,31.925622928233533,34.21924713459342,36.63288422413278,43.53686409084733,49.70649536021829,54.53405478502087,55.240075322965765,50.01689395188964,50.61668558237475,51.528433902910635,64.26646231153548,65.95239261851738,67.90829343399857,70.56478698753864,73.88610675534179,76.22715459765514,64.60807628964271,69.33734103165071,74.666981732486,78.3754336349251,92.2902864548438,96.8230834942004,100.09016261782138,106.7240623005118,111.68845430759585,117.43844335106367,124.58548455704535,129.07316045889036,134.6595082819318,136.02521322810432,138.03875066257132,144.94155885924027,147.808528513771,150.98029694794144,37.2183039123851,44.03631322596045,45.056907660591555,39.631725331881704,41.150017135192236,44.133145861881715,144.64454894892552,148.2779612569357,15.137798492929475,12.401863369429659,10.403718229556205,0.0,61.56490911691921,64.50054363095532,111.8061785616814,114.28092481129971,117.1739809808201,122.6737079740444,126.88094661714513,131.03132623833642,133.27655428911433,139.17025032810378,29.662902819731052,31.337522179466276,32.13294722307504,124.28412293748899,129.07537173086217,131.95227631739263,134.2932449203431,135.30662244130951,136.1155043857242,42.33627398299205,43.67878915981499,44.42273136187105,44.987641974269145,47.68400489494581,50.04846212653194,38.27991354075887,41.83897423144677,112.88815963913326,115.30398351516396,51.58177940251705,95.38432426973878,96.957391973304,100.78587326488687,105.19243133213162,86.914014664581,89.3156276642127,91.02986247893327,76.97804408605339,77.8941254143207,81.97314784622765,89.54301131923692,113.16935878738691,118.16724724152434,120.42936262319697,123.04990951268397,126.01716733767998,128.0603337528307,129.27682378567107,130.88619198468584,136.47677987863761,141.16101364735582,146.9000355152354,151.35382513756826,86.59581787168678,111.42815408122085,117.56932742187814,123.44079708457761,126.6615348882493,128.3123180357281,134.14531057815435,140.94134162575853,143.67864851392432,144.21847996910267,142.19086997449216,143.77587502180273,122.18087000543949,126.83679644386184,131.71195849245058,109.18714311875151,115.50786657417967,121.0602824447715,124.11239351745547,130.2351388167473,130.7967481115422,105.9157160063918,112.0978193701346,113.06130938046165,113.54075697926676,106.9284196812368,112.11884837258779,115.55919850011843,121.00629662664416,124.84724937303405,105.26999409447835,108.38394367660072,109.55799409194314,110.69394831637298,111.08161956885372,112.18564628954488,113.13951315656564,113.62057240447592,118.75252546226291,124.99821861835055,153.7550678241266
108,151.90006765240307,151.83205294811054,146.94281977715215,141.16131780967,137.64604342493135,135.80726475418274,123.83962480304783,116.82350408002715,116.46414353683967,111.36181514678088,104.90805709429704,98.88312182493522,92.73823769258574,85.9654602711729,80.58984942216233,72.16980963603304,66.92774611104595,37.00731229066161,34.29962139249761,31.6675442659681,27.407929846798215,32.74838581984023,33.70358736925271,39.98850176803334,46.621548202365,53.71389908200991,58.75754756302045,61.563234288226965,64.37538382194668,70.58269563947285,73.95553568904533,77.85427253576889,80.18945068743098,83.75365508673246,90.20447402699114,93.58791753915445,94.54796441301009,23.011062780351946,17.016129836606854,9.16399496766833,6.106230424738333,13.918056715689747,19.620255852864815,21.05785837094831,23.378710800552565,26.77471713152429,32.33708002871106,35.014521157849096,39.148989684757964,41.17897047284439,44.91186814087657,45.44238581258978,49.22727418610891,51.06916804841478,51.353890720501155,30.04042987298426,33.37345297521443,35.11928801896857,22.026409569383244,27.285492189004284,34.67616705670076,46.19310626791889,50.337717347380995,52.63134155374088,55.044978643280245,61.948958509994796,68.11858977936575,72.94614920416832,73.65216974211322,68.42898837103711,69.02878000152222,69.9405283220581,14.91401404409293,16.59994435107483,18.555845166556015,21.212338720096092,24.533658487899245,26.8747063302126,15.255628022200163,19.984892764208162,25.314533465043446,71.62638421160231,85.541237031521,90.07403407087762,93.34111319449859,99.97501287718902,104.93940488427306,110.68939392774088,117.83643513372256,122.32411103556755,127.910458858609,129.2761638047815,131.2897012392485,138.19250943591746,141.05947909044818,144.23124752461862,55.63039833153256,62.448407645107906,63.46900207973901,58.04381975102916,59.562111554339694,62.54524028102917,137.8954995256027,141.52891183361288,46.42711062398974,49.163045747489555,51.16119088736301,61.56490911691922,0.0,2.93563451403611,105.05712913835862,107.53187538797692,110.42493155749732,115.92465855072162,120.13189719382234,124.28227681501365,126.52750486579156,132.42120090478102,48.07499723887852,49.74961659861374,50.54504164222251,117.5350735141662,122.3263223075394,125.20322689406986,127.54419549702033,128.55757301798673,129.3664549624014,35.58722455966926,36.9297397364922,37.67368193854826,38.23859255094636,40.93495547162302,43.29941270320915,31.53086411743609,35.08992480812399,106.13911021581048,108.55493409184118,44.83272997919426,88.635274846416,90.20834254998121,94.03682384156409,98.44338190880883,80.16496524125822,82.56657824088991,84.28081305561048,70.2289946627306,71.14507599099791,75.22409842290486,82.79396189591414,106.42030936406412,111.41819781820155,113.68031319987418,116.30086008936118,119.26811791435719,121.31128432950793,122.5277743623483,124.13714256136305,129.72773045531483,134.41196422403303,140.1509860919126,144.60477571424548,79.84676844836399,104.67910465789807,110.82027799855535,116.69174766125482,119.91248546492652,121.56326861240532,127.39626115483155,134.19229220243574,136.92959909060153,137.4694305457799,135.44182055116934,137.02682559847992,115.4318205821167,120.08774702053906,124.9629090691278,102.43809369542872,108.75881715085688,114.31123302144871,117.36334409413269,123.4860893934245,124.04769868821938,99.16666658306902,105.34876994681181,106.31225995713886,106.79170755594397,100.17937025791402,105.369798949265,108.81014907679564,114.25724720332137,118.09819994971126,98.52094467115556,101.63489425327793,102.80894466862036,103.9448988930502,104.33257014553094,105.43659686622209,106.39046373324285,106.87152298115313,112.00347603894012,118.24916919502776,147.0060184008038
109,154.83570216643918,154.76768746214665,149.87845429118826,144.09695232370612,140.58167793896746,138.74289926821885,126.77525931708394,119.75913859406326,119.39977805087578,114.297449660817,107.84369160833315,101.81875633897133,95.67387220662185,88.90109478520901,83.52548393619844,75.10544415006915,69.86338062508206,39.94294680469772,37.23525590653372,34.60317878000421,30.343564360834325,35.68402033387634,36.63922188328882,42.92413628206945,49.55718271640111,56.64953359604602,61.69318207705656,64.49886880226308,67.3110183359828,73.51833015350896,76.89117020308144,80.789907049805,83.12508520146709,86.68928960076857,93.14010854102725,96.52355205319056,97.4835989270462,25.946697294388056,19.951764350642964,12.09962948170444,9.041864938774443,16.853691229725857,22.555890366900925,23.99349288498442,26.314345314588675,29.7103516455604,35.27271454274717,37.950155671885206,42.084624198794074,44.1146049868805,47.84750265491268,48.37802032662589,52.16290870014502,54.00480256245089,54.289525234537265,32.976064387020365,36.30908748925053,38.05492253300467,24.962044083419354,30.221126703040394,37.61180157073687,49.128740781955,53.273351861417105,55.56697606777699,57.980613157316355,64.8845930240309,71.05422429340186,75.88178371820443,76.58780425614933,71.36462288507322,71.96441451555833,72.87616283609421,17.84964855812904,19.53557886511094,21.491479680592125,24.147973234132202,27.469293001935355,29.81034084424871,18.191262536236273,22.920527278244272,28.250167979079556,74.56201872563842,88.47687154555712,93.00966858491373,96.2767477085347,102.91064739122513,107.87503939830917,113.62502844177699,120.77206964775867,125.25974554960366,130.8460933726451,132.2117983188176,134.2253357532846,141.12814394995357,143.9951136044843,147.16688203865473,58.56603284556867,65.38404215914402,66.40463659377512,60.97945426506527,62.497746068375804,65.48087479506529,140.8311340396388,144.464546347649,49.36274513802585,52.098680261525665,54.09682540139912,64.50054363095532,2.93563451403611,0.0,107.99276365239473,110.46750990201303,113.36056607153343,118.86029306475773,123.06753170785845,127.21791132904976,129.46313937982765,135.3568354188171,51.01063175291463,52.68525111264985,53.48067615625862,120.47070802820231,125.26195682157551,128.13886140810595,130.47983001105644,131.49320753202284,132.30208947643752,38.52285907370537,39.86537425052831,40.60931645258437,41.17422706498247,43.87058998565913,46.23504721724526,34.4664986314722,38.0255593221601,109.07474472984659,111.49056860587729,47.76836449323037,91.5709093604521,93.14397706401732,96.9724583556002,101.37901642284494,83.10059975529433,85.50221275492602,87.21644756964659,73.16462917676671,74.08071050503402,78.15973293694097,85.72959640995025,109.35594387810023,114.35383233223766,116.61594771391029,119.23649460339729,122.2037524283933,124.24691884354404,125.4634088763844,127.07277707539916,132.66336496935094,137.34759873806914,143.08662060594872,147.5404102282816,82.7824029624001,107.61473917193418,113.75591251259146,119.62738217529093,122.84811997896263,124.49890312644143,130.33189566886767,137.12792671647185,139.86523360463764,140.405065059816,138.37745506520548,139.96246011251606,118.36745509615281,123.02338153457517,127.89854358316391,105.37372820946483,111.694451664893,117.24686753548482,120.2989786081688,126.42172390746062,126.9833332022555,102.10230109710513,108.28440446084792,109.24789447117497,109.72734206998008,103.11500477195013,108.30543346330111,111.74578359083175,117.19288171735748,121.03383446374737,101.45657918519167,104.57052876731404,105.74457918265647,106.8805334070863,107.26820465956705,108.3722313802582,109.32609824727896,109.80715749518924,114.93911055297623,121.18480370906387,149.94165291483992
110,123.10170456866977,123.03368986437725,118.14445669341885,112.36295472593669,108.84768034119803,107.00890167044943,95.04126171931452,88.02514099629384,87.66578045310636,82.56345206304758,76.10969401056374,70.08475874120192,63.93987460885245,57.1670971874396,51.79148633842904,43.371446552299744,38.129383027312656,68.04981684769699,70.75750774586099,73.3895848723905,77.64919929156038,82.98965526460239,83.94485681401487,90.2297712127955,96.86281764712716,103.95516852677207,108.99881700778262,111.80450373298913,114.61665326670885,120.82396508423501,124.1968051338075,128.09554198053104,130.43072013219313,133.9949245314946,140.44574347175327,143.8291869839166,144.78923385777225,82.04606635800664,88.04099930175173,95.89313417069025,98.95089871362025,106.76272500457166,112.46492414174674,113.90252665983023,116.22337908943449,119.61938542040622,125.18174831759299,127.85918944673104,131.9936579736399,134.02363876172632,137.7565364297585,138.2870541014717,142.07194247499083,143.91383633729671,144.1985590093831,122.88509816186618,126.21812126409635,127.9639563078505,114.87107785826515,120.13016047788619,127.52083534558267,96.43437571268105,100.57898679214314,102.87261099850303,105.2862480880424,112.19022795475695,118.3598592241279,123.18741864893047,123.89343918687537,118.67025781579926,119.27004944628437,120.18179776682025,107.75868233297484,109.44461263995674,111.40051345543793,114.057007008978,117.37832677678117,119.71937461909452,108.10029631108208,112.82956105309007,118.15920175392536,33.43074492675629,19.5158921068376,14.983095067480997,11.716015943860025,5.082116261169595,0.11772425408555241,5.8677132975533715,13.014754503535048,17.502430405380043,23.08877822842149,24.45448317459399,26.468020609060996,33.37082880572994,36.23779846026067,39.40956689443111,105.87166777629471,112.68967708987006,113.71027152450117,108.28508919579131,109.80338099910185,112.78650972579133,33.0738188954152,36.70723120342538,96.6683800687519,99.40431519225172,101.40246033212517,111.80617856168138,105.05712913835858,107.99276365239469,0.0,2.474746249618313,5.367802419138711,10.867529412363005,15.074768055463725,19.225147676655027,21.47037572743293,27.364071766422377,98.31626668364068,99.9908860433759,100.78631108698465,12.713392883978692,17.504641677351888,20.38154626388234,22.722514866832807,23.735892387799208,24.544774332213883,85.82849400443142,87.17100918125436,87.91495138331042,88.47986199570852,91.17622491638518,93.54068214797131,81.77213356219825,85.33119425288615,11.246213599791053,13.662037475821757,75.87523453622964,22.609929921732586,24.182997625297805,28.01147891688068,32.41803698412542,41.9693259564122,44.3709389560439,46.08517377076448,41.430631578997314,42.34671290726463,46.42573533917158,53.99559881218086,77.62194628033083,82.61983473446826,84.88195011614089,87.50249700562789,90.4697548306239,92.51292124577463,93.729411278615,95.33877947762976,100.92936737158153,105.61360114029975,111.35262300817932,115.80641263051218,41.651129163517965,75.88074157416477,82.02191491482206,87.89338457752153,91.11412238119323,92.76490552867203,98.59789807109826,105.39392911870245,108.13123600686822,108.67106746204658,106.64345746743605,108.22846251474662,86.63345749838341,91.28938393680576,96.16454598539451,73.63973061169543,79.96045406712359,85.51286993771542,88.56498101039938,94.6877263096912,95.24933560448608,70.36830349933572,76.55040686307852,77.51389687340557,77.99334447221068,71.38100717418072,76.57143586553171,80.01178599306235,85.45888411958808,89.29983686597797,69.72258158742227,72.83653116954463,74.01058158488706,75.1465358093169,75.53420706179764,76.6382337824888,77.59210064950956,78.07315989741984,83.20511295520683,89.45080611129447,118.20765531707048
111,125.57645081828808,125.50843611399556,120.61920294303715,114.837700975555,111.32242659081633,109.48364792006774,97.51600796893283,90.49988724591215,90.14052670272467,85.03819831266588,78.58444026018205,72.55950499082023,66.41462085847076,59.64184343705791,54.266232588047345,45.84619280191805,40.60412927693096,70.5245630973153,73.2322539954793,75.8643311220088,80.12394554117868,85.4644015142207,86.41960306363318,92.7045174624138,99.33756389674546,106.42991477639038,111.47356325740093,114.27924998260744,117.09139951632716,123.29871133385332,126.67155138342581,130.57028823014934,132.90546638181144,136.4696707811129,142.92048972137158,146.3039332335349,147.26398010739055,84.52081260762495,90.51574555137003,98.36788042030855,101.42564496323855,109.23747125418997,114.93967039136504,116.37727290944854,118.6981253390528,122.09413167002452,127.6564945672113,130.33393569634933,134.4684042232582,136.49838501134462,140.23128267937682,140.76180035109002,144.54668872460914,146.38858258691502,146.6733052590014,125.35984441148449,128.69286751371465,130.4387025574688,117.34582410788346,122.6049067275045,129.99558159520097,98.90912196229935,103.05373304176145,105.34735724812134,107.7609943376607,114.66497420437526,120.83460547374621,125.66216489854878,126.36818543649368,121.14500406541757,121.74479569590268,122.65654401643856,110.23342858259315,111.91935888957505,113.87525970505624,116.53175325859631,119.85307302639947,122.19412086871283,110.57504256070038,115.30430730270838,120.63394800354367,35.905491176374596,21.99063835645591,17.45784131709931,14.190762193478339,7.556862510787909,2.5924705037038653,8.342459547171684,15.489500753153362,19.977176654998356,25.563524478039803,26.929229424212302,28.94276685867931,35.845575055348256,38.71254470987898,41.88431314404942,108.34641402591302,115.16442333948837,116.18501777411947,110.75983544540962,112.27812724872015,115.26125597540964,35.54856514503352,39.1819774530437,99.14312631837021,101.87906144187002,103.87720658174348,114.28092481129968,107.53187538797688,110.46750990201299,2.474746249618313,0.0,2.8930561695203973,8.392783162744692,12.600021805845412,16.750401427036714,18.995629477814617,24.889325516804064,100.79101293325898,102.4656322929942,103.26105733660296,15.188139133597005,19.9793879269702,22.85629251350065,25.19726111645112,26.21063863741752,27.019520581832197,88.30324025404973,89.64575543087267,90.38969763292873,90.95460824532682,93.65097116600349,96.01542839758962,84.24687981181656,87.80594050250446,13.720959849409367,16.136783725440072,78.34998078584795,25.084676171350896,26.657743874916115,30.48622516649899,34.892783233743735,44.444072206030505,46.84568520566221,48.55992002038278,43.90537782861562,44.82145915688294,48.90048158878989,56.470345061799165,80.09669252994914,85.09458098408656,87.35669636575919,89.9772432552462,92.9445010802422,94.98766749539294,96.20415752823331,97.81352572724806,103.40411362119984,108.08834738991806,113.82736925779763,118.28115888013049,44.12587541313627,78.35548782378308,84.49666116444037,90.36813082713984,93.58886863081153,95.23965177829034,101.07264432071656,107.86867536832075,110.60598225648653,111.14581371166489,109.11820371705436,110.70320876436493,89.10820374800171,93.76413018642407,98.63929223501282,76.11447686131373,82.4352003167419,87.98761618733373,91.03972726001768,97.1624725593095,97.72408185410438,72.84304974895403,79.02515311269683,79.98864312302388,80.46809072182899,73.85575342379903,79.04618211515002,82.48653224268065,87.93363036920638,91.77458311559627,72.19732783704058,75.31127741916293,76.48532783450537,77.62128205893521,78.00895331141595,79.1129800321071,80.06684689912787,80.54790614703815,85.67985920482514,91.92555236091277,120.68240156668878
112,128.46950698780847,128.40149228351595,123.51225911255756,117.7307571450754,114.21548276033674,112.37670408958815,100.40906413845323,93.39294341543255,93.03358287224508,87.93125448218629,81.47749642970246,75.45256116034064,69.30767702799116,62.534899606578314,57.15928875756775,48.73924897143846,43.49718544645137,73.4176192668357,76.1253101649997,78.75738729152921,83.01700171069909,88.3574576837411,89.31265923315358,95.59757363193421,102.23062006626587,109.32297094591078,114.36661942692133,117.17230615212785,119.98445568584756,126.19176750337373,129.5646075529462,133.46334439966975,135.79852255133184,139.36272695063332,145.813545890892,149.1969894030553,150.15703627691096,87.41386877714535,93.40880172089044,101.26093658982896,104.31870113275896,112.13052742371038,117.83272656088545,119.27032907896894,121.5911815085732,124.98718783954493,130.5495507367317,133.22699186586973,137.3614603927786,139.39144118086503,143.1243388488972,143.6548565206104,147.43974489412952,149.2816387564354,149.5663614285218,128.2529005810049,131.58592368323505,133.3317587269892,120.23888027740387,125.4979628970249,132.88863776472138,101.80217813181976,105.94678921128185,108.24041341764175,110.65405050718111,117.55803037389566,123.72766164326661,128.5552210680692,129.2612416060141,124.03806023493797,124.63785186542309,125.54960018595897,113.12648475211356,114.81241505909546,116.76831587457664,119.42480942811672,122.74612919591988,125.08717703823324,113.46809873022079,118.19736347222879,123.52700417306407,38.798547345895,24.88369452597631,20.350897486619708,17.083818362998734,10.449918680308306,5.485526673224263,11.235515716692081,18.382556922673757,22.87023282451875,28.4565806475602,29.8222855937327,31.83582302819971,38.738631224868655,41.60560087939938,44.77736931356982,111.23947019543343,118.05747950900877,119.07807394363988,113.65289161493003,115.17118341824056,118.15431214493005,38.44162131455391,42.07503362256409,102.03618248789061,104.77211761139043,106.77026275126389,117.17398098082009,110.42493155749729,113.3605660715334,5.367802419138711,2.8930561695203973,0.0,5.499726993224296,9.706965636325016,13.857345257516318,16.102573308294225,21.996269347283672,103.68406910277939,105.3586884625146,106.15411350612337,18.0811953031174,22.872444096490597,25.749348683021047,28.090317285971516,29.103694806937916,29.912576751352592,91.19629642357013,92.53881160039307,93.28275380244914,93.84766441484723,96.5440273355239,98.90848456711002,87.13993598133696,90.69899667202486,16.614016018929764,19.029839894960467,81.24303695536835,27.977732340871295,29.550800044436514,33.37928133601939,37.785839403264134,47.33712837555091,49.73874137518261,51.45297618990319,46.798433998136026,47.714515326403344,51.79353775831029,59.36340123131957,82.98974869946954,87.98763715360697,90.2497525352796,92.8702994247666,95.83755724976261,97.88072366491335,99.09721369775372,100.70658189676847,106.29716979072025,110.98140355943846,116.72042542731803,121.1742150496509,47.01893158265668,81.24854399330349,87.38971733396077,93.26118699666024,96.48192480033194,98.13270794781074,103.96570049023697,110.76173153784116,113.49903842600693,114.03886988118529,112.01125988657476,113.59626493388534,92.00125991752212,96.65718635594448,101.53234840453322,79.00753303083414,85.3282564862623,90.88067235685413,93.93278342953809,100.05552872882991,100.61713802362479,75.73610591847444,81.91820928221723,82.88169929254428,83.36114689134939,76.74880959331944,81.93923828467042,85.37958841220106,90.82668653872679,94.66763928511668,75.09038400656098,78.20433358868334,79.37838400402578,80.51433822845561,80.90200948093636,82.00603620162751,82.95990306864827,83.44096231655855,88.57291537434554,94.81860853043318,123.57545773620919
113,133.96923398103277,133.90121927674025,129.01198610578186,123.2304841382997,119.71520975356104,117.87643108281245,105.90879113167753,98.89267040865685,98.53330986546938,93.43098147541059,86.97722342292674,80.95228815356492,74.80740402121545,68.0346265998026,62.65901575079204,54.23897596466274,48.996912439675654,78.91734626005999,81.62503715822399,84.2571142847535,88.51672870392338,93.85718467696539,94.81238622637787,101.0973006251585,107.73034705949016,114.82269793913507,119.86634642014562,122.67203314535213,125.48418267907185,131.691494496598,135.0643345461705,138.96307139289405,141.29824954455614,144.86245394385762,151.3132728841163,154.6967163962796,155.65676327013526,92.91359577036964,98.90852871411472,106.76066358305324,109.81842812598325,117.63025441693466,123.33245355410973,124.77005607219323,127.09090850179749,130.4869148327692,136.04927772995597,138.726718859094,142.86118738600288,144.8911681740893,148.62406584212147,149.15458351383467,152.9394718873538,154.78136574965967,155.06608842174606,133.75262757422917,137.08565067645932,138.83148572021346,125.73860727062817,130.9976898902492,138.38836475794568,107.30190512504404,111.44651620450614,113.74014041086602,116.15377750040538,123.05775736711993,129.2273886364909,134.0549480612935,134.7609685992384,129.53778722816224,130.13757885864734,131.04932717918322,118.62621174533784,120.31214205231974,122.26804286780093,124.924536421341,128.24585618914415,130.5869040314575,118.96782572344507,123.69709046545307,129.02673116628836,44.29827433911929,30.383421519200603,25.850624479844,22.58354535622303,15.9496456735326,10.985253666448557,16.735242709916378,23.882283915898054,28.369959817743048,33.956307640784495,35.322012586956994,37.335550021424,44.23835821809294,47.10532787262367,50.27709630679411,116.73919718865771,123.55720650223306,124.57780093686416,119.15261860815431,120.67091041146485,123.65403913815433,43.941348307778206,47.574760615788385,107.5359094811149,110.27184460461471,112.26998974448817,122.67370797404438,115.92465855072157,118.86029306475768,10.867529412363005,8.392783162744692,5.499726993224296,0.0,4.20723864310072,8.357618264292022,10.602846315069927,16.496542354059375,109.18379609600368,110.85841545573889,111.65384049934765,23.580922296341697,28.372171089714893,31.249075676245344,33.590044279195816,34.60342180016222,35.412303744576896,96.69602341679442,98.03853859361736,98.78248079567342,99.34739140807152,102.04375432874818,104.40821156033431,92.63966297456125,96.19872366524915,22.11374301215406,24.529566888184764,86.74276394859264,33.477459334095585,35.0505270376608,38.879008329243675,43.28556639648842,52.8368553687752,55.2384683684069,56.952703183127475,52.29816099136031,53.21424231962763,57.29326475153458,64.86312822454386,88.48947569269383,93.48736414683125,95.74947952850388,98.37002641799089,101.3372842429869,103.38045065813763,104.596940690978,106.20630888999275,111.79689678394453,116.48113055266275,122.22015242054232,126.67394204287518,52.51865857588096,86.74827098652777,92.88944432718506,98.76091398988453,101.98165179355622,103.63243494103503,109.46542748346126,116.26145853106544,118.99876541923122,119.53859687440958,117.51098687979905,119.09599192710962,97.5009869107464,102.15691334916876,107.03207539775751,84.50726002405843,90.82798347948659,96.38039935007842,99.43251042276239,105.55525572205421,106.11686501684909,81.23583291169872,87.41793627544152,88.38142628576857,88.86087388457368,82.24853658654372,87.43896527789471,90.87931540542534,96.32641353195108,100.16736627834096,80.59011099978527,83.70406058190764,84.87811099725006,86.0140652216799,86.40173647416064,87.5057631948518,88.45963006187256,88.94068930978284,94.07264236756983,100.31833552365747,129.0751847294335
114,138.17647262413348,138.10845791984096,133.21922474888257,127.43772278140041,123.92244839666175,122.08366972591315,110.11602977477824,103.09990905175756,102.74054850857009,97.6382201185113,91.18446206602745,85.15952679666563,79.01464266431616,72.24186524290332,66.86625439389276,58.446214607763466,53.20415108277638,83.12458490316071,85.83227580132471,88.46435292785422,92.7239673470241,98.06442332006611,99.01962486947859,105.30453926825922,111.93758570259088,119.02993658223579,124.07358506324634,126.87927178845285,129.69142132217257,135.89873313969875,139.27157318927124,143.1703100359948,145.50548818765688,149.06969258695835,155.52051152721702,158.90395503938035,159.864001913236,97.12083441347036,103.11576735721545,110.96790222615397,114.02566676908397,121.83749306003538,127.53969219721046,128.97729471529397,131.29814714489822,134.69415347586994,140.2565163730567,142.93395750219474,147.06842602910362,149.09840681719004,152.83130448522223,153.36182215693543,157.14671053045456,158.98860439276044,159.27332706484682,137.9598662173299,141.29288931956006,143.0387243633142,129.94584591372887,135.20492853334991,142.5956034010464,111.50914376814477,115.65375484760686,117.94737905396676,120.36101614350612,127.26499601022067,133.43462727959164,138.26218670439422,138.96820724233913,133.74502587126298,134.34481750174808,135.25656582228396,122.83345038843856,124.51938069542047,126.47528151090165,129.13177506444174,132.4530948322449,134.79414267455823,123.1750643665458,127.9043291085538,133.23396980938907,48.50551298222001,34.590660162301326,30.057863122944724,26.79078399932375,20.15688431663332,15.192492309549278,20.942481353017097,28.089522558998773,32.57719846084377,38.16354628388522,39.52925123005772,41.54278866452472,48.445596861193664,51.31256651572439,54.48433494989483,120.94643583175844,127.76444514533378,128.7850395799649,123.35985725125504,124.87814905456557,127.86127778125505,48.14858695087893,51.78199925888911,111.74314812421562,114.47908324771544,116.4772283875889,126.8809466171451,120.1318971938223,123.06753170785841,15.074768055463727,12.600021805845413,9.706965636325016,4.20723864310072,0.0,4.150379621191302,6.395607671969207,12.289303710958656,113.3910347391044,115.06565409883962,115.86107914244838,27.788160939442417,32.57940973281561,35.45631431934606,37.79728292229653,38.81066044326293,39.61954238767761,100.90326205989514,102.24577723671808,102.98971943877415,103.55463005117224,106.2509929718489,108.61545020343503,96.84690161766197,100.40596230834987,26.320981655254776,28.73680553128548,90.95000259169336,37.68469797719631,39.25776568076152,43.0862469723444,47.49280503958914,57.04409401187592,59.44570701150762,61.1599418262282,56.505399634461035,57.42148096272835,61.5005033946353,69.07036686764458,92.69671433579454,97.69460278993196,99.95671817160459,102.5772650610916,105.5445228860876,107.58768930123834,108.80417933407871,110.41354753309346,116.00413542704524,120.68836919576346,126.42739106364303,130.8811806859759,56.725897218981686,90.95550962962848,97.09668297028577,102.96815263298524,106.18889043665693,107.83967358413574,113.67266612656196,120.46869717416615,123.20600406233193,123.74583551751029,121.71822552289976,123.30323057021033,101.70822555384711,106.36415199226947,111.23931404085822,88.71449866715913,95.0352221225873,100.58763799317913,103.6397490658631,109.76249436515492,110.3241036599498,85.44307155479943,91.62517491854223,92.58866492886928,93.06811252767439,86.45577522964443,91.64620392099542,95.08655404852605,100.53365217505178,104.37460492144167,84.79734964288598,87.91129922500835,89.08534964035077,90.22130386478061,90.60897511726135,91.7130018379525,92.66686870497327,93.14792795288355,98.27988101067054,104.52557416675818,133.2824233725342
115,142.3268522453248,142.25883754103228,137.3696043700739,131.58810240259174,128.07282801785308,126.23404934710447,114.26640939596956,107.25028867294888,106.8909281297614,101.78859973970262,95.33484168721877,89.30990641785695,83.16502228550748,76.39224486409464,71.01663401508407,62.59659422895477,57.35453070396768,87.27496452435201,89.98265542251602,92.61473254904553,96.8743469682154,102.21480294125742,103.1700044906699,109.45491888945052,116.08796532378219,123.1803162034271,128.22396468443765,131.02965140964415,133.84180094336386,140.04911276089004,143.42195281046253,147.32068965718608,149.65586780884817,153.22007220814965,159.67089114840832,163.05433466057164,164.0143815344273,101.27121403466167,107.26614697840675,115.11828184734527,118.17604639027527,125.98787268122669,131.69007181840175,133.12767433648526,135.44852676608951,138.84453309706123,144.406895994248,147.08433712338604,151.2188056502949,153.24878643838133,156.98168410641352,157.51220177812672,161.29709015164585,163.13898401395173,163.42370668603812,142.1102458385212,145.44326894075135,147.1891039845055,134.0962255349202,139.35530815454123,146.7459830222377,115.65952338933607,119.80413446879817,122.09775867515805,124.51139576469741,131.41537563141196,137.58500690078293,142.41256632558552,143.11858686353042,137.89540549245427,138.49519712293937,139.40694544347525,126.98383000962987,128.66976031661176,130.62566113209294,133.28215468563303,136.60347445343618,138.94452229574952,127.3254439877371,132.0547087297451,137.3843494305804,52.65589260341132,38.741039783492624,34.20824274413602,30.941163620515052,24.307263937824622,19.34287193074058,25.0928609742084,32.23990218019008,36.72757808203507,42.31392590507652,43.67963085124902,45.69316828571603,52.59597648238497,55.4629461369157,58.634714571086135,125.09681545294974,131.9148247665251,132.9354192011562,127.51023687244634,129.02852867575686,132.01165740244633,52.298966572070235,55.932378880080414,115.89352774540693,118.62946286890674,120.6276080087802,131.03132623833642,124.2822768150136,127.21791132904971,19.225147676655027,16.750401427036714,13.857345257516318,8.357618264292022,4.150379621191302,0.0,2.2452280507779054,8.138924089767354,117.5414143602957,119.21603372003092,120.01145876363968,31.93854056063372,36.72978935400691,39.60669394053736,41.94766254348783,42.96104006445423,43.76992200886891,105.05364168108645,106.39615685790939,107.14009905996545,107.70500967236354,110.40137259304021,112.76582982462634,100.99728123885328,104.55634192954118,30.471361276446082,32.88718515247679,95.10038221288467,41.835077598387606,43.40814530195282,47.236626593535696,51.64318466078044,61.194473633067226,63.59608663269893,65.3103214474195,60.65577925565234,61.57186058391966,65.65088301582661,73.22074648883589,96.84709395698586,101.84498241112328,104.10709779279591,106.72764468228291,109.69490250727893,111.73806892242966,112.95455895527003,114.56392715428478,120.15451504823656,124.83874881695478,130.57777068483435,135.0315603071672,60.87627684017299,95.1058892508198,101.24706259147709,107.11853225417656,110.33927005784825,111.99005320532706,117.82304574775328,124.61907679535747,127.35638368352325,127.8962151387016,125.86860514409108,127.45361019140165,105.85860517503843,110.51453161346079,115.38969366204954,92.86487828835045,99.18560174377862,104.73801761437045,107.79012868705442,113.91287398634624,114.47448328114112,89.59345117599075,95.77555453973355,96.7390445500606,97.2184921488657,90.60615485083575,95.79658354218674,99.23693366971737,104.6840317962431,108.52498454263299,88.9477292640773,92.06167884619967,93.23572926154209,94.37168348597193,94.75935473845267,95.86338145914382,96.81724832616459,97.29830757407487,102.43026063186186,108.6759537879495,137.43280299372555
116,144.57208029610268,144.50406559181016,139.61483242085177,133.83333045336963,130.31805606863097,128.47927739788236,116.51163744674744,109.49551672372677,109.13615618053929,104.0338277904805,97.58006973799665,91.55513446863483,85.41025033628536,78.63747291487252,73.26186206586196,64.84182227973267,59.59975875474558,89.52019257512991,92.22788347329391,94.85996059982342,99.1195750189933,104.46003099203531,105.41523254144779,111.70014694022842,118.33319337456008,125.425544254205,130.46919273521553,133.27487946042203,136.08702899414175,142.29434081166792,145.6671808612404,149.56591770796396,151.90109585962605,155.46530025892753,161.9161191991862,165.29956271134952,166.25960958520517,103.51644208543956,109.51137502918465,117.36350989812317,120.42127444105317,128.23310073200457,133.93529986917963,135.37290238726314,137.6937548168674,141.0897611478391,146.6521240450259,149.32956517416392,153.4640337010728,155.4940144891592,159.2269121571914,159.7574298289046,163.54231820242373,165.3842120647296,165.668934736816,144.35547388929908,147.68849699152923,149.43433203528338,136.34145358569808,141.60053620531912,148.9912110730156,117.90475144011397,122.04936251957606,124.34298672593596,126.75662381547532,133.66060368218987,139.83023495156084,144.65779437636343,145.36381491430834,140.14063354323218,140.74042517371728,141.65217349425316,129.22905806040777,130.91498836738967,132.87088918287085,135.52738273641094,138.8487025042141,141.18975034652743,129.570672038515,134.299936780523,139.6295774813583,54.901120654189214,40.98626783427053,36.453470794913926,33.18639167129295,26.552491988602526,21.588099981518482,27.338089024986303,34.48513023096798,38.97280613281298,44.55915395585443,45.924858902026926,47.93839633649393,54.84120453316287,57.7081741876936,60.87994262186404,127.34204350372764,134.16005281730298,135.1806472519341,129.75546492322425,131.27375672653477,134.25688545322424,54.54419462284814,58.17760693085832,118.13875579618482,120.87469091968464,122.8728360595581,133.2765542891143,126.5275048657915,129.46313937982762,21.47037572743293,18.995629477814617,16.10257330829422,10.602846315069927,6.395607671969207,2.2452280507779054,0.0,5.8936960389894475,119.7866424110736,121.46126177080882,122.25668681441758,34.18376861141162,38.97501740478482,41.85192199131527,44.19289059426574,45.20626811523214,46.01515005964682,107.29886973186434,108.64138490868729,109.38532711074335,109.95023772314144,112.6466006438181,115.01105787540423,103.24250928963117,106.80156998031907,32.716589327223986,35.13241320325469,97.34561026366256,44.08030564916551,45.653373352730725,49.4818546443136,53.888412711558345,63.43970168384512,65.84131468347682,67.5555494981974,62.90100730643024,63.817088634697555,67.8961110666045,75.46597453961378,99.09232200776374,104.09021046190117,106.3523258435738,108.9728727330608,111.94013055805681,113.98329697320754,115.19978700604791,116.80915520506267,122.39974309901444,127.08397686773266,132.82299873561223,137.2767883579451,63.12150489095089,97.35111730159768,103.49229064225497,109.36376030495444,112.58449810862614,114.23528125610494,120.06827379853117,126.86430484613535,129.60161173430114,130.1414431894795,128.11383319486896,129.69883824217953,108.10383322581632,112.75975966423867,117.63492171282742,95.11010633912834,101.4308297945565,106.98324566514833,110.0353567378323,116.15810203712412,116.719711331919,91.83867922676863,98.02078259051143,98.98427260083848,99.46372019964359,92.85138290161363,98.04181159296462,101.48216172049526,106.92925984702099,110.77021259341088,91.19295731485518,94.30690689697755,95.48095731231997,96.61691153674981,97.00458278923055,98.1086095099217,99.06247637694247,99.54353562485275,104.67548868263974,110.92118183872738,139.67803104450343
117,150.46577633509216,150.39776163079964,145.50852845984124,139.7270264923591,136.21175210762044,134.37297343687183,122.40533348573692,115.38921276271624,115.02985221952876,109.92752382946998,103.47376577698613,97.44883050762431,91.30394637527483,84.531168953862,79.15555810485142,70.73551831872213,65.49345479373504,95.41388861411937,98.12157951228338,100.75365663881288,105.01327105798276,110.35372703102477,111.30892858043725,117.59384297921788,124.22688941354954,131.31924029319447,136.362888774205,139.1685754994115,141.98072503313122,148.1880368506574,151.56087690022989,155.45961374695344,157.79479189861553,161.358996297917,167.80981523817567,171.193258750339,172.15330562419464,109.41013812442903,115.40507106817411,123.25720593711263,126.31497048004263,134.12679677099405,139.8289959081691,141.2665984262526,143.58745085585687,146.9834571868286,152.54582008401536,155.2232612131534,159.35772974006227,161.3877105281487,165.12060819618085,165.65112586789405,169.43601424141318,171.27790810371906,171.56263077580545,150.24916992828855,153.5821930305187,155.32802807427285,142.23514962468755,147.4942322443086,154.88490711200507,123.79844747910343,127.94305855856553,130.2366827649254,132.65031985446478,139.55429972117935,145.72393099055031,150.5514904153529,151.2575109532978,146.03432958222166,146.63412121270676,147.54586953324264,135.12275409939724,136.80868440637914,138.76458522186033,141.42107877540042,144.74239854320356,147.0834463855169,135.46436807750447,140.1936328195125,145.52327352034777,60.794816693178674,46.87996387325999,42.34716683390339,39.08008771028241,32.44618802759198,27.481796020507936,33.23178506397576,40.378826269957436,44.86650217180243,50.45284999484388,51.81855494101638,53.832092375483384,60.73490057215233,63.601870226683054,66.77363866085349,133.23573954271708,140.05374885629243,141.07434329092354,135.64916096221373,137.16745276552425,140.15058149221372,60.43789066183759,64.07130296984776,124.03245183517429,126.7683869586741,128.76653209854754,139.17025032810375,132.42120090478096,135.35683541881707,27.364071766422384,24.88932551680407,21.996269347283672,16.496542354059375,12.289303710958656,8.138924089767354,5.8936960389894475,0.0,125.68033845006306,127.35495780979828,128.15038285340705,40.077464650401076,44.86871344377427,47.74561803030472,50.08658663325519,51.09996415422159,51.90884609863627,113.1925657708538,114.53508094767675,115.27902314973281,115.8439337621309,118.54029668280756,120.9047539143937,109.13620532862063,112.69526601930853,38.61028536621344,41.02610924224415,103.23930630265203,49.97400168815497,51.547069391720186,55.37555068330306,59.782108750547806,69.33339772283458,71.73501072246627,73.44924553718684,68.79470334541969,69.710784673687,73.78980710559395,81.35967057860323,104.98601804675322,109.98390650089064,112.24602188256327,114.86656877205027,117.83382659704628,119.87699301219702,121.09348304503739,122.70285124405214,128.29343913800392,132.97767290672212,138.7166947746017,143.17048439693457,69.01520092994035,103.24481334058716,109.38598668124445,115.25745634394391,118.47819414761561,120.12897729509442,125.96196983752064,132.75800088512483,135.49530777329062,136.03513922846898,134.00752923385843,135.592534281169,113.99752926480579,118.65345570322815,123.5286177518169,101.00380237811781,107.32452583354598,112.8769417041378,115.92905277682178,122.0517980761136,122.61340737090848,97.73237526575811,103.9144786295009,104.87796863982796,105.35741623863306,98.74507894060311,103.9355076319541,107.37585775948473,112.82295588601046,116.66390863240035,97.08665335384465,100.20060293596703,101.37465335130945,102.51060757573929,102.89827882822003,104.00230554891118,104.95617241593195,105.43723166384223,110.56918472162921,116.81487787771685,145.5717270834929
118,145.15920519768514,145.09119049339262,140.20195732243423,134.42045535495208,130.90518097021342,129.0664022994648,117.0987623483299,110.08264162530922,109.72328108212174,104.62095269206296,98.16719463957911,92.14225937021729,85.99737523786781,79.22459781645497,73.84898696744442,65.42894718131512,60.186883656328035,30.266449835943696,27.558758937779697,24.926681811250184,20.6670673920803,15.326611419038286,14.371409869625804,8.086495470845177,14.71954190517684,21.81189278482175,26.855541265832294,29.661227991038803,32.47337752475852,38.68068934228469,42.05352939185717,45.95226623858071,48.2874443902428,51.85164878954428,58.30246772980294,61.68591124196626,62.64595811582191,25.063934458526568,31.05886740227166,38.91100227121018,41.968766814140174,49.78059310509159,55.482792242266655,56.92039476035015,59.2412471899544,62.63725352092612,68.1996164181129,70.87705754725094,75.01152607415982,77.04150686224624,80.77440453027842,81.30492220199163,85.08981057551077,86.93170443781665,87.21642710990302,65.90296626238609,69.23598936461626,70.9818244083704,57.88894595878509,63.14802857840613,70.5387034461026,14.29109997073073,18.435711050192833,20.72933525655272,23.142972346092087,30.04695221280664,36.2165834821776,41.04414290698018,41.75016344492507,36.52698207384895,37.126773704334056,38.03852202486994,50.77655043349477,52.46248074047667,54.41838155595786,57.07487510949794,60.39619487730109,62.73724271961444,51.11816441160201,55.84742915361001,61.17706985444529,64.8855217568844,78.8003745768031,83.3331716161597,86.60025073978068,93.2341504224711,98.19854242955515,103.94853147302297,111.09557267900465,115.58324858084964,121.16959640389109,122.53530135006359,124.5488387845306,131.45164698119956,134.31861663573028,137.49038506990073,23.728392034344402,30.546401347919748,31.56699578255086,26.141813453841003,27.660105257151532,30.64323398384101,131.1546370708848,134.78804937889498,14.525104326801578,17.261039450301393,19.259184590174847,29.662902819731052,48.07499723887851,51.01063175291462,98.3162666836407,100.79101293325901,103.6840691027794,109.1837960960037,113.39103473910443,117.54141436029573,119.78664241107364,125.68033845006309,0.0,1.6746193597352241,2.470044403343989,110.79421105944829,115.58545985282149,118.46236443935194,120.80333304230241,121.81671056326881,122.62559250768349,28.846362104951346,30.18887728177429,30.932819483830347,31.49773009622844,34.1940930169051,36.55855024849123,24.790001662718172,28.349062353406072,99.39824776109256,101.81407163712326,38.09186752447635,81.89441239169808,83.4674800952633,87.29596138684617,91.70251945409092,73.4241027865403,75.825715786172,77.53995060089257,63.48813220801269,64.40421353628001,68.48323596818696,76.05309944119624,99.6794469093462,104.67733536348362,106.93945074515625,109.55999763464325,112.52725545963926,114.57042187479,115.78691190763037,117.39628010664512,122.9868680005969,127.67110176931511,133.4101236371947,137.86391325952755,73.10590599364608,97.93824220318014,104.07941554383743,109.9508852065369,113.17162301020859,114.8224061576874,120.65539870011362,127.45142974771781,130.1887366358836,130.72856809106196,128.70095809645142,130.285963143762,108.69095812739877,113.34688456582113,118.22204661440988,95.69723124071079,102.01795469613896,107.57037056673079,110.62248163941476,116.74522693870658,117.30683623350146,92.42580412835109,98.60790749209389,99.57139750242094,100.05084510122605,93.43850780319609,98.62893649454708,102.06928662207771,107.51638474860344,111.35733749499333,91.78008221643763,94.89403179856001,96.06808221390243,97.20403643833227,97.59170769081301,98.69573441150416,99.64960127852493,100.13066052643521,105.2626135842222,111.50830674030983,140.26515594608588
119,146.83382455742037,146.76580985312785,141.87657668216946,136.0950747146873,132.57980032994865,130.74102165920004,118.77338170806513,111.75726098504445,111.39790044185698,106.29557205179819,99.84181399931434,93.81687872995252,87.67199459760305,80.8992171761902,75.52360632717964,67.10356654105034,61.86150301606325,31.94106919567892,29.23337829751492,26.60130117098541,22.341686751815523,17.00123077877351,16.04602922936103,9.761114830580402,16.394161264912064,23.486512144556976,28.530160625567518,31.335847350774028,34.14799688449374,40.35530870201991,43.72814875159239,47.62688559831594,49.96206374997802,53.5262681492795,59.977087089538166,63.360530601701484,64.32057747555713,26.738553818261792,32.73348676200688,40.585621630945404,43.6433861738754,51.455212464826815,57.157411602001886,58.59501412008538,60.91586654968963,64.31187288066135,69.87423577784813,72.55167690698617,76.68614543389505,78.71612622198147,82.44902389001365,82.97954156172686,86.764429935246,88.60632379755188,88.89104646963825,67.57758562212132,70.91060872435149,72.65644376810563,59.56356531852031,64.82264793814136,72.21332280583783,15.965719330465955,20.110330409928057,22.403954616287944,24.81759170582731,31.721571572541865,37.89120284191282,42.7187622667154,43.424782804660296,38.20160143358417,38.80139306406928,39.713141384605166,52.451169793229994,54.137100100211896,56.09300091569308,58.74949446923316,62.070814237036316,64.41186207934967,52.792783771337234,57.52204851334523,62.85168921418052,66.56014111661962,80.47499393653831,85.00779097589492,88.2748700995159,94.90876978220632,99.87316178929036,105.62315083275818,112.77019203873986,117.25786794058486,122.84421576362631,124.20992070979881,126.22345814426582,133.12626634093476,135.99323599546548,139.16500442963593,25.403011394079627,32.22102070765497,33.24161514228608,27.816432813576228,29.334724616886756,32.31785334357624,132.82925643062003,136.4626687386302,16.199723686536803,18.935658810036617,20.93380394991007,31.337522179466276,49.749616598613734,52.685251112649844,99.99088604337592,102.46563229299423,105.35868846251462,110.85841545573892,115.06565409883964,119.21603372003095,121.46126177080886,127.35495780979831,1.6746193597352241,0.0,0.7954250436087649,112.4688304191835,117.2600792125567,120.13698379908716,122.47795240203763,123.49132992300403,124.30021186741871,30.52098146468657,31.863496641509514,32.607438843565575,33.17234945596367,35.86871237664033,38.23316960822646,26.464621022453397,30.023681713141297,101.07286712082778,103.48869099685848,39.766486884211574,83.5690317514333,85.14209945499852,88.97058074658139,93.37713881382614,75.09872214627552,77.50033514590721,79.21456996062778,65.1627515677479,66.07883289601521,70.15785532792216,77.72771880093144,101.35406626908143,106.35195472321885,108.61407010489148,111.23461699437848,114.2018748193745,116.24504123452523,117.4615312673656,119.07089946638035,124.66148736033213,129.34572112905033,135.0847429969299,139.53853261926275,74.7805253533813,99.61286156291537,105.75403490357266,111.62550456627213,114.84624236994382,116.49702551742263,122.33001805984885,129.12604910745304,131.86335599561883,132.4031874507972,130.37557745618665,131.96058250349722,110.365577487134,115.02150392555636,119.89666597414511,97.37185060044602,103.69257405587419,109.24498992646602,112.29710099914999,118.41984629844181,118.98145559323669,94.10042348808632,100.28252685182912,101.24601686215617,101.72546446096128,95.11312716293132,100.30355585428231,103.74390598181294,109.19100410833867,113.03195685472856,93.45470157617287,96.56865115829524,97.74270157363766,98.8786557980675,99.26632705054824,100.3703537712394,101.32422063826016,101.80527988617044,106.93723294395743,113.18292610004507,141.93977530582112
120,147.62924960102913,147.5612348967366,142.67200172577822,136.89049975829607,133.3752253735574,131.5364467028088,119.56880675167389,112.55268602865321,112.19332548546573,107.09099709540695,100.6372390429231,94.61230377356128,88.4674196412118,81.69464221979896,76.31903137078841,67.89899158465911,62.656928059672026,32.73649423928769,30.028803341123687,27.396726214594175,23.13711179542429,17.796655822382274,16.84145427296979,10.556539874189166,17.189586308520827,24.281937188165738,29.32558566917628,32.13127239438279,34.9434219281025,41.15073374562867,44.52357379520115,48.422310641924696,50.75748879358678,54.32169319288826,60.772512133146925,64.15595564531024,65.11600251916589,27.53397886187056,33.52891180561565,41.38104667455417,44.438811217484165,52.25063750843558,57.952836645610645,59.39043916369414,61.71129159329839,65.10729792427011,70.66966082145689,73.34710195059493,77.48157047750381,79.51155126559023,83.24444893362241,83.77496660533562,87.55985497885476,89.40174884116064,89.68647151324701,68.37301066573008,71.70603376796025,73.45186881171439,60.35899036212908,65.61807298175012,73.00874784944659,16.76114437407472,20.905755453536823,23.19937965989671,25.613016749436078,32.516996616150635,38.686627885521595,43.514187310324175,44.22020784826907,38.99702647719295,39.596818107678054,40.50856642821394,53.24659483683876,54.93252514382066,56.88842595930185,59.54491951284193,62.86623928064508,65.20728712295843,53.588208814946,58.317473556954,63.64711425778928,67.35556616022839,81.27041898014708,85.8032160195037,89.07029514312467,95.7041948258151,100.66858683289914,106.41857587636696,113.56561708234864,118.05329298419363,123.63964080723508,125.00534575340758,127.0188831878746,133.92169138454355,136.78866103907427,139.96042947324472,26.198436437688393,33.01644575126374,34.037040185894845,28.611857857184987,30.130149660495515,33.113278387185,133.6246814742288,137.25809378223897,16.995148730145566,19.73108385364538,21.729228993518834,32.132947223075035,50.5450416422225,53.48067615625861,100.7863110869847,103.261057336603,106.1541135061234,111.6538404993477,115.86107914244842,120.01145876363972,122.25668681441763,128.15038285340708,2.470044403343989,0.7954250436087649,0.0,113.26425546279228,118.05550425616548,120.93240884269593,123.2733774456464,124.2867549666128,125.09563691102748,31.316406508295337,32.65892168511828,33.40286388717434,33.967774499572435,36.6641374202491,39.02859465183523,27.260046066062163,30.819106756750063,101.86829216443655,104.28411604046725,40.56191192782034,84.36445679504207,85.93752449860729,89.76600579019016,94.17256385743491,75.8941471898843,78.29576018951599,80.00999500423656,65.95817661135668,66.87425793962399,70.95328037153094,78.52314384454021,102.14949131269019,107.14737976682761,109.40949514850024,112.03004203798724,114.99729986298325,117.04046627813399,118.25695631097436,119.86632450998911,125.45691240394089,130.1411461726591,135.88016804053865,140.3339576628715,75.57595039699007,100.40828660652413,106.54945994718142,112.42092960988089,115.64166741355258,117.29245056103139,123.12544310345761,129.9214741510618,132.6587810392276,133.19861249440595,131.1710024997954,132.75600754710598,111.16100253074276,115.81692896916512,120.69209101775387,98.16727564405478,104.48799909948295,110.04041497007478,113.09252604275875,119.21527134205057,119.77688063684545,94.89584853169508,101.07795189543788,102.04144190576493,102.52088950457004,95.90855220654008,101.09898089789107,104.5393310254217,109.98642915194743,113.82738189833732,94.25012661978162,97.364076201904,98.53812661724642,99.67408084167626,100.061752094157,101.16577881484815,102.11964568186892,102.6007049297792,107.73265798756618,113.97835114365382,142.73520034942987
121,135.57964894447736,135.51163424018483,130.62240106922644,124.84089910174428,121.32562471700562,119.48684604625703,107.51920609512212,100.50308537210144,100.14372482891396,95.04139643885517,88.58763838637132,82.5627031170095,76.41781898466003,69.64504156324719,64.26943071423662,55.849390928107326,50.60732740312024,80.52776122350457,83.23545212166857,85.86752924819808,90.12714366736796,95.46759964040997,96.42280118982245,102.70771558860308,109.34076202293474,116.43311290257965,121.4767613835902,124.28244810879671,127.09459764251643,133.3019094600426,136.67474950961508,140.57348635633863,142.90866450800073,146.4728689073022,152.92368784756087,156.3071313597242,157.26717823357984,94.52401073381422,100.5189436775593,108.37107854649783,111.42884308942783,119.24066938037925,124.94286851755432,126.38047103563781,128.70132346524207,132.09732979621378,137.65969269340056,140.3371338225386,144.47160234944747,146.50158313753388,150.23448080556608,150.76499847727928,154.5498868507984,156.39178071310428,156.67650338519067,135.36304253767375,138.6960656399039,140.44190068365805,127.34902223407275,132.6081048536938,139.99877972139026,108.91232008848863,113.05693116795072,115.3505553743106,117.76419246384997,124.66817233056452,130.83780359993548,135.66536302473807,136.37138356268298,131.14820219160683,131.74799382209193,132.6597421426278,120.23662670878242,121.92255701576433,123.87845783124551,126.53495138478559,129.85627115258873,132.19731899490208,120.57824068688966,125.30750542889766,130.63714612973294,45.90868930256387,31.993836482645186,27.461039443288584,24.193960319667614,17.560060636977184,12.59566862989314,6.84567958642532,13.992720792406997,18.480396694251993,24.066744517293444,25.432449463465943,27.44598689793295,34.3487950946019,37.215764749132624,40.38753318330306,118.3496121521023,125.16762146567764,126.18821590030875,120.7630335715989,122.28132537490943,125.26445410159891,34.051785184287155,37.685197492297334,109.14632444455948,111.8822595680593,113.88040470793275,124.28412293748896,117.53507351416616,120.47070802820227,12.713392883978692,15.188139133597005,18.081195303117404,23.5809222963417,27.78816093944242,31.938540560633722,34.18376861141163,40.077464650401076,110.79421105944826,112.46883041918348,113.26425546279224,0.0,4.791248793373196,7.668153379903648,10.009121982854118,11.022499503820521,11.831381448235199,98.306438380239,99.64895355706194,100.392895759118,100.9578063715161,103.65416929219276,106.01862652377889,94.25007793800583,97.80913862869373,23.724157975598644,26.139981851629347,88.35317891203722,35.08787429754017,36.66094200110538,40.48942329268826,44.895981359933,54.44727033221978,56.84888333185148,58.56311814657206,53.908575954804896,54.82465728307221,58.90367971497916,66.47354318798844,90.09989065613841,95.09777911027584,97.35989449194847,99.98044138143547,102.94769920643148,104.99086562158222,106.20735565442259,107.81672385343734,113.40731174738912,118.09154551610733,123.8305673839869,128.28435700631977,54.129073539325546,88.35868594997235,94.49985929062964,100.37132895332911,103.59206675700081,105.24284990447961,111.07584244690584,117.87187349451003,120.6091803826758,121.14901183785416,119.12140184324363,120.7064068905542,99.11140187419099,103.76732831261334,108.64249036120209,86.11767498750301,92.43839844293117,97.990814313523,101.04292538620697,107.1656706854988,107.72727998029367,82.8462478751433,89.0283512388861,89.99184124921315,90.47128884801826,83.8589515499883,89.04938024133929,92.48973036886993,97.93682849539566,101.77778124178555,82.20052596322985,85.31447554535222,86.48852596069464,87.62448018512448,88.01215143760523,89.11617815829638,90.07004502531714,90.55110427322742,95.68305733101441,101.92875048710205,130.68559969287807
122,140.37089773785053,140.302883033558,135.4136498625996,129.63214789511747,126.11687351037882,124.27809483963023,112.31045488849531,105.29433416547464,104.93497362228716,99.83264523222837,93.37888717974452,87.3539519103827,81.20906777803323,74.43629035662039,69.06067950760982,60.640639721480525,55.39857619649344,85.31901001687777,88.02670091504177,90.65877804157128,94.91839246074116,100.25884843378317,101.21404998319565,107.49896438197628,114.13201081630794,121.22436169595285,126.2680101769634,129.0736969021699,131.88584643588962,138.0931582534158,141.46599830298828,145.36473514971183,147.69991330137393,151.2641177006754,157.71493664093407,161.0983801530974,162.05842702695304,99.31525952718742,105.3101924709325,113.16232733987103,116.22009188280103,124.03191817375244,129.7341173109275,131.171719829011,133.49257225861527,136.88857858958698,142.45094148677376,145.1283826159118,149.26285114282067,151.29283193090708,155.02572959893928,155.55624727065248,159.3411356441716,161.18302950647748,161.46775217856387,140.15429133104695,143.4873144332771,145.23314947703125,132.14027102744595,137.399353647067,144.79002851476346,113.70356888186183,117.84817996132392,120.1418041676838,122.55544125722317,129.45942112393772,135.62905239330868,140.45661181811127,141.16263235605618,135.93945098498003,136.53924261546513,137.450990936001,125.02787550215562,126.71380580913753,128.66970662461873,131.3262001781588,134.64751994596196,136.9885677882753,125.36948948026286,130.09875422227086,135.42839492310614,50.69993809593707,36.78508527601838,32.25228823666178,28.985209113040806,22.351309430350376,17.386917423266333,11.636928379798515,18.78396958578019,23.271645487625186,28.857993310666636,30.223698256839135,32.23723569130614,39.14004388797508,42.00701354250581,45.17878197667625,123.1408609454755,129.95887025905085,130.97946469368196,125.5542823649721,127.07257416828263,130.05570289497211,38.84303397766035,42.47644628567053,113.93757323793268,116.6735083614325,118.67165350130595,129.07537173086217,122.32632230753936,125.26195682157547,17.504641677351884,19.979387926970197,22.872444096490597,28.372171089714893,32.57940973281561,36.72978935400691,38.975017404784815,44.86871344377426,115.58545985282146,117.26007921255668,118.05550425616543,4.791248793373196,0.0,2.876904586530452,5.217873189480921,6.2312507104473225,7.040132654861999,103.0976871736122,104.44020235043514,105.1841445524912,105.7490551648893,108.44541808556596,110.80987531715209,99.04132673137903,102.60038742206693,28.515406768971836,30.93123064500254,93.14442770541042,39.87912309091336,41.452190794478575,45.28067208606145,49.687230153306196,59.23851912559298,61.64013212522468,63.35436693994526,58.699824748178095,59.61590607644541,63.69492850835236,71.26479198136164,94.89113944951161,99.88902790364904,102.15114328532167,104.77169017480867,107.73894799980468,109.78211441495542,110.99860444779578,112.60797264681054,118.19856054076232,122.88279430948053,128.6218161773601,133.07560579969297,58.920322332698746,93.14993474334555,99.29110808400284,105.16257774670231,108.38331555037401,110.03409869785281,115.86709124027904,122.66312228788323,125.400429176049,125.94026063122736,123.91265063661683,125.4976556839274,103.90265066756419,108.55857710598654,113.43373915457529,90.90892378087621,97.22964723630437,102.7820631068962,105.83417417958017,111.956919478872,112.51852877366687,87.6374966685165,93.8196000322593,94.78309004258635,95.26253764139146,88.6502003433615,93.84062903471249,97.28097916224313,102.72807728876886,106.56903003515875,86.99177475660305,90.10572433872542,91.27977475406784,92.41572897849768,92.80340023097843,93.90742695166958,94.86129381869034,95.34235306660062,100.47430612438761,106.71999928047525,135.47684848625127
123,143.247802324381,143.1797876200885,138.2905544491301,132.50905248164796,128.9937780969093,127.15499942616069,115.18735947502577,108.1712387520051,107.81187820881762,102.70954981875883,96.25579176627498,90.23085649691316,84.08597236456369,77.31319494315085,71.93758409414028,63.51754430801098,58.275480783023895,88.19591460340823,90.90360550157223,93.53568262810174,97.79529704727162,103.13575302031363,104.09095456972611,110.37586896850674,117.0089154028384,124.10126628248331,129.14491476349386,131.95060148870036,134.76275102242008,140.97006283994625,144.34290288951874,148.2416397362423,150.57681788790438,154.14102228720586,160.59184122746453,163.97528473962785,164.9353316134835,102.19216411371788,108.18709705746296,116.03923192640148,119.09699646933149,126.9088227602829,132.61102189745796,134.04862441554147,136.36947684514573,139.76548317611744,145.32784607330422,148.00528720244225,152.13975572935112,154.16973651743754,157.9026341854697,158.4331518571829,162.21804023070203,164.0599340930079,164.3446567650943,143.0311959175774,146.36421901980756,148.1100540635617,135.0171756139764,140.27625823359745,147.66693310129392,116.58047346839228,120.72508454785438,123.01870875421426,125.43234584375362,132.33632571046817,138.50595697983914,143.33351640464173,144.03953694258664,138.81635557151048,139.41614720199559,140.32789552253146,127.90478008868608,129.59071039566797,131.54661121114916,134.20310476468924,137.5244245324924,139.86547237480573,128.24639406679333,132.97565880880134,138.30529950963663,53.57684268246753,39.661989862548836,35.129192823192234,31.862113699571264,25.228214016880834,20.26382200979679,14.51383296632897,21.660874172310645,26.14855007415564,31.734897897197087,33.100602843369586,35.11414027783659,42.01694847450553,44.88391812903626,48.0556865632067,126.01776553200595,132.8357748455813,133.85636928021242,128.43118695150255,129.94947875481307,132.93260748150254,41.7199385641908,45.35335087220098,116.81447782446314,119.55041294796295,121.54855808783641,131.9522763173926,125.20322689406981,128.13886140810592,20.381546263882342,22.856292513500655,25.749348683021054,31.24907567624535,35.45631431934607,39.60669394053737,41.85192199131527,47.74561803030472,118.46236443935192,120.13698379908713,120.93240884269589,7.668153379903648,2.876904586530452,0.0,2.3409686029504693,3.354346123916871,4.163228068331549,105.97459176014266,107.3171069369656,108.06104913902166,108.62595975141976,111.32232267209642,113.68677990368255,101.91823131790949,105.47729200859739,31.392311355502294,33.808135231533,96.02133229194088,42.75602767744382,44.32909538100903,48.15757667259191,52.56413473983665,62.11542371212344,64.51703671175514,66.23127152647571,61.57672933470855,62.49281066297587,66.57183309488282,74.1416965678921,97.76804403604207,102.7659324901795,105.02804787185212,107.64859476133913,110.61585258633514,112.65901900148587,113.87550903432624,115.484877233341,121.07546512729277,125.75969889601099,131.49872076389056,135.95251038622342,61.7972269192292,96.02683932987601,102.1680126705333,108.03948233323277,111.26022013690446,112.91100328438327,118.7439958268095,125.54002687441368,128.27733376257947,128.81716521775783,126.78955522314729,128.37456027045786,106.77955525409465,111.435481692517,116.31064374110575,93.78582836740667,100.10655182283483,105.65896769342666,108.71107876611063,114.83382406540245,115.39543336019733,90.51440125504696,96.69650461878976,97.65999462911681,98.13944222792192,91.52710492989196,96.71753362124295,100.15788374877359,105.60498187529932,109.4459346216892,89.86867934313351,92.98262892525588,94.1566793405983,95.29263356502814,95.68030481750888,96.78433153820004,97.7381984052208,98.21925765313108,103.35121071091807,109.59690386700571,138.35375307278176
124,145.58877092733147,145.52075622303894,140.63152305208055,134.8500210845984,131.33474669985975,129.49596802911114,117.52832807797623,110.51220735495555,110.15284681176807,105.05051842170928,98.59676036922544,92.57182509986362,86.42694096751414,79.6541635461013,74.27855269709075,65.85851291096145,60.61644938597436,90.5368832063587,93.2445741045227,95.87665123105221,100.13626565022209,105.4767216232641,106.43192317267658,112.7168375714572,119.34988400578887,126.44223488543378,131.4858833664443,134.2915700916508,137.10371962537053,143.3110314428967,146.6838714924692,150.58260833919275,152.91778649085484,156.4819908901563,162.93280983041498,166.3162533425783,167.27630021643395,104.53313271666835,110.52806566041343,118.38020052935195,121.43796507228195,129.24979136323336,134.9519905004084,136.38959301849192,138.71044544809618,142.1064517790679,147.66881467625467,150.3462558053927,154.48072433230158,156.510705120388,160.24360278842016,160.77412046013336,164.55900883365248,166.40090269595837,166.68562536804475,145.37216452052786,148.70518762275802,150.45102266651216,137.35814421692686,142.6172268365479,150.00790170424438,118.92144207134275,123.06605315080485,125.35967735716474,127.7733144467041,134.67729431341866,140.84692558278962,145.6744850075922,146.38050554553712,141.15732417446097,141.75711580494607,142.66886412548195,130.24574869163655,131.93167899861845,133.88757981409964,136.54407336763973,139.86539313544287,142.20644097775622,130.58736266974378,135.3166274117518,140.64626811258708,55.917811285418,42.00295846549931,37.47016142614271,34.203082302521736,27.569182619831302,22.60479061274726,16.854801569279438,24.001842775261114,28.48951867710611,34.075866500147555,35.441571446320054,37.45510888078706,44.357917077456,47.22488673198673,50.39665516615717,128.35873413495642,135.17674344853177,136.19733788316287,130.77215555445304,132.29044735776355,135.27357608445303,44.060907167141266,47.694319475151445,119.15544642741361,121.89138155091342,123.88952669078688,134.29324492034308,127.54419549702028,130.47983001105638,22.72251486683281,25.197261116451124,28.090317285971523,33.590044279195816,37.79728292229653,41.94766254348784,44.19289059426574,50.08658663325519,120.80333304230238,122.4779524020376,123.27337744564636,10.009121982854117,5.217873189480921,2.3409686029504693,0.0,1.013377520966402,1.822259465381079,108.31556036309313,109.65807553991607,110.40201774197213,110.96692835437022,113.66329127504689,116.02774850663302,104.25919992085996,107.81826061154786,33.73327995845276,36.14910383448347,98.36230089489135,45.09699628039429,46.67006398395951,50.498545275542384,54.90510334278713,64.4563923150739,66.8580053147056,68.57224012942616,63.91769793765902,64.83377926592634,68.91280169783329,76.48266517084257,100.10901263899252,105.10690109312995,107.36901647480258,109.98956336428958,112.95682118928559,114.99998760443633,116.2164776372767,117.82584583629145,123.41643373024323,128.10066749896143,133.83968936684101,138.29347898917388,64.13819552217967,98.36780793282647,104.50898127348376,110.38045093618322,113.60118873985492,115.25197188733372,121.08496442975995,127.88099547736414,130.61830236552993,131.1581338207083,129.13052382609774,130.71552887340832,109.1205238570451,113.77645029546746,118.6516123440562,96.12679697035712,102.44752042578529,107.99993629637711,111.05204736906109,117.17479266835291,117.73640196314778,92.85536985799742,99.03747322174021,100.00096323206726,100.48041083087237,93.86807353284242,99.0585022241934,102.49885235172404,107.94595047824977,111.78690322463966,92.20964794608396,95.32359752820634,96.49764794354876,97.6336021679786,98.02127342045934,99.12530014115049,100.07916700817125,100.56022625608153,105.69217931386852,111.93787246995616,140.6947216757322
125,146.60214844829787,146.53413374400535,141.64490057304695,135.8633986055648,132.34812422082615,130.50934555007754,118.54170559894263,111.52558487592195,111.16622433273447,106.06389594267569,99.61013789019184,93.58520262083002,87.44031848848054,80.6675410670677,75.29193021805715,66.87189043192785,61.629826906940764,91.5502607273251,94.2579516254891,96.89002875201861,101.14964317118849,106.4900991442305,107.44530069364298,113.7302150924236,120.36326152675527,127.45561240640018,132.4992608874107,135.3049476126172,138.11709714633693,144.3244089638631,147.6972490134356,151.59598586015915,153.93116401182124,157.4953684111227,163.94618735138138,167.3296308635447,168.28967773740035,105.54651023763475,111.54144318137983,119.39357805031835,122.45134259324836,130.26316888419976,135.96536802137481,137.40297053945832,139.72382296906258,143.1198293000343,148.68219219722107,151.3596333263591,155.49410185326798,157.5240826413544,161.25698030938656,161.78749798109976,165.57238635461889,167.41428021692477,167.69900288901115,146.38554204149426,149.71856514372442,151.46440018747856,138.37152173789326,143.6306043575143,151.02127922521078,119.93481959230915,124.07943067177125,126.37305487813114,128.78669196767052,135.69067183438509,141.86030310375605,146.68786252855864,147.39388306650355,142.1707016954274,142.7704933259125,143.68224164644838,131.25912621260295,132.94505651958485,134.90095733506604,137.55745088860613,140.87877065640927,143.21981849872262,131.60074019071018,136.3300049327182,141.65964563355348,56.9311888063844,43.01633598646571,38.48353894710911,35.21645982348814,28.582560140797703,23.61816813371366,17.86817909024584,25.015220296227515,29.50289619807251,35.089244021113956,36.454948967286455,38.46848640175346,45.3712945984224,48.23826425295313,51.41003268712357,129.37211165592282,136.19012096949817,137.21071540412927,131.78553307541944,133.30382487872996,136.28695360541943,45.07428468810767,48.707696996117846,120.16882394838001,122.90475907187982,124.90290421175328,135.3066224413095,128.5575730179867,131.4932075320228,23.73589238779921,26.210638637417524,29.103694806937924,34.60342180016222,38.81066044326293,42.96104006445424,45.20626811523214,51.09996415422159,121.81671056326878,123.491329923004,124.28675496661276,11.02249950382052,6.231250710447323,3.354346123916871,1.013377520966402,0.0,0.8088819444146771,109.32893788405953,110.67145306088247,111.41539526293853,111.98030587533663,114.67666879601329,117.04112602759942,105.27257744182636,108.83163813251426,34.74665747941916,37.16248135544987,99.37567841585775,46.110373801360694,47.68344150492591,51.511922796508784,55.91848086375353,65.4697698360403,67.871382835672,69.58561765039256,64.93107545862541,65.84715678689273,69.92617921879967,77.49604269180895,101.12239015995893,106.12027861409635,108.38239399576898,111.00294088525598,113.97019871025199,116.01336512540273,117.2298551582431,118.83922335725785,124.42981125120963,129.11404501992783,134.85306688780742,139.30685651014028,65.15157304314607,99.38118545379287,105.52235879445016,111.39382845714962,114.61456626082132,116.26534940830012,122.09834195072635,128.89437299833054,131.63167988649633,132.1715113416747,130.14390134706414,131.72890639437472,110.1339013780115,114.78982781643386,119.6649898650226,97.14017449132352,103.46089794675169,109.01331381734352,112.06542489002749,118.18817018931931,118.74977948411419,93.86874737896382,100.05085074270661,101.01434075303366,101.49378835183877,94.88145105380882,100.0718797451598,103.51222987269044,108.95932799921617,112.80028074560606,93.22302546705036,96.33697504917274,97.51102546451516,98.646979688945,99.03465094142574,100.13867766211689,101.09254452913765,101.57360377704794,106.70555683483492,112.95124999092256,141.7080991966986
126,147.41103039271255,147.34301568842002,142.45378251746163,136.6722805499795,133.15700616524083,131.31822749449222,119.3505875433573,112.33446682033663,111.97510627714915,106.87277788709036,100.41901983460652,94.3940845652447,88.24920043289522,81.47642301148238,76.10081216247183,67.68077237634253,62.43870885135544,92.35914267173978,95.06683356990378,97.69891069643329,101.95852511560317,107.29898108864518,108.25418263805766,114.53909703683829,121.17214347116995,128.26449435081486,133.3081428318254,136.1138295570319,138.9259790907516,145.1332909082778,148.50613095785027,152.40486780457383,154.74004595623592,158.3042503555374,164.75506929579606,168.1385128079594,169.09855968181503,106.35539218204943,112.35032512579451,120.20245999473303,123.26022453766303,131.07205082861444,136.7742499657895,138.211852483873,140.53270491347726,143.92871124444898,149.49107414163575,152.16851527077378,156.30298379768266,158.33296458576908,162.06586225380124,162.59637992551444,166.38126829903356,168.22316216133945,168.50788483342583,147.19442398590894,150.5274470881391,152.27328213189324,139.18040368230794,144.43948630192898,151.83016116962546,120.74370153672383,124.88831261618593,127.18193682254582,129.5955739120852,136.49955377879976,142.66918504817073,147.49674447297332,148.20276501091823,142.97958363984208,143.57937527032718,144.49112359086305,132.06800815701763,133.75393846399953,135.70983927948072,138.3663328330208,141.68765260082395,144.0287004431373,132.40962213512486,137.13888687713288,142.46852757796816,57.74007075079908,43.82521793088039,39.29242089152379,36.025341767902816,29.391442085212383,24.42705007812834,18.677061034660518,25.824102240642194,30.31177814248719,35.898125965528635,37.263830911701135,39.27736834616814,46.18017654283708,49.04714619736781,52.21891463153825,130.1809936003375,136.99900291391285,138.01959734854395,132.59441501983412,134.11270682314463,137.0958355498341,45.88316663252235,49.516578940532526,120.97770589279469,123.7136410162945,125.71178615616796,136.11550438572417,129.36645496240138,132.3020894764375,24.54477433221389,27.019520581832204,29.912576751352603,35.412303744576896,39.61954238767761,43.76992200886892,46.01515005964682,51.90884609863627,122.62559250768346,124.30021186741868,125.09563691102744,11.831381448235197,7.040132654862001,4.163228068331549,1.822259465381079,0.8088819444146771,0.0,110.1378198284742,111.48033500529715,112.22427720735321,112.7891878197513,115.48555074042797,117.8500079720141,106.08145938624104,109.64052007692894,35.55553942383384,37.97136329986455,100.18456036027243,46.919255745775374,48.49232344934059,52.320804740923464,56.72736280816821,66.27865178045498,68.68026478008667,70.39449959480724,65.7399574030401,66.6560387313074,70.73506116321435,78.30492463622363,101.9312721043736,106.92916055851103,109.19127594018366,111.81182282967066,114.77908065466667,116.82224706981741,118.03873710265778,119.64810530167253,125.23869319562431,129.9229269643425,135.6619488322221,140.11573845455496,65.96045498756075,100.19006739820755,106.33124073886484,112.2027104015643,115.423448205236,117.0742313527148,122.90722389514103,129.70325494274522,132.440561830911,132.98039328608937,130.95278329147882,132.5377883387894,110.94278332242618,115.59870976084854,120.47387180943728,97.9490564357382,104.26977989116637,109.8221957617582,112.87430683444217,118.99705213373399,119.55866142852886,94.6776293233785,100.8597326871213,101.82322269744834,102.30267029625345,95.6903329982235,100.88076168957448,104.32111181710512,109.76820994363085,113.60916269002074,94.03190741146504,97.14585699358742,98.31990740892984,99.45586163335967,99.84353288584042,100.94755960653157,101.90142647355233,102.38248572146261,107.5144387792496,113.76013193533724,142.5169811411133
127,132.67143251847588,132.60341781418336,127.71418464322497,121.93268267574281,118.41740829100415,116.57862962025555,104.61098966912064,97.59486894609996,97.23550840291249,92.1331800128537,85.67942196036985,79.65448669100803,73.50960255865856,66.73682513724572,61.36121428823516,52.941174502105866,47.69911097711878,17.778677156734442,15.070986258570445,12.43890913204093,8.179294712871046,13.51975068591306,14.474952235325542,20.759866634106167,27.392913068437828,34.48526394808274,39.52891242909328,42.334599154299795,45.14674868801951,51.354060505545675,54.726900555118156,58.6256374018417,60.960815553503785,64.52501995280527,70.97583889306394,74.35928240522725,75.3193292790829,12.576161779317314,18.571094723062405,26.42322959200093,29.480994134930924,37.29282042588234,42.99501956305741,44.432622081140906,46.75347451074516,50.14948084171688,55.711843738903646,58.389284868041685,62.52375339495055,64.55373418303698,68.28663185106916,68.81714952278237,72.60203789630151,74.44393175860739,74.72865443069377,53.41519358317685,56.748216685407016,58.49405172916116,45.401173279575836,50.660255899196876,58.05093076689336,26.964471133991722,31.109082213453824,33.40270641981371,35.816343509353075,42.720323376067626,48.889954645438586,53.717514070241165,54.42353460818606,49.20035323710994,49.800144867595044,50.71189318813093,38.28877775428552,39.97470806126742,41.93060887674861,44.58710243028869,47.90842219809184,50.24947004040519,38.63039173239276,43.35965647440076,48.68929717523604,52.397749077675144,66.31260189759384,70.84539893695045,74.11247806057142,80.74637774326185,85.71076975034589,91.46075879381371,98.60779999979539,103.09547590164038,108.68182372468183,110.04752867085433,112.06106610532134,118.96387430199029,121.83084395652102,125.00261239069145,36.40176319760539,43.219772511180736,44.24036694581184,38.81518461710199,40.333476420412524,43.316605147102,118.66686439167555,122.30027669968572,27.19847549006257,29.934410613562385,31.93255575343584,42.33627398299204,35.58722455966926,38.52285907370537,85.82849400443145,88.30324025404975,91.19629642357015,96.69602341679445,100.90326205989517,105.05364168108648,107.29886973186439,113.19256577085383,28.846362104951346,30.52098146468657,31.316406508295337,98.30643838023903,103.09768717361223,105.97459176014269,108.31556036309316,109.32893788405956,110.13781982847424,0.0,1.3425151768229437,2.086457378879002,2.6513679912770973,5.347730911953757,7.712188143539885,12.302228983508918,15.861289674196819,86.9104750818833,89.326298957914,25.604094845267092,69.40663971248883,70.97970741605404,74.80818870763692,79.21474677488166,60.93633010733105,63.337943106962754,65.05217792168332,51.000359528803436,51.916440857070754,55.9954632889777,63.56532676198698,87.19167423013694,92.18956268427436,94.451678065947,97.072224955434,100.03948278043,102.08264919558074,103.29913922842111,104.90850742743586,110.49909532138764,115.18332909010586,120.92235095798543,125.37614058031829,60.61813331443682,85.45046952397088,91.59164286462817,97.46311252732764,100.68385033099933,102.33463347847814,108.16762602090436,114.96365706850855,117.70096395667433,118.24079541185269,116.21318541724216,117.79819046455273,96.20318544818952,100.85911188661187,105.73427393520062,83.20945856150153,89.5301820169297,95.08259788752153,98.1347089602055,104.25745425949732,104.8190635542922,79.93803144914183,86.12013481288463,87.08362482321168,87.56307242201679,80.95073512398683,86.14116381533782,89.58151394286845,95.02861206939419,98.86956481578407,79.29230953722838,82.40625911935075,83.58030953469317,84.71626375912301,85.10393501160375,86.2079617322949,87.16182859931567,87.64288784722595,92.77484090501294,99.02053406110058,127.7773832668766
128,134.01394769529884,133.94593299100632,129.05669982004792,123.27519785256577,119.75992346782711,117.92114479707851,105.9535048459436,98.93738412292292,98.57802357973544,93.47569518967666,87.02193713719281,80.99700186783099,74.85211773548151,68.07934031406867,62.7037294650581,54.28368967892881,49.04162615394172,19.12119233355739,16.41350143539339,13.781424308863876,9.52180988969399,14.862265862736004,15.817467412148485,22.10238181092911,28.73542824526077,35.82777912490568,40.871427605916224,43.67711433112274,46.48926386484245,52.69657568236862,56.0694157319411,59.96815257866464,62.30333073032673,65.86753512962821,72.31835406988688,75.70179758205019,76.66184445590584,13.91867695614026,19.91360989988535,27.765744768823875,30.82350931175387,38.63533560270528,44.337534739880354,45.77513725796385,48.0959896875681,51.49199601853982,57.05435891572659,59.73180004486463,63.866268571773496,65.89624935985992,69.6291470278921,70.15966469960532,73.94455307312445,75.78644693543033,76.07116960751671,54.757708759999794,58.09073186222996,59.8365669059841,46.74368845639878,52.00277107601982,59.3934459437163,28.306986310814665,32.45159739027677,34.745221596636654,37.15885868617602,44.06283855289057,50.23246982226153,55.06002924706411,55.766049785009,50.54286841393288,51.14266004441799,52.05440836495387,39.63129293110846,41.317223238090364,43.27312405357155,45.92961760711163,49.250937374914784,51.591985217228135,39.9729069092157,44.7021716512237,50.031812352058985,53.740264254498086,67.65511707441678,72.18791411377339,75.45499323739436,82.08889292008479,87.05328492716883,92.80327397063665,99.95031517661833,104.43799107846333,110.02433890150478,111.39004384767728,113.40358128214429,120.30638947881323,123.17335913334396,126.3451275675144,37.74427837442833,44.56228768800368,45.582882122634786,40.157699793924934,41.675991597235466,44.659120323924945,120.0093795684985,123.64279187650868,28.540990666885513,31.276925790385327,33.275070930258785,43.67878915981499,36.9297397364922,39.86537425052831,87.17100918125439,89.6457554308727,92.53881160039309,98.03853859361739,102.24577723671811,106.39615685790942,108.64138490868733,114.53508094767678,30.18887728177429,31.863496641509514,32.65892168511828,99.64895355706197,104.44020235043517,107.31710693696563,109.6580755399161,110.6714530608825,111.48033500529718,1.3425151768229437,0.0,0.7439422020560582,1.3088528144541534,4.005215735130813,6.369672966716941,13.644744160331864,17.203804851019765,88.25299025870625,90.66881413473695,26.94661002209004,70.74915488931177,72.32222259287698,76.15070388445986,80.5572619517046,62.278845284153995,64.6804582837857,66.39469309850627,52.34287470562638,53.258956033893696,57.337978465800646,64.90784193880992,88.5341894069599,93.53207786109732,95.79419324276995,98.41474013225695,101.38199795725296,103.4251643724037,104.64165440524407,106.25102260425882,111.8416104982106,116.52584426692881,122.26486613480839,126.71865575714125,61.96064849125976,86.79298470079384,92.93415804145113,98.8056277041506,102.02636550782229,103.6771486553011,109.51014119772732,116.30617224533151,119.04347913349729,119.58331058867564,117.55570059406512,119.14070564137569,97.54570062501247,102.20162706343483,107.07678911202358,84.55197373832449,90.87269719375266,96.42511306434449,99.47722413702846,105.59996943632028,106.16157873111516,81.28054662596479,87.46264998970759,88.42614000003464,88.90558759883974,82.29325030080979,87.48367899216078,90.92402911969141,96.37112724621714,100.21207999260703,80.63482471405133,83.7487742961737,84.92282471151613,86.05877893594597,86.44645018842671,87.55047690911786,88.50434377613863,88.9854030240489,94.1173560818359,100.36304923792353,129.11989844369955
129,134.7578898973549,134.68987519306236,129.80064202210397,124.01914005462181,120.50386566988315,118.66508699913456,106.69744704799965,99.68132632497897,99.32196578179149,94.2196373917327,87.76587933924885,81.74094406988704,75.59605993753756,68.82328251612472,63.447671667114165,55.02763188098487,49.78556835599778,19.865134535613446,17.157443637449447,14.525366510919934,10.265752091750048,15.606208064792062,16.561409614204543,22.84632401298517,29.479370447316832,36.57172132696174,41.615369807972286,44.4210565331788,47.23320606689851,53.44051788442468,56.81335793399716,60.712094780720705,63.04727293238279,66.61147733168427,73.06229627194294,76.44573978410625,77.4057866579619,14.662619158196318,20.65755210194141,28.509686970879933,31.567451513809928,39.379277804761344,45.081476941936415,46.51907946001991,48.83993188962416,52.235938220595884,57.79830111778265,60.47574224692069,64.61021077382956,66.64019156191598,70.37308922994816,70.90360690166138,74.68849527518051,76.5303891374864,76.81511180957277,55.501650962055855,58.83467406428602,60.58050910804016,47.48763065845484,52.74671327807588,60.13738814577236,29.050928512870726,33.19553959233283,35.489163798692715,37.90280088823208,44.80678075494663,50.97641202431759,55.80397144912017,56.509991987065064,51.28681061598894,51.88660224647405,52.79835056700993,40.37523513316452,42.061165440146425,44.01706625562761,46.67355980916769,49.994879576970845,52.3359274192842,40.71684911127176,45.44611385327976,50.775754554115046,54.48420645655415,68.39905927647284,72.93185631582945,76.19893543945042,82.83283512214085,87.7972271292249,93.54721617269271,100.6942573786744,105.18193328051939,110.76828110356084,112.13398604973334,114.14752348420035,121.05033168086929,123.91730133540003,127.08906976957046,38.488220576484395,45.30622989005974,46.32682432469085,40.901641995980995,42.41993379929153,45.40306252598101,120.75332177055455,124.38673407856473,29.284932868941574,32.02086799244139,34.019013132314846,44.42273136187105,37.67368193854826,40.60931645258437,87.91495138331045,90.38969763292876,93.28275380244915,98.78248079567345,102.98971943877417,107.14009905996548,109.38532711074339,115.27902314973284,30.93281948383035,32.607438843565575,33.40286388717434,100.39289575911803,105.18414455249123,108.06104913902169,110.40201774197216,111.41539526293856,112.22427720735324,2.086457378879002,0.7439422020560582,0.0,0.5649106123980953,3.2612735330747546,5.625730764660882,14.388686362387922,17.947747053075823,88.99693246076231,91.41275633679301,27.690552224146096,71.49309709136783,73.06616479493304,76.89464608651592,81.30120415376066,63.022787486210056,65.42440048584176,67.13863530056233,53.08681690768244,54.00289823594976,58.08192066785671,65.65178414086598,89.27813160901594,94.27602006315337,96.538135444826,99.158682334313,102.12594015930901,104.16910657445975,105.38559660730012,106.99496480631487,112.58555270026665,117.26978646898486,123.00880833686443,127.4625979591973,62.70459069331582,87.53692690284988,93.67810024350717,99.54956990620664,102.77030770987834,104.42109085735714,110.25408339978337,117.05011444738756,119.78742133555333,120.32725279073169,118.29964279612116,119.88464784343174,98.28964282706852,102.94556926549087,107.82073131407962,85.29591594038054,91.6166393958087,97.16905526640053,100.2211663390845,106.34391163837633,106.9055209331712,82.02448882802084,88.20659219176363,89.17008220209068,89.64952980089579,83.03719250286584,88.22762119421682,91.66797132174746,97.11506944827319,100.95602219466308,81.37876691610738,84.49271649822975,85.66676691357218,86.80272113800201,87.19039239048276,88.29441911117391,89.24828597819467,89.72934522610495,94.86129828389194,101.10699143997958,129.8638406457556
130,135.322800509753,135.25478580546047,130.36555263450208,124.58405066701992,121.06877628228126,119.22999761153267,107.26235766039775,100.24623693737708,99.8868763941896,94.78454800413081,88.33078995164696,82.30585468228514,76.16097054993567,69.38819312852283,64.01258227951226,55.592542493382965,50.350478968395876,20.43004514801154,17.72235424984754,15.090277123318028,10.830662704148143,16.171118677190158,17.12632022660264,23.411234625383265,30.044281059714926,37.13663193935984,42.18028042037038,44.98596714557689,47.798116679296605,54.00542849682277,57.378268546395255,61.2770053931188,63.61218354478088,67.17638794408236,73.62720688434104,77.01065039650435,77.97069727035999,15.227529770594412,21.222462714339503,29.074597583278027,32.13236212620802,39.94418841715944,45.64638755433451,47.083990072418004,49.404842502022255,52.80084883299398,58.363211730180744,61.04065285931878,65.17512138622766,67.20510217431408,70.93799984234626,71.46851751405947,75.25340588757861,77.09529974988449,77.38002242197086,56.06656157445395,59.399584676684114,61.145419720438255,48.052541270852934,53.311623890473975,60.70229875817046,29.61583912526882,33.76045020473092,36.05407441109081,38.46771150063017,45.371691367344724,51.541322636715684,56.36888206151826,57.07490259946316,51.851721228387035,52.45151285887214,53.36326117940803,40.94014574556262,42.62607605254452,44.581976868025706,47.238470421565786,50.55979018936894,52.90083803168229,41.28175972366986,46.011024465677856,51.34066516651314,55.04911706895224,68.96396988887093,73.49676692822754,76.76384605184852,83.39774573453894,88.36213774162299,94.11212678509081,101.25916799107249,105.74684389291748,111.33319171595893,112.69889666213143,114.71243409659844,121.61524229326739,124.48221194779812,127.65398038196855,39.05313118888249,45.871140502457834,46.89173493708894,41.46655260837909,42.98484441168962,45.9679731383791,121.31823238295266,124.95164469096284,29.84984348133967,32.58577860483948,34.58392374471294,44.987641974269145,38.23859255094636,41.17422706498247,88.47986199570855,90.95460824532685,93.84766441484724,99.34739140807154,103.55463005117227,107.70500967236357,109.95023772314148,115.84393376213093,31.497730096228445,33.17234945596367,33.967774499572435,100.95780637151613,105.74905516488933,108.62595975141978,110.96692835437025,111.98030587533665,112.78918781975133,2.6513679912770973,1.3088528144541534,0.5649106123980953,0.0,2.6963629206766595,5.060820152262787,14.953596974786016,18.512657665473917,89.5618430731604,91.9776669491911,28.25546283654419,72.05800770376592,73.63107540733114,77.45955669891401,81.86611476615876,63.58769809860815,65.98931109823985,67.70354591296042,53.651727520080534,54.56780884834785,58.6468312802548,66.21669475326408,89.84304222141405,94.84093067555148,97.1030460572241,99.72359294671111,102.69085077170712,104.73401718685786,105.95050721969822,107.55987541871298,113.15046331266475,117.83469708138297,123.57371894926254,128.0275085715954,63.269501305713916,88.101837515248,94.24301085590528,100.11448051860475,103.33521832227645,104.98600146975525,110.81899401218148,117.61502505978567,120.35233194795144,120.8921634031298,118.86455340851927,120.44955845582984,98.85455343946663,103.51047987788898,108.38564192647773,85.86082655277865,92.18155000820681,97.73396587879864,100.78607695148261,106.90882225077443,107.47043154556931,82.58939944041894,88.77150280416174,89.73499281448879,90.2144404132939,83.60210311526394,88.79253180661493,92.23288193414557,97.6799800606713,101.52093280706119,81.94367752850549,85.05762711062786,86.23167752597028,87.36763175040012,87.75530300288086,88.85932972357202,89.81319659059278,90.29425583850306,95.42620889629005,101.67190205237769,130.4287512581537
131,138.01916343042964,137.95114872613712,133.06191555517873,127.28041358769657,123.76513920295791,121.92636053220932,109.9587205810744,102.94259985805373,102.58323931486625,97.48091092480746,91.02715287232361,85.00221760296179,78.85733347061232,72.08455604919948,66.70894520018892,58.28890541405963,53.04684188907254,23.1264080686882,20.4187171705242,17.786640043994687,13.527025624824802,18.867481597866814,19.822683147279296,26.10759754605992,32.74064398039158,39.83299486003649,44.876643341047036,47.68233006625355,50.49447959997326,56.70179141749943,60.07463146707191,63.973368313795454,66.30854646545754,69.87275086475903,76.3235698050177,79.70701331718101,80.66706019103665,17.92389269127107,23.918825635016162,31.770960503954687,34.828725046884685,42.6405513378361,48.34275047501117,49.78035299309467,52.10120542269892,55.49721175367064,61.05957465085741,63.737015779995446,67.87148430690432,69.90146509499074,73.63436276302292,74.16488043473613,77.94976880825527,79.79166267056115,80.07638534264753,58.76292449513061,62.09594759736078,63.84178264111492,50.7489041915296,56.00798681115064,63.39866167884712,32.312202045945476,36.45681312540758,38.750437331767465,41.16407442130683,48.068054288021386,54.237685557392346,59.065244982194926,59.77126552013982,54.5480841490637,55.147875779548805,56.05962410008469,43.63650866623928,45.32243897322118,47.27833978870237,49.93483334224245,53.2561531100456,55.59720095235895,43.97812264434652,48.70738738635452,54.0370280871898,57.745479989628905,71.6603328095476,76.1931298489042,79.46020897252518,86.0941086552156,91.05850066229965,96.80848970576747,103.95553091174915,108.44320681359414,114.0295546366356,115.3952595828081,117.4087970172751,124.31160521394405,127.17857486847478,130.35034330264523,41.749494109559144,48.56750342313449,49.5880978577656,44.162915529055745,45.68120733236628,48.664336059055756,124.0145953036293,127.64800761163949,32.546206402016324,35.28214152551614,37.280286665389596,47.6840048949458,40.93495547162302,43.87058998565913,91.17622491638521,93.65097116600352,96.54402733552391,102.04375432874821,106.25099297184893,110.40137259304024,112.64660064381815,118.5402966828076,34.1940930169051,35.868712376640325,36.66413742024909,103.65416929219279,108.44541808556599,111.32232267209645,113.66329127504692,114.67666879601332,115.485550740428,5.347730911953756,4.005215735130813,3.2612735330747546,2.6963629206766595,0.0,2.3644572315861274,17.649959895462676,21.209020586150576,92.25820599383707,94.67402986986777,30.951825757220853,74.75437062444259,76.3274383280078,80.15591961959068,84.56247768683542,66.2840610192848,68.6856740189165,70.39990883363707,56.3480904407572,57.264171769024514,61.343194200931464,68.91305767394074,92.5394051420907,97.53729359622812,99.79940897790075,102.41995586738776,105.38721369238377,107.4303801075345,108.64687014037487,110.25623833938963,115.8468262333414,120.53106000205962,126.27008186993919,130.72387149227205,65.96586422639058,90.79820043592464,96.93937377658193,102.8108434392814,106.0315812429531,107.6823643904319,113.51535693285813,120.31138798046231,123.04869486862809,123.58852632380645,121.56091632919592,123.1459213765065,101.55091636014328,106.20684279856563,111.08200484715438,88.5571894734553,94.87791292888346,100.43032879947529,103.48243987215926,109.60518517145108,110.16679446624596,85.28576236109559,91.46786572483839,92.43135573516544,92.91080333397055,86.29846603594059,91.48889472729158,94.92924485482222,100.37634298134795,104.21729572773783,84.64004044918214,87.75399003130451,88.92804044664693,90.06399467107677,90.45166592355751,91.55569264424867,92.50955951126943,92.99061875917971,98.1225718169667,104.36826497305434,133.12511417883036
132,140.38362066201574,140.31560595772322,135.42637278676483,129.6448708192827,126.12959643454404,124.29081776379545,112.32317781266053,105.30705708963986,104.94769654645238,99.84536815639359,93.39161010390974,87.36667483454792,81.22179070219845,74.4490132807856,69.07340243177505,60.65336264564576,55.41129912065867,25.49086530027433,22.78317440211033,20.151097275580817,15.891482856410931,21.231938829452943,22.187140378865426,28.47205477764605,35.10510121197771,42.19745209162262,47.241100572633165,50.04678729783968,52.85893683155939,59.06624864908556,62.43908869865804,66.33782554538159,68.67300369704368,72.23720809634517,78.68802703660384,82.07147054876715,83.0315174226228,20.2883499228572,26.283282866602292,34.13541773554081,37.19318227847081,45.00500856942222,50.70720770659729,52.14481022468078,54.46566265428503,57.861668985256756,63.42403188244352,66.10147301158156,70.23594153849044,72.26592232657686,75.99881999460904,76.52933766632225,80.31422603984139,82.15611990214727,82.44084257423364,61.12738172671673,64.46040482894689,66.20623987270103,53.11336142311572,58.37244404273676,65.76311891043323,34.676659277531606,38.82127035699371,41.114894563353594,43.52853165289296,50.432511519607516,56.602142788978476,61.429702213781056,62.13572275172595,56.91254138064983,57.512333011134935,58.42408133167082,46.0009658978254,47.686896204807304,49.64279702028849,52.29929057382857,55.620610341631725,57.961658183945076,46.34257987593264,51.07184461794064,56.401485318775926,60.109937221215034,74.02479004113373,78.55758708049034,81.82466620411131,88.45856588680174,93.42295789388578,99.1729469373536,106.31998814333528,110.80766404518027,116.39401186822172,117.75971681439422,119.77325424886124,126.67606244553018,129.5430321000609,132.71480053423136,44.113951341145274,50.93196065472062,51.952555089351726,46.527372760641875,48.04566456395241,51.028793290641886,126.37905253521544,130.01246484322562,34.910663633602454,37.64659875710227,39.644743896975726,50.04846212653193,43.29941270320914,46.23504721724525,93.54068214797134,96.01542839758964,98.90848456711004,104.40821156033434,108.61545020343506,112.76582982462637,115.01105787540428,120.90475391439372,36.55855024849123,38.233169608226454,39.02859465183522,106.01862652377892,110.80987531715212,113.68677990368258,116.02774850663305,117.04112602759945,117.85000797201413,7.712188143539884,6.369672966716941,5.625730764660882,5.060820152262787,2.3644572315861274,0.0,20.014417127048805,23.573477817736705,94.6226632254232,97.0384871014539,33.31628298880698,77.11882785602872,78.69189555959393,82.5203768511768,86.92693491842155,68.64851825087094,71.05013125050263,72.7643660652232,58.71254767234333,59.628629000610644,63.70765143251759,71.27751490552687,94.90386237367683,99.90175082781425,102.16386620948688,104.78441309897389,107.7516709239699,109.79483733912063,111.011327371961,112.62069557097576,118.21128346492753,122.89551723364575,128.63453910152532,133.08832872385818,68.33032145797671,93.16265766751077,99.30383100816806,105.17530067086753,108.39603847453922,110.04682162201803,115.87981416444426,122.67584521204844,125.41315210021422,125.95298355539258,123.92537356078205,125.51037860809262,103.9153735917294,108.57130003015176,113.44646207874051,90.92164670504143,97.24237016046959,102.79478603106142,105.84689710374539,111.96964240303721,112.53125169783209,87.65021959268172,93.83232295642452,94.79581296675157,95.27526056555668,88.66292326752672,93.85335195887771,97.29370208640835,102.74080021293408,106.58175295932396,87.00449768076827,90.11844726289064,91.29249767823306,92.4284519026629,92.81612315514364,93.9201498758348,94.87401674285556,95.35507599076584,100.48702904855283,106.73272220464047,135.4895714104165
133,128.6150720762427,128.5470573719502,123.6578242009918,117.87632223350964,114.36104784877098,112.52226917802238,100.55462922688747,93.5385085038668,93.17914796067932,88.07681957062053,81.6230615181367,75.59812624877488,69.4532421164254,62.68046469501255,57.30485384600199,48.884814059872696,43.64275053488561,13.72231671450127,11.014625816337272,8.382548689807757,4.122934270637873,9.463390243679886,10.418591793092368,16.703506191872997,23.336552626204657,30.42890350584957,35.47255198686011,38.278238712066624,41.090388245786336,47.297700063312504,50.670540112884986,54.56927695960853,56.904455111270615,60.468659510572095,66.91947845083077,70.30292196299408,71.26296883684972,8.519801337084141,14.51473428082923,22.366869149767755,25.42463369269775,33.23645998364916,38.93865912082423,40.37626163890772,42.69711406851197,46.093120399483695,51.65548329667046,54.3329244258085,58.46739295271737,60.497373740803795,64.23027140883597,64.76078908054919,68.54567745406833,70.3875713163742,70.67229398846058,49.358833140943666,52.69185624317383,54.43769128692797,41.34481283734266,46.6038954569637,53.99457032466018,22.90811069175855,27.052721771220654,29.34634597758054,31.759983067119908,38.66396293383446,44.83359420320542,49.661153628008,50.367174165952896,45.14399279487677,45.74378442536188,46.655532745897766,34.23241731205234,35.91834761903424,37.87424843451543,40.53074198805551,43.852061755858664,46.193109598172015,34.57403129015958,39.30329603216758,44.632936733002865,48.34138863544197,62.256241455360666,66.78903849471727,70.05611761833825,76.69001730102867,81.65440930811272,87.40439835158054,94.55143955756222,99.03911545940721,104.62546328244866,105.99116822862116,108.00470566308817,114.90751385975712,117.77448351428785,120.94625194845828,32.34540275537222,39.163412068947565,40.18400650357867,34.75882417486882,36.27711597817935,39.26024470486883,114.61050394944237,118.24391625745255,23.1421150478294,25.878050171329214,27.876195311202668,38.27991354075887,31.53086411743608,34.46649863147219,81.77213356219828,84.24687981181658,87.13993598133698,92.63966297456128,96.846901617662,100.9972812388533,103.24250928963122,109.13620532862066,24.790001662718176,26.4646210224534,27.260046066062166,94.25007793800586,99.04132673137906,101.91823131790952,104.25919992085998,105.27257744182639,106.08145938624106,12.302228983508918,13.644744160331863,14.38868636238792,14.953596974786016,17.649959895462676,20.0144171270488,0.0,3.5590606906879008,82.85411463965013,85.26993851568083,21.54773440303392,65.35027927025565,66.92334697382087,70.75182826540374,75.15838633264849,56.87996966509788,59.281582664729584,60.99581747945016,46.943999086570265,47.86008041483758,51.93910284674453,59.50896631975381,83.13531378790378,88.13320224204121,90.39531762371384,93.01586451320084,95.98312233819685,98.02628875334759,99.24277878618796,100.85214698520271,106.44273487915449,111.1269686478727,116.86599051575227,121.31978013808514,56.56177287220365,81.39410908173772,87.53528242239501,93.40675208509448,96.62748988876618,98.27827303624498,104.11126557867121,110.9072966262754,113.64460351444117,114.18443496961953,112.156824975009,113.74183002231958,92.14682500595636,96.80275144437871,101.67791349296746,79.15309811926838,85.47382157469654,91.02623744528837,94.07834851797233,100.20109381726415,100.76270311205903,75.88167100690868,82.06377437065147,83.02726438097852,83.50671197978363,76.89437468175367,82.08480337310466,85.5251535006353,90.97225162716103,94.81320437355092,75.23594909499522,78.34989867711758,79.52394909246001,80.65990331688985,81.0475745693706,82.15160129006175,83.10546815708251,83.5865274049928,88.71848046277978,94.96417361886742,123.72102282464343
134,132.17413276693063,132.1061180626381,127.21688489167971,121.43538292419755,117.9201085394589,116.0813298687103,104.11368991757539,97.09756919455471,96.73820865136723,91.63588026130844,85.1821222088246,79.15718693946278,73.0123028071133,66.23952538570046,60.86391453668989,52.443874750560596,47.20181122557351,17.281377405189172,14.573686507025174,11.94160938049566,7.681994961325774,13.022450934367788,13.977652483780268,20.262566882560897,26.895613316892558,33.98796419653747,39.03161267754801,41.837299402754525,44.649448936474236,50.856760754000405,54.229600803572886,58.12833765029643,60.463515801958515,64.02772020126,70.47853914151867,73.86198265368198,74.82202952753762,12.078862027772043,18.073794971517135,25.92592984045566,28.983694383385654,36.79552067433707,42.49771981151214,43.935322329595635,46.25617475919989,49.65218109017161,55.214543987358375,57.891985116496414,62.02645364340528,64.05643443149171,67.78933209952389,68.3198497712371,72.10473814475624,73.94663200706212,74.2313546791485,52.91789383163158,56.250916933861745,57.99675197761589,44.903873528030566,50.162956147651606,57.55363101534809,26.467171382446452,30.611782461908554,32.90540666826844,35.319043757807805,42.223023624522355,48.392654893893315,53.220214318695895,53.92623485664079,48.703053485564666,49.302845116049774,50.21459343658566,37.79147800274025,39.47740830972215,41.43330912520334,44.08980267874342,47.41112244654657,49.75217028885992,38.13309198084749,42.86235672285549,48.19199742369077,51.90044932612987,65.81530214604857,70.34809918540518,73.61517830902615,80.24907799171658,85.21346999880062,90.96345904226844,98.11050024825012,102.59817615009511,108.18452397313656,109.55022891930906,111.56376635377607,118.46657455044502,121.33354420497575,124.50531263914618,35.90446344606012,42.722472759635465,43.74306719426657,38.31788486555672,39.83617666886725,42.81930539555673,118.16956464013029,121.80297694814047,26.7011757385173,29.437110862017114,31.43525600189057,41.83897423144677,35.08992480812399,38.0255593221601,85.33119425288618,87.80594050250448,90.69899667202488,96.19872366524918,100.4059623083499,104.5563419295412,106.80156998031912,112.69526601930856,28.349062353406076,30.0236817131413,30.819106756750067,97.80913862869376,102.60038742206696,105.47729200859742,107.81826061154788,108.83163813251429,109.64052007692896,15.86128967419682,17.203804851019765,17.947747053075823,18.512657665473917,21.209020586150576,23.573477817736702,3.5590606906879008,0.0,86.41317533033803,88.82899920636874,25.10679509372182,68.90933996094356,70.48240766450877,74.31088895609165,78.71744702333639,60.43903035578578,62.840643355417484,64.55487817013805,50.503059777258166,51.41914110552548,55.49816353743243,63.06802701044171,86.69437447859168,91.69226293272911,93.95437831440174,96.57492520388874,99.54218302888475,101.58534944403549,102.80183947687586,104.41120767589061,110.00179556984239,114.6860293385606,120.42505120644017,124.87884082877304,60.12083356289155,84.95316977242562,91.09434311308291,96.96581277578238,100.18655057945408,101.83733372693288,107.67032626935911,114.4663573169633,117.20366420512907,117.74349566030743,115.7158856656969,117.30089071300748,95.70588569664426,100.36181213506661,105.23697418365536,82.71215880995628,89.03288226538444,94.58529813597627,97.63740920866024,103.76015450795207,104.32176380274694,79.44073169759658,85.62283506133937,86.58632507166642,87.06577267047153,80.45343537244158,85.64386406379256,89.0842141913232,94.53131231784893,98.37226506423882,78.79500978568312,81.9089593678055,83.08300978314792,84.21896400757775,84.6066352600585,85.71066198074965,86.66452884777041,87.1455880956807,92.27754115346768,98.52323430955532,127.28008351533134
135,124.18368564612165,124.11567094182912,119.22643777087072,113.44493580338856,109.9296614186499,108.0908827479013,96.12324279676639,89.10712207374571,88.74776153055824,83.64543314049945,77.1916750880156,71.16673981865378,65.0218556863043,58.24907826489146,52.873467415880896,44.4534276297516,39.21136410476451,69.13179792514885,71.83948882331285,74.47156594984236,78.73118036901224,84.07163634205425,85.02683789146673,91.31175229024736,97.94479872457902,105.03714960422393,110.08079808523448,112.88648481044099,115.69863434416071,121.90594616168687,125.27878621125936,129.1775230579829,131.512701209645,135.07690560894648,141.52772454920515,144.91116806136847,145.87121493522412,83.1280474354585,89.12298037920358,96.9751152481421,100.0328797910721,107.84470608202352,113.54690521919859,114.98450773728209,117.30536016688635,120.70136649785807,126.26372939504485,128.9411705241829,133.07563905109177,135.1056198391782,138.83851750721038,139.36903517892358,143.1539235524427,144.9958174147486,145.28054008683497,123.96707923931804,127.30010234154821,129.04593738530235,115.95305893571702,121.21214155533806,128.60281642303454,97.5163567901329,101.660967869595,103.95459207595488,106.36822916549424,113.27220903220879,119.44184030157975,124.26939972638232,124.97542026432721,119.7522388932511,120.35203052373622,121.2637788442721,108.8406634104267,110.5265937174086,112.48249453288979,115.13898808642986,118.46030785423301,120.80135569654637,109.18227738853393,113.91154213054193,119.24118283137722,34.51272600420815,20.597873184289462,16.06507614493286,12.797997021311888,6.164097338621458,11.1284893457055,16.878478389173317,24.025519595154993,28.513195496999987,34.099543320041434,35.46524826621393,37.47878570068094,44.38159389734988,47.24856355188061,50.420331986051046,106.95364885374657,113.77165816732192,114.79225260195302,109.36707027324317,110.8853620765537,113.86849080324319,44.084583987035145,47.717996295045324,97.75036114620376,100.48629626970357,102.48444140957703,112.88815963913324,106.13911021581043,109.07474472984654,11.246213599791052,13.720959849409365,16.61401601892976,22.113743012154057,26.320981655254776,30.47136127644608,32.716589327223986,38.61028536621343,99.39824776109253,101.07286712082775,101.86829216443651,23.724157975598636,28.515406768971832,31.392311355502283,33.733279958452755,34.746657479419156,35.555539423833835,86.91047508188328,88.25299025870622,88.99693246076228,89.56184307316038,92.25820599383704,94.62266322542317,82.8541146396501,86.413175330338,0.0,2.415823876030704,76.9572156136815,23.691910999184447,25.264978702749666,29.09345999433254,33.500018061577286,43.051307033864056,45.45292003349576,47.167154848216335,42.51261265644917,43.42869398471649,47.50771641662344,55.077579889632716,78.70392735778269,83.70181581192011,85.96393119359274,88.58447808307974,91.55173590807576,93.59490232322649,94.81139235606686,96.42076055508161,102.01134844903339,106.6955822177516,112.43460408563118,116.88839370796404,42.73311024096982,76.96272265161663,83.10389599227392,88.97536565497339,92.19610345864508,93.84688660612389,99.67987914855011,106.4759101961543,109.21321708432008,109.75304853949844,107.72543854488791,109.31044359219848,87.71543857583526,92.37136501425762,97.24652706284637,74.72171168914728,81.04243514457545,86.59485101516728,89.64696208785125,95.76970738714307,96.33131668193795,71.45028457678758,77.63238794053038,78.59587795085743,79.07532554966254,72.46298825163258,77.65341694298357,81.0937670705142,86.54086519703993,90.38181794342982,70.80456266487413,73.9185122469965,75.09256266233892,76.22851688676876,76.6161881392495,77.72021485994065,78.67408172696142,79.1551409748717,84.28709403265869,90.53278718874633,119.28963639452235
136,126.59950952215236,126.53149481785984,121.64226164690143,115.86075967941927,112.34548529468061,110.50670662393202,98.5390666727971,91.52294594977643,91.16358540658895,86.06125701653016,79.60749896404631,73.5825636946845,67.43767956233502,60.66490214092217,55.28929129191161,46.869251505782316,41.62718798079523,71.54762180117956,74.25531269934356,76.88738982587307,81.14700424504295,86.48746021808496,87.44266176749744,93.72757616627807,100.36062260060973,107.45297348025464,112.49662196126519,115.3023086864717,118.11445822019142,124.32177003771758,127.69461008729007,131.59334693401362,133.92852508567572,137.4927294849772,143.94354842523586,147.32699193739919,148.28703881125483,85.54387131148921,91.5388042552343,99.39093912417282,102.44870366710282,110.26052995805424,115.9627290952293,117.4003316133128,119.72118404291706,123.11719037388879,128.67955327107555,131.35699440021358,135.49146292712246,137.52144371520887,141.25434138324107,141.78485905495427,145.5697474284734,147.41164129077927,147.69636396286566,126.38290311534875,129.71592621757893,131.46176126133307,118.36888281174774,123.62796543136878,131.01864029906525,99.93218066616362,104.07679174562571,106.37041595198559,108.78405304152496,115.6880329082395,121.85766417761046,126.68522360241303,127.39124414035793,122.16806276928182,122.76785439976693,123.67960272030281,111.25648728645741,112.94241759343932,114.8983184089205,117.55481196246058,120.87613173026372,123.21717957257708,111.59810126456465,116.32736600657265,121.65700670740793,36.92854988023886,23.01369706032017,18.480900020963563,15.213820897342591,8.579921214652162,13.544313221736203,19.294302265204024,26.4413434711857,30.929019373030695,36.51536719607214,37.88107214224464,39.894609576711645,46.79741777338059,49.664387427911315,52.83615586208175,109.36947272977729,116.18748204335263,117.20807647798374,111.78289414927389,113.30118595258442,116.2843146792739,46.50040786306585,50.13382017107603,100.16618502223447,102.90212014573429,104.90026528560774,115.30398351516395,108.55493409184115,111.49056860587726,13.662037475821755,16.13678372544007,19.029839894960467,24.529566888184764,28.736805531285484,32.88718515247679,35.13241320325469,41.02610924224414,101.81407163712325,103.48869099685847,104.28411604046723,26.139981851629344,30.93123064500254,33.808135231532994,36.14910383448346,37.16248135544986,37.97136329986454,89.32629895791399,90.66881413473693,91.412756336793,91.97766694919109,94.67402986986775,97.03848710145388,85.26993851568082,88.82899920636872,2.415823876030704,0.0,79.37303948971221,26.107734875215154,27.680802578780373,31.509283870363248,35.91584193760799,45.46713090989477,47.86874390952647,49.58297872424705,44.928436532479886,45.8445178607472,49.92354029265415,57.49340376566343,81.1197512338134,86.11763968795083,88.37975506962346,91.00030195911046,93.96755978410647,96.0107261992572,97.22721623209758,98.83658443111233,104.4271723250641,109.11140609378232,114.8504279616619,119.30421758399476,45.148934117000536,79.37854652764734,85.51971986830463,91.3911895310041,94.6119273346758,96.2627104821546,102.09570302458083,108.89173407218502,111.62904096035079,112.16887241552915,110.14126242091862,111.7262674682292,90.13126245186598,94.78718889028833,99.66235093887708,77.137535565178,83.45825902060616,89.010674891198,92.06278596388196,98.18553126317379,98.74714055796866,73.8661084528183,80.04821181656109,81.01170182688814,81.49114942569325,74.8788121276633,80.06924081901428,83.50959094654492,88.95668907307065,92.79764181946054,73.22038654090484,76.33433612302721,77.50838653836963,78.64434076279947,79.03201201528022,80.13603873597137,81.08990560299213,81.57096485090241,86.7029179086894,92.94861106477704,121.70546027055306
137,122.7181730502741,122.65015834598158,117.76092517502317,111.97942320754102,108.46414882280236,106.62537015205376,94.65773020091885,87.64160947789817,87.2822489347107,82.1799205446519,75.72616249216807,69.70122722280625,63.55634309045678,56.78356566904393,51.40795482003337,42.98791503390407,37.745851508916985,7.825417688532651,10.533108586696649,13.165185713226164,17.424800132396047,22.765256105438063,23.720457654850545,30.00537205363117,36.63841848796283,43.73076936760774,48.774417848618285,51.5801045738248,54.39225410754451,60.59956592507068,63.97240597464316,67.8711428213667,70.2063209730288,73.77052537233028,80.22134431258895,83.60478782475226,84.56483469860791,21.821667198842317,27.816600142587408,35.66873501152593,38.72649955445593,46.53832584540734,52.240524982582414,53.67812750066591,55.99897993027016,59.39498626124188,64.95734915842866,67.6347902875667,71.76925881447558,73.799239602562,77.53213727059418,78.06265494230739,81.84754331582653,83.68943717813241,83.97415985021878,62.660699002701854,65.99372210493202,67.73955714868616,54.64667869910084,59.90576131872188,67.29643618641836,36.209976553516725,40.35458763297883,42.648211839338714,45.06184892887808,51.96582879559263,58.13546006496359,62.96301948976617,63.66904002771106,58.44585865663494,59.04565028712005,59.95739860765593,47.53428317381052,49.220213480792424,51.17611429627361,53.83260784981369,57.153927617616844,59.494975459930195,47.87589715191776,52.60516189392576,57.934802594761045,42.44448960947335,56.35934242939204,60.892139468748645,64.15921859236961,70.79311827506004,75.75751028214408,81.5074993256119,88.65454053159358,93.14221643343858,98.72856425648003,100.09426920265253,102.10780663711954,109.01061483378848,111.87758448831921,115.04935292248965,45.64726861713039,52.46527793070574,53.485872365336846,48.060690036626994,49.578981839937526,52.562110566627005,108.71360492347375,112.34701723148393,36.44398090958757,39.17991603308739,41.178061172960845,51.58177940251705,44.83272997919426,47.76836449323037,75.87523453622964,78.34998078584795,81.24303695536834,86.74276394859264,90.95000259169336,95.10038221288467,97.34561026366258,103.23930630265203,38.09186752447635,39.766486884211574,40.56191192782034,88.35317891203722,93.14442770541042,96.02133229194088,98.36230089489135,99.37567841585775,100.18456036027243,25.604094845267092,26.946610022090034,27.690552224146092,28.255462836544186,30.951825757220846,33.316282988806975,21.54773440303392,25.10679509372182,76.9572156136815,79.3730394897122,0.0,59.453380244287025,61.02644794785224,64.85492923943511,69.26148730667985,50.98307063912926,53.38468363876096,55.09891845348154,41.04710006060164,41.96318138886896,46.04220382077591,53.61206729378519,77.23841476193516,82.23630321607259,84.49841859774521,87.11896548723222,90.08622331222823,92.12938972737896,93.34587976021933,94.95524795923409,100.54583585318586,105.23006962190408,110.96909148978365,115.42288111211651,50.664873846235025,75.4972100557691,81.63838339642639,87.50985305912586,90.73059086279756,92.38137401027636,98.21436655270259,105.01039760030677,107.74770448847255,108.28753594365091,106.25992594904038,107.84493099635095,86.24992597998774,90.90585241841009,95.78101446699884,73.25619909329976,79.57692254872792,85.12933841931975,88.18144949200371,94.30419479129553,94.8658040860904,69.98477198094005,76.16687534468285,77.1303653550099,77.60981295381501,70.99747565578505,76.18790434713604,79.62825447466668,85.0753526011924,88.9163053475823,69.3390500690266,72.45299965114896,73.62705006649139,74.76300429092123,75.15067554340197,76.25470226409313,77.20856913111389,77.68962837902417,82.82158143681116,89.0672745928988,117.8241237986748
138,106.67985027672715,106.61183557243463,101.72260240147622,95.94110043399407,92.4258260492554,90.58704737850681,78.6194074273719,71.60328670435122,71.24392616116374,66.14159777110495,59.68783971862112,53.66290444925931,47.51802031690983,40.745242895496986,35.36963204648642,26.94959226035713,21.707528735370037,51.62796255575437,54.33565345391837,56.967730580447885,61.22734499961777,66.56780097265978,67.52300252207226,73.80791692085289,80.44096335518455,87.53331423482946,92.57696271584001,95.38264944104652,98.19479897476624,104.4021107922924,107.7749508418649,111.67368768858844,114.00886584025054,117.57307023955202,124.0238891798107,127.407332691974,128.36737956582965,65.62421206606403,71.61914500980912,79.47127987874764,82.52904442167764,90.34087071262906,96.04306984980413,97.48067236788762,99.80152479749188,103.19753112846361,108.75989402565038,111.43733515478843,115.5718036816973,117.60178446978372,121.3346821378159,121.86519980952912,125.65008818304825,127.49198204535413,127.77670471744051,106.46324386992357,109.79626697215375,111.54210201590789,98.44922356632256,103.7083061859436,111.09898105364007,80.01252142073844,84.15713250020053,86.45075670656041,88.86439379609978,95.76837366281433,101.93800493218528,106.76556435698785,107.47158489493275,102.24840352385664,102.84819515434175,103.75994347487763,91.33682804103223,93.02275834801414,94.97865916349532,97.6351527170354,100.95647248483854,103.2975203271519,91.67844201913947,96.40770676114747,101.73734746198275,17.008890634813675,3.094037814894985,7.626834854251589,10.893913977872561,17.52781366056299,22.492205667647035,28.242194711114855,35.389235917096535,39.87691181894153,45.46325964198298,46.82896458815548,48.84250202262248,55.745310219291426,58.61227987382215,61.78404830799259,89.4498134843521,96.26782279792745,97.28841723255856,91.8632349038487,93.38152670715924,96.36465543384872,55.44830030897669,59.08171261698687,80.24652577680929,82.9824609003091,84.98060604018256,95.38432426973877,88.63527484641597,91.57090936045208,22.609929921732586,25.0846761713509,27.9777323408713,33.47745933409559,37.68469797719631,41.83507759838761,44.08030564916552,49.974001688154964,81.89441239169807,83.56903175143329,84.36445679504205,35.087874297540175,39.87912309091337,42.75602767744382,45.096996280394286,46.11037380136069,46.91925574577537,69.40663971248881,70.74915488931175,71.49309709136782,72.05800770376591,74.75437062444257,77.1188278560287,65.35027927025564,68.90933996094354,23.69191099918445,26.107734875215154,59.453380244287025,0.0,1.573067703565218,5.401548995148094,9.808107062392839,25.547471664469583,27.949084664101285,29.663319478821858,25.008777287054695,25.92485861532201,30.00388104722896,37.573744520238236,61.20009198838821,66.19798044252563,68.46009582419826,71.08064271368526,74.04790053868128,76.09106695383201,77.30755698667238,78.91692518568713,84.50751307963891,89.19174684835713,94.9307687162367,99.38455833856956,25.229274871575353,59.45888728222215,65.60006062287944,71.47153028557891,74.6922680892506,76.34305123672941,82.17604377915563,88.97207482675982,91.7093817149256,92.24921317010396,90.22160317549343,91.806608222804,70.21160320644078,74.86752964486314,79.74269169345189,57.21787631975281,63.538599775180984,69.09101564577281,72.14312671845678,78.2658720177486,78.82748131254348,53.946449207393115,60.12855257113591,61.09204258146296,61.57149018026808,54.959152882238115,60.1495815735891,63.58993170111973,69.03702982764545,72.87798257403534,53.30072729547965,56.41467687760202,57.58872729294445,58.724681517374286,59.11235276985502,60.21637949054617,61.17024635756694,61.65130560547721,66.7832586632642,73.02895181935185,101.78580102512785
139,108.25291798029238,108.18490327599986,103.29567010504145,97.5141681375593,93.99889375282063,92.16011508207204,80.19247513093713,73.17635440791645,72.81699386472897,67.71466547467018,61.26090742218634,55.23597215282453,49.091088020475055,42.31831059906221,36.942699750051645,28.522659963922347,23.280596438935255,53.201030259319595,55.90872115748359,58.54079828401311,62.80041270318299,68.14086867622501,69.09607022563749,75.38098462441812,82.01403105874978,89.10638193839469,94.15003041940524,96.95571714461175,99.76786667833147,105.97517849585763,109.34801854543012,113.24675539215367,115.58193354381577,119.14613794311725,125.59695688337592,128.98040039553925,129.9404472693949,67.19727976962926,73.19221271337435,81.04434758231287,84.10211212524287,91.91393841619428,97.61613755336936,99.05374007145285,101.37459250105711,104.77059883202884,110.33296172921561,113.01040285835366,117.14487138526253,119.17485217334895,122.90774984138113,123.43826751309435,127.22315588661348,129.06504974891936,129.34977242100575,108.0363115734888,111.36933467571897,113.11516971947312,100.02229126988777,105.28137388950881,112.67204875720529,81.58558912430367,85.73020020376576,88.02382441012566,90.43746149966502,97.34144136637957,103.51107263575052,108.3386320605531,109.04465259849799,103.82147122742188,104.421262857907,105.33301117844287,92.90989574459746,94.59582605157937,96.55172686706055,99.20822042060063,102.52954018840379,104.87058803071714,93.2515097227047,97.9807744647127,103.31041516554798,18.581958338378893,4.667105518460203,9.199902557816806,12.466981681437778,19.100881364128206,24.06527337121225,29.81526241468007,36.96230362066175,41.449979522506744,47.036327345548195,48.402032291720694,50.4155697261877,57.31837792285664,60.18534757738737,63.35711601155781,91.02288118791733,97.84089050149268,98.86148493612379,93.43630260741394,94.95459441072447,97.93772313741395,57.021368012541906,60.654780320552085,81.81959348037452,84.55552860387434,86.5536737437478,96.957391973304,90.2083425499812,93.1439770640173,24.1829976252978,26.657743874916115,29.550800044436514,35.05052703766081,39.25776568076152,43.40814530195283,45.65337335273073,51.54706939172018,83.4674800952633,85.14209945499852,85.93752449860727,36.66094200110539,41.45219079447858,44.32909538100903,46.6700639839595,47.6834415049259,48.49232344934058,70.97970741605404,72.32222259287698,73.06616479493304,73.63107540733114,76.3274383280078,78.69189555959393,66.92334697382087,70.48240766450877,25.264978702749666,27.68080257878037,61.02644794785225,1.573067703565218,0.0,3.828481291582875,8.23503935882762,27.120539368034798,29.5221523676665,31.236387182387073,26.581844990619913,27.497926318887227,31.576948750794173,39.14681222380345,62.77315969195343,67.77104814609085,70.03316352776348,72.65371041725048,75.62096824224649,77.66413465739723,78.8806246902376,80.48999288925235,86.08058078320413,90.76481455192234,96.50383641980191,100.95762604213478,26.80234257514057,61.03195498578738,67.17312832644467,73.04459798914414,76.26533579281583,77.91611894029464,83.74911148272086,90.54514253032505,93.28244941849083,93.82228087366919,91.79467087905866,93.37967592636923,71.78467091000601,76.44059734842837,81.31575939701712,58.79094402331803,65.1116674787462,70.66408334933803,73.716194422022,79.83893972131382,80.4005490161087,55.51951691095834,61.70162027470113,62.66511028502818,63.14455788383329,56.53222058580334,61.72264927715433,65.16299940468497,70.6100975312107,74.45105027760059,54.873794999044875,57.98774458116724,59.16179499650967,60.29774922093951,60.685420473420244,61.78944719411139,62.74331406113216,63.224373309042434,68.35632636682944,74.60201952291708,103.35886872869308
140,112.08139927187527,112.01338456758275,107.12415139662434,101.34264942914218,97.82737504440352,95.98859637365493,84.02095642252002,77.00483569949934,76.64547515631186,71.54314676625307,65.08938871376922,59.064453444407405,52.91956931205793,46.14679189064508,40.77118104163452,32.351141255505226,27.10907773051813,57.02951155090247,59.737202449066466,62.36927957559598,66.62889399476586,71.96934996780787,72.92455151722035,79.20946591600098,85.84251235033264,92.93486322997755,97.9785117109881,100.78419843619461,103.59634796991433,109.8036597874405,113.17649983701298,117.07523668373653,119.41041483539863,122.97461923470011,129.42543817495877,132.8088816871221,133.76892856097774,71.02576106121212,77.0206940049572,84.87282887389573,87.93059341682573,95.74241970777715,101.44461884495222,102.88222136303571,105.20307379263997,108.5990801236117,114.16144302079847,116.83888414993652,120.9733526768454,123.00333346493181,126.736231132964,127.2667488046772,131.05163717819633,132.8935310405022,133.1782537125886,111.86479286507166,115.19781596730184,116.94365101105598,103.85077256147065,109.10985518109169,116.50053004878816,85.41407041588653,89.55868149534862,91.8523057017085,94.26594279124787,101.16992265796242,107.33955392733337,112.16711335213594,112.87313389008084,107.64995251900473,108.24974414948984,109.16149247002572,96.73837703618032,98.42430734316223,100.38020815864341,103.03670171218349,106.35802147998663,108.69906932229999,97.07999101428756,101.80925575629556,107.13889645713084,22.41043962996177,8.49558681004308,13.028383849399683,16.295462973020655,22.929362655711085,27.89375466279513,33.643743706262946,40.790784912244625,45.27846081408962,50.86480863713107,52.23051358330357,54.24405101777057,61.146859214439516,64.01382886897025,67.18559730314068,94.8513624795002,101.66937179307554,102.68996622770665,97.2647838989968,98.78307570230733,101.76620442899682,60.84984930412478,64.48326161213495,85.64807477195738,88.3840098954572,90.38215503533065,100.78587326488686,94.03682384156406,96.97245835560017,28.01147891688068,30.486225166498993,33.37928133601939,38.87900832924368,43.0862469723444,47.2366265935357,49.48185464431361,55.375550683303054,87.29596138684616,88.97058074658138,89.76600579019014,40.489423292688265,45.28067208606146,48.15757667259191,50.49854527554238,51.51192279650878,52.32080474092346,74.8081887076369,76.15070388445984,76.8946460865159,77.459556698914,80.15591961959066,82.52037685117679,70.75182826540373,74.31088895609163,29.09345999433254,31.509283870363245,64.85492923943512,5.401548995148094,3.828481291582875,0.0,4.406558067244744,30.949020659617673,33.350633659249375,35.06486847396995,30.41032628220279,31.326407610470103,35.40543004237705,42.975293515386326,66.60164098353631,71.59952943767374,73.86164481934637,76.48219170883337,79.44944953382938,81.49261594898012,82.70910598182049,84.31847418083524,89.90906207478702,94.59329584350523,100.3323177113848,104.78610733371767,30.630823866723446,64.86043627737025,71.00160961802754,76.87307928072701,80.09381708439871,81.74460023187751,87.57759277430374,94.37362382190793,97.1109307100737,97.65076216525206,95.62315217064153,97.2081572179521,75.61315220158889,80.26907864001124,85.1442406886,62.61942531490091,68.94014877032907,74.4925646409209,77.54467571360487,83.6674210128967,84.22903030769157,59.34799820254121,65.530101566284,66.49359157661105,66.97303917541616,60.36070187738621,65.55113056873721,68.99148069626784,74.43857882279357,78.27953156918346,58.70227629062775,61.81622587275012,62.990276288092545,64.12623051252238,64.51390176500313,65.61792848569428,66.57179535271504,67.05285460062532,72.18480765841231,78.43050081449995,107.18735002027597
141,116.48795733912,116.41994263482748,111.53070946386907,105.74920749638692,102.23393311164826,100.39515444089966,88.42751448976475,81.41139376674407,81.05203322355659,75.9497048334978,69.49594678101397,63.47101151165215,57.326127379302676,50.55334995788983,45.177739108879265,36.75769932274997,31.515635797762876,61.436069618147215,64.14376051631122,66.77583764284073,71.0354520620106,76.37590803505262,77.3311095844651,83.61602398324573,90.24907041757739,97.3414212972223,102.38506977823285,105.19075650343936,108.00290603715908,114.21021785468524,117.58305790425773,121.48179475098128,123.81697290264337,127.38117730194486,133.83199624220353,137.21543975436686,138.1754866282225,75.43231912845687,81.42725207220195,89.27938694114047,92.33715148407047,100.14897777502189,105.85117691219696,107.28877943028046,109.60963185988471,113.00563819085644,118.56800108804322,121.24544221718126,125.37991074409014,127.40989153217656,131.14278920020874,131.67330687192194,135.45819524544106,137.30008910774694,137.58481177983333,116.27135093231641,119.60437403454658,121.35020907830072,108.25733062871538,113.51641324833642,120.9070881160329,89.82062848313127,93.96523956259337,96.25886376895326,98.67250085849263,105.57648072520718,111.74611199457813,116.5736714193807,117.2796919573256,112.05651058624949,112.6563022167346,113.56805053727048,101.14493510342507,102.83086541040697,104.78676622588816,107.44325977942823,110.76457954723139,113.10562738954475,101.4865490815323,106.2158138235403,111.54545452437559,26.816997697206514,12.902144877287824,17.434941916644426,20.7020210402654,27.33592072295583,32.30031273003987,38.05030177350769,45.19734297948937,49.685018881334365,55.271366704375815,56.637071650548314,58.65060908501532,65.55341728168426,68.420386936215,71.59215537038543,99.25792054674494,106.07592986032029,107.0965242949514,101.67134196624154,103.18963376955207,106.17276249624156,65.25640737136953,68.88981967937971,90.05463283920213,92.79056796270194,94.7887131025754,105.1924313321316,98.4433819088088,101.37901642284491,32.41803698412542,34.892783233743735,37.785839403264134,43.28556639648843,47.49280503958914,51.64318466078045,53.88841271155835,59.7821087505478,91.7025194540909,93.37713881382612,94.17256385743488,44.89598135993301,49.6872301533062,52.56413473983665,54.90510334278712,55.91848086375352,56.7273628081682,79.21474677488165,80.55726195170459,81.30120415376065,81.86611476615874,84.56247768683541,86.92693491842154,75.15838633264848,78.71744702333638,33.500018061577286,35.91584193760799,69.26148730667987,9.808107062392839,8.23503935882762,4.406558067244744,0.0,35.35557872686242,37.75719172649412,39.4714265412147,34.816884349447534,35.73296567771485,39.8119881096218,47.38185158263108,71.00819905078106,76.00608750491848,78.26820288659111,80.88874977607811,83.85600760107413,85.89917401622486,87.11566404906523,88.72503224807998,94.31562014203176,98.99985391074998,104.73887577862955,109.19266540096241,35.03738193396819,69.266994344615,75.40816768527229,81.27963734797176,84.50037515164345,86.15115829912226,91.98415084154848,98.78018188915267,101.51748877731845,102.0573202324968,100.02971023788628,101.61471528519685,80.01971026883363,84.67563670725599,89.55079875584474,67.02598338214565,73.34670683757382,78.89912270816565,81.9512337808496,88.07397908014143,88.6355883749363,63.75455626978596,69.93665963352875,70.9001496438558,71.3795972426609,64.76725994463095,69.95768863598194,73.39803876351257,78.8451368900383,82.68608963642819,63.108834357872496,66.22278393999486,67.39683435533729,68.53278857976713,68.92045983224787,70.02448655293902,70.97835341995979,71.45941266787007,76.59136572565706,82.8370588817447,111.5939080875207
142,98.20954067156939,98.14152596727686,93.25229279631846,87.4707908288363,83.95551644409764,82.11673777334904,70.14909782221413,63.13297709919346,62.77361655600598,57.671288165947196,51.217530113463354,45.19259484410154,39.04771071175207,32.27493329033922,26.899322441328657,18.479282655199363,13.23721913021227,43.157652950596606,45.8653438487606,48.49742097529012,52.757035394460004,58.097491367502016,59.052692916914495,65.33760731569512,71.97065375002678,79.0630046296717,84.10665311068225,86.91233983588876,89.72448936960848,95.93180118713464,99.30464123670713,103.20337808343068,105.53855623509277,109.10276063439426,115.55357957465293,118.93702308681624,119.89706996067189,57.153902460906274,63.148835404651365,71.00097027358989,74.05873481651989,81.8705611074713,87.57276024464637,89.01036276272987,91.33121519233413,94.72722152330586,100.28958442049263,102.96702554963068,107.10149407653955,109.13147486462597,112.86437253265815,113.39489020437136,117.1797785778905,119.02167244019638,119.30639511228276,97.99293426476582,101.325957366996,103.07179241075013,89.9789139611648,95.23799658078585,102.62867144848232,71.54221181558067,75.68682289504277,77.98044710140266,80.39408419094202,87.29806405765657,93.46769532702753,98.2952547518301,99.001275289775,93.77809391869889,94.377885549184,95.28963386971988,82.86651843587448,84.55244874285638,86.50834955833757,89.16484311187764,92.48616287968079,94.82721072199415,83.20813241398172,87.93739715598971,93.267037856825,8.538581029655907,22.453433849574594,26.986230888931196,30.25331001255217,36.8872096952426,41.85160170232665,47.60159074579447,54.74863195177615,59.23630785362114,64.82265567666259,66.18836062283509,68.2018980573021,75.10470625397105,77.97167590850178,81.14344434267221,80.97950387919434,87.79751319276969,88.81810762740079,83.39292529869094,84.91121710200147,87.89434582869096,74.80769634365632,78.4411086516665,71.77621617165153,74.51215129515134,76.5102964350248,86.914014664581,80.16496524125822,83.10059975529433,41.9693259564122,44.44407220603051,47.33712837555091,52.836855368775204,57.04409401187593,61.19447363306723,63.439701683845136,69.33339772283459,73.4241027865403,75.09872214627552,75.89414718988428,54.44727033221979,59.23851912559299,62.11542371212344,64.45639231507391,65.46976983604031,66.278651780455,60.93633010733105,62.278845284153995,63.022787486210056,63.58769809860815,66.2840610192848,68.64851825087094,56.879969665097875,60.439030355785775,43.05130703386406,45.46713090989477,50.98307063912926,25.54747166446958,27.120539368034798,30.949020659617673,35.35557872686242,0.0,2.4016129996317,4.115847814352275,16.53846768189693,17.454549010164243,21.533571442071192,29.103434915080474,52.72978238323044,57.72767083736787,59.9897862190405,62.6103331085275,65.57759093352351,67.62075734867425,68.83724738151462,70.44661558052937,76.03720347448115,80.72143724319936,86.46045911107893,90.9142487334118,16.758965266417583,50.988577677064384,57.12975101772168,63.00122068042114,66.22195848409284,67.87274163157164,73.70573417399787,80.50176522160206,83.23907210976783,83.77890356494619,81.75129357033566,83.33629861764624,61.741293601283026,66.39722003970539,71.27238208829414,48.747566714595045,55.06829017002322,60.62070604061505,63.67281711329901,69.79556241259084,70.35717170738572,45.47613960223535,51.65824296597815,52.621732976305196,53.10118057511031,46.48884327708035,51.67927196843134,55.119622095961965,60.56672022248769,64.40767296887758,44.83041769032189,47.944367272444254,49.11841768778668,50.25437191221652,50.642043164697256,51.7460698853884,52.69993675240917,53.180996000319446,58.31294905810645,64.55864221419408,93.31549141997009
143,100.6111536712011,100.54313896690857,95.65390579595017,89.87240382846801,86.35712944372935,84.51835077298075,72.55071082184584,65.53459009882516,65.17522955563769,60.07290116557889,53.61914311309505,47.59420784373324,41.44932371138376,34.676546289970915,29.300935440960355,20.88089565483106,15.63883212984397,45.55926595022831,48.266956848392304,50.89903397492182,55.158648394091706,60.49910436713372,61.4543059165462,67.73922031532682,74.37226674965848,81.46461762930339,86.50826611031394,89.31395283552045,92.12610236924017,98.33341418676633,101.70625423633882,105.60499108306237,107.94016923472446,111.50437363402595,117.95519257428462,121.33863608644793,122.29868296030358,59.555515460537976,65.55044840428306,73.40258327322158,76.46034781615158,84.272174107103,89.97437324427807,91.41197576236156,93.73282819196582,97.12883452293755,102.69119742012433,105.36863854926237,109.50310707617125,111.53308786425767,115.26598553228985,115.79650320400306,119.5813915775222,121.42328543982808,121.70800811191445,100.39454726439752,103.72757036662769,105.47340541038183,92.38052696079649,97.63960958041753,105.030284448114,73.94382481521237,78.08843589467446,80.38206010103434,82.7956971905737,89.69967705728826,95.86930832665921,100.69686775146178,101.40288828940668,96.17970691833057,96.77949854881568,97.69124686935156,85.26813143550618,86.95406174248808,88.90996255796927,91.56645611150934,94.8877758793125,97.22882372162586,85.60974541361341,90.33901015562141,95.6686508564567,10.940194029287607,24.855046849206296,29.387843888562898,32.65492301218387,39.2888226948743,44.25321470195834,50.00320374542616,57.15024495140784,61.63792085325284,67.22426867629429,68.58997362246679,70.6035110569338,77.50631925360274,80.37328890813347,83.5450573423039,83.38111687882603,90.19912619240138,91.21972062703249,85.79453829832264,87.31283010163317,90.29595882832265,77.209309343288,80.84272165129818,74.17782917128322,76.91376429478304,78.9119094346565,89.3156276642127,82.56657824088991,85.50221275492602,44.370938956043894,46.84568520566221,49.738741375182606,55.2384683684069,59.44570701150762,63.59608663269893,65.84131468347684,71.73501072246628,75.825715786172,77.50033514590721,78.29576018951597,56.84888333185148,61.64013212522468,64.51703671175514,66.85800531470561,67.87138283567201,68.68026478008669,63.337943106962754,64.6804582837857,65.42440048584176,65.98931109823985,68.68567401891652,71.05013125050264,59.28158266472958,62.84064335541748,45.45292003349576,47.868743909526465,53.38468363876096,27.94908466410128,29.5221523676665,33.350633659249375,37.75719172649412,2.4016129996317,0.0,1.7142348147205744,18.940080681528627,19.85616200979594,23.935184441702887,31.50504791471217,55.13139538286214,60.12928383699956,62.39139921867219,65.0119461081592,67.9792039331552,70.02237034830594,71.23886038114631,72.84822858016106,78.43881647411284,83.12305024283106,88.86207211071063,93.31586173304349,19.160578266049285,53.39019067669608,59.531364017353376,65.40283368005284,68.62357148372453,70.27435463120334,76.10734717362956,82.90337822123375,85.64068510939953,86.18051656457789,84.15290656996736,85.73791161727793,64.14290660091473,68.79883303933708,73.67399508792583,51.14917971422674,57.46990316965491,63.02231904024674,66.07443011293071,72.19717541222253,72.75878470701741,47.877752601867044,54.05985596560984,55.02334597593689,55.50279357474201,48.890456276712044,54.08088496806303,57.52123509559366,62.968333222119384,66.80928596850927,47.23203068995358,50.34598027207595,51.52003068741838,52.655984911848215,53.04365616432895,54.147682885020096,55.10154975204087,55.58260899995114,60.71456205773814,66.96025521382577,95.7171044196018
144,102.32538848592168,102.25737378162916,97.36814061067075,91.58663864318859,88.07136425844993,86.23258558770134,74.26494563656642,67.24882491354575,66.88946437035827,61.787135980299475,55.33337792781563,49.30844265845382,43.163558526104346,36.3907811046915,31.015170255680932,22.595130469551638,17.353066944564546,47.27350076494888,49.981191663112874,52.61326878964239,56.872883208812276,62.21333918185429,63.168540731266766,69.45345513004739,76.08650156437905,83.17885244402396,88.22250092503451,91.02818765024102,93.84033718396074,100.0476490014869,103.42048905105939,107.31922589778294,109.65440404944503,113.21860844874652,119.6694273890052,123.0528709011685,124.01291777502415,61.269750275258545,67.26468321900363,75.11681808794215,78.17458263087215,85.98640892182357,91.68860805899864,93.12621057708213,95.44706300668639,98.84306933765812,104.4054322348449,107.08287336398294,111.21734189089182,113.24732267897824,116.98022034701042,117.51073801872363,121.29562639224277,123.13752025454865,123.42224292663502,102.10878207911809,105.44180518134826,107.1876402251024,94.09476177551707,99.35384439513811,106.74451926283459,75.65805962993294,79.80267070939503,82.09629491575492,84.50993200529429,91.41391187200884,97.58354314137979,102.41110256618236,103.11712310412726,97.89394173305115,98.49373336353626,99.40548168407214,86.98236625022675,88.66829655720865,90.62419737268984,93.28069092622991,96.60201069403305,98.94305853634641,87.32398022833398,92.05324497034198,97.38288567117726,12.654428844008182,26.569281663926873,31.102078703283475,34.36915782690445,41.00305750959488,45.967449516678926,51.717438560146746,58.864479766128426,63.35215566797342,68.93850349101487,70.30420843718737,72.31774587165438,79.22055406832332,82.08752372285406,85.25929215702449,85.0953516935466,91.91336100712195,92.93395544175306,87.5087731130432,89.02706491635374,92.01019364304322,78.92354415800858,82.55695646601876,75.89206398600379,78.6279991095036,80.62614424937706,91.02986247893327,84.28081305561048,87.21644756964659,46.08517377076448,48.55992002038279,51.45297618990319,56.95270318312748,61.159941826228206,65.31032144741951,67.55554949819742,73.44924553718687,77.53995060089257,79.21456996062778,80.00999500423654,58.563118146572066,63.354366939945265,66.23127152647572,68.57224012942619,69.58561765039259,70.39449959480727,65.05217792168332,66.39469309850627,67.13863530056233,67.70354591296042,70.39990883363708,72.76436606522321,60.995817479450146,64.55487817013805,47.16715484821634,49.58297872424705,55.09891845348153,29.663319478821858,31.236387182387077,35.06486847396995,39.4714265412147,4.115847814352275,1.7142348147205744,0.0,20.654315496249204,21.570396824516518,25.649419256423464,33.21928272943274,56.84563019758272,61.843518651720146,64.10563403339277,66.72618092287978,69.69343874787579,71.73660516302652,72.9530951958669,74.56246339488165,80.15305128883342,84.83728505755164,90.57630692543121,95.03009654776407,20.87481308076986,55.10442549141666,61.24559883207396,67.11706849477342,70.33780629844512,71.98858944592392,77.82158198835015,84.61761303595434,87.35491992412011,87.89475137929847,85.86714138468794,87.45214643199851,65.85714141563531,70.51306785405767,75.38822990264642,52.863414528947324,59.184137984375496,64.73655385496733,67.7886649276513,73.91141022694312,74.473019521738,49.59198741658763,55.774090780330425,56.737580790657475,57.21702838946259,50.60469109143263,55.795119782783615,59.235469910314244,64.68256803683997,68.52352078322986,48.946265504674166,52.06021508679653,53.23426550213896,54.3702197265688,54.757890979049535,55.86191769974068,56.81578456676145,57.296843814671725,62.428796872458726,68.67449002854636,97.43133923432238
145,88.27357009304177,88.20555538874925,83.31632221779084,77.53482025030868,74.01954586557002,72.18076719482143,60.213127243686515,53.197006520665845,52.83764597747837,47.73531758741958,41.28155953493574,35.256624265573926,29.11174013322445,22.338962711811607,16.963351862801044,8.54331207667175,3.3012485516846577,33.22168237206899,35.929373270232986,38.5614503967625,42.82106481593239,48.1615207889744,49.11672233838688,55.40163673716751,62.03468317149917,69.12703405114408,74.17068253215463,76.97636925736114,79.78851879108086,85.99583060860702,89.36867065817951,93.26740750490306,95.60258565656515,99.16679005586664,105.61760899612531,109.00105250828862,109.96109938214427,47.21793188237866,53.21286482612375,61.06499969506227,64.12276423799227,71.93459052894369,77.63678966611876,79.07439218420225,81.39524461380651,84.79125094477824,90.35361384196501,93.03105497110306,97.16552349801194,99.19550428609836,102.92840195413054,103.45891962584375,107.24380799936289,109.08570186166877,109.37042453375514,88.0569636862382,91.38998678846838,93.13582183222252,80.04294338263719,85.30202600225823,92.6927008699547,61.60624123705306,65.75085231651516,68.04447652287504,70.45811361241441,77.36209347912896,83.53172474849991,88.35928417330248,89.06530471124738,83.84212334017127,84.44191497065638,85.35366329119226,72.93054785734687,74.61647816432877,76.57237897980995,79.22887253335003,82.55019230115317,84.89124014346653,73.2721618354541,78.0014265774621,83.33106727829738,7.99988665224102,21.91473947215971,26.44753651151631,29.714615635137285,36.34851531782772,41.31290732491176,47.06289636837958,54.20993757436126,58.69761347620626,64.28396129924771,65.6496662454202,67.66320367988722,74.56601187655616,77.4329815310869,80.60474996525733,71.04353330066674,77.86154261424208,78.88213704887319,73.45695472016332,74.97524652347386,77.95837525016334,74.26900196624143,77.90241427425161,61.84024559312391,64.57618071662372,66.57432585649718,76.97804408605339,70.2289946627306,73.16462917676671,41.430631578997314,43.90537782861563,46.798433998136026,52.29816099136032,56.50539963446104,60.65577925565235,62.90100730643025,68.7947033454197,63.488132208012686,65.1627515677479,65.95817661135666,53.9085759548049,58.6998247481781,61.57672933470855,63.91769793765902,64.93107545862543,65.73995740304011,51.000359528803436,52.34287470562638,53.08681690768244,53.651727520080534,56.3480904407572,58.71254767234333,46.94399908657026,50.50305977725816,42.51261265644918,44.928436532479886,41.04710006060164,25.008777287054695,26.581844990619913,30.41032628220279,34.816884349447534,16.538467681896925,18.940080681528627,20.6543154962492,0.0,0.916081328267315,4.9951037601742625,12.564967233183543,42.79381180470283,47.79170025884025,50.05381564051288,52.67436252999988,55.641620354995894,57.68478677014662,58.901276802987,60.51064500200176,66.10123289595353,70.78546666467174,76.52448853255132,80.97827815488418,16.2202708890027,41.05260709853677,47.193780439194065,53.065250101893525,56.28598790556522,57.936771053044026,63.76976359547026,70.56579464307444,73.30310153124022,73.84293298641857,71.81532299180806,73.40032803911863,51.80532302275541,56.461249461177765,61.336411509766506,38.81159613606743,45.1323195914956,50.68473546208743,53.736846534771395,59.85959183406322,60.421201128858094,35.54016902370773,41.72227238745053,42.68576239777758,43.165209996582696,36.55287269855273,41.74330138990372,45.18365151743435,50.63074964396007,54.47170239034996,34.89444711179427,38.00839669391664,39.182447109259066,40.318401333688904,40.70607258616964,41.810099306860785,42.763966173881556,43.24502542179183,48.37697847957883,54.622671635666464,83.37952084144247
146,89.1896514213091,89.12163671701657,84.23240354605817,78.45090157857601,74.93562719383735,73.09684852308875,61.12920857195384,54.11308784893316,53.753727305745684,48.6513989156869,42.197640863203056,36.17270559384124,30.027821461491765,23.25504404007892,17.879433191068358,9.459393404939064,4.217329879951973,34.13776370033631,36.845454598500304,39.47753172502982,43.737146144199706,49.07760211724172,50.032803666654196,56.317718065434825,62.950764499766485,70.0431153794114,75.08676386042195,77.89245058562847,80.70460011934819,86.91191193687435,90.28475198644684,94.18348883317039,96.51866698483248,100.08287138413397,106.53369032439264,109.91713383655595,110.8771807104116,48.134013210645975,54.128946154391066,61.98108102332959,65.03884556625958,72.850671857211,78.55287099438607,79.99047351246956,82.31132594207382,85.70733227304555,91.26969517023232,93.94713629937037,98.08160482627925,100.11158561436567,103.84448328239785,104.37500095411106,108.1598893276302,110.00178318993608,110.28650586202245,88.97304501450552,92.30606811673569,94.05190316048983,80.95902471090449,86.21810733052553,93.608782198222,62.52232256532038,66.66693364478247,68.96055785114237,71.37419494068173,78.27817480739628,84.44780607676724,89.27536550156981,89.9813860395147,84.7582046684386,85.35799629892371,86.26974461945959,73.84662918561418,75.53255949259608,77.48846030807726,80.14495386161734,83.4662736294205,85.80732147173386,74.18824316372141,78.91750790572941,84.24714860656469,8.915967980508336,22.830820800427027,27.36361783978363,30.630696963404603,37.26459664609503,42.22898865317907,47.97897769664689,55.12601890262857,59.61369480447357,65.20004262751502,66.56574757368752,68.57928500815453,75.48209320482347,78.3490628593542,81.52083129352464,71.95961462893405,78.7776239425094,79.7982183771405,74.37303604843065,75.89132785174118,78.87445657843067,75.18508329450873,78.81849560251891,62.75632692139123,65.49226204489105,67.4904071847645,77.89412541432071,71.14507599099791,74.08071050503402,42.346712907264624,44.82145915688294,47.71451532640334,53.21424231962763,57.42148096272835,61.57186058391966,63.81708863469756,69.71078467368702,64.40421353628,66.07883289601521,66.87425793962397,54.82465728307221,59.61590607644541,62.49281066297586,64.83377926592634,65.84715678689274,66.65603873130742,51.916440857070754,53.258956033893696,54.00289823594976,54.56780884834785,57.264171769024514,59.628629000610644,47.860080414837576,51.419141105525476,43.42869398471649,45.844517860747196,41.96318138886896,25.924858615322012,27.49792631888723,31.326407610470106,35.73296567771485,17.454549010164243,19.856162009795945,21.570396824516518,0.916081328267315,0.0,4.079022431906948,11.648885904916227,43.709893132970144,48.70778158710757,50.9698969687802,53.5904438582672,56.55770168326321,58.60086809841394,59.817358131254316,61.42672633026908,67.01731422422085,71.70154799293907,77.44056986081864,81.8943594831515,17.136352217270016,41.96868842680409,48.10986176746139,53.98133143016085,57.202069233832546,58.85285238131135,64.68584492373758,71.48187597134176,74.21918285950754,74.7590143146859,72.73140432007537,74.31640936738594,52.721404351022734,57.37733078944509,62.25249283803383,39.72767746433475,46.04840091976292,51.60081679035475,54.65292786303871,60.775673162330534,61.33728245712541,36.456250351975044,42.63835371571784,43.60184372604489,44.08129132485001,37.46895402682005,42.659382718171045,46.09973284570167,51.5468309722274,55.387783718617285,35.81052844006158,38.92447802218395,40.09852843752638,41.23448266195622,41.62215391443696,42.7261806351281,43.680047502148874,44.16110675005915,49.29305980784615,55.53875296393378,84.2956021697098
147,93.26867385321604,93.20065914892352,88.31142597796511,82.52992401048296,79.0146496257443,77.1758709549957,65.20823100386079,58.19211028084011,57.832749737652634,52.73042134759385,46.276663295110005,40.25172802574819,34.10684389339872,27.33406647198587,21.958455622975308,13.538415836846012,8.29635231185892,38.21678613224326,40.92447703040725,43.55655415693677,47.816168576106655,53.15662454914867,54.111826098561146,60.396740497341774,67.02978693167344,74.12213781131835,79.1657862923289,81.97147301753542,84.78362255125514,90.9909343687813,94.36377441835378,98.26251126507734,100.59768941673943,104.16189381604092,110.61271275629959,113.9961562684629,114.95620314231854,52.213035642552924,58.207968586298016,66.06010345523654,69.11786799816655,76.92969428911796,82.63189342629303,84.06949594437653,86.39034837398079,89.78635470495252,95.34871760213929,98.02615873127733,102.16062725818621,104.19060804627263,107.92350571430481,108.45402338601802,112.23891175953716,114.08080562184304,114.36552829392942,93.05206744641248,96.38509054864265,98.13092559239679,85.03804714281145,90.29712976243249,97.68780463012897,66.60134499722733,70.74595607668942,73.0395802830493,75.45321737258867,82.35719723930322,88.52682850867417,93.35438793347674,94.06040847142164,88.83722710034553,89.43701873083064,90.34876705136652,77.92565161752114,79.61158192450304,81.56748273998423,84.2239762935243,87.54529606132746,89.88634390364082,78.26726559562837,82.99653033763637,88.32617103847166,12.994990412415284,26.909843232333973,31.44264027169058,34.70971939531155,41.34361907800198,46.30801108508602,52.05800012855384,59.20504133453552,63.69271723638052,69.27906505942197,70.64477000559447,72.65830744006148,79.56111563673042,82.42808529126116,85.59985372543159,76.038637060841,82.85664637441634,83.87724080904745,78.4520584803376,79.97035028364813,82.95347901033762,79.26410572641569,82.89751803442587,66.83534935329817,69.57128447679798,71.56942961667144,81.97314784622765,75.22409842290487,78.15973293694098,46.425735339171574,48.90048158878989,51.793537758310286,57.29326475153458,61.5005033946353,65.65088301582661,67.89611106660452,73.78980710559397,68.48323596818695,70.15785532792216,70.95328037153092,58.90367971497916,63.69492850835236,66.57183309488282,68.91280169783329,69.92617921879969,70.73506116321437,55.9954632889777,57.337978465800646,58.08192066785671,58.6468312802548,61.343194200931464,63.70765143251759,51.939102846744525,55.498163537432426,47.50771641662344,49.923540292654145,46.04220382077591,30.00388104722896,31.576948750794177,35.40543004237705,39.811988109621794,21.533571442071192,23.935184441702894,25.649419256423467,4.9951037601742625,4.079022431906948,0.0,7.56986347300928,47.788915564877094,52.78680401901452,55.04891940068715,57.66946629017415,60.63672411517016,62.67989053032089,63.896380563161266,65.50574876217603,71.0963366561278,75.78057042484602,81.51959229272559,85.97338191505845,21.21537464917696,46.04771085871104,52.18888419936834,58.0603538620678,61.281091665739496,62.9318748132183,68.76486735564453,75.56089840324871,78.29820529141449,78.83803674659285,76.81042675198232,78.3954317992929,56.800426782929684,61.45635322135204,66.33151526994078,43.806699896241696,50.12742335166987,55.6798392222617,58.73195029494566,64.85469559423748,65.41630488903236,40.535272783882,46.71737614762479,47.68086615795184,48.160313756756956,41.547976458727,46.738405150077995,50.17875527760862,55.62585340413435,59.466806150524235,39.88955087196854,43.003500454090904,44.17755086943333,45.31350509386317,45.70117634634391,46.80520306703505,47.75906993405582,48.2401291819661,53.3720822397531,59.61777539584073,88.37462460161674
148,100.83853732622532,100.7705226219328,95.88128945097439,90.09978748349224,86.58451309875358,84.74573442800498,72.77809447687007,65.76197375384939,65.40261321066191,60.300284820603125,53.84652676811928,47.82159149875747,41.676707366407996,34.90392994499515,29.528319095984585,21.10827930985529,15.866215784868201,45.786649605252535,48.49434050341653,51.12641762994605,55.38603204911593,60.726488022157945,61.68168957157042,67.96660397035104,74.5996504046827,81.69200128432762,86.73564976533817,89.54133649054468,92.3534860242644,98.56079784179056,101.93363789136305,105.8323747380866,108.16755288974869,111.73175728905018,118.18257622930885,121.56601974147216,122.5260666153278,59.7828991155622,65.77783205930729,73.6299669282458,76.68773147117581,84.49955776212722,90.2017568993023,91.63935941738579,93.96021184699005,97.35621817796178,102.91858107514855,105.5960222042866,109.73049073119547,111.7604715192819,115.49336918731407,116.02388685902729,119.80877523254642,121.6506690948523,121.93539176693868,100.62193091942174,103.95495402165191,105.70078906540606,92.60791061582071,97.86699323544175,105.25766810313823,74.17120847023659,78.31581954969869,80.60944375605857,83.02308084559793,89.92706071231248,96.09669198168343,100.92425140648601,101.6302719444309,96.4070905733548,97.00688220383991,97.91863052437579,85.4955150905304,87.1814453975123,89.13734621299349,91.79383976653357,95.11515953433673,97.45620737665008,85.83712906863764,90.56639381064564,95.89603451148092,20.564853885424565,34.479706705343254,39.012503744699856,42.27958286832083,48.913482551011256,53.8778745580953,59.62786360156312,66.7749048075448,71.2625807093898,76.84892853243124,78.21463347860374,80.22817091307076,87.1309791097397,89.99794876427043,93.16971719844086,83.60850053385026,90.4265098474256,91.44710428205671,86.02192195334686,87.5402137566574,90.52334248334688,86.83396919942496,90.46738150743514,74.40521282630745,77.14114794980726,79.13929308968072,89.54301131923692,82.79396189591414,85.72959640995025,53.99559881218085,56.470345061799165,59.363401231319564,64.86312822454386,69.07036686764458,73.22074648883589,75.4659745396138,81.35967057860324,76.05309944119622,77.72771880093144,78.5231438445402,66.47354318798844,71.26479198136164,74.1416965678921,76.48266517084257,77.49604269180897,78.30492463622365,63.56532676198698,64.90784193880992,65.65178414086598,66.21669475326408,68.91305767394074,71.27751490552687,59.5089663197538,63.0680270104417,55.077579889632716,57.49340376566342,53.61206729378519,37.573744520238236,39.14681222380345,42.975293515386326,47.38185158263107,29.10343491508047,31.505047914712172,33.21928272943275,12.564967233183543,11.648885904916227,7.56986347300928,0.0,55.35877903788637,60.356667492023796,62.618782873696425,65.23932976318343,68.20658758817945,70.24975400333018,71.46624403617055,73.0756122351853,78.66620012913708,83.3504338978553,89.08945576573487,93.54324538806773,28.785238122186243,53.61757433172032,59.758747672377616,65.63021733507708,68.85095513874877,70.50173828622758,76.3347308286538,83.13076187625799,85.86806876442377,86.40790021960213,84.3802902249916,85.96529527230217,64.37029025593897,69.02621669436132,73.90137874295007,51.376563369250974,57.697286824679146,63.249702695270976,66.30181376795494,72.42455906724676,72.98616836204164,48.10513625689128,54.28723962063407,55.25072963096112,55.730177229766234,49.11783993173628,54.30826862308727,57.7486187506179,63.195716877143624,67.03666962353351,47.459414344977816,50.57336392710018,51.74741434244261,52.88336856687245,53.271039819353184,54.37506654004433,55.3289334070651,55.809992654975375,60.941945712762376,67.18763886885002,95.94448807462602
149,60.55413336659674,60.486118662304214,55.596885491345816,49.815383523863666,46.30010913912501,44.46133046837641,32.493690517241504,25.477569794220827,25.11820925103335,20.01588086097456,13.562122808490717,7.537187539128904,13.68207167147838,20.454849092891223,25.830459941901786,34.25049972803108,39.492563253018176,69.41299707340251,72.12068797156651,74.75276509809602,79.0123795172659,84.35283549030791,85.30803703972039,91.59295143850102,98.22599787283268,105.31834875247759,110.36199723348814,113.16768395869465,115.97983349241437,122.18714530994053,125.55998535951302,129.45872220623656,131.79390035789865,135.35810475720012,141.8089236974588,145.19236720962212,146.15241408347777,83.40924658371216,89.40417952745725,97.25631439639577,100.31407893932577,108.12590523027718,113.82810436745226,115.26570688553575,117.58655931514001,120.98256564611174,126.54492854329851,129.22236967243654,133.35683819934542,135.38681898743184,139.119716655464,139.6502343271772,143.43512270069633,145.2770165630022,145.5617392350886,124.2482783875717,127.58130148980187,129.327136533556,116.23425808397067,121.49334070359171,128.8840155712882,97.79755593838657,101.94216701784866,104.23579122420855,106.64942831374792,113.55340818046247,119.72303944983342,124.550598874636,125.25661941258089,120.03343804150478,120.6332296719899,121.54497799252577,109.12186255868036,110.80779286566226,112.76369368114345,115.42018723468352,118.74150700248668,121.08255484480004,109.4634765367876,114.1927412787956,119.52238197963088,44.19120135357454,58.106054173493234,62.638851212849836,65.9059303364708,72.53983001916123,77.50422202624527,83.2542110697131,90.40125227569477,94.88892817753977,100.47527600058122,101.84098094675372,103.85451838122073,110.75732657788967,113.6242962324204,116.79606466659084,107.23484800200023,114.05285731557558,115.07345175020669,109.64826942149683,111.16656122480737,114.14968995149685,110.46031666757494,114.09372897558512,98.03156029445742,100.76749541795724,102.7656405578307,113.1693587873869,106.4203093640641,109.3559438781002,77.62194628033083,80.09669252994914,82.98974869946953,88.48947569269383,92.69671433579455,96.84709395698586,99.09232200776377,104.98601804675322,99.6794469093462,101.35406626908141,102.14949131269017,90.09989065613841,94.89113944951161,97.76804403604207,100.10901263899254,101.12239015995894,101.93127210437362,87.19167423013694,88.53418940695988,89.27813160901594,89.84304222141404,92.5394051420907,94.90386237367683,83.13531378790377,86.69437447859167,78.70392735778269,81.11975123381339,77.23841476193516,61.200091988388216,62.77315969195343,66.6016409835363,71.00819905078104,52.72978238323045,55.13139538286215,56.84563019758273,42.793811804702834,43.70989313297015,47.7889155648771,55.35877903788638,0.0,4.997888454137422,7.260003835810052,9.880550725297056,12.847808550293067,14.890974965443796,16.10746499828417,17.716833197298925,23.307421091250703,27.991654859968918,33.73067672784849,38.18446635018135,52.411585590336216,13.33317037209175,19.474343712749047,25.34581337544851,28.566551179120204,30.21733432659901,36.05032686902524,42.84635791662943,45.583664804795205,46.12349625997357,44.09588626536304,45.680891312673616,24.085886296310395,28.74181273473275,33.616974783321496,11.092159409622406,17.412882865050577,22.965298735642406,26.01740980832637,32.14015510761819,32.70176440241307,20.11050056196166,26.292603925704455,27.256093936031505,27.73554153483662,8.833435972107708,14.0238646634587,17.464214790989327,22.911312917515055,26.752265663904943,19.464778650048196,22.578728232170562,11.463010382814044,12.598964607243884,12.986635859724622,14.090662580415767,15.044529447436535,15.525588695346809,20.65754175313381,26.903234909221446,55.66008411499746
150,65.55202182073415,65.48400711644163,60.594773945483226,54.813271978001076,51.29799759326242,49.45921892251382,37.491578971378914,30.475458248358244,30.116097705170766,25.01376931511198,18.560011262628137,12.535075993266325,18.6799601256158,25.452737547028644,30.828348396039207,39.2483881821685,44.490451707155586,74.41088552753992,77.11857642570392,79.75065355223343,84.01026797140331,89.35072394444532,90.3059254938578,96.59083989263843,103.22388632697009,110.316237206615,115.35988568762555,118.16557241283206,120.97772194655178,127.18503376407794,130.55787381365042,134.45661066037397,136.79178881203606,140.35599321133753,146.8068121515962,150.19025566375953,151.15030253761518,88.40713503784957,94.40206798159466,102.25420285053318,105.31196739346318,113.1237936844146,118.82599282158967,120.26359533967316,122.58444776927742,125.98045410024915,131.54281699743592,134.22025812657395,138.35472665348283,140.38470744156925,144.1176051096014,144.6481227813146,148.43301115483374,150.27490501713962,150.559627689226,129.2461668417091,132.57918994393927,134.3250249876934,121.23214653810808,126.49122915772912,133.8819040254256,102.79544439252398,106.94005547198607,109.23367967834596,111.64731676788533,118.55129663459988,124.72092790397083,129.5484873287734,130.2545078667183,125.03132649564219,125.6311181261273,126.54286644666318,114.11975101281777,115.80568131979967,117.76158213528086,120.41807568882093,123.7393954566241,126.08044329893745,114.461364990925,119.190629732933,124.52027043376829,49.18908980771195,63.103942627630644,67.63673966698725,70.90381879060823,77.53771847329865,82.5021104803827,88.25209952385052,95.3991407298322,99.88681663167719,105.47316445471864,106.83886940089114,108.85240683535815,115.7552150320271,118.62218468655783,121.79395312072826,112.23273645613764,119.05074576971299,120.0713402043441,114.64615787563424,116.16444967894478,119.14757840563426,115.45820512171235,119.09161742972253,103.02944874859483,105.76538387209465,107.7635290119681,118.16724724152431,111.4181978182015,114.35383233223762,82.61983473446826,85.09458098408656,87.98763715360695,93.48736414683125,97.69460278993198,101.84498241112328,104.0902104619012,109.98390650089064,104.6773353634836,106.35195472321882,107.14737976682758,95.09777911027584,99.88902790364904,102.7659324901795,105.10690109312996,106.12027861409636,106.92916055851104,92.18956268427435,93.53207786109729,94.27602006315335,94.84093067555145,97.53729359622811,99.90175082781424,88.13320224204118,91.69226293272908,83.70181581192011,86.11763968795081,82.23630321607257,66.19798044252563,67.77104814609085,71.59952943767372,76.00608750491847,57.72767083736786,60.12928383699956,61.84351865172014,47.791700258840244,48.70778158710756,52.78680401901451,60.35666749202379,4.997888454137422,0.0,2.2621153816726287,4.882662271159632,7.849920096155644,9.893086511306374,11.109576544146748,12.718944743161506,18.309532637113286,22.9937664058315,28.732788273711073,33.18657789604393,57.409474044473626,18.33105882622917,24.472232166886464,30.343701829585928,33.56443963325762,35.215222780736426,41.04821532316266,47.84424637076685,50.58155325893262,51.12138471411099,49.09377471950046,50.67877976681103,29.083774750447812,33.73970118887017,38.61486323745891,16.09004786375983,22.410771319188,27.96318718977983,31.015298262463794,37.138043561755616,37.69965285655049,25.108389016099082,31.290492379841876,32.25398239016892,32.73342998897404,13.83132442624513,19.02175311759612,22.462103245126748,27.909201371652475,31.750154118042364,24.46266710418562,27.576616686307986,16.460898836951465,17.596853061381307,17.984524313862043,19.088551034553188,20.042417901573955,20.52347714948423,25.65543020727123,31.901123363358863,60.65797256913487
151,67.81413720240678,67.74612249811426,62.856889327155855,57.075387359673705,53.56011297493505,51.72133430418645,39.75369435305154,32.73757363003087,32.378213086843395,27.27588469678461,20.822126644300766,14.797191374938954,20.94207550728843,27.714852928701273,33.09046377771183,41.51050356384113,46.752567088828215,76.67300090921255,79.38069180737655,82.01276893390606,86.27238335307594,91.61283932611795,92.56804087553043,98.85295527431106,105.48600170864272,112.57835258828763,117.62200106929818,120.42768779450469,123.23983732822441,129.4471491457506,132.81998919532307,136.71872604204663,139.05390419370872,142.6181085930102,149.06892753326886,152.4523710454322,153.41241791928783,90.6692504195222,96.66418336326728,104.5163182322058,107.5740827751358,115.38590906608722,121.0881082032623,122.52571072134579,124.84656315095005,128.24256948192178,133.80493237910855,136.48237350824658,140.61684203515546,142.64682282324188,146.37972049127404,146.91023816298724,150.69512653650636,152.53702039881225,152.82174307089863,131.50828222338174,134.8413053256119,136.58714036936604,123.49426191978071,128.75334453940175,136.14401940709823,105.0575597741966,109.2021708536587,111.4957950600186,113.90943214955796,120.81341201627251,126.98304328564346,131.81060271044603,132.51662324839094,127.29344187731482,127.89323350779993,128.80498182833583,116.3818663944904,118.0677967014723,120.02369751695349,122.68019107049356,126.00151083829672,128.34255868061007,116.72348037259763,121.45274511460563,126.78238581544092,51.45120518938458,65.36605800930327,69.89885504865988,73.16593417228086,79.79983385497128,84.76422586205533,90.51421490552315,97.66125611150483,102.14893201334982,107.73527983639127,109.10098478256377,111.11452221703078,118.01733041369972,120.88430006823046,124.05606850240089,114.49485183781027,121.31286115138562,122.33345558601673,116.90827325730687,118.4265650606174,121.40969378730689,117.72032050338498,121.35373281139516,105.29156413026746,108.02749925376727,110.02564439364073,120.42936262319694,113.68031319987413,116.61594771391024,84.88195011614089,87.35669636575919,90.24975253527958,95.74947952850388,99.9567181716046,104.10709779279591,106.35232584357382,112.24602188256327,106.93945074515624,108.61407010489145,109.40949514850021,97.35989449194847,102.15114328532167,105.02804787185212,107.36901647480259,108.382393995769,109.19127594018367,94.45167806594698,95.79419324276992,96.53813544482598,97.10304605722408,99.79940897790074,102.16386620948687,90.39531762371381,93.95437831440171,85.96393119359274,88.37975506962344,84.4984185977452,68.46009582419826,70.03316352776348,73.86164481934635,78.2682028865911,59.98978621904049,62.39139921867219,64.10563403339276,50.05381564051287,50.96989696878019,55.04891940068714,62.61878287369642,7.260003835810052,2.2621153816726287,0.0,2.6205468894870037,5.587804714483015,7.630971129633744,8.847461162474119,10.456829361488877,16.047417255440656,20.73165102415887,26.470672892038444,30.924462514371303,59.671589426146255,20.5931742079018,26.734347548559093,32.605817211258554,35.82655501493025,37.477338162409055,43.31033070483529,50.106361752439476,52.84366864060525,53.38350009578362,51.35589010117309,52.94089514848366,31.34589013212044,36.0018165705428,40.87697861913154,18.352163245432457,24.67288670086063,30.22530257145246,33.27741364413642,39.400158943428245,39.96176823822312,27.37050439777171,33.55260776151451,34.51609777184156,34.995545370646674,16.093439807917758,21.28386849926875,24.724218626799377,30.171316753325105,34.01226949971499,26.72478248585825,29.838732067980615,18.723014218624094,19.858968443053936,20.24663969553467,21.350666416225817,22.304533283246585,22.78559253115686,27.91754558894386,34.16323874503149,62.9200879508075
152,70.4346840918938,70.36666938760128,65.47743621664287,59.69593424916072,56.18065986442207,54.341881193673466,42.37424124253856,35.35812051951788,34.998759976330405,29.896431586271614,23.442673533787772,17.41773826442596,23.56262239677544,30.335399818188282,35.71101066719885,44.13105045332814,49.37311397831523,79.29354779869956,82.00123869686357,84.63331582339308,88.89293024256295,94.23338621560497,95.18858776501745,101.47350216379807,108.10654859812973,115.19889947777465,120.2425479587852,123.04823468399171,125.86038421771143,132.0676960352376,135.44053608481008,139.33927293153363,141.67445108319572,145.2386554824972,151.68947442275586,155.0729179349192,156.03296480877484,93.28979730900922,99.2847302527543,107.13686512169282,110.19462966462282,118.00645595557424,123.70865509274931,125.1462576108328,127.46711004043706,130.86311637140878,136.42547926859555,139.10292039773358,143.23738892464246,145.26736971272888,149.00026738076104,149.53078505247424,153.31567342599337,155.15756728829925,155.44228996038564,134.12882911286874,137.4618522150989,139.20768725885304,126.11480880926774,131.37389142888878,138.76456629658526,107.67810666368362,111.82271774314572,114.1163419495056,116.52997903904496,123.43395890575951,129.60359017513048,134.43114959993306,135.13717013787797,129.91398876680182,130.51378039728692,131.4255287178228,119.00241328397742,120.68834359095932,122.6442444064405,125.30073795998058,128.62205772778373,130.96310557009707,119.34402726208465,124.07329200409265,129.40293270492793,54.0717520788716,67.98660489879029,72.5194019381469,75.78648106176787,82.4203807444583,87.38477275154234,93.13476179501016,100.28180300099184,104.76947890283684,110.35582672587829,111.72153167205079,113.7350691065178,120.63787730318674,123.50484695771748,126.6766153918879,117.11539872729729,123.93340804087264,124.95400247550374,119.52882014679389,121.04711195010442,124.03024067679391,120.34086739287201,123.97427970088219,107.91211101975448,110.64804614325429,112.64619128312775,123.04990951268395,116.30086008936115,119.23649460339726,87.5024970056279,89.97724325524621,92.8702994247666,98.3700264179909,102.57726506109162,106.72764468228293,108.97287273306084,114.86656877205029,109.55999763464325,111.23461699437847,112.03004203798723,99.98044138143548,104.77169017480868,107.64859476133914,109.98956336428961,111.00294088525601,111.81182282967069,97.072224955434,98.41474013225694,99.158682334313,99.7235929467111,102.41995586738776,104.78441309897389,93.01586451320082,96.57492520388872,88.58447808307976,91.00030195911046,87.11896548723222,71.08064271368528,72.6537104172505,76.48219170883337,80.88874977607811,62.610333108527506,65.01194610815921,66.72618092287978,52.67436252999989,53.59044385826721,57.66946629017416,65.23932976318343,9.880550725297056,4.882662271159632,2.6205468894870037,0.0,2.9672578249960115,5.010424240146741,6.226914272987115,7.836282472001873,13.42687036595365,18.111104134671862,23.850126002551434,28.303915624884294,62.29213631563327,23.213721097388806,29.354894438046102,35.22636410074556,38.44710190441726,40.097885051896064,45.9308775943223,52.726908641926485,55.46421553009226,56.00404698527063,53.9764369906601,55.56144203797067,33.96643702160745,38.6223634600298,43.497525508618544,20.972710134919463,27.293433590347632,32.84584946093946,35.897960533623426,42.02070583291525,42.582315127710125,29.99105128725872,36.17315465100151,37.13664466132856,37.61609226013368,18.713986697404764,23.904415388755755,27.344765516286383,32.79186364281211,36.632816389202,29.34532937534526,32.459278957467625,21.343561108111103,22.479515332540945,22.86718658502168,23.971213305712826,24.925080172733594,25.406139420643868,30.538092478430865,36.7837856345185,65.54063484029452
153,73.40194191688981,73.33392721259729,68.44469404163888,62.66319207415673,59.14791768941808,57.30913901866948,45.34149906753457,38.325378344513894,37.966017801326416,32.86368941126763,26.409931358783783,20.38499608942197,26.52988022177145,33.3026576431843,38.67826849219486,47.098308278324154,52.34037180331124,82.26080562369557,84.96849652185958,87.60057364838909,91.86018806755897,97.20064404060098,98.15584559001346,104.44075998879408,111.07380642312575,118.16615730277066,123.2098057837812,126.01549250898772,128.82764204270742,135.0349538602336,138.4077939098061,142.30653075652964,144.64170890819173,148.2059133074932,154.65673224775188,158.0401757599152,159.00022263377085,96.25705513400523,102.25198807775031,110.10412294668883,113.16188748961883,120.97371378057025,126.67591291774532,128.11351543582882,130.43436786543307,133.8303741964048,139.39273709359156,142.0701782227296,146.20464674963847,148.2346275377249,151.96752520575706,152.49804287747025,156.28293125098938,158.12482511329526,158.40954778538165,137.09608693786475,140.4291100400949,142.17494508384905,129.08206663426375,134.3411492538848,141.73182412158127,110.64536448867963,114.78997556814173,117.08359977450161,119.49723686404097,126.40121673075552,132.5708480001265,137.39840742492908,138.10442796287398,132.88124659179783,133.48103822228293,134.3927865428188,121.96967110897343,123.65560141595533,125.61150223143652,128.2679957849766,131.58931555277974,133.93036339509308,122.31128508708066,127.04054982908866,132.37019052992395,57.03900990386761,70.9538627237863,75.48665976314291,78.75373888676388,85.38763856945431,90.35203057653835,96.10201962000617,103.24906082598785,107.73673672783285,113.3230845508743,114.6887894970468,116.70232693151381,123.60513512818275,126.47210478271349,129.64387321688392,120.0826565522933,126.90066586586865,127.92126030049975,122.4960779717899,124.01436977510043,126.99749850178992,123.30812521786802,126.9415375258782,110.87936884475049,113.6153039682503,115.61344910812376,126.01716733767996,119.26811791435716,122.20375242839327,90.46975483062391,92.94450108024222,95.83755724976261,101.33728424298691,105.54452288608763,109.69490250727894,111.94013055805685,117.8338265970463,112.52725545963926,114.20187481937448,114.99729986298324,102.9476992064315,107.7389479998047,110.61585258633515,112.95682118928562,113.97019871025202,114.7790806546667,100.03948278043,101.38199795725295,102.12594015930901,102.6908507717071,105.38721369238377,107.7516709239699,95.98312233819684,99.54218302888474,91.55173590807577,93.96755978410647,90.08622331222823,74.04790053868129,75.6209682422465,79.44944953382938,83.85600760107413,65.57759093352351,67.9792039331552,69.69343874787577,55.6416203549959,56.55770168326322,60.63672411517017,68.20658758817945,12.847808550293067,7.849920096155644,5.587804714483015,2.9672578249960115,0.0,2.0431664151507296,3.2596564479911034,4.869024647005861,10.45961254095764,15.143846309675853,20.882868177555423,25.336657799888282,65.25939414062928,26.180978922384817,32.32215226304211,38.193621925741574,41.41435972941327,43.065142876892075,48.89813541931831,55.694166466922496,58.43147335508827,58.97130481026664,56.94369481565611,58.52869986296668,36.93369484660346,41.589621285025814,46.464783333614555,23.939967959915474,30.260691415343643,35.81310728593547,38.86521835861944,44.98796365791126,45.549572952706136,32.95830911225473,39.14041247599752,40.10390248632457,40.58335008512969,21.681244522400775,26.871673213751766,30.312023341282394,35.75912146780812,39.60007421419801,32.31258720034127,35.426536782463636,24.310818933107115,25.446773157536956,25.834444410017692,26.938471130708837,27.892337997729605,28.37339724563988,33.50535030342687,39.751043459514506,68.50789266529053
154,75.44510833204055,75.37709362774802,70.48786045678962,64.70635848930746,61.1910841045688,59.3523054338202,47.38466548268529,40.368544759664616,40.00918421647714,34.90685582641835,28.453097773934513,22.4281625045727,28.57304663692218,35.345824058335026,40.72143490734559,49.14147469347488,54.38353821846198,84.30397203884631,87.01166293701031,89.64374006353982,93.9033544827097,99.24381045575171,100.19901200516419,106.48392640394482,113.11697283827648,120.2093237179214,125.25297219893194,128.05865892413846,130.87080845785817,137.07812027538435,140.45096032495684,144.3496971716804,146.68487532334248,150.24907972264396,156.69989866290263,160.08334217506595,161.0433890489216,98.30022154915596,104.29515449290105,112.14728936183957,115.20505390476957,123.01688019572099,128.71907933289606,130.15668185097957,132.47753428058382,135.87354061155554,141.4359035087423,144.11334463788035,148.24781316478922,150.27779395287564,154.01069162090783,154.54120929262103,158.32609766614016,160.16799152844604,160.45271420053243,139.1392533530155,142.47227645524566,144.2181114989998,131.12523304941448,136.38431566903552,143.774990536732,112.68853090383037,116.83314198329246,119.12676618965236,121.54040327919172,128.44438314590627,134.61401441527724,139.44157384007983,140.14759437802473,134.92441300694858,135.52420463743368,136.43595295796956,124.01283752412417,125.69876783110607,127.65466864658725,130.31116220012734,133.6324819679305,135.97352981024383,124.3544515022314,129.0837162442394,134.4133569450747,59.082176319018345,72.99702913893704,77.52982617829365,80.79690530191462,87.43080498460505,92.39519699168909,98.14518603515691,105.29222724113859,109.77990314298358,115.36625096602504,116.73195591219753,118.74549334666455,125.64830154333349,128.51527119786422,131.68703963203467,122.12582296744404,128.94383228101938,129.9644267156505,124.53924438694064,126.05753619025117,129.04066491694064,125.35129163301875,128.98470394102893,112.92253525990122,115.65847038340104,117.6566155232745,128.0603337528307,121.3112843295079,124.24691884354401,92.51292124577465,94.98766749539296,97.88072366491335,103.38045065813765,107.58768930123837,111.73806892242968,113.98329697320759,119.87699301219703,114.57042187479,116.24504123452522,117.04046627813398,104.99086562158223,109.78211441495543,112.65901900148589,114.99998760443636,116.01336512540276,116.82224706981744,102.08264919558074,103.42516437240369,104.16910657445975,104.73401718685784,107.4303801075345,109.79483733912063,98.02628875334757,101.58534944403547,93.5949023232265,96.0107261992572,92.12938972737896,76.09106695383203,77.66413465739724,81.49261594898012,85.89917401622486,67.62075734867425,70.02237034830594,71.73660516302651,57.68478677014664,58.600868098413954,62.679890530320904,70.24975400333018,14.890974965443796,9.893086511306374,7.630971129633744,5.010424240146741,2.0431664151507296,0.0,1.216490032840374,2.8258582318551317,8.41644612580691,13.100679894525124,18.839701762404694,23.293491384737553,67.30256055578002,28.224145337535546,34.36531867819284,40.2367883408923,43.457526144564,45.108309292042804,50.94130183446904,57.737332882073225,60.474639770239,61.01447122541737,58.98686123080684,60.57186627811741,38.97686126175419,43.63278770017654,48.507949748765284,25.983134375066204,32.30385783049437,37.8562737010862,40.908384773770166,47.03113007306199,47.592739367856865,35.00147552740546,41.18357889114826,42.14706890147531,42.626516500280424,23.724410937551504,28.914839628902495,32.35518975643313,37.80228788295885,41.64324062934874,34.355753615492,37.469703197614365,26.353985348257844,27.489939572687685,27.87761082516842,28.981637545859567,29.935504412880334,30.416563660790608,35.5485167185776,41.794209874665235,70.55105908044125
155,76.66159836488093,76.59358366058841,71.70435048963,65.92284852214785,62.407574137409185,60.56879546666058,48.601155515525676,41.585034792505,41.22567424931752,36.123345859258734,29.66958780677489,23.644652537413076,29.789536669762555,36.5623140911754,41.937924940185965,50.35796472631526,55.60002825130235,85.52046207168668,88.22815296985068,90.86023009638019,95.11984451555007,100.46030048859208,101.41550203800456,107.70041643678519,114.33346287111685,121.42581375076176,126.46946223177231,129.27514895697882,132.08729849069854,138.29461030822472,141.6674503577972,145.56618720452076,147.90136535618285,151.46556975548432,157.916388695743,161.29983220790632,162.25987908176197,99.51671158199633,105.51164452574142,113.36377939467994,116.42154393760994,124.23337022856136,129.93556936573643,131.37317188381994,133.6940243134242,137.0900306443959,142.65239354158268,145.32983467072071,149.4643031976296,151.494283985716,155.22718165374818,155.75769932546137,159.5425876989805,161.38448156128638,161.66920423337277,140.35574338585587,143.68876648808603,145.43460153184017,132.34172308225484,137.60080570187588,144.99148056957236,113.90502093667074,118.04963201613283,120.34325622249273,122.75689331203209,129.66087317874664,135.8305044481176,140.6580638729202,141.3640844108651,136.14090303978895,136.74069467027405,137.65244299080993,125.22932755696453,126.91525786394644,128.87115867942762,131.5276522329677,134.84897200077086,137.1900198430842,125.57094153507177,130.30020627707978,135.62984697791507,60.298666351858714,74.2135191717774,78.74631621113402,82.01339533475499,88.64729501744542,93.61168702452946,99.36167606799728,106.50871727397896,110.99639317582395,116.5827409988654,117.9484459450379,119.96198337950491,126.86479157617386,129.7317612307046,132.90352966487504,123.3423130002844,130.16032231385975,131.18091674849086,125.755734419781,127.27402622309154,130.257154949781,126.56778166585912,130.2011939738693,114.1390252927416,116.87496041624141,118.87310555611487,129.27682378567107,122.52777436234827,125.46340887638438,93.72941127861502,96.20415752823332,99.09721369775372,104.59694069097802,108.80417933407874,112.95455895527004,115.19978700604796,121.0934830450374,115.78691190763037,117.46153126736559,118.25695631097435,106.2073556544226,110.9986044477958,113.87550903432626,116.21647763727672,117.22985515824313,118.0387371026578,103.29913922842111,104.64165440524405,105.38559660730012,105.95050721969821,108.64687014037487,111.011327371961,99.24277878618794,102.80183947687584,94.81139235606688,97.22721623209758,93.34587976021933,77.3075569866724,78.88062469023761,82.70910598182049,87.11566404906523,68.83724738151462,71.23886038114631,72.95309519586688,58.901276802987006,59.81735813125432,63.89638056316127,71.46624403617055,16.107464998284172,11.109576544146748,8.847461162474119,6.2269142729871145,3.2596564479911034,1.216490032840374,0.0,1.6093681990147577,7.199956092966535,11.88418986168475,17.62321172956432,22.07700135189718,68.51905058862039,29.440635370375922,35.58180871103322,41.45327837373268,44.674016177404376,46.32479932488318,52.15779186730941,58.9538229149136,61.69112980307938,62.23096125825774,60.203351263647214,61.78835631095779,40.193351294594564,44.84927773301692,49.72443978160566,27.19962440790658,33.52034786333475,39.07276373392658,42.12487480661054,48.247620105902364,48.80922940069724,36.21796556024584,42.40006892398863,43.36355893431568,43.84300653312079,24.94090097039188,30.13132966174287,33.5716797892735,39.018777915799234,42.85973066218912,35.572243648332375,38.68619323045474,27.57047538109822,28.70642960552806,29.094100858008797,30.198127578699943,31.15199444572071,31.633053693630984,36.76500675141798,43.01069990750561,71.76754911328163
156,78.27096656389568,78.20295185960316,73.31371868864476,67.5322167211626,64.01694233642394,62.178163665675335,50.21052371454043,43.19440299151975,42.835042448332274,37.73271405827349,31.278956005789645,25.254020736427833,31.398904868777308,38.171682290190155,43.54729313920072,51.96733292533001,57.2093964503171,87.12983027070143,89.83752116886544,92.46959829539495,96.72921271456482,102.06966868760684,103.02487023701931,109.30978463579994,115.9428310701316,123.03518194977651,128.07883043078706,130.88451715599356,133.69666668971328,139.90397850723946,143.27681855681195,147.1755554035355,149.5107335551976,153.07493795449906,159.52575689475773,162.90920040692106,163.8692472807767,101.12607978101109,107.12101272475617,114.97314759369469,118.03091213662469,125.84273842757611,131.54493756475117,132.98254008283467,135.30339251243893,138.69939884341065,144.26176174059742,146.93920286973545,151.07367139664433,153.10365218473075,156.83654985276291,157.3670675244761,161.15195589799524,162.99384976030112,163.2785724323875,141.9651115848706,145.29813468710077,147.0439697308549,133.9510912812696,139.21017390089065,146.60084876858713,115.51438913568549,119.65900021514759,121.95262442150747,124.36626151104683,131.27024137776138,137.43987264713235,142.26743207193493,142.97345260987984,137.7502712388037,138.3500628692888,139.26181118982467,126.83869575597929,128.52462606296118,130.48052687844236,133.13702043198245,136.4583401997856,138.79938804209894,127.18030973408652,131.90957447609452,137.2392151769298,61.90803455087347,75.82288737079216,80.35568441014877,83.62276353376974,90.25666321646017,95.22105522354421,100.97104426701203,108.11808547299371,112.6057613748387,118.19210919788016,119.55781414405266,121.57135157851967,128.4741597751886,131.34112942971933,134.51289786388978,124.95168119929916,131.76969051287452,132.79028494750563,127.36510261879576,128.88339442210628,131.86652314879575,128.17714986487388,131.81056217288406,115.74839349175635,118.48432861525616,120.48247375512962,130.8861919846858,124.13714256136302,127.07277707539913,95.33877947762977,97.81352572724808,100.70658189676847,106.20630888999277,110.41354753309349,114.5639271542848,116.80915520506271,122.70285124405216,117.39628010664512,119.07089946638034,119.8663245099891,107.81672385343735,112.60797264681055,115.48487723334101,117.82584583629148,118.83922335725788,119.64810530167256,104.90850742743586,106.25102260425881,106.99496480631487,107.55987541871296,110.25623833938963,112.62069557097576,100.8521469852027,104.4112076758906,96.42076055508163,98.83658443111233,94.95524795923409,78.91692518568715,80.48999288925236,84.31847418083524,88.72503224807998,70.44661558052937,72.84822858016106,74.56246339488163,60.51064500200176,61.42672633026908,65.50574876217603,73.0756122351853,17.71683319729893,12.718944743161506,10.456829361488877,7.836282472001873,4.869024647005862,2.8258582318551317,1.6093681990147577,0.0,5.590587893951778,10.274821662669991,16.013843530549565,20.467633152882424,70.12841878763514,31.05000356939068,37.19117691004797,43.06264657274743,46.28338437641913,47.93416752389793,53.767160066324166,60.563191113928355,63.30049800209413,63.840329457272496,61.81271946266197,63.39772450997254,41.80271949360932,46.45864593203167,51.33380798062041,28.808992606921336,35.12971606234951,40.68213193294134,43.7342430056253,49.856988304917124,50.418597599712,37.82733375926059,44.00943712300338,44.97292713333043,45.452374732135546,26.550269169406636,31.740697860757628,35.181047988288256,40.62814611481399,44.469098861203875,37.18161184734713,40.295561429469494,29.179843580112973,30.315797804542814,30.70346905702355,31.807495777714696,32.76136264473546,33.24242189264574,38.37437495043274,44.62006810652037,73.37691731229638
157,83.86155445784746,83.79353975355494,78.90430658259653,73.12280461511438,69.60753023037572,67.76875155962712,55.80111160849221,48.78499088547153,48.42563034228405,43.323301952225265,36.86954389974142,30.844608630379607,36.989492762729085,43.76227018414193,49.137881033152496,57.55792081928179,62.79998434426888,92.72041816465321,95.42810906281721,98.06018618934672,102.3198006085166,107.66025658155861,108.61545813097109,114.90037252975172,121.53341896408338,128.6257698437283,133.66941832473884,136.47510504994534,139.28725458366506,145.49456640119124,148.86740645076372,152.76614329748728,155.10132144914937,158.66552584845084,165.1163447887095,168.49978830087284,169.45983517472848,106.71666767496286,112.71160061870795,120.56373548764647,123.62150003057647,131.4333263215279,137.13552545870294,138.57312797678645,140.8939804063907,144.28998673736243,149.8523496345492,152.52979076368723,156.6642592905961,158.69424007868253,162.42713774671472,162.95765541842792,166.74254379194704,168.58443765425292,168.8691603263393,147.5556994788224,150.88872258105255,152.6345576248067,139.5416791752214,144.80076179484243,152.1914366625389,121.10497702963727,125.24958810909936,127.54321231545924,129.95684940499862,136.8608292717132,143.03046054108415,147.85801996588674,148.56404050383165,143.3408591327555,143.9406507632406,144.85239908377648,132.42928364993108,134.11521395691298,136.07111477239417,138.72760832593426,142.0489280937374,144.38997593605075,132.7708976280383,137.50016237004633,142.8298030708816,67.49862244482524,81.41347526474394,85.94627230410055,89.21335142772152,95.84725111041195,100.81164311749599,106.56163216096381,113.70867336694549,118.19634926879048,123.78269709183193,125.14840203800443,127.16193947247145,134.0647476691404,136.9317173236711,140.10348575784155,130.54226909325092,137.36027840682627,138.38087284145737,132.95569051274757,134.47398231605808,137.45711104274756,133.76773775882566,137.40115006683584,121.33898138570812,124.07491650920794,126.0730616490814,136.47677987863761,129.7277304553148,132.6633649693509,100.92936737158155,103.40411362119985,106.29716979072025,111.79689678394455,116.00413542704527,120.15451504823658,122.39974309901449,128.29343913800395,122.9868680005969,124.66148736033212,125.45691240394088,113.40731174738913,118.19856054076233,121.07546512729279,123.41643373024326,124.42981125120966,125.23869319562434,110.49909532138764,111.84161049821058,112.58555270026665,113.15046331266474,115.8468262333414,118.21128346492753,106.44273487915447,110.00179556984237,102.0113484490334,104.4271723250641,100.54583585318586,84.50751307963893,86.08058078320414,89.90906207478702,94.31562014203176,76.03720347448115,78.43881647411284,80.15305128883341,66.10123289595353,67.01731422422084,71.09633665612779,78.66620012913707,23.307421091250703,18.309532637113282,16.047417255440653,13.426870365953649,10.459612540957638,8.416446125806909,7.199956092966535,5.590587893951778,0.0,4.684233768718213,10.423255636597785,14.877045258930645,75.71900668158692,36.64059146334245,42.78176480399975,48.65323446669921,51.873972270370906,53.52475541784971,59.357747960275944,66.15377900788013,68.89108589604591,69.43091735122427,67.40330735661374,68.98831240392431,47.393307387561094,52.04923382598345,56.92439587457219,34.39958050087311,40.72030395630128,46.27271982689311,49.32483089957707,55.447576198868894,56.00918549366377,43.41792165321237,49.60002501695516,50.56351502728221,51.04296262608732,32.14085706335841,37.3312857547094,40.77163588224003,46.21873400876575,50.05968675515564,42.772199741298905,45.88614932342127,34.77043147406475,35.90638569849459,36.294056950975325,37.39808367166647,38.35195053868724,38.833009786597515,43.964962844384516,50.21065600047215,78.96750520624816
158,88.54578822656566,88.47777352227314,83.58854035131473,77.80703838383258,74.29176399909392,72.45298532834532,60.48534537721041,53.46922465418974,53.10986411100226,48.00753572094347,41.55377766845963,35.52884239909782,41.673726531447294,48.44650395286014,53.822114801870704,62.242154588,67.4842181129871,97.40465193337143,100.11234283153543,102.74441995806494,107.00403437723482,112.34449035027683,113.29969189968931,119.58460629846994,126.2176527328016,133.3100036124465,138.35365209345704,141.15933881866354,143.97148835238326,150.17880016990944,153.55164021948192,157.45037706620548,159.78555521786757,163.34975961716904,169.8005785574277,173.18402206959104,174.14406894344668,111.40090144368108,117.39583438742616,125.24796925636468,128.30573379929467,136.1175600902461,141.81975922742114,143.25736174550465,145.5782141751089,148.97422050608063,154.5365834032674,157.21402453240543,161.3484930593143,163.37847384740073,167.1113715154329,167.6418891871461,171.42677756066522,173.2686714229711,173.55339409505748,152.2399332475406,155.57295634977075,157.3187913935249,144.2259129439396,149.48499556356063,156.8756704312571,125.78921079835548,129.9338218778176,132.22744608417747,134.64108317371685,141.54506304043142,147.71469430980238,152.54225373460497,153.24827427254988,148.02509290147373,148.62488453195883,149.5366328524947,137.11351741864928,138.79944772563118,140.75534854111237,143.41184209465246,146.7331618624556,149.07420970476895,137.4551313967565,142.18439613876453,147.5140368395998,72.18285621354346,86.09770903346215,90.63050607281876,93.89758519643974,100.53148487913016,105.4958768862142,111.24586592968203,118.3929071356637,122.8805830375087,128.46693086055015,129.83263580672266,131.84617324118966,138.74898143785862,141.61595109238934,144.78771952655978,135.22650286196915,142.0445121755445,143.0651066101756,137.63992428146577,139.15821608477629,142.14134481146576,138.45197152754386,142.08538383555404,126.02321515442634,128.75915027792615,130.7572954177996,141.16101364735582,134.411964224033,137.3475987380691,105.61360114029976,108.08834738991807,110.98140355943846,116.48113055266276,120.68836919576349,124.83874881695479,127.0839768677327,132.97767290672215,127.67110176931511,129.34572112905033,130.1411461726591,118.09154551610735,122.88279430948054,125.759698896011,128.10066749896149,129.1140450199279,129.92292696434257,115.18332909010586,116.5258442669288,117.26978646898486,117.83469708138296,120.53106000205962,122.89551723364575,111.12696864787269,114.68602933856059,106.69558221775162,109.11140609378232,105.23006962190408,89.19174684835714,90.76481455192236,94.59329584350523,98.99985391074998,80.72143724319936,83.12305024283106,84.83728505755163,70.78546666467174,71.70154799293906,75.780570424846,83.35043389785528,27.991654859968918,22.993766405831497,20.731651024158868,18.111104134671866,15.143846309675853,13.100679894525124,11.88418986168475,10.274821662669991,4.684233768718213,0.0,5.739021867879572,10.192811490212431,80.40324045030513,41.32482523206066,47.46599857271796,53.33746823541742,56.558206039089114,58.20898918656792,64.04198172899414,70.83801277659833,73.57531966476411,74.11515111994247,72.08754112533194,73.67254617264251,52.0775411562793,56.73346759470166,61.6086296432904,39.08381426959132,45.404537725019495,50.956953595611324,54.00906466829529,60.13180996758711,60.69341926238199,48.102155421930576,54.28425878567337,55.24774879600042,55.72719639480554,36.825090832076626,42.01551952342761,45.45586965095824,50.902967777483966,54.743920523873854,47.45643351001711,50.57038309213948,39.45466524278296,40.5906194672128,40.97829071969353,42.08231744038468,43.03618430740545,43.51724355531572,48.649196613102724,54.89488976919036,83.65173897496636
159,94.28481009444523,94.21679539015271,89.3275622191943,83.54606025171215,80.03078586697349,78.19200719622489,66.22436724508998,59.20824652206931,58.84888597888183,53.746557588823045,47.2927995363392,41.26786426697739,47.412748399326865,54.18552582073971,59.561136669750276,67.98117645587956,73.22323998086665,103.14367380125098,105.85136469941499,108.4834418259445,112.74305624511437,118.08351221815639,119.03871376756886,125.3236281663495,131.95667460068117,139.0490254803261,144.09267396133663,146.89836068654313,149.71051022026285,155.91782203778902,159.2906620873615,163.18939893408506,165.52457708574715,169.08878148504863,175.5396004253073,178.92304393747062,179.88309081132627,117.13992331156064,123.13485625530572,130.98699112424424,134.04475566717423,141.85658195812564,147.5587810953007,148.9963836133842,151.31723604298847,154.71324237396018,160.27560527114696,162.953046400285,167.08751492719387,169.11749571528028,172.85039338331245,173.38091105502565,177.16579942854477,179.00769329085065,179.29241596293704,157.97895511542015,161.3119782176503,163.05781326140445,149.96493481181915,155.2240174314402,162.61469229913666,131.52823266623506,135.67284374569715,137.96646795205703,140.3801050415964,147.28408490831097,153.45371617768194,158.28127560248453,158.98729614042944,153.76411476935328,154.36390639983838,155.27565472037426,142.85253928652884,144.53846959351074,146.49437040899193,149.15086396253201,152.47218373033516,154.8132315726485,143.19415326463607,147.92341800664408,153.25305870747937,77.92187808142302,91.83673090134171,96.36952794069832,99.63660706431929,106.27050674700972,111.23489875409376,116.98488779756158,124.13192900354326,128.61960490538826,134.2059527284297,135.57165767460222,137.58519510906922,144.48800330573818,147.3549729602689,150.52674139443934,140.9655247298487,147.78353404342405,148.80412847805516,143.37894614934535,144.89723795265587,147.88036667934534,144.19099339542342,147.8244057034336,131.7622370223059,134.4981721458057,136.49631728567917,146.90003551523537,140.15098609191256,143.08662060594867,111.35262300817932,113.82736925779763,116.72042542731802,122.22015242054232,126.42739106364304,130.57777068483435,132.82299873561226,138.7166947746017,133.41012363719466,135.0847429969299,135.88016804053865,123.8305673839869,128.6218161773601,131.49872076389056,133.83968936684104,134.85306688780744,135.66194883222212,120.92235095798542,122.26486613480836,123.00880833686442,123.57371894926251,126.27008186993918,128.6345391015253,116.86599051575224,120.42505120644014,112.43460408563118,114.85042796166188,110.96909148978364,94.9307687162367,96.50383641980191,100.33231771138479,104.73887577862953,86.46045911107892,88.86207211071061,90.57630692543118,76.5244885325513,77.44056986081861,81.51959229272556,89.08945576573484,33.73067672784849,28.732788273711066,26.470672892038436,23.850126002551434,20.882868177555423,18.839701762404694,17.62321172956432,16.013843530549565,10.423255636597785,5.739021867879572,0.0,4.4537896223328595,86.14226231818469,47.06384709994023,53.20502044059753,59.07649010329699,62.297227906968686,63.94801105444749,69.78100359687372,76.5770346444779,79.31434153264368,79.85417298782204,77.82656299321151,79.41156804052208,57.816563024158874,62.47248946258123,67.34765151116997,44.822836137470894,51.14355959289907,56.695975463490896,59.74808653617486,65.87083183546669,66.43244113026157,53.84117728981015,60.023280653552945,60.986770663879994,61.46621826268511,42.5641126999562,47.754541391307185,51.194891518837814,56.64198964536354,60.482942391753426,53.195455377896685,56.30940496001905,45.19368711066253,46.32964133509237,46.717312587573105,47.82133930826425,48.77520617528502,49.256265423195295,54.388218480982296,60.63391163706993,89.39076084284594
160,98.7385997167781,98.67058501248557,93.78135184152717,87.99984987404501,84.48457548930635,82.64579681855776,70.67815686742284,63.662036144402165,63.30267560121469,58.2003472111559,51.74658915867206,45.72165388931025,51.86653802165972,58.63931544307257,64.01492629208313,72.43496607821243,77.67702960319951,107.59746342358385,110.30515432174785,112.93723144827736,117.19684586744724,122.53730184048925,123.49250338990173,129.77741778868236,136.41046422301403,143.50281510265896,148.5464635836695,151.352150308876,154.1642998425957,160.37161166012189,163.74445170969437,167.64318855641793,169.97836670808002,173.5425711073815,179.99339004764016,183.3768335598035,184.33688043365913,121.5937129338935,127.58864587763858,135.4407807465771,138.4985452895071,146.3103715804585,152.01257071763357,153.45017323571707,155.77102566532133,159.16703199629305,164.72939489347982,167.40683602261785,171.54130454952673,173.57128533761315,177.3041830056453,177.8347006773585,181.61958905087764,183.46148291318352,183.7462055852699,162.432744737753,165.76576783998317,167.5116028837373,154.418724434152,159.67780705377305,167.06848192146953,135.98202228856792,140.12663336803,142.4202575743899,144.83389466392927,151.73787453064384,157.9075058000148,162.7350652248174,163.4410857627623,158.21790439168615,158.81769602217125,159.72944434270713,147.3063289088617,148.9922592158436,150.9481600313248,153.60465358486488,156.92597335266802,159.26702119498137,147.64794288696893,152.37720762897695,157.70684832981223,82.37566770375588,96.29052052367457,100.82331756303118,104.09039668665216,110.72429636934258,115.68868837642663,121.43867741989445,128.58571862587613,133.07339452772112,138.65974235076257,140.02544729693508,142.03898473140208,148.94179292807104,151.80876258260176,154.9805310167722,145.41931435218157,152.23732366575692,153.25791810038803,147.83273577167822,149.35102757498873,152.3341563016782,148.64478301775628,152.27819532576646,136.21602664463876,138.95196176813857,140.95010690801203,151.35382513756824,144.60477571424542,147.54041022828153,115.80641263051218,118.28115888013049,121.17421504965088,126.67394204287518,130.8811806859759,135.03156030716718,137.2767883579451,143.17048439693454,137.86391325952752,139.53853261926275,140.3339576628715,128.28435700631977,133.07560579969297,135.95251038622342,138.2934789891739,139.3068565101403,140.115738454555,125.37614058031828,126.71865575714122,127.46259795919728,128.02750857159538,130.72387149227202,133.08832872385815,121.31978013808511,124.87884082877301,116.88839370796404,119.30421758399474,115.4228811121165,99.38455833856956,100.95762604213478,104.78610733371765,109.1926654009624,90.91424873341178,93.31586173304348,95.03009654776405,80.97827815488417,81.89435948315148,85.97338191505843,93.5432453880677,38.184466350181346,33.18657789604392,30.924462514371292,28.30391562488429,25.33665779988828,23.29349138473755,22.077001351897177,20.46763315288242,14.877045258930645,10.192811490212431,4.4537896223328595,0.0,90.59605194051755,51.517636722273096,57.65881006293039,63.53027972562985,66.75101752930155,68.40180067678035,74.23479321920658,81.03082426681077,83.76813115497654,84.3079626101549,82.28035261554437,83.86535766285495,62.27035264649174,66.92627908491409,71.80144113350283,49.27662575980375,55.59734921523192,61.14976508582375,64.20187615850772,70.32462145779954,70.88623075259441,58.294966912143,64.4770702758858,65.44056028621284,65.92000788501795,47.01790232228905,52.20833101364005,55.64868114117068,61.0957792676964,64.93673201408629,57.64924500022954,60.76319458235191,49.647476732995386,50.783430957425225,51.17110220990596,52.275128930597106,53.22899579761788,53.71005504552815,58.84200810331515,65.08770125940279,93.8445504651788
161,97.89134387867516,97.82332917438264,92.93409600342423,87.15259403594207,83.63731965120341,81.79854098045482,69.8309010293199,62.81478030629923,62.45541976311175,57.35309137305296,50.89933332056912,44.87439805120731,38.72951391885783,31.95673649744499,26.581125648434426,18.161085862305132,12.91902233731804,42.83945615770237,45.54714705586637,48.179224182395885,52.43883860156577,57.77929457460778,58.73449612402026,65.01941052280088,71.65245695713254,78.74480783677745,83.788456317788,86.59414304299452,89.40629257671424,95.6136043942404,98.98644444381289,102.88518129053644,105.22035944219853,108.78456384150002,115.23538278175869,118.618826293922,119.57887316777764,56.83570566801204,62.83063861175713,70.68277348069566,73.74053802362566,81.55236431457708,87.25456345175215,88.69216596983564,91.0130183994399,94.40902473041163,99.9713876275984,102.64882875673645,106.78329728364533,108.81327807173174,112.54617573976392,113.07669341147714,116.86158178499628,118.70347564730216,118.98819831938853,97.6747374718716,101.00776057410177,102.75359561785591,89.66071716827057,94.9197997878916,102.31047465558808,71.22401502268643,75.36862610214853,77.66225030850842,80.07588739804778,86.97986726476233,93.14949853413329,97.97705795893586,98.68307849688075,93.45989712580464,94.05968875628976,94.97143707682564,82.54832164298026,84.23425194996216,86.19015276544334,88.84664631898342,92.16796608678658,94.50901392909994,82.88993562108749,87.61920036309549,92.94884106393077,8.220384236761678,22.135237056680367,26.66803409603697,29.935113219657943,36.569012902348376,41.53340490943242,47.28339395290024,54.43043515888192,58.918111060726915,64.50445888376836,65.87016382994086,67.88370126440788,74.78650946107682,77.65347911560755,80.82524754977798,80.6613070863001,87.47931639987544,88.49991083450655,83.0747285057967,84.59302030910723,87.57614903579672,74.48949955076208,78.12291185877226,71.45801937875729,74.1939545022571,76.19209964213056,86.59581787168676,79.84676844836399,82.7824029624001,41.65112916351797,44.125875413136285,47.018931582656684,52.51865857588098,56.7258972189817,60.876276840173006,63.12150489095091,69.01520092994036,73.10590599364606,74.78052535338128,75.57595039699004,54.12907353932556,58.92032233269876,61.79722691922921,64.13819552217969,65.15157304314609,65.96045498756077,60.61813331443682,61.96064849125976,62.70459069331582,63.269501305713916,65.96586422639058,68.33032145797671,56.56177287220364,60.12083356289154,42.733110240969836,45.14893411700054,50.664873846235025,25.229274871575353,26.80234257514057,30.630823866723446,35.03738193396819,16.758965266417583,19.160578266049285,20.874813080769858,16.2202708890027,17.136352217270012,21.215374649176958,28.78523812218624,52.41158559033621,57.40947404447363,59.67158942614626,62.292136315633265,65.25939414062928,67.30256055578002,68.51905058862039,70.12841878763514,75.71900668158692,80.40324045030513,86.1422623181847,90.59605194051757,0.0,50.67038088417016,56.811554224827454,62.683023887526915,65.90376169119861,67.55454483867742,73.38753738110364,80.18356842870783,82.9208753168736,83.46070677205196,81.43309677744143,83.01810182475201,61.4230968083888,66.07902324681115,70.9541852953999,48.42936992170081,54.750093377128984,60.30250924772081,63.35462032040478,69.4773656196966,70.03897491449148,45.157942809341115,51.340046173083906,52.303536183410955,52.78298378221607,46.170646484186115,51.36107517553711,54.80142530306774,60.24852342959346,64.08947617598335,44.51222089742765,47.62617047955002,48.80022089489245,49.936175119322286,50.32384637180302,51.42787309249417,52.38173995951494,52.86279920742521,57.99475226521221,64.24044542129985,92.99729462707586
162,58.81292866043068,58.744913956138156,53.85568078517976,48.07417881769761,44.558904432958954,42.72012576221035,30.75248581107544,23.736365088054768,23.37700454486729,18.2746761548085,11.820918102324658,5.795982832962846,11.940866965312322,18.713644386725168,24.08925523573573,32.50929502186503,37.75135854685212,67.67179236723645,70.37948326540045,73.01156039192996,77.27117481109984,82.61163078414185,83.56683233355433,89.85174673233496,96.48479316666662,103.57714404631153,108.62079252732208,111.4264792525286,114.23862878624831,120.44594060377447,123.81878065334696,127.71751750007051,130.0526956517326,133.61690005103407,140.06771899129274,143.45116250345606,144.4112093773117,81.6680418775461,87.66297482129119,95.5151096902297,98.57287423315971,106.38470052411112,112.0868996612862,113.52450217936969,115.84535460897395,119.24136093994568,124.80372383713245,127.4811649662705,131.61563349317936,133.64561428126578,137.37851194929794,137.90902962101114,141.69391799453027,143.53581185683615,143.82053452892254,122.50707368140564,125.84009678363581,127.58593182738996,114.49305337780461,119.75213599742565,127.14281086512213,96.0563512322205,100.2009623116826,102.4945865180425,104.90822360758186,111.81220347429641,117.98183474366736,122.80939416846994,123.51541470641483,118.29223333533872,118.89202496582384,119.80377328635971,107.3806578525143,109.0665881594962,111.02248897497739,113.67898252851747,117.00030229632063,119.34135013863398,107.72227183062154,112.45153657262954,117.78117727346482,42.44999664740848,56.364849467327176,60.89764650668378,64.16472563030474,70.79862531299517,75.76301732007921,81.51300636354703,88.66004756952871,93.14772347137371,98.73407129441516,100.09977624058766,102.11331367505467,109.01612187172361,111.88309152625435,115.05485996042478,105.49364329583418,112.31165260940952,113.33224704404063,107.90706471533078,109.42535651864131,112.4084852453308,108.71911196140888,112.35252426941906,96.29035558829136,99.02629071179118,101.02443585166463,111.42815408122084,104.67910465789804,107.61473917193415,75.88074157416477,78.35548782378308,81.24854399330347,86.74827098652777,90.9555096296285,95.1058892508198,97.35111730159771,103.24481334058716,97.93824220318014,99.61286156291536,100.40828660652411,88.35868594997235,93.14993474334555,96.02683932987601,98.36780793282648,99.38118545379288,100.19006739820756,85.45046952397088,86.79298470079382,87.53692690284988,88.10183751524798,90.79820043592464,93.16265766751077,81.39410908173771,84.95316977242561,76.96272265161663,79.37854652764733,75.4972100557691,59.45888728222216,61.03195498578737,64.86043627737024,69.26699434461499,50.98857767706439,53.39019067669609,55.10442549141667,41.052607098536775,41.96868842680409,46.04771085871104,53.61757433172032,13.33317037209175,18.331058826229174,20.593174207901804,23.213721097388806,26.180978922384817,28.224145337535546,29.44063537037592,31.050003569390675,36.64059146334245,41.32482523206067,47.06384709994024,51.517636722273096,50.67038088417016,0.0,6.141173340657295,12.012643003356757,15.23338080702845,16.884163954507255,22.717156496933484,29.513187544537672,32.25049443270345,32.790325887881814,30.762715893271285,32.34772094058186,10.752715924218641,15.408642362640997,20.283804411229738,9.350954703456347,15.671678158884518,21.224094029476348,24.27620510216031,30.398950401452133,30.96055969624701,18.369295855795603,24.551399219538396,25.514889229865446,25.994336828670562,7.09223126594165,12.28265995729264,15.723010084823269,21.170108211348996,25.011060957738884,17.72357394388214,20.837523526004507,9.721805676647987,10.857759901077827,11.245431153558565,12.34945787424971,13.303324741270478,13.784383989180752,18.91633704696775,25.162030203055387,53.9188794088314
163,64.95410200108797,64.88608729679545,59.99685412583705,54.2153521583549,50.70007777361624,48.86129910286764,36.893659151732734,29.877538428712064,29.518177885524587,24.415849495465796,17.962091442981954,11.93715617362014,18.082040305969617,24.85481772738246,30.230428576393024,38.65046836252232,43.892531887509406,73.81296570789374,76.52065660605774,79.15273373258725,83.41234815175713,88.75280412479914,89.70800567421162,95.99292007299225,102.62596650732391,109.71831738696882,114.76196586797937,117.56765259318588,120.3798021269056,126.58711394443176,129.95995399400425,133.8586908407278,136.1938689923899,139.75807339169137,146.20889233195004,149.59233584411336,150.552382717969,87.80921521820339,93.80414816194848,101.656283030887,104.714047573817,112.52587386476841,118.22807300194349,119.66567552002698,121.98652794963124,125.38253428060297,130.94489717778973,133.62233830692776,137.75680683383663,139.78678762192305,143.51968528995525,144.05020296166845,147.83509133518757,149.67698519749345,149.96170786957984,128.64824702206292,131.98127012429308,133.72710516804722,120.63422671846192,125.89330933808296,133.28398420577943,102.1975245728778,106.34213565233989,108.63575985869977,111.04939694823913,117.95337681495369,124.12300808432464,128.9505675091272,129.65658804707212,124.433406675996,125.03319830648111,125.94494662701699,113.5218311931716,115.2077615001535,117.16366231563468,119.82015586917476,123.1414756369779,125.48252347929126,113.86344517127883,118.59270991328682,123.92235061412211,48.59116998806577,62.506022807984465,67.03881984734107,70.30589897096205,76.93979865365247,81.90419066073652,87.65417970420434,94.80122091018602,99.28889681203101,104.87524463507246,106.24094958124496,108.25448701571197,115.15729521238092,118.02426486691165,121.19603330108208,111.63481663649146,118.45282595006681,119.47342038469792,114.04823805598807,115.5665298592986,118.54965858598808,114.86028530206619,118.49369761007637,102.43152892894865,105.16746405244847,107.16560919232192,117.56932742187813,110.82027799855533,113.75591251259144,82.02191491482208,84.49666116444038,87.38971733396077,92.88944432718507,97.0966829702858,101.2470625914771,103.49229064225501,109.38598668124446,104.07941554383743,105.75403490357265,106.5494599471814,94.49985929062966,99.29110808400286,102.16801267053332,104.50898127348378,105.52235879445018,106.33124073886486,91.59164286462817,92.93415804145111,93.67810024350717,94.24301085590527,96.93937377658193,99.30383100816806,87.535282422395,91.0943431130829,83.10389599227393,85.51971986830463,81.63838339642639,65.60006062287945,67.17312832644467,71.00160961802754,75.40816768527229,57.12975101772168,59.53136401735338,61.24559883207396,47.193780439194065,48.10986176746138,52.18888419936833,59.75874767237761,19.474343712749043,24.472232166886464,26.734347548559093,29.354894438046095,32.322152263042106,34.365318678192835,35.58180871103321,37.19117691004797,42.78176480399975,47.465998572717965,53.205020440597536,57.6588100629304,56.81155422482745,6.141173340657295,0.0,5.871469662699464,9.092207466371157,10.742990613849962,16.575983156276195,23.372014203880383,26.109321092046162,26.649152547224528,24.621542552613995,26.206547599924566,4.611542583561348,9.267469021983704,14.142631070572445,15.492128044113642,21.812851499541814,27.365267370133644,30.417378442817608,36.54012374210943,37.10173303690431,24.5104691964529,30.692572560195693,31.656062570522742,32.13551016932786,13.233404606598945,18.423833297949937,21.864183425480565,27.311281552006292,31.15223429839618,23.864747284539433,26.9786968666618,15.862979017305282,16.998933241735124,17.38660449421586,18.490631214907005,19.444498081927772,19.925557329838046,25.057510387625047,31.303203543712684,60.06005274948869
164,70.82557166378744,70.75755695949492,65.86832378853651,60.086821821054365,56.57154743631571,54.73276876556711,42.7651288144322,35.749008091411525,35.38964754822405,30.287319158165257,23.833561105681415,17.808625836319603,23.95350996866908,30.726287390081925,36.10189823909249,44.521938025221786,49.764001550208874,79.6844353705932,82.39212626875721,85.02420339528672,89.2838178144566,94.62427378749861,95.57947533691109,101.86438973569172,108.49743617002338,115.58978704966829,120.63343553067884,123.43912225588535,126.25127178960507,132.45858360713123,135.83142365670372,139.73016050342727,142.06533865508936,145.62954305439084,152.0803619946495,155.46380550681283,156.42385238066848,93.68068488090286,99.67561782464794,107.52775269358646,110.58551723651647,118.39734352746788,124.09954266464295,125.53714518272645,127.8579976123307,131.25400394330242,136.8163668404892,139.49380796962723,143.6282764965361,145.65825728462252,149.3911549526547,149.9216726243679,153.706560997887,155.5484548601929,155.83317753227928,134.5197166847624,137.85273978699254,139.59857483074668,126.50569638116139,131.76477900078243,139.1554538684789,108.06899423557726,112.21360531503936,114.50722952139924,116.9208666109386,123.82484647765315,129.99447774702412,134.8220371718267,135.52805770977162,130.30487633869546,130.90466796918057,131.81641628971644,119.39330085587106,121.07923116285296,123.03513197833415,125.69162553187422,129.01294529967737,131.3539931419907,119.7349148339783,124.4641795759863,129.79382027682158,54.46263965076524,68.37749247068393,72.91028951004054,76.17736863366152,82.81126831635194,87.77566032343599,93.5256493669038,100.67269057288549,105.16036647473048,110.74671429777193,112.11241924394443,114.12595667841144,121.02876487508038,123.89573452961112,127.06750296378155,117.50628629919093,124.32429561276628,125.34489004739739,119.91970771868753,121.43799952199807,124.42112824868755,120.73175496476566,124.36516727277584,108.30299859164812,111.03893371514793,113.03707885502139,123.4407970845776,116.6917476612548,119.6273821752909,87.89338457752154,90.36813082713985,93.26118699666024,98.76091398988454,102.96815263298527,107.11853225417657,109.36376030495448,115.25745634394393,109.9508852065369,111.62550456627211,112.42092960988087,100.37132895332913,105.16257774670233,108.03948233323278,110.38045093618325,111.39382845714965,112.20271040156433,97.46311252732764,98.80562770415058,99.54956990620664,100.11448051860474,102.8108434392814,105.17530067086753,93.40675208509447,96.96581277578237,88.9753656549734,91.3911895310041,87.50985305912586,71.47153028557892,73.04459798914414,76.87307928072701,81.27963734797176,63.00122068042115,65.40283368005285,67.11706849477342,53.06525010189353,53.98133143016085,58.0603538620678,65.63021733507708,25.345813375448508,30.34370182958593,32.60581721125856,35.22636410074556,38.193621925741574,40.2367883408923,41.45327837373268,43.06264657274744,48.65323446669922,53.33746823541743,59.076490103297004,63.53027972562987,62.683023887526915,12.012643003356757,5.871469662699464,0.0,3.220737803671693,4.871520951150497,10.704513493576728,17.500544541180915,20.237851429346694,20.77768288452506,18.750072889914527,20.335077937225098,10.483012246260811,15.138938684683167,20.01410073327191,21.363597706813106,27.684321162241275,33.236737032833105,36.28884810551707,42.41159340480889,42.97320269960377,30.381938859152363,36.564042222895154,37.5275322332222,38.00697983202732,19.104874269298406,24.295302960649398,27.735653088180026,33.18275121470575,37.02370396109564,29.7362169472389,32.85016652936127,21.734448680004746,22.870402904434588,23.258074156915324,24.36210087760647,25.315967744627237,25.79702699253751,30.92898005032451,37.174673206412145,65.93152241218816
165,74.04630946745912,73.9782947631666,69.0890615922082,63.307559624726046,59.79228523998739,57.95350656923879,45.985866618103884,38.969745895083214,38.61038535189574,33.50805696183695,27.054298909353108,21.029363639991296,27.17424777234077,33.94702519375362,39.32263604276418,47.742675828893475,52.98473935388057,82.9051731742649,85.6128640724289,88.24494119895841,92.5045556181283,97.8450115911703,98.80021314058278,105.08512753936341,111.71817397369507,118.81052485333998,123.85417333435053,126.65986005955705,129.47200959327677,135.67932141080294,139.05216146037543,142.95089830709898,145.28607645876107,148.85028085806255,155.30109979832122,158.68454331048454,159.6445901843402,96.90142268457456,102.89635562831964,110.74849049725816,113.80625504018816,121.61808133113958,127.32028046831465,128.75788298639816,131.07873541600242,134.47474174697413,140.0371046441609,142.71454577329894,146.8490143002078,148.87899508829423,152.61189275632643,153.14241042803963,156.92729880155875,158.76919266386463,159.05391533595102,137.7404544884341,141.07347759066425,142.8193126344184,129.72643418483307,134.9855168044541,142.37619167215058,111.28973203924896,115.43434311871106,117.72796732507095,120.14160441461031,127.04558428132486,133.21521555069583,138.04277497549842,138.74879551344333,133.52561414236717,134.12540577285228,135.03715409338815,122.61403865954276,124.29996896652466,126.25586978200585,128.91236333554593,132.23368310334908,134.57473094566242,122.95565263764999,127.68491737965799,133.01455808049326,57.683377454436936,71.59823027435563,76.13102731371224,79.39810643733321,86.03200612002364,90.99639812710768,96.7463871705755,103.89342837655718,108.38110427840218,113.96745210144363,115.33315704761613,117.34669448208314,124.24950267875208,127.11647233328281,130.28824076745326,120.72702410286263,127.54503341643797,128.56562785106908,123.14044552235923,124.65873732566976,127.64186605235925,123.95249276843734,127.58590507644752,111.52373639531982,114.25967151881963,116.25781665869309,126.66153488824929,119.91248546492649,122.8481199789626,91.11412238119324,93.58886863081155,96.48192480033194,101.98165179355624,106.18889043665696,110.33927005784827,112.58449810862618,118.47819414761562,113.17162301020859,114.84624236994381,115.64166741355257,103.59206675700082,108.38331555037402,111.26022013690448,113.60118873985495,114.61456626082135,115.42344820523603,100.68385033099933,102.02636550782228,102.77030770987834,103.33521832227643,106.0315812429531,108.39603847453922,96.62748988876616,100.18655057945406,92.1961034586451,94.6119273346758,90.73059086279756,74.69226808925062,76.26533579281583,80.09381708439871,84.50037515164345,66.22195848409284,68.62357148372453,70.3378062984451,56.28598790556523,57.202069233832546,61.281091665739496,68.85095513874877,28.5665511791202,33.56443963325762,35.82655501493025,38.44710190441725,41.41435972941326,43.45752614456399,44.67401617740437,46.28338437641913,51.873972270370906,56.55820603908912,62.29722790696869,66.75101752930155,65.90376169119861,15.233380807028452,9.092207466371157,3.220737803671693,0.0,1.6507831474788044,7.483775689905036,14.279806737509224,17.017113625675,17.556945080853367,15.529335086242835,17.114340133553405,13.703750049932506,18.35967648835486,23.234838536943602,24.5843355104848,30.90505896591297,36.4574748365048,39.509585909188765,45.632331208480586,46.19394050327546,33.60267666282405,39.78478002656685,40.7482700368939,41.227717635699015,22.3256120729701,27.51604076432109,30.95639089185172,36.40348901837744,40.24444176476733,32.95695475091059,36.070904333032956,24.955186483676435,26.091140708106277,26.478811960587013,27.582838681278158,28.536705548298926,29.0177647962092,34.1497178539962,40.39541101008383,69.15226021585984
166,75.69709261493796,75.62907791064544,70.73984473968703,64.95834277220487,61.44306838746621,59.60428971671761,47.6366497655827,40.620529042562026,40.26116849937455,35.15884010931576,28.705082056831916,22.680146787470104,28.825030919819582,35.59780834123243,40.97341919024299,49.39345897637229,54.635522501359375,84.55595632174371,87.26364721990771,89.89572434643722,94.1553387656071,99.49579473864911,100.45099628806159,106.73591068684222,113.36895712117388,120.46130800081879,125.50495648182934,128.31064320703584,131.12279274075556,137.33010455828173,140.70294460785422,144.60168145457777,146.93685960623986,150.50106400554134,156.9518829458,160.33532645796333,161.29537333181898,98.55220583205336,104.54713877579844,112.39927364473697,115.45703818766697,123.26886447861838,128.97106361579344,130.40866613387695,132.7295185634812,136.12552489445292,141.6878877916397,144.36532892077773,148.4997974476866,150.52977823577302,154.2626759038052,154.7931935755184,158.5780819490375,160.4199758113434,160.70469848342978,139.3912376359129,142.72426073814304,144.4700957818972,131.3772173323119,136.63629995193293,144.0269748196294,112.94051518672777,117.08512626618986,119.37875047254974,121.7923875620891,128.69636742880365,134.86599869817462,139.6935581229772,140.39957866092212,135.17639728984597,135.77618892033107,136.68793724086694,124.26482180702156,125.95075211400346,127.90665292948465,130.56314648302472,133.88446625082787,136.22551409314121,124.6064357851288,129.3357005271368,134.66534122797208,59.33416060191574,73.24901342183443,77.78181046119104,81.04888958481202,87.68278926750244,92.64718127458649,98.39717031805431,105.54421152403599,110.03188742588098,115.61823524892243,116.98394019509493,118.99747762956194,125.90028582623088,128.7672554807616,131.93902391493205,122.37780725034143,129.1958165639168,130.2164109985479,124.79122866983803,126.30952047314857,129.29264919983805,125.60327591591616,129.23668822392634,113.17451954279862,115.91045466629843,117.90859980617189,128.31231803572808,121.5632686124053,124.4989031264414,92.76490552867205,95.23965177829035,98.13270794781074,103.63243494103504,107.83967358413577,111.99005320532707,114.23528125610498,120.12897729509443,114.8224061576874,116.49702551742261,117.29245056103137,105.24284990447963,110.03409869785283,112.91100328438328,115.25197188733375,116.26534940830015,117.07423135271483,102.33463347847814,103.67714865530108,104.42109085735714,104.98600146975524,107.6823643904319,110.04682162201803,98.27827303624497,101.83733372693287,93.8468866061239,96.2627104821546,92.38137401027636,76.34305123672942,77.91611894029464,81.74460023187751,86.15115829912226,67.87274163157164,70.27435463120334,71.9885894459239,57.93677105304403,58.85285238131135,62.9318748132183,70.50173828622758,30.21733432659901,35.21522278073643,37.47733816240906,40.097885051896064,43.065142876892075,45.108309292042804,46.32479932488318,47.93416752389794,53.52475541784972,58.20898918656793,63.948011054447505,68.40180067678037,67.55454483867742,16.884163954507258,10.742990613849962,4.871520951150497,1.6507831474788044,0.0,5.832992542426231,12.62902359003042,15.366330478196197,15.90616193337456,13.87855193876403,15.463556986074602,15.35453319741131,20.010459635833666,24.885621684422407,26.235118657963607,32.555842113391776,38.108257983983606,41.16036905666757,47.28311435595939,47.84472365075427,35.253459810302864,41.435563174045654,42.399053184372704,42.87850078317782,23.976395220448907,29.1668239117999,32.60717403933053,38.05427216585626,41.89522491224615,34.6077378983894,37.72168748051177,26.605969631155247,27.74192385558509,28.129595108065825,29.23362182875697,30.187488695777738,30.66854794368801,35.800501001475006,42.04619415756264,70.80304336333866
167,81.53008515736418,81.46207045307166,76.57283728211326,70.7913353146311,67.27606092989244,65.43728225914384,53.46964230800893,46.45352158498825,46.094161041800774,40.99183265174199,34.538074599258145,28.51313932989633,34.65802346224581,41.430800883658655,46.80641173266922,55.22645151879851,60.4685150437856,90.38894886416993,93.09663976233394,95.72871688886345,99.98833130803332,105.32878728107534,106.28398883048781,112.56890322926844,119.2019496636001,126.29430054324501,131.33794902425555,134.14363574946205,136.95578528318177,143.16309710070794,146.53593715028043,150.43467399700398,152.76985214866608,156.33405654796755,162.78487548822622,166.16831900038954,167.1283658742452,104.38519837447959,110.38013131822467,118.23226618716319,121.29003073009319,129.1018570210446,134.80405615821965,136.24165867630316,138.56251110590742,141.95851743687913,147.5208803340659,150.19832146320394,154.33278999011281,156.36277077819923,160.0956684462314,160.6261861179446,164.41107449146372,166.2529683537696,166.537691025856,145.2242301783391,148.55725328056926,150.3030883243234,137.2102098747381,142.46929249435914,149.8599673620556,118.77350772915399,122.91811880861609,125.21174301497598,127.62538010451534,134.5293599712299,140.69899124060086,145.52655066540345,146.23257120334836,141.0093898322722,141.6091814627573,142.52092978329318,130.0978143494478,131.7837446564297,133.73964547191088,136.39613902545096,139.7174587932541,142.05850663556745,130.43942832755502,135.16869306956303,140.49833377039832,65.16715314434197,79.08200596426066,83.61480300361727,86.88188212723824,93.51578180992867,98.48017381701271,104.23016286048053,111.37720406646221,115.8648799683072,121.45122779134866,122.81693273752116,124.83047017198817,131.73327836865712,134.60024802318785,137.7720164573583,128.21079979276766,135.028809106343,136.0494035409741,130.62422121226427,132.1425130155748,135.12564174226426,131.43626845834237,135.06968076635255,119.00751208522485,121.74344720872466,123.74159234859812,134.14531057815432,127.39626115483152,130.33189566886762,98.59789807109827,101.07264432071658,103.96570049023697,109.46542748346127,113.67266612656199,117.8230457477533,120.06827379853121,125.96196983752066,120.65539870011362,122.33001805984884,123.1254431034576,111.07584244690585,115.86709124027905,118.74399582680951,121.08496442975998,122.09834195072638,122.90722389514106,108.16762602090436,109.51014119772731,110.25408339978337,110.81899401218146,113.51535693285813,115.87981416444426,104.1112655786712,107.6703262693591,99.67987914855013,102.09570302458083,98.21436655270259,82.17604377915565,83.74911148272086,87.57759277430374,91.98415084154848,73.70573417399787,76.10734717362956,77.82158198835013,63.76976359547026,64.68584492373758,68.76486735564453,76.3347308286538,36.050326869025234,41.04821532316266,43.31033070483529,45.93087759432229,48.8981354193183,50.94130183446903,52.157791867309406,53.767160066324166,59.357747960275944,64.04198172899416,69.78100359687373,74.2347932192066,73.38753738110364,22.717156496933484,16.57598315627619,10.704513493576728,7.483775689905036,5.832992542426231,0.0,6.796031047604188,9.533337935769968,10.073169390948332,8.045559396337799,9.630564443648371,21.18752573983754,25.843452178259895,30.718614226848636,32.06811120038983,38.388834655818,43.94125052640983,46.993361599093795,53.11610689838562,53.677716193180494,41.08645235272909,47.26855571647188,48.23204572679893,48.711493325604046,29.809387762875133,34.99981645422612,38.44016658175675,43.88726470828247,47.72821745467236,40.44073044081563,43.554680022937994,32.43896217358147,33.57491639801131,33.96258765049205,35.06661437118319,36.02048123820396,36.50154048611424,41.63349354390124,47.87918669998887,76.63603590576489
168,88.32611620496837,88.25810150067585,83.36886832971744,77.58736636223529,74.07209197749663,72.23331330674803,60.26567335561312,53.24955263259244,52.89019208940496,47.787863699346175,41.334105646862334,35.30917037750052,41.454054509849996,48.22683193126284,53.60244278027341,62.0224825664027,67.26454609138979,97.18497991177412,99.89267080993812,102.52474793646763,106.78436235563751,112.12481832867952,113.080019878092,119.36493427687263,125.99798071120429,133.09033159084922,138.13398007185975,140.93966679706625,143.75181633078597,149.95912814831215,153.33196819788463,157.2307050446082,159.56588319627028,163.13008759557175,169.58090653583042,172.96435004799375,173.9243969218494,111.18122942208377,117.17616236582886,125.02829723476738,128.08606177769738,135.8978880686488,141.60008720582385,143.03768972390736,145.35854215351162,148.75454848448334,154.3169113816701,156.99435251080814,161.12882103771702,163.15880182580344,166.89169949383563,167.42221716554883,171.20710553906795,173.04899940137383,173.33372207346022,152.0202612259433,155.35328432817346,157.0991193719276,144.0062409223423,149.26532354196334,156.65599840965982,125.56953877675818,129.71414985622027,132.00777406258015,134.42141115211953,141.3253910188341,147.49502228820506,152.32258171300765,153.02860225095256,147.8054208798764,148.4052125103615,149.3169608308974,136.893845397052,138.5797757040339,140.53567651951508,143.19217007305517,146.5134898408583,148.85453768317166,137.23545937515922,141.96472411716724,147.29436481800252,71.96318419194616,85.87803701186485,90.41083405122146,93.67791317484243,100.31181285753286,105.2762048646169,111.02619390808472,118.1732351140664,122.6609110159114,128.24725883895283,129.61296378512534,131.62650121959234,138.5293094162613,141.39627907079202,144.56804750496246,135.00683084037183,141.82484015394718,142.84543458857829,137.42025225986848,138.938544063179,141.92167278986847,138.23229950594654,141.86571181395672,125.80354313282903,128.53947825632886,130.53762339620232,140.94134162575853,134.1922922024357,137.12792671647182,105.39392911870246,107.86867536832077,110.76173153784116,116.26145853106546,120.46869717416618,124.61907679535749,126.8643048461354,132.75800088512486,127.45142974771781,129.12604910745304,129.9214741510618,117.87187349451004,122.66312228788324,125.5400268744137,127.88099547736417,128.89437299833057,129.70325494274525,114.96365706850855,116.3061722453315,117.05011444738756,117.61502505978565,120.31138798046231,122.67584521204844,110.90729662627538,114.46635731696328,106.47591019615432,108.89173407218502,105.01039760030677,88.97207482675984,90.54514253032505,94.37362382190793,98.78018188915267,80.50176522160206,82.90337822123375,84.61761303595432,70.56579464307444,71.48187597134175,75.5608984032487,83.13076187625798,42.84635791662942,47.84424637076685,50.106361752439476,52.72690864192648,55.69416646692249,57.73733288207322,58.953822914913594,60.563191113928355,66.15377900788013,70.83801277659835,76.57703464447792,81.03082426681078,80.18356842870783,29.51318754453768,23.372014203880383,17.50054454118092,14.279806737509224,12.62902359003042,6.796031047604188,0.0,2.7373068881657785,3.2771383433441432,14.841590443941987,16.42659549125256,27.98355678744173,32.63948322586408,37.514645274452825,38.864142247994025,45.1848657034222,50.73728157401403,53.78939264669799,59.91213794598981,60.47374724078469,47.88248340033328,54.06458676407607,55.02807677440312,55.507524373208234,36.60541881047933,41.79584750183032,45.23619762936095,50.683295755886675,54.52424850227656,47.236761488419816,50.35071107054218,39.23499322118566,40.3709474456155,40.758618698096235,41.86264541878738,42.81651228580815,43.297571533718425,48.42952459150543,54.67521774759306,83.43206695336907
169,91.06342309313415,90.99540838884162,86.10617521788322,80.32467325040106,76.8093988656624,74.9706201949138,63.00298024377889,55.986859520758216,55.62749897757074,50.52517058751195,44.07141253502811,38.0464772656663,44.19136139801577,50.96413881942862,56.33974966843918,64.75978945456848,70.00185297955557,99.9222867999399,102.6299776981039,105.26205482463341,109.52166924380329,114.8621252168453,115.81732676625778,122.10224116503841,128.73528759937008,135.827638479015,140.87128696002554,143.67697368523204,146.48912321895176,152.69643503647794,156.06927508605042,159.96801193277398,162.30319008443607,165.86739448373754,172.3182134239962,175.70165693615954,176.66170381001518,113.91853631024955,119.91346925399463,127.76560412293315,130.82336866586314,138.63519495681456,144.33739409398962,145.77499661207312,148.09584904167738,151.4918553726491,157.05421826983587,159.7316593989739,163.86612792588278,165.8961087139692,169.62900638200136,170.15952405371456,173.9444124272337,175.78630628953957,176.07102896162596,154.75756811410906,158.09059121633922,159.83642626009336,146.74354781050806,152.0026304301291,159.39330529782558,128.30684566492397,132.45145674438606,134.74508095074594,137.15871804028532,144.0626979069999,150.23232917637085,155.05988860117344,155.76590913911835,150.5427277680422,151.1425193985273,152.05426771906318,139.63115228521775,141.31708259219965,143.27298340768084,145.92947696122093,149.25079672902407,151.59184457133742,139.97276626332498,144.702031005333,150.03167170616828,74.70049108011193,88.61534390003062,93.14814093938723,96.4152200630082,103.04911974569863,108.01351175278268,113.7635007962505,120.91054200223218,125.39821790407717,130.98456572711862,132.35027067329113,134.36380810775813,141.2666163044271,144.1335859589578,147.30535439312825,137.74413772853762,144.56214704211297,145.58274147674408,140.15755914803427,141.67585095134478,144.65897967803426,140.96960639411233,144.6030187021225,128.5408500209948,131.27678514449462,133.27493028436808,143.6786485139243,136.92959909060147,139.86523360463758,108.13123600686824,110.60598225648654,113.49903842600693,118.99876541923123,123.20600406233196,127.35638368352326,129.60161173430117,135.49530777329062,130.18873663588357,131.8633559956188,132.65878103922756,120.60918038267582,125.40042917604902,128.27733376257947,130.61830236552996,131.63167988649636,132.44056183091104,117.70096395667433,119.04347913349727,119.78742133555333,120.35233194795143,123.04869486862809,125.41315210021422,113.64460351444116,117.20366420512906,109.21321708432009,111.62904096035079,107.74770448847255,91.70938171492561,93.28244941849083,97.1109307100737,101.51748877731845,83.23907210976783,85.64068510939953,87.3549199241201,73.30310153124022,74.21918285950753,78.29820529141448,85.86806876442375,45.5836648047952,50.58155325893262,52.84366864060525,55.464215530092254,58.431473355088265,60.474639770238994,61.69112980307937,63.30049800209413,68.89108589604591,73.57531966476412,79.3143415326437,83.76813115497656,82.9208753168736,32.250494432703455,26.10932109204616,20.237851429346694,17.017113625675,15.366330478196199,9.533337935769968,2.7373068881657785,0.0,0.5398314551783646,17.578897332107765,19.163902379418335,30.720863675607507,35.37679011402986,40.2519521626186,41.6014491361598,47.92217259158797,53.4745884621798,56.526699534863766,62.64944483415559,63.211054128950465,50.619790288499054,56.801893652241844,57.765383662568894,58.24483126137401,39.342725698645104,44.5331543899961,47.97350451752673,53.42060264405245,57.26155539044234,49.97406837658559,53.08801795870796,41.97230010935144,43.108254333781275,43.49592558626201,44.599952306953156,45.55381917397393,46.0348784218842,51.1668314796712,57.412524635758835,86.16937384153485
170,91.60325454831252,91.53523984402,86.64600667306159,80.86450470557944,77.34923032084077,75.51045165009218,63.542811698957266,56.52669097593659,56.16733043274911,51.065002042690324,44.61124399020648,38.58630872084467,44.731192853194145,51.50397027460699,56.879581123617555,65.29962090974685,70.54168443473394,100.46211825511827,103.16980915328227,105.80188627981178,110.06150069898166,115.40195667202367,116.35715822143615,122.64207262021678,129.27511905454844,136.36746993419337,141.4111184152039,144.2168051404104,147.02895467413012,153.2362664916563,156.60910654122878,160.50784338795233,162.84302153961443,166.4072259389159,172.85804487917457,176.2414883913379,177.20153526519354,114.45836776542792,120.453300709173,128.30543557811154,131.36320012104153,139.17502641199295,144.877225549168,146.3148280672515,148.63568049685577,152.03168682782749,157.59404972501426,160.2714908541523,164.40595938106117,166.43594016914759,170.16883783717975,170.69935550889295,174.48424388241207,176.32613774471795,176.61086041680434,155.29739956928745,158.6304226715176,160.37625771527175,147.28337926568645,152.5424618853075,159.93313675300396,128.84667712010233,132.99128819956442,135.2849124059243,137.69854949546368,144.60252936217825,150.7721606315492,155.5997200563518,156.3057405942967,151.08255922322056,151.68235085370566,152.59409917424153,140.17098374039614,141.85691404737804,143.81281486285923,146.46930841639931,149.79062818420246,152.1316760265158,140.51259771850337,145.24186246051138,150.57150316134667,75.2403225352903,89.155175355209,93.6879723945656,96.95505151818658,103.588951200877,108.55334320796105,114.30333225142887,121.45037345741055,125.93804935925554,131.52439718229698,132.8901021284695,134.9036395629365,141.80644775960545,144.67341741413617,147.8451858483066,138.28396918371598,145.10197849729133,146.12257293192243,140.69739060321263,142.21568240652314,145.19881113321262,141.5094378492907,145.14285015730087,129.08068147617317,131.81661659967298,133.81476173954644,144.21847996910265,137.46943054577986,140.40506505981597,108.67106746204661,111.14581371166491,114.0388698811853,119.5385968744096,123.74583551751033,127.89621513870163,130.14144318947953,136.03513922846898,130.72856809106196,132.4031874507972,133.19861249440595,121.14901183785419,125.94026063122739,128.81716521775783,131.15813382070831,132.17151134167472,132.9803932860894,118.2407954118527,119.58331058867564,120.3272527907317,120.8921634031298,123.58852632380646,125.95298355539259,114.18443496961953,117.74349566030743,109.75304853949847,112.16887241552917,108.28753594365092,92.24921317010399,93.8222808736692,97.65076216525208,102.05732023249682,83.7789035649462,86.1805165645779,87.89475137929847,73.84293298641859,74.7590143146859,78.83803674659285,86.40790021960213,46.12349625997357,51.121384714110995,53.383500095783624,56.00404698527063,58.97130481026664,61.01447122541737,62.23096125825774,63.8403294572725,69.43091735122428,74.1151511199425,79.85417298782207,84.30796261015493,83.46070677205198,32.79032588788182,26.649152547224524,20.77768288452506,17.556945080853367,15.906161933374563,10.073169390948332,3.2771383433441432,0.5398314551783646,0.0,18.11872878728613,19.7037338345967,31.260695130785873,35.91662156920823,40.79178361779697,42.14128059133817,48.462004046766346,54.014419917358175,57.06653099004214,63.18927628933396,63.75088558412884,51.15962174367743,57.34172510742022,58.30521511774727,58.78466271655238,39.88255715382348,45.07298584517447,48.5133359727051,53.960434099230824,57.80138684562071,50.513899831763965,53.62784941388633,42.51213156452981,43.64808578895965,44.035757041440384,45.13978376213153,46.0936506291523,46.574709877062574,51.706662934849575,57.95235609093721,86.70920529671322
171,89.57564455370198,89.50762984940945,84.61839667845105,78.83689471096889,75.32162032623023,73.48284165548164,61.51520170434672,54.499080981326046,54.13972043813857,49.03739204807978,42.58363399559594,36.55869872623413,42.7035828585836,49.47636027999645,54.85197112900701,63.272010915136306,68.5140744401234,98.43450826050773,101.14219915867173,103.77427628520124,108.03389070437112,113.37434667741313,114.32954822682561,120.61446262560624,127.2475090599379,134.33985993958282,139.38350842059336,142.18919514579986,145.00134467951958,151.20865649704575,154.58149654661824,158.4802333933418,160.81541154500388,164.37961594430536,170.83043488456403,174.21387839672735,175.173925270583,112.43075777081738,118.42569071456246,126.27782558350098,129.335590126431,137.1474164173824,142.84961555455746,144.28721807264097,146.60807050224523,150.00407683321694,155.56643973040372,158.24388085954175,162.37834938645062,164.40833017453704,168.1412278425692,168.6717455142824,172.45663388780153,174.2985277501074,174.5832504221938,153.2697895746769,156.60281267690706,158.3486477206612,145.2557692710759,150.51485189069695,157.90552675839342,126.81906712549178,130.96367820495388,133.25730241131376,135.67093950085314,142.5749193675677,148.74455063693867,153.57211006174126,154.27813059968616,149.05494922861,149.6547408590951,150.566489179631,138.1433737457856,139.8293040527675,141.78520486824868,144.44169842178877,147.76301818959192,150.10406603190526,138.48498772389283,143.21425246590084,148.54389316673613,73.21271254067976,87.12756536059845,91.66036239995506,94.92744152357604,101.56134120626646,106.5257332133505,112.27572225681833,119.4227634628,123.910439364645,129.49678718768644,130.86249213385895,132.87602956832595,139.7788377649949,142.64580741952562,145.81757585369607,136.25635918910544,143.07436850268078,144.0949629373119,138.66978060860208,140.1880724119126,143.17120113860207,139.48182785468015,143.11524016269033,127.05307148156264,129.78900660506247,131.78715174493593,142.19086997449213,135.44182055116931,138.37745506520542,106.64345746743606,109.11820371705437,112.01125988657476,117.51098687979906,121.71822552289979,125.86860514409109,128.113833194869,134.00752923385843,128.70095809645142,130.37557745618665,131.1710024997954,119.12140184324365,123.91265063661685,126.7895552231473,129.13052382609777,130.14390134706417,130.95278329147885,116.21318541724216,117.5557005940651,118.29964279612116,118.86455340851926,121.56091632919592,123.92537356078205,112.15682497500899,115.71588566569689,107.72543854488792,110.14126242091862,106.25992594904038,90.22160317549344,91.79467087905866,95.62315217064153,100.02971023788628,81.75129357033566,84.15290656996736,85.86714138468793,71.81532299180805,72.73140432007536,76.8104267519823,84.38029022499158,44.09588626536303,49.09377471950045,51.35589010117308,53.97643699066008,56.943694815656094,58.986861230806824,60.2033512636472,61.81271946266196,67.40330735661374,72.08754112533195,77.82656299321152,82.28035261554439,81.43309677744143,30.762715893271285,24.62154255261399,18.750072889914527,15.529335086242835,13.87855193876403,8.045559396337799,14.841590443941987,17.578897332107765,18.11872878728613,0.0,1.585005047310572,29.23308513617534,33.889011574597696,38.76417362318644,40.11367059672763,46.4343940521558,51.98680992274763,55.038920995431596,61.16166629472342,61.723275589518295,49.13201174906688,55.314115112809674,56.27760512313672,56.75705272194184,37.854947159212934,43.04537585056393,46.48572597809456,51.93282410462028,55.77377685101017,48.48628983715342,51.60023941927579,40.484521569919266,41.620475794349105,42.00814704682984,43.112173767520986,44.06604063454176,44.54709988245203,49.67905294023903,55.924746096326665,84.68159530210268
172,91.16064960101255,91.09263489672003,86.20340172576162,80.42189975827947,76.9066253735408,75.06784670279221,63.100206751657296,56.08408602863662,55.72472548544914,50.622397095390355,44.16863904290651,38.1437037735447,44.288587905894175,51.06136532730702,56.436976176317586,64.85701596244688,70.09907948743397,100.0195133078183,102.7272042059823,105.35928133251181,109.61889575168169,114.9593517247237,115.91455327413618,122.19946767291681,128.83251410724847,135.9248649868934,140.96851346790393,143.77420019311043,146.58634972683015,152.79366154435633,156.1665015939288,160.06523844065237,162.40041659231446,165.96462099161593,172.4154399318746,175.79888344403793,176.75893031789357,114.01576281812795,120.01069576187304,127.86283063081156,130.92059517374156,138.73242146469298,144.43462060186803,145.87222311995154,148.1930755495558,151.58908188052752,157.1514447777143,159.82888590685232,163.9633544337612,165.99333522184762,169.72623288987978,170.25675056159298,174.0416389351121,175.88353279741798,176.16825546950437,154.85479462198748,158.18781772421764,159.93365276797178,146.84077431838648,152.09985693800752,159.490531805704,128.40407217280236,132.54868325226445,134.84230745862433,137.2559445481637,144.15992441487828,150.32955568424924,155.15711510905183,155.86313564699674,150.6399542759206,151.2397459064057,152.15149422694157,139.72837879309617,141.41430910007807,143.37020991555926,146.02670346909935,149.3480232369025,151.68907107921584,140.0699927712034,144.79925751321142,150.1288982140467,74.79771758799033,88.71257040790903,93.24536744726564,96.51244657088661,103.14634625357704,108.11073826066108,113.8607273041289,121.00776851011058,125.49544441195557,131.081792234997,132.44749718116952,134.46103461563652,141.36384281230548,144.2308124668362,147.40258090100664,137.841364236416,144.65937354999136,145.67996798462246,140.25478565591266,141.77307745922317,144.75620618591265,141.06683290199072,144.7002452100009,128.6380765288732,131.374011652373,133.37215679224647,143.77587502180268,137.0268255984799,139.962460112516,108.22846251474664,110.70320876436494,113.59626493388534,119.09599192710964,123.30323057021036,127.45361019140167,129.69883824217956,135.592534281169,130.285963143762,131.96058250349722,132.75600754710598,120.70640689055422,125.49765568392742,128.37456027045786,130.71552887340835,131.72890639437475,132.53778833878943,117.79819046455273,119.14070564137567,119.88464784343174,120.44955845582983,123.1459213765065,125.51037860809262,113.74183002231956,117.30089071300746,109.3104435921985,111.7262674682292,107.84493099635095,91.80660822280402,93.37967592636923,97.2081572179521,101.61471528519685,83.33629861764624,85.73791161727793,87.4521464319985,73.40032803911862,74.31640936738593,78.39543179929288,85.96529527230216,45.6808913126736,50.678779766811026,52.940895148483655,55.56144203797066,58.52869986296667,60.5718662781174,61.788356310957774,63.397724509972534,68.98831240392431,73.67254617264253,79.4115680405221,83.86535766285496,83.01810182475201,32.34772094058186,26.206547599924562,20.335077937225098,17.114340133553405,15.463556986074602,9.630564443648371,16.42659549125256,19.16390237941834,19.703733834596704,1.585005047310572,0.0,30.81809018348591,35.47401662190826,40.349178670497004,41.698675644038204,48.019399099466376,53.571814970058206,56.62392604274217,62.74667134203399,63.30828063682887,50.71701679637746,56.89912016012025,57.8626101704473,58.34205776925241,39.43995220652351,44.6303808978745,48.07073102540513,53.517829151930854,57.35878189832074,50.071294884463995,53.18524446658636,42.06952661722984,43.20548084165968,43.593152094140414,44.69717881483156,45.65104568185233,46.132104929762605,51.264057987549606,57.50975114363724,86.26660034941325
173,69.56564458464932,69.4976298803568,64.60839670939839,58.82689474191624,55.31162035717759,53.472841686428985,41.50520173529408,34.48908101227341,34.12972046908593,29.02739207902714,22.5736340265433,16.548698757181487,22.693582889530965,29.46636031094381,34.84197115995437,43.26201094608366,48.50407447107075,78.42450829145508,81.13219918961909,83.7642763161486,88.02389073531847,93.36434670836049,94.31954825777296,100.6044626565536,107.23750909088525,114.32985997053017,119.37350845154072,122.17919517674723,124.99134471046695,131.1986565279931,134.5714965775656,138.47023342428915,140.80541157595124,144.3696159752527,150.82043491551138,154.2038784276747,155.16392530153036,92.42075780176474,98.41569074550982,106.26782561444834,109.32559015737834,117.13741644832976,122.83961558550483,124.27721810358832,126.59807053319258,129.9940768641643,135.55643976135107,138.2338808904891,142.36834941739798,144.3983302054844,148.1312278735166,148.6617455452298,152.44663391874892,154.2885277810548,154.57325045314118,133.25978960562426,136.59281270785442,138.33864775160856,125.24576930202326,130.5048519216443,137.89552678934078,106.80906715643914,110.95367823590124,113.24730244226112,115.66093953180048,122.56491939851503,128.734550667886,133.56211009268858,134.2681306306335,129.04494925955734,129.64474089004244,130.55648921057832,118.13337377673294,119.81930408371484,121.77520489919603,124.4316984527361,127.75301822053925,130.0940660628526,118.47498775484017,123.20425249684817,128.53389319768345,53.20271257162712,67.11756539154581,71.65036243090242,74.91744155452339,81.55134123721382,86.51573324429786,92.26572228776568,99.41276349374736,103.90043939559236,109.48678721863381,110.8524921648063,112.86602959927332,119.76883779594226,122.635807450473,125.80757588464343,116.24635922005281,123.06436853362815,124.08496296825926,118.65978063954941,120.17807244285994,123.16120116954943,119.47182788562753,123.10524019363771,107.04307151251,109.77900663600981,111.77715177588327,122.18087000543947,115.43182058211667,118.36745509615278,86.63345749838342,89.10820374800173,92.00125991752212,97.50098691074642,101.70822555384714,105.85860517503845,108.10383322581636,113.9975292648058,108.69095812739877,110.36557748713399,111.16100253074275,99.111401874191,103.9026506675642,106.77955525409466,109.12052385704513,110.13390137801153,110.94278332242621,96.20318544818952,97.54570062501246,98.28964282706852,98.85455343946661,101.55091636014328,103.9153735917294,92.14682500595634,95.70588569664424,87.71543857583528,90.13126245186598,86.24992597998774,70.2116032064408,71.78467091000601,75.61315220158889,80.01971026883363,61.741293601283026,64.14290660091473,65.8571414156353,51.80532302275541,52.72140435102273,56.80042678292968,64.37029025593895,24.08588629631039,29.083774750447816,31.345890132120445,33.96643702160745,36.93369484660346,38.97686126175419,40.193351294594564,41.802719493609324,47.3933073875611,52.07754115627932,57.81656302415889,62.270352646491745,61.42309680838879,10.752715924218641,4.611542583561348,10.483012246260811,13.703750049932504,15.354533197411309,21.18752573983754,27.983556787441728,30.720863675607507,31.260695130785873,29.23308513617534,30.81809018348591,0.0,4.655926438422355,9.531088487011097,20.10367062767499,26.42439408310316,31.97680995369499,35.02892102637895,41.151666325670774,41.71327562046565,29.122011780014248,35.304115143757045,36.267605154084094,36.74705275288921,17.84494719016029,23.035375881511282,26.47572600904191,31.922824135567637,35.763776881957526,28.476289868100785,31.59023945022315,20.47452160086663,21.610475825296472,21.998147077777208,23.102173798468353,24.05604066548912,24.537099913399395,29.669052971186392,35.91474612727403,64.67159533305004
174,74.22157102307168,74.15355631877915,69.26432314782075,63.4828211803386,59.967546795599944,58.12876812485134,46.161128173716435,39.145007450695765,38.78564690750829,33.6833185174495,27.229560464965658,21.204625195603846,27.34950932795332,34.12228674936617,39.49789759837673,47.917937384506025,53.16000090949312,83.08043472987745,85.78812562804146,88.42020275457097,92.67981717374084,98.02027314678286,98.97547469619533,105.26038909497596,111.89343552930762,118.98578640895253,124.02943488996308,126.8351216151696,129.6472711488893,135.85458296641548,139.22742301598797,143.12615986271152,145.4613380143736,149.02554241367508,155.47636135393375,158.85980486609708,159.81985173995272,97.0766842401871,103.07161718393219,110.92375205287071,113.98151659580071,121.79334288675213,127.4955420239272,128.9331445420107,131.25399697161495,134.65000330258667,140.21236619977344,142.88980732891147,147.02427585582035,149.05425664390677,152.78715431193893,153.31767198365213,157.10256035717126,158.94445421947714,159.22917689156353,137.91571604404663,141.2487391462768,142.99457419003093,129.90169574044563,135.16077836006667,142.55145322776315,111.46499359486151,115.6096046743236,117.90322888068349,120.31686597022285,127.2208458369374,133.39047710630837,138.21803653111095,138.92405706905586,133.7008756979797,134.3006673284648,135.2124156490007,122.78930021515531,124.47523052213721,126.4311313376184,129.08762489115847,132.40894465896162,134.74999250127496,123.13091419326254,127.86017893527054,133.18981963610582,57.85863901004949,71.77349182996818,76.30628886932479,79.57336799294576,86.20726767563619,91.17165968272023,96.92164872618805,104.06868993216973,108.55636583401473,114.14271365705618,115.50841860322868,117.52195603769569,124.42476423436463,127.29173388889537,130.4635023230658,120.90228565847518,127.72029497205052,128.74088940668165,123.31570707797178,124.83399888128231,127.8171276079718,124.1277543240499,127.76116663206008,111.69899795093237,114.43493307443218,116.43307821430564,126.83679644386184,120.08774702053904,123.02338153457515,91.28938393680579,93.7641301864241,96.65718635594449,102.15691334916879,106.36415199226951,110.51453161346082,112.75975966423873,118.65345570322818,113.34688456582114,115.02150392555636,115.81692896916512,103.76732831261337,108.55857710598657,111.43548169251703,113.7764502954675,114.7898278164339,115.59870976084858,100.85911188661188,102.20162706343483,102.94556926549089,103.51047987788898,106.20684279856565,108.57130003015178,96.80275144437871,100.36181213506661,92.37136501425765,94.78718889028835,90.9058524184101,74.86752964486317,76.44059734842838,80.26907864001126,84.675636707256,66.39722003970539,68.79883303933708,70.51306785405765,56.46124946117778,57.3773307894451,61.456353221352046,69.02621669436132,28.74181273473275,33.73970118887017,36.0018165705428,38.6223634600298,41.589621285025814,43.63278770017654,44.84927773301692,46.45864593203168,52.04923382598346,56.73346759470167,62.472489462581244,66.9262790849141,66.07902324681116,15.408642362640999,9.267469021983704,15.138938684683168,18.35967648835486,20.010459635833666,25.843452178259895,32.63948322586408,35.37679011402986,35.916621569208225,33.889011574597696,35.47401662190827,4.655926438422355,0.0,4.875162048588742,24.75959706609735,31.080320521525522,36.63273639211735,39.684847464801315,45.80759276409314,46.369202058888014,33.7779382184366,39.9600415821794,40.92353159250645,41.402979191311566,22.50087362858265,27.69130231993364,31.13165244746427,36.57875057398999,40.41970332037988,33.13221630652314,36.24616588864551,25.130448039288986,26.266402263718827,26.654073516199563,27.75810023689071,28.711967103911476,29.19302635182175,34.32497940960875,40.570672565696384,69.32752177147239
175,79.09673307166044,79.02871836736792,74.13948519640951,68.35798322892735,64.84270884418869,63.00393017344009,51.03629022230518,44.020169499284506,43.66080895609703,38.55848056603824,32.1047225135544,26.079787244192584,32.22467137654206,38.99744879795491,44.37305964696547,52.79309943309477,58.035162958081855,87.95559677846619,90.66328767663019,93.2953648031597,97.55497922232958,102.89543519537159,103.85063674478407,110.1355511435647,116.76859757789636,123.86094845754127,128.9045969385518,131.7102836637583,134.52243319747802,140.7297450150042,144.1025850645767,148.00132191130024,150.33650006296233,153.9007044622638,160.35152340252247,163.7349669146858,164.69501378854144,101.95184628877584,107.94677923252092,115.79891410145945,118.85667864438945,126.66850493534086,132.37070407251593,133.80830659059944,136.1291590202037,139.52516535117542,145.0875282483622,147.76496937750022,151.8994379044091,153.92941869249552,157.6623163605277,158.1928340322409,161.97772240576003,163.81961626806591,164.1043389401523,142.79087809263538,146.12390119486554,147.86973623861968,134.77685778903435,140.0359404086554,147.42661527635187,116.34015564345025,120.48476672291234,122.77839092927223,125.1920280188116,132.09600788552615,138.26563915489712,143.0931985796997,143.7992191176446,138.57603774656846,139.17582937705356,140.08757769758944,127.66446226374404,129.35039257072594,131.30629338620713,133.96278693974722,137.28410670755036,139.6251545498637,128.00607624185128,132.7353409838593,138.06498168469457,62.73380105863822,76.64865387855691,81.18145091791352,84.4485300415345,91.08242972422492,96.04682173130897,101.79681077477679,108.94385198075847,113.43152788260346,119.01787570564491,120.38358065181741,122.39711808628442,129.29992628295338,132.1668959374841,135.33866437165454,125.77744770706391,132.59545702063926,133.61605145527037,128.19086912656053,129.70916092987105,132.69228965656052,129.00291637263862,132.6363286806488,116.5741599995211,119.31009512302091,121.30824026289437,131.71195849245058,124.96290906912778,127.89854358316389,96.16454598539453,98.63929223501283,101.53234840453322,107.03207539775752,111.23931404085825,115.38969366204955,117.63492171282746,123.52861775181691,118.22204661440988,119.8966659741451,120.69209101775385,108.6424903612021,113.4337391545753,116.31064374110576,118.65161234405623,119.66498986502263,120.47387180943731,105.73427393520062,107.07678911202356,107.82073131407962,108.38564192647772,111.08200484715438,113.44646207874051,101.67791349296745,105.23697418365535,97.24652706284638,99.66235093887708,95.78101446699884,79.7426916934519,81.31575939701712,85.1442406886,89.55079875584474,71.27238208829412,73.67399508792582,75.38822990264639,61.33641150976651,62.25249283803383,66.33151526994078,73.90137874295006,33.61697478332149,38.61486323745891,40.87697861913154,43.497525508618544,46.464783333614555,48.507949748765284,49.72443978160566,51.33380798062042,56.9243958745722,61.60862964329041,67.34765151116999,71.80144113350285,70.9541852953999,20.283804411229738,14.142631070572445,20.01410073327191,23.234838536943602,24.885621684422407,30.718614226848636,37.514645274452825,40.2519521626186,40.791783617796966,38.76417362318644,40.34917867049701,9.531088487011097,4.875162048588742,0.0,29.634759114686087,35.955482570114256,41.507898440706086,44.56000951339005,50.68275481268187,51.24436410747675,38.653100267025344,44.835203630768135,45.798693641095184,46.2781412399003,27.376035677171387,32.566464368522375,36.006814496053,41.45391262257873,45.294865368968615,38.00737835511188,41.12132793723425,30.005610087877727,31.14156431230757,31.529235564788305,32.633262285479454,33.587129152500225,34.0681884004105,39.20014145819749,45.445834614285125,74.20268382006114
176,56.57191769796133,56.50390299366881,51.61466982271041,45.83316785522826,42.31789347048961,40.479114799741005,28.511474848606095,21.495354125585422,21.135993582397944,16.033665192339157,9.579907139855315,3.554971870493502,9.699856002842978,16.47263342425582,21.848244273266385,30.26828405939568,35.51034758438277,65.4307814047671,68.1384723029311,70.77054942946062,75.0301638486305,80.3706198216725,81.32582137108498,87.61073576986561,94.24378220419727,101.33613308384218,106.37978156485273,109.18546829005925,111.99761782377897,118.20492964130513,121.57776969087762,125.47650653760117,127.81168468926326,131.37588908856475,137.82670802882342,141.21015154098674,142.1701984148424,79.42703091507676,85.42196385882184,93.27409872776036,96.33186327069036,104.14368956164178,109.84588869881685,111.28349121690034,113.6043436465046,117.00034997747633,122.5627128746631,125.24015400380115,129.37462253071,131.40460331879643,135.13750098682863,135.66801865854183,139.45290703206095,141.29480089436683,141.57952356645322,120.2660627189363,123.59908582116647,125.34492086492061,112.25204241533527,117.51112503495631,124.90179990265278,93.81534026975116,97.95995134921326,100.25357555557315,102.66721264511251,109.57119251182706,115.74082378119802,120.56838320600059,121.27440374394548,116.05122237286938,116.65101400335449,117.56276232389037,105.13964689004496,106.82557719702686,108.78147801250805,111.43797156604812,114.75929133385128,117.10033917616464,105.48126086815219,110.21052561016019,115.54016631099547,40.20898568493914,54.12383850485783,58.65663554421443,61.923714667835405,68.55761435052584,73.52200635760988,79.2719954010777,86.41903660705938,90.90671250890438,96.49306033194583,97.85876527811833,99.87230271258534,106.77511090925428,109.64208056378502,112.81384899795545,103.25263233336483,110.07064164694017,111.09123608157128,105.66605375286143,107.18434555617196,110.16747428286145,106.47810099893954,110.11151330694972,94.04934462582202,96.78527974932183,98.78342488919529,109.1871431187515,102.43809369542869,105.3737282094648,73.63973061169544,76.11447686131375,79.00753303083414,84.50726002405844,88.71449866715916,92.86487828835047,95.11010633912838,101.00380237811783,95.69723124071079,97.37185060044601,98.16727564405477,86.11767498750302,90.90892378087622,93.78582836740668,96.12679697035715,97.14017449132355,97.94905643573823,83.20945856150153,84.55197373832448,85.29591594038054,85.86082655277863,88.5571894734553,90.92164670504143,79.15309811926836,82.71215880995626,74.7217116891473,77.137535565178,73.25619909329976,57.21787631975281,58.790944023318026,62.6194253149009,67.02598338214564,48.747566714595045,51.14917971422675,52.863414528947324,38.81159613606743,39.72767746433475,43.806699896241696,51.376563369250974,11.092159409622406,16.09004786375983,18.352163245432457,20.97271013491946,23.93996795991547,25.9831343750662,27.199624407906573,28.80899260692133,34.39958050087311,39.08381426959132,44.822836137470894,49.27662575980375,48.42936992170081,9.350954703456347,15.492128044113642,21.363597706813106,24.5843355104848,26.235118657963604,32.068111200389836,38.864142247994025,41.6014491361598,42.141280591338166,40.11367059672764,41.69867564403821,20.10367062767499,24.759597066097346,29.634759114686087,0.0,6.320723455428171,11.873139326020002,14.925250398703966,21.047995697995788,21.609604992790665,16.12828489332626,22.310388257069054,23.273878267396103,23.75332586620122,4.8512203034723065,10.041648994823298,13.481999122353926,18.929097248879653,22.77004999526954,15.482562981412796,18.596512563535164,7.480794714178643,8.616748938608483,9.00442019108922,10.108446911780366,11.062313778801133,11.543373026711407,16.67532608449841,22.92101924058604,51.677868446362055
177,62.8926411533895,62.824626449096975,57.93539327813858,52.15389131065643,48.63861692591777,46.79983825516917,34.832198304034264,27.816077581013595,27.456717037826117,22.354388647767326,15.900630595283484,9.875695325921672,16.02057945827115,22.793356879683994,28.168967728694557,36.58900751482385,41.831071039810936,71.75150486019527,74.45919575835927,77.09127288488878,81.35088730405866,86.69134327710067,87.64654482651315,93.93145922529378,100.56450565962544,107.65685653927035,112.7005050202809,115.50619174548741,118.31834127920713,124.5256530967333,127.89849314630578,131.79722999302933,134.13240814469142,137.6966125439929,144.14743148425157,147.5308749964149,148.49092187027054,85.74775437050492,91.74268731425,99.59482218318853,102.65258672611853,110.46441301706994,116.16661215424502,117.60421467232851,119.92506710193277,123.3210734329045,128.88343633009126,131.5608774592293,135.69534598613816,137.72532677422458,141.45822444225678,141.98874211396998,145.7736304874891,147.61552434979498,147.90024702188137,126.58678617436446,129.91980927659463,131.66564432034878,118.57276587076345,123.83184849038449,131.22252335808096,100.13606372517933,104.28067480464142,106.5742990110013,108.98793610054067,115.89191596725522,122.06154723662617,126.88910666142874,127.59512719937364,122.37194582829753,122.97173745878264,123.88348577931852,111.46037034547312,113.14630065245503,115.10220146793621,117.75869502147629,121.08001478927943,123.42106263159279,111.80198432358036,116.53124906558836,121.86088976642364,46.5297091403673,60.444561960285995,64.9773589996426,68.24443812326358,74.878337805954,79.84272981303805,85.59271885650587,92.73976006248755,97.22743596433254,102.81378378737399,104.17948873354649,106.1930261680135,113.09583436468245,115.96280401921318,119.13457245338361,109.573355788793,116.39136510236834,117.41195953699945,111.9867772082896,113.50506901160013,116.48819773828961,112.79882445436772,116.4322367623779,100.37006808125018,103.10600320475,105.10414834462345,115.50786657417966,108.75881715085686,111.69445166489297,79.9604540671236,82.43520031674191,85.3282564862623,90.8279834794866,95.03522212258733,99.18560174377863,101.43082979455654,107.32452583354599,102.01795469613896,103.69257405587418,104.48799909948293,92.43839844293119,97.22964723630439,100.10655182283485,102.44752042578531,103.46089794675171,104.2697798911664,89.5301820169297,90.87269719375264,91.6166393958087,92.1815500082068,94.87791292888346,97.24237016046959,85.47382157469653,89.03288226538443,81.04243514457546,83.45825902060616,79.57692254872792,63.53859977518098,65.1116674787462,68.94014877032907,73.34670683757382,55.06829017002321,57.46990316965491,59.18413798437549,45.132319591495595,46.04840091976291,50.12742335166986,57.69728682467914,17.412882865050577,22.410771319188,24.67288670086063,27.293433590347632,30.260691415343643,32.30385783049437,33.52034786333475,35.12971606234951,40.72030395630129,45.4045377250195,51.143559592899074,55.59734921523193,54.75009337712898,15.671678158884518,21.812851499541814,27.68432116224128,30.90505896591297,32.555842113391776,38.38883465581801,45.1848657034222,47.92217259158797,48.46200404676634,46.43439405215581,48.01939909946638,26.424394083103163,31.08032052152552,35.95548257011426,6.320723455428171,0.0,5.5524158705918305,8.604526943275793,14.727272242567617,15.288881537362496,22.449008348754433,28.631111712497226,29.594601722824276,30.074049321629392,11.171943758900477,16.36237245025147,19.8027225777821,25.249820704307826,29.090773450697714,21.80328643684097,24.917236018963337,13.801518169606814,14.937472394036654,15.325143646517391,16.42917036720854,17.383037234229306,17.86409648213958,22.996049539926577,29.241742696014214,57.99859190179022
178,68.44505702398133,68.37704231968881,63.487809148730406,57.706307181248256,54.1910327965096,52.352254125761,40.384614174626094,33.368493451605424,33.009132908417946,27.90680451835916,21.453046465875317,15.428111196513504,21.57299532886298,28.345772750275824,33.72138359928638,42.14142338541568,47.383486910402766,77.3039207307871,80.0116116289511,82.64368875548061,86.90330317465049,92.2437591476925,93.19896069710498,99.48387509588561,106.11692153021727,113.20927240986218,118.25292089087273,121.05860761607924,123.87075714979896,130.07806896732512,133.4509090168976,137.34964586362116,139.68482401528325,143.24902841458473,149.6998473548434,153.08329086700672,154.04333774086237,91.30017024109675,97.29510318484184,105.14723805378036,108.20500259671036,116.01682888766177,121.71902802483685,123.15663054292034,125.4774829725246,128.8734893034963,134.4358522006831,137.11329332982112,141.24776185673,143.2777426448164,147.01064031284858,147.54115798456178,151.3260463580809,153.16794022038678,153.45266289247317,132.13920204495628,135.47222514718644,137.21806019094058,124.12518174135528,129.38426436097632,136.7749392286728,105.68847959577116,109.83309067523325,112.12671488159313,114.5403519711325,121.44433183784705,127.613963107218,132.44152253202057,133.14754306996548,127.92436169888936,128.52415332937446,129.43590164991033,117.01278621606495,118.69871652304685,120.65461733852804,123.31111089206811,126.63243065987126,128.9734785021846,117.35440019417219,122.08366493618018,127.41330563701547,52.08212501095913,65.99697783087782,70.52977487023443,73.79685399385541,80.43075367654583,85.39514568362988,91.1451347270977,98.29217593307938,102.77985183492437,108.36619965796582,109.73190460413832,111.74544203860533,118.64825023527428,121.51521988980501,124.68698832397544,115.12577165938482,121.94378097296017,122.96437540759128,117.53919307888142,119.05748488219196,122.04061360888144,118.35124032495955,121.98465263296973,105.92248395184201,108.65841907534183,110.65656421521528,121.06028244477149,114.31123302144869,117.2468675354848,85.51286993771544,87.98761618733374,90.88067235685413,96.38039935007843,100.58763799317916,104.73801761437046,106.98324566514837,112.87694170413782,107.57037056673079,109.244989926466,110.04041497007476,97.99081431352302,102.78206310689622,105.65896769342667,107.99993629637714,109.01331381734354,109.82219576175822,95.08259788752153,96.42511306434447,97.16905526640053,97.73396587879863,100.43032879947529,102.79478603106142,91.02623744528836,94.58529813597626,86.5948510151673,89.010674891198,85.12933841931975,69.09101564577281,70.66408334933803,74.4925646409209,78.89912270816565,60.62070604061504,63.02231904024674,64.73655385496731,50.684735462087424,51.60081679035474,55.67983922226169,63.24970269527097,22.965298735642406,27.96318718977983,30.22530257145246,32.84584946093946,35.81310728593547,37.8562737010862,39.07276373392658,40.68213193294134,46.272719826893116,50.95695359561133,56.6959754634909,61.14976508582376,60.302509247720806,21.224094029476348,27.365267370133644,33.236737032833105,36.4574748365048,38.108257983983606,43.94125052640984,50.73728157401403,53.4745884621798,54.01441991735817,51.98680992274764,53.57181497005821,31.976809953694993,36.63273639211735,41.50789844070609,11.873139326020002,5.5524158705918305,0.0,3.0521110726839638,9.174856371975787,9.736465666770666,28.001424219346262,34.18352758308906,35.14701759341611,35.626465192221225,16.72435962949231,21.9147883208433,25.35513844837393,30.802236574899656,34.64318932128954,27.3557023074328,30.469651889555166,19.353934040198645,20.489888264628487,20.877559517109223,21.981586237800368,22.935453104821136,23.41651235273141,28.54846541051841,34.79415856660604,63.55100777238205
179,71.4971680966653,71.42915339237278,66.53992022141438,60.75841825393223,57.243143869193574,55.40436519844497,43.436725247310065,36.42060452428939,36.06124398110191,30.95891559104312,24.505157538559278,18.480222269197466,24.625106401546944,31.397883822959788,36.773494671970354,45.19353445809965,50.43559798308674,80.35603180347107,83.06372270163507,85.69579982816458,89.95541424733446,95.29587022037647,96.25107176978895,102.53598616856958,109.16903260290124,116.26138348254615,121.3050319635567,124.11071868876321,126.92286822248293,133.1301800400091,136.50302008958158,140.40175693630513,142.73693508796723,146.3011394872687,152.75195842752737,156.1354019396907,157.09544881354634,94.35228131378072,100.3472142575258,108.19934912646433,111.25711366939433,119.06893996034574,124.77113909752082,126.20874161560431,128.52959404520857,131.92560037618028,137.48796327336706,140.1654044025051,144.29987292941397,146.32985371750038,150.06275138553258,150.59326905724578,154.3781574307649,156.22005129307078,156.50477396515717,135.19131311764025,138.5243362198704,140.27017126362455,127.17729281403925,132.4363754336603,139.82705030135676,108.74059066845513,112.88520174791722,115.1788259542771,117.59246304381647,124.49644291053102,130.66607417990198,135.49363360470457,136.19965414264948,130.97647277157333,131.57626440205843,132.4880127225943,120.06489728874892,121.75082759573083,123.70672841121201,126.36322196475209,129.68454173255523,132.02558957486858,120.40651126685616,125.13577600886416,130.46541670969944,55.1342360836431,69.0490889035618,73.5818859429184,76.84896506653938,83.4828647492298,88.44725675631385,94.19724579978167,101.34428700576335,105.83196290760834,111.4183107306498,112.78401567682229,114.7975531112893,121.70036130795825,124.56733096248898,127.73909939665941,118.1778827320688,124.99589204564414,126.01648648027525,120.5913041515654,122.10959595487593,125.09272468156541,121.40335139764352,125.0367637056537,108.97459502452598,111.7105301480258,113.70867528789925,124.11239351745546,117.36334409413266,120.29897860816877,88.5649810103994,91.03972726001771,93.9327834295381,99.4325104227624,103.63974906586313,107.79012868705443,110.03535673783234,115.92905277682179,110.62248163941476,112.29710099914998,113.09252604275873,101.04292538620699,105.83417417958019,108.71107876611065,111.05204736906111,112.06542489002751,112.8743068344422,98.1347089602055,99.47722413702844,100.2211663390845,100.7860769514826,103.48243987215926,105.84689710374539,94.07834851797233,97.63740920866023,89.64696208785126,92.06278596388196,88.18144949200372,72.14312671845678,73.716194422022,77.54467571360487,81.95123378084962,63.67281711329901,66.07443011293071,67.78866492765128,53.736846534771395,54.65292786303871,58.73195029494566,66.30181376795494,26.01740980832637,31.015298262463794,33.27741364413642,35.897960533623426,38.86521835861944,40.908384773770166,42.12487480661054,43.7342430056253,49.32483089957708,54.009064668295295,59.74808653617487,64.20187615850773,63.35462032040478,24.27620510216031,30.417378442817608,36.28884810551707,39.509585909188765,41.16036905666757,46.9933615990938,53.78939264669799,56.526699534863766,57.06653099004213,55.0389209954316,56.62392604274218,35.02892102637895,39.68484746480131,44.56000951339005,14.925250398703964,8.604526943275793,3.0521110726839638,0.0,6.122745299291823,6.6843545940867015,31.053535292030226,37.235638655773016,38.199128666100066,38.67857626490518,19.77647070217627,24.96689939352726,28.40724952105789,33.854347647583616,37.695300393973504,30.407813380116764,33.52176296223913,22.40604511288261,23.54199933731245,23.929670589793187,25.03369731048433,25.9875641775051,26.468623425415373,31.60057648320237,37.84626963929001,66.60311884506602
180,77.61991339595714,77.55189869166462,72.66266552070621,66.88116355322406,63.365889168485396,61.52711049773679,49.55947054660189,42.54334982358121,42.18398928039373,37.081660890334945,30.627902837851103,24.60296756848929,30.747851700838766,37.52062912225161,42.896239971262176,51.31627975739147,56.55834328237856,86.47877710276289,89.1864680009269,91.8185451274564,96.07815954662628,101.4186155196683,102.37381706908077,108.6587314678614,115.29177790219306,122.38412878183797,127.42777726284852,130.23346398805504,133.04561352177475,139.25292533930093,142.62576538887342,146.52450223559697,148.85968038725906,152.42388478656054,158.8747037268192,162.25814723898253,163.21819411283818,100.47502661307254,106.46995955681763,114.32209442575615,117.37985896868615,125.19168525963757,130.89388439681264,132.33148691489615,134.6523393445004,138.04834567547212,143.6107085726589,146.28814970179693,150.4226182287058,152.45259901679222,156.1854966848244,156.71601435653758,160.5009027300567,162.3427965923626,162.62751926444898,141.31405841693208,144.64708151916224,146.39291656291638,133.30003811333106,138.5591207329521,145.94979560064857,114.86333596774695,119.00794704720904,121.30157125356894,123.7152083431083,130.61918820982285,136.78881947919382,141.6163789039964,142.32239944194131,137.09921807086516,137.69900970135026,138.61075802188614,126.18764258804075,127.87357289502265,129.82947371050383,132.48596726404392,135.80728703184707,138.1483348741604,126.52925656614798,131.258521308156,136.58816200899128,61.256981382934924,75.17183420285362,79.70463124221023,82.9717103658312,89.60561004852163,94.57000205560567,100.31999109907349,107.46703230505517,111.95470820690016,117.54105602994161,118.90676097611411,120.92029841058113,127.82310660725007,130.6900762617808,133.86184469595125,124.30062803136062,131.11863734493596,132.13923177956707,126.71404945085722,128.23234125416775,131.21546998085722,127.52609669693533,131.1595090049455,115.0973403238178,117.83327544731762,119.83142058719108,130.23513881674728,123.48608939342448,126.42172390746059,94.68772630969123,97.16247255930953,100.05552872882993,105.55525572205423,109.76249436515495,113.91287398634626,116.15810203712417,122.05179807611361,116.74522693870658,118.4198462984418,119.21527134205056,107.16567068549881,111.95691947887201,114.83382406540247,117.17479266835294,118.18817018931934,118.99705213373402,104.25745425949732,105.59996943632027,106.34391163837633,106.90882225077442,109.60518517145108,111.96964240303721,100.20109381726415,103.76015450795205,95.76970738714309,98.18553126317379,94.30419479129554,78.2658720177486,79.83893972131382,83.6674210128967,88.07397908014144,69.79556241259083,72.19717541222252,73.91141022694309,59.85959183406322,60.775673162330534,64.85469559423748,72.42455906724676,32.14015510761819,37.138043561755616,39.400158943428245,42.02070583291525,44.98796365791126,47.03113007306199,48.247620105902364,49.856988304917124,55.4475761988689,60.13180996758712,65.87083183546669,70.32462145779955,69.4773656196966,30.398950401452137,36.54012374210943,42.41159340480889,45.632331208480586,47.28311435595939,53.116106898385624,59.91213794598981,62.64944483415559,63.189276289333954,61.161666294723425,62.746671342034,41.151666325670774,45.80759276409313,50.68275481268187,21.047995697995788,14.727272242567619,9.174856371975787,6.122745299291823,0.0,0.5616092947948784,37.17628059132205,43.35838395506484,44.32187396539189,44.801321564197,25.899216001468094,31.089644692819085,34.529994820349714,39.977092946875445,43.81804569326533,36.530558679408585,39.64450826153095,28.52879041217443,29.664744636604272,30.052415889085008,31.156442609776153,32.11030947679692,32.591368724707195,37.723321782494196,43.96901493858183,72.72586414435784
181,78.18152269075202,78.1135079864595,73.22427481550109,67.44277284801893,63.92749846328027,62.08871979253167,50.121079841396764,43.10495911837609,42.74559857518861,37.64327018512982,31.18951213264598,25.164576863284168,31.309460995633643,38.08223841704649,43.45784926605705,51.87788905218635,57.119952577173436,87.04038639755777,89.74807729572177,92.38015442225128,96.63976884142116,101.98022481446317,102.93542636387565,109.22034076265628,115.85338719698794,122.94573807663285,127.9893865576434,130.7950732828499,133.60722281656962,139.8145346340958,143.18737468366828,147.08611153039183,149.42128968205392,152.9854940813554,159.43631302161407,162.8197565337774,163.77980340763304,101.03663590786742,107.0315688516125,114.88370372055103,117.94146826348103,125.75329455443244,131.4554936916075,132.893096209691,135.21394863929527,138.60995497026698,144.17231786745376,146.8497589965918,150.98422752350066,153.01420831158708,156.74710597961928,157.27762365133248,161.0625120248516,162.90440588715748,163.18912855924387,141.87566771172695,145.2086908139571,146.95452585771125,133.86164740812595,139.120730027747,146.51140489544346,115.42494526254183,119.56955634200392,121.8631805483638,124.27681763790316,131.18079750461771,137.35042877398868,142.17798819879127,142.88400873673618,137.66082736566003,138.26061899614513,139.172367316681,126.74925188283562,128.4351821898175,130.3910830052987,133.04757655883878,136.36889632664193,138.70994416895527,127.09086586094286,131.82013060295085,137.14977130378614,61.8185906777298,75.7334434976485,80.2662405370051,83.53331966062608,90.1672193433165,95.13161135040055,100.88160039386837,108.02864159985005,112.51631750169504,118.10266532473649,119.46837027090899,121.481907705376,128.38471590204495,131.25168555657567,134.4234539907461,124.8622373261555,131.68024663973085,132.70084107436196,127.2756587456521,128.7939505489626,131.77707927565208,128.08770599173022,131.7211182997404,115.65894961861268,118.3948847421125,120.39302988198595,130.79674811154217,124.04769868821936,126.98333320225547,95.2493356044861,97.72408185410441,100.6171380236248,106.1168650168491,110.32410365994983,114.47448328114113,116.71971133191904,122.61340737090849,117.30683623350146,118.98145559323667,119.77688063684543,107.72727998029369,112.51852877366689,115.39543336019734,117.73640196314781,118.74977948411421,119.5586614285289,104.8190635542922,106.16157873111514,106.9055209331712,107.4704315455693,110.16679446624596,112.53125169783209,100.76270311205903,104.32176380274693,96.33131668193796,98.74714055796866,94.86580408609042,78.82748131254348,80.4005490161087,84.22903030769157,88.63558837493632,70.3571717073857,72.7587847070174,74.47301952173797,60.421201128858094,61.33728245712541,65.41630488903236,72.98616836204164,32.70176440241307,37.69965285655049,39.96176823822312,42.582315127710125,45.549572952706136,47.592739367856865,48.80922940069724,50.418597599712,56.00918549366378,60.693419262381994,66.43244113026157,70.88623075259443,70.03897491449148,30.960559696247014,37.10173303690431,42.97320269960377,46.19394050327546,47.84472365075427,53.6777161931805,60.47374724078469,63.211054128950465,63.75088558412883,61.7232755895183,63.308280636828876,41.71327562046565,46.36920205888801,51.24436410747675,21.609604992790665,15.288881537362496,9.736465666770666,6.6843545940867015,0.5616092947948784,0.0,37.737889886116925,43.919993249859715,44.883483260186765,45.36293085899188,26.46082529626297,31.651253987613963,35.09160411514459,40.53870224167032,44.37965498806021,37.09216797420346,40.20611755632583,29.090399706969308,30.22635393139915,30.614025183879885,31.71805190457103,32.6719187715918,33.15297801950207,38.28493107728907,44.530624233376706,73.28747343915272
182,65.59025885030059,65.52224414600806,60.63301097504966,54.85150900756751,51.336234622828854,49.49745595208025,37.529816000945345,30.513695277924676,30.154334734737198,25.05200634467841,18.59824829219457,12.573313022832757,6.428428890483281,13.201206311896126,18.57681716090669,26.996856947035983,32.238920472023075,62.159354292407414,64.86704519057142,67.49912231710093,71.7587367362708,77.09919270931282,78.0543942587253,84.33930865750592,90.97235509183758,98.0647059714825,103.10835445249305,105.91404117769956,108.72619071141928,114.93350252894544,118.30634257851793,122.20507942524148,124.54025757690357,128.10446197620504,134.55528091646372,137.93872442862704,138.8987713024827,76.15560380271707,82.15053674646215,90.00267161540067,93.06043615833067,100.87226244928209,106.57446158645716,108.01206410454066,110.33291653414491,113.72892286511664,119.29128576230342,121.96872689144146,126.10319541835034,128.13317620643676,131.86607387446895,132.39659154618215,136.18147991970127,138.02337378200716,138.30809645409354,116.99463560657661,120.32765870880678,122.07349375256092,108.9806153029756,114.23969792259663,121.63037279029311,90.54391315739147,94.68852423685357,96.98214844321345,99.39578553275281,106.29976539946736,112.46939666883831,117.29695609364089,118.00297663158578,112.77979526050967,113.37958689099479,114.29133521153067,101.86821977768527,103.55415008466717,105.51005090014836,108.16654445368843,111.48786422149158,113.82891206380494,102.2098337557925,106.9390984978005,112.26873919863579,36.93755857257944,50.85241139249813,55.38520843185473,58.6522875554757,65.28618723816614,70.25057924525018,76.000568288718,83.14760949469968,87.63528539654467,93.22163321958612,94.58733816575862,96.60087560022563,103.50368379689458,106.37065345142531,109.54242188559574,99.98120522100514,106.79921453458049,107.81980896921159,102.39462664050174,103.91291844381227,106.89604717050176,103.20667388657984,106.84008619459001,90.77791751346233,93.51385263696214,95.5119977768356,105.9157160063918,99.166666583069,102.10230109710511,70.36830349933574,72.84304974895404,75.73610591847444,81.23583291169874,85.44307155479946,89.59345117599077,91.83867922676868,97.73237526575812,92.4258041283511,94.10042348808632,94.89584853169508,82.84624787514332,87.63749666851652,90.51440125504698,92.85536985799745,93.86874737896385,94.67762932337853,79.93803144914185,81.28054662596479,82.02448882802085,82.58939944041894,85.2857623610956,87.65021959268174,75.88167100690868,79.44073169759658,71.4502845767876,73.8661084528183,69.98477198094007,53.94644920739311,55.51951691095832,59.3479982025412,63.754556269785944,45.47613960223535,47.87775260186705,49.59198741658763,35.54016902370773,36.45625035197505,40.535272783882,48.10513625689128,20.11050056196166,25.108389016099082,27.37050439777171,29.991051287258713,32.958309112254724,35.001475527405454,36.21796556024583,37.82733375926059,43.41792165321237,48.10215542193058,53.841177289810155,58.29496691214301,45.15794280934112,18.369295855795603,24.510469196452895,30.38193885915236,33.60267666282405,35.25345981030286,41.08645235272909,47.88248340033328,50.619790288499054,51.15962174367742,49.13201174906689,50.717016796377465,29.122011780014244,33.7779382184366,38.653100267025344,16.12828489332626,22.449008348754433,28.001424219346262,31.053535292030226,37.17628059132205,37.737889886116925,0.0,6.182103363742794,7.145593374069842,7.625040972874958,13.869561455811562,19.05999014716255,22.50034027469318,27.947438401218907,31.788391147608795,12.211135869053098,15.325085451175465,16.499135866517896,17.635090090947738,18.022761343428474,19.12678806411962,20.080654931140387,20.56171417905066,25.693667236837662,31.939360392925295,60.6962095987013
183,71.77236221404338,71.70434750975086,66.81511433879245,61.033612371310305,57.51833798657165,55.67955931582305,43.71191936468814,36.69579864166747,36.336438098479995,31.234109708421208,24.780351655937366,18.755416386575554,12.610532254226076,19.38330967563892,24.758920524649483,33.17896031077878,38.421023835765865,68.3414576561502,71.0491485543142,73.68122568084371,77.94084010001359,83.2812960730556,84.23649762246808,90.52141202124871,97.15445845558037,104.24680933522528,109.29045781623583,112.09614454144234,114.90829407516206,121.11560589268822,124.48844594226071,128.38718278898426,130.72236094064635,134.28656533994783,140.7373842802065,144.12082779236982,145.08087466622547,82.33770716645985,88.33264011020493,96.18477497914346,99.24253952207346,107.05436581302487,112.75656495019994,114.19416746828344,116.5150198978877,119.91102622885943,125.4733891260462,128.15083025518425,132.28529878209312,134.31527957017954,138.04817723821174,138.57869490992493,142.36358328344406,144.20547714574994,144.49019981783633,123.17673897031939,126.50976207254956,128.2555971163037,115.16271866671838,120.42180128633942,127.81247615403589,96.72601652113426,100.87062760059635,103.16425180695623,105.5778888964956,112.48186876321014,118.6515000325811,123.47905945738367,124.18507999532856,118.96189862425246,119.56169025473757,120.47343857527345,108.05032314142805,109.73625344840995,111.69215426389114,114.34864781743121,117.66996758523436,120.01101542754772,108.39193711953529,113.12120186154328,118.45084256237857,43.11966193632223,57.034514756240924,61.567311795597526,64.83439091921849,71.46829060190892,76.43268260899296,82.18267165246078,89.32971285844246,93.81738876028746,99.40373658332891,100.7694415295014,102.78297896396842,109.68578716063736,112.5527568151681,115.72452524933853,106.16330858474792,112.98131789832327,114.00191233295438,108.57673000424452,110.09502180755506,113.07815053424454,109.38877725032262,113.0221895583328,96.96002087720511,99.69595600070492,101.69410114057838,112.09781937013459,105.34876994681179,108.2844044608479,76.55040686307852,79.02515311269683,81.91820928221722,87.41793627544152,91.62517491854224,95.77555453973355,98.02078259051146,103.9144786295009,98.60790749209389,100.2825268518291,101.07795189543786,89.0283512388861,93.8196000322593,96.69650461878976,99.03747322174023,100.05085074270663,100.85973268712131,86.12013481288463,87.46264998970757,88.20659219176363,88.77150280416173,91.46786572483839,93.83232295642452,82.06377437065146,85.62283506133936,77.63238794053038,80.04821181656108,76.16687534468285,60.128552571135906,61.70162027470112,65.530101566284,69.93665963352875,51.65824296597814,54.05985596560984,55.77409078033042,41.72227238745052,42.63835371571784,46.71737614762479,54.28723962063407,26.29260392570446,31.29049237984188,33.55260776151451,36.17315465100151,39.14041247599752,41.18357889114825,42.40006892398863,44.00943712300339,49.600025016955165,54.28425878567338,60.02328065355295,64.47707027588581,51.340046173083906,24.5513992195384,30.692572560195693,36.564042222895154,39.78478002656685,41.435563174045654,47.26855571647189,54.064586764076076,56.80189365224185,57.34172510742022,55.31411511280969,56.89912016012026,35.30411514375704,39.96004158217939,44.835203630768135,22.310388257069057,28.63111171249723,34.18352758308906,37.23563865577302,43.358383955064845,43.91999324985972,6.182103363742794,0.0,0.9634900103270481,1.442937609132164,20.051664819554357,25.24209351090535,28.682443638435977,34.1295417649617,37.97049451135159,18.393239232795892,21.50718881491826,22.681239230260694,23.817193454690536,24.20486470717127,25.308891427862417,26.262758294883184,26.743817542793458,31.87577060058046,38.12146375666809,66.8783129624441
184,72.73585222437043,72.66783752007791,67.7786043491195,61.997102381637355,58.4818279968987,56.6430493261501,44.67540937501519,37.659288651994515,37.29992810880704,32.19759971874825,25.74384166626441,19.718906396902597,13.574022264553122,20.346799685965966,25.72241053497653,34.14245032110583,39.384513846092915,69.30494766647725,72.01263856464125,74.64471569117076,78.90433011034064,84.24478608338265,85.19998763279513,91.48490203157576,98.11794846590742,105.21029934555233,110.25394782656288,113.05963455176939,115.87178408548911,122.07909590301527,125.45193595258776,129.3506727993113,131.6858509509734,135.25005535027486,141.70087429053353,145.08431780269686,146.0443646765525,83.3011971767869,89.29613012053198,97.1482649894705,100.2060295324005,108.01785582335192,113.720054960527,115.15765747861049,117.47850990821475,120.87451623918648,126.43687913637325,129.11432026551128,133.24878879242016,135.27876958050658,139.01166724853874,139.54218492025194,143.32707329377106,145.16896715607695,145.45368982816333,124.14022898064644,127.47325208287661,129.21908712663074,116.12620867704541,121.38529129666645,128.77596616436293,97.6895065314613,101.8341176109234,104.1277418172833,106.54137890682266,113.44535877353721,119.61499004290816,124.44254946771073,125.14857000565563,119.92538863457952,120.52518026506463,121.43692858560051,109.0138131517551,110.699743458737,112.65564427421819,115.31213782775826,118.63345759556142,120.97450543787478,109.35542712986233,114.08469187187033,119.41433257270562,44.08315194664928,57.99800476656797,62.530801805924575,65.79788092954554,72.43178061223597,77.39617261932001,83.14616166278783,90.29320286876951,94.7808787706145,100.36722659365596,101.73293153982846,103.74646897429547,110.64927717096441,113.51624682549514,116.68801525966558,107.12679859507497,113.94480790865032,114.96540234328143,109.54022001457157,111.0585118178821,114.04164054457159,110.35226726064968,113.98567956865986,97.92351088753216,100.65944601103197,102.65759115090543,113.06130938046164,106.31225995713883,109.24789447117494,77.51389687340557,79.98864312302388,82.88169929254427,88.38142628576857,92.58866492886929,96.7390445500606,98.98427260083851,104.87796863982796,99.57139750242094,101.24601686215615,102.04144190576491,89.99184124921315,94.78309004258635,97.65999462911681,100.00096323206728,101.01434075303368,101.82322269744836,87.08362482321168,88.42614000003462,89.17008220209068,89.73499281448878,92.43135573516544,94.79581296675157,83.02726438097851,86.58632507166641,78.59587795085743,81.01170182688813,77.1303653550099,61.092042581462955,62.66511028502817,66.49359157661104,70.90014964385578,52.62173297630519,55.02334597593689,56.73758079065747,42.68576239777757,43.60184372604489,47.68086615795184,55.25072963096112,27.2560939360315,32.25398239016892,34.51609777184155,37.13664466132855,40.103902486324564,42.14706890147529,43.36355893431567,44.97292713333043,50.56351502728221,55.24774879600042,60.986770663879994,65.44056028621286,52.303536183410955,25.514889229865442,31.656062570522735,37.527532233222196,40.74827003689389,42.3990531843727,48.23204572679893,55.02807677440312,57.765383662568894,58.30521511774726,56.27760512313673,57.862610170447304,36.26760515408408,40.923531592506436,45.79869364109518,23.2738782673961,29.594601722824272,35.1470175934161,38.199128666100066,44.32187396539189,44.883483260186765,7.145593374069842,0.9634900103270481,0.0,0.4794475988051159,21.0151548298814,26.20558352123239,29.64593364876302,35.09303177528875,38.93398452167864,19.356729243122942,22.470678825245308,23.644729240587736,24.780683465017578,25.168354717498314,26.27238143818946,27.226248305210227,27.7073075531205,32.8392606109075,39.084953766995135,67.84180297277115
185,73.21529982317554,73.14728511888302,68.25805194792461,62.47654998044246,58.96127559570381,57.12249692495521,45.1548569738203,38.13873625079963,37.779375707612154,32.67704731755337,26.223289265069525,20.198353995707713,14.053469863358238,20.826247284771082,26.201858133781645,34.621897919910936,39.863961444898024,69.78439526528236,72.49208616344636,75.12416328997587,79.38377770914575,84.72423368218776,85.67943523160024,91.96434963038087,98.59739606471253,105.68974694435744,110.73339542536799,113.5390821505745,116.35123168429422,122.55854350182038,125.93138355139287,129.8301203981164,132.1652985497785,135.72950294907997,142.18032188933864,145.56376540150197,146.5238122753576,83.78064477559201,89.7755777193371,97.62771258827561,100.68547713120562,108.49730342215703,114.1995025593321,115.6371050774156,117.95795750701986,121.35396383799159,126.91632673517836,129.5937678643164,133.72823639122527,135.75821717931169,139.49111484734385,140.02163251905705,143.80652089257617,145.64841475488205,145.93313742696844,124.61967657945155,127.95269968168172,129.69853472543585,116.60565627585052,121.86473889547156,129.25541376316804,98.16895413026641,102.31356520972851,104.6071894160884,107.02082650562777,113.92480637234232,120.09443764171327,124.92199706651584,125.62801760446074,120.40483623338463,121.00462786386974,121.91637618440562,109.49326075056021,111.17919105754211,113.1350918730233,115.79158542656337,119.11290519436653,121.45395303667989,109.83487472866744,114.56413947067544,119.89378017151073,44.56259954545439,58.47745236537308,63.010249404729684,66.27732852835065,72.91122821104108,77.87562021812512,83.62560926159294,90.77265046757462,95.26032636941962,100.84667419246107,102.21237913863357,104.22591657310058,111.12872476976952,113.99569442430025,117.16746285847069,107.60624619388008,114.42425550745543,115.44484994208653,110.01966761337668,111.53795941668722,114.5210881433767,110.83171485945479,114.46512716746497,98.40295848633727,101.13889360983708,103.13703874971054,113.54075697926675,106.79170755594394,109.72734206998005,77.99334447221068,80.46809072182899,83.36114689134938,88.86087388457368,93.0681125276744,97.2184921488657,99.46372019964362,105.35741623863306,100.05084510122605,101.72546446096126,102.52088950457002,90.47128884801826,95.26253764139146,98.13944222792192,100.48041083087239,101.49378835183879,102.30267029625347,87.56307242201679,88.90558759883973,89.64952980089579,90.21444041329389,92.91080333397055,95.27526056555668,83.50671197978362,87.06577267047152,79.07532554966254,81.49114942569324,77.60981295381501,61.571490180268064,63.14455788383328,66.97303917541615,71.37959724266089,53.1011805751103,55.502793574742,57.21702838946258,43.16520999658268,44.08129132485,48.16031375675695,55.73017722976623,27.735541534836617,32.73342998897404,34.99554537064667,37.61609226013367,40.58335008512968,42.62651650028041,43.843006533120786,45.452374732135546,51.04296262608732,55.72719639480554,61.46621826268511,65.92000788501797,52.782983782216064,25.99433682867056,32.13551016932785,38.00697983202731,41.22771763569901,42.87850078317781,48.711493325604046,55.507524373208234,58.24483126137401,58.784662716552376,56.75705272194185,58.34205776925242,36.747052752889196,41.40297919131155,46.27814123990029,23.753325866201216,30.07404932162939,35.62646519222122,38.67857626490518,44.801321564197,45.36293085899188,7.625040972874958,1.442937609132164,0.4794475988051159,0.0,21.494602428686516,26.685031120037507,30.125381247568136,35.57247937409386,39.41343212048375,19.836176841928058,22.950126424050424,24.124176839392852,25.260131063822694,25.64780231630343,26.751829036994575,27.705695904015343,28.186755151925617,33.31870820971262,39.56440136580025,68.32125057157626
186,54.313194260446636,54.24517955615411,49.355946385195715,43.574444417713565,40.05917003297491,38.22039136222631,26.2527514110914,19.236630688070726,18.877270144883248,13.774941754824459,7.321183702340617,1.2962484329788044,7.441132565328281,14.213909986741125,19.58952083575169,28.009560621880983,33.251624146868075,63.172057967252414,65.87974886541642,68.51182599194593,72.7714404111158,78.11189638415782,79.0670979335703,85.35201233235092,91.98505876668258,99.0774096463275,104.12105812733805,106.92674485254456,109.73889438626428,115.94620620379044,119.31904625336293,123.21778310008648,125.55296125174857,129.11716565105004,135.56798459130871,138.95142810347204,139.91147497732769,77.16830747756207,83.16324042130715,91.01537529024567,94.07313983317567,101.88496612412709,107.58716526130216,109.02476777938566,111.34562020898991,114.74162653996164,120.30398943714842,122.98143056628646,127.11589909319534,129.14587988128176,132.87877754931395,133.40929522102715,137.19418359454627,139.03607745685215,139.32080012893854,118.00733928142161,121.34036238365178,123.08619742740592,109.99331897782059,115.25240159744163,122.64307646513811,91.55661683223647,95.70122791169857,97.99485211805845,100.40848920759781,107.31246907431236,113.48210034368331,118.30965976848589,119.01568030643078,113.79249893535467,114.39229056583979,115.30403888637566,102.88092345253027,104.56685375951217,106.52275457499336,109.17924812853343,112.50056789633658,114.84161573864993,103.2225374306375,107.9518021726455,113.28144287348078,37.95026224742444,51.865115067343126,56.39791210669973,59.6649912303207,66.29889091301114,71.26328292009518,77.013271963563,84.16031316954468,88.64798907138967,94.23433689443112,95.60004184060362,97.61357927507063,104.51638747173958,107.38335712627031,110.55512556044074,100.99390889585014,107.81191820942549,108.83251264405659,103.40733031534674,104.92562211865727,107.90875084534676,104.21937756142484,107.85278986943501,91.79062118830733,94.52655631180714,96.5247014516806,106.9284196812368,100.179370257914,103.11500477195011,71.38100717418074,73.85575342379904,76.74880959331944,82.24853658654374,86.45577522964446,90.60615485083576,92.85138290161368,98.74507894060312,93.4385078031961,95.11312716293132,95.90855220654008,83.85895154998832,88.65020034336152,91.52710492989198,93.86807353284244,94.88145105380885,95.69033299822352,80.95073512398685,82.29325030080979,83.03719250286585,83.60210311526394,86.2984660359406,88.66292326752674,76.89437468175367,80.45343537244158,72.4629882516326,74.8788121276633,70.99747565578507,54.95915288223811,56.53222058580332,60.3607018773862,64.76725994463094,46.48884327708035,48.89045627671205,50.60469109143263,36.55287269855273,37.46895402682005,41.547976458727,49.11783993173628,8.833435972107708,13.83132442624513,16.093439807917758,18.71398669740476,21.68124452240077,23.7244109375515,24.940900970391873,26.55026916940663,32.14085706335841,36.825090832076626,42.5641126999562,47.01790232228906,46.17064648418612,7.09223126594165,13.233404606598945,19.10487426929841,22.325612072970102,23.976395220448907,29.80938776287514,36.60541881047933,39.342725698645104,39.88255715382347,37.85494715921294,39.439952206523515,17.844947190160294,22.50087362858265,27.37603567717139,4.8512203034723065,11.171943758900477,16.72435962949231,19.776470702176272,25.899216001468098,26.460825296262975,13.869561455811562,20.051664819554354,21.015154829881403,21.49460242868652,0.0,5.190428691350991,8.63077881888162,14.077876945407347,17.918829691797235,13.223839543898098,16.337789126020464,5.222071276663946,6.3580255010937865,6.745696753574524,7.849723474265669,8.803590341286437,9.284649589196711,14.416602646983709,20.662295803071345,49.41914500884736
187,59.503622951797624,59.4356082475051,54.5463750765467,48.76487310906455,45.2495987243259,43.4108200535773,31.443180102442387,24.427059379421713,24.067698836234236,18.96537044617545,12.511612393691609,6.486677124329796,12.631561256679273,19.404338678092117,24.77994952710268,33.199989313231974,38.44205283821907,68.3624866586034,71.0701775567674,73.70225468329691,77.96186910246679,83.3023250755088,84.25752662492128,90.54244102370191,97.17548745803357,104.26783833767848,109.31148681868903,112.11717354389555,114.92932307761527,121.13663489514143,124.50947494471392,128.40821179143745,130.74338994309954,134.30759434240102,140.7584132826597,144.141856794823,145.10190366867866,82.35873616891305,88.35366911265814,96.20580398159666,99.26356852452666,107.07539481547808,112.77759395265315,114.21519647073664,116.5360489003409,119.93205523131263,125.4944181284994,128.17185925763744,132.3063277845463,134.33630857263273,138.06920624066493,138.59972391237812,142.38461228589725,144.22650614820313,144.51122882028952,123.1977679727726,126.53079107500277,128.2766261187569,115.18374766917157,120.4428302887926,127.83350515648908,96.74704552358746,100.89165660304955,103.18528080940945,105.59891789894881,112.50289776566336,118.67252903503432,123.50008845983689,124.20610899778178,118.98292762670567,119.58271925719079,120.49446757772667,108.07135214388126,109.75728245086316,111.71318326634434,114.36967681988442,117.69099658768758,120.03204443000094,108.41296612198849,113.14223086399649,118.47187156483177,43.140690938775435,57.05554375869413,61.58834079805073,64.8554199216717,71.48931960436212,76.45371161144617,82.20370065491399,89.35074186089567,93.83841776274066,99.42476558578211,100.79047053195461,102.80400796642162,109.70681616309056,112.5737858176213,115.74555425179173,106.18433758720113,113.00234690077647,114.02294133540758,108.59775900669773,110.11605081000826,113.09917953669775,109.40980625277584,113.04321856078602,96.98104987965831,99.71698500315813,101.71513014303159,112.11884837258779,105.36979894926499,108.3054334633011,76.57143586553173,79.04618211515003,81.93923828467042,87.43896527789472,91.64620392099545,95.79658354218675,98.04181159296466,103.93550763195411,98.62893649454709,100.30355585428231,101.09898089789107,89.0493802413393,93.8406290347125,96.71753362124296,99.05850222419343,100.07187974515983,100.88076168957451,86.14116381533783,87.48367899216078,88.22762119421684,88.79253180661493,91.4888947272916,93.85335195887772,82.08480337310466,85.64386406379256,77.65341694298358,80.06924081901428,76.18790434713605,60.14958157358911,61.722649277154325,65.5511305687372,69.95768863598194,51.679271968431344,54.080884968063046,55.79511978278362,41.74330138990373,42.659382718171045,46.738405150077995,54.30826862308727,14.0238646634587,19.02175311759612,21.28386849926875,23.90441538875575,26.871673213751762,28.91483962890249,30.131329661742864,31.74069786075762,37.3312857547094,42.01551952342761,47.754541391307185,52.20833101364005,51.36107517553711,12.28265995729264,18.423833297949933,24.295302960649398,27.51604076432109,29.166823911799895,34.99981645422613,41.795847501830316,44.53315438999609,45.07298584517446,43.04537585056393,44.6303808978745,23.035375881511282,27.691302319933637,32.56646436852238,10.041648994823298,16.36237245025147,21.9147883208433,24.966899393527264,31.089644692819085,31.651253987613963,19.059990147162555,25.24209351090535,26.2055835212324,26.685031120037515,5.190428691350991,0.0,3.4403501275306287,8.887448254056356,12.728401000446244,18.41426823524909,21.528217817371456,10.412499968014938,11.548454192444778,11.936125444925516,13.04015216561666,13.994019032637429,14.475078280547702,19.6070313383347,25.852724494422333,54.60957370019835
188,62.94397307932825,62.87595837503573,57.98672520407733,52.20522323659518,48.68994885185653,46.851170181107925,34.88353022997302,27.86740950695235,27.50804896376487,22.40572057370608,15.951962521222239,9.927027251860425,16.0719113842099,22.844688805622745,28.22029965463331,36.6403394407626,41.88240296574969,71.80283678613402,74.51052768429803,77.14260481082754,81.40221922999741,86.74267520303943,87.6978767524519,93.98279115123253,100.6158375855642,107.7081884652091,112.75183694621965,115.55752367142617,118.36967320514589,124.57698502267205,127.94982507224454,131.84856191896807,134.18374007063017,137.74794446993164,144.1987634101903,147.58220692235363,148.54225379620928,85.79908629644368,91.79401924018876,99.64615410912728,102.70391865205728,110.5157449430087,116.21794408018377,117.65554659826726,119.97639902787152,123.37240535884325,128.93476825603003,131.61220938516806,135.74667791207693,137.77665870016335,141.50955636819555,142.04007403990875,145.82496241342787,147.66685627573375,147.95157894782014,126.63811810030322,129.97114120253337,131.71697624628752,118.62409779670219,123.88318041632323,131.2738552840197,100.18739565111808,104.33200673058018,106.62563093694007,109.03926802647943,115.94324789319398,122.11287916256494,126.94043858736751,127.6464591253124,122.4232777542363,123.02306938472141,123.93481770525729,111.51170227141188,113.19763257839378,115.15353339387497,117.81002694741504,121.1313467152182,123.47239455753156,111.85331624951911,116.58258099152711,121.9122216923624,46.58104106630606,60.49589388622475,65.02869092558136,68.29577004920233,74.92966973189276,79.8940617389768,85.64405078244462,92.7910919884263,97.2787678902713,102.86511571331275,104.23082065948525,106.24435809395226,113.1471662906212,116.01413594515193,119.18590437932237,109.62468771473175,116.4426970283071,117.4632914629382,112.03810913422835,113.55640093753888,116.53952966422837,112.85015638030646,116.48356868831664,100.42140000718894,103.15733513068875,105.15548027056221,115.55919850011841,108.81014907679561,111.74578359083172,80.01178599306236,82.48653224268067,85.37958841220106,90.87931540542536,95.08655404852608,99.23693366971739,101.4821617204953,107.37585775948475,102.06928662207771,103.74390598181293,104.53933102542169,92.48973036886994,97.28097916224314,100.1578837487736,102.49885235172407,103.51222987269047,104.32111181710515,89.58151394286845,90.9240291196914,91.66797132174746,92.23288193414555,94.92924485482222,97.29370208640835,85.52515350063528,89.08421419132318,81.09376707051422,83.50959094654492,79.62825447466668,63.58993170111973,65.16299940468495,68.99148069626783,73.39803876351257,55.119622095961965,57.52123509559367,59.235469910314244,45.18365151743435,46.099732845701666,50.178755277608616,57.748618750617894,17.464214790989327,22.462103245126748,24.724218626799377,27.34476551628638,30.31202334128239,32.35518975643312,33.571679789273496,35.181047988288256,40.771635882240034,45.45586965095825,51.19489151883782,55.648681141170684,54.80142530306773,15.72301008482327,21.864183425480565,27.73565308818003,30.956390891851722,32.60717403933052,38.440166581756756,45.236197629360944,47.97350451752672,48.513335972705086,46.48572597809456,48.07073102540513,26.475726009041914,31.13165244746427,36.00681449605301,13.481999122353926,19.8027225777821,25.35513844837393,28.407249521057892,34.529994820349714,35.09160411514459,22.500340274693183,28.682443638435977,29.645933648763027,30.125381247568143,8.63077881888162,3.4403501275306287,0.0,5.447098126525727,9.288050872915615,21.854618362779718,24.968567944902084,13.852850095545566,14.988804319975406,15.376475572456144,16.48050229314729,17.434369160168057,17.91542840807833,23.04738146586533,29.293074621952968,58.049923827728975
189,68.39107120585399,68.32305650156147,63.43382333060306,57.65232136312091,54.13704697838226,52.298268307633656,40.33062835649875,33.31450763347807,32.955147090290595,27.852818700231808,21.399060647747966,15.374125378386152,21.51900951073563,28.291786932148472,33.66739778115904,42.08743756728833,47.32950109227542,77.24993491265975,79.95762581082376,82.58970293735327,86.84931735652314,92.18977332956516,93.14497487897764,99.42988927775826,106.06293571208992,113.15528659173484,118.19893507274539,121.0046217979519,123.81677133167162,130.0240831491978,133.39692319877028,137.29566004549383,139.63083819715592,143.1950425964574,149.64586153671607,153.0293050488794,153.98935192273504,91.2461844229694,97.24111736671449,105.09325223565301,108.15101677858301,115.96284306953443,121.6650422067095,123.102644724793,125.42349715439725,128.81950348536898,134.38186638255576,137.0593075116938,141.19377603860266,143.22375682668908,146.95665449472125,147.48717216643445,151.27206053995357,153.11395440225945,153.39867707434584,132.08521622682895,135.4182393290591,137.16407437281325,124.07119592322792,129.33027854284896,136.72095341054543,105.63449377764381,109.7791048571059,112.0727290634658,114.48636615300516,121.39034601971971,127.55997728909067,132.38753671389324,133.09355725183815,127.87037588076203,128.47016751124713,129.381915831783,116.95880039793761,118.64473070491951,120.6006315204007,123.25712507394077,126.57844484174393,128.91949268405727,117.30041437604484,122.02967911805284,127.35931981888812,52.02813919283179,65.94299201275048,70.47578905210709,73.74286817572806,80.37676785841849,85.34115986550253,91.09114890897035,98.23819011495203,102.72586601679703,108.31221383983848,109.67791878601098,111.69145622047799,118.59426441714693,121.46123407167767,124.6330025058481,115.07178584125748,121.88979515483283,122.91038958946393,117.48520726075408,119.00349906406461,121.9866277907541,118.29725450683219,121.93066681484237,105.86849813371467,108.60443325721448,110.60257839708794,121.00629662664414,114.25724720332134,117.19288171735745,85.45888411958809,87.9336303692064,90.82668653872679,96.32641353195109,100.53365217505181,104.68403179624312,106.92925984702103,112.82295588601048,107.51638474860344,109.19100410833866,109.98642915194742,97.93682849539567,102.72807728876887,105.60498187529933,107.9459504782498,108.9593279992162,109.76820994363088,95.02861206939419,96.37112724621713,97.11506944827319,97.67998006067128,100.37634298134795,102.74080021293408,90.97225162716101,94.53131231784891,86.54086519703995,88.95668907307065,85.0753526011924,69.03702982764547,70.61009753121068,74.43857882279356,78.8451368900383,60.566720222487696,62.9683332221194,64.68256803683997,50.63074964396008,51.5468309722274,55.62585340413435,63.195716877143624,22.911312917515055,27.90920137165248,30.171316753325108,32.79186364281211,35.75912146780812,37.80228788295885,39.01877791579923,40.62814611481399,46.218734008765765,50.90296777748398,56.64198964536355,61.095779267696415,60.24852342959346,21.170108211348996,27.311281552006292,33.18275121470575,36.40348901837745,38.054272165856254,43.88726470828249,50.683295755886675,53.42060264405245,53.96043409923082,51.93282410462029,53.51782915193086,31.92282413556764,36.57875057398999,41.453912622578734,18.929097248879653,25.249820704307822,30.802236574899652,33.854347647583616,39.97709294687544,40.538702241670315,27.94743840121891,34.1295417649617,35.09303177528875,35.57247937409387,14.077876945407347,8.887448254056356,5.447098126525727,0.0,3.8409527463898883,27.30171648930545,30.415666071427815,19.299948222071293,20.435902446501135,20.82357369898187,21.927600419673016,22.881467286693784,23.362526534604058,28.49447959239106,34.74017274847869,63.497021954254706
190,72.23202395224388,72.16400924795136,67.27477607699295,61.4932741095108,57.97799972477215,56.139221054023544,44.17158110288864,37.15546037986796,36.79609983668048,31.693771446621692,25.24001339413785,19.21507812477604,25.359962257125517,32.132739678538364,37.50835052754893,45.92839031367822,51.17045383866531,81.09088765904964,83.79857855721365,86.43065568374315,90.69027010291303,96.03072607595504,96.98592762536752,103.27084202414815,109.90388845847981,116.99623933812472,122.03988781913527,124.84557454434179,127.6577240780615,133.86503589558768,137.23787594516017,141.13661279188372,143.4717909435458,147.0359953428473,153.48681428310596,156.87025779526928,157.83030466912493,95.0871371693593,101.08207011310438,108.9342049820429,111.9919695249729,119.80379581592432,125.50599495309939,126.94359747118288,129.26444990078713,132.66045623175884,138.22281912894562,140.90026025808365,145.03472878499252,147.06470957307894,150.7976072411111,151.3281249128243,155.11301328634343,156.9549071486493,157.2396298207357,135.9261689732188,139.25919207544896,141.0050271192031,127.9121486696178,133.17123128923885,140.56190615693532,109.4754465240337,113.6200576034958,115.91368180985569,118.32731889939505,125.2312987661096,131.40093003548057,136.22848946028316,136.93450999822807,131.71132862715191,132.31112025763701,133.2228685781729,120.7997531443275,122.4856834513094,124.44158426679058,127.09807782033066,130.41939758813382,132.76044543044716,121.14136712243473,125.87063186444273,131.200272565278,55.869091939221676,69.78394475914037,74.31674179849698,77.58382092211795,84.21772060480838,89.18211261189242,94.93210165536024,102.07914286134192,106.56681876318692,112.15316658622837,113.51887153240087,115.53240896686788,122.43521716353682,125.30218681806755,128.473955252238,118.91273858764737,125.73074790122271,126.75134233585382,121.32616000714397,122.8444518104545,125.82758053714399,122.13820725322208,125.77161956123226,109.70945088010455,112.44538600360437,114.44353114347783,124.84724937303403,118.09819994971123,121.03383446374734,89.29983686597798,91.77458311559629,94.66763928511668,100.16736627834098,104.3746049214417,108.524984542633,110.77021259341092,116.66390863240036,111.35733749499333,113.03195685472855,113.82738189833731,101.77778124178556,106.56903003515876,109.44593462168922,111.78690322463969,112.80028074560609,113.60916269002077,98.86956481578407,100.21207999260702,100.95602219466308,101.52093280706117,104.21729572773783,106.58175295932396,94.8132043735509,98.3722650642388,90.38181794342984,92.79764181946054,88.9163053475823,72.87798257403536,74.45105027760057,78.27953156918345,82.68608963642819,64.40767296887758,66.80928596850927,68.52352078322984,54.47170239034997,55.387783718617285,59.466806150524235,67.03666962353351,26.752265663904943,31.750154118042367,34.012269499714996,36.632816389202,39.60007421419801,41.64324062934874,42.859730662189115,44.469098861203875,50.05968675515565,54.74392052387387,60.48294239175344,64.9367320140863,64.08947617598335,25.011060957738884,31.15223429839618,37.02370396109564,40.24444176476734,41.89522491224614,47.728217454672375,54.52424850227656,57.26155539044234,57.801386845620705,55.773776851010176,57.35878189832075,35.763776881957526,40.41970332037988,45.29486536896862,22.77004999526954,29.09077345069771,34.64318932128954,37.695300393973504,43.818045693265326,44.3796549880602,31.7883911476088,37.97049451135159,38.93398452167864,39.413432120483755,17.918829691797235,12.728401000446244,9.288050872915615,3.8409527463898883,0.0,31.142669235695337,34.2566188178177,23.14090096846118,24.276855192891023,24.66452644537176,25.768553166062905,26.722420033083672,27.203479280993946,32.33543233878094,38.58112549486857,67.3379747006446
191,64.94453693838713,64.87652223409461,59.9872890631362,54.20578709565405,50.6905127109154,48.8517340401668,36.88409408903189,29.867973366011213,29.508612822823736,24.40628443276495,17.952526380281107,11.927591110919295,5.782706978569818,12.555484399982664,17.931095248993227,26.35113503512252,31.593198560109613,61.513632380493945,64.22132327865795,66.85340040518746,71.11301482435734,76.45347079739935,77.40867234681183,83.69358674559246,90.32663317992412,97.41898405956903,102.46263254057958,105.26831926578609,108.08046879950581,114.28778061703197,117.66062066660446,121.55935751332801,123.8945356649901,127.45874006429159,133.90955900455026,137.29300251671359,138.25304939056923,75.5098818908036,81.50481483454868,89.3569497034872,92.4147142464172,100.22654053736862,105.92873967454369,107.36634219262719,109.68719462223144,113.08320095320317,118.64556385038995,121.323004979528,125.45747350643687,127.48745429452329,131.22035196255547,131.75086963426867,135.5357580077878,137.37765187009367,137.66237454218006,116.34891369466314,119.68193679689331,121.42777184064745,108.33489339106211,113.59397601068315,120.98465087837963,89.898191245478,94.0428023249401,96.33642653129999,98.75006362083936,105.6540434875539,111.82367475692486,116.65123418172743,117.35725471967233,112.13407334859622,112.73386497908133,113.64561329961721,101.2224978657718,102.9084281727537,104.86432898823489,107.52082254177496,110.84214230957812,113.18319015189148,101.56411184387903,106.29337658588703,111.62301728672232,36.29183666066598,50.20668948058467,54.73948651994127,58.00656564356225,64.64046532625268,69.60485733333672,75.35484637680455,82.50188758278622,86.98956348463122,92.57591130767267,93.94161625384517,95.95515368831218,102.85796188498112,105.72493153951186,108.89669997368229,99.33548330909167,106.15349262266702,107.17408705729812,101.74890472858827,103.2671965318988,106.25032525858829,102.56095197466638,106.19436428267656,90.13219560154886,92.86813072504867,94.86627586492213,105.26999409447834,98.52094467115553,101.45657918519164,69.72258158742228,72.19732783704059,75.09038400656098,80.59011099978528,84.797349642886,88.94772926407731,91.19295731485522,97.08665335384467,91.78008221643763,93.45470157617285,94.25012661978161,82.20052596322986,86.99177475660306,89.86867934313352,92.20964794608399,93.22302546705039,94.03190741146507,79.29230953722838,80.63482471405132,81.37876691610738,81.94367752850548,84.64004044918214,87.00449768076827,75.2359490949952,78.7950097856831,70.80456266487414,73.22038654090484,69.3390500690266,53.30072729547965,54.87379499904487,58.70227629062774,63.10883435787249,44.83041769032189,47.23203068995359,48.946265504674166,34.89444711179427,35.81052844006159,39.88955087196854,47.459414344977816,19.4647786500482,24.46266710418562,26.72478248585825,29.34532937534525,32.31258720034126,34.35575361549199,35.57224364833237,37.18161184734713,42.772199741298905,47.45643351001712,53.19545537789669,57.649245000229556,44.51222089742765,17.72357394388214,23.864747284539433,29.736216947238898,32.95695475091059,34.607737898389395,40.44073044081563,47.236761488419816,49.97406837658559,50.51389983176396,48.48628983715343,50.071294884464,28.476289868100782,33.132216306523134,38.007378355111875,15.482562981412796,21.803286436840967,27.355702307432797,30.40781338011676,36.530558679408585,37.09216797420346,12.211135869053098,18.393239232795892,19.356729243122942,19.836176841928058,13.2238395438981,18.41426823524909,21.854618362779718,27.301716489305445,31.142669235695333,0.0,3.113949582122366,15.853413954604436,16.989368179034276,17.377039431515012,18.481066152206157,19.434933019226925,19.9159922671372,25.0479453249242,31.293638481011833,60.05048768678785
192,68.05848652050949,67.99047181621697,63.10123864525856,57.31973667777641,53.80446229303776,51.965683622289156,39.99804367115425,32.98192294813358,32.6225624049461,27.520234014887315,21.066475962403473,15.04154069304166,8.896656560692184,15.66943398210503,21.045044831115593,29.465084617244887,34.70714814223198,64.62758196261632,67.33527286078032,69.96734998730983,74.22696440647971,79.56742037952172,80.5226219289342,86.80753632771483,93.44058276204649,100.5329336416914,105.57658212270195,108.38226884790846,111.19441838162818,117.40173019915434,120.77457024872683,124.67330709545038,127.00848524711247,130.57268964641395,137.02350858667262,140.40695209883594,141.3669989726916,78.62383147292597,84.61876441667106,92.47089928560958,95.52866382853958,103.340490119491,109.04268925666607,110.48029177474956,112.80114420435382,116.19715053532555,121.75951343251232,124.43695456165037,128.57142308855924,130.60140387664566,134.33430154467783,134.86481921639103,138.64970758991015,140.49160145221603,140.77632412430242,119.46286327678551,122.79588637901568,124.54172142276983,111.4488429731845,116.70792559280554,124.09860046050201,93.01214082760038,97.15675190706247,99.45037611342235,101.86401320296171,108.76799306967627,114.93762433904722,119.76518376384979,120.47120430179469,115.24802293071858,115.84781456120369,116.75956288173957,104.33644744789417,106.02237775487608,107.97827857035726,110.63477212389733,113.95609189170048,116.29713973401384,104.6780614260014,109.4073261680094,114.73696686884469,39.405786242788345,53.32063906270703,57.85343610206363,61.120515225684606,67.75441490837504,72.71880691545908,78.4687959589269,85.61583716490858,90.10351306675358,95.68986088979503,97.05556583596753,99.06910327043454,105.97191146710348,108.83888112163422,112.01064955580465,102.44943289121404,109.26744220478939,110.2880366394205,104.86285431071065,106.38114611402118,109.36427484071066,105.67490155678874,109.30831386479892,93.24614518367123,95.98208030717105,97.9802254470445,108.38394367660071,101.6348942532779,104.57052876731402,72.83653116954464,75.31127741916295,78.20433358868334,83.70406058190764,87.91129922500836,92.06167884619967,94.30690689697758,100.20060293596703,94.89403179856001,96.56865115829522,97.36407620190398,85.31447554535222,90.10572433872542,92.98262892525588,95.32359752820635,96.33697504917275,97.14585699358743,82.40625911935075,83.74877429617369,84.49271649822975,85.05762711062785,87.75399003130451,90.11844726289064,78.34989867711758,81.90895936780548,73.9185122469965,76.3343361230272,72.45299965114897,56.41467687760201,57.98774458116723,61.8162258727501,66.22278393999484,47.944367272444254,50.345980272075955,52.06021508679653,38.00839669391664,38.924478022183955,43.003500454090904,50.57336392710018,22.578728232170565,27.576616686307986,29.838732067980615,32.45927895746762,35.42653678246363,37.46970319761436,38.686193230454734,40.295561429469494,45.88614932342127,50.57038309213949,56.30940496001906,60.763194582351915,47.62617047955003,20.837523526004507,26.9786968666618,32.85016652936126,36.070904333032956,37.72168748051176,43.554680022937994,50.35071107054218,53.08801795870796,53.627849413886324,51.600239419275795,53.18524446658637,31.590239450223148,36.24616588864551,41.12132793723425,18.596512563535164,24.917236018963337,30.469651889555166,33.52176296223913,39.64450826153095,40.20611755632583,15.325085451175465,21.50718881491826,22.470678825245308,22.950126424050424,16.337789126020464,21.528217817371456,24.968567944902084,30.41566607142781,34.256618817817696,3.113949582122366,0.0,18.9673635367268,20.103317761156642,20.49098901363738,21.595015734328523,22.54888260134929,23.029941849259565,28.161894907046566,34.4075880631342,63.164437268910206
193,56.942768671152976,56.87475396686045,51.985520795902055,46.204018828419905,42.68874444368125,40.84996577293265,28.88232582179774,21.866205098777066,21.506844555589588,16.404516165530797,9.950758113046955,3.9258228436851415,10.070706976034618,16.84348439744746,22.219095246458025,30.63913503258732,35.88119855757441,65.80163237795874,68.50932327612274,71.14140040265225,75.40101482182213,80.74147079486414,81.69667234427662,87.98158674305725,94.61463317738891,101.70698405703382,106.75063253804437,109.55631926325088,112.3684687969706,118.57578061449676,121.94862066406925,125.8473575107928,128.18253566245488,131.74674006175636,138.19755900201503,141.58100251417835,142.541049388034,79.79788188826839,85.79281483201348,93.644949700952,96.702714243882,104.51454053483342,110.21673967200849,111.65434219009198,113.97519461969624,117.37120095066797,122.93356384785474,125.61100497699279,129.74547350390165,131.77545429198807,135.50835196002026,136.03886963173346,139.82375800525259,141.66565186755847,141.95037453964486,120.63691369212793,123.9699367943581,125.71577183811225,112.6228933885269,117.88197600814794,125.27265087584442,94.1861912429428,98.33080232240489,100.62442652876479,103.03806361830415,109.9420434850187,116.11167475438965,120.93923417919223,121.64525471713712,116.42207334606101,117.02186497654613,117.933613297082,105.5104978632366,107.1964281702185,109.15232898569968,111.80882253923976,115.13014230704292,117.47119014935627,105.85211184134383,110.58137658335183,115.91101728418711,40.57983665813077,54.494689478049466,59.02748651740607,62.29456564102704,68.92846532371748,73.89285733080152,79.64284637426934,86.78988758025102,91.27756348209601,96.86391130513746,98.22961625130996,100.24315368577697,107.14596188244592,110.01293153697665,113.18469997114708,103.62348330655647,110.44149262013181,111.46208705476292,106.03690472605307,107.5551965293636,110.53832525605308,106.84895197213118,110.48236428014135,94.42019559901365,97.15613072251347,99.15427586238692,109.55799409194313,102.80894466862033,105.74457918265644,74.01058158488708,76.48532783450538,79.37838400402578,84.87811099725008,89.0853496403508,93.2357292615421,95.48095731232002,101.37465335130946,96.06808221390243,97.74270157363765,98.5381266172464,86.48852596069466,91.27977475406786,94.15667934059832,96.49764794354878,97.51102546451519,98.31990740892986,83.58030953469317,84.92282471151611,85.66676691357218,86.23167752597027,88.92804044664693,91.29249767823306,79.52394909246,83.0830097831479,75.09256266233893,77.50838653836963,73.62705006649139,57.58872729294445,59.16179499650966,62.99027628809254,67.39683435533728,49.11841768778668,51.520030687418384,53.23426550213896,39.182447109259066,40.09852843752638,44.17755086943333,51.74741434244261,11.463010382814044,16.460898836951465,18.723014218624094,21.343561108111096,24.310818933107107,26.353985348257837,27.57047538109821,29.179843580112966,34.77043147406474,39.45466524278296,45.19368711066253,49.647476732995386,48.80022089489245,9.721805676647987,15.862979017305282,21.734448680004746,24.95518648367644,26.605969631155244,32.43896217358147,39.23499322118566,41.97230010935144,42.5121315645298,40.48452156991927,42.06952661722985,20.47452160086663,25.130448039288986,30.005610087877727,7.480794714178643,13.801518169606814,19.353934040198645,22.40604511288261,28.52879041217443,29.090399706969308,16.4991358665179,22.681239230260694,23.644729240587743,24.12417683939286,5.222071276663946,10.412499968014938,13.852850095545566,19.299948222071293,23.14090096846118,15.853413954604436,18.9673635367268,0.0,1.1359542244298404,1.523625476910578,2.6276521976017233,3.5815190646224915,4.062578312532766,17.04617705769005,23.291870213777685,52.0487194195537
194,58.078722895582814,58.01070819129029,53.12147502033189,47.33997305284974,43.82469866811109,41.98591999736249,30.018280046227577,23.002159323206904,22.642798780019426,17.540470389960635,11.086712337476794,5.061777068114981,11.206661200464458,17.979438621877303,23.355049470887867,31.77508925701716,37.01715278200425,66.93758660238859,69.6452775005526,72.2773546270821,76.53696904625198,81.877425019294,82.83262656870647,89.1175409674871,95.75058740181876,102.84293828146367,107.88658676247422,110.69227348768074,113.50442302140046,119.71173483892662,123.0845748884991,126.98331173522266,129.31848988688475,132.88269428618622,139.3335132264449,142.71695673860822,143.67700361246386,80.93383611269824,86.92876905644333,94.78090392538185,97.83866846831185,105.65049475926327,111.35269389643834,112.79029641452183,115.11114884412609,118.50715517509782,124.0695180722846,126.74695920142264,130.88142772833152,132.91140851641794,136.6443061844501,137.1748238561633,140.95971222968242,142.8016060919883,143.0863287640747,121.77286791655779,125.10589101878796,126.8517260625421,113.75884761295677,119.01793023257781,126.40860510027429,95.32214546737265,99.46675654683474,101.76038075319462,104.17401784273399,111.07799770944854,117.24762897881949,122.07518840362206,122.78120894156696,117.55802757049085,118.15781920097596,119.06956752151184,106.64645208766645,108.33238239464835,110.28828321012953,112.94477676366961,116.26609653147275,118.60714437378611,106.98806606577368,111.71733080778168,117.04697150861696,41.71579088256062,55.630643702479304,60.163440741835906,63.43051986545688,70.06441954814731,75.02881155523136,80.77880059869918,87.92584180468086,92.41351770652585,97.9998655295673,99.3655704757398,101.37910791020681,108.28191610687576,111.14888576140649,114.32065419557692,104.75943753098632,111.57744684456166,112.59804127919277,107.17285895048292,108.69115075379345,111.67427948048294,107.98490619656101,111.61831850457119,95.5561498234435,98.29208494694332,100.29023008681678,110.69394831637298,103.94489889305018,106.88053340708629,75.14653580931692,77.62128205893522,80.51433822845561,86.01406522167991,90.22130386478064,94.37168348597194,96.61691153674985,102.5106075757393,97.20403643833228,98.8786557980675,99.67408084167626,87.6244801851245,92.4157289784977,95.29263356502815,97.63360216797862,98.64697968894502,99.4558616333597,84.71626375912302,86.05877893594597,86.80272113800203,87.36763175040012,90.06399467107678,92.42845190266291,80.65990331688985,84.21896400757775,76.22851688676877,78.64434076279947,74.76300429092124,58.724681517374286,60.2977492209395,64.12623051252237,68.53278857976711,50.25437191221653,52.65598491184823,54.370219726568806,40.31840133368891,41.23448266195623,45.31350509386318,52.883368566872456,12.598964607243886,17.59685306138131,19.85896844305394,22.47951533254094,25.446773157536953,27.489939572687682,28.706429605528054,30.31579780454281,35.90638569849459,40.590619467212804,46.329641335092376,50.78343095742524,49.9361751193223,10.857759901077827,16.998933241735124,22.870402904434588,26.09114070810628,27.741923855585085,33.57491639801132,40.370947445615506,43.10825433378128,43.64808578895965,41.62047579434912,43.20548084165969,21.610475825296472,26.266402263718827,31.14156431230757,8.616748938608483,14.937472394036654,20.489888264628483,23.541999337312447,29.66474463660427,30.226353931399146,17.635090090947738,23.817193454690532,24.78068346501758,25.260131063822698,6.358025501093786,11.548454192444776,14.988804319975404,20.43590244650113,24.27685519289102,16.989368179034276,20.103317761156642,1.1359542244298404,0.0,0.3876712524807375,1.491697973171883,2.4455648401926506,2.926624088102925,18.182131282119887,24.427824438207523,53.18467364398354
195,58.46639414806355,58.39837944377103,53.50914627281263,47.72764430533048,44.212369920591826,42.37359124984322,30.405951298708313,23.38983057568764,23.030470032500162,17.928141642441375,11.474383589957533,5.449448320595719,11.594332452945196,18.36710987435804,23.742720723368603,32.1627605094979,37.40482403448499,67.32525785486932,70.03294875303332,72.66502587956283,76.92464029873271,82.26509627177472,83.2202978211872,89.50521221996783,96.13825865429949,103.2306095339444,108.27425801495495,111.07994474016147,113.89209427388118,120.09940609140735,123.47224614097983,127.37098298770339,129.70616113936546,133.27036553866694,139.7211844789256,143.10462799108893,144.06467486494458,81.32150736517897,87.31644030892406,95.16857517786258,98.22633972079258,106.038166011744,111.74036514891907,113.17796766700256,115.49882009660682,118.89482642757855,124.45718932476532,127.13463045390337,131.26909898081223,133.29907976889865,137.03197743693084,137.56249510864404,141.34738348216317,143.18927734446905,143.47400001655544,122.16053916903851,125.49356227126869,127.23939731502283,114.14651886543749,119.40560148505853,126.796276352755,95.70981671985338,99.85442779931547,102.14805200567537,104.56168909521473,111.46566896192928,117.63530023130023,122.46285965610281,123.1688801940477,117.9456988229716,118.54549045345671,119.45723877399259,107.03412334014718,108.72005364712908,110.67595446261026,113.33244801615034,116.6537677839535,118.99481562626686,107.37573731825441,112.10500206026241,117.43464276109769,42.103462135041354,56.01831495496005,60.55111199431665,63.81819111793762,70.45209080062806,75.4164828077121,81.16647185117992,88.3135130571616,92.8011889590066,98.38753678204804,99.75324172822054,101.76677916268756,108.6695873593565,111.53655701388723,114.70832544805766,105.14710878346705,111.96511809704239,112.9857125316735,107.56053020296365,109.07882200627418,112.06195073296367,108.37257744904176,112.00598975705194,95.94382107592423,98.67975619942405,100.6779013392975,111.08161956885371,104.33257014553091,107.26820465956702,75.53420706179766,78.00895331141597,80.90200948093636,86.40173647416066,90.60897511726138,94.75935473845269,97.0045827892306,102.89827882822004,97.59170769081301,99.26632705054823,100.06175209415699,88.01215143760524,92.80340023097844,95.6803048175089,98.02127342045937,99.03465094142577,99.84353288584045,85.10393501160375,86.4464501884267,87.19039239048276,87.75530300288085,90.45166592355751,92.81612315514364,81.04757456937058,84.60663526005848,76.61618813924952,79.03201201528022,75.15067554340197,59.11235276985503,60.685420473420244,64.51390176500311,68.92045983224786,50.64204316469726,53.043656164328965,54.75789097904954,40.70607258616965,41.622153914436964,45.701176346343914,53.27103981935319,12.986635859724622,17.984524313862046,20.246639695534675,22.867186585021678,25.83444441001769,27.877610825168418,29.09410085800879,30.703469057023547,36.294056950975325,40.97829071969354,46.71731258757311,51.17110220990597,50.32384637180303,11.245431153558565,17.38660449421586,23.258074156915324,26.478811960587016,28.12959510806582,33.962587650492054,40.75861869809624,43.49592558626202,44.035757041440384,42.008147046829855,43.59315209414043,21.998147077777208,26.654073516199563,31.529235564788305,9.00442019108922,15.325143646517391,20.877559517109223,23.929670589793187,30.05241588908501,30.61402518387989,18.022761343428478,24.20486470717127,25.16835471749832,25.647802316303437,6.745696753574523,11.936125444925516,15.376475572456144,20.82357369898187,24.66452644537176,17.377039431515016,20.490989013637382,1.523625476910578,0.3876712524807375,0.0,1.1040267206911454,2.0578935877119133,2.5389528356221875,18.569802534600626,24.81549569068826,53.57234489646427
196,59.570420868754695,59.50240616446217,54.613172993503774,48.831671026021624,45.31639664128297,43.47761797053437,31.50997801939946,24.493857296378785,24.134496753191307,19.03216836313252,12.578410310648678,6.553475041286864,12.69835917363634,19.471136595049185,24.846747444059748,33.26678723018904,38.50885075517613,68.42928457556046,71.13697547372446,73.76905260025397,78.02866701942385,83.36912299246586,84.32432454187834,90.60923894065897,97.24228537499063,104.33463625463554,109.37828473564609,112.1839714608526,114.99612099457232,121.20343281209848,124.57627286167097,128.4750097083945,130.8101878600566,134.37439225935807,140.82521119961675,144.20865471178007,145.16870158563572,82.42553408587011,88.4204670296152,96.27260189855372,99.33036644148372,107.14219273243513,112.8443918696102,114.2819943876937,116.60284681729796,119.99885314826969,125.56121604545646,128.2386571745945,132.37312570150337,134.4031064895898,138.13600415762198,138.66652182933518,142.4514102028543,144.29330406516019,144.57802673724657,123.26456588972965,126.59758899195982,128.34342403571395,115.25054558612862,120.50962820574966,127.90030307344614,96.81384344054452,100.95845452000661,103.2520787263665,105.66571581590587,112.56969568262042,118.73932695199137,123.56688637679395,124.27290691473884,119.04972554366273,119.64951717414785,120.56126549468372,108.13815006083831,109.82408036782022,111.7799811833014,114.43647473684148,117.75779450464464,120.098842346958,108.47976403894555,113.20902878095355,118.53866948178883,43.20748885573249,57.122341675651185,61.65513871500779,64.92221783862875,71.55611752131918,76.52050952840322,82.27049857187104,89.41753977785272,93.90521567969772,99.49156350273917,100.85726844891167,102.87080588337868,109.77361408004762,112.64058373457836,115.81235216874879,106.25113550415819,113.06914481773353,114.08973925236464,108.66455692365479,110.18284872696532,113.1659774536548,109.4766041697329,113.11001647774307,97.04784779661537,99.78378292011519,101.78192805998864,112.18564628954485,105.43659686622205,108.37223138025816,76.63823378248878,79.11298003210709,82.00603620162748,87.50576319485178,91.7130018379525,95.86338145914381,98.10860950992172,104.00230554891117,98.69573441150415,100.37035377123937,101.16577881484812,89.11617815829636,93.90742695166956,96.78433153820002,99.12530014115049,100.13867766211689,100.94755960653157,86.20796173229489,87.55047690911783,88.2944191111739,88.85932972357199,91.55569264424865,93.92014987583478,82.15160129006172,85.71066198074962,77.72021485994064,80.13603873597134,76.25470226409311,60.21637949054617,61.78944719411138,65.61792848569425,70.024486552939,51.7460698853884,54.1476828850201,55.86191769974068,41.810099306860785,42.7261806351281,46.80520306703505,54.37506654004433,14.090662580415767,19.08855103455319,21.35066641622582,23.971213305712823,26.938471130708834,28.981637545859563,30.198127578699935,31.807495777714692,37.39808367166647,42.082317440384685,47.82133930826426,52.27512893059712,51.42787309249417,12.34945787424971,18.490631214907005,24.36210087760647,27.58283868127816,29.233621828756966,35.0666143711832,41.86264541878739,44.59995230695316,45.13978376213153,43.112173767521,44.697178814831574,23.102173798468353,27.75810023689071,32.633262285479454,10.108446911780366,16.429170367208535,21.981586237800364,25.033697310484328,31.15644260977615,31.718051904571027,19.126788064119623,25.308891427862417,26.272381438189466,26.751829036994582,7.8497234742656685,13.04015216561666,16.48050229314729,21.927600419673016,25.768553166062905,18.48106615220616,21.595015734328527,2.6276521976017233,1.491697973171883,1.1040267206911454,0.0,0.953866867020768,1.4349261149310422,19.67382925529177,25.919522411379404,54.67637161715542
197,60.52428773577547,60.456273031482944,55.567039860524545,49.785537893042395,46.27026350830374,44.43148483755514,32.46384488642023,25.447724163399556,25.08836362021208,19.986035230153288,13.532277177669446,7.507341908307632,13.652226040657109,20.425003462069952,25.800614311080516,34.22065409720981,39.462717622196905,69.38315144258124,72.09084234074524,74.72291946727475,78.98253388644463,84.32298985948664,85.27819140889912,91.56310580767975,98.19615224201141,105.28850312165632,110.33215160266687,113.13783832787338,115.9499878615931,122.15729967911926,125.53013972869175,129.4288765754153,131.7640547270774,135.32825912637887,141.77907806663754,145.16252157880086,146.1225684526565,83.37940095289089,89.37433389663597,97.2264687655745,100.2842333085045,108.09605959945591,113.79825873663098,115.23586125471448,117.55671368431874,120.95272001529047,126.51508291247724,129.1925240416153,133.32699256852416,135.35697335661058,139.08987102464278,139.62038869635597,143.4052770698751,145.24717093218098,145.53189360426737,124.21843275675043,127.5514558589806,129.29729090273474,116.20441245314942,121.46349507277046,128.85416994046693,97.7677103075653,101.91232138702739,104.20594559338727,106.61958268292663,113.52356254964118,119.69319381901214,124.52075324381471,125.2267737817596,120.0035924106835,120.60338404116861,121.51513236170449,109.09201692785909,110.777947234841,112.73384805032218,115.39034160386225,118.7116613716654,121.05270921397876,109.43363090596633,114.16289564797432,119.49253634880961,44.16135572275327,58.076208542671964,62.609005582028566,65.87608470564953,72.50998438833996,77.474376395424,83.22436543889182,90.3714066448735,94.8590825467185,100.44543036975995,101.81113531593245,103.82467275039946,110.7274809470684,113.59445060159914,116.76621903576957,107.20500237117896,114.02301168475431,115.04360611938542,109.61842379067556,111.1367155939861,114.11984432067558,110.43047103675366,114.06388334476384,98.00171466363615,100.73764978713596,102.73579492700942,113.13951315656563,106.39046373324283,109.32609824727894,77.59210064950956,80.06684689912787,82.95990306864826,88.45963006187256,92.66686870497328,96.81724832616459,99.0624763769425,104.95617241593195,99.64960127852493,101.32422063826014,102.1196456818689,90.07004502531714,94.86129381869034,97.7381984052208,100.07916700817127,101.09254452913767,101.90142647355235,87.16182859931567,88.50434377613861,89.24828597819467,89.81319659059277,92.50955951126943,94.87401674285556,83.1054681570825,86.6645288477704,78.67408172696142,81.08990560299212,77.20856913111389,61.170246357566946,62.74331406113216,66.57179535271504,70.97835341995979,52.69993675240918,55.10154975204088,56.81578456676146,42.76396617388156,43.68004750214888,47.75906993405583,55.32893340706511,15.044529447436535,20.042417901573955,22.304533283246585,24.925080172733587,27.892337997729598,29.935504412880327,31.1519944457207,32.761362644735456,38.351950538687234,43.03618430740545,48.77520617528502,53.228995797617884,52.381739959514945,13.303324741270478,19.444498081927772,25.315967744627237,28.53670554829893,30.187488695777734,36.02048123820396,42.81651228580815,45.55381917397393,46.09365062915229,44.066040634541764,45.65104568185234,24.05604066548912,28.711967103911476,33.58712915250022,11.062313778801133,17.383037234229306,22.935453104821136,25.9875641775051,32.11030947679692,32.6719187715918,20.08065493114039,26.262758294883184,27.226248305210234,27.70569590401535,8.803590341286437,13.994019032637429,17.434369160168057,22.881467286693784,26.722420033083672,19.434933019226925,22.54888260134929,3.581519064622491,2.4455648401926506,2.0578935877119133,0.953866867020768,0.0,0.4810592479102742,20.62769612231254,26.873389278400175,55.63023848417619
198,61.00534698368573,60.93733227939321,56.04809910843481,50.26659714095266,46.75132275621401,44.912544085465406,32.9449041343305,25.92878341130983,25.569422868122352,20.46709447806356,14.01333642557972,7.988401156217908,14.133285288567384,20.90606270998023,26.281673558990793,34.70171334512008,39.94377687010717,69.8642106904915,72.5719015886555,75.20397871518502,79.4635931343549,84.8040491073969,85.75925065680939,92.04416505559001,98.67721148992167,105.76956236956659,110.81321085057714,113.61889757578365,116.43104710950337,122.63835892702953,126.01119897660202,129.90993582332555,132.24511397498765,135.80931837428912,142.2601373145478,145.64358082671112,146.60362770056676,83.86046020080116,89.85539314454624,97.70752801348476,100.76529255641476,108.57711884736618,114.27931798454125,115.71692050262475,118.037772932229,121.43377926320073,126.9961421603875,129.67358328952554,133.8080518164344,135.83803260452083,139.57093027255303,140.10144794426623,143.88633631778535,145.72823018009123,146.01295285217762,124.6994920046607,128.03251510689086,129.778350150645,116.68547170105967,121.94455432068071,129.33522918837718,98.24876955547556,102.39338063493766,104.68700484129755,107.10064193083691,114.00462179755147,120.17425306692242,125.00181249172499,125.70783302966989,120.48465165859378,121.08444328907889,121.99619160961477,109.57307617576936,111.25900648275126,113.21490729823245,115.87140085177252,119.19272061957568,121.53376846188904,109.91469015387659,114.64395489588459,119.97359559671987,44.64241497066354,58.55726779058223,63.09006482993883,66.3571439535598,72.99104363625023,77.95543564333427,83.70542468680209,90.85246589278377,95.34014179462876,100.92648961767021,102.29219456384271,104.30573199830972,111.20854019497867,114.0755098495094,117.24727828367983,107.68606161908923,114.50407093266458,115.52466536729568,110.09948303858583,111.61777484189636,114.60090356858585,110.91153028466394,114.54494259267412,98.48277391154642,101.21870903504623,103.21685417491969,113.6205724044759,106.87152298115309,109.8071574951892,78.07315989741983,80.54790614703813,83.44096231655853,88.94068930978283,93.14792795288355,97.29830757407485,99.54353562485277,105.43723166384221,100.1306605264352,101.80527988617041,102.60070492977917,90.55110427322741,95.34235306660061,98.21925765313107,100.56022625608153,101.57360377704794,102.38248572146261,87.64288784722594,88.98540302404888,89.72934522610494,90.29425583850303,92.9906187591797,95.35507599076583,83.58652740499276,87.14558809568067,79.15514097487168,81.57096485090239,77.68962837902416,61.65130560547721,63.22437330904243,67.0528546006253,71.45941266787004,53.180996000319446,55.58260899995115,57.296843814671725,43.24502542179183,44.16110675005915,48.2401291819661,55.809992654975375,15.525588695346812,20.523477149484236,22.785592531156865,25.406139420643868,28.37339724563988,30.416563660790608,31.63305369363098,33.24242189264574,38.833009786597515,43.51724355531573,49.2562654231953,53.710055045528165,52.86279920742521,13.784383989180753,19.92555732983805,25.797026992537514,29.017764796209207,30.66854794368801,36.501540486114244,43.29757153371843,46.03487842188421,46.574709877062574,44.547099882452045,46.13210492976262,24.5370999133994,29.193026351821754,34.0681884004105,11.543373026711409,17.86409648213958,23.41651235273141,26.468623425415373,32.591368724707195,33.15297801950207,20.561714179050664,26.743817542793458,27.707307553120508,28.186755151925624,9.284649589196713,14.475078280547704,17.915428408078334,23.36252653460406,27.20347928099395,19.915992267137202,23.02994184925957,4.062578312532766,2.9266240881029253,2.5389528356221875,1.4349261149310422,0.4810592479102742,0.0,21.108755370222813,27.35444852631045,56.111297732086456
199,54.08742950274911,54.01941479845659,49.13018162749819,43.34867966001604,39.833405275277386,37.99462660452878,26.026986653393873,19.0108659303732,18.651505387185722,13.549176997126935,7.095418944643092,13.120354214004905,19.26523834635438,26.038015767767224,31.413626616777787,39.833666402907085,45.07572992789417,74.9961637482785,77.70385464644251,80.33593177297202,84.5955461921419,89.93600216518391,90.89120371459639,97.17611811337702,103.80916454770868,110.90151542735359,115.94516390836414,118.75085063357065,121.56300016729037,127.77031198481653,131.143152034389,135.04188888111256,137.37706703277465,140.94127143207612,147.3920903723348,150.77553388449812,151.73558075835376,88.99241325858816,94.98734620233324,102.83948107127176,105.89724561420176,113.70907190515318,119.41127104232825,120.84887356041175,123.169725990016,126.56573232098773,132.1280952181745,134.80553634731254,138.94000487422142,140.96998566230783,144.70288333034,145.2334010020532,149.01828937557232,150.8601832378782,151.1449059099646,129.8314450624477,133.16446816467786,134.910303208432,121.81742475884667,127.07650737846771,134.46718224616419,103.38072261326256,107.52533369272466,109.81895789908455,112.23259498862392,119.13657485533847,125.30620612470942,130.133765549512,130.8397860874569,125.61660471638078,126.21639634686589,127.12814466740177,114.70502923355636,116.39095954053826,118.34686035601945,121.00335390955952,124.32467367736268,126.66572151967604,115.04664321166359,119.77590795367159,125.10554865450688,49.77436802845054,63.68922084836923,68.22201788772584,71.48909701134681,78.12299669403724,83.08738870112128,88.8373777445891,95.98441895057078,100.47209485241578,106.05844267545723,107.42414762162973,109.43768505609674,116.34049325276568,119.20746290729642,122.37923134146685,112.81801467687623,119.63602399045158,120.65661842508268,115.23143609637283,116.74972789968336,119.73285662637285,116.04348334245094,119.67689565046112,103.61472696933342,106.35066209283323,108.34880723270669,118.7525254622629,112.0034760389401,114.9391105529762,83.20511295520684,85.67985920482515,88.57291537434554,94.07264236756984,98.27988101067056,102.43026063186187,104.67548868263978,110.56918472162923,105.2626135842222,106.93723294395741,107.73265798756617,95.68305733101442,100.47430612438762,103.35121071091808,105.69217931386855,106.70555683483495,107.51443877924963,92.77484090501294,94.11735608183588,94.86129828389194,95.42620889629003,98.1225718169667,100.48702904855283,88.71848046277977,92.27754115346767,84.2870940326587,86.7029179086894,82.82158143681116,66.78325866326422,68.35632636682944,72.18480765841231,76.59136572565706,58.31294905810645,60.71456205773815,62.428796872458726,48.37697847957883,49.29305980784615,53.3720822397531,60.941945712762376,20.65754175313381,25.65543020727123,27.91754558894386,30.538092478430862,33.50535030342687,35.5485167185776,36.76500675141798,38.37437495043274,43.964962844384516,48.64919661310273,54.3882184809823,58.842008103315166,57.99475226521221,18.91633704696775,25.057510387625044,30.92898005032451,34.1497178539962,35.800501001475006,41.63349354390124,48.42952459150543,51.1668314796712,51.70666293484957,49.67905294023904,51.26405798754961,29.669052971186392,34.324979409608744,39.200141458197486,16.67532608449841,22.99604953992658,28.54846541051841,31.600576483202374,37.723321782494196,38.28493107728907,25.693667236837662,31.875770600580456,32.8392606109075,33.31870820971262,14.41660264698371,19.6070313383347,23.047381465865328,28.494479592391055,32.33543233878095,25.0479453249242,28.161894907046566,17.046177057690045,18.182131282119887,18.569802534600623,19.673829255291768,20.627696122312535,21.10875537022281,0.0,6.2456931560876345,49.19338025114983
200,60.333122658836736,60.26510795454421,55.375874783585814,49.594372816103665,46.07909843136501,44.24031976061641,32.2726798094815,25.256559086460832,24.897198543273355,19.794870153214568,13.341112100730726,19.366047370092538,25.510931502442013,32.28370892385486,37.65931977286542,46.07935955899472,51.32142308398181,81.24185690436614,83.94954780253015,86.58162492905966,90.84123934822954,96.18169532127155,97.13689687068403,103.42181126946465,110.05485770379632,117.14720858344123,122.19085706445178,124.99654378965829,127.80869332337801,134.01600514090418,137.38884519047667,141.28758203720022,143.62276018886232,147.1869645881638,153.63778352842246,157.02122704058579,157.98127391444143,95.2381064146758,101.23303935842088,109.0851742273594,112.1429387702894,119.95476506124082,125.65696419841589,127.09456671649939,129.41541914610363,132.81142547707535,138.37378837426212,141.05122950340015,145.18569803030903,147.21567881839545,150.9485764864276,151.4790941581408,155.26398253165993,157.10587639396581,157.3905990660522,136.0771382185353,139.41016132076547,141.1559963645196,128.0631179149343,133.32220053455535,140.71287540225183,109.6264157693502,113.7710268488123,116.06465105517219,118.47828814471156,125.3822680114261,131.55189928079707,136.37945870559966,137.08547924354457,131.86229787246842,132.46208950295352,133.3738378234894,120.950722389644,122.6366526966259,124.59255351210709,127.24904706564716,130.57036683345032,132.91141467576367,121.29233636775123,126.02160110975923,131.3512418105945,56.02006118453818,69.93491400445687,74.46771104381348,77.73479016743445,84.36868985012488,89.33308185720892,95.08307090067674,102.23011210665842,106.71778800850342,112.30413583154487,113.66984077771737,115.68337821218438,122.58618640885332,125.45315606338406,128.6249244975545,119.06370783296387,125.88171714653922,126.90231158117032,121.47712925246047,122.995421055771,125.97854978246049,122.28917649853858,125.92258880654876,109.86042012542106,112.59635524892087,114.59450038879433,124.99821861835053,118.24916919502773,121.18480370906384,89.45080611129448,91.92555236091279,94.81860853043318,100.31833552365748,104.5255741667582,108.67595378794951,110.92118183872742,116.81487787771687,111.50830674030983,113.18292610004505,113.97835114365381,101.92875048710206,106.71999928047526,109.59690386700572,111.93787246995619,112.95124999092259,113.76013193533727,99.02053406110058,100.36304923792352,101.10699143997958,101.67190205237767,104.36826497305434,106.73272220464047,94.9641736188674,98.5232343095553,90.53278718874634,92.94861106477704,89.0672745928988,73.02895181935186,74.60201952291708,78.43050081449995,82.8370588817447,64.55864221419408,66.96025521382577,68.67449002854634,54.62267163566647,55.53875296393379,59.61777539584074,67.18763886885002,26.903234909221442,31.901123363358863,34.16323874503149,36.783785634518495,39.751043459514506,41.794209874665235,43.01069990750561,44.62006810652037,50.21065600047215,54.894889769190364,60.633911637069936,65.08770125940279,64.24044542129985,25.162030203055384,31.303203543712677,37.17467320641214,40.39541101008383,42.04619415756264,47.87918669998887,54.67521774759306,57.412524635758835,57.9523560909372,55.92474609632667,57.509751143637246,35.91474612727402,40.57067256569638,45.44583461428512,22.92101924058604,29.241742696014214,34.79415856660604,37.84626963929001,43.96901493858183,44.530624233376706,31.939360392925295,38.12146375666809,39.08495376699514,39.56440136580026,20.66229580307134,25.852724494422333,29.29307462195296,34.740172748478685,38.58112549486857,31.293638481011833,34.4075880631342,23.291870213777678,24.42782443820752,24.815495690688255,25.9195224113794,26.873389278400168,27.354448526310442,6.2456931560876345,0.0,55.43907340723746
201,16.58345043386686,16.515435729574342,11.626202558615944,5.844700591133792,9.359974975872447,11.198753646621046,23.166393597755956,30.18251432077663,30.541874863964107,35.6442032540229,42.09796130650674,48.12289657586855,54.26778070821803,61.040558129630874,66.41616897864144,74.83620876477073,80.07827228975782,109.99870611014215,112.70639700830615,115.33847413483566,119.59808855400554,124.93854452704755,125.89374607646003,132.17866047524066,138.81170690957234,145.90405778921726,150.9477062702278,153.7533929954343,156.56554252915402,162.7728543466802,166.14569439625268,170.04443124297623,172.37960939463832,175.9438137939398,182.39463273419847,185.7780762463618,186.73812312021744,123.9949556204518,129.9898885641969,137.8420234331354,140.8997879760654,148.7116142670168,154.41381340419187,155.85141592227538,158.17226835187964,161.56827468285135,167.13063758003813,169.80807870917616,173.94254723608503,175.97252802417145,179.70542569220362,180.23594336391682,184.02083173743594,185.86272559974182,186.1474482718282,164.83398742431132,168.16701052654147,169.91284557029562,156.81996712071032,162.07904974033136,169.46972460802783,138.38326497512622,142.52787605458832,144.8215002609482,147.23513735048758,154.13911721720214,160.3087484865731,165.1363079113757,165.8423284493206,160.61914707824445,161.21893870872955,162.13068702926543,149.70757159542,151.3935019024019,153.3494027178831,156.00589627142318,159.32721603922633,161.66826388153967,150.04918557352724,154.77845031553525,160.10809101637054,84.77691039031419,98.69176321023288,103.22456024958949,106.49163937321046,113.12553905590089,118.08993106298493,123.83992010645275,130.98696131243443,135.47463721427943,141.06098503732088,142.4266899834934,144.4402274179604,151.34303561462934,154.21000526916006,157.3817737033305,147.82055703873988,154.63856635231522,155.65916078694633,150.23397845823652,151.75227026154704,154.7353989882365,151.0460257043146,154.67943801232477,138.61726933119706,141.35320445469688,143.35134959457034,153.75506782412654,147.00601840080373,149.94165291483984,118.20765531707049,120.6824015666888,123.57545773620919,129.0751847294335,133.2824233725342,137.4328029937255,139.6780310445034,145.57172708349285,140.26515594608583,141.93977530582106,142.73520034942982,130.68559969287807,135.47684848625127,138.35375307278173,140.6947216757322,141.7080991966986,142.5169811411133,127.77738326687658,129.11989844369953,129.86384064575557,130.42875125815368,133.12511417883033,135.48957141041646,123.72102282464341,127.28008351533131,119.28963639452235,121.70546027055305,117.8241237986748,101.78580102512787,103.35886872869308,107.18735002027596,111.5939080875207,93.31549141997009,95.71710441960178,97.43133923432235,83.37952084144247,84.29560216970978,88.37462460161673,95.94448807462601,55.66008411499745,60.65797256913488,62.920087950807506,65.54063484029452,68.50789266529053,70.55105908044126,71.76754911328163,73.37691731229638,78.96750520624816,83.65173897496638,89.39076084284595,93.84455046517881,92.99729462707586,53.9188794088314,60.0600527494887,65.93152241218816,69.15226021585985,70.80304336333866,76.63603590576489,83.43206695336907,86.16937384153485,86.70920529671321,84.68159530210268,86.26660034941325,64.67159533305005,69.3275217714724,74.20268382006115,51.677868446362055,57.99859190179023,63.55100777238206,66.60311884506602,72.72586414435784,73.28747343915272,60.69620959870131,66.8783129624441,67.84180297277115,68.32125057157626,49.41914500884736,54.609573700198354,58.04992382772898,63.497021954254706,67.3379747006446,60.05048768678785,63.16443726891021,52.04871941955369,53.18467364398353,53.572344896464266,54.67637161715541,55.63023848417618,56.111297732086456,49.19338025114983,55.439073407237466,0.0
