source node ID,0,1,2,3,4,5,6,7,8,9,10,11,12,13,14,15,16,17,18,19,20,21,22,23,24,25,26,27,28,29,30,31,32,33,34,35,36,37,38,39,40,41,42,43,44,45,46,47,48,49,50,51,52,53,54,55,56,57,58,59,60,61,62,63,64,65,66,67,68,69,70,71,72,73,74,75,76,77,78,79,80,81,82,83,84,85,86,87,88,89,90,91,92,93,94,95,96,97,98,99,100,101,102,103,104,105,106,107,108,109,110,111,112,113,114,115,116,117,118,119,120,121,122,123,124,125,126,127,128,129,130,131,132,133,134,135,136,137,138,139,140,141,142,143,144,145,146,147,148,149,150,151,152,153,154,155,156,157,158,159,160,161,162,163,164,165,166,167,168,169,170,171,172,173,174,175,176,177,178,179,180,181,182,183,184,185,186,187,188,189,190,191,192,193,194,195,196,197,198,199,200,201
0,0.0,0.06801470429251973,4.95724787525092,10.738749842733071,14.254024227471726,16.092802898220327,28.060442849355233,35.0765635723759,35.43592411556338,40.53825250562217,46.99201055810601,53.01694582746782,59.1618299598173,65.93460738123014,71.31021823024071,79.73025801637,84.97232154135709,114.89275536174142,117.60044625990542,120.23252338643493,124.49213780560481,129.83259377864684,130.78779532805933,137.07270972683995,143.57101543090488,155.77507759300667,163.9794233661765,167.50133539186717,170.01518797120247,176.24833342716596,179.06330893925343,184.14555149329888,188.24656077092698,195.24292006967082,202.9225140966504,206.50911316148378,207.4894589360934,128.8890048720511,134.88393781579617,142.7360726847347,145.79383722766468,153.6056635186161,159.30786265579115,160.74546517387466,163.06631760347892,166.46232393445064,172.0246868316374,174.70212796077544,178.83659648768432,180.86657727577074,184.59947494380293,185.12999261551613,188.91488098903525,190.75677485134113,191.04149752342752,169.7280366759106,173.06105977814076,174.8068948218949,161.7140163723096,166.97309899193064,174.36377385962712,143.73429403265882,149.7357776501641,154.1382207333448,158.59285907206316,170.95990954612463,177.470095022473,180.42576951104147,180.81931713923242,178.0111935345269,178.6425341511534,179.54257915431185,154.6016208470193,156.2875511540012,158.24345196948238,160.89994552302247,164.2212652908256,166.56231313313896,154.94323482512652,159.67249956713454,165.00214026796982,89.67095964191346,98.46431799226924,106.30378262403109,111.81065430552705,121.6282843868117,128.2293029700393,133.9795204212234,144.35150558918855,151.0874003246985,157.85729764071164,160.10036091336508,162.11959494889402,167.7676503965505,170.40726624726958,173.2259674248464,160.7156966129913,170.71258542420898,171.94380974071552,161.57407695189787,163.18926665441256,166.88273160857304,173.10479015887196,177.38124423584486,142.19058990346514,142.87323042914417,143.30011921817152,148.1098731949401,151.900067652403,154.83570216643912,128.3786906549828,131.02794743205354,133.77546581499075,137.89650068404515,141.76402595889013,147.9003649115091,151.52575345048388,162.46498593149173,144.3528443737315,147.67908157874916,148.6642635371878,144.33566522896666,151.429359198582,156.23290220803898,160.56380718230193,162.54673278657387,164.0107408196672,132.67143251847585,134.0139476952988,134.75788989735486,135.32280050975297,138.01916343042961,140.38362066201574,128.61507207624268,132.1741327669306,130.1075871682818,132.6106747467983,122.71817305027407,103.29224900891727,104.65813047901912,112.31358351181464,119.75020653835604,97.7441393516265,100.22042226024578,101.0797706986758,88.27357009304174,89.18965142130905,93.268673853216,100.83853732622528,60.55413336659672,65.55202182073414,67.81413720240677,70.43468409189377,73.40194191688978,75.44510833204052,76.66159836488089,78.27096656389564,83.86155445784742,88.54578822656563,94.2848100944452,98.73859971677807,97.30861507407197,58.81292866043067,64.95410200108796,71.08904234222919,74.18784654804627,76.2925017028227,82.11050177260621,86.16167566737941,90.3153316982965,90.82464017074149,96.51917355377583,98.36180093579034,71.93686515488895,81.16869932135434,86.39247594836444,56.571917697961325,62.8926411533895,68.44505702398133,71.49716809666529,77.61991339595711,78.18152269075199,65.59025885030057,71.77236221404337,72.73585222437042,73.21529982317553,54.31319426044663,59.503622951797624,62.94397307932825,68.39107120585398,72.23202395224386,64.94453693838712,68.05848652050949,56.94276867115296,58.0787228955828,58.466394148063536,59.57042086875468,60.52428773577545,61.005346983685726,54.0874295027491,60.333122658836736,16.583450433866865
1,0.06801470429251973,0.0,4.8892331709584,10.670735138440552,14.186009523179207,16.024788193927808,27.992428145062718,35.008548868083395,35.36790941127087,40.47023780132966,46.9239958538135,52.94893112317531,59.09381525552479,65.86659267693763,71.24220352594818,79.66224331207748,84.90430683706457,114.8247406574489,117.5324315556129,120.16450868214241,124.42412310131229,129.76457907435432,130.7197806237668,137.00469502254742,143.50300072661236,155.70706288871415,163.91140866188397,167.43332068757465,169.94717326690994,176.18031872287344,178.9952942349609,184.07753678900636,188.17854606663445,195.1749053653783,202.85449939235787,206.44109845719126,207.42144423180088,128.82099016775857,134.81592311150365,142.66805798044217,145.72582252337216,153.53764881432357,159.23984795149863,160.67745046958214,162.9983028991864,166.39430923015811,171.9566721273449,174.63411325648292,178.7685817833918,180.79856257147821,184.5314602395104,185.0619779112236,188.84686628474273,190.6887601470486,190.973482819135,169.66002197161808,172.99304507384824,174.73888011760238,161.64600166801708,166.90508428763812,174.2957591553346,143.6662793283663,149.66776294587157,154.0702060290523,158.52484436777064,170.8918948418321,177.40208031818048,180.35775480674894,180.7513024349399,177.9431788302344,178.57451944686088,179.47456445001933,154.53360614272677,156.21953644970867,158.17543726518986,160.83193081872994,164.1532505865331,166.49429842884643,154.875220120834,159.604484862842,164.9341255636773,89.60294493762093,98.39630328797672,106.23576791973856,111.74263960123453,121.56026968251918,128.16128826574678,133.9115057169309,144.28349088489603,151.01938562040598,157.7892829364191,160.03234620907256,162.0515802446015,167.69963569225797,170.33925154297705,173.15795272055388,160.6476819086988,170.64457071991646,171.875795036423,161.50606224760534,163.12125195012004,166.81471690428052,173.03677545457944,177.31322953155234,142.12257519917262,142.80521572485165,143.232104513879,148.04185849064757,151.8320529481105,154.7676874621466,128.31067595069027,130.95993272776101,133.70745111069823,137.82848597975263,141.6960112545976,147.83235020721656,151.45773874619135,162.3969712271992,144.28482966943898,147.61106687445664,148.59624883289527,144.26765052467414,151.36134449428948,156.16488750374646,160.4957924780094,162.47871808228135,163.94272611537468,132.60341781418333,133.9459329910063,134.68987519306233,135.25478580546044,137.9511487261371,140.31560595772322,128.54705737195016,132.10611806263807,130.0395724639893,132.5426600425058,122.65015834598155,103.22423430462474,104.5901157747266,112.24556880752212,119.68219183406352,97.67612464733398,100.15240755595326,101.01175599438328,88.20555538874922,89.12163671701653,93.20065914892348,100.77052262193276,60.486118662304214,65.48400711644163,67.74612249811426,70.36666938760126,73.33392721259727,75.37709362774801,76.59358366058838,78.20295185960313,83.79353975355491,88.47777352227313,94.2167953901527,98.67058501248556,97.24060036977944,58.74491395613816,64.88608729679545,71.02102763793668,74.11983184375376,76.2244869985302,82.0424870683137,86.0936609630869,90.247316994004,90.75662546644898,96.45115884948332,98.29378623149783,71.86885045059644,81.10068461706183,86.32446124407193,56.50390299366882,62.82462644909699,68.37704231968883,71.4291533923728,77.55189869166462,78.1135079864595,65.52224414600806,71.70434750975086,72.66783752007791,73.14728511888302,54.24517955615412,59.435608247505115,62.875958375035744,68.32305650156147,72.16400924795136,64.87652223409461,67.99047181621697,56.87475396686045,58.01070819129029,58.39837944377103,59.50240616446217,60.456273031482944,60.93733227939322,54.019414798456594,60.26510795454423,16.515435729574342
2,4.95724787525092,4.8892331709584,0.0,5.781501967482151,9.296776352220807,11.135555022969406,23.103194974104312,30.119315697124986,30.478676240312463,35.581004630371254,42.034762682855096,48.05969795221691,54.20458208456638,60.97735950597923,66.3529703549898,74.77301014111909,80.01507366610618,109.93550748649051,112.64319838465451,115.27527551118402,119.5348899303539,124.87534590339591,125.83054745280839,132.115461851589,138.61376755565394,150.81782971775573,159.02217549092555,162.54408751661623,165.05794009595152,171.29108555191502,174.1060610640025,179.18830361804794,183.28931289567603,190.28567219441987,197.96526622139945,201.55186528623284,202.53221106084246,123.93175699680016,129.92668994054526,137.77882480948378,140.83658935241377,148.64841564336518,154.35061478054024,155.78821729862375,158.109069728228,161.50507605919972,167.0674389563865,169.74488008552453,173.8793486124334,175.90932940051982,179.64222706855202,180.17274474026522,183.95763311378434,185.79952697609022,186.0842496481766,164.7707888006597,168.10381190288984,169.849646946644,156.7567684970587,162.01585111667973,169.4065259843762,138.77704615740788,144.77852977491315,149.18097285809387,153.63561119681222,166.0026616708737,172.51284714722206,175.46852163579052,175.86206926398148,173.05394565927597,173.68528627590246,174.5853312790609,149.64437297176838,151.33030327875028,153.28620409423146,155.94269764777155,159.2640174155747,161.60506525788804,149.9859869498756,154.71525169188362,160.0448923927189,84.71371176666254,93.50707011701833,101.34653474878017,106.85340643027614,116.67103651156079,123.2720550947884,129.0222725459725,139.39425771393763,146.1301524494476,152.90004976546072,155.14311303811417,157.1623470736431,162.81040252129958,165.45001837201866,168.2687195495955,155.75844873774037,165.75533754895804,166.98656186546458,156.61682907664692,158.23201877916162,161.9254837333221,168.14754228362105,172.42399636059395,137.23334202821422,137.91598255389326,138.3428713429206,143.15262531968918,146.9428197771521,149.8784542911882,123.42144277973189,126.07069955680265,128.81821793973987,132.93925280879427,136.80677808363924,142.9431170362582,146.568505575233,157.50773805624084,139.39559649848056,142.72183370349822,143.70701566193685,139.37841735371575,146.4721113233311,151.27565433278806,155.60655930705101,157.58948491132296,159.0534929444163,127.71418464322494,129.0566998200479,129.80064202210394,130.36555263450205,133.0619155551787,135.42637278676483,123.65782420099177,127.21688489167967,125.1503392930309,127.65342687154738,117.76092517502316,98.33500113366635,99.7008826037682,107.35633563656373,114.79295866310513,92.78689147637559,95.26317438499487,96.12252282342489,83.31632221779083,84.23240354605814,88.31142597796509,95.88128945097436,55.59688549134581,60.59477394548323,62.85688932715586,65.47743621664287,68.44469404163888,70.48786045678962,71.70435048962999,73.31371868864474,78.90430658259652,83.58854035131473,89.3275622191943,93.78135184152717,92.35136719882105,53.85568078517976,59.996854125837054,66.13179446697828,69.23059867279535,71.33525382757179,77.1532538973553,81.2044277921285,85.35808382304559,85.86739229549057,91.56192567852491,93.40455306053943,66.97961727963805,76.21145144610344,81.43522807311354,51.61466982271041,57.935393278138584,63.48780914873041,66.53992022141438,72.6626655207062,73.22427481550108,60.633010975049665,66.81511433879245,67.7786043491195,68.25805194792461,49.355946385195715,54.54637507654671,57.98672520407734,63.43382333060306,67.27477607699295,59.9872890631362,63.10123864525857,51.98552079590205,53.121475020331886,53.50914627281262,54.61317299350377,55.56703986052454,56.04809910843481,49.13018162749819,55.37587478358582,11.626202558615944
3,10.738749842733071,10.670735138440552,5.781501967482151,0.0,3.5152743847386554,5.354053055487255,17.321693006622162,24.337813729642836,24.697174272830313,29.799502662889104,36.253260715372946,42.27819598473476,48.42308011708423,55.19585753849708,60.57146838750764,68.99150817363693,74.23357169862402,104.15400551900835,106.86169641717235,109.49377354370186,113.75338796287174,119.09384393591375,120.04904548532623,126.33395988410686,132.8322655881718,145.03632775027359,153.2406735234434,156.7625855491341,159.27643812846938,165.50958358443287,168.32455909652035,173.4068016505658,177.5078109281939,184.50417022693773,192.1837642539173,195.7703633187507,196.7507090933603,118.150255029318,124.14518797306309,131.9973228420016,135.0550873849316,142.866913675883,148.56911281305807,150.00671533114158,152.32756776074584,155.72357409171755,161.28593698890433,163.96337811804236,168.09784664495123,170.12782743303765,173.86072510106982,174.39124277278302,178.17613114630214,180.01802500860802,180.3027476806944,158.98928683317752,162.32230993540767,164.06814497916181,150.97526652957652,156.23434914919756,163.62502401689403,132.99554418992574,138.997027807431,143.39947089061172,147.85410922933008,160.22115970339155,166.73134517973992,169.68701966830838,170.08056729649934,167.27244369179382,167.9037843084203,168.80382931157877,143.8628710042862,145.5488013112681,147.5047021267493,150.16119568028938,153.48251544809253,155.82356329040587,144.20448498239344,148.93374972440145,154.26339042523674,78.93220979918038,87.72556814953617,95.56503278129802,101.07190446279398,110.88953454407863,117.49055312730624,123.24077057849036,133.6127557464555,140.34865048196545,147.11854779797858,149.36161107063202,151.38084510616096,157.02890055381744,159.66851640453652,162.48721758211335,149.97694677025822,159.9738355814759,161.20505989798244,150.83532710916478,152.45051681167948,156.14398176583995,162.3660403161389,166.6424943931118,131.45184006073208,132.13448058641112,132.56136937543846,137.37112335220704,141.16131780966992,144.09695232370603,117.63994081224973,120.2891975893205,123.03671597225771,127.15775084131211,131.0252761161571,137.16161506877606,140.78700360775085,151.7262360887587,133.61409453099841,136.94033173601608,137.9255136944547,133.5969153862336,140.69060935584895,145.49415236530592,149.82505733956887,151.8079829438408,153.27199097693415,121.93268267574278,123.27519785256573,124.01914005462179,124.58405066701988,127.28041358769654,129.64487081928266,117.87632223350961,121.43538292419751,119.36883732554875,121.87192490406524,111.979423207541,92.5534991661842,93.91938063628605,101.57483366908157,109.01145669562297,87.00538950889343,89.48167241751271,90.34102085594273,77.53482025030867,78.45090157857598,82.52992401048293,90.09978748349221,49.81538352386366,54.81327197800108,57.07538735967371,59.695934249160715,62.663192074156726,64.70635848930746,65.92284852214783,67.53221672116258,73.12280461511436,77.80703838383258,83.54606025171215,87.99984987404501,86.5698652313389,48.0741788176976,54.2153521583549,60.35029249949612,63.449096705313195,65.55375186008963,71.37175192987314,75.42292582464634,79.57658185556343,80.08589032800842,85.78042371104276,87.62305109305727,61.19811531215589,70.42994947862128,75.65372610563138,45.83316785522826,52.153891310656434,57.70630718124826,60.75841825393223,66.88116355322406,67.44277284801893,54.851509007567515,61.03361237131031,61.99710238163736,62.47654998044248,43.574444417713565,48.76487310906455,52.20522323659518,57.652321363120905,61.49327410951079,54.20578709565405,57.31973667777642,46.2040188284199,47.339973052849736,47.72764430533047,48.83167102602162,49.78553789304239,50.26659714095266,43.34867966001604,49.59437281610367,5.844700591133792
4,14.254024227471726,14.186009523179207,9.296776352220807,3.5152743847386554,0.0,1.8387786707486,13.806418621883507,20.82253934490418,21.181899888091657,26.284228278150444,32.737986330634286,38.7629215999961,44.90780573234557,51.68058315375842,57.05619400276898,65.47623378889827,70.71829731388536,100.63873113426969,103.3464220324337,105.9784991589632,110.23811357813308,115.5785695511751,116.53377110058757,122.8186854993682,129.31699120343313,141.52105336553493,149.72539913870474,153.24731116439543,155.76116374373072,161.99430919969421,164.8092847117817,169.89152726582714,173.99253654345523,180.98889584219907,188.66848986917864,192.25508893401204,193.23543470862165,114.63498064457934,120.62991358832443,128.48204845726295,131.53981300019294,139.35163929114435,145.0538384283194,146.49144094640292,148.81229337600718,152.2082997069789,157.77066260416566,160.4481037333037,164.58257226021257,166.612553048299,170.3454507163312,170.87596838804438,174.6608567615635,176.5027506238694,176.78747329595578,155.47401244843886,158.807035550669,160.55287059442315,147.45999214483786,152.7190747644589,160.10974963215537,129.48026980518708,135.48175342269235,139.88419650587306,144.33883484459142,156.7058853186529,163.21607079500126,166.17174528356972,166.56529291176068,163.75716930705516,164.38850992368165,165.2885549268401,140.34759661954755,142.03352692652945,143.98942774201063,146.64592129555072,149.96724106335387,152.3082889056672,140.68921059765478,145.4184753396628,150.74811604049808,75.41693541444172,84.21029376479751,92.04975839655935,97.55663007805532,107.37426015933997,113.97527874256758,119.7254961937517,130.09748136171683,136.8333760972268,143.60327341323992,145.84633668589336,147.8655707214223,153.51362616907878,156.15324201979786,158.97194319737469,146.46167238551956,156.45856119673724,157.68978551324378,147.32005272442612,148.93524242694082,152.6287073811013,158.85076593140025,163.12722000837314,127.9365656759934,128.61920620167243,129.04609499069977,133.85584896746835,137.64604342493126,140.58167793896737,114.12466642751107,116.77392320458183,119.52144158751905,123.64247645657345,127.51000173141844,133.6463406840374,137.2717292230122,148.21096170402004,130.09882014625975,133.42505735127742,134.41023930971605,130.08164100149494,137.1753349711103,141.97887798056726,146.3097829548302,148.29270855910215,149.7567165921955,118.41740829100412,119.75992346782706,120.50386566988313,121.06877628228122,123.76513920295788,126.12959643454401,114.36104784877095,117.92010853945885,115.8535629408101,118.35665051932658,108.46414882280234,89.03822478144554,90.40410625154739,98.05955928434291,105.49618231088431,83.49011512415477,85.96639803277405,86.82574647120407,74.01954586557001,74.93562719383732,79.01464962574427,86.58451309875355,46.300109139125,51.29799759326242,53.56011297493505,56.180659864422054,59.147917689418065,61.191084104568795,62.40757413740917,64.01694233642392,69.6075302303757,74.29176399909392,80.03078586697349,84.48457548930635,83.05459084660023,44.55890443295894,50.700077773616236,56.83501811475746,59.933822320574535,62.03847747535097,67.85647754513448,71.90765143990768,76.06130747082477,76.57061594326976,82.2651493263041,84.10777670831861,57.68284092741723,66.91467509388262,72.13845172089272,42.3178934704896,48.63861692591777,54.1910327965096,57.24314386919357,63.36588916848539,63.927498463280266,51.336234622828854,57.51833798657165,58.4818279968987,58.96127559570382,40.059170032974905,45.24959872432589,48.68994885185652,54.137046978382244,57.97799972477213,50.69051271091539,53.80446229303776,42.68874444368124,43.824698668111076,44.21236992059181,45.31639664128296,46.27026350830373,46.751322756214,39.83340527527738,46.07909843136501,9.359974975872447
5,16.092802898220324,16.024788193927805,11.135555022969406,5.354053055487255,1.8387786707486,0.0,11.967639951134908,18.983760674155583,19.34312121734306,24.445449607401848,30.89920765988569,36.9241429292475,43.06902706159698,49.841804483009824,55.21741533202039,63.63745511814968,68.87951864313678,98.79995246352111,101.50764336168511,104.13972048821462,108.3993349073845,113.73979088042651,114.69499242983899,120.97990682861962,127.47821253268454,139.68227469478632,147.88662046795613,151.40853249364682,153.9223850729821,160.1555305289456,162.97050604103308,168.05274859507853,172.15375787270662,179.15011717145046,186.82971119843003,190.41631026326343,191.39665603787304,112.79620197383076,118.79113491757585,126.64326978651437,129.70103432944435,137.51286062039577,143.21505975757083,144.65266227565434,146.9735147052586,150.3695210362303,155.93188393341708,158.60932506255511,162.743793589464,164.7737743775504,168.5066720455826,169.0371897172958,172.82207809081493,174.6639719531208,174.9486946252072,153.63523377769027,156.96825687992043,158.71409192367457,145.62121347408927,150.8802960937103,158.2709709614068,127.6414911344385,133.64297475194377,138.04541783512448,142.50005617384284,154.8671066479043,161.37729212425268,164.33296661282114,164.7265142410121,161.91839063630658,162.54973125293307,163.44977625609152,138.50881794879896,140.19474825578087,142.15064907126205,144.80714262480214,148.1284623926053,150.46951023491863,138.8504319269062,143.5796966689142,148.9093373697495,73.57815674369314,82.37151509404893,90.21097972581077,95.71785140730674,105.53548148859139,112.136500071819,117.88671752300311,128.25870269096825,134.9945974264782,141.76449474249134,144.00755801514478,146.02679205067372,151.6748474983302,154.31446334904928,157.1331645266261,144.62289371477098,154.61978252598865,155.8510068424952,145.4812740536775,147.0964637561922,150.78992871035268,157.01198726065167,161.28844133762456,126.09778700524483,126.78042753092384,127.20731631995119,132.01707029671977,135.80726475418268,138.7428992682188,112.28588775676249,114.93514453383325,117.68266291677047,121.80369778582487,125.67122306066986,131.80756201328882,135.4329505522636,146.37218303327145,128.26004147551117,131.58627868052884,132.57146063896747,128.24286233074636,135.3365563003617,140.14009930981868,144.47100428408163,146.45392988835357,147.9179379214469,116.57862962025554,117.92114479707848,118.66508699913454,119.22999761153264,121.9263605322093,124.29081776379543,112.52226917802237,116.08132986871027,114.01478427006151,116.517871848578,106.62537015205376,87.19944611069695,88.56532758079881,96.22078061359433,103.65740364013573,81.65133645340619,84.12761936202547,84.98696780045549,72.18076719482143,73.09684852308874,77.17587095499569,84.74573442800497,44.4613304683764,49.45921892251383,51.721334304186456,54.34188119367346,57.30913901866947,59.3523054338202,60.568795466660575,62.178163665675335,67.7687515596271,72.45298532834532,78.19200719622489,82.64579681855776,81.21581217585165,42.720125762210344,48.86129910286764,54.996239444008864,58.09504364982594,60.19969880460238,66.01769887438589,70.06887276915909,74.22252880007618,74.73183727252116,80.4263706555555,82.26899803757001,55.844062256668636,65.07589642313403,70.29967305014412,40.479114799741005,46.79983825516918,52.35225412576101,55.40436519844497,61.52711049773679,62.08871979253167,49.49745595208026,55.679559315823056,56.643049326150106,57.12249692495522,38.22039136222631,43.4108200535773,46.851170181107925,52.29826830763365,56.13922105402354,48.8517340401668,51.96568362228916,40.84996577293264,41.98591999736248,42.373591249843216,43.47761797053436,44.43148483755513,44.912544085465406,37.99462660452878,44.240319760616416,11.198753646621046
6,28.06044284935523,27.99242814506271,23.103194974104312,17.321693006622162,13.806418621883507,11.967639951134908,0.0,7.0161207230206735,7.37548126620815,12.477809656266938,18.93156770875078,24.956502978112592,31.10138711046207,37.87416453187492,43.24977538088548,51.669815167014775,56.911878692001864,86.8323125123862,89.5400034105502,92.17208053707971,96.43169495624959,101.7721509292916,102.72735247870408,109.0122668774847,115.51057258154962,127.71463474365142,135.91898051682122,139.4408925425119,141.9547451218472,148.1878905778107,151.00286608989816,156.0851086439436,160.1861179215717,167.18247722031555,174.86207124729512,178.4486703121285,179.42901608673813,100.82856202269585,106.82349496644093,114.67562983537945,117.73339437830946,125.54522066926087,131.24741980643594,132.68502232451945,135.0058747541237,138.40188108509543,143.9642439822822,146.64168511142023,150.7761536383291,152.80613442641553,156.5390320944477,157.0695497661609,160.85443813968,162.6963320019859,162.98105467407228,141.6675938265554,145.00061692878555,146.7464519725397,133.65357352295436,138.9126561425754,146.30333101027188,115.67385118330358,121.67533480080884,126.07777788398955,130.53241622270792,142.8994666967694,149.40965217311776,152.36532666168623,152.75887428987718,149.95075068517167,150.58209130179816,151.4821363049566,126.54117799766405,128.22710830464595,130.18300912012714,132.83950267366723,136.16082244147037,138.50187028378372,126.88279197577128,131.6120567177793,136.94169741861458,61.61051679255823,70.40387514291402,78.24333977467586,83.75021145617183,93.56784153745647,100.16886012068409,105.9190775718682,116.29106273983332,123.0269574753433,129.79685479135642,132.03991806400987,134.0591520995388,139.70720754719528,142.34682339791436,145.1655245754912,132.65525376363607,142.65214257485374,143.88336689136028,133.51363410254262,135.12882380505732,138.8222887592178,145.04434730951675,149.32080138648965,114.13014705410991,114.81278757978893,115.23967636881628,120.04943034558484,123.83962480304778,126.7752593170839,100.31824780562758,102.96750458269834,105.71502296563555,109.83605783468995,113.70358310953495,119.83992206215392,123.4653106011287,134.40454308213654,116.29240152437625,119.61863872939391,120.60382068783254,116.27522237961146,123.36891634922682,128.1724593586838,132.50336433294675,134.4862899372187,135.95029797031202,104.61098966912063,105.95350484594357,106.69744704799963,107.26235766039773,109.95872058107439,112.32317781266052,100.55462922688746,104.11368991757536,102.0471443189266,104.55023189744308,94.65773020091885,75.23180615956204,76.5976876296639,84.25314066245942,91.68976368900081,69.68369650227127,72.15997941089056,73.01932784932058,60.21312724368652,61.12920857195384,65.20823100386079,72.77809447687007,32.4936905172415,37.49157897137892,39.75369435305155,42.37424124253855,45.34149906753456,47.38466548268529,48.60115551552567,50.21052371454043,55.80111160849221,60.48534537721042,66.22436724509,70.67815686742286,69.24817222471674,30.752485811075438,36.893659151732734,43.028599492873965,46.12740369869104,48.23205885346748,54.05005892325099,58.10123281802419,62.25488884894127,62.76419732138626,68.4587307044206,70.30135808643512,43.87642230553372,53.108256471999105,58.3320330990092,28.511474848606095,34.832198304034264,40.384614174626094,43.43672524731006,49.55947054660188,50.12107984139676,37.52981600094535,43.71191936468814,44.67540937501519,45.15485697382031,26.252751411091396,31.443180102442387,34.88353022997302,40.33062835649875,44.17158110288864,36.88409408903189,39.99804367115426,28.882325821797735,30.018280046227577,30.405951298708313,31.50997801939946,32.463844886420226,32.9449041343305,26.026986653393873,32.27267980948151,23.166393597755956
7,35.07656357237591,35.00854886808339,30.11931569712499,24.33781372964284,20.822539344904182,18.983760674155583,7.0161207230206735,0.0,0.3593605431874773,5.461688933246266,11.915446985730107,17.94038225509192,24.085266387441393,30.858043808854237,36.233654657864804,44.6536944439941,49.89575796898119,79.81619178936552,82.52388268752952,85.15595981405903,89.41557423322891,94.75603020627092,95.7112317556834,101.99614615446403,108.49445185852895,120.69851402063074,128.90285979380056,132.42477181949124,134.93862439882653,141.17176985479003,143.9867453668775,149.06898792092295,153.16999719855104,160.16635649729488,167.84595052427446,171.43254958910785,172.41289536371747,93.81244129967517,99.80737424342026,107.65950911235878,110.71727365528878,118.5290999462402,124.23129908341527,125.66890160149876,127.98975403110302,131.38576036207473,136.9481232592615,139.62556438839954,143.76003291530841,145.79001370339483,149.52291137142703,150.05342904314023,153.83831741665935,155.68021127896523,155.96493395105162,134.6514731035347,137.98449620576486,139.730331249519,126.6374527999337,131.89653541955474,139.2872102872512,108.6577304602829,114.65921407778816,119.06165716096888,123.51629549968725,135.8833459737487,142.39353145009707,145.34920593866553,145.7427535668565,142.93462996215098,143.56597057877747,144.46601558193592,119.52505727464337,121.21098758162528,123.16688839710646,125.82338195064654,129.14470171844968,131.48574956076303,119.8666712527506,124.5959359947586,129.9255766955939,54.59439606953755,63.38775441989334,71.22721905165518,76.73409073315115,86.5517208144358,93.15273939766341,98.90295684884752,109.27494201681264,116.01083675232262,122.78073406833576,125.0237973409892,127.04303137651814,132.69108682417462,135.3307026748937,138.14940385247053,125.63913304061539,135.63602185183308,136.86724616833962,126.49751337952193,128.11270308203663,131.8061680361971,138.0282265864961,142.304680663469,107.11402633108924,107.79666685676825,108.2235556457956,113.03330962256416,116.8235040800271,119.75913859406322,93.3021270826069,95.95138385967766,98.69890224261488,102.81993711166928,106.68746238651427,112.82380133913324,116.44918987810803,127.38842235911588,109.27628080135557,112.60251800637323,113.58769996481186,109.25910165659079,116.35279562620615,121.1563386356631,125.48724360992607,127.470169214198,128.93417724729133,97.59486894609995,98.9373841229229,99.68132632497895,100.24623693737705,102.94259985805371,105.30705708963984,93.53850850386678,97.09756919455468,95.0310235959059,97.53411117442239,87.64160947789817,68.21568543654136,69.58156690664322,77.23701993943874,84.67364296598014,62.6675757792506,65.14385868786988,66.0032071262999,53.197006520665845,54.11308784893316,58.19211028084011,65.76197375384939,25.477569794220823,30.475458248358244,32.73757363003087,35.358120519517875,38.32537834451389,40.368544759664616,41.58503479250499,43.19440299151975,48.78499088547153,53.469224654189745,59.20824652206932,63.66203614440218,62.23205150169606,23.736365088054765,29.877538428712057,36.01247876985329,39.11128297567036,41.2159381304468,47.03393820023031,51.08511209500351,55.23876812592059,55.748076598365586,61.44260998139993,63.28523736341445,36.860301582513046,46.09213574897843,51.315912375988525,21.495354125585422,27.816077581013595,33.368493451605424,36.42060452428939,42.54334982358121,43.10495911837609,30.513695277924676,36.695798641667466,37.659288651994515,38.13873625079963,19.236630688070722,24.427059379421713,27.86740950695234,33.31450763347807,37.15546037986796,29.867973366011213,32.98192294813358,21.86620509877706,23.0021593232069,23.389830575687636,24.49385729637878,25.44772416339955,25.928783411309823,19.0108659303732,25.256559086460832,30.182514320776633
8,35.43592411556339,35.367909411270865,30.478676240312463,24.697174272830313,21.181899888091657,19.343121217343057,7.37548126620815,0.3593605431874773,0.0,5.102328390058789,11.55608644254263,17.581021711904445,23.725905844253923,30.498683265666767,35.874294114677326,44.29433390080662,49.53639742579371,79.45683124617804,82.16452214434204,84.79659927087155,89.05621369004143,94.39666966308344,95.35187121249592,101.63678561127655,108.13509131534147,120.33915347744326,128.54349925061308,132.06541127630376,134.57926385563906,140.81240931160255,143.62738482369002,148.70962737773547,152.81063665536357,159.8069959541074,167.48658998108698,171.07318904592037,172.05353482053,93.4530807564877,99.44801370023278,107.3001485691713,110.3579131121013,118.16973940305272,123.87193854022779,125.30954105831128,127.63039348791554,131.02639981888726,136.58876271607403,139.26620384521206,143.40067237212094,145.43065316020736,149.16355082823952,149.69406849995272,153.47895687347184,155.32085073577773,155.6055734078641,134.29211256034722,137.62513566257738,139.37097070633152,126.27809225674622,131.53717487636726,138.92784974406374,108.29836991709543,114.29985353460069,118.7022966177814,123.15693495649977,135.52398543056123,142.0341709069096,144.98984539547806,145.38339302366902,142.5752694189635,143.20661003559,144.10665503874844,119.1656967314559,120.8516270384378,122.80752785391898,125.46402140745906,128.7853411752622,131.12638901757555,119.50731070956313,124.23657545157113,129.5662161524064,54.235035526350075,63.02839387670586,70.8678585084677,76.37473018996367,86.19236027124832,92.79337885447593,98.54359630566005,108.91558147362517,115.65147620913514,122.42137352514828,124.66443679780173,126.68367083333067,132.33172628098714,134.97134213170622,137.79004330928305,125.27977249742791,135.2766613086456,136.50788562515214,126.13815283633446,127.75334253884915,131.44680749300963,137.6688660433086,141.9453201202815,106.75466578790176,107.43730631358078,107.86419510260812,112.67394907937668,116.46414353683963,119.39977805087574,92.94276653941942,95.59202331649018,98.3395416994274,102.4605765684818,106.32810184332679,112.46444079594576,116.08982933492055,127.0290618159284,108.91692025816809,112.24315746318575,113.22833942162438,108.89974111340331,115.99343508301867,120.79697809247563,125.12788306673859,127.11080867101052,128.57481670410385,97.23550840291247,98.57802357973542,99.32196578179148,99.88687639418957,102.58323931486623,104.94769654645236,93.1791479606793,96.7382086513672,94.67166305271843,97.17475063123491,87.2822489347107,67.85632489335389,69.22220636345574,76.87765939625126,84.31428242279266,62.30821523606312,64.7844981446824,65.64384658311242,52.83764597747837,53.753727305745684,57.832749737652634,65.40261321066191,25.11820925103335,30.116097705170773,32.3782130868434,34.998759976330405,37.966017801326416,40.009184216477145,41.22567424931752,42.83504244833228,48.42563034228406,53.109864111002274,58.848885978881846,63.3026756012147,61.872690958508585,23.37700454486729,29.518177885524587,35.65311822666581,38.751922432482885,40.85657758725932,46.67457765704283,50.72575155181603,54.879407582733116,55.38871605517811,61.083249438212455,62.925876820226975,36.50094103932558,45.732775205790965,50.95655183280106,21.135993582397948,27.456717037826117,33.009132908417946,36.06124398110191,42.18398928039373,42.74559857518861,30.154334734737205,36.33643809848,37.29992810880705,37.77937570761217,18.877270144883248,24.06769883623424,27.508048963764868,32.955147090290595,36.79609983668048,29.508612822823743,32.62256240494611,21.506844555589588,22.64279878001943,23.030470032500165,24.13449675319131,25.08836362021208,25.569422868122352,18.651505387185722,24.897198543273355,30.541874863964104
9,40.538252505622175,40.47023780132965,35.581004630371254,29.799502662889104,26.284228278150447,24.445449607401848,12.477809656266938,5.461688933246266,5.102328390058789,0.0,6.453758052483842,12.478693321845654,18.62357745419513,25.396354875607972,30.771965724618536,39.19200551074783,44.43406903573492,74.35450285611925,77.06219375428326,79.69427088081277,83.95388529998264,89.29434127302466,90.24954282243714,96.53445722121776,103.03276292528268,115.23682508738447,123.44117086055428,126.96308288624495,129.47693546558023,135.71008092154372,138.5250564336312,143.60729898767664,147.70830826530474,154.70466756404858,162.38426159102815,165.97086065586154,166.95120643047116,88.3507523664289,94.34568531017399,102.19782017911251,105.25558472204251,113.06741101299393,118.769610150169,120.2072126682525,122.52806509785675,125.92407142882848,131.48643432601526,134.1638754551533,138.29834398206216,140.32832477014858,144.06122243818078,144.59174010989398,148.3766284834131,150.21852234571898,150.50324501780537,129.18978417028845,132.5228072725186,134.26864231627275,121.17576386668742,126.43484648630846,133.82552135400493,103.19604152703664,109.1975251445419,113.59996822772261,118.05460656644098,130.42165704050245,136.93184251685082,139.88751700541928,140.28106463361024,137.47294102890473,138.10428164553122,139.00432664868967,114.06336834139711,115.74929864837901,117.7051994638602,120.36169301740027,123.68301278520343,126.02406062751679,114.40498231950434,119.13424706151234,124.46388776234762,49.13270713629129,57.926065486647076,65.76553011840892,71.27240179990488,81.09003188118953,87.69105046441715,93.44126791560126,103.81325308356638,110.54914781907635,117.3190451350895,119.56210840774294,121.58134244327188,127.22939789092835,129.86901374164742,132.68771491922425,120.17744410736913,130.1743329185868,131.40555723509334,121.03582444627567,122.65101414879037,126.34447910295083,132.5665376532498,136.8429917302227,101.65233739784297,102.33497792352199,102.76186671254933,107.5716206893179,111.36181514678084,114.29744966081695,87.84043814936064,90.4896949264314,93.23721330936861,97.35824817842301,101.225773453268,107.36211240588698,110.98750094486176,121.92673342586961,103.8145918681093,107.14082907312697,108.1260110315656,103.79741272334452,110.89110669295988,115.69464970241684,120.0255546766798,122.00848028095173,123.47248831404508,92.13318001285369,93.47569518967663,94.21963739173269,94.78454800413078,97.48091092480745,99.84536815639358,88.07681957062051,91.63588026130842,89.56933466265966,92.07242224117614,82.1799205446519,62.75399650329509,64.11987797339694,71.77533100619246,79.21195403273386,57.20588684600433,59.68216975462361,60.54151819305363,47.73531758741958,48.6513989156869,52.73042134759385,60.300284820603125,20.01588086097456,25.01376931511198,27.27588469678461,29.89643158627161,32.86368941126762,34.90685582641835,36.12334585925873,37.73271405827349,43.323301952225265,48.00753572094348,53.74655758882305,58.200347211155915,56.7703625684498,18.2746761548085,24.415849495465793,30.55078983660702,33.6495940424241,35.75424919720054,41.572249266984045,45.623423161757245,49.77707919267433,50.28638766511932,55.98092104815367,57.82354843016819,31.398612649266784,40.63044681573217,45.85422344274227,16.033665192339157,22.35438864776733,27.90680451835916,30.958915591043123,37.081660890334945,37.64327018512982,25.05200634467841,31.234109708421204,32.19759971874825,32.67704731755337,13.774941754824459,18.96537044617545,22.405720573706077,27.852818700231804,31.693771446621692,24.40628443276495,27.520234014887315,16.404516165530794,17.540470389960635,17.92814164244137,19.032168363132516,19.986035230153284,20.467094478063558,13.549176997126935,19.794870153214568,35.6442032540229
10,46.99201055810602,46.923995853813494,42.034762682855096,36.253260715372946,32.73798633063429,30.89920765988569,18.931567708750784,11.915446985730108,11.55608644254263,6.453758052483842,0.0,6.024935269361813,12.16981940171129,18.942596823124134,24.318207672134697,32.73824745826399,37.98031098325109,67.90074480363542,70.60843570179942,73.24051282832893,77.50012724749881,82.84058322054082,83.7957847699533,90.08069916873393,96.57900487279885,108.78306703490064,116.98741280807045,120.50932483376111,123.02317741309639,129.2563228690599,132.07129838114736,137.1535409351928,141.2545502128209,148.25090951156474,155.93050353854431,159.5171026033777,160.49744837798733,81.89699431394507,87.89192725769016,95.74406212662868,98.80182666955868,106.6136529605101,112.31585209768517,113.75345461576866,116.07430704537292,119.47031337634465,125.03267627353142,127.71011740266947,131.84458592957833,133.87456671766475,137.60746438569691,138.1379820574101,141.92287043092924,143.76476429323512,144.0494869653215,122.73602611780461,126.06904922003478,127.81488426378893,114.72200581420358,119.98108843382462,127.3717633015211,96.7422834745528,102.74376709205806,107.14621017523878,111.60084851395715,123.96789898801862,130.478084464367,133.43375895293545,133.8273065811264,131.0191829764209,131.65052359304738,132.55056859620584,107.60961028891327,109.29554059589518,111.25144141137636,113.90793496491644,117.2292547327196,119.57030257503295,107.9512242670205,112.6804890090285,118.01012970986379,42.67894908380745,51.47230743416324,59.31177206592508,64.81864374742105,74.6362738287057,81.23729241193331,86.98750986311742,97.35949503108255,104.09538976659252,110.86528708260566,113.1083503552591,115.12758439078804,120.77563983844452,123.41525568916359,126.23395686674041,113.72368605488529,123.72057486610298,124.95179918260953,114.58206639379183,116.19725609630653,119.890721050467,126.11277960076599,130.3892336777389,95.19857934535914,95.88121987103816,96.3081086600655,101.11786263683406,104.908057094297,107.84369160833312,81.3866800968768,84.03593687394756,86.78345525688478,90.90449012593918,94.77201540078417,100.90835435340314,104.53374289237793,115.47297537338578,97.36083381562547,100.68707102064313,101.67225297908176,97.34365467086069,104.43734864047605,109.240891649933,113.57179662419597,115.5547222284679,117.01873026156125,85.67942196036985,87.0219371371928,87.76587933924885,88.33078995164695,91.02715287232361,93.39161010390974,81.62306151813668,85.18212220882458,83.11557661017582,85.6186641886923,75.72616249216807,56.30023845081126,57.66611992091311,65.32157295370864,72.75819598025004,50.7521287935205,53.22841170213977,54.0877601405698,41.281559534935745,42.19764086320306,46.27666329511001,53.84652676811929,13.562122808490717,18.560011262628137,20.822126644300766,23.44267353378777,26.40993135878378,28.45309777393451,29.66958780677488,31.278956005789638,36.869543899741416,41.55377766845963,47.2927995363392,51.746589158672066,50.31660451596596,11.820918102324658,17.96209144298195,24.09703178412318,27.195835989940257,29.30049114471669,35.118491214500196,39.169665109273396,43.32332114019048,43.83262961263547,49.52716299566982,51.36979037768434,24.944854596782942,34.17668876324833,39.400465390258425,9.579907139855315,15.900630595283486,21.453046465875317,24.50515753855928,30.627902837851103,31.18951213264598,18.598248292194572,24.780351655937366,25.743841666264416,26.223289265069532,7.321183702340617,12.511612393691609,15.951962521222237,21.399060647747966,25.240013394137854,17.952526380281107,21.066475962403473,9.950758113046955,11.086712337476795,11.474383589957533,12.578410310648678,13.532277177669446,14.01333642557972,7.095418944643092,13.341112100730726,42.09796130650674
11,53.01694582746783,52.948931123175306,48.05969795221691,42.27819598473476,38.762921599996105,36.9241429292475,24.956502978112592,17.94038225509192,17.58102171190444,12.478693321845654,6.024935269361813,0.0,6.1448841323494765,12.917661553762322,18.293272402772885,26.71331218890218,31.95537571388927,61.87580953427361,64.5835004324376,67.21557755896711,71.47519197813699,76.815647951179,77.77084950059148,84.05576389937211,90.55406960343703,102.75813176553882,110.96247753870864,114.48438956439931,116.99824214373459,123.23138759969808,126.04636311178557,131.12860566583103,135.22961494345913,142.22597424220297,149.90556826918254,153.49216733401593,154.47251310862555,75.87205904458325,81.86699198832834,89.71912685726686,92.77689140019686,100.58871769114828,106.29091682832335,107.72851934640684,110.0493717760111,113.44537810698283,119.0077410041696,121.68518213330765,125.81965066021652,127.84963144830294,131.58252911633514,132.11304678804834,135.89793516156746,137.73982902387334,138.02455169595973,116.7110908484428,120.04411395067297,121.7899489944271,108.69707054484178,113.95615316446282,121.3468280321593,90.71734820519099,96.71883182269625,101.12127490587696,105.57591324459533,117.9429637186568,124.45314919500517,127.40882368357364,127.8023713117646,124.99424770705907,125.62558832368555,126.52563332684399,101.58467501955145,103.27060532653336,105.22650614201454,107.88299969555462,111.20431946335776,113.54536730567112,101.92628899765869,106.65555373966669,111.98519444050197,36.654013814445634,45.44737216480142,53.286836796563264,58.79370847805924,68.61133855934389,75.2123571425715,80.96257459375562,91.33455976172074,98.07045449723071,104.84035181324386,107.0834150858973,109.10264912142624,114.75070456908271,117.39032041980178,120.20902159737861,107.69875078552347,117.69563959674116,118.92686391324771,108.55713112443001,110.17232082694471,113.86578578110517,120.08784433140418,124.36429840837708,89.17364407599732,89.85628460167634,90.28317339070368,95.09292736747224,98.88312182493519,101.8187563389713,75.361744827515,78.01100160458576,80.75851998752297,84.87955485657737,88.74708013142236,94.88341908404134,98.50880762301612,109.44804010402397,91.33589854626365,94.66213575128131,95.64731770971994,91.31871940149888,98.41241337111424,103.2159563805712,107.54686135483416,109.52978695910609,110.99379499219944,79.65448669100803,80.99700186783097,81.74094406988704,82.30585468228513,85.00221760296179,87.36667483454792,75.59812624877486,79.15718693946276,77.09064134081402,79.5937289193305,69.70122722280625,50.27530318144944,51.64118465155129,59.29663768434682,66.73326071088822,44.72719352415868,47.203476432777954,48.06282487120798,35.256624265573926,36.17270559384124,40.25172802574819,47.82159149875747,7.537187539128904,12.535075993266325,14.797191374938954,17.417738264425957,20.384996089421968,22.428162504572697,23.64465253741307,25.254020736427826,30.844608630379604,35.52884239909782,41.26786426697739,45.72165388931025,44.291669246604144,5.795982832962846,11.93715617362014,18.07209651476137,21.170900720578448,23.275555875354883,29.09355594513839,33.14472983991159,37.298385870828675,37.80769434327367,43.502227726308014,45.344855108322534,18.919919327421134,28.151753493886517,33.37553012089661,3.554971870493502,9.875695325921672,15.428111196513502,18.480222269197466,24.60296756848929,25.164576863284168,12.573313022832757,18.75541638657555,19.7189063969026,20.198353995707716,1.2962484329788044,6.486677124329796,9.927027251860425,15.374125378386152,19.215078124776042,11.927591110919295,15.04154069304166,3.9258228436851415,5.061777068114981,5.449448320595719,6.553475041286864,7.507341908307632,7.988401156217906,13.120354214004905,19.366047370092538,48.12289657586855
12,59.16182995981731,59.09381525552479,54.20458208456639,48.42308011708424,44.90780573234559,43.069027061596984,31.101387110462074,24.0852663874414,23.725905844253923,18.623577454195132,12.16981940171129,6.1448841323494765,0.0,6.772777421412845,12.148388270423407,20.5684280565527,25.810491581539793,55.730925401924125,58.43861630008812,61.07069342661764,65.33030784578752,70.67076381882953,71.625965368242,77.91087976702264,84.40918547108755,96.61324763318935,104.81759340635915,108.33950543204982,110.8533580113851,117.08650346734859,119.90147897943608,124.98372153348153,129.0847308111096,136.08109010985345,143.76068413683302,147.34728320166641,148.32762897627603,69.72717491223378,75.72210785597886,83.57424272491738,86.63200726784738,94.4438335587988,100.14603269597387,101.58363521405737,103.90448764366162,107.30049397463335,112.86285687182013,115.54029800095817,119.67476652786705,121.70474731595347,125.43764498398565,125.96816265569886,129.753051029218,131.59494489152388,131.87966756361027,110.56620671609332,113.89922981832349,115.64506486207763,102.55218641249229,107.81126903211333,115.2019438998098,84.57246407284151,90.57394769034677,94.97639077352748,99.43102911224585,111.79807958630732,118.30826506265569,121.26393955122415,121.65748717941511,118.8493635747096,119.48070419133607,120.38074919449451,95.43979088720198,97.12572119418388,99.08162200966507,101.73811556320514,105.0594353310083,107.40048317332166,95.78140486530921,100.51066960731721,105.8403103081525,30.509129682096155,39.30248803245194,47.141952664213775,52.64882434570975,62.466454426994396,69.067473010222,74.81769046140612,85.18967562937124,91.92557036488121,98.69546768089435,100.9385309535478,102.95776498907674,108.60582043673321,111.24543628745228,114.0641374650291,101.553866653174,111.55075546439168,112.78197978089824,102.41224699208054,104.02743669459524,107.7209016487557,113.94296019905468,118.21941427602758,83.02875994364784,83.71140046932686,84.1382892583542,88.94804323512277,92.73823769258571,95.67387220662182,69.2168606951655,71.86611747223625,74.61363585517347,78.73467072422787,82.60219599907286,88.73853495169183,92.36392349066662,103.30315597167447,85.19101441391417,88.51725161893184,89.50243357737047,85.17383526914938,92.26752923876474,97.0710722482217,101.40197722248466,103.38490282675659,104.84891085984994,73.50960255865856,74.8521177354815,75.59605993753756,76.16097054993566,78.85733347061232,81.22179070219845,69.45324211642539,73.01230280711329,70.94575720846451,73.448844786981,63.55634309045678,44.130419049099956,45.49630051920181,53.15175355199733,60.58837657853872,38.5823093918092,41.05859230042847,41.9179407388585,29.11174013322445,30.027821461491765,34.10684389339871,41.67670736640799,13.68207167147838,18.6799601256158,20.94207550728843,23.56262239677543,26.529880221771442,28.57304663692217,29.789536669762544,31.3989048687773,36.98949276272908,41.673726531447294,47.412748399326865,51.86653802165972,38.14678511425466,11.940866965312322,18.082040305969617,24.216980647110844,27.315784852927923,29.420440007704357,35.238440077487866,39.289613972261066,43.44327000317815,43.95257847562314,49.64711185865749,51.48973924067201,25.06480345977061,34.29663762623599,39.52041425324609,9.699856002842978,16.02057945827115,21.57299532886298,24.625106401546944,30.747851700838766,31.309460995633643,6.428428890483281,12.610532254226076,13.574022264553124,14.05346986335824,7.441132565328281,12.631561256679273,16.0719113842099,21.51900951073563,25.359962257125517,5.782706978569818,8.896656560692184,10.070706976034618,11.206661200464458,11.594332452945196,12.69835917363634,13.652226040657109,14.133285288567382,19.265238346354383,25.51093150244202,54.267780708218034
13,65.93460738123015,65.86659267693763,60.97735950597922,55.19585753849707,51.68058315375842,49.84180448300982,37.87416453187491,30.85804380885424,30.498683265666763,25.396354875607976,18.942596823124134,12.917661553762322,6.772777421412845,0.0,5.375610849010563,13.795650635139857,19.03771416012695,48.958147980511285,51.66583887867528,54.2979160052048,58.55753042437468,63.897986397416695,64.85318794682918,71.13810234560981,77.63640804967473,89.84047021177652,98.04481598494633,101.566728010637,104.08058058997227,110.31372604593577,113.12870155802325,118.2109441120687,122.3119533896968,129.30831268844065,136.98790671542022,140.57450578025362,141.55485155486323,62.95439749082095,68.94933043456604,76.80146530350456,79.85922984643456,87.67105613738597,93.37325527456105,94.81085779264454,97.1317102222488,100.52771655322053,106.0900794504073,108.76752057954535,112.90198910645422,114.93196989454064,118.66486756257282,119.19538523428604,122.98027360780517,124.82216747011105,125.10689014219743,103.7934292946805,107.12645239691066,108.8722874406648,95.77940899107946,101.0384916107005,108.42916647839698,77.79968665142869,83.80117026893394,88.20361335211466,92.65825169083303,105.0253021648945,111.53548764124287,114.49116212981133,114.88470975800229,112.07658615329677,112.70792676992325,113.60797177308169,88.66701346578915,90.35294377277106,92.30884458825224,94.96533814179232,98.28665790959548,100.62770575190883,89.00862744389639,93.73789218590439,99.06753288673967,23.73635226068331,32.5297106110391,40.369175242800935,45.87604692429691,55.693677005581556,62.29469558880917,68.04491303999328,78.4168982079584,85.15279294346837,91.92269025948151,94.16575353213496,96.1849875676639,101.83304301532037,104.47265886603944,107.29136004361627,94.78108923176117,104.77797804297886,106.00920235948541,95.63946957066771,97.25465927318241,100.94812422734287,107.17018277764184,111.44663685461474,76.25598252223502,76.93862304791404,77.36551183694138,82.17526581370994,85.96546027117289,88.901094785209,62.44408327375265,65.09334005082341,67.84085843376063,71.96189330281503,75.82941857766002,81.96575753027899,85.59114606925378,96.53037855026163,78.41823699250135,81.74447419751901,82.72965615595764,78.40105784773654,85.4947518173519,90.29829482680886,94.62919980107182,96.61212540534375,98.0761334384371,66.73682513724573,68.07934031406867,68.82328251612473,69.38819312852283,72.08455604919949,74.44901328078562,62.68046469501255,66.23952538570046,64.17297978705167,66.67606736556816,56.78356566904394,37.357641627687116,38.72352309778897,46.37897613058449,53.81559915712588,31.809531970396357,34.28581487901563,35.14516331744566,22.338962711811607,23.25504404007892,27.33406647198587,34.90392994499515,20.454849092891227,25.452737547028647,27.714852928701276,30.33539981818828,33.30265764318429,35.34582405833502,36.562314091175395,38.171682290190155,43.76227018414193,48.44650395286015,54.18552582073972,58.639315443072576,31.37400769284182,18.713644386725168,24.85481772738246,30.989758068523688,34.08856227434077,36.193217429117205,42.01121749890071,46.06239139367391,50.216047424591,50.72535589703599,56.419889280070336,58.262516662084856,31.837580881183452,41.06941504764884,46.293191674658935,16.472633424255825,22.793356879683998,28.345772750275827,31.39788382295979,37.52062912225161,38.08223841704649,13.201206311896126,19.38330967563892,20.34679968596597,20.826247284771085,14.213909986741127,19.404338678092117,22.844688805622745,28.291786932148472,32.13273967853836,12.555484399982664,15.66943398210503,16.84348439744746,17.979438621877303,18.36710987435804,19.471136595049185,20.425003462069952,20.906062709980226,26.038015767767227,32.28370892385486,61.04055812963087
14,71.31021823024072,71.2422035259482,66.3529703549898,60.57146838750764,57.05619400276899,55.21741533202039,43.24977538088548,36.233654657864804,35.874294114677326,30.77196572461854,24.318207672134697,18.293272402772885,12.148388270423407,5.375610849010563,0.0,8.420039786129294,13.662103311116386,43.58253713150072,46.29022802966472,48.922305156194234,53.18191957536412,58.52237554840613,59.47757709781861,65.76249149659924,72.26079720066416,84.46485936276595,92.66920513593575,96.19111716162642,98.7049697409617,104.9381151969252,107.75309070901268,112.83533326305813,116.93634254068623,123.93270183943007,131.61229586640965,135.19889493124305,136.17924070585266,57.57878664181039,63.57371958555548,71.425854454494,74.483618997424,82.29544528837542,87.99764442555049,89.43524694363398,91.75609937323824,95.15210570420997,100.71446860139675,103.39190973053479,107.52637825744367,109.55635904553009,113.28925671356227,113.81977438527548,117.60466275879462,119.4465566211005,119.73127929318687,98.41781844566994,101.75084154790011,103.49667659165425,90.40379814206892,95.66288076168996,103.05355562938644,72.42407580241812,78.42555941992337,82.82800250310409,87.28264084182246,99.64969131588393,106.1598767922323,109.11555128080076,109.50909890899172,106.7009753042862,107.33231592091268,108.23236092407112,83.2914026167786,84.9773329237605,86.93323373924169,89.58972729278176,92.9110470605849,95.25209490289826,83.63301659488583,88.36228133689383,93.69192203772911,18.36074141167275,27.154099762028537,34.99356439379038,40.50043607528635,50.318066156571,56.91908473979861,62.66930219098273,73.04128735894786,79.77718209445783,86.54707941047097,88.79014268312442,90.80937671865335,96.45743216630983,99.0970480170289,101.91574919460572,89.4054783827506,99.40236719396829,100.63359151047484,90.26385872165714,91.87904842417184,95.5725133783323,101.7945719286313,106.0710260056042,70.88037167322445,71.56301219890346,71.98990098793081,76.79965496469937,80.58984942216233,83.52548393619844,57.0684724247421,59.71772920181285,62.46524758475007,66.58628245380446,70.45380772864945,76.59014668126842,80.21553522024321,91.15476770125106,73.04262614349078,76.36886334850844,77.35404530694707,73.02544699872598,80.11914096834134,84.9226839777983,89.25358895206126,91.23651455633319,92.70052258942654,61.36121428823517,62.70372946505811,63.44767166711417,64.01258227951227,66.70894520018894,69.07340243177507,57.30485384600199,60.86391453668989,58.79736893804112,61.30045651655761,51.407954820033375,31.982030778676553,33.34791224877841,41.003365281573934,48.439988308115325,26.433921121385794,28.91020403000507,29.769552468435094,16.963351862801044,17.879433191068358,21.958455622975308,29.52831909598459,25.83045994190179,30.82834839603921,33.09046377771184,35.71101066719884,38.67826849219485,40.72143490734558,41.93792494018596,43.54729313920072,49.137881033152496,53.82211480187071,59.56113666975028,64.01492629208315,25.998396843831255,24.08925523573573,30.230428576393024,36.365368917534255,39.46417312335133,41.56882827812777,47.386828347911276,51.438002242684476,55.59165827360156,56.10096674604655,61.7955001290809,63.63812751109542,37.21319173019401,46.445025896659395,51.66880252366949,21.84824427326639,28.16896772869456,33.72138359928639,36.773494671970354,42.896239971262176,43.45784926605705,18.57681716090669,24.758920524649483,25.722410534976532,26.20185813378165,19.58952083575169,24.77994952710268,28.22029965463331,33.66739778115904,37.50835052754893,17.931095248993223,21.04504483111559,22.219095246458025,23.355049470887867,23.742720723368603,24.846747444059748,25.800614311080516,26.28167355899079,31.41362661677779,37.65931977286542,66.41616897864144
15,79.73025801637003,79.6622433120775,74.7730101411191,68.99150817363694,65.47623378889828,63.63745511814968,51.669815167014775,44.6536944439941,44.29433390080662,39.19200551074783,32.73824745826399,26.71331218890218,20.5684280565527,13.795650635139857,8.420039786129294,0.0,5.242063524987092,35.16249734537143,37.870188243535424,40.50226537006494,44.761879789234825,50.10233576227684,51.057537311689316,57.342451710469945,63.84075741453486,76.04481957663666,84.24916534980647,87.77107737549714,90.28492995483242,96.51807541079592,99.3330509228834,104.41529347692885,108.51630275455695,115.51266205330079,123.19225608028037,126.77885514511377,127.7592009197234,49.158746855681095,55.153679799426186,63.00581466836471,66.06357921129471,73.87540550224612,79.5776046394212,81.01520715750469,83.33605958710895,86.73206591808068,92.29442881526745,94.9718699444055,99.10633847131437,101.13631925940079,104.86921692743297,105.39973459914619,109.18462297266532,111.0265168349712,111.31123950705758,89.99777865954064,93.33080176177081,95.07663680552496,81.98375835593961,87.24284097556065,94.63351584325713,64.00403601628882,70.00551963379408,74.4079627169748,78.86260105569316,91.22965152975463,97.739837006103,100.69551149467148,101.08905912286244,98.28093551815691,98.91227613478338,99.81232113794182,74.8713628306493,76.5572931376312,78.51319395311239,81.16968750665247,84.49100727445563,86.83205511676898,75.21297680875654,79.94224155076454,85.27188225159982,9.940701625543454,18.734059975899243,26.57352460766108,32.08039628915705,41.8980263704417,48.49904495366931,54.249262404853425,64.62124757281855,71.35714230832852,78.12703962434166,80.3701028969951,82.38933693252405,88.03739238018052,90.67700823089959,93.49570940847642,80.98543859662131,90.982327407839,92.21355172434555,81.84381893552785,83.45900863804255,87.15247359220301,93.37453214250199,97.65098621947489,62.46033188709515,63.14297241277417,63.56986120180151,68.37961517857008,72.16980963603304,75.10544415006915,48.648432638612796,51.29768941568355,54.045207798620766,58.16624266767516,62.03376794252014,68.17010689513911,71.7954954341139,82.73472791512175,64.62258635736148,67.94882356237915,68.93400552081778,64.60540721259669,71.69910118221205,76.502644191669,80.83354916593197,82.8164747702039,84.28048280329725,52.94117450210587,54.283689678928816,55.02763188098488,55.59254249338297,58.288905414059634,60.653362645645764,48.884814059872696,52.443874750560596,50.377329151911816,52.88041673042831,42.98791503390408,23.56199099254726,24.927872462649113,32.58332549544464,40.01994852198603,18.0138813352565,20.490164243875775,21.3495126823058,8.54331207667175,9.459393404939066,13.538415836846013,21.108279309855295,34.25049972803108,39.248388182168505,41.510503563841134,44.131050453328136,47.09830827832415,49.141474693474876,50.35796472631525,51.96733292533001,57.55792081928179,62.242154588000005,67.98117645587958,72.43496607821244,17.57835705770196,32.50929502186503,38.650468362522325,44.78540870366355,47.884212909480624,49.98886806425706,55.80686813404057,59.85804202881377,64.01169805973086,64.52100653217585,70.21553991521019,72.0581672972247,45.63323151632332,54.8650656827887,60.0888423097988,30.268284059395683,36.589007514823855,42.141423385415685,45.19353445809965,51.31627975739147,51.87788905218635,26.996856947035983,33.17896031077878,34.14245032110583,34.62189791991094,28.009560621880983,33.199989313231974,36.6403394407626,42.08743756728833,45.92839031367822,26.351135035122518,29.465084617244884,30.63913503258732,31.77508925701716,32.1627605094979,33.266787230189045,34.22065409720982,34.70171334512009,39.833666402907085,46.07935955899472,74.83620876477073
16,84.97232154135712,84.9043068370646,80.01507366610619,74.23357169862403,70.71829731388537,68.87951864313678,56.911878692001864,49.89575796898119,49.53639742579371,44.43406903573492,37.98031098325108,31.955375713889268,25.810491581539793,19.03771416012695,13.662103311116386,5.242063524987092,0.0,29.920433820384336,32.628124718548335,35.26020184507785,39.51981626424774,44.86027223728975,45.81547378670223,52.100388185482856,58.598693889547775,70.80275605164957,79.00710182481939,82.52901385051005,85.04286642984533,91.27601188580883,94.09098739789631,99.17322995194176,103.27423922956986,110.2705985283137,117.95019255529328,121.53679162012668,122.51713739473631,43.916683330694006,49.9116162744391,57.76375114337762,60.82151568630761,68.63334197725902,74.3355411144341,75.77314363251759,78.09399606212185,81.49000239309358,87.05236529028035,89.7298064194184,93.86427494632727,95.89425573441369,99.62715340244587,100.15767107415908,103.94255944767822,105.7844533099841,106.06917598207048,84.75571513455354,88.08873823678371,89.83457328053785,76.74169483095253,82.00077745057357,89.39145231827004,58.76197249130173,64.76345610880699,69.1658991919877,73.62053753070607,85.98758800476755,92.49777348111591,95.45344796968439,95.84699559787535,93.03887199316982,93.6702126097963,94.57025761295473,69.6292993056622,71.3152296126441,73.27113042812529,75.92762398166536,79.24894374946851,81.58999159178187,69.97091328376943,74.70017802577743,80.02981872661272,4.698638100556363,13.49199645091215,21.33146108267399,26.83833276416996,36.65596284545461,43.256981428682224,49.00719887986634,59.37918404783146,66.11507878334143,72.88497609935457,75.12803937200802,77.14727340753696,82.79532885519343,85.4349447059125,88.25364588348933,75.74337507163422,85.7402638828519,86.97148819935846,76.60175541054076,78.21694511305546,81.91041006721592,88.1324686175149,92.4089226944878,57.21826836210806,57.90090888778708,58.32779767681442,63.13755165358299,66.92774611104595,69.86338062508206,43.40636911362571,46.05562589069646,48.80314427363368,52.92417914268807,56.791704417533055,62.928043370152025,66.55343190912681,77.49266439013466,59.380522832374396,62.70676003739206,63.69194199583069,59.3633436876096,66.45703765722496,71.26058066668192,75.59148564094488,77.57441124521681,79.03841927831016,47.699110977118785,49.04162615394173,49.78556835599779,50.35047896839588,53.046841889072546,55.411299120658676,43.64275053488561,47.20181122557351,45.13526562692473,47.63835320544122,37.745851508916985,18.31992746756017,19.685808937662024,27.34126197045755,34.77788499699894,12.771817810269408,15.248100718888685,16.107449157318708,3.3012485516846577,4.217329879951973,8.296352311858922,15.866215784868203,39.49256325301817,44.49045170715559,46.75256708882822,49.373113978315224,52.340371803311236,54.383538218461965,55.60002825130234,57.2093964503171,62.79998434426888,67.4842181129871,73.22323998086667,77.67702960319953,12.33629353271487,37.75135854685212,43.89253188750941,50.02747222865064,53.12627643446771,55.23093158924415,61.04893165902766,65.10010555380086,69.25376158471795,69.76307005716293,75.45760344019727,77.30023082221179,50.87529504131041,60.10712920777579,65.33090583478588,35.51034758438277,41.83107103981094,47.38348691040277,50.43559798308674,56.55834328237856,57.119952577173436,32.238920472023075,38.421023835765865,39.384513846092915,39.86396144489803,33.251624146868075,38.44205283821907,41.8824029657497,47.32950109227542,51.17045383866531,31.593198560109613,34.70714814223198,35.88119855757441,37.017152782004246,37.40482403448498,38.50885075517613,39.4627176221969,39.94377687010717,45.07572992789417,51.321423083981806,80.07827228975782
17,114.89275536174146,114.82474065744894,109.93550748649054,104.15400551900838,100.63873113426972,98.79995246352112,86.83231251238621,79.81619178936553,79.45683124617806,74.35450285611927,67.90074480363542,61.87580953427361,55.73092540192413,48.958147980511285,43.58253713150072,35.16249734537143,29.920433820384336,0.0,2.707690898163998,5.339768024693512,9.599382443863398,14.939838416905411,15.895039966317892,22.179954365098517,28.67826006916344,40.882322231265235,49.08666800443505,52.608580030125715,55.122432609461,61.3555780654245,64.17055357751198,69.25279613155743,73.35380540918553,80.35016470792937,88.02975873490895,91.61635779974235,92.59670357435198,13.996249510309667,19.99118245405476,27.843317322993283,30.901081865923278,38.71290815687469,44.41510729404976,45.852709812133256,48.17356224173751,51.56956857270923,57.131931469895996,59.809372599034035,63.9438411259429,65.97382191402933,69.70671958206151,70.23723725377472,74.02212562729386,75.86401948959974,76.14874216168612,54.8352813141692,58.168304416399366,59.91413946015351,46.821261010568186,52.080343630189226,59.47101849788571,28.84153867091739,34.84302228842265,39.245465371603366,43.700103710321734,56.0671541843832,62.57733966073157,65.53301414930004,65.926561777491,63.11843817278547,63.74977878941195,64.64982379257039,39.70886548527787,41.39479579225977,43.35069660774096,46.00719016128104,49.32850992908419,51.66955777139754,40.05047946338511,44.77974420539311,50.10938490622839,34.6190719209407,43.412430271296486,51.25189490305833,56.7587665845543,66.57639666583896,73.17741524906657,78.92763270025068,89.2996178682158,96.03551260372578,102.80540991973892,105.04847319239236,107.0677072279213,112.71576267557778,115.35537852629685,118.17407970387367,45.82294125124988,55.81983006246757,57.05105437897412,46.68132159015643,48.29651129267113,51.98997624683159,118.05290243789925,122.32935651487215,27.297834541723724,27.980475067402743,28.407363856430084,33.21711783319865,37.00731229066161,39.94294680469772,73.32680293401006,75.97605971108082,78.72357809401804,82.84461296307244,86.71213823791743,92.8484771905364,96.47386572951119,107.41309821051904,29.460089011990057,32.78632621700772,33.77150817544635,89.28377750799395,96.3774714776093,101.18101448706626,105.51191946132923,107.49484506560115,108.9588530986945,17.778677156734446,19.12119233355739,19.865134535613446,20.43004514801154,23.1264080686882,25.490865300274326,13.722316714501272,17.281377405189172,75.05569944730908,77.55878702582557,7.825417688532651,48.2403612879445,49.606242758046356,57.261695790841884,64.69831881738328,42.69225163065374,45.16853453927302,46.027882977703044,33.22168237206899,34.13776370033631,38.21678613224326,45.786649605252535,69.41299707340251,74.41088552753993,76.67300090921256,79.29354779869956,82.26080562369557,84.30397203884631,85.52046207168668,87.12983027070143,92.72041816465321,97.40465193337143,103.143673801251,107.59746342358386,42.25672735309921,67.67179236723645,73.81296570789374,79.94790604903497,83.04671025485204,85.15136540962848,90.96936547941199,95.02053937418519,99.17419540510228,99.68350387754727,105.3780372605816,107.22066464259612,80.79572886169473,90.02756302816012,95.25133965517021,65.4307814047671,71.75150486019527,77.3039207307871,80.35603180347107,86.47877710276289,87.04038639755777,62.159354292407414,68.34145765615021,69.30494766647726,69.78439526528237,63.172057967252414,68.3624866586034,71.80283678613404,77.24993491265977,81.09088765904966,61.51363238049395,64.62758196261632,65.80163237795875,66.93758660238859,67.32525785486934,68.42928457556049,69.38315144258125,69.86421069049153,74.9961637482785,81.24185690436614,109.99870611014217
18,117.60044625990547,117.53243155561294,112.64319838465454,106.86169641717238,103.34642203243372,101.50764336168513,89.54000341055021,82.52388268752954,82.16452214434206,77.06219375428327,70.60843570179942,64.5835004324376,58.43861630008813,51.66583887867528,46.29022802966472,37.870188243535424,32.628124718548335,2.707690898163998,0.0,2.632077126529514,6.891691545699398,12.232147518741412,13.187349068153893,19.47226346693452,25.970569170999443,38.17463133310123,46.378977106271044,49.90088913196171,52.414741711297,58.6478871672605,61.46286267934798,66.54510523339343,70.64611451102152,77.64247380976536,85.32206783674495,88.90866690157834,89.88901267618797,11.288558612145668,17.28349155589076,25.135626424829283,28.193390967759278,36.005217258710694,41.70741639588576,43.14501891396925,45.465871343573504,48.86187767454523,54.42424057173199,57.10168170087003,61.2361502277789,63.26613101586533,66.9990286838975,67.52954635561072,71.31443472912986,73.15632859143574,73.44105126352211,52.1275904160052,55.46061351823536,57.206448561989504,44.11357011240419,49.37265273202523,56.76332759972171,26.133847772753395,32.135331390258656,36.53777447343937,40.99241281215774,53.35946328621921,59.86964876256758,62.82532325113605,63.21887087932701,60.41074727462148,61.04208789124796,61.942132894406406,37.00117458711387,38.687104894095775,40.64300570957696,43.29949926311704,46.620819030920195,48.96186687323355,37.34278856522111,42.07205330722911,47.401694008064396,37.3267628191047,46.12012116946049,53.95958580122233,59.466457482718305,69.28408756400296,75.88510614723057,81.63532359841469,92.00730876637981,98.74320350188978,105.51310081790292,107.75616409055637,109.7753981260853,115.42345357374178,118.06306942446085,120.88177060203768,43.115250353085884,53.11213916430357,54.343363480810126,43.973630691992426,45.588820394507124,49.282285348667585,120.76059333606325,125.03704741303615,24.590143643559728,25.272784169238747,25.69967295826609,30.509426935034657,34.29962139249761,37.23525590653372,76.03449383217406,78.68375060924483,81.43126899218204,85.55230386123644,89.41982913608143,95.5561680887004,99.18155662767519,110.12078910868304,26.75239811382606,30.078635318843723,31.063817277282354,91.99146840615795,99.08516237577331,103.88870538523027,108.21961035949323,110.20253596376516,111.66654399685851,15.070986258570445,16.41350143539339,17.157443637449447,17.72235424984754,20.4187171705242,22.783174402110326,11.014625816337272,14.573686507025172,77.76339034547308,80.26647792398957,10.533108586696649,50.948052186108505,52.31393365621036,59.96938668900589,67.40600971554728,45.399942528817746,47.87622543743702,48.73557387586705,35.92937327023299,36.84545459850031,40.92447703040726,48.49434050341654,72.12068797156651,77.11857642570394,79.38069180737656,82.00123869686357,84.96849652185958,87.01166293701031,88.22815296985068,89.83752116886544,95.42810906281721,100.11234283153543,105.851364699415,110.30515432174786,44.96441825126321,70.37948326540045,76.52065660605774,82.65559694719897,85.75440115301605,87.85905630779249,93.677056377576,97.7282302723492,101.88188630326628,102.39119477571127,108.08572815874561,109.92835554076012,83.50341975985873,92.73525392632412,97.95903055333422,68.1384723029311,74.45919575835927,80.0116116289511,83.06372270163507,89.1864680009269,89.74807729572177,64.8670451905714,71.0491485543142,72.01263856464125,72.49208616344636,65.8797488654164,71.07017755676739,74.51052768429803,79.95762581082376,83.79857855721365,64.22132327865795,67.33527286078032,68.50932327612274,69.64527750055258,70.03294875303332,71.13697547372448,72.09084234074524,72.57190158865552,77.70385464644251,83.94954780253015,112.70639700830617
19,120.23252338643498,120.16450868214245,115.27527551118405,109.49377354370189,105.97849915896323,104.13972048821464,92.17208053707972,85.15595981405905,84.79659927087157,79.69427088081278,73.24051282832893,67.21557755896711,61.07069342661764,54.29791600520479,48.92230515619423,40.50226537006493,35.260201845077844,5.339768024693512,2.632077126529514,0.0,4.259614419169885,9.600070392211897,10.55527194162438,16.840186340405005,23.338492044469927,35.54255420657172,43.746899979741535,47.2688120054322,49.78266458476749,56.01581004073099,58.83078555281847,63.91302810686392,68.01403738449201,75.01039668323585,82.68999071021544,86.27658977504883,87.25693554965846,8.656481485616153,14.651414429361242,22.503549298299767,25.56131384122976,33.37314013218118,39.07533926935625,40.51294178743974,42.833794217043994,46.22980054801572,51.79216344520248,54.46960457434052,58.60407310124939,60.63405388933582,64.366951557368,64.89746922908121,68.68235760260035,70.52425146490623,70.8089741369926,49.49551328947569,52.82853639170585,54.574371435459994,41.481492985874674,46.740575605495714,54.131250473192196,23.50177064622388,29.50325426372914,33.905697346909854,38.36033568562822,50.72738615968969,57.237571636038055,60.193246124606524,60.58679375279748,57.778670148091955,58.410010764718436,59.31005576787688,34.369097460584356,36.05502776756626,38.010928583047445,40.667422136587525,43.98874190439068,46.32978974670403,34.7107114386916,39.439976180699595,44.76961688153488,39.95883994563421,48.75219829599,56.59166292775184,62.098534609247814,71.91616469053247,78.51718327376008,84.2674007249442,94.63938589290932,101.37528062841929,108.14517794443243,110.38824121708588,112.40747525261482,118.05553070027129,120.69514655099036,123.51384772856719,40.48317322655637,50.480062037774054,51.71128635428061,41.34155356546292,42.956743267977615,46.650208222138076,123.39267046259276,127.66912453956566,21.95806651703021,22.64070704270923,23.067595831736572,27.87734980850514,31.667544265968097,34.60317878000421,78.66657095870357,81.31582773577433,84.06334611871155,88.18438098776595,92.05190626261094,98.18824521522991,101.8136337542047,112.75286623521255,24.120320987296545,27.446558192314207,28.431740150752837,94.62354553268746,101.71723950230282,106.52078251175978,110.85168748602274,112.83461309029467,114.29862112338802,12.43890913204093,13.781424308863874,14.525366510919932,15.090277123318028,17.786640043994687,20.151097275580813,8.382548689807757,11.941609380495658,80.3954674720026,82.89855505051908,13.165185713226164,53.580129312638014,54.94601078273987,62.601463815535396,70.0380868420768,48.032019655347256,50.50830256396653,51.367651002396556,38.5614503967625,39.47753172502982,43.55655415693677,51.12641762994605,74.75276509809602,79.75065355223344,82.01276893390607,84.63331582339308,87.60057364838909,89.64374006353982,90.86023009638019,92.46959829539495,98.06018618934672,102.74441995806494,108.48344182594451,112.93723144827737,47.59649537779272,73.01156039192996,79.15273373258725,85.28767407372848,88.38647827954556,90.491133434322,96.3091335041055,100.3603073988787,104.5139634297958,105.02327190224078,110.71780528527512,112.56043266728963,86.13549688638824,95.36733105285363,100.59110767986373,70.77054942946062,77.09127288488878,82.64368875548061,85.69579982816458,91.8185451274564,92.38015442225128,67.49912231710091,73.68122568084371,74.64471569117076,75.12416328997587,68.51182599194591,73.7022546832969,77.14260481082754,82.58970293735327,86.43065568374315,66.85340040518746,69.96734998730983,71.14140040265225,72.27735462708209,72.66502587956283,73.76905260025399,74.72291946727475,75.20397871518503,80.33593177297202,86.58162492905966,115.33847413483568
20,124.49213780560486,124.42412310131233,119.53488993035393,113.75338796287177,110.23811357813311,108.39933490738451,96.4316949562496,89.41557423322892,89.05621369004145,83.95388529998266,77.50012724749882,71.475191978137,65.33030784578753,58.55753042437468,53.18191957536412,44.761879789234825,39.51981626424773,9.599382443863396,6.891691545699398,4.259614419169885,0.0,5.340455973042014,6.295657522454495,12.580571921235123,19.078877625300045,31.282939787401837,39.48728556057165,43.00919758626232,45.5230501655976,51.756195621561105,54.57117113364859,59.65341368769404,63.75442296532213,70.75078226406598,78.43037629104556,82.01697535587896,82.99732113048859,4.396867066446268,10.391800010191359,18.24393487912988,21.301699422059876,29.11352571301129,34.815724850186356,36.25332736826985,38.5741797978741,41.970186128845825,47.53254902603259,50.20999015517063,54.3444586820795,56.374439470165925,60.107337138198105,60.63785480991131,64.42274318343044,66.26463704573632,66.5493597178227,45.235898870305796,48.56892197253596,50.3147570162901,37.22187856670479,42.48096118632583,49.87163605402231,19.242156227053997,25.243639844559254,29.64608292773997,34.100721266458336,46.46777174051981,52.97795721686818,55.933631705436646,56.327179333627605,53.519055728922076,54.15039634554856,55.050441348707004,30.10948304141447,31.79541334839637,33.75131416387756,36.40780771741764,39.72912748522079,42.070175327534145,30.451097019521704,35.1803617615297,40.51000246236499,44.218454364804096,53.011812715159884,60.85127734692172,66.35814902841769,76.17577910970233,82.77679769292995,88.52701514411406,98.89900031207918,105.63489504758915,112.4047923636023,114.64785563625574,116.66708967178468,122.31514511944115,124.95476097016022,127.77346214773705,36.22355880738648,46.22044761860417,47.451671935110724,37.08193914629303,38.69712884880773,42.39059380296819,127.65228488176263,131.92873895873552,17.69845209786033,18.38109262353935,18.80798141256669,23.61773538933526,27.40792984679821,30.34356436083432,82.92618537787344,85.5754421549442,88.32296053788141,92.44399540693581,96.3115206817808,102.44785963439978,106.07324817337457,117.01248065438241,19.860706568126663,23.186943773144325,24.172125731582955,98.88315995185732,105.97685392147268,110.78039693092964,115.1113019051926,117.09422750946453,118.55823554255788,8.179294712871046,9.52180988969399,10.265752091750048,10.830662704148144,13.527025624824804,15.891482856410931,4.122934270637873,7.681994961325774,84.65508189117244,87.15816946968893,17.424800132396047,57.8397437318079,59.205625201909754,66.86107823470527,74.29770126124667,52.29163407451714,54.767916983136416,55.62726542156644,42.82106481593239,43.737146144199706,47.816168576106655,55.38603204911593,79.01237951726591,84.01026797140334,86.27238335307597,88.89293024256297,91.86018806755898,93.90335448270972,95.11984451555008,96.72921271456484,102.31980060851662,107.00403437723483,112.7430562451144,117.19684586744727,51.856109796962606,77.27117481109985,83.41234815175714,89.54728849289837,92.64609269871545,94.75074785349189,100.5687479232754,104.6199218180486,108.77357784896569,109.28288632141067,114.97741970444501,116.82004708645952,90.39511130555813,99.62694547202352,104.85072209903362,75.03016384863051,81.35088730405867,86.9033031746505,89.95541424733446,96.07815954662628,96.63976884142116,71.7587367362708,77.9408401000136,78.90433011034065,79.38377770914576,72.7714404111158,77.96186910246679,81.40221922999743,86.84931735652316,90.69027010291305,71.11301482435735,74.22696440647971,75.40101482182214,76.53696904625198,76.92464029873273,78.02866701942388,78.98253388644464,79.46359313435492,84.59554619214191,90.84123934822955,119.59808855400556
21,129.83259377864687,129.76457907435434,124.87534590339595,119.0938439359138,115.57856955117514,113.73979088042654,101.77215092929163,94.75603020627095,94.39666966308347,89.29434127302468,82.84058322054084,76.81564795117902,70.67076381882954,63.897986397416695,58.52237554840613,50.10233576227684,44.86027223728975,14.93983841690541,12.232147518741412,9.600070392211897,5.340455973042014,0.0,0.9552015494124815,7.240115948193108,13.73842165225803,25.94248381435982,34.14682958752964,37.668741613220305,40.18259419255559,46.41573964851909,49.23071516060658,54.31295771465203,58.413966992280116,65.41032629102395,73.08992031800354,76.67651938283693,77.65686515744656,9.737323039488281,15.732255983233372,23.584390852171897,26.64215539510189,34.453981686053304,40.15618082322837,41.59378334131186,43.914635770916114,47.31064210188784,52.8730049990746,55.55044612821264,59.68491465512151,61.714895443207936,65.44779311124012,65.97831078295333,69.76319915647247,71.60509301877835,71.88981569086472,50.57635484334781,53.90937794557797,55.655212989332114,42.5623345397468,47.82141715936784,55.21209202706432,13.901700254011981,19.903183871517243,24.305626954697956,28.76026529341632,41.12731576747779,47.63750124382616,50.59317573239463,50.986723360585586,48.17859975588006,48.80994037250654,49.709985375664985,35.44993901445648,37.135869321438385,39.09177013691957,41.74826369045965,45.069583458262805,47.410631300576156,35.79155299256372,40.52081773457172,45.850458435407006,49.558910337846115,58.3522686882019,66.19173331996375,71.69860500145971,81.51623508274436,88.11725366597197,93.86747111715609,104.23945628512121,110.97535102063118,117.74524833664432,119.98831160929777,122.0075456448267,127.65560109248318,130.29521694320226,133.1139181207791,30.88310283434447,40.87999164556216,42.11121596206871,31.74148317325102,33.35667287576572,37.05013782992618,132.99274085480465,137.26919493177755,12.357996124818314,13.040636650497335,13.467525439524676,18.277279416293243,32.74838581984022,35.68402033387633,88.26664135091546,90.91589812798622,93.66341651092344,97.78445137997784,101.65197665482283,107.7883156074418,111.41370414641659,122.35293662742444,14.520250595084649,17.84648780010231,18.83166975854094,104.22361592489935,111.31730989451471,116.12085290397167,120.45175787823463,122.43468348250656,123.89869151559991,13.51975068591306,14.862265862736004,15.606208064792062,16.171118677190158,18.867481597866817,21.231938829452943,9.463390243679886,13.022450934367786,89.99553786421447,92.49862544273095,22.765256105438063,63.18019970484992,64.54608117495177,72.20153420774729,79.63815723428868,57.63209004755916,60.108372956178435,60.96772139460846,48.16152078897441,49.077602117241724,53.156624549148674,60.72648802215795,84.35283549030792,89.35072394444535,91.61283932611798,94.23338621560498,97.20064404060099,99.24381045575173,100.4603004885921,102.06966868760685,107.66025658155863,112.34449035027684,118.08351221815641,122.53730184048928,57.196565770004625,82.61163078414187,88.75280412479916,94.88774446594039,97.98654867175746,100.0912038265339,105.90920389631741,109.96037779109061,114.1140338220077,114.62334229445268,120.31787567748702,122.16050305950154,95.73556727860014,104.96740144506553,110.19117807207563,80.37061982167252,86.69134327710069,92.24375914769251,95.29587022037649,101.41861551966831,101.98022481446318,77.09919270931282,83.28129607305561,84.24478608338266,84.72423368218777,78.11189638415782,83.3023250755088,86.74267520303944,92.18977332956517,96.03072607595506,76.45347079739936,79.56742037952174,80.74147079486416,81.877425019294,82.26509627177474,83.36912299246589,84.32298985948665,84.80404910739693,89.93600216518392,96.18169532127156,124.93854452704758
22,130.78779532805933,130.7197806237668,125.83054745280842,120.04904548532626,116.5337711005876,114.694992429839,102.72735247870409,95.71123175568341,95.35187121249594,90.24954282243715,83.7957847699533,77.77084950059148,71.625965368242,64.85318794682917,59.47757709781861,51.057537311689316,45.81547378670223,15.895039966317892,13.187349068153894,10.55527194162438,6.295657522454495,0.9552015494124815,0.0,6.284914398780627,12.783220102845549,24.98728226494734,33.19162803811715,36.71354006380782,39.227392643143105,45.46053809910661,48.275513611194086,53.357756165239536,57.45876544286762,64.45512474161146,72.13471876859104,75.72131783342444,76.70166360803407,10.692524588900763,16.687457532645855,24.53959240158438,27.597356944514374,35.40918323546579,41.11138237264086,42.548984890724356,44.86983732032861,48.26584365130033,53.828206548487096,56.505647677625134,60.640116204534,62.67009699262043,66.40299466065261,66.93351233236582,70.71840070588496,72.56029456819084,72.84501724027722,51.5315563927603,54.864579494990465,56.61041453874461,43.517536089159286,48.776618708780326,56.16729357647681,12.946498704599499,18.947982322104757,23.35042540528547,27.805063744003835,40.1721142180653,46.68229969441367,49.63797418298214,50.0315218111731,47.22339820646757,47.85473882309405,48.7547838262525,36.40514056386897,38.09107087085087,40.04697168633206,42.70346523987214,46.02478500767529,48.36583284998864,36.74675454197621,41.47601928398421,46.80565998481949,50.51411188725859,59.30747023761438,67.14693486937622,72.65380655087219,82.47143663215684,89.07245521538445,94.82267266656856,105.19465783453369,111.93055257004366,118.7004498860568,120.94351315871025,122.96274719423918,128.61080264189565,131.25041849261473,134.06911967019155,29.927901284931984,39.92479009614967,41.156014412656226,30.786281623838534,32.40147132635323,36.09493628051369,133.94794240421712,138.22439648119,11.402794575405833,12.085435101084855,12.512323890112196,17.322077866880765,33.70358736925271,36.63922188328882,89.22184290032794,91.8710996773987,94.61861806033592,98.73965292939032,102.60717820423531,108.74351715685428,112.36890569582907,123.30813817683692,13.565049045672168,16.89128625068983,17.87646820912846,105.17881747431183,112.27251144392719,117.07605445338415,121.40695942764711,123.38988503191904,124.85389306501239,14.474952235325542,15.817467412148487,16.561409614204546,17.12632022660264,19.8226831472793,22.187140378865426,10.418591793092368,13.977652483780268,90.95073941362696,93.45382699214345,23.72045765485054,64.1354012542624,65.50128272436426,73.15673575715978,80.59335878370118,58.58729159697164,61.063574505590914,61.92292294402094,49.116722338386886,50.0328036666542,54.11182609856115,61.68168957157043,85.30803703972039,90.30592549385781,92.56804087553044,95.18858776501745,98.15584559001346,100.19901200516419,101.41550203800456,103.02487023701931,108.61545813097109,113.29969189968931,119.03871376756888,123.49250338990174,58.151767319417104,83.56683233355433,89.70800567421162,95.84294601535285,98.94175022116993,101.04640537594636,106.86440544572987,110.91557934050307,115.06923537142016,115.57854384386515,121.27307722689949,123.115704608914,96.69076882801261,105.922602994478,111.1463796214881,81.32582137108498,87.64654482651315,93.19896069710498,96.25107176978895,102.37381706908077,102.93542636387565,78.05439425872528,84.23649762246808,85.19998763279513,85.67943523160024,79.06709793357028,84.25752662492127,87.6978767524519,93.14497487897764,96.98592762536752,77.40867234681183,80.5226219289342,81.69667234427662,82.83262656870646,83.2202978211872,84.32432454187835,85.27819140889912,85.7592506568094,90.89120371459639,97.13689687068403,125.89374607646005
23,137.07270972683997,137.00469502254745,132.11546185158906,126.3339598841069,122.81868549936824,120.97990682861965,109.01226687748473,101.99614615446406,101.63678561127658,96.53445722121779,90.08069916873394,84.05576389937212,77.91087976702265,71.13810234560981,65.76249149659924,57.342451710469945,52.100388185482856,22.17995436509852,19.47226346693452,16.84018634040501,12.580571921235123,7.240115948193108,6.284914398780627,0.0,6.498305704064922,18.702367866166714,26.906713639336527,30.428625665027198,32.94247824436248,39.175623700325986,41.99059921241347,47.07284176645892,51.17385104408701,58.17021034283085,65.84980436981043,69.43640343464382,70.41674920925345,16.977438987681392,22.972371931426483,30.824506800365008,33.882271343295,41.69409763424642,47.39629677142149,48.833899289504984,51.154751719109235,54.55075805008096,60.113120947267724,62.79056207640576,66.92503060331464,68.95501139140106,72.68790905943324,73.21842673114645,77.00331510466559,78.84520896697147,79.12993163905784,57.81647079154093,61.149493893771094,62.895328937525235,49.802450487939915,55.061533107560955,62.45220797525744,6.661584305818873,12.663067923324132,17.06551100650485,21.520149345223214,33.88719981928468,40.39738529563305,43.35305978420152,43.74660741239248,40.93848380768695,41.56982442431343,42.46986942747188,42.6900549626496,44.3759852696315,46.331886085112686,48.988379638652766,52.30969940645592,54.65074724876927,43.03166894075684,47.760933682764836,53.09057438360012,56.79902628603922,65.59238463639501,73.43184926815685,78.93872094965282,88.75635103093747,95.35736961416508,101.1075870653492,111.47957223331431,118.21546696882429,124.98536428483743,127.22842755749087,129.2476615930198,134.8957170406763,137.53533289139537,140.3540340689722,23.642986886151355,33.63987569736904,34.8711000138756,24.501367225057912,26.11655692757261,29.810021881733075,140.23285680299776,144.50931087997066,5.1178801766252064,5.800520702304228,6.227409491331569,11.037163468100136,39.98850176803334,42.92413628206945,95.50675729910857,98.15601407617933,100.90353245911655,105.02456732817095,108.89209260301594,115.02843155563491,118.6538200946097,129.59305257561755,7.280134646891541,10.606371851909202,11.59155381034783,111.46373187309246,118.55742584270781,123.36096885216477,127.69187382642774,129.67479943069966,131.138807463793,20.759866634106167,22.10238181092911,22.846324012985168,23.411234625383262,26.10759754605992,28.472054777646047,16.703506191872997,20.262566882560897,97.23565381240758,99.73874139092406,30.00537205363117,70.42031565304303,71.78619712314489,79.44165015594041,86.8782731824818,64.87220599575227,67.34848890437155,68.20783734280157,55.401636737167514,56.31771806543483,60.39674049734178,67.96660397035106,91.59295143850103,96.59083989263846,98.85295527431109,101.47350216379809,104.4407599887941,106.48392640394484,107.7004164367852,109.30978463579996,114.90037252975173,119.58460629846995,125.32362816634952,129.77741778868238,64.43668171819773,89.85174673233497,95.99292007299226,102.1278604141335,105.22666461995057,107.331319774727,113.14931984451052,117.20049373928371,121.3541497702008,121.86345824264579,127.55799162568013,129.40061900769464,102.97568322679325,112.20751739325864,117.43129402026874,87.61073576986563,93.93145922529379,99.48387509588562,102.5359861685696,108.65873146786141,109.22034076265629,84.33930865750592,90.52141202124872,91.48490203157577,91.96434963038088,85.35201233235092,90.54244102370191,93.98279115123255,99.42988927775828,103.27084202414817,83.69358674559247,86.80753632771484,87.98158674305726,89.1175409674871,89.50521221996785,90.609238940659,91.56310580767976,92.04416505559004,97.17611811337703,103.42181126946467,132.1786604752407
24,143.57101543090488,143.50300072661236,138.61376755565396,132.83226558817182,129.31699120343316,127.47821253268455,115.51057258154964,108.49445185852896,108.13509131534148,103.0327629252827,96.57900487279885,90.55406960343703,84.40918547108755,77.63640804967471,72.26079720066416,63.84075741453486,58.598693889547775,28.678260069163443,25.970569170999443,23.33849204446993,19.078877625300045,13.73842165225803,12.783220102845549,6.498305704064922,0.0,12.204062162101792,20.408407935271605,23.930319960962272,26.444172540297554,32.67731799626105,35.49229350834854,40.57453606239399,44.675545340022076,51.671904638765916,59.3514986657455,62.93809773057889,63.91844350518851,23.475744691746314,29.470677635491406,37.322812504429926,40.38057704735992,48.19240333831134,53.89460247548641,55.3322049935699,57.653057423174154,61.04906375414588,66.61142665133265,69.2888677804707,73.42333630737957,75.45331709546599,79.18621476349817,79.71673243521138,83.50162080873052,85.3435146710364,85.62823734312278,64.31477649560584,67.64779959783601,69.39363464159015,56.30075619200483,61.55983881162587,68.95051367932236,13.159890009883796,19.161373627389054,23.563816710569768,28.018455049288132,40.3855055233496,46.89569099969797,49.85136548826644,50.2449131164574,47.43678951175187,48.06813012837835,48.968175131536796,49.188360666714516,50.87429097369642,52.830191789177604,55.486685342717685,58.80800511052084,61.14905295283419,49.529974644821756,54.259239386829755,59.58888008766504,63.29733199010414,72.09069034045993,79.93015497222177,85.43702665371774,95.25465673500238,101.85567531823,107.60589276941411,117.97787793737923,124.7137726728892,131.48366998890234,133.72673326155578,135.74596729708472,141.3940227447412,144.03363859546027,146.8523397730371,30.14129259021628,40.13818140143397,41.36940571794052,18.003061520992986,19.618251223507684,23.31171617766815,146.73116250706266,151.00761658403556,11.616185880690129,12.29882640636915,12.725715195396491,17.535469172165058,46.486807472098256,49.422441986134366,102.00506300317349,104.65431978024425,107.40183816318147,111.52287303223586,115.39039830708086,121.52673725969983,125.15212579867462,136.09135827968245,13.778440350956462,17.104677555974124,18.089859514412755,117.96203757715737,125.05573154677273,129.8592745562297,134.19017953049266,136.1731051347646,137.63711316785793,27.258172338171093,28.600687514994036,29.344629717050093,29.909540329448188,32.60590325012485,34.970360481710976,23.20181189593792,26.76087258662582,103.73395951647251,106.237047094989,36.503677757696096,76.91862135710795,78.2845028272098,85.93995586000533,93.37657888654672,71.37051169981719,73.84679460843647,74.70614304686649,61.89994244123243,62.81602376949975,66.8950462014067,74.46490967441598,98.09125714256594,103.08914559670336,105.35126097837599,107.97180786786299,110.939065692859,112.98223210800974,114.19872214085011,115.80809033986486,121.39867823381664,126.08291200253485,131.82193387041443,136.2757234927473,70.93498742226265,96.35005243639988,102.49122577705717,108.6261661181984,111.72497032401547,113.82962547879191,119.64762554857542,123.69879944334862,127.85245547426571,128.3617639467107,134.05629732974504,135.89892471175955,109.47398893085816,118.70582309732355,123.92959972433364,94.10904147393053,100.4297649293587,105.98218079995053,109.0342918726345,115.15703717192632,115.7186464667212,90.83761436157083,97.01971772531363,97.98320773564068,98.46265533444578,91.85031803641583,97.04074672776682,100.48109685529745,105.92819498182318,109.76914772821307,90.19189244965737,93.30584203177975,94.47989244712217,95.615846671552,96.00351792403275,97.1075446447239,98.06141151174467,98.54247075965495,103.67442381744193,109.92011697352957,138.67696617930562
25,155.77507759300667,155.70706288871415,150.81782971775576,145.0363277502736,141.52105336553495,139.68227469478634,127.71463474365143,120.69851402063075,120.33915347744328,115.23682508738449,108.78306703490064,102.75813176553882,96.61324763318935,89.8404702117765,84.46485936276595,76.04481957663666,70.80275605164957,40.882322231265235,38.17463133310124,35.54255420657172,31.282939787401837,25.94248381435982,24.98728226494734,18.702367866166714,12.204062162101792,0.0,8.204345773169813,11.726257798860482,14.240110378195766,20.473255834159268,23.28823134624675,28.370473900292204,32.47148317792029,39.46784247666413,47.14743650364372,50.734035568477104,51.71438134308673,35.679806853848106,41.6747397975932,49.52687466653172,52.58463920946171,60.39646550041313,66.0986646375882,67.5362671556717,69.85711958527595,73.25312591624768,78.81548881343446,81.4929299425725,85.62739846948138,87.6573792575678,91.39027692559998,91.92079459731319,95.70568297083233,97.54757683313821,97.83229950522458,76.51883865770765,79.85186175993782,81.59769680369196,68.50481835410662,73.76390097372766,81.15457584142413,25.363952171985588,31.365435789490846,35.76787887267156,40.22251721138993,52.5895676854514,59.09975316179977,62.05542765036824,62.448975278559196,59.64085167385367,60.27219229048015,61.172237293638595,61.39242282881631,63.07835313579821,65.0342539512794,67.69074750481947,71.01206727262263,73.35311511493599,61.73403680692355,66.46330154893155,71.79294224976684,75.50139415220593,84.29475250256172,92.13421713432356,97.64108881581953,107.45871889710418,114.05973748033179,119.8099549315159,130.18194009948104,136.917834834991,143.68773215100413,145.93079542365757,147.9500294591865,153.59808490684298,156.23770075756207,159.0564019351389,42.34535475231807,52.34224356353576,53.573467880042315,5.798999358891196,7.414189061405892,11.107654015566357,158.93522466916446,163.21167874613735,23.82024804279192,24.50288856847094,24.92977735749828,29.73953133426685,58.69086963420005,61.62650414823616,114.20912516527528,116.85838194234604,119.60590032528326,123.72693519433766,127.59446046918265,133.7307994218016,137.3561879607764,148.29542044178424,25.982502513058254,29.308739718075916,30.293921676514547,130.16609973925915,137.2597937088745,142.06333671833147,146.39424169259442,148.37716729686636,149.8411753299597,39.462234500272885,40.80474967709583,41.54869187915189,42.11360249154998,44.809965412226646,47.174422643812775,35.40587405803971,38.96493474872761,115.9380216785743,118.44110925709079,48.70773991979789,89.12268351920974,90.4885649893116,98.14401802210712,105.58064104864852,83.57457386191898,86.05085677053826,86.91020520896828,74.10400460333422,75.02008593160153,79.09910836350848,86.66897183651776,110.29531930466773,115.29320775880515,117.55532314047778,120.17587002996478,123.1431278549608,125.18629427011153,126.4027843029519,128.01215250196665,133.60274039591843,138.28697416463663,144.02599603251622,148.47978565484908,83.13904958436444,108.55411459850167,114.69528793915896,120.83022828030019,123.92903248611726,126.0336876408937,131.8516877106772,135.9028616054504,140.0565176363675,140.56582610881247,146.26035949184683,148.10298687386134,121.67805109295995,130.90988525942532,136.13366188643542,106.31310363603232,112.63382709146049,118.18624296205232,121.23835403473629,127.36109933402811,127.92270862882299,103.04167652367262,109.22377988741542,110.18726989774247,110.66671749654758,104.05438019851762,109.24480888986861,112.68515901739924,118.13225714392497,121.97320989031486,102.39595461175917,105.50990419388154,106.68395460922396,107.8199088336538,108.20758008613454,109.3116068068257,110.26547367384646,110.74653292175674,115.87848597954373,122.12417913563137,150.88102834140741
26,163.9794233661765,163.91140866188397,159.02217549092558,153.24067352344343,149.72539913870477,147.88662046795616,135.91898051682125,128.9028597938006,128.5434992506131,123.44117086055431,116.98741280807046,110.96247753870864,104.81759340635917,98.04481598494633,92.66920513593575,84.24916534980646,79.00710182481937,49.08666800443504,46.378977106271044,43.74689997974153,39.48728556057164,34.14682958752963,33.19162803811715,26.906713639336527,20.408407935271605,8.204345773169813,0.0,3.5219120256906695,6.035764605025952,12.268910060989453,15.083885573076936,20.16612812712239,24.26713740475048,31.26349670349432,38.943090730473905,42.52968979530729,43.510035569916916,43.88415262701791,49.879085570763,57.731220439701524,60.78898498263152,68.60081127358293,74.303010410758,75.7406129288415,78.06146535844576,81.45747168941749,87.01983458660426,89.69727571574231,93.83174424265118,95.8617250307376,99.59462269876978,100.125140370483,103.91002874400213,105.75192260630801,106.03664527839439,84.72318443087745,88.05620753310762,89.80204257686177,76.70916412727644,81.96824674689748,89.35892161459395,33.5682979451554,39.56978156266066,43.97222464584137,48.42686298455974,60.793913458621205,67.30409893496957,70.25977342353804,70.653321051729,67.84519744702348,68.47653806364995,69.3765830668084,69.59676860198611,71.28269890896802,73.2385997244492,75.89509327798928,79.21641304579242,81.55746088810578,69.93838258009335,74.66764732210135,79.99728802293663,83.70573992537574,92.49909827573153,100.33856290749337,105.84543458898933,115.66306467027398,122.2640832535016,128.0143007046857,138.38628587265083,145.1221806081608,151.89207792417392,154.13514119682736,156.1543752323563,161.80243068001278,164.44204653073186,167.26074770830868,50.549700525487886,60.54658933670557,61.77781365321213,14.003345132061009,15.618534834575705,19.31199978873617,167.13957044233425,171.41602451930714,32.02459381596174,32.707234341640756,33.134123130668094,37.94387710743666,66.89521540736985,69.83084992140596,122.41347093844509,125.06272771551585,127.81024609845306,131.93128096750746,135.79880624235244,141.9351451949714,145.5605337339462,156.49976621495404,34.18684828622807,37.51308549124573,38.49826744968436,138.37044551242894,145.4641394820443,150.26768249150126,154.5985874657642,156.58151307003615,158.0455211031295,47.66658027344269,49.00909545026563,49.753037652321694,50.31794826471979,53.01431118539645,55.37876841698258,43.61021983120951,47.16928052189741,124.1423674517441,126.64545503026058,56.91208569296769,97.32702929237955,98.6929107624814,106.34836379527692,113.78498682181832,91.77891963508878,94.25520254370807,95.11455098213808,82.30835037650402,83.22443170477133,87.30345413667828,94.87331760968756,118.49966507783755,123.49755353197497,125.7596689136476,128.3802158031346,131.34747362813061,133.39064004328134,134.6071300761217,136.21649827513647,141.80708616908825,146.49131993780645,152.230341805686,156.68413142801887,91.34339535753425,116.75846037167149,122.89963371232878,129.03457405347,132.1333782592871,134.23803341406352,140.05603348384702,144.10720737862022,148.2608634095373,148.7701718819823,154.46470526501665,156.30733264703116,129.88239686612977,139.11423103259514,144.33800765960524,114.51744940920214,120.83817286463031,126.39058873522214,129.4426998079061,135.56544510719795,136.12705440199284,111.24602229684244,117.42812566058524,118.39161567091229,118.8710632697174,112.25872597168744,117.44915466303843,120.88950479056906,126.3366029170948,130.17755566348467,110.60030038492899,113.71424996705136,114.88830038239378,116.02425460682362,116.41192585930436,117.51595257999551,118.46981944701628,118.95087869492656,124.08283175271355,130.32852490880117,159.08537411457723
27,167.50133539186714,167.43332068757462,162.54408751661623,156.7625855491341,153.24731116439543,151.40853249364682,139.4408925425119,132.42477181949124,132.06541127630376,126.96308288624496,120.50932483376111,114.4843895643993,108.33950543204982,101.56672801063698,96.19111716162642,87.77107737549713,82.52901385051004,52.60858003012571,49.90088913196171,47.268812005432196,43.00919758626231,37.6687416132203,36.71354006380782,30.428625665027194,23.930319960962272,11.726257798860482,3.5219120256906695,0.0,2.513852579335283,8.746998035298784,11.561973547386266,16.64421610143172,20.745225379059807,27.741584677803647,35.42117870478323,39.00777776961662,39.98812354422624,47.40606465270858,53.40099759645367,61.25313246539219,64.31089700832219,72.1227232992736,77.82492243644867,79.26252495453217,81.58337738413643,84.97938371510816,90.54174661229493,93.21918774143298,97.35365626834185,99.38363705642827,103.11653472446045,103.64705239617366,107.4319407696928,109.27383463199868,109.55855730408506,88.24509645656812,91.57811955879829,93.32395460255243,80.23107615296709,85.49015877258813,92.8808336402846,37.09020997084607,43.091693588351326,47.49413667153204,51.94877501025041,64.31582548431187,70.82601096066024,73.78168544922872,74.17523307741968,71.36710947271415,71.99845008934062,72.89849509249906,73.11868062767678,74.80461093465868,76.76051175013987,79.41700530367994,82.7383250714831,85.07937291379646,73.46029460578401,78.18955934779201,83.5192000486273,87.2276519510664,96.0210103014222,103.86047493318404,109.36734661468,119.18497669596465,125.78599527919226,131.53621273037638,141.9081978983415,148.64409263385147,155.4139899498646,157.65705322251804,159.67628725804698,165.32434270570346,167.96395855642254,170.78265973399937,54.07161255117855,64.06850136239623,65.29972567890279,17.52525715775168,19.140446860266373,22.833911814426838,170.66148246802493,174.93793654499783,35.546505841652404,36.229146367331424,36.65603515635876,41.46578913312733,70.41712743306051,73.35276194709662,125.93538296413575,128.5846397412065,131.33215812414372,135.45319299319812,139.3207182680431,145.45705722066205,149.08244575963684,160.0216782406447,37.70876031191874,41.0349975169364,42.02017947537503,141.89235753811963,148.98605150773497,153.78959451719194,158.1204994914549,160.10342509572683,161.56743312882017,51.18849229913336,52.5310074759563,53.27494967801236,53.839860290410456,56.53622321108712,58.90068044267325,47.13213185690018,50.69119254758808,127.66427947743477,130.16736705595127,60.43399771865836,100.84894131807022,102.21482278817207,109.87027582096759,117.30689884750899,95.30083166077945,97.77711456939873,98.63646300782875,85.83026240219469,86.746343730462,90.82536616236895,98.39522963537823,122.0215771035282,127.01946555766563,129.28158093933826,131.90212782882526,134.86938565382127,136.912552068972,138.12904210181236,139.73841030082713,145.3289981947789,150.0132319634971,155.75225383137666,160.20604345370953,94.86530738322492,120.28037239736214,126.42154573801943,132.55648607916066,135.65529028497775,137.75994543975418,143.57794550953767,147.62911940431087,151.78277543522796,152.29208390767295,157.9866172907073,159.8292446727218,133.40430889182042,142.6361430582858,147.8599196852959,118.0393614348928,124.36008489032096,129.9125007609128,132.96461183359676,139.0873571328886,139.6489664276835,114.7679343225331,120.95003768627589,121.91352769660294,122.39297529540805,115.7806379973781,120.97106668872908,124.41141681625972,129.85851494278543,133.69946768917532,114.12221241061964,117.23616199274201,118.41021240808443,119.54616663251427,119.93383788499501,121.03786460568617,121.99173147270693,122.47279072061721,127.6047437784042,133.85043693449182,162.6072861402679
28,170.01518797120244,169.9471732669099,165.05794009595152,159.27643812846938,155.76116374373072,153.9223850729821,141.9547451218472,134.93862439882653,134.57926385563906,129.47693546558025,123.0231774130964,116.99824214373459,110.85335801138511,104.08058058997227,98.70496974096172,90.28492995483242,85.04286642984533,55.12243260946099,52.414741711297,49.78266458476748,45.523050165597596,40.182594192555584,39.227392643143105,32.942478244362476,26.444172540297558,14.240110378195766,6.035764605025952,2.513852579335283,0.0,6.233145455963501,9.048120968050984,14.130363522096438,18.231372799724525,25.227732098468366,32.90732612544795,36.49392519028134,37.47427096489096,49.919917232043865,55.914850175788956,63.76698504472748,66.82474958765748,74.6365758786089,80.33877501578397,81.77637753386746,84.09722996347172,87.49323629444345,93.05559919163022,95.73304032076827,99.86750884767714,101.89748963576356,105.63038730379574,106.16090497550896,109.9457933490281,111.78768721133397,112.07240988342035,90.75894903590341,94.09197213813358,95.83780718188773,82.74492873230238,88.00401135192342,95.3946862196199,39.60406255018135,45.605546167686605,50.00798925086732,54.462627589585686,66.82967806364715,73.33986353999552,76.29553802856398,76.68908565675494,73.88096205204943,74.5123026686759,75.41234767183434,75.63253320701207,77.31846351399398,79.27436432947516,81.93085788301524,85.2521776508184,87.59322549313175,75.9741471851193,80.7034119271273,86.03305262796259,89.7415045304017,98.53486288075749,106.37432751251933,111.8811991940153,121.69882927529994,128.29984785852756,134.05006530971167,144.4220504776768,151.15794521318676,157.9278425291999,160.17090580185334,162.19013983738228,167.83819528503875,170.47781113575783,173.29651231333466,56.58546513051383,66.58235394173151,67.81357825823807,20.03910973708696,21.654299439601658,25.347764393762123,173.17533504736022,177.45178912433312,38.06035842098768,38.7429989466667,39.16988773569404,43.97964171246261,72.9309800123958,75.86661452643192,128.44923554347105,131.0984923205418,133.846010703479,137.9670455725334,141.8345708473784,147.97090979999734,151.59629833897213,162.53553081997998,40.222612891254016,43.54885009627168,44.53403205471031,144.40621011745492,151.49990408707026,156.30344709652724,160.6343520707902,162.61727767506213,164.08128570815546,53.702344878468644,55.044860055291586,55.78880225734765,56.35371286974574,59.050075790422405,61.414533022008534,49.645984436235466,53.205045126923366,130.17813205677007,132.68121963528657,62.94785029799365,103.36279389740551,104.72867536750736,112.38412840030288,119.82075142684428,97.81468424011474,100.29096714873403,101.15031558716404,88.34411498152998,89.2601963097973,93.33921874170424,100.90908221471352,124.5354296828635,129.53331813700092,131.79543351867355,134.41598040816055,137.38323823315656,139.42640464830728,140.64289468114765,142.25226288016242,147.8428507741142,152.5270845428324,158.26610641071198,162.71989603304485,97.37915996256021,122.79422497669744,128.93539831735472,135.07033865849596,138.16914286431305,140.27379801908947,146.09179808887296,150.14297198364616,154.29662801456325,154.80593648700824,160.5004698700426,162.3430972520571,135.9181614711557,145.1499956376211,150.37377226463119,120.55321401422809,126.87393746965625,132.42635334024808,135.47846441293206,141.6012097122239,142.16281900701878,117.28178690186839,123.46389026561118,124.42738027593823,124.90682787474334,118.29449057671339,123.48491926806437,126.92526939559501,132.37236752212073,136.2133202685106,116.63606498995493,119.7500145720773,120.92406498741973,122.06001921184956,122.44769046433031,123.55171718502146,124.50558405204222,124.9866432999525,130.1185963577395,136.36428951382715,165.12113871960318
29,176.24833342716593,176.1803187228734,171.29108555191502,165.50958358443287,161.99430919969421,160.1555305289456,148.1878905778107,141.17176985479003,140.81240931160255,135.71008092154375,129.25632286905991,123.23138759969811,117.08650346734863,110.3137260459358,104.93811519692522,96.51807541079593,91.27601188580884,61.3555780654245,58.64788716726051,56.01581004073099,51.756195621561105,46.41573964851909,45.460538099106614,39.175623700325986,32.67731799626106,20.473255834159268,12.268910060989453,8.746998035298784,6.233145455963501,0.0,2.814975512087482,7.897218066132936,11.998227343761023,18.994586642504864,26.67418066948445,30.260779734317836,31.24112550892746,56.153062688007374,62.147995631752465,70.00013050069099,73.05789504362099,80.8697213345724,86.57192047174748,88.00952298983097,90.33037541943523,93.72638175040696,99.28874464759373,101.96618577673178,106.10065430364065,108.13063509172707,111.86353275975925,112.39405043147246,116.1789388049916,118.02083266729748,118.30555533938386,96.99209449186692,100.3251175940971,102.07095263785124,88.97807418826591,94.23715680788695,101.62783167558342,45.837208006144856,51.838691623650114,56.24113470683083,60.695773045549196,73.06282351961066,79.57300899595903,82.5286834845275,82.92223111271846,80.11410750801294,80.74544812463941,81.64549312779785,81.86567866297558,83.55160896995748,85.50750978543867,88.16400333897874,91.48532310678189,93.82637094909525,82.20729264108282,86.93655738309081,92.2661980839261,95.97464998636521,104.768008336721,112.60747296848284,118.1143446499788,127.93197473126345,134.53299331449105,140.28321076567516,150.6551959336403,157.39109066915026,164.1609879851634,166.40405125781683,168.42328529334577,174.07134074100225,176.71095659172133,179.52965776929815,62.81861058647734,72.81549939769502,74.04672371420158,26.272255193050462,27.88744489556516,31.580909849725625,179.40848050332372,183.6849345802966,44.29350387695119,44.97614440263021,45.40303319165755,50.21278716842612,79.16412546835932,82.09975998239543,134.68238099943454,137.3316377765053,140.0791561594425,144.2001910284969,148.06771630334188,154.20405525596084,157.82944379493563,168.76867627594348,46.455758347217525,49.78199555223519,50.76717751067382,150.6393555734184,157.73304954303376,162.53659255249073,166.86749752675368,168.85042313102562,170.31443116411896,59.93549033443215,61.278005511255095,62.02194771331116,62.58685832570925,65.2832212463859,67.64767847797204,55.879129892198975,59.438190582886875,136.41127751273356,138.91436509125006,69.18099575395715,109.59593935336902,110.96182082347087,118.6172738562664,126.05389688280779,104.04782969607825,106.52411260469754,107.38346104312755,94.57726043749349,95.4933417657608,99.57236419766775,107.14222767067703,130.768575138827,135.7664635929644,138.02857897463704,140.64912586412404,143.61638368912006,145.65955010427078,146.87604013711115,148.48540833612591,154.0759962300777,158.7602299987959,164.49925186667548,168.95304148900834,103.61230541852372,129.02737043266094,135.16854377331825,141.30348411445948,144.40228832027657,146.506943475053,152.3249435448365,156.3761174396097,160.52977347052678,161.03908194297176,166.73361532600612,168.57624270802063,142.15130692711924,151.3831410935846,156.6069177205947,126.78635947019161,133.10708292561978,138.6594987962116,141.71160986889558,147.83435516818741,148.3959644629823,123.51493235783191,129.6970357215747,130.66052573190174,131.13997333070685,124.52763603267691,129.7180647240279,133.15841485155852,138.60551297808425,142.44646572447414,122.86921044591845,125.98316002804083,127.15721044338325,128.2931646678131,128.68083592029384,129.78486264098498,130.73872950800575,131.21978875591603,136.351741813703,142.59743496979064,171.35428417556668
30,179.0633089392534,178.99529423496088,174.1060610640025,168.32455909652035,164.8092847117817,162.97050604103308,151.00286608989816,143.9867453668775,143.62738482369002,138.52505643363122,132.0712983811474,126.04636311178558,119.9014789794361,113.12870155802327,107.7530907090127,99.3330509228834,94.09098739789631,64.17055357751198,61.46286267934798,58.83078555281846,54.571171133648576,49.230715160606564,48.275513611194086,41.99059921241346,35.49229350834854,23.288231346246747,15.083885573076936,11.561973547386266,9.048120968050984,2.814975512087482,0.0,5.082242554045454,9.183251831673541,16.17961113041738,23.859205157396968,27.445804222230354,28.42614999683998,58.968038200094846,64.96297114383994,72.81510601277846,75.87287055570846,83.68469684665988,89.38689598383495,90.82449850191844,93.1453509315227,96.54135726249443,102.1037201596812,104.78116128881925,108.91562981572812,110.94561060381454,114.67850827184672,115.20902594355994,118.99391431707907,120.83580817938495,121.12053085147133,99.8070700039544,103.14009310618457,104.8859281499387,91.79304970035338,97.05213231997442,104.4428071876709,48.65218351823233,54.653667135737585,59.0561102189183,63.51074855763667,75.87779903169813,82.3879845080465,85.34365899661498,85.73720662480594,82.9290830201004,83.56042363672688,84.46046863988532,84.68065417506305,86.36658448204496,88.32248529752614,90.97897885106622,94.30029861886936,96.64134646118272,85.02226815317029,89.75153289517829,95.08117359601357,98.78962549845268,107.58298384880847,115.42244848057031,120.92932016206628,130.7469502433509,137.34796882657852,143.09818627776264,153.47017144572777,160.20606618123773,166.97596349725086,169.2190267699043,171.23826080543324,176.88631625308972,179.5259321038088,182.34463328138563,65.6335860985648,75.63047490978249,76.86169922628905,29.08723070513794,30.70242040765264,34.3958853618131,182.2234560154112,186.49991009238408,47.10847938903866,47.79111991471768,48.21800870374502,53.02776268051359,81.97910098044679,84.9147354944829,137.497356511522,140.14661328859276,142.89413167152998,147.01516654058437,150.88269181542935,157.0190307680483,160.6444193070231,171.58365178803095,49.270733859305,52.59697106432266,53.58215302276129,153.45433108550588,160.54802505512123,165.3515680645782,169.68247303884115,171.6653986431131,173.12940667620643,62.750465846519624,64.09298102334257,64.83692322539864,65.40183383779673,68.09819675847339,70.46265399005952,58.69410540428645,62.25316609497435,139.22625302482103,141.72934060333753,71.99597126604463,112.41091486545649,113.77679633555834,121.43224936835387,128.86887239489525,106.86280520816572,109.339088116785,110.19843655521503,97.39223594958096,98.30831727784827,102.38733970975522,109.9572031827645,133.58355065091447,138.58143910505189,140.8435544867245,143.46410137621152,146.43135920120753,148.47452561635825,149.69101564919862,151.3003838482134,156.89097174216516,161.57520551088336,167.31422737876295,171.7680170010958,106.42728093061119,131.84234594474842,137.98351928540572,144.11845962654695,147.21726383236404,149.32191898714046,155.13991905692396,159.19109295169716,163.34474898261425,163.85405745505923,169.5485908380936,171.3912182201081,144.9662824392067,154.19811660567208,159.42189323268218,129.60133498227907,135.92205843770725,141.47447430829908,144.52658538098305,150.6493306802749,151.21093997506978,126.32990786991938,132.51201123366218,133.4755012439892,133.95494884279432,127.34261154476438,132.53304023611537,135.973390363646,141.42048849017172,145.2614412365616,125.68418595800593,128.7981355401283,129.97218595547074,131.10814017990057,131.49581143238132,132.59983815307245,133.55370502009322,134.0347642680035,139.16671732579047,145.4124104818781,174.16925968765415
31,184.14555149329885,184.07753678900633,179.18830361804794,173.4068016505658,169.89152726582714,168.05274859507853,156.0851086439436,149.06898792092295,148.70962737773547,143.60729898767667,137.15354093519284,131.12860566583103,124.98372153348156,118.21094411206872,112.83533326305816,104.41529347692887,99.17322995194178,69.25279613155745,66.54510523339344,63.913028106863926,59.65341368769404,54.31295771465203,53.35775616523955,47.07284176645892,40.574536062393996,28.370473900292204,20.16612812712239,16.64421610143172,14.130363522096438,7.897218066132936,5.082242554045454,0.0,4.101009277628088,11.097368576371927,18.776962603351514,22.3635616681849,23.343907442794524,64.0502807541403,70.04521369788539,77.89734856682391,80.95511310975391,88.76693940070533,94.4691385378804,95.90674105596389,98.22759348556815,101.62359981653988,107.18596271372665,109.8634038428647,113.99787236977357,116.02785315786,119.76075082589217,120.29126849760539,124.07615687112452,125.9180507334304,126.20277340551678,104.88931255799984,108.22233566023002,109.96817070398416,96.87529225439883,102.13437487401987,109.52504974171634,53.73442607227779,59.73590968978305,64.13835277296377,68.59299111168214,80.96004158574361,87.47022706209198,90.42590155066046,90.81944917885141,88.01132557414589,88.64266619077236,89.5427111939308,89.7628967291085,91.4488270360904,93.4047278515716,96.06122140511167,99.38254117291481,101.72358901522817,90.10451070721574,94.83377544922374,100.16341615005902,103.87186805249814,112.66522640285393,120.50469103461577,126.01156271611174,135.8291927973964,142.430211380624,148.18042883180811,158.55241399977325,165.2883087352832,172.05820605129634,174.30126932394978,176.32050335947872,181.9685588071352,184.60817465785428,187.4268758354311,70.71582865261027,80.71271746382796,81.94394178033451,34.1694732591834,35.784662961698096,39.47812791585856,187.30569856945667,191.58215264642956,52.19072194308413,52.87336246876315,53.300251257790485,58.110005234559054,87.06134353449224,89.99697804852835,142.5795990655675,145.22885584263824,147.97637422557546,152.09740909462985,155.96493436947483,162.1012733220938,165.72666186106858,176.66589434207643,54.35297641335046,57.679213618368124,58.664395576806754,158.53657363955136,165.6302676091667,170.43381061862368,174.76471559288663,176.74764119715857,178.2116492302519,67.83270840056508,69.17522357738802,69.91916577944409,70.48407639184218,73.18043931251884,75.54489654410497,63.77634795833191,67.33540864901981,144.3084955788665,146.811583157383,77.0782138200901,117.49315741950196,118.85903888960381,126.51449192239933,133.95111494894073,111.94504776221119,114.42133067083047,115.28067910926049,102.47447850362643,103.39055983189374,107.46958226380069,115.03944573680997,138.66579320495993,143.66368165909734,145.92579704076996,148.54634393025697,151.51360175525298,153.5567681704037,154.77325820324407,156.38262640225884,161.9732142962106,166.65744806492881,172.39646993280837,176.85025955514124,111.50952348465665,136.92458849879387,143.06576183945117,149.2007021805924,152.2995063864095,154.4041615411859,160.2221616109694,164.2733355057426,168.4269915366597,168.93630000910468,174.63083339213904,176.47346077415355,150.04852499325216,159.28035915971753,164.50413578672763,134.68357753632452,141.0043009917527,146.55671686234453,149.6088279350285,155.73157323432034,156.29318252911523,131.41215042396485,137.59425378770763,138.55774379803466,139.03719139683977,132.42485409880985,137.61528279016085,141.05563291769147,146.5027310442172,150.3436837906071,130.76642851205136,133.88037809417372,135.05442850951619,136.19038273394602,136.57805398642677,137.6820807071179,138.63594757413867,139.11700682204895,144.24895987983592,150.49465303592356,179.2515022416996
32,188.24656077092695,188.17854606663442,183.28931289567603,177.5078109281939,173.99253654345523,172.15375787270662,160.1861179215717,153.16999719855104,152.81063665536357,147.70830826530477,141.25455021282093,135.22961494345913,129.08473081110964,122.31195338969678,116.93634254068623,108.51630275455693,103.27423922956984,73.35380540918551,70.64611451102151,68.014037384492,63.75442296532212,58.41396699228011,57.45876544286763,51.173851044087,44.67554534002208,32.47148317792029,24.26713740475048,20.745225379059807,18.231372799724525,11.998227343761023,9.183251831673541,4.101009277628088,0.0,6.99635929874384,14.675953325723427,18.262552390556813,19.242898165166437,68.15129003176838,74.14622297551347,81.99835784445199,85.05612238738199,92.8679486783334,98.57014781550848,100.00775033359197,102.32860276319623,105.72460909416796,111.28697199135473,113.96441312049278,118.09888164740165,120.12886243548807,123.86176010352025,124.39227777523347,128.1771661487526,130.01906001105849,130.30378268314487,108.99032183562792,112.3233449378581,114.06917998161224,100.9763015320269,106.23538415164793,113.62605901934441,57.83543534990587,63.83691896741113,68.23936205059185,72.69400038931022,85.06105086337169,91.57123633972006,94.52691082828852,94.92045845647948,92.11233485177397,92.74367546840044,93.64372047155888,93.86390600673658,95.54983631371849,97.50573712919967,100.16223068273975,103.48355045054291,105.82459829285627,94.20551998484382,98.93478472685182,104.2644254276871,107.97287733012621,116.766235680482,124.60570031224384,130.1125719937398,139.93020207502445,146.53122065825207,152.28143810943618,162.65342327740132,169.38931801291127,176.1592153289244,178.40227860157785,180.4215126371068,186.06956808476326,188.70918393548234,191.52788511305917,74.81683793023835,84.81372674145604,86.04495105796259,38.270482536811485,39.88567223932618,43.579137193486645,191.40670784708473,195.68316192405763,56.29173122071221,56.97437174639123,57.401260535418565,62.211014512187134,91.16235281212032,94.09798732615643,146.68060834319556,149.3298651202663,152.07738350320352,156.19841837225792,160.0659436471029,166.20228259972185,169.82767113869664,180.7669036197045,58.45398569097854,61.780222895996204,62.765404854434834,162.63758291717943,169.73127688679477,174.53481989625175,178.8657248705147,180.84865047478664,182.31265850787997,71.93371767819316,73.2762328550161,74.02017505707217,74.58508566947026,77.28144859014692,79.64590582173305,67.87735723595999,71.43641792664789,148.40950485649458,150.91259243501108,81.17922309771816,121.59416669713002,122.96004816723188,130.6155012000274,138.0521242265688,116.04605703983925,118.52233994845854,119.38168838688856,106.5754877812545,107.4915691095218,111.57059154142875,119.14045501443803,142.76680248258802,147.76469093672543,150.02680631839806,152.64735320788506,155.61461103288107,157.6577774480318,158.87426748087216,160.48363567988693,166.0742235738387,170.7584573425569,176.4974792104365,180.95126883276936,115.61053276228472,141.02559777642196,147.16677111707926,153.3017114582205,156.40051566403758,158.505170818814,164.3231708885975,168.3743447833707,172.5280008142878,173.03730928673278,178.73184266976713,180.57447005178165,154.14953427088025,163.38136843734563,168.60514506435572,138.78458681395261,145.1053102693808,150.65772613997262,153.7098372126566,159.83258251194843,160.39419180674332,135.5131597015929,141.6952630653357,142.65875307566273,143.13820067446784,136.52586337643794,141.71629206778894,145.15664219531956,150.6037403218453,154.44469306823518,134.86743778967946,137.98138737180182,139.15543778714428,140.29139201157412,140.67906326405486,141.783089984746,142.73695685176676,143.21801609967704,148.34996915746402,154.59566231355166,183.3525115193277
33,195.2429200696708,195.17490536537827,190.28567219441987,184.50417022693773,180.98889584219907,179.15011717145046,167.18247722031555,160.16635649729488,159.8069959541074,154.7046675640486,148.25090951156477,142.22597424220297,136.08109010985348,129.30831268844062,123.93270183943007,115.51266205330077,110.27059852831368,80.35016470792935,77.64247380976535,75.01039668323584,70.75078226406596,65.41032629102395,64.45512474161147,58.17021034283084,51.67190463876592,39.46784247666413,31.26349670349432,27.741584677803647,25.227732098468366,18.994586642504864,16.17961113041738,11.097368576371927,6.99635929874384,0.0,7.6795940269795855,11.266193091812973,12.246538866422599,75.14764933051222,81.14258227425731,88.99471714319583,92.05248168612583,99.86430797707725,105.56650711425232,107.00410963233581,109.32496206194007,112.7209683929118,118.28333129009857,120.96077241923662,125.0952409461455,127.12522173423191,130.8581194022641,131.3886370739773,135.17352544749642,137.0154193098023,137.3001419818887,115.98668113437176,119.31970423660194,121.06553928035608,107.97266083077074,113.23174345039178,120.62241831808825,64.83179464864972,70.83327826615498,75.23572134933569,79.69035968805406,92.05741016211553,98.5675956384639,101.52327012703236,101.91681775522332,99.1086941505178,99.74003476714428,100.64007977030272,100.86026530548043,102.54619561246233,104.50209642794351,107.15858998148359,110.47990974928675,112.8209575916001,101.20187928358766,105.93114402559566,111.26078472643094,114.96923662887005,123.76259497922584,131.60205961098768,137.10893129248365,146.9265613737683,153.5275799569959,159.27779740818002,169.64978257614516,176.38567731165512,183.15557462766824,185.3986379003217,187.41787193585063,193.0659273835071,195.70554323422618,198.524244411803,81.8131972289822,91.81008604019989,93.04131035670645,45.266841835555326,46.882031538070024,50.575496492230485,198.40306714582857,202.67952122280147,63.28809051945605,63.97073104513507,64.39761983416241,69.20737381093097,98.15871211086416,101.09434662490027,153.6769676419394,156.32622441901015,159.07374280194736,163.19477767100176,167.06230294584674,173.1986418984657,176.82403043744048,187.76326291844833,65.45034498972238,68.77658219474004,69.76176415317867,169.63394221592327,176.7276361855386,181.5311791949956,185.86208416925854,187.84500977353048,189.3090178066238,78.930076976937,80.27259215375994,81.016534355816,81.5814449682141,84.27780788889076,86.64226512047689,74.87371653470383,78.43277722539173,155.40586415523842,157.90895173375492,88.175582396462,128.59052599587386,129.9564074659757,137.61186049877122,145.0484835253126,123.0424163385831,125.51869924720238,126.3780476856324,113.57184707999834,114.48792840826565,118.5669508401726,126.13681431318187,149.76316178133186,154.76105023546927,157.0231656171419,159.6437125066289,162.6109703316249,164.65413674677563,165.870626779616,167.47999497863077,173.07058287258255,177.75481664130075,183.4938385091803,187.94762813151317,122.60689206102856,148.0219570751658,154.1631304158231,160.29807075696434,163.39687496278142,165.50153011755785,171.31953018734134,175.37070408211454,179.52436011303163,180.03366858547662,185.72820196851097,187.57082935052549,161.1458935696241,170.37772773608947,175.60150436309956,145.78094611269645,152.10166956812463,157.65408543871646,160.70619651140044,166.82894181069227,167.39055110548716,142.50951900033675,148.69162236407954,149.65511237440657,150.13455997321168,143.52222267518178,148.71265136653278,152.1530014940634,157.60009962058913,161.44105236697902,141.8637970884233,144.97774667054566,146.15179708588812,147.28775131031796,147.6754225627987,148.77944928348984,149.7333161505106,150.21437539842088,155.34632845620786,161.5920216122955,190.34887081807153
34,202.9225140966504,202.85449939235787,197.96526622139947,192.18376425391733,188.66848986917867,186.82971119843006,174.86207124729515,167.84595052427449,167.486589981087,162.3842615910282,155.93050353854437,149.90556826918257,143.76068413683308,136.98790671542022,131.61229586640965,123.19225608028036,117.95019255529327,88.02975873490894,85.32206783674494,82.68999071021543,78.43037629104555,73.08992031800354,72.13471876859106,65.84980436981043,59.35149866574551,47.14743650364372,38.943090730473905,35.42117870478324,32.90732612544795,26.67418066948445,23.859205157396968,18.776962603351514,14.675953325723427,7.6795940269795855,0.0,3.586599064833387,4.566944839443013,82.82724335749181,88.8221763012369,96.67431117017541,99.73207571310542,107.54390200405683,113.2461011412319,114.6837036593154,117.00455608891966,120.40056241989139,125.96292531707816,128.6403664462162,132.77483497312508,134.8048157612115,138.5377134292437,139.0682311009569,142.85311947447602,144.6950133367819,144.9797360088683,123.66627516135135,126.99929826358152,128.74513330733566,115.65225485775034,120.91133747737138,128.30201234506785,72.5113886756293,78.51287229313456,82.91531537631528,87.36995371503365,99.73700418909512,106.24718966544349,109.20286415401196,109.59641178220292,106.78828817749739,107.41962879412387,108.3196737972823,108.53985933246001,110.22578963944191,112.1816904549231,114.83818400846317,118.15950377626632,120.50055161857968,108.88147331056724,113.61073805257524,118.94037875341053,122.64883065584964,131.4421890062054,139.28165363796725,144.78852531946322,154.60615540074787,161.20717398397548,166.9573914351596,177.32937660312473,184.0652713386347,190.83516865464782,193.07823192730126,195.0974659628302,200.74552141048667,203.38513726120576,206.20383843878258,89.49279125596179,99.48968006717948,100.72090438368603,52.94643586253491,54.56162556504961,58.25509051921007,206.08266117280814,210.35911524978104,70.96768454643563,71.65032507211465,72.077213861142,76.88696783791056,105.83830613784374,108.77394065187985,161.35656166891897,164.00581844598972,166.75333682892693,170.87437169798133,174.7418969728263,180.87823592544527,184.50362446442006,195.4428569454279,73.12993901670197,76.45617622171963,77.44135818015826,177.31353624290284,184.4072302125182,189.21077322197516,193.5416781962381,195.52460380051005,196.9886118336034,86.60967100391659,87.95218618073953,88.69612838279559,89.26103899519369,91.95740191587035,94.32185914745648,82.55331056168342,86.11237125237132,163.085458182218,165.5885457607345,95.85517642344159,136.27012002285343,137.63600149295527,145.2914545257508,152.72807755229218,130.72201036556268,133.19829327418196,134.057641712612,121.25144110697792,122.16752243524523,126.24654486715218,133.81640834016147,157.44275580831146,162.44064426244887,164.7027596441215,167.3233065336085,170.2905643586045,172.33373077375524,173.5502208065956,175.15958900561037,180.75017689956215,185.43441066828035,191.1734325361599,195.62722215849277,130.28648608800813,155.7015511021454,161.8427244428027,167.97766478394394,171.07646898976103,173.18112414453745,178.99912421432094,183.05029810909414,187.20395414001123,187.71326261245622,193.40779599549057,195.2504233775051,168.8254875966037,178.05732176306907,183.28109839007917,153.46054013967606,159.78126359510424,165.33367946569606,168.38579053838004,174.50853583767187,175.07014513246676,150.18911302731635,156.37121639105914,157.33470640138617,157.81415400019128,151.20181670216138,156.39224539351238,159.832595521043,165.27969364756873,169.12064639395862,149.5433911154029,152.65734069752526,153.83139111286772,154.96734533729756,155.3550165897783,156.45904331046944,157.4129101774902,157.89396942540048,163.02592248318746,169.2716156392751,198.02846484505113
35,206.50911316148378,206.44109845719126,201.55186528623287,195.77036331875073,192.25508893401206,190.41631026326345,178.44867031212854,171.43254958910788,171.0731890459204,165.9708606558616,159.51710260337777,153.49216733401596,147.34728320166647,140.57450578025362,135.19889493124305,126.77885514511375,121.53679162012666,91.61635779974233,88.90866690157833,86.27658977504882,82.01697535587894,76.67651938283693,75.72131783342445,69.43640343464382,62.938097730578896,50.734035568477104,42.52968979530729,39.007777769616624,36.49392519028134,30.260779734317836,27.445804222230354,22.3635616681849,18.262552390556813,11.266193091812973,3.586599064833387,0.0,0.9803457746096259,86.4138424223252,92.40877536607029,100.26091023500881,103.31867477793881,111.13050106889023,116.8327002060653,118.27030272414879,120.59115515375305,123.98716148472478,129.54952438191154,132.22696551104957,136.36143403795845,138.39141482604487,142.12431249407706,142.65483016579026,146.43971853930938,148.28161240161526,148.56633507370165,127.25287422618474,130.58589732841492,132.33173237216906,119.23885392258373,124.49793654220477,131.88861140990124,76.0979877404627,82.09947135796796,86.50191444114867,90.95655277986704,103.32360325392851,109.83378873027688,112.78946321884536,113.18301084703631,110.37488724233079,111.00622785895726,111.9062728621157,112.1264583972934,113.8123887042753,115.7682895197565,118.42478307329657,121.74610284109971,124.08715068341307,112.46807237540064,117.19733711740864,122.52697781824392,126.23542972068303,135.0287880710388,142.86825270280065,148.3751243842966,158.19275446558126,164.79377304880887,170.543990499993,180.91597566795812,187.65187040346808,194.4217677194812,196.66483099213465,198.6840650276636,204.33212047532007,206.97173632603915,209.79043750361598,93.07939032079518,103.07627913201287,104.30750344851943,56.5330349273683,58.148224629882996,61.84168958404346,209.66926023764154,213.94571431461443,74.55428361126903,75.23692413694805,75.66381292597539,80.47356690274395,109.42490520267714,112.36053971671325,164.94316073375236,167.5924175108231,170.33993589376033,174.46097076281472,178.3284960376597,184.46483499027866,188.09022352925345,199.0294560102613,76.71653808153536,80.04277528655302,81.02795724499165,180.90013530773624,187.99382927735158,192.79737228680855,197.1282772610715,199.11120286534344,200.57521089843678,90.19627006874998,91.53878524557292,92.28272744762899,92.84763806002708,95.54400098070374,97.90845821228987,86.13990962651681,89.69897031720471,166.67205724705138,169.17514482556788,99.44177548827498,139.85671908768683,141.22260055778867,148.8780535905842,156.31467661712557,134.30860943039607,136.78489233901536,137.6442407774454,124.83804017181131,125.75412150007863,129.83314393198557,137.40300740499487,161.02935487314485,166.02724332728226,168.2893587089549,170.9099055984419,173.8771634234379,175.92032983858863,177.136819871429,178.74618807044376,184.33677596439554,189.02100973311374,194.76003160099333,199.2138212233262,133.87308515284153,159.2881501669788,165.4293235076361,171.56426384877733,174.66306805459442,176.76772320937084,182.58572327915434,186.63689717392754,190.79055320484463,191.2998616772896,196.99439506032397,198.83702244233848,172.4120866614371,181.64392082790246,186.86769745491256,157.04713920450945,163.36786265993763,168.92027853052946,171.97238960321343,178.09513490250527,178.65674419730016,153.77571209214975,159.95781545589253,160.92130546621956,161.40075306502467,154.78841576699477,159.97884445834578,163.4191945858764,168.86629271240213,172.70724545879202,153.1299901802363,156.24393976235865,157.4179901777011,158.55394440213095,158.9416156546117,160.04564237530283,160.9995092423236,161.48056849023388,166.61252154802085,172.8582147041085,201.61506390988453
36,207.4894589360934,207.42144423180088,202.53221106084249,196.75070909336034,193.23543470862168,191.39665603787307,179.42901608673816,172.4128953637175,172.05353482053002,166.95120643047122,160.49744837798738,154.47251310862558,148.3276289762761,141.55485155486323,136.17924070585266,127.75920091972337,122.51713739473628,92.59670357435195,89.88901267618795,87.25693554965844,82.99732113048856,77.65686515744655,76.70166360803407,70.41674920925344,63.91844350518852,51.71438134308673,43.510035569916916,39.98812354422625,37.47427096489096,31.24112550892746,28.42614999683998,23.343907442794524,19.242898165166437,12.246538866422599,4.566944839443013,0.9803457746096259,0.0,87.39418819693482,93.3891211406799,101.24125600961843,104.29902055254843,112.11084684349984,117.81304598067491,119.25064849875841,121.57150092836267,124.9675072593344,130.52987015652116,133.2073112856592,137.34177981256806,139.37176060065448,143.10465826868665,143.63517594039985,147.42006431391897,149.26195817622485,149.54668084831124,128.23322000079435,131.5662431030245,133.31207814677865,120.21919969719335,125.47828231681439,132.86895718451086,77.07833351507232,83.07981713257757,87.48226021575829,91.93689855447666,104.30394902853813,110.8141345048865,113.76980899345497,114.16335662164593,111.3552330169404,111.98657363356688,112.88661863672532,113.10680417190302,114.79273447888492,116.74863529436611,119.40512884790618,122.72644861570933,125.06749645802269,113.44841815001026,118.17768289201825,123.50732359285354,127.21577549529265,136.00913384564842,143.84859847741026,149.35547015890623,159.17310024019088,165.7741188234185,171.5243362746026,181.89632144256774,188.6322161780777,195.40211349409083,197.64517676674427,199.6644108022732,205.31246624992968,207.95208210064877,210.7707832782256,94.0597360954048,104.05662490662249,105.28784922312904,57.51338070197792,59.12857040449262,62.82203535865308,210.64960601225116,214.92606008922405,75.53462938587865,76.21726991155766,76.64415870058501,81.45391267735357,110.40525097728676,113.34088549132287,165.92350650836198,168.57276328543273,171.32028166836994,175.44131653742434,179.30884181226932,185.44518076488828,189.07056930386307,200.00980178487092,77.69688385614498,81.02312106116264,82.00830301960127,181.88048108234585,188.9741750519612,193.77771806141817,198.10862303568112,200.09154863995306,201.5555566730464,91.1766158433596,92.51913102018254,93.2630732222386,93.8279838346367,96.52434675531336,98.88880398689949,87.12025540112643,90.67931609181433,167.652403021661,170.1554906001775,100.4221212628846,140.83706486229644,142.20294633239828,149.8583993651938,157.2950223917352,135.2889552050057,137.76523811362497,138.624586552055,125.81838594642093,126.73446727468824,130.8134897065952,138.38335317960448,162.00970064775447,167.00758910189188,169.2697044835645,171.8902513730515,174.85750919804752,176.90067561319825,178.11716564603861,179.72653384505338,185.31712173900516,190.00135550772336,195.74037737560292,200.19416699793578,134.85343092745114,160.2684959415884,166.40966928224572,172.54460962338695,175.64341382920404,177.74806898398046,183.56606905376395,187.61724294853715,191.77089897945424,192.28020745189923,197.97474083493358,199.8173682169481,173.3924324360467,182.62426660251208,187.84804322952218,158.02748497911907,164.34820843454725,169.90062430513908,172.95273537782305,179.07548067711488,179.63708997190977,154.75605786675936,160.93816123050215,161.90165124082918,162.3810988396343,155.7687615416044,160.9591902329554,164.39954036048601,169.84663848701175,173.68759123340163,154.1103359548459,157.22428553696827,158.39833595231073,159.53429017674057,159.9219614292213,161.02598814991245,161.97985501693321,162.4609142648435,167.59286732263047,173.8385604787181,202.59540968449414
37,128.88900487205112,128.8209901677586,123.9317569968002,118.15025502931805,114.63498064457939,112.79620197383079,100.82856202269588,93.8124412996752,93.45308075648772,88.35075236642894,81.89699431394509,75.87205904458327,69.72717491223379,62.954397490820945,57.57878664181038,49.15874685568109,43.916683330694,13.996249510309665,11.288558612145668,8.656481485616153,4.396867066446268,9.737323039488281,10.692524588900763,16.97743898768139,23.47574469174631,35.679806853848106,43.88415262701792,47.40606465270859,49.91991723204387,56.153062688007374,58.96803820009485,64.0502807541403,68.1512900317684,75.14764933051224,82.82724335749182,86.41384242232522,87.39418819693485,0.0,5.9949329437450904,13.847067812683614,16.90483235561361,24.716658646565023,30.41885778374009,31.856460301823585,34.17731273142784,37.57331906239956,43.13568195958633,45.81312308872437,49.947591615633236,51.97757240371966,55.71047007175184,56.24098774346505,60.02587611698418,61.86776997929005,62.15249265137643,40.839031803859534,44.1720549060897,45.91788994984384,32.82501150025852,38.08409411987956,45.47476898757604,23.639023293500262,29.640506911005524,34.04294999418624,38.497588332904606,50.86463880696607,57.37482428331444,60.33049877188291,60.72404640007387,57.91592279536834,58.54726341199482,59.447308415153266,25.712615974968205,27.398546281950104,29.35444709743129,32.01094065097137,35.332260418774524,37.673308261087875,26.05422995307544,30.78349469508344,36.113135395918725,48.615321431250365,57.40867978160615,65.248144413368,70.75501609486396,80.57264617614861,87.17366475937622,92.92388221056034,103.29586737852546,110.03176211403543,116.80165943004857,119.04472270270202,121.06395673823096,126.71201218588743,129.3516280366065,132.17032921418334,40.62042587383275,50.61731468505044,51.84853900155699,41.4788062127393,43.093995915254,46.78746086941446,132.0491519482089,136.3256060251818,22.095319164306595,22.777959689985614,23.204848479012956,28.014602455781525,23.011062780351942,25.946697294388052,87.32305244431971,89.97230922139047,92.71982760432769,96.84086247338209,100.70838774822708,106.84472670084605,110.47011523982084,121.40934772082869,24.25757363457293,27.58381083959059,28.56899279802922,103.2800270183036,110.37372098791896,115.17726399737592,119.50816897163888,121.49109457591081,122.95510260900416,12.576161779317314,13.918676956140258,14.662619158196316,15.227529770594412,17.92389269127107,20.288349922857197,8.519801337084141,12.078862027772042,89.05194895761872,91.5550365361352,21.821667198842317,62.23661079825417,63.60249226835602,71.25794530115155,78.69456832769295,56.68850114096341,59.164784049582686,60.02413248801271,47.21793188237866,48.134013210645975,52.213035642552924,59.7828991155622,83.40924658371218,88.4071350378496,90.66925041952223,93.28979730900923,96.25705513400524,98.30022154915598,99.51671158199635,101.1260797810111,106.71666767496288,111.4009014436811,117.13992331156066,121.59371293389353,56.252976863408875,81.66804187754612,87.8092152182034,93.94415555934464,97.04295976516171,99.14761491993815,104.96561498972166,109.01678888449486,113.17044491541195,113.67975338785693,119.37428677089127,121.21691415290579,94.7919783720044,104.02381253846978,109.24758916547988,79.42703091507677,85.74775437050494,91.30017024109677,94.35228131378074,100.47502661307256,101.03663590786743,76.15560380271707,82.33770716645986,83.30119717678691,83.78064477559202,77.16830747756207,82.35873616891305,85.79908629644369,91.24618442296942,95.08713716935931,75.50988189080361,78.62383147292599,79.7978818882684,80.93383611269824,81.32150736517899,82.42553408587014,83.3794009528909,83.86046020080119,88.99241325858817,95.23810641467581,123.99495562045183
38,134.8839378157962,134.81592311150368,129.9266899405453,124.14518797306313,120.62991358832447,118.79113491757587,106.82349496644096,99.80737424342028,99.4480137002328,94.34568531017402,87.89192725769017,81.86699198832835,75.72210785597888,68.94933043456604,63.57371958555548,55.153679799426186,49.91161627443909,19.991182454054755,17.283491555890755,14.651414429361242,10.391800010191359,15.732255983233372,16.687457532645855,22.97237193142648,29.470677635491402,41.67473979759319,49.879085570763,53.40099759645367,55.914850175788956,62.14799563175246,64.96297114383994,70.04521369788539,74.14622297551348,81.14258227425732,88.82217630123691,92.4087753660703,93.38912114067993,5.9949329437450904,0.0,7.852134868938523,10.909899411868519,18.72172570281993,24.423924839995,25.861527358078494,28.18237978768275,31.578386118654475,37.140749015841244,39.81819014497928,43.95265867188815,45.98263945997458,49.71553712800676,50.246054799719964,54.030943173239095,55.87283703554497,56.15755970763134,34.84409886011444,38.17712196234461,39.92295700609875,26.830078556513428,32.08916117613447,39.47983604383095,29.633956237245354,35.635439854750615,40.03788293793133,44.4925212766497,56.85957175071117,63.36975722705954,66.32543171562801,66.71897934381897,63.91085573911344,64.54219635573992,65.44224135889836,19.717683031223114,21.403613338205012,23.3595141536862,26.01600770722628,29.337327475029433,31.678375317342788,20.059297009330347,24.78856175133835,30.118202452173634,54.610254374995456,63.403612725351245,71.24307735711308,76.74994903860905,86.5675791198937,93.1685977031213,98.91881515430542,109.29080032227054,116.02669505778051,122.79659237379366,125.0396556464471,127.05888968197604,132.70694512963252,135.3465609803516,138.16526215792842,46.61535881757784,56.61224762879553,57.843471945302085,47.473739156484385,49.08892885899908,52.782393813159544,138.044084891954,142.32053896892688,28.090252108051686,28.772892633730706,29.199781422758047,34.00953539952661,17.01612983660685,19.95176435064296,93.3179853880648,95.96724216513556,98.71476054807277,102.83579541712717,106.70332069197217,112.83965964459114,116.46504818356593,127.40428066457378,30.25250657831802,33.57874378333568,34.56392574177431,109.27495996204868,116.36865393166404,121.172196941121,125.50310191538397,127.48602751965589,128.95003555274923,18.571094723062405,19.913609899885348,20.657552101941405,21.2224627143395,23.91882563501616,26.283282866602285,14.51473428082923,18.07379497151713,95.0468819013638,97.54996947988029,27.816600142587404,68.23154374199926,69.59742521210111,77.25287824489664,84.68950127143803,62.6834340847085,65.15971699332778,66.0190654317578,53.21286482612375,54.128946154391066,58.207968586298016,65.7778320593073,89.40417952745726,94.40206798159468,96.66418336326731,99.28473025275431,102.25198807775033,104.29515449290106,105.51164452574143,107.12101272475618,112.71160061870796,117.39583438742618,123.13485625530575,127.58864587763861,62.24790980715397,87.6629748212912,93.80414816194849,99.93908850308972,103.0378927089068,105.14254786368323,110.96054793346674,115.01172182823994,119.16537785915703,119.67468633160202,125.36921971463636,127.21184709665087,100.78691131574948,110.01874548221487,115.24252210922496,85.42196385882185,91.74268731425002,97.29510318484185,100.34721425752582,106.46995955681764,107.03156885161252,82.15053674646215,88.33264011020495,89.296130120532,89.77557771933711,83.16324042130715,88.35366911265814,91.79401924018877,97.2411173667145,101.0820701131044,81.5048148345487,84.61876441667107,85.79281483201349,86.92876905644333,87.31644030892407,88.42046702961522,89.37433389663599,89.85539314454627,94.98734620233326,101.2330393584209,129.98988856419692
39,142.73607268473472,142.6680579804422,137.7788248094838,131.99732284200167,128.482048457263,126.6432697865144,114.67562983537948,107.6595091123588,107.30014856917133,102.19782017911254,95.74406212662869,89.71912685726687,83.5742427249174,76.80146530350456,71.425854454494,63.00581466836471,57.76375114337762,27.84331732299328,25.13562642482928,22.503549298299767,18.24393487912988,23.584390852171893,24.539592401584375,30.824506800365,37.32281250442992,49.52687466653171,57.731220439701524,61.25313246539219,63.76698504472748,70.00013050069097,72.81510601277846,77.89734856682391,81.998357844452,88.99471714319584,96.67431117017543,100.26091023500882,101.24125600961845,13.847067812683614,7.852134868938523,0.0,3.0577645429299958,10.869590833881409,16.571789971056475,18.00939248913997,20.330244918744224,23.72625124971595,29.288614146902717,31.966055276040755,36.100523802949624,38.13050459103605,41.86340225906823,42.393919930781436,46.17880830430057,48.02070216660644,48.305424838692815,26.99196399117592,30.324987093406083,32.07082213716022,18.977943687574907,24.237026307195947,31.62770117489243,37.48609110618387,43.48757472368913,47.89001780686984,52.34465614558821,64.71170661964968,71.22189209599804,74.1775665845665,74.57111421275746,71.76299060805195,72.39433122467842,73.29437622783686,11.865548162284592,13.55147846926649,15.507379284747678,18.16387283828776,21.485192606090912,23.826240448404267,12.207162140391825,16.936426882399825,22.266067583235106,62.462389243933984,71.25574759428977,79.09521222605161,84.60208390754758,94.41971398883223,101.02073257205984,106.77095002324396,117.14293519120908,123.87882992671905,130.64872724273218,132.89179051538562,134.91102455091456,140.55907999857104,143.19869584929012,146.01739702686694,54.467493686516356,64.46438249773404,65.69560681424059,55.325874025422905,56.9410637279376,60.634528682098065,145.8962197608925,150.1726738378654,35.94238697699021,36.62502750266923,37.051916291696564,41.86167026846513,9.16399496766833,12.09962948170444,101.17012025700333,103.8193770340741,106.56689541701131,110.68793028606571,114.5554555609107,120.69179451352967,124.31718305250446,135.2564155335123,38.10464144725654,41.4308786522742,42.41606061071283,117.12709483098722,124.22078880060258,129.02433181005955,133.3552367843225,135.33816238859444,136.80217042168778,26.42322959200093,27.765744768823872,28.50968697087993,29.074597583278024,31.770960503954683,34.13541773554081,22.366869149767755,25.925929840455655,102.89901677030235,105.40210434881884,35.66873501152593,76.0836786109378,77.44956008103965,85.10501311383517,92.54163614037657,70.53556895364703,73.01185186226631,73.87120030069633,61.064999695062276,61.981081023329594,66.06010345523654,73.62996692824582,97.25631439639578,102.2542028505332,104.51631823220583,107.13686512169284,110.10412294668885,112.14728936183958,113.36377939467995,114.9731475936947,120.56373548764648,125.2479692563647,130.98699112424427,135.44078074657713,70.1000446760925,95.51510969022972,101.65628303088701,107.79122337202824,110.89002757784532,112.99468273262175,118.81268280240526,122.86385669717846,127.01751272809555,127.52682120054054,133.22135458357488,135.0639819655894,108.639046184688,117.87088035115339,123.09465697816348,93.27409872776038,99.59482218318854,105.14723805378037,108.19934912646434,114.32209442575616,114.88370372055104,90.00267161540067,96.18477497914347,97.14826498947052,97.62771258827563,91.01537529024567,96.20580398159666,99.6461541091273,105.09325223565303,108.93420498204291,89.35694970348722,92.47089928560959,93.64494970095201,94.78090392538185,95.16857517786259,96.27260189855375,97.22646876557451,97.70752801348479,102.83948107127178,109.08517422735942,137.84202343313547
40,145.79383722766474,145.72582252337222,140.83658935241382,135.05508738493168,131.53981300019302,129.7010343294444,117.7333943783095,110.71727365528882,110.35791311210134,105.25558472204256,98.80182666955871,92.77689140019689,86.63200726784741,79.85922984643457,74.483618997424,66.06357921129471,60.82151568630761,30.901081865923278,28.193390967759278,25.561313841229765,21.30169942205988,26.642155395101895,27.597356944514377,33.882271343295,40.38057704735992,52.58463920946171,60.788984982631526,64.3108970083222,66.82474958765748,73.05789504362097,75.87287055570846,80.95511310975391,85.056122387382,92.05248168612584,99.73207571310543,103.31867477793882,104.29902055254846,16.90483235561361,10.909899411868519,3.0577645429299958,0.0,7.811826290951413,13.51402542812648,14.951627946209975,17.27248037581423,20.668486706785956,26.23084960397272,28.90829073311076,33.04275926001963,35.072740048106056,38.805637716138236,39.33615538785144,43.12104376137057,44.962937623676446,45.24766029576282,23.934199448245923,27.267222550476088,29.013057594230226,15.920179144644909,21.17926176426595,28.56993663196243,40.54385564911387,46.54533926661913,50.947782349799844,55.40242068851821,67.76947116257968,74.27965663892805,77.23533112749652,77.62887875568748,74.82075515098195,75.45209576760843,76.35214077076687,8.807783619354595,10.493713926336493,12.449614741817681,15.10610829535776,18.427428063160914,20.76847590547427,9.14939759746183,13.87866233946983,19.20830304030511,65.52015378686397,74.31351213721976,82.1529767689816,87.65984845047757,97.47747853176222,104.07849711498983,109.82871456617394,120.20069973413906,126.93659446964904,133.70649178566217,135.9495550583156,137.96878909384455,143.61684454150102,146.2564603922201,149.07516156979693,57.52525822944636,67.52214704066404,68.7533713571706,58.38363856835291,59.998828270867605,63.69229322502807,148.9539843038225,153.2304383807954,39.00015151992021,39.68279204559923,40.109680834626566,44.919434811395135,6.106230424738333,9.041864938774443,104.22788479993332,106.87714157700408,109.6246599599413,113.7456948289957,117.61322010384069,123.74955905645966,127.37494759543445,138.31418007644228,41.16240599018654,44.488643195204205,45.473825153642835,120.1848593739172,127.27855334353256,132.08209635298954,136.4130013272525,138.39592693152443,139.85993496461776,29.480994134930924,30.823509311753867,31.567451513809925,32.13236212620802,34.828725046884685,37.193182278470815,25.424633692697753,28.983694383385654,105.95678131323234,108.45986889174883,38.72649955445593,79.14144315386778,80.50732462396964,88.16277765676516,95.59940068330656,73.59333349657702,76.0696164051963,76.92896484362632,64.12276423799227,65.03884556625958,69.11786799816653,76.68773147117581,100.3140789393258,105.31196739346322,107.57408277513585,110.19462966462285,113.16188748961886,115.2050539047696,116.42154393760997,118.03091213662472,123.6215000305765,128.3057337992947,134.0447556671743,138.49854528950715,73.15780921902248,98.57287423315974,104.71404757381703,110.84898791495826,113.94779212077533,116.05244727555177,121.87044734533528,125.92162124010848,130.07527727102556,130.58458574347054,136.2791191265049,138.1217465085194,111.69681072761801,120.9286448940834,126.1524215210935,96.33186327069039,102.65258672611856,108.20500259671039,111.25711366939436,117.37985896868618,117.94146826348106,93.06043615833069,99.24253952207349,100.20602953240054,100.68547713120564,94.07313983317569,99.26356852452668,102.70391865205731,108.15101677858304,111.99196952497293,92.41471424641723,95.5286638285396,96.70271424388203,97.83866846831187,98.22633972079261,99.33036644148376,100.28423330850453,100.7652925564148,105.8972456142018,112.14293877028943,140.89978797606548
41,153.60566351861613,153.5376488143236,148.6484156433652,142.86691367588307,139.3516392911444,137.5128606203958,125.54522066926089,118.52909994624021,118.16973940305273,113.06741101299394,106.6136529605101,100.58871769114828,94.4438335587988,87.67105613738596,82.2954452883754,73.87540550224611,68.63334197725902,38.71290815687469,36.005217258710694,33.37314013218118,29.113525713011292,34.453981686053304,35.40918323546578,41.69409763424641,48.19240333831134,60.39646550041313,68.60081127358293,72.1227232992736,74.63657587860888,80.86972133457238,83.68469684665986,88.76693940070531,92.8679486783334,99.86430797707725,107.54390200405683,111.13050106889023,112.11084684349986,24.716658646565023,18.72172570281993,10.869590833881409,7.811826290951413,0.0,5.702199137175068,7.139801655258562,9.460654084862815,12.856660415834542,18.41902331302131,21.096464442159352,25.23093296906822,27.260913757154647,30.993811425186827,31.524329096900036,35.30921747041917,37.151111332725044,37.43583400481142,16.122373157294508,19.455396259524672,21.20123130327881,8.108352853693496,13.367435473314536,20.75811034101102,48.35568194006528,54.35716555757054,58.75960864075125,63.21424697946962,75.58129745353109,82.09148292987946,85.04715741844794,85.4407050466389,82.63258144193337,83.26392205855984,84.16396706171828,0.9959573284031824,2.681887635385081,4.637788450866268,7.294282004406347,10.615601772209502,12.956649614522856,1.3375713065104164,6.066836048518417,11.396476749353699,73.33198007781539,82.12533842817118,89.96480305993302,95.47167474142898,105.28930482271363,111.89032340594125,117.64054085712536,128.0125260250905,134.74842076060045,141.51831807661358,143.76138134926703,145.78061538479596,151.42867083245244,154.06828668317152,156.88698786074835,65.33708452039777,75.33397333161545,76.56519764812201,66.19546485930432,67.81065456181902,71.50411951597948,156.7658105947739,161.0422646717468,46.81197781087162,47.49461833655064,47.921507125577975,52.731261102346544,13.918056715689747,16.853691229725857,112.03971109088474,114.6889678679555,117.43648625089271,121.55752111994711,125.4250463947921,131.56138534741106,135.18677388638585,146.1260063673937,48.97423228113795,52.30046948615561,53.285651444594244,127.99668566486862,135.09037963448398,139.89392264394095,144.2248276182039,146.20775322247584,147.67176125556918,37.29282042588234,38.63533560270528,39.379277804761344,39.94418841715944,42.6405513378361,45.00500856942223,33.23645998364916,36.79552067433706,113.76860760418376,116.27169518270024,46.53832584540734,86.9532694448192,88.31915091492105,95.97460394771657,103.41122697425797,81.40515978752843,83.88144269614772,84.74079113457773,71.93459052894367,72.85067185721098,76.92969428911793,84.49955776212721,108.12590523027718,113.12379368441461,115.38590906608724,118.00645595557424,120.97371378057025,123.01688019572099,124.23337022856136,125.84273842757611,131.4333263215279,136.1175600902461,141.85658195812567,146.31037158045854,80.9696355099739,106.38470052411112,112.52587386476841,118.66081420590965,121.75961841172672,123.86427356650316,129.68227363628665,133.73344753105985,137.88710356197694,138.39641203442193,144.09094541745628,145.9335727994708,119.5086370185694,128.74047118503478,133.96424781204487,104.14368956164178,110.46441301706994,116.01682888766177,119.06893996034574,125.19168525963757,125.75329455443244,100.87226244928208,107.05436581302487,108.01785582335192,108.49730342215703,101.88496612412708,107.07539481547806,110.5157449430087,115.96284306953443,119.80379581592432,100.22654053736862,103.340490119491,104.51454053483342,105.65049475926325,106.038166011744,107.14219273243515,108.09605959945591,108.5771188473662,113.70907190515318,119.95476506124082,148.71161426701687
42,159.3078626557912,159.2398479514987,154.3506147805403,148.56911281305815,145.0538384283195,143.21505975757088,131.24741980643597,124.2312990834153,123.87193854022782,118.76961015016903,112.31585209768518,106.29091682832336,100.14603269597389,93.37325527456105,87.99764442555048,79.57760463942118,74.3355411144341,44.415107294049754,41.70741639588576,39.07533926935624,34.815724850186356,40.15618082322837,41.11138237264085,47.396296771421476,53.894602475486394,66.09866463758819,74.30301041075799,77.82492243644866,80.33877501578394,86.57192047174743,89.38689598383492,94.46913853788037,98.57014781550846,105.5665071142523,113.24610114123189,116.83270020606528,117.81304598067491,30.41885778374009,24.423924839995,16.571789971056475,13.51402542812648,5.702199137175068,0.0,1.4376025180834946,3.7584549476877482,7.154461278659474,12.716824175846241,15.394265304984282,19.528733831893152,21.55871461997958,25.29161228801176,25.82212995972497,29.607018333244103,31.448912195549976,31.733634867636354,10.420174020119441,13.753197122349606,15.499032166103746,13.810551990868564,19.069634610489604,26.460309478186087,54.057881077240346,60.059364694745604,64.46180777792632,68.91644611664469,81.28349659070616,87.79368206705453,90.749356555623,91.14290418381395,88.33478057910844,88.96612119573491,89.86616619889335,6.698156465578251,8.38408677256015,10.339987588041337,12.996481141581416,16.31780090938457,18.658848751697924,7.039770443685485,11.769035185693486,17.098675886528767,79.03417921499046,87.82753756534625,95.66700219710809,101.17387387860406,110.9915039598887,117.59252254311632,123.34273999430043,133.71472516226555,140.4506198977755,147.22051721378864,149.46358048644208,151.48281452197102,157.1308699696275,159.77048582034658,162.5891869979234,71.03928365757282,81.03617246879051,82.26739678529707,71.89766399647938,73.51285369899408,77.20631865315454,162.46800973194897,166.74446380892186,52.51417694804668,53.1968174737257,53.62370626275304,58.43346023952161,19.620255852864815,22.555890366900925,117.74191022805981,120.39116700513057,123.13868538806778,127.25972025712218,131.12724553196716,137.26358448458612,140.8889730235609,151.82820550456876,54.676431418313015,58.00266862333068,58.98785058176931,133.6988848020437,140.79257877165904,145.596121781116,149.92702675537896,151.9099523596509,153.37396039274424,42.995019563057404,44.33753473988035,45.08147694193641,45.6463875543345,48.342750475011165,50.707207706597295,38.93865912082423,42.49771981151213,119.47080674135881,121.9738943198753,52.24052498258241,92.65546858199427,94.02135005209612,101.67680308489165,109.11342611143304,87.1073589247035,89.58364183332279,90.4429902717528,77.63678966611874,78.55287099438605,82.631893426293,90.20175689930228,113.82810436745227,118.8259928215897,121.08810820326232,123.70865509274932,126.67591291774534,128.71907933289606,129.93556936573643,131.5449375647512,137.13552545870297,141.81975922742117,147.55878109530073,152.0125707176336,86.67183464714897,112.08689966128621,118.2280730019435,124.36301334308473,127.4618175489018,129.56647270367824,135.38447277346174,139.43564666823494,143.58930269915203,144.098611171597,149.79314455463137,151.63577193664588,125.21083615574449,134.44267032220986,139.66644694921996,109.84588869881686,116.16661215424503,121.71902802483686,124.77113909752083,130.89388439681267,131.45549369160756,106.57446158645716,112.75656495019996,113.72005496052701,114.19950255933212,107.58716526130216,112.77759395265315,116.21794408018378,121.66504220670951,125.5059949530994,105.9287396745437,109.04268925666608,110.2167396720085,111.35269389643834,111.74036514891908,112.84439186961023,113.798258736631,114.27931798454128,119.41127104232827,125.6569641984159,154.41381340419196
43,160.7454651738747,160.67745046958217,155.78821729862378,150.00671533114163,146.49144094640297,144.65266227565436,132.68502232451945,125.66890160149877,125.3095410583113,120.20721266825251,113.75345461576866,107.72851934640684,101.58363521405737,94.81085779264453,89.43524694363397,81.01520715750468,75.77314363251759,45.85270981213325,43.14501891396925,40.512941787439736,36.25332736826985,41.59378334131186,42.54898489072434,48.83389928950497,55.33220499356989,67.53626715567168,75.7406129288415,79.26252495453217,81.77637753386745,88.00952298983094,90.82449850191843,95.90674105596388,100.00775033359197,107.00410963233581,114.6837036593154,118.27030272414879,119.25064849875842,31.856460301823585,25.861527358078494,18.00939248913997,14.951627946209975,7.139801655258562,1.4376025180834946,0.0,2.3208524296042534,5.716858760575979,11.279221657762747,13.956662786900788,18.091131313809658,20.121112101896085,23.854009769928265,24.384527441641474,28.169415815160608,30.011309677466482,30.29603234955286,8.982571502035947,12.315594604266112,14.061429648020251,15.248154508952059,20.5072371285731,27.89791199626958,55.49548359532384,61.4969672128291,65.89941029600982,70.35404863472819,82.72109910878966,89.23128458513803,92.1869590737065,92.58050670189746,89.77238309719193,90.40372371381841,91.30376871697685,8.135758983661745,9.821689290643643,11.777590106124832,14.43408365966491,17.755403427468064,20.09645126978142,8.477372961768978,13.206637703776979,18.53627840461226,80.47178173307395,89.26514008342974,97.10460471519158,102.61147639668755,112.4291064779722,119.03012506119981,124.78034251238392,135.15232768034906,141.88822241585902,148.65811973187215,150.9011830045256,152.92041704005453,158.568472487711,161.2080883384301,164.02678951600691,72.47688617565632,82.473774986874,83.70499930338056,73.33526651456287,74.95045621707757,78.64392117123803,163.90561225003248,168.18206632700537,53.951779466130176,54.634419991809196,55.061308780836534,59.8710627576051,21.05785837094831,23.99349288498442,119.1795127461433,121.82876952321406,124.57628790615128,128.69732277520566,132.56484805005064,138.7011870026696,142.3265755416444,153.26580802265224,56.11403393639651,59.44027114141417,60.4254530998528,135.13648732012717,142.23018128974252,147.0337242991995,151.36462927346244,153.34755487773438,154.81156291082772,44.4326220811409,45.77513725796384,46.5190794600199,47.083990072418,49.78035299309466,52.14481022468079,40.37626163890772,43.93532232959562,120.90840925944232,123.41149683795881,53.6781275006659,94.09307110007776,95.45895257017962,103.11440560297514,110.55102862951654,88.544961442787,91.02124435140628,91.8805927898363,79.07439218420224,79.99047351246955,84.0694959443765,91.63935941738578,115.26570688553575,120.26359533967317,122.5257107213458,125.1462576108328,128.11351543582882,130.15668185097954,131.3731718838199,132.98254008283467,138.57312797678645,143.25736174550465,148.99638361338424,153.4501732357171,88.10943716523246,113.52450217936969,119.66567552002698,125.80061586116821,128.8994200669853,131.00407522176172,136.82207529154522,140.87324918631842,145.0269052172355,145.5362136896805,151.23074707271485,153.07337445472936,126.64843867382797,135.88027284029334,141.10404946730344,111.28349121690034,117.60421467232851,123.15663054292034,126.20874161560431,132.33148691489615,132.89309620969104,108.01206410454064,114.19416746828344,115.15765747861049,115.6371050774156,109.02476777938564,114.21519647073663,117.65554659826726,123.102644724793,126.94359747118288,107.36634219262719,110.48029177474956,111.65434219009198,112.79029641452182,113.17796766700256,114.28199438769371,115.23586125471448,115.71692050262476,120.84887356041175,127.09456671649939,155.85141592227544
44,163.06631760347895,162.99830289918643,158.10906972822804,152.3275677607459,148.81229337600723,146.97351470525862,135.0058747541237,127.98975403110303,127.63039348791555,122.52806509785677,116.07430704537292,110.0493717760111,103.90448764366162,97.13171022224878,91.75609937323823,83.33605958710893,78.09399606212185,48.17356224173751,45.46587134357351,42.833794217043994,38.57417979787411,43.91463577091612,44.8698373203286,51.15475171910923,57.65305742317415,69.85711958527594,78.06146535844576,81.58337738413643,84.0972299634717,90.3303754194352,93.14535093152269,98.22759348556814,102.32860276319623,109.32496206194007,117.00455608891966,120.59115515375305,121.57150092836268,34.17731273142784,28.18237978768275,20.330244918744224,17.27248037581423,9.460654084862817,3.7584549476877482,2.3208524296042534,0.0,3.396006330971726,8.958369228158494,11.635810357296535,15.770278884205403,17.80025967229183,21.53315734032401,22.06367501203722,25.848563385556353,27.690457247862227,27.975179919948605,6.661719072431693,9.994742174661859,11.740577218415998,17.569006938556313,22.828089558177354,30.218764425873836,57.8163360249281,63.817819642433356,68.22026272561408,72.67490106433245,85.04195153839392,91.55213701474229,94.50781150331076,94.90135913150172,92.09323552679619,92.72457614342267,93.6246211465811,10.456611413266,12.142541720247898,14.098442535729086,16.754936089269165,20.07625585707232,22.417303699385673,10.798225391373233,15.527490133381233,20.857130834216516,82.79263416267821,91.585992513034,99.42545714479584,104.93232882629181,114.74995890757646,121.35097749080407,127.10119494198818,137.47318010995332,144.20907484546328,150.9789721614764,153.22203543412985,155.2412694696588,160.88932491731526,163.52894076803435,166.34764194561117,74.79773860526058,84.79462741647826,86.02585173298482,75.65611894416713,77.27130864668183,80.96477360084229,166.22646467963673,170.50291875660963,56.272631895734435,56.955272421413454,57.38216121044079,62.19191518720936,23.37871080055256,26.31434531458867,121.50036517574756,124.14962195281832,126.89714033575554,131.01817520480992,134.8857004796549,141.02203943227386,144.64742797124865,155.5866604522565,58.43488636600077,61.76112357101843,62.74630552945706,137.45733974973143,144.55103371934678,149.35457672880375,153.6854817030667,155.66840730733864,157.13241534043198,46.75347451074516,48.0959896875681,48.83993188962416,49.404842502022255,52.10120542269892,54.46566265428505,42.69711406851198,46.25617475919988,123.22926168904658,125.73234926756307,55.99897993027016,96.41392352968202,97.77980499978388,105.4352580325794,112.8718810591208,90.86581387239126,93.34209678101054,94.20144521944056,81.3952446138065,82.31132594207381,86.39034837398076,93.96021184699003,117.58655931514001,122.58444776927743,124.84656315095006,127.46711004043706,130.43436786543307,132.4775342805838,133.69402431342417,135.30339251243893,140.8939804063907,145.5782141751089,151.3172360429885,155.77102566532136,90.43028959483672,115.84535460897395,121.98652794963124,128.12146829077247,131.22027249658956,133.32492765136598,139.14292772114948,143.19410161592268,147.34775764683977,147.85706611928475,153.5515995023191,155.39422688433362,128.96929110343223,138.2011252698976,143.4249018969077,113.6043436465046,119.92506710193277,125.4774829725246,128.52959404520857,134.6523393445004,135.2139486392953,110.3329165341449,116.5150198978877,117.47850990821475,117.95795750701986,111.3456202089899,116.53604890034089,119.97639902787152,125.42349715439725,129.26444990078716,109.68719462223144,112.80114420435382,113.97519461969624,115.11114884412608,115.49882009660682,116.60284681729797,117.55671368431874,118.03777293222902,123.169725990016,129.41541914610363,158.1722683518797
45,166.46232393445067,166.39430923015814,161.50507605919975,155.7235740917176,152.20829970697895,150.36952103623034,138.40188108509543,131.38576036207476,131.02639981888728,125.92407142882848,119.47031337634463,113.44537810698282,107.30049397463334,100.5277165532205,95.15210570420994,86.73206591808065,81.49000239309356,51.56956857270923,48.861877674545234,46.22980054801572,41.97018612884583,47.310642101887844,48.26584365130032,54.55075805008095,61.04906375414588,73.25312591624767,81.45747168941747,84.97938371510814,87.49323629444342,93.72638175040692,96.5413572624944,101.62359981653985,105.72460909416795,112.72096839291179,120.40056241989137,123.98716148472477,124.9675072593344,37.57331906239956,31.578386118654475,23.72625124971595,20.668486706785956,12.856660415834542,7.154461278659474,5.716858760575979,3.396006330971726,0.0,5.562362897186768,8.239804026324808,12.374272553233677,14.404253341320103,18.137151009352284,18.667668681065493,22.452557054584627,24.2944509168905,24.57917358897688,10.057725403403419,13.390748505633583,15.136583549387723,20.965013269528036,26.224095889149076,33.61477075684556,61.21234235589982,67.21382597340508,71.6162690565858,76.07090739530416,88.43795786936563,94.948143345714,97.90381783428248,98.29736546247344,95.48924185776791,96.12058247439438,97.02062747755282,13.852617744237724,15.538548051219623,17.49444886670081,20.150942420240888,23.47226218804404,25.813310030357396,14.194231722344957,18.923496464352958,24.253137165188242,86.18864049364993,94.98199884400572,102.82146347576756,108.32833515726352,118.14596523854817,124.74698382177579,130.4972012729599,140.86918644092503,147.605081176435,154.37497849244812,156.61804176510157,158.6372758006305,164.28533124828698,166.92494709900606,169.7436482765829,78.1937449362323,88.19063374745,89.42185806395655,79.05212527513886,80.66731497765356,84.36077993181402,169.62247101060845,173.89892508758135,59.66863822670616,60.35127875238518,60.778167541412515,65.58792151818108,26.77471713152429,29.7103516455604,124.89637150671928,127.54562828379004,130.29314666672727,134.41418153578167,138.28170681062664,144.4180457632456,148.0434343022204,158.98266678322824,61.83089269697249,65.15712990199015,66.14231186042878,140.85334608070315,147.9470400503185,152.75058305977547,157.08148803403841,159.06441363831036,160.5284216714037,50.14948084171688,51.49199601853982,52.235938220595884,52.80084883299398,55.49721175367064,57.86166898525677,46.0931203994837,49.6521810901716,126.6252680200183,129.1283555985348,59.39498626124188,99.80992986065374,101.1758113307556,108.83126436355111,116.26788739009251,94.26182020336297,96.73810311198226,97.59745155041227,84.79125094477821,85.70733227304552,89.78635470495247,97.35621817796175,120.98256564611172,125.98045410024915,128.24256948192178,130.86311637140878,133.8303741964048,135.8735406115555,137.09003064439588,138.69939884341065,144.28998673736243,148.97422050608063,154.7132423739602,159.16703199629308,93.82629592580844,119.24136093994566,125.38253428060295,131.51747462174419,134.61627882756127,136.7209339823377,142.5389340521212,146.5901079468944,150.74376397781148,151.25307245025647,156.94760583329082,158.79023321530534,132.36529743440394,141.59713160086932,146.8209082278794,117.00034997747632,123.32107343290448,128.8734893034963,131.92560037618028,138.04834567547212,138.609954970267,113.72892286511662,119.91102622885941,120.87451623918646,121.35396383799157,114.74162653996162,119.9320552313126,123.37240535884324,128.81950348536895,132.66045623175884,113.08320095320316,116.19715053532553,117.37120095066795,118.5071551750978,118.89482642757854,119.99885314826969,120.95272001529045,121.43377926320073,126.56573232098772,132.81142547707535,161.5682746828514
46,172.02468683163744,171.95667212734492,167.06743895638652,161.28593698890438,157.77066260416572,155.9318839334171,143.9642439822822,136.94812325926154,136.58876271607406,131.48643432601526,125.03267627353141,119.00774100416959,112.86285687182011,106.09007945040727,100.71446860139672,92.29442881526742,87.05236529028033,57.131931469895996,54.424240571732,51.79216344520248,47.5325490260326,52.87300499907461,53.82820654848709,60.11312094726772,66.61142665133264,78.81548881343443,87.01983458660425,90.54174661229492,93.0555991916302,99.28874464759369,102.10372015968117,107.18596271372662,111.28697199135472,118.28333129009856,125.96292531707815,129.54952438191154,130.52987015652116,43.13568195958633,37.14074901584124,29.288614146902717,26.23084960397272,18.41902331302131,12.716824175846241,11.279221657762747,8.958369228158494,5.562362897186768,0.0,2.6774411291380407,6.81190965604691,8.841890444133336,12.574788112165516,13.105305783878725,16.890194157397858,18.73208801970373,19.01681069179011,15.620088300590186,18.95311140282035,20.69894644657449,26.527376166714806,31.786458786335846,39.17713365403233,66.7747052530866,72.77618887059185,77.17863195377257,81.63327029249093,94.0003207665524,100.51050624290077,103.46618073146925,103.85972835966021,101.05160475495468,101.68294537158116,102.5829903747396,19.414980641424492,21.10091094840639,23.056811763887577,25.713305317427654,29.034625085230807,31.375672927544162,19.756594619531725,24.485859361539724,29.81550006237501,91.7510033908367,100.54436174119249,108.38382637295433,113.8906980544503,123.70832813573494,130.30934671896256,136.05956417014667,146.4315493381118,153.16744407362177,159.9373413896349,162.18040466228834,164.19963869781728,169.84769414547375,172.48730999619283,175.30601117376966,83.75610783341908,93.75299664463677,94.98422096114332,84.61448817232562,86.22967787484032,89.92314282900078,175.18483390779522,179.46128798476812,65.23100112389292,65.91364164957194,66.34053043859929,71.15028441536785,32.33708002871106,35.27271454274717,130.45873440390605,133.1079911809768,135.855509563914,139.9765444329684,143.8440697078134,149.98040866043235,153.60579719940714,164.54502968041498,67.39325559415926,70.71949279917692,71.70467475761555,146.41570897788992,153.50940294750527,158.31294595696224,162.6438509312252,164.62677653549713,166.09078456859046,55.711843738903646,57.05435891572659,57.79830111778265,58.363211730180744,61.05957465085741,63.424031882443536,51.65548329667047,55.21454398735837,132.18763091720507,134.69071849572157,64.95734915842864,105.37229275784051,106.73817422794237,114.39362726073789,121.83025028727928,99.82418310054975,102.30046600916903,103.15981444759905,90.35361384196499,91.2696951702323,95.34871760213925,102.91858107514852,126.5449285432985,131.54281699743592,133.80493237910855,136.42547926859555,139.39273709359156,141.43590350874229,142.65239354158265,144.26176174059742,149.8523496345492,154.5365834032674,160.27560527114696,164.72939489347982,99.38865882299521,124.80372383713244,130.94489717778973,137.07983751893096,140.17864172474805,142.28329687952447,148.10129694930797,152.15247084408117,156.30612687499826,156.81543534744324,162.5099687304776,164.3525961124921,137.92766033159072,147.1594944980561,152.3832711250662,122.56271287466309,128.88343633009126,134.4358522006831,137.48796327336706,143.6107085726589,144.17231786745378,119.29128576230339,125.47338912604619,126.43687913637324,126.91632673517834,120.30398943714839,125.49441812849938,128.93476825603,134.38186638255573,138.22281912894562,118.64556385038993,121.7595134325123,122.93356384785473,124.06951807228457,124.45718932476531,125.56121604545646,126.51508291247723,126.9961421603875,132.1280952181745,138.37378837426215,167.13063758003818
47,174.7021279607755,174.63411325648298,169.74488008552458,163.96337811804244,160.44810373330378,158.60932506255517,146.64168511142026,139.6255643883996,139.26620384521212,134.16387545515332,127.71011740266947,121.68518213330765,115.54029800095817,108.76752057954533,103.39190973053476,94.97186994440547,89.72980641941838,59.80937259903404,57.101681700870046,54.46960457434053,50.209990155170644,55.550446128212656,56.505647677625134,62.79056207640576,69.28886778047068,81.49292994257247,89.69727571574228,93.21918774143295,95.73304032076823,101.96618577673172,104.7811612888192,109.86340384286466,113.96441312049275,120.96077241923659,128.64036644621618,132.22696551104957,133.2073112856592,45.813123088724375,39.81819014497928,31.96605527604076,28.908290733110764,21.096464442159352,15.394265304984282,13.956662786900788,11.635810357296535,8.239804026324808,2.6774411291380407,0.0,4.1344685269088695,6.164449314995295,9.897346983027475,10.427864654740684,14.212753028259819,16.054646890565692,16.33936956265207,18.29752942972823,21.630552531958394,23.376387575712535,29.20481729585285,34.46389991547389,41.85457478317037,69.45214638222464,75.4536299997299,79.85607308291061,84.31071142162898,96.67776189569045,103.18794737203882,106.14362186060728,106.53716948879824,103.72904588409273,104.3603865007192,105.26043150387764,22.092421770562535,23.778352077544433,25.73425289302562,28.3907464465657,31.712066214368853,34.053114056682205,22.434035748669768,27.16330049067777,32.492941191513054,94.42844451997475,103.22180287033054,111.06126750209238,116.56813918358834,126.38576926487299,132.9867878481006,138.7370052992847,149.10899046724984,155.8448852027598,162.61478251877293,164.85784579142637,166.8770798269553,172.52513527461178,175.16475112533087,177.9834523029077,86.43354896255713,96.43043777377481,97.66166209028137,87.29192930146367,88.90711900397837,92.60058395813883,177.86227503693326,182.13872911390615,67.90844225303097,68.59108277870999,69.01797156773733,73.8277255445059,35.014521157849096,37.950155671885206,133.13617553304408,135.78543231011483,138.53295069305204,142.65398556210644,146.52151083695142,152.65784978957038,156.28323832854517,167.22247080955302,70.0706967232973,73.39693392831497,74.3821158867536,149.09315010702795,156.1868440766433,160.99038708610027,165.32129206036322,167.30421766463516,168.7682256977285,58.38928486804169,59.731800044864634,60.475742246920696,61.04065285931879,63.73701577999545,66.10147301158158,54.332924425808514,57.891985116496414,134.8650720463431,137.3681596248596,67.63479028756669,108.04973388697856,109.41561535708041,117.07106838987593,124.50769141641733,102.50162422968779,104.97790713830707,105.83725557673709,93.03105497110303,93.94713629937034,98.02615873127729,105.59602220428657,129.22236967243654,134.22025812657395,136.48237350824658,139.10292039773358,142.0701782227296,144.11334463788032,145.3298346707207,146.93920286973545,152.52979076368723,157.21402453240543,162.95304640028502,167.40683602261788,102.06609995213326,127.4811649662705,133.6223383069278,139.75727864806902,142.8560828538861,144.96073800866253,150.77873807844603,154.82991197321923,158.98356800413632,159.4928764765813,165.18740985961566,167.03003724163017,140.60510146072878,149.83693562719415,155.06071225420425,125.24015400380115,131.56087745922932,137.11329332982115,140.16540440250512,146.28814970179695,146.84975899659185,121.96872689144145,128.15083025518425,129.11432026551128,129.5937678643164,122.98143056628645,128.17185925763744,131.61220938516806,137.0593075116938,140.90026025808368,121.323004979528,124.43695456165037,125.61100497699279,126.74695920142263,127.13463045390337,128.23865717459452,129.1925240416153,129.67358328952557,134.80553634731257,141.0512295034002,169.80807870917624
48,178.83659648768432,178.7685817833918,173.8793486124334,168.09784664495126,164.5825722602126,162.743793589464,150.77615363832908,143.76003291530841,143.40067237212094,138.29834398206214,131.8445859295783,125.8196506602165,119.67476652786702,112.90198910645418,107.52637825744362,99.10633847131433,93.86427494632724,63.94384112594291,61.236150227778914,58.6040731012494,54.34445868207951,59.684914655121524,60.640116204534,66.92503060331462,73.42333630737954,85.62739846948134,93.83174424265115,97.35365626834182,99.8675088476771,106.1006543036406,108.91562981572808,113.99787236977353,118.09888164740163,125.09524094614547,132.77483497312505,136.36143403795845,137.34177981256806,49.94759161563324,43.95265867188815,36.10052380294963,33.042759260019636,25.23093296906822,19.528733831893152,18.091131313809658,15.770278884205403,12.374272553233677,6.81190965604691,4.1344685269088695,0.0,2.0299807880864256,5.762878456118606,6.293396127831814,10.078284501350947,11.920178363656822,12.204901035743198,22.431997956637098,25.765021058867262,27.510856102621403,33.33928582276172,38.59836844238276,45.98904331007924,73.5866149091335,79.58809852663876,83.99054160981947,88.44517994853784,100.81223042259931,107.32241589894768,110.27809038751616,110.67163801570712,107.86351441100159,108.49485502762806,109.3949000307865,26.226890297471403,27.9128206044533,29.868721419934488,32.52521497347457,35.84653474127772,38.18758258359107,26.568504275578636,31.29776901758664,36.62740971842192,98.56291304688361,107.3562713972394,115.19573602900124,120.7026077104972,130.52023779178185,137.12125637500947,142.87147382619358,153.24345899415871,159.97935372966867,166.7492510456818,168.99231431833525,171.01154835386419,176.65960380152066,179.29921965223974,182.11792082981657,90.56801748946599,100.56490630068367,101.79613061719023,91.42639782837253,93.04158753088723,96.73505248504769,181.99674356384213,186.27319764081503,72.04291077993983,72.72555130561885,73.1524400946462,77.96219407141476,39.14898968475797,42.08462419879408,137.27064405995296,139.9199008370237,142.66741921996092,146.78845408901532,150.6559793638603,156.79231831647925,160.41770685545404,171.3569393364619,74.20516525020616,77.53140245522383,78.51658441366246,153.22761863393683,160.32131260355217,165.12485561300915,169.4557605872721,171.43868619154404,172.90269422463737,62.52375339495056,63.8662685717735,64.61021077382956,65.17512138622766,67.87148430690432,70.23594153849045,58.46739295271738,62.02645364340528,138.99954057325198,141.50262815176848,71.76925881447556,112.18420241388742,113.55008388398927,121.2055369167848,128.6421599433262,106.63609275659665,109.11237566521594,109.97172410364595,97.1655234980119,98.0816048262792,102.16062725818615,109.73049073119543,133.3568381993454,138.3547266534828,140.61684203515543,143.23738892464243,146.20464674963844,148.24781316478916,149.46430319762953,151.0736713966443,156.66425929059608,161.34849305931428,167.08751492719387,171.54130454952673,106.20056847904212,131.61563349317933,137.75680683383663,143.89174717497787,146.99055138079495,149.09520653557138,154.91320660535487,158.96438050012807,163.11803653104516,163.62734500349015,169.3218783865245,171.16450576853902,144.73956998763762,153.971404154103,159.1951807811131,129.37462253070998,135.69534598613816,141.24776185673,144.29987292941397,150.4226182287058,150.9842275235007,126.1031954183503,132.2852987820931,133.24878879242013,133.72823639122524,127.1158990931953,132.30632778454628,135.7466779120769,141.19377603860264,145.03472878499252,125.45747350643684,128.57142308855921,129.74547350390165,130.8814277283315,131.26909898081223,132.37312570150337,133.32699256852413,133.8080518164344,138.9400048742214,145.18569803030903,173.94254723608506
49,180.86657727577077,180.79856257147824,175.90932940051985,170.1278274330377,166.61255304829905,164.77377437755044,152.80613442641553,145.79001370339486,145.43065316020738,140.32832477014858,133.87456671766475,127.84963144830294,121.70474731595347,114.93196989454063,109.55635904553006,101.13631925940076,95.89425573441368,65.97382191402934,63.26613101586534,60.634053889335824,56.37443947016594,61.71489544320795,62.67009699262043,68.95501139140106,75.45331709546598,87.65737925756777,95.86172503073757,99.38363705642824,101.89748963576352,108.13063509172702,110.9456106038145,116.02785315785995,120.12886243548805,127.12522173423189,134.80481576121147,138.39141482604487,139.37176060065448,51.97757240371967,45.98263945997458,38.13050459103606,35.07274004810606,27.260913757154647,21.55871461997958,20.121112101896085,17.80025967229183,14.404253341320103,8.841890444133336,6.164449314995295,2.0299807880864256,0.0,3.73289766803218,4.263415339745388,8.048303713264522,9.890197575570397,10.174920247656773,24.461978744723524,27.79500184695369,29.54083689070783,35.36926661084814,40.62834923046918,48.019024098165666,75.61659569721994,81.6180793147252,86.0205223979059,90.47516073662428,102.84221121068575,109.35239668703412,112.30807117560258,112.70161880379354,109.89349519908802,110.5248358157145,111.42488081887294,28.25687108555783,29.942801392539728,31.898702208020914,34.555195761560995,37.87651552936415,40.2175633716775,28.598485063665063,33.327749805673065,38.65739050650835,100.59289383497004,109.38625218532583,117.22571681708767,122.73258849858364,132.55021857986827,139.15123716309589,144.90145461428,155.27343978224513,162.0093345177551,168.77923183376822,171.02229510642167,173.0415291419506,178.68958458960708,181.32920044032616,184.147901617903,92.59799827755242,102.59488708877011,103.82611140527666,93.45637861645896,95.07156831897366,98.76503327313412,184.02672435192855,188.30317842890145,74.07289156802626,74.75553209370528,75.18242088273263,79.99217485950119,41.1789704728444,44.11460498688051,139.30062484803938,141.94988162511012,144.69740000804734,148.81843487710174,152.68596015194672,158.82229910456567,162.44768764354046,173.3869201245483,76.2351460382926,79.56138324331026,80.54656520174889,155.25759942202325,162.3512933916386,167.15483640109557,171.48574137535851,173.46866697963046,174.9326750127238,64.55373418303698,65.89624935985992,66.64019156191598,67.20510217431408,69.90146509499074,72.26592232657687,60.49737374080381,64.05643443149171,141.0295213613384,143.5326089398549,73.799239602562,114.21418320197385,115.58006467207571,123.23551770487123,130.6721407314126,108.66607354468309,111.14235645330237,112.00170489173239,99.19550428609833,100.11158561436564,104.19060804627259,111.76047151928186,135.38681898743184,140.38470744156925,142.64682282324188,145.26736971272888,148.2346275377249,150.2777939528756,151.49428398571598,153.10365218473075,158.69424007868253,163.37847384740073,169.1174957152803,173.57128533761318,108.23054926712855,133.64561428126578,139.78678762192308,145.9217279630643,149.0205321688814,151.12518732365783,156.94318739344132,160.99436128821452,165.1480173191316,165.6573257915766,171.35185917461095,173.19448655662546,146.76955077572407,156.00138494218945,161.22516156919954,131.40460331879643,137.7253267742246,143.27774264481644,146.3298537175004,152.45259901679225,153.01420831158714,128.13317620643676,134.31527957017954,135.27876958050658,135.75821717931169,129.14587988128176,134.33630857263276,137.77665870016338,143.2237568266891,147.064709573079,127.48745429452329,130.60140387664566,131.7754542919881,132.91140851641794,133.29907976889868,134.40310648958982,135.35697335661058,135.83803260452086,140.96998566230783,147.21567881839547,175.9725280241715
50,184.59947494380293,184.5314602395104,179.64222706855202,173.86072510106987,170.34545071633121,168.5066720455826,156.5390320944477,149.52291137142703,149.16355082823955,144.06122243818075,137.60746438569691,131.5825291163351,125.43764498398563,118.6648675625728,113.28925671356222,104.86921692743293,99.62715340244584,69.70671958206151,66.9990286838975,64.366951557368,60.10733713819812,65.44779311124013,66.40299466065261,72.68790905943324,79.18621476349816,91.39027692559995,99.59462269876977,103.11653472446044,105.63038730379571,111.86353275975921,114.6785082718467,119.76075082589215,123.86176010352024,130.8581194022641,138.53771342924367,142.12431249407706,143.10465826868668,55.71047007175185,49.71553712800676,41.86340225906824,38.80563771613824,30.993811425186827,25.29161228801176,23.854009769928265,21.53315734032401,18.137151009352284,12.574788112165516,9.897346983027475,5.762878456118606,3.73289766803218,0.0,0.5305176717132085,4.315406045232342,6.157299907538217,6.442022579624594,28.194876412755704,31.52789951498587,33.27373455874001,39.10216427888032,44.36124689850136,51.751921766197846,79.34949336525212,85.35097698275737,89.75342006593809,94.20805840465646,106.57510887871793,113.0852943550663,116.04096884363477,116.43451647182573,113.6263928671202,114.25773348374668,115.15777848690512,31.98976875359001,33.67569906057191,35.631599876053095,38.288093429593175,41.60941319739633,43.95046103970968,32.331382731697246,37.060647473705245,42.39028817454053,104.32579150300221,113.119149853358,120.95861448511984,126.4654861666158,136.28311624790047,142.88413483112808,148.6343522823122,159.00633745027733,165.7422321857873,172.51212950180042,174.75519277445386,176.7744268099828,182.42248225763927,185.06209810835836,187.88079928593518,96.3308959455846,106.32778475680229,107.55900907330884,97.18927628449114,98.80446598700584,102.4979309411663,187.75962201996074,192.03607609693364,77.80578923605844,78.48842976173746,78.91531855076481,83.72507252753337,44.91186814087658,47.84750265491269,143.03352251607157,145.68277929314232,148.43029767607953,152.55133254513393,156.4188578199789,162.55519677259787,166.18058531157266,177.1198177925805,79.96804370632478,83.29428091134244,84.27946286978107,158.99049709005544,166.0841910596708,170.88773406912776,175.2186390433907,177.20156464766265,178.665572680756,68.28663185106916,69.6291470278921,70.37308922994816,70.93799984234626,73.63436276302292,75.99881999460905,64.23027140883599,67.78933209952389,144.7624190293706,147.2655066078871,77.53213727059416,117.94708087000602,119.31296234010787,126.9684153729034,134.40503839944478,112.39897121271525,114.87525412133454,115.73460255976455,102.92840195413049,103.8444832823978,107.92350571430475,115.49336918731403,139.119716655464,144.1176051096014,146.37972049127404,149.00026738076104,151.96752520575706,154.01069162090778,155.22718165374815,156.83654985276291,162.4271377467147,167.1113715154329,172.85039338331245,177.3041830056453,111.96344693516072,137.37851194929794,143.51968528995525,149.65462563109648,152.75342983691357,154.85808499169,160.6760850614735,164.7272589562467,168.88091498716378,169.39022345960876,175.08475684264312,176.92738422465763,150.50244844375624,159.7342826102216,164.9580592372317,135.1375009868286,141.45822444225678,147.0106403128486,150.06275138553258,156.18549668482441,156.7471059796193,131.86607387446892,138.0481772382117,139.01166724853874,139.49111484734385,132.87877754931392,138.06920624066493,141.50955636819555,146.95665449472128,150.79760724111117,131.22035196255544,134.3343015446778,135.50835196002026,136.6443061844501,137.03197743693084,138.13600415762198,139.08987102464275,139.57093027255303,144.70288333034,150.94857648642764,179.70542569220368
51,185.12999261551613,185.0619779112236,180.17274474026522,174.39124277278307,170.8759683880444,169.0371897172958,157.0695497661609,150.05342904314023,149.69406849995275,144.59174010989395,138.1379820574101,132.1130467880483,125.96816265569883,119.195385234286,113.81977438527544,105.39973459914614,100.15767107415905,70.23723725377472,67.52954635561072,64.89746922908121,60.637854809911325,65.97831078295334,66.93351233236582,73.21842673114645,79.71673243521137,91.92079459731316,100.12514037048297,103.64705239617363,106.16090497550891,112.39405043147241,115.2090259435599,120.29126849760534,124.39227777523344,131.3886370739773,139.06823110095687,142.65483016579026,143.63517594039988,56.240987743465055,50.246054799719964,42.39391993078144,39.33615538785145,31.524329096900036,25.82212995972497,24.384527441641474,22.06367501203722,18.667668681065493,13.105305783878725,10.427864654740684,6.293396127831814,4.263415339745388,0.5305176717132085,0.0,3.7848883735191334,5.626782235825009,5.911504907911386,28.725394084468913,32.05841718669908,33.80425223045322,39.632681950593536,44.891764570214576,52.28243943791106,79.88001103696533,85.88149465447059,90.2839377376513,94.73857607636967,107.10562655043114,113.61581202677951,116.57148651534797,116.96503414353893,114.15691053883342,114.78825115545989,115.68829615861833,32.52028642530322,34.20621673228512,36.16211754776631,38.81861110130639,42.13993086910954,44.48097871142289,32.86190040341045,37.59116514541845,42.920805846253735,104.85630917471542,113.64966752507121,121.48913215683305,126.99600383832902,136.81363391961366,143.41465250284128,149.1648699540254,159.53685512199053,166.2727498575005,173.04264717351361,175.28571044616706,177.304944481696,182.95299992935247,185.59261578007155,188.41131695764838,96.86141361729781,106.8583024285155,108.08952674502206,97.71979395620436,99.33498365871905,103.02844861287952,188.29013969167394,192.56659376864684,78.33630690777166,79.01894743345068,79.44583622247802,84.25559019924658,45.442385812589784,48.378020326625894,143.56404018778477,146.21329696485552,148.96081534779273,153.08185021684713,156.9493754916921,163.08571444431107,166.71110298328585,177.6503354642937,80.49856137803799,83.82479858305565,84.80998054149428,159.52101476176864,166.61470873138398,171.41825174084096,175.7491567151039,177.73208231937585,179.19609035246918,68.81714952278237,70.15966469960532,70.90360690166138,71.46851751405947,74.16488043473613,76.52933766632226,64.7607890805492,68.3198497712371,145.2929367010838,147.7960242796003,78.06265494230738,118.47759854171923,119.84348001182109,127.4989330446166,134.935556071158,112.92948888442847,115.40577179304775,116.26512023147777,103.4589196258437,104.37500095411102,108.45402338601797,116.02388685902724,139.6502343271772,144.6481227813146,146.91023816298724,149.53078505247424,152.49804287747025,154.54120929262098,155.75769932546135,157.3670675244761,162.9576554184279,167.6418891871461,173.38091105502565,177.8347006773585,112.49396460687393,137.90902962101114,144.05020296166845,150.18514330280968,153.28394750862677,155.3886026634032,161.20660273318668,165.25777662795988,169.41143265887698,169.92074113132196,175.61527451435632,177.45790189637083,151.03296611546943,160.2648002819348,165.4885769089449,135.6680186585418,141.98874211396998,147.5411579845618,150.59326905724578,156.7160143565376,157.2776236513325,132.39659154618212,138.5786949099249,139.54218492025194,140.02163251905705,133.40929522102712,138.59972391237812,142.04007403990875,147.48717216643448,151.32812491282436,131.75086963426864,134.864819216391,136.03886963173346,137.1748238561633,137.56249510864404,138.66652182933518,139.62038869635595,140.10144794426623,145.2334010020532,151.47909415814084,180.23594336391687
52,188.91488098903528,188.84686628474276,183.95763311378437,178.17613114630223,174.66085676156356,172.82207809081495,160.85443813968004,153.83831741665938,153.4789568734719,148.3766284834131,141.92287043092927,135.89793516156746,129.75305102921797,122.98027360780512,117.60466275879456,109.18462297266527,103.94255944767818,74.02212562729385,71.31443472912984,68.68235760260033,64.42274318343046,69.76319915647247,70.71840070588495,77.00331510466557,83.5016208087305,95.70568297083229,103.91002874400209,107.43194076969276,109.94579334902804,116.17893880499153,118.99391431707902,124.07615687112447,128.17716614875255,135.1735254474964,142.85311947447596,146.43971853930935,147.42006431391897,60.02587611698419,54.0309431732391,46.17880830430058,43.121043761370586,35.30921747041917,29.6070183332441,28.169415815160605,25.84856338555635,22.452557054584624,16.890194157397858,14.212753028259815,10.078284501350947,8.048303713264522,4.315406045232342,3.7848883735191334,0.0,1.8418938623058752,2.126616534392252,32.51028245798804,35.843305560218205,37.589140603972346,43.41757032411267,48.67665294373371,56.06732781143019,83.66489941048445,89.66638302798971,94.06882611117042,98.52346444988879,110.89051492395026,117.40070040029863,120.3563748888671,120.74992251705805,117.94179891235254,118.57313952897901,119.47318453213745,36.30517479882235,37.99110510580425,39.94700592128544,42.60349947482552,45.92481924262867,48.26586708494202,36.64678877692959,41.37605351893759,46.70569421977287,108.64119754823454,117.43455589859033,125.27402053035217,130.78089221184814,140.5985222931328,147.1995408763604,152.94975832754452,163.32174349550965,170.0576382310196,176.82753554703274,179.07059881968618,181.08983285521512,186.7378883028716,189.37750415359068,192.1962053311675,100.64630199081694,110.64319080203462,111.87441511854118,101.50468232972348,103.11987203223818,106.81333698639864,192.07502806519307,196.35148214216596,82.12119528129078,82.8038358069698,83.23072459599715,88.0404785727657,49.22727418610892,52.16290870014503,147.3489285613039,149.99818533837464,152.74570372131186,156.86673859036625,160.73426386521123,166.8706028178302,170.49599135680498,181.43522383781283,84.28344975155711,87.60968695657478,88.59486891501341,163.30590313528776,170.3995971049031,175.20314011436008,179.53404508862303,181.51697069289497,182.9809787259883,72.6020378963015,73.94455307312444,74.6884952751805,75.2534058875786,77.94976880825526,80.31422603984139,68.54567745406833,72.10473814475623,149.0778250746029,151.5809126531194,81.8475433158265,122.26248691523836,123.62836838534021,131.28382141813574,138.72044444467713,116.71437725794759,119.19066016656687,120.05000860499689,107.24380799936283,108.15988932763014,112.23891175953709,119.80877523254637,143.43512270069635,148.43301115483376,150.6951265365064,153.3156734259934,156.2829312509894,158.32609766614013,159.5425876989805,161.15195589799526,166.74254379194704,171.42677756066524,177.1657994285448,181.61958905087766,116.27885298039305,141.6939179945303,147.8350913351876,153.97003167632883,157.06883588214592,159.17349103692234,164.99149110670584,169.04266500147904,173.19632103239613,173.7056295048411,179.40016288787547,181.24279026988998,154.8178544889886,164.04968865545396,169.27346528246406,139.45290703206095,145.77363048748913,151.32604635808096,154.37815743076493,160.50090273005677,161.06251202485166,136.18147991970125,142.36358328344403,143.32707329377106,143.80652089257617,137.19418359454627,142.38461228589728,145.8249624134279,151.27206053995363,155.11301328634352,135.5357580077878,138.64970758991015,139.8237580052526,140.95971222968245,141.3473834821632,142.45141020285433,143.4052770698751,143.88633631778538,149.01828937557235,155.26398253166,184.02083173743603
53,190.75677485134116,190.68876014704864,185.79952697609025,180.0180250086081,176.50275062386945,174.66397195312084,162.69633200198592,155.68021127896526,155.32085073577778,150.21852234571898,143.76476429323515,137.73982902387334,131.59494489152385,124.822167470111,119.44655662110043,111.02651683497113,105.78445330998404,75.86401948959971,73.15632859143571,70.5242514649062,66.26463704573632,71.60509301877833,72.56029456819081,78.84520896697144,85.34351467103636,97.54757683313815,105.75192260630797,109.27383463199864,111.78768721133392,118.02083266729741,120.8358081793849,125.91805073343035,130.01906001105843,137.01541930980227,144.69501333678184,148.28161240161523,149.26195817622485,61.86776997929006,55.87283703554497,48.02070216660645,44.96293762367645,37.15111133272504,31.448912195549973,30.01130967746648,27.690457247862224,24.294450916890497,18.73208801970373,16.054646890565692,11.920178363656824,9.890197575570397,6.157299907538217,5.626782235825009,1.8418938623058752,0.0,0.28472267208637697,34.352176320293914,37.68519942252408,39.43103446627822,45.25946418641853,50.51854680603957,57.909221673736056,85.50679327279032,91.50827689029558,95.91071997347629,100.36535831219466,112.73240878625613,119.2425942626045,122.19826875117298,122.59181637936393,119.7836927746584,120.41503339128488,121.31507839444332,38.147068661128216,39.83299896811012,41.788899783591305,44.445393337131385,47.76671310493454,50.10776094724789,38.488682639235456,43.217947381243455,48.54758808207874,110.48309141054041,119.2764497608962,127.11591439265804,132.62278607415402,142.44041615543867,149.04143473866628,154.7916521898504,165.16363735781553,171.8995320933255,178.66942940933862,180.91249268199206,182.931726717521,188.57978216517748,191.21939801589656,194.03809919347339,102.4881958531228,112.48508466434049,113.71630898084705,103.34657619202935,104.96176589454404,108.6552308487045,193.91692192749895,198.19337600447184,83.96308914359665,84.64572966927567,85.07261845830301,89.88237243507157,51.06916804841479,54.0048025624509,149.19082242360977,151.84007920068052,154.58759758361774,158.70863245267213,162.5761577275171,168.71249668013607,172.33788521911086,183.2771177001187,86.12534361386298,89.45158081888064,90.43676277731927,165.14779699759364,172.241490967209,177.04503397666596,181.3759389509289,183.35886455520085,184.8228725882942,74.44393175860736,75.7864469354303,76.53038913748637,77.09529974988446,79.79166267056112,82.15611990214725,70.38757131637419,73.94663200706209,150.9197189369088,153.4228065154253,83.68943717813237,124.10438077754422,125.47026224764608,133.1257152804416,140.56233830698298,118.55627112025346,121.03255402887274,121.89190246730276,109.0857018616687,110.001783189936,114.08080562184296,121.65066909485223,145.27701656300223,150.27490501713964,152.53702039881227,155.15756728829928,158.1248251132953,160.167991528446,161.38448156128638,162.99384976030115,168.58443765425292,173.26867142297112,179.00769329085068,183.46148291318354,118.12074684269892,143.53581185683618,149.67698519749348,155.8119255386347,158.9107297444518,161.01538489922822,166.83338496901172,170.88455886378492,175.038214894702,175.547523367147,181.24205675018135,183.08468413219586,156.65974835129447,165.89158251775984,171.11535914476994,141.29480089436683,147.615524349795,153.16794022038684,156.2200512930708,162.34279659236265,162.90440588715754,138.02337378200713,144.2054771457499,145.16896715607695,145.64841475488205,139.03607745685215,144.22650614820316,147.66685627573378,153.1139544022595,156.9549071486494,137.37765187009367,140.49160145221603,141.6656518675585,142.80160609198833,143.18927734446908,144.2933040651602,145.24717093218098,145.72823018009126,150.86018323787823,157.10587639396587,185.8627255997419
54,191.04149752342755,190.97348281913503,186.08424964817664,180.3027476806945,176.78747329595583,174.94869462520722,162.9810546740723,155.96493395105165,155.60557340786417,150.50324501780537,144.04948696532153,138.02455169595973,131.87966756361024,125.10689014219739,119.73127929318682,111.31123950705752,106.06917598207043,76.1487421616861,73.4410512635221,70.80897413699259,66.54935971782271,71.88981569086472,72.8450172402772,79.12993163905783,85.62823734312275,97.83229950522454,106.03664527839436,109.55855730408503,112.0724098834203,118.3055553393838,121.12053085147129,126.20277340551674,130.30378268314482,137.30014198188866,144.97973600886823,148.56633507370162,149.54668084831124,62.15249265137645,56.15755970763136,48.305424838692836,45.24766029576284,37.435834004811426,31.733634867636354,30.29603234955286,27.975179919948605,24.57917358897688,19.016810691790113,16.33936956265207,12.204901035743202,10.174920247656775,6.442022579624594,5.911504907911386,2.126616534392252,0.28472267208637697,0.0,34.636898992380296,37.96992209461046,39.7157571383646,45.54418685850492,50.80326947812596,58.193944345822445,85.7915159448767,91.79299956238197,96.19544264556268,100.65008098428105,113.01713145834252,119.52731693469089,122.48299142325936,122.87653905145032,120.0684154467448,120.69975606337127,121.59980106652971,38.431791333214605,40.11772164019651,42.07362245567769,44.730116009217774,48.05143577702093,50.39248361933428,38.773405311321845,43.502670053329844,48.83231075416513,110.7678140826268,119.56117243298259,127.40063706474443,132.9075087462404,142.72513882752506,149.32615741075267,155.07637486193678,165.44836002990192,172.18425476541188,178.954152081425,181.19721535407845,183.2164493896074,188.86450483726387,191.50412068798295,194.32282186555977,102.77291852520919,112.76980733642688,114.00103165293343,103.63129886411573,105.24648856663043,108.9399535207909,194.20164459958534,198.47809867655823,84.24781181568304,84.93045234136206,85.3573411303894,90.16709510715796,51.35389072050118,54.28952523453729,149.47554509569616,152.1248018727669,154.87232025570412,158.99335512475852,162.8608803996035,168.99721935222246,172.62260789119725,183.5618403722051,86.41006628594937,89.73630349096703,90.72148544940566,165.43251966968003,172.52621363929538,177.32975664875235,181.6606616230153,183.64358722728724,185.10759526038058,74.72865443069375,76.0711696075167,76.81511180957276,77.38002242197085,80.07638534264751,82.44084257423364,70.67229398846058,74.23135467914848,151.20444160899518,153.70752918751168,83.97415985021875,124.38910344963061,125.75498491973246,133.41043795252799,140.84706097906937,118.84099379233984,121.31727670095913,122.17662513938915,109.37042453375508,110.2865058620224,114.36552829392934,121.93539176693862,145.56173923508862,150.55962768922603,152.82174307089866,155.44228996038566,158.40954778538168,160.4527142005324,161.66920423337277,163.27857243238753,168.8691603263393,173.5533940950575,179.29241596293707,183.74620558526993,118.40546951478531,143.82053452892256,149.96170786957987,156.0966482107211,159.1954524165382,161.3001075713146,167.1181076410981,171.1692815358713,175.3229375667884,175.83224603923338,181.52677942226774,183.36940680428225,156.94447102338086,166.17630518984623,171.40008181685633,141.57952356645322,147.9002470218814,153.45266289247323,156.5047739651572,162.62751926444903,163.18912855924393,138.30809645409352,144.4901998178363,145.45368982816333,145.93313742696844,139.32080012893854,144.51122882028955,147.95157894782017,153.3986770743459,157.2396298207358,137.66237454218006,140.77632412430242,141.95037453964488,143.08632876407472,143.47400001655546,144.5780267372466,145.53189360426737,146.01295285217765,151.14490590996462,157.39059906605226,186.1474482718283
55,169.72803667591066,169.66002197161814,164.77078880065974,158.9892868331776,155.47401244843894,153.63523377769033,141.66759382655542,134.65147310353476,134.29211256034728,129.18978417028848,122.73602611780463,116.71109084844281,110.56620671609333,103.7934292946805,98.41781844566992,89.99777865954063,84.75571513455354,54.8352813141692,52.127590416005205,49.49551328947569,45.2358988703058,50.576354843347815,51.531556392760294,57.81647079154092,64.31477649560584,76.51883865770763,84.72318443087744,88.2450964565681,90.75894903590338,96.99209449186688,99.80707000395437,104.88931255799982,108.99032183562791,115.98668113437175,123.66627516135134,127.25287422618473,128.23322000079435,40.839031803859534,34.84409886011444,26.99196399117592,23.934199448245923,16.12237315729451,10.420174020119441,8.982571502035947,6.661719072431693,10.057725403403419,15.620088300590186,18.29752942972823,22.431997956637098,24.461978744723524,28.194876412755704,28.725394084468913,32.51028245798805,34.35217632029392,34.636898992380296,0.0,3.333023102230165,5.078858145984304,24.230726010988008,29.489808630609048,36.88048349830553,64.4780550973598,70.47953871486506,74.88198179804577,79.33662013676414,91.70367061082561,98.21385608717398,101.16953057574244,101.5630782039334,98.75495459922789,99.38629521585436,100.2863402190128,17.118330485697694,18.804260792679592,20.76016160816078,23.41665516170086,26.737974929504013,29.079022771817367,17.459944463804927,22.18920920581293,27.518849906648214,89.4543532351099,98.2477115854657,106.08717621722754,111.5940478987235,121.41167798000815,128.01269656323575,133.76291401441986,144.134899182385,150.87079391789496,157.6406912339081,159.88375450656153,161.90298854209047,167.55104398974694,170.19065984046603,173.00936101804285,81.45945767769228,91.45634648890997,92.68757080541653,82.31783801659883,83.93302771911353,87.62649267327399,172.88818375206841,177.1646378290413,62.93435096816613,63.61699149384515,64.0438802828725,68.85363425964105,30.040429872984255,32.976064387020365,128.16208424817924,130.81134102525,133.5588594081872,137.6798942772416,141.54741955208658,147.68375850470554,151.30914704368033,162.24837952468818,65.09660543843246,68.42284264345012,69.40802460188876,144.1190588221631,151.21275279177846,156.01629580123543,160.34720077549838,162.33012637977032,163.79413441286366,53.41519358317685,54.757708759999794,55.501650962055855,56.06656157445395,58.76292449513061,61.12738172671674,49.35883314094367,52.917893831631574,129.89098076147826,132.39406833999476,62.660699002701854,103.07564260211372,104.44152407221557,112.09697710501109,119.53360013155249,97.52753294482295,100.00381585344223,100.86316429187225,88.05696368623819,88.9730450145055,93.05206744641245,100.62193091942173,124.24827838757172,129.24616684170914,131.50828222338177,134.12882911286877,137.09608693786478,139.1392533530155,140.35574338585587,141.96511158487064,147.55569947882242,152.23993324754062,157.9789551154202,162.43274473775307,97.09200866726842,122.50707368140566,128.64824702206295,134.78318736320418,137.88199156902127,139.9866467237977,145.80464679358118,149.85582068835438,154.00947671927148,154.51878519171646,160.21331857475082,162.05594595676533,135.63101017586393,144.8628443423293,150.0866209693394,120.26606271893631,126.58678617436448,132.1392020449563,135.19131311764028,141.3140584169321,141.875667711727,116.99463560657661,123.1767389703194,124.14022898064646,124.61967657945156,118.00733928142161,123.1977679727726,126.63811810030323,132.08521622682895,135.92616897321884,116.34891369466315,119.46286327678553,120.63691369212795,121.77286791655779,122.16053916903853,123.26456588972968,124.21843275675045,124.69949200466073,129.83144506244773,136.07713821853537,164.8339874243114
56,173.06105977814082,172.9930450738483,168.1038119028899,162.32230993540776,158.8070355506691,156.9682568799205,145.00061692878558,137.9844962057649,137.62513566257743,132.52280727251863,126.06904922003478,120.04411395067297,113.89922981832349,107.12645239691065,101.75084154790008,93.33080176177079,88.0887382367837,58.168304416399366,55.46061351823537,52.82853639170585,48.56892197253597,53.90937794557798,54.86457949499046,61.14949389377109,67.64779959783601,79.8518617599378,88.05620753310762,91.57811955879829,94.09197213813357,100.32511759409707,103.14009310618455,108.22233566023,112.3233449378581,119.31970423660194,126.99929826358152,130.58589732841492,131.56624310302453,44.1720549060897,38.17712196234461,30.324987093406083,27.267222550476088,19.455396259524676,13.753197122349606,12.315594604266112,9.994742174661859,13.390748505633585,18.953111402820355,21.630552531958394,25.765021058867262,27.79500184695369,31.52789951498587,32.058417186699074,35.843305560218205,37.68519942252408,37.96992209461045,3.333023102230165,0.0,1.7458350437541394,27.563749113218172,32.82283173283921,40.213506600535695,67.81107819958996,73.81256181709522,78.21500490027593,82.6696432389943,95.03669371305577,101.54687918940414,104.5025536779726,104.89610130616356,102.08797770145804,102.71931831808452,103.61936332124296,20.45135358792786,22.137283894909757,24.093184710390943,26.749678263931024,30.070998031734177,32.41204587404753,20.79296756603509,25.522232308043094,30.85187300887838,92.78737633734006,101.58073468769585,109.4201993194577,114.92707100095366,124.74470108223831,131.3457196654659,137.09593711665002,147.46792228461516,154.20381702012511,160.97371433613824,163.2167776087917,165.23601164432063,170.8840670919771,173.52368294269618,176.342384120273,84.79248077992244,94.78936959114013,96.02059390764668,85.650861118829,87.2660508213437,90.95951577550416,176.22120685429857,180.49766093127147,66.2673740703963,66.95001459607532,67.37690338510266,72.18665736187123,33.37345297521442,36.30908748925053,131.4951073504094,134.14436412748015,136.89188251041736,141.01291737947176,144.88044265431674,151.0167816069357,154.64217014591048,165.58140262691833,68.42962854066263,71.7558657456803,72.74104770411893,147.45208192439327,154.5457758940086,159.3493189034656,163.68022387772854,165.66314948200048,167.1271575150938,56.748216685407016,58.09073186222996,58.83467406428602,59.399584676684114,62.09594759736078,64.4604048289469,52.69185624317384,56.25091693386174,133.22400386370842,135.72709144222492,65.99372210493202,106.40866570434387,107.77454717444573,115.43000020724125,122.86662323378265,100.86055604705311,103.33683895567239,104.19618739410241,91.38998678846835,92.30606811673566,96.38509054864261,103.95495402165189,127.58130148980187,132.5791899439393,134.84130532561193,137.46185221509893,140.42911004009494,142.47227645524566,143.68876648808603,145.2981346871008,150.88872258105258,155.57295634977078,161.31197821765033,165.7657678399832,100.42503176949857,125.84009678363581,131.9812701242931,138.11621046543434,141.21501467125142,143.31966982602785,149.13766989581134,153.18884379058454,157.34249982150163,157.85180829394662,163.54634167698097,165.38896905899549,138.9640332780941,148.19586744455947,153.41964407156956,123.59908582116647,129.91980927659463,135.47222514718646,138.52433621987043,144.64708151916227,145.20869081395716,120.32765870880677,126.50976207254956,127.47325208287661,127.95269968168172,121.34036238365177,126.53079107500275,129.97114120253337,135.4182393290591,139.259192075449,119.68193679689331,122.79588637901568,123.9699367943581,125.10589101878794,125.49356227126869,126.59758899195984,127.5514558589806,128.03251510689088,133.16446816467788,139.41016132076552,168.16701052654156
57,174.80689482189496,174.73888011760243,169.84964694664404,164.0681449791619,160.55287059442324,158.71409192367463,146.74645197253972,139.73033124951905,139.37097070633158,134.26864231627277,127.81488426378893,121.7899489944271,115.64506486207763,108.87228744066479,103.49667659165422,95.07663680552493,89.83457328053784,59.9141394601535,57.206448561989504,54.57437143545999,50.3147570162901,55.655212989332114,56.61041453874459,62.89532893752522,69.39363464159014,81.59769680369193,89.80204257686174,93.3239546025524,95.83780718188768,102.07095263785118,104.88592814993866,109.96817070398411,114.06917998161221,121.06553928035605,128.74513330733564,132.33173237216903,133.31207814677865,45.91788994984383,39.92295700609874,32.07082213716022,29.013057594230222,21.20123130327881,15.499032166103744,14.06142964802025,11.740577218415996,15.136583549387723,20.69894644657449,23.376387575712528,27.510856102621396,29.540836890707823,33.27373455874,33.80425223045321,37.58914060397234,39.43103446627821,39.71575713836459,5.078858145984304,1.7458350437541394,0.0,29.309584156972306,34.568666776593346,41.95934164428983,69.5569132433441,75.55839686084936,79.96083994403007,84.41547828274844,96.78252875680991,103.29271423315828,106.24838872172674,106.6419363499177,103.83381274521219,104.46515336183866,105.3651983649971,22.197188631681993,23.88311893866389,25.839019754145077,28.495513307685158,31.81683307548831,34.15788091780166,22.538802609789226,27.268067351797228,32.59770805263251,94.5332113810942,103.32656973145,111.16603436321184,116.6729060447078,126.49053612599245,133.09155470922005,138.84177216040416,149.2137573283693,155.94965206387926,162.71954937989238,164.96261265254583,166.98184668807477,172.62990213573124,175.26951798645032,178.08821916402715,86.53831582367658,96.53520463489427,97.76642895140083,87.39669616258313,89.01188586509782,92.70535081925829,177.9670418980527,182.2434959750256,68.01320911415043,68.69584963982945,69.12273842885679,73.93249240562535,35.119288018968554,38.054922533004664,133.24094239416354,135.8901991712343,138.6377175541715,142.7587524232259,146.62627769807088,152.76261665068984,156.38800518966463,167.32723767067247,70.17546358441676,73.50170078943442,74.48688274787305,149.1979169681474,156.29161093776275,161.09515394721973,165.42605892148268,167.40898452575462,168.87299255884795,58.49405172916115,59.83656690598409,60.580509108040154,61.14541972043825,63.84178264111491,66.20623987270103,54.43769128692797,57.99675197761587,134.96983890746256,137.47292648597906,67.73955714868615,108.15450074809802,109.52038221819987,117.17583525099539,124.61245827753679,102.60639109080725,105.08267399942653,105.94202243785655,93.13582183222249,94.0519031604898,98.13092559239675,105.70078906540603,129.327136533556,134.3250249876934,136.58714036936604,139.20768725885304,142.17494508384905,144.21811149899978,145.43460153184014,147.0439697308549,152.6345576248067,157.3187913935249,163.05781326140448,167.51160288373734,102.17086681325272,127.58593182738996,133.72710516804725,139.86204550918848,142.96084971500557,145.065504869782,150.88350493956548,154.93467883433868,159.08833486525577,159.59764333770076,165.2921767207351,167.13480410274963,140.70986832184823,149.9417024883136,155.1654791153237,125.34492086492061,131.66564432034878,137.2180601909406,140.27017126362458,146.3929165629164,146.9545258577113,122.0734937525609,128.2555971163037,129.21908712663074,129.69853472543585,123.0861974274059,128.2766261187569,131.71697624628752,137.16407437281325,141.00502711920313,121.42777184064745,124.54172142276983,125.71577183811225,126.85172606254208,127.23939731502283,128.34342403571398,129.29729090273474,129.77835015064502,134.91030320843203,141.15599636451967,169.9128455702957
58,161.71401637230963,161.6460016680171,156.75676849705872,150.97526652957657,147.4599921448379,145.6212134740893,133.6535735229544,126.63745279993371,126.27809225674623,121.17576386668745,114.7220058142036,108.69707054484178,102.5521864124923,95.77940899107946,90.40379814206891,81.98375835593961,76.74169483095253,46.821261010568186,44.11357011240419,41.481492985874674,37.22187856670479,42.5623345397468,43.51753608915928,49.80245048793991,56.300756192004826,68.50481835410662,76.70916412727644,80.2310761529671,82.74492873230238,88.97807418826588,91.79304970035336,96.87529225439881,100.97630153202691,107.97266083077075,115.65225485775034,119.23885392258373,120.21919969719336,32.82501150025852,26.830078556513428,18.977943687574903,15.920179144644909,8.108352853693496,13.810551990868564,15.248154508952059,17.569006938556313,20.96501326952804,26.52737616671481,29.20481729585285,33.33928582276172,35.36926661084814,39.10216427888032,39.63268195059353,43.41757032411266,45.25946418641853,45.54418685850491,24.230726010988008,27.563749113218172,29.309584156972313,0.0,5.259082619621041,12.649757487317522,56.46403479375878,62.465518411264036,66.86796149444476,71.32259983316312,83.6896503072246,90.19983578357296,93.15551027214144,93.5490579003324,90.74093429562687,91.37227491225335,92.27231991541179,9.104310182096679,10.790240489078577,12.746141304559766,15.402634858099844,18.723954625902998,21.065002468216353,9.445924160203912,14.175188902211913,19.504829603047195,81.44033293150889,90.23369128186468,98.07315591362652,103.58002759512249,113.39765767640714,119.99867625963475,125.74889371081886,136.120878878784,142.85677361429396,149.62667093030709,151.86973420296053,153.88896823848947,159.53702368614594,162.17663953686503,164.99534071444185,73.44543737409126,83.44232618530894,84.6735505018155,74.30381771299781,75.91900741551251,79.61247236967297,164.8741634484674,169.1506175254403,54.920330664565114,55.60297119024413,56.02985997927147,60.83961395604004,22.02640956938324,24.96204408341935,120.14806394457824,122.797320721649,125.54483910458622,129.6658739736406,133.53339924848558,139.66973820110454,143.29512674007933,154.23435922108717,57.08258513483145,60.40882233984911,61.39400429828774,136.1050385185621,143.19873248817746,148.00227549763443,152.33318047189738,154.31610607616932,155.78011410926266,45.401173279575836,46.74368845639878,47.48763065845484,48.052541270852934,50.7489041915296,53.11336142311573,41.34481283734266,44.90387352803056,121.87696045787726,124.38004803639375,54.64667869910084,95.0616222985127,96.42750376861456,104.08295680141008,111.51957982795147,89.51351264122194,91.98979554984122,92.84914398827124,80.04294338263718,80.95902471090449,85.03804714281144,92.60791061582071,116.23425808397069,121.23214653810811,123.49426191978074,126.11480880926774,129.08206663426375,131.12523304941448,132.34172308225484,133.9510912812696,139.5416791752214,144.2259129439396,149.96493481181915,154.418724434152,89.0779883636674,114.49305337780463,120.63422671846192,126.76916705960315,129.86797126542024,131.97262642019666,137.79062648998016,141.84180038475336,145.99545641567045,146.50476488811543,152.1992982711498,154.0419256531643,127.6169898722629,136.84882403872828,142.07260066573838,112.25204241533528,118.57276587076345,124.12518174135528,127.17729281403925,133.30003811333108,133.86164740812598,108.98061530297558,115.16271866671838,116.12620867704543,116.60565627585054,109.99331897782058,115.18374766917157,118.6240977967022,124.07119592322793,127.91214866961782,108.33489339106212,111.4488429731845,112.62289338852692,113.75884761295676,114.1465188654375,115.25054558612865,116.20441245314942,116.6854717010597,121.81742475884668,128.0631179149343,156.81996712071037
59,166.97309899193067,166.90508428763815,162.01585111667976,156.2343491491976,152.71907476445895,150.88029609371034,138.91265614257543,131.89653541955477,131.5371748763673,126.43484648630849,119.98108843382464,113.95615316446282,107.81126903211334,101.0384916107005,95.66288076168995,87.24284097556065,82.00077745057357,52.080343630189226,49.37265273202523,46.740575605495714,42.48096118632583,47.82141715936784,48.77661870878032,55.06153310756095,61.559838811625866,73.76390097372766,81.96824674689748,85.49015877258815,88.00401135192342,94.23715680788692,97.0521323199744,102.13437487401985,106.23538415164795,113.23174345039179,120.91133747737138,124.49793654220477,125.4782823168144,38.08409411987956,32.08916117613447,24.237026307195944,21.17926176426595,13.367435473314536,19.069634610489604,20.5072371285731,22.828089558177354,26.22409588914908,31.78645878633585,34.46389991547389,38.59836844238276,40.62834923046918,44.36124689850136,44.89176457021457,48.6766529437337,50.51854680603957,50.80326947812595,29.489808630609048,32.82283173283921,34.56866677659335,5.259082619621041,0.0,7.390674867696482,61.72311741337982,67.72460103088508,72.1270441140658,76.58168245278416,88.94873292684564,95.458918403194,98.41459289176248,98.80814051995344,96.00001691524791,96.63135753187439,97.53140253503283,14.363392801717719,16.049323108699618,18.005223924180804,20.661717477720885,23.983037245524038,26.324085087837393,14.705006779824952,19.434271521832954,24.76391222266824,86.69941555112993,95.49277390148572,103.33223853324756,108.83911021474353,118.65674029602818,125.25775887925579,131.0079763304399,141.37996149840504,148.115856233915,154.88575354992813,157.12881682258157,159.1480508581105,164.79610630576698,167.43572215648607,170.2544233340629,78.70451999371231,88.70140880493,89.93263312143655,79.56290033261885,81.17809003513355,84.87155498929401,170.13324606808845,174.40970014506135,60.179413284186154,60.86205380986517,61.28894259889251,66.09869657566108,27.28549218900428,30.22112670304039,125.40714656419928,128.05640334127003,130.80392172420724,134.92495659326164,138.79248186810662,144.92882082072558,148.55420935970037,159.49344184070821,62.34166775445249,65.66790495947015,66.65308691790878,141.36412113818315,148.4578151077985,153.26135811725547,157.59226309151842,159.57518869579036,161.0391967288837,50.660255899196876,52.00277107601982,52.74671327807588,53.311623890473975,56.00798681115064,58.37244404273677,46.6038954569637,50.1629561476516,127.1360430774983,129.6391306560148,59.90576131872188,100.32070491813374,101.6865863882356,109.34203942103112,116.77866244757251,94.77259526084298,97.24887816946226,98.10822660789228,85.30202600225822,86.21810733052553,90.29712976243248,97.86699323544175,121.49334070359173,126.49122915772915,128.75334453940178,131.37389142888878,134.3411492538848,136.38431566903552,137.60080570187588,139.21017390089065,144.80076179484243,149.48499556356063,155.2240174314402,159.67780705377305,94.33707098328844,119.75213599742567,125.89330933808296,132.0282496792242,135.12705388504128,137.2317090398177,143.0497091096012,147.1008830043744,151.2545390352915,151.76384750773647,157.45838089077083,159.30100827278534,132.87607249188395,142.10790665834932,147.33168328535942,117.51112503495632,123.83184849038449,129.38426436097632,132.4363754336603,138.55912073295212,139.12073002774702,114.23969792259662,120.42180128633942,121.38529129666647,121.86473889547158,115.25240159744162,120.4428302887926,123.88318041632324,129.33027854284896,133.17123128923885,113.59397601068316,116.70792559280554,117.88197600814796,119.0179302325778,119.40560148505854,120.50962820574969,121.46349507277046,121.94455432068074,127.07650737846772,133.32220053455535,162.0790497403314
60,174.36377385962714,174.29575915533462,169.40652598437623,163.6250240168941,160.10974963215543,158.27097096140682,146.3033310102719,139.28721028725124,138.92784974406376,133.82552135400496,127.37176330152111,121.3468280321593,115.20194389980982,108.42916647839698,103.05355562938642,94.63351584325713,89.39145231827004,59.47101849788571,56.76332759972171,54.131250473192196,49.87163605402231,55.21209202706432,56.1672935764768,62.45220797525743,68.95051367932236,81.15457584142415,89.35892161459395,92.88083364028462,95.3946862196199,101.6278316755834,104.44280718767088,109.52504974171633,113.62605901934442,120.62241831808826,128.30201234506785,131.88861140990124,132.86895718451086,45.47476898757604,39.47983604383095,31.627701174892426,28.56993663196243,20.75811034101102,26.460309478186087,27.89791199626958,30.218764425873836,33.61477075684556,39.177133654032325,41.854574783170364,45.98904331007923,48.01902409816566,51.75192176619784,52.282439437911044,56.067327811430175,57.90922167373605,58.19394434582242,36.88048349830553,40.213506600535695,41.959341644289836,12.649757487317522,7.390674867696482,0.0,69.1137922810763,75.11527589858156,79.51771898176227,83.97235732048064,96.33940779454211,102.84959327089048,105.80526775945896,106.19881538764992,103.39069178294439,104.02203239957086,104.9220774027293,21.7540676694142,23.4399979763961,25.395898791877286,28.052392345417367,31.37371211322052,33.71475995553387,22.095681647521435,26.824946389529437,32.15458709036472,94.0900904188264,102.8834487691822,110.72291340094404,116.22978508244,126.04741516372465,132.64843374695226,138.39865119813638,148.7706363661015,155.50653110161147,162.2764284176246,164.51949169027804,166.53872572580698,172.18678117346346,174.82639702418254,177.64509820175937,86.09519486140879,96.09208367262647,97.32330798913303,86.95357520031534,88.56876490283004,92.2622298569905,177.52392093578493,181.80037501275783,67.57008815188263,68.25272867756165,68.679617466589,73.48937144335756,34.67616705670076,37.61180157073687,132.79782143189576,135.4470782089665,138.19459659190372,142.31563146095812,146.1831567358031,152.31949568842205,155.94488422739684,166.8841167084047,69.73234262214898,73.05857982716664,74.04376178560527,148.75479600587963,155.84848997549497,160.65203298495194,164.9829379592149,166.96586356348683,168.42987159658017,58.05093076689336,59.3934459437163,60.13738814577236,60.70229875817046,63.39866167884712,65.76311891043325,53.99457032466018,57.55363101534808,134.52671794519478,137.02980552371127,67.29643618641836,107.71137978583022,109.07726125593207,116.73271428872759,124.16933731526899,102.16327012853945,104.63955303715873,105.49890147558875,92.69270086995469,93.608782198222,97.68780463012895,105.25766810313823,128.8840155712882,133.8819040254256,136.14401940709823,138.76456629658523,141.73182412158124,143.77499053673196,144.99148056957233,146.6008487685871,152.19143666253888,156.87567043125708,162.61469229913666,167.06848192146953,101.72774585098492,127.14281086512214,133.28398420577943,139.41892454692066,142.51772875273775,144.62238390751418,150.44038397729767,154.49155787207087,158.64521390298796,159.15452237543295,164.8490557584673,166.6916831404818,140.26674735958042,149.4985815260458,154.7223581530559,124.9017999026528,131.22252335808096,136.7749392286728,139.82705030135676,145.9497956006486,146.5114048954435,121.6303727902931,127.81247615403589,128.77596616436293,129.25541376316804,122.6430764651381,127.83350515648908,131.2738552840197,136.72095341054543,140.56190615693532,120.98465087837964,124.09860046050201,125.27265087584443,126.40860510027427,126.79627635275502,127.90030307344617,128.85416994046693,129.3352291883772,134.4671822461642,140.71287540225185,169.4697246080279
61,143.73429403265885,143.66627932836633,138.77704615740794,132.9955441899258,129.48026980518713,127.64149113443852,115.67385118330361,108.65773046028293,108.29836991709546,103.19604152703667,96.74228347455282,90.717348205191,84.57246407284153,77.79968665142869,72.42407580241812,64.00403601628882,58.761972491301734,28.841538670917394,26.133847772753395,23.501770646223882,19.242156227053997,13.901700254011981,12.946498704599499,6.661584305818873,13.159890009883796,25.363952171985588,33.5682979451554,37.09020997084607,39.604062550181354,45.837208006144856,48.652183518232334,53.734426072277785,57.83543534990587,64.83179464864972,72.5113886756293,76.0979877404627,77.07833351507233,23.639023293500266,29.633956237245357,37.48609110618388,40.54385564911387,48.35568194006529,54.05788107724035,55.49548359532385,57.8163360249281,61.21234235589982,66.7747052530866,69.45214638222464,73.58661490913352,75.61659569721994,79.34949336525212,79.88001103696533,83.66489941048447,85.50679327279035,85.79151594487672,64.47805509735979,67.81107819958996,69.5569132433441,56.464034793758785,61.723117413379825,69.11379228107631,0.0,6.00148361750526,10.403926700685975,14.85856503940434,27.225615513465808,33.73580098981418,36.69147547838265,37.08502310657361,34.27689950186808,34.90824011849456,35.80828512165301,49.35163926846847,51.03756957545037,52.993470390931556,55.64996394447164,58.97128371227479,61.31233155458814,49.69325324657571,54.42251798858371,59.75215868941899,63.4606105918581,72.25396894221389,80.09343357397573,85.6003052554717,95.41793533675634,102.01895391998396,107.76917137116807,118.14115653913319,124.87705127464316,131.6469485906563,133.89001186330975,135.9092458988387,141.55730134649517,144.19691719721425,147.01561837479107,16.981402580332485,26.978291391550172,28.209515708056728,31.162951530876782,32.77814123339148,36.47160618755194,146.89444110881664,151.17089518578953,11.77946448244408,12.462105008123102,12.888993797150443,17.69874777391901,46.65008607385221,49.58572058788832,102.16834160492745,104.81759838199821,107.56511676493542,111.68615163398982,115.55367690883482,121.69001586145379,125.31540440042858,136.25463688143643,13.941718952710414,17.267956157728076,18.253138116166706,118.12531617891133,125.21901014852669,130.02255315798365,134.3534581322466,136.33638373651854,137.80039176961188,27.421450939925045,28.763966116747987,29.507908318804045,30.07281893120214,32.7691818518788,35.13363908346493,23.36509049769187,26.92415118837977,103.89723811822645,106.40032569674294,36.66695635945005,77.08189995886191,78.44778142896376,86.10323446175929,93.53985748830068,71.53379030157114,74.01007321019043,74.86942164862045,62.06322104298639,62.97930237125371,67.05832480316066,74.62818827616994,98.25453574431991,103.25242419845733,105.51453958012996,108.13508646961697,111.10234429461298,113.14551070976371,114.36200074260408,115.97136894161883,121.56195683557061,126.24619060428883,131.9852124721684,136.43900209450126,71.09826602401661,96.51333103815385,102.65450437881114,108.78944471995237,111.88824892576945,113.99290408054588,119.81090415032939,123.86207804510259,128.01573407601967,128.52504254846465,134.219575931499,136.06220331351352,109.63726753261213,118.86910169907752,124.09287832608761,94.2723200756845,100.59304353111267,106.1454594017045,109.19757047438847,115.32031577368029,115.88192506847517,91.0008929633248,97.1829963270676,98.14648633739465,98.62593393619976,92.0135966381698,97.20402532952079,100.64437545705142,106.09147358357716,109.93242632996704,90.35517105141135,93.46912063353372,94.64317104887614,95.77912527330598,96.16679652578672,97.27082324647787,98.22469011349864,98.70574936140892,103.8377024191959,110.08339557528355,138.8402447810596
62,149.7357776501641,149.66776294587157,144.77852977491318,138.99702780743104,135.48175342269238,133.64297475194377,121.67533480080886,114.65921407778818,114.2998535346007,109.19752514454191,102.74376709205806,96.71883182269625,90.57394769034677,83.80117026893393,78.42555941992337,70.00551963379408,64.76345610880699,34.84302228842265,32.135331390258656,29.50325426372914,25.243639844559254,19.90318387151724,18.947982322104757,12.663067923324132,19.161373627389054,31.365435789490846,39.56978156266066,43.091693588351326,45.60554616768661,51.838691623650114,54.65366713573759,59.73590968978304,63.83691896741113,70.83327826615496,78.51287229313455,82.09947135796794,83.07981713257757,29.640506911005524,35.635439854750615,43.487574723689136,46.54533926661913,54.357165557570546,60.05936469474561,61.496967212829105,63.817819642433356,67.21382597340508,72.77618887059185,75.4536299997299,79.58809852663877,81.6180793147252,85.35097698275737,85.88149465447059,89.66638302798972,91.5082768902956,91.79299956238198,70.47953871486504,73.81256181709522,75.55839686084936,62.46551841126404,67.72460103088508,75.11527589858156,6.00148361750526,0.0,4.4024430831807155,8.857081421899082,21.22413189596055,27.734317372308922,30.68999186087739,31.08353948906835,28.275415884362822,28.9067565009893,29.806801504147742,55.353122885973725,57.03905319295563,58.994954008436814,61.651447561976894,64.97276732978005,67.31381517209341,55.694736864080966,60.424001606088964,65.75364230692425,69.46209420936336,78.25545255971915,86.09491719148099,91.60178887297695,101.4194189542616,108.02043753748922,113.77065498867333,124.14264015663845,130.87853489214842,137.64843220816155,139.891495480815,141.91072951634393,147.5587849640004,150.1984008147195,153.01710199229632,10.979918962827226,20.97680777404491,22.208032090551466,37.16443514838204,38.77962485089674,42.4730898050572,152.89592472632188,157.17237880329478,17.780948099949338,18.463588625628358,18.8904774146557,23.700231391424268,52.651569691357466,55.587204205393576,108.1698252224327,110.81908199950347,113.56660038244068,117.68763525149508,121.55516052634007,127.69149947895905,131.31688801793382,142.25612049894167,19.94320257021567,23.269439775233334,24.254621733671964,124.12679979641659,131.22049376603195,136.02403677548892,140.35494174975187,142.3378673540238,143.80187538711715,33.4229345574303,34.765449734253245,35.50939193630931,36.0743025487074,38.77066546938406,41.13512270097019,29.36657411519713,32.92563480588503,109.89872173573173,112.40180931424821,42.668439976955305,83.08338357636717,84.44926504646902,92.10471807926454,99.54134110580594,77.5352739190764,80.01155682769569,80.8709052661257,68.06470466049164,68.98078598875895,73.0598084206659,80.62967189367518,104.25601936182515,109.25390781596258,111.5160231976352,114.13657008712221,117.10382791211822,119.14699432726896,120.36348436010933,121.97285255912408,127.56344045307586,132.24767422179406,137.98669608967361,142.44048571200648,77.09974964152187,102.5148146556591,108.65598799631638,114.79092833745761,117.88973254327469,119.99438769805113,125.81238776783464,129.86356166260785,134.01721769352494,134.52652616596993,140.22105954900425,142.06368693101876,115.63875115011737,124.87058531658276,130.09436194359284,100.27380369318975,106.59452714861791,112.14694301920974,115.19905409189371,121.32179939118554,121.88340868598041,97.00237658083005,103.18447994457284,104.14796995489989,104.627417553705,98.01508025567504,103.20550894702603,106.64585907455667,112.0929572010824,115.93390994747229,96.35665466891659,99.47060425103896,100.64465466638138,101.78060889081122,102.16828014329197,103.27230686398312,104.22617373100388,104.70723297891416,109.83918603670115,116.08487919278879,144.84172839856484
63,154.1382207333448,154.0702060290523,149.1809728580939,143.39947089061175,139.8841965058731,138.04541783512448,126.07777788398957,119.06165716096889,118.70229661778141,113.59996822772263,107.14621017523878,101.12127490587696,94.97639077352748,88.20361335211464,82.82800250310409,74.4079627169748,69.1658991919877,39.24546537160337,36.53777447343938,33.90569734690986,29.646082927739975,24.30562695469796,23.350425405285478,17.06551100650485,23.56381671056977,35.76787887267156,43.97222464584137,47.49413667153204,50.007989250867325,56.24113470683083,59.056110218918306,64.13835277296376,68.23936205059185,75.23572134933569,82.91531537631528,86.50191444114867,87.4822602157583,34.042949994186245,40.037882937931336,47.89001780686986,50.94778234979985,58.75960864075127,64.46180777792634,65.89941029600983,68.22026272561409,71.61626905658582,77.1786319537726,79.85607308291064,83.99054160981952,86.02052239790594,89.75342006593812,90.28393773765133,94.06882611117047,95.91071997347635,96.19544264556272,74.88198179804579,78.21500490027596,79.9608399440301,66.86796149444476,72.1270441140658,79.51771898176227,10.403926700685975,4.4024430831807155,0.0,4.4546383387183655,16.821688812779833,23.3318742891282,26.28754877769667,26.68109640588763,23.872972801182105,24.504313417808582,25.404358420967025,59.755565969154446,61.44149627613635,63.397397091617535,66.05389064515761,69.37521041296077,71.71625825527413,60.09717994726169,64.82644468926969,70.15608539010498,73.86453729254407,82.65789564289986,90.4973602746617,96.00423195615767,105.82186203744232,112.42288062066993,118.17309807185404,128.54508323981918,135.28097797532914,142.05087529134227,144.2939385639957,146.31317259952465,151.96122804718112,154.6008438979002,157.41954507547703,15.382362046007941,25.379250857225628,26.610475173732183,41.566878231562754,43.18206793407745,46.87553288823791,157.2983678095026,161.5748218864755,22.183391183130055,22.866031708809075,23.292920497836416,28.102674474604985,57.05401277453819,59.9896472885743,112.57226830561342,115.22152508268418,117.9690434656214,122.0900783346758,125.95760360952079,132.09394256213974,135.71933110111453,146.65856358212238,24.34564565339639,27.67188285841405,28.65706481685268,128.5292428795973,135.62293684921264,140.4264798586696,144.75738483293256,146.7403104372045,148.20431847029784,37.82537764061102,39.167892817433966,39.91183501949003,40.47674563188812,43.173108552564784,45.537565784150914,33.769017198377846,37.328077889065746,114.30116481891244,116.80425239742893,47.070883060136026,87.48582665954788,88.85170812964974,96.50716116244526,103.94378418898665,81.93771700225712,84.4139999108764,85.27334834930642,72.46714774367236,73.38322907193967,77.46225150384662,85.0321149768559,108.65846244500587,113.65635089914329,115.91846628081592,118.53901317030292,121.50627099529893,123.54943741044967,124.76592744329004,126.37529564230479,131.96588353625657,136.65011730497477,142.38913917285436,146.84292879518722,81.50219272470258,106.91725773883981,113.0584310794971,119.19337142063833,122.2921756264554,124.39683078123184,130.21483085101534,134.26600474578854,138.41966077670563,138.9289692491506,144.62350263218497,146.46613001419948,120.04119423329809,129.27302839976346,134.49680502677356,104.67624677637046,110.99697023179863,116.54938610239046,119.60149717507443,125.72424247436625,126.28585176916113,101.40481966401076,107.58692302775356,108.5504130380806,109.02986063688572,102.41752333885576,107.60795203020675,111.04830215773738,116.49540028426311,120.336353030653,100.7590977520973,103.87304733421968,105.0470977495621,106.18305197399194,106.57072322647268,107.67474994716383,108.6286168141846,109.10967606209488,114.24162911988186,120.4873222759695,149.24417148174555
64,158.5928590720632,158.52484436777067,153.63561119681228,147.85410922933013,144.33883484459147,142.50005617384286,130.53241622270795,123.51629549968727,123.1569349564998,118.05460656644101,111.60084851395716,105.57591324459534,99.43102911224587,92.65825169083303,87.28264084182246,78.86260105569316,73.62053753070607,43.700103710321734,40.99241281215774,38.36033568562822,34.100721266458336,28.76026529341632,27.80506374400384,21.520149345223214,28.018455049288136,40.22251721138993,48.42686298455974,51.94877501025041,54.46262758958569,60.695773045549196,63.510748557636674,68.59299111168212,72.69400038931022,79.69035968805406,87.36995371503365,90.95655277986704,91.93689855447667,38.497588332904606,44.4925212766497,52.34465614558822,55.40242068851821,63.21424697946963,68.91644611664469,70.35404863472819,72.67490106433245,76.07090739530418,81.63327029249095,84.310711421629,88.44517994853787,90.47516073662429,94.20805840465647,94.73857607636968,98.52346444988882,100.3653583121947,100.65008098428108,79.33662013676414,82.66964323899431,84.41547828274845,71.32259983316312,76.58168245278416,83.97235732048065,14.858565039404342,8.857081421899082,4.4546383387183655,0.0,12.367050474061468,18.87723595040984,21.83291043897831,22.22645806716927,19.41833446246374,20.049675079090218,20.94972008224866,64.21020430787281,65.89613461485472,67.8520354303359,70.50852898387598,73.82984875167912,76.17089659399248,64.55181828598005,69.28108302798805,74.61072372882333,78.31917563126244,87.11253398161823,94.95199861338007,100.45887029487604,110.27650037616068,116.8775189593883,122.62773641057241,132.99972157853753,139.7356163140475,146.50551363006062,148.74857690271406,150.767810938243,156.41586638589948,159.05548223661856,161.8741834141954,19.83700038472631,29.833889195943996,31.06511351245055,46.02151657028112,47.63670627279582,51.33017122695628,161.75300614822095,166.02946022519384,26.63802952184842,27.32067004752744,27.74755883655478,32.55731281332335,61.50865111325655,64.44428562729266,117.02690664433179,119.67616342140255,122.42368180433976,126.54471667339416,130.41224194823914,136.5485809008581,140.1739694398329,151.11320192084074,28.800283992114753,32.12652119713242,33.11170315557105,132.98388121831567,140.07757518793102,144.881118197388,149.21202317165094,151.19494877592288,152.65895680901622,42.280015979329384,43.62253115615233,44.36647335820839,44.93138397060648,47.627746891283145,49.992204122869275,38.22365553709621,41.78271622778411,118.7558031576308,121.25889073614728,51.52552139885439,91.94046499826625,93.3063464683681,100.96179950116363,108.39842252770502,86.39235534097548,88.86863824959477,89.72798668802479,76.92178608239072,77.83786741065803,81.91688984256498,89.48675331557426,113.11310078372425,118.11098923786167,120.3731046195343,122.9936515090213,125.96090933401732,128.00407574916804,129.2205657820084,130.82993398102317,136.42052187497495,141.10475564369315,146.84377751157274,151.2975671339056,85.95683106342095,111.37189607755819,117.51306941821548,123.64800975935671,126.74681396517379,128.85146911995022,134.66946918973372,138.72064308450692,142.874299115424,143.383607587869,149.07814097090335,150.92076835291786,124.49583257201647,133.72766673848184,138.95144336549194,109.13088511508884,115.45160857051701,121.00402444110884,124.05613551379281,130.17888081308465,130.74049010787954,105.85945800272914,112.04156136647194,113.00505137679899,113.4844989756041,106.87216167757414,112.06259036892513,115.50294049645576,120.9500386229815,124.79099136937138,105.21373609081569,108.32768567293806,109.50173608828048,110.63769031271032,111.02536156519106,112.12938828588221,113.08325515290298,113.56431440081326,118.69626745860025,124.94196061468789,153.69880982046394
65,170.95990954612463,170.8918948418321,166.00266167087372,160.22115970339158,156.70588531865292,154.8671066479043,142.8994666967694,135.88334597374873,135.52398543056125,130.42165704050245,123.9678989880186,117.94296371865678,111.79807958630731,105.02530216489447,99.64969131588391,91.22965152975462,85.98758800476753,56.06715418438319,53.359463286219196,50.72738615968968,46.467771740519794,41.12731576747778,40.1721142180653,33.887199819284675,40.38550552334959,52.589567685451385,60.7939134586212,64.31582548431187,66.82967806364715,73.06282351961065,75.87779903169813,80.96004158574358,85.06105086337168,92.05741016211552,99.7370041890951,103.3236032539285,104.30394902853813,50.86463880696606,56.859571750711154,64.71170661964968,67.76947116257968,75.58129745353109,81.28349659070616,82.72109910878966,85.04195153839392,88.43795786936565,94.00032076655242,96.67776189569047,100.81223042259934,102.84221121068576,106.57510887871794,107.10562655043115,110.89051492395029,112.73240878625617,113.01713145834255,91.70367061082561,95.03669371305578,96.78252875680992,83.68965030722458,88.94873292684562,96.3394077945421,27.225615513465804,21.224131895960547,16.821688812779833,12.367050474061468,0.0,6.51018547634837,9.46585996491684,9.8594075931078,7.051283988402271,7.682624605028749,8.582669608187192,76.57725478193427,78.26318508891617,80.21908590439736,82.87557945793743,86.1968992257406,88.53794706805395,76.9188687600415,81.6481335020495,86.97777420288479,90.6862261053239,99.47958445567969,107.31904908744153,112.8259207689375,122.64355085022214,129.24456943344975,134.99478688463387,145.366772052599,152.10266678810896,158.8725641041221,161.11562737677554,163.13486141230447,168.78291685996095,171.42253271068003,174.24123388825686,32.204050858787774,42.20093967000546,43.432163986512016,58.38856704434258,60.00375674685728,63.69722170101774,174.12005662228242,178.39651069925532,39.00507999590988,39.6877205215889,40.11460931061624,44.92436328738481,73.875701587318,76.81133610135412,129.39395711839325,132.043213895464,134.7907322784012,138.9117671474556,142.77929242230059,148.91563137491954,152.54101991389433,163.48025239490218,41.167334466176214,44.49357167119388,45.47875362963251,145.35093169237712,152.44462566199246,157.24816867144943,161.57907364571238,163.56199924998432,165.02600728307766,54.64706645339084,55.989581630213785,56.733523832269846,57.29843444466794,59.9947973653446,62.35925459693073,50.590706011157664,54.149766701845564,131.12285363169227,133.62594121020877,63.892571872915845,104.30751547232771,105.67339694242956,113.32884997522508,120.76547300176648,98.75940581503694,101.23568872365622,102.09503716208624,89.28883655645218,90.20491788471949,94.28394031662644,101.85380378963572,125.48015125778569,130.47803971192312,132.74015509359575,135.36070198308275,138.32795980807876,140.37112622322948,141.58761625606985,143.19698445508462,148.7875723490364,153.4718061177546,159.21082798563418,163.66461760796705,98.32388153748241,123.73894655161963,129.88011989227692,136.01506023341815,139.11386443923524,141.21851959401167,147.03651966379516,151.08769355856836,155.24134958948545,155.75065806193044,161.4451914449648,163.2878188269793,136.8628830460779,146.0947172125433,151.31849383955338,121.49793558915029,127.81865904457845,133.37107491517028,136.42318598785425,142.5459312871461,143.10754058194098,118.22650847679058,124.40861184053338,125.37210185086043,125.85154944966554,119.23921215163558,124.42964084298657,127.86999097051721,133.31708909704292,137.1580418434328,117.58078656487713,120.6947361469995,121.86878656234192,123.00474078677176,123.3924120392525,124.49643875994366,125.45030562696442,125.9313648748747,131.0633179326617,137.30901108874934,166.06586029452538
66,177.47009502247298,177.40208031818045,172.51284714722206,166.73134517973992,163.21607079500126,161.37729212425265,149.40965217311773,142.39353145009707,142.0341709069096,136.9318425168508,130.47808446436696,124.45314919500515,118.30826506265568,111.53548764124284,106.15987679223228,97.73983700610299,92.4977734811159,62.57733966073157,59.86964876256757,57.237571636038055,52.97795721686817,47.63750124382616,46.68229969441368,40.39738529563305,46.895690999697976,59.09975316179977,67.30409893496957,70.82601096066024,73.33986353999552,79.57300899595901,82.3879845080465,87.47022706209195,91.57123633972004,98.56759563846389,106.24718966544347,109.83378873027686,110.8141345048865,57.37482428331444,63.36975722705953,71.22189209599806,74.27965663892806,82.09148292987948,87.79368206705455,89.23128458513804,91.5521370147423,94.94814334571403,100.5105062429008,103.18794737203885,107.32241589894772,109.35239668703414,113.08529435506632,113.61581202677954,117.40070040029867,119.24259426260456,119.52731693469093,98.213856087174,101.54687918940417,103.2927142331583,90.19983578357298,95.45891840319402,102.8495932708905,33.73580098981418,27.734317372308922,23.331874289128205,18.87723595040984,6.51018547634837,0.0,2.9556744885684694,3.349222116759429,13.56146946475064,14.192810081377118,15.092855084535561,83.08744025828265,84.77337056526456,86.72927138074574,89.38576493428582,92.70708470208896,95.04813254440232,83.42905423638989,88.15831897839789,93.48795967923317,97.19641158167227,105.98976993202805,113.8292345637899,119.33610624528586,129.1537363265705,135.75475490979812,141.50497236098224,151.87695752894737,158.61285226445733,165.38274958047046,167.6258128531239,169.64504688865284,175.29310233630932,177.9327181870284,180.75141936460523,38.71423633513615,48.71112514635384,49.94234946286039,64.89875252069096,66.51394222320566,70.20740717736612,180.6302420986308,184.90669617560368,45.51526547225826,46.197905997937276,46.624794786964614,51.43454876373318,80.38588706366639,83.3215215777025,135.90414259474161,138.55339937181236,141.30091775474958,145.42195262380397,149.28947789864895,155.4258168512679,159.0512053902427,169.99043787125055,47.67751994252459,51.00375714754225,51.98893910598088,151.86111716872549,158.95481113834083,163.7583541477978,168.08925912206075,170.0721847263327,171.53619275942603,61.15725192973922,62.49976710656216,63.24370930861822,63.808619921016316,66.50498284169298,68.86944007327911,57.10089148750604,60.65995217819394,137.63303910804063,140.13612668655713,70.40275734926422,110.81770094867608,112.18358241877793,119.83903545157345,127.27565847811485,105.26959129138531,107.7458742000046,108.60522263843461,95.79902203280055,96.71510336106786,100.79412579297481,108.36398926598409,131.99033673413405,136.98822518827146,139.2503405699441,141.8708874594311,144.8381452844271,146.88131169957782,148.0978017324182,149.70716993143296,155.29775782538474,159.98199159410294,165.72101346198252,170.17480308431539,104.83406701383078,130.249132027968,136.3903053686253,142.52524570976652,145.6240499155836,147.72870507036004,153.54670514014353,157.59787903491673,161.75153506583382,162.2608435382788,167.95537692131316,169.79800430332767,143.37306852242628,152.60490268889166,157.82867931590175,128.00812106549864,134.32884452092682,139.88126039151865,142.93337146420262,149.05611676349446,149.61772605828935,124.73669395313895,130.91879731688175,131.8822873272088,132.3617349260139,125.74939762798395,130.93982631933494,134.38017644686556,139.8272745733913,143.66822731978118,124.0909720412255,127.20492162334787,128.3789720386903,129.51492626312015,129.9025975156009,131.00662423629203,131.9604911033128,132.44155035122307,137.57350340901004,143.81919656509768,172.57604577087372
67,180.42576951104147,180.35775480674894,175.46852163579055,169.6870196683084,166.17174528356975,164.33296661282114,152.36532666168623,145.34920593866556,144.98984539547808,139.88751700541928,133.43375895293545,127.40882368357364,121.26393955122417,114.49116212981133,109.11555128080076,100.69551149467146,95.45344796968438,65.53301414930004,62.82532325113604,60.193246124606524,55.93363170543664,50.59317573239463,49.63797418298215,43.35305978420152,49.85136548826644,62.05542765036823,70.25977342353804,73.7816854492287,76.29553802856398,82.52868348452748,85.34365899661496,90.42590155066041,94.5269108282885,101.52327012703235,109.20286415401193,112.78946321884533,113.76980899345496,60.33049877188291,66.325431715628,74.17756658456652,77.23533112749652,85.04715741844794,90.74935655562301,92.1869590737065,94.50781150331076,97.90381783428249,103.46618073146927,106.14362186060731,110.27809038751619,112.3080711756026,116.04096884363479,116.571486515348,120.35637488886714,122.19826875117302,122.48299142325939,101.16953057574246,104.50255367797263,106.24838872172677,93.15551027214144,98.41459289176248,105.80526775945896,36.69147547838265,30.68999186087739,26.287548777696674,21.83291043897831,9.46585996491684,2.9556744885684694,0.0,0.39354762819095956,16.51714395331911,17.148484569945587,18.04852957310403,86.04311474685112,87.72904505383302,89.6849458693142,92.34143942285428,95.66275919065743,98.00380703297078,86.38472872495835,91.11399346696635,96.44363416780163,100.15208607024074,108.94544442059653,116.78490905235837,122.29178073385434,132.10941081513897,138.71042939836659,144.4606468495507,154.83263201751583,161.5685267530258,168.33842406903892,170.58148734169237,172.6007213772213,178.24877682487778,180.88839267559686,183.7070938531737,41.66991082370462,51.666799634922306,52.89802395142886,67.85442700925942,69.46961671177412,73.16308166593458,183.58591658719925,187.86237066417215,48.470939960826726,49.153580486505746,49.58046927553308,54.39022325230165,83.34156155223485,86.27719606627096,138.85981708331008,141.50907386038082,144.25659224331804,148.37762711237244,152.24515238721742,158.38149133983637,162.00687987881116,172.946112359819,50.63319443109306,53.95943163611072,54.94461359454935,154.81679165729395,161.9104856269093,166.71402863636627,171.04493361062922,173.02785921490116,174.4918672479945,64.11292641830768,65.45544159513062,66.19938379718668,66.76429440958478,69.46065733026144,71.82511456184757,60.05656597607451,63.61562666676241,140.5887135966091,143.0918011751256,73.3584318378327,113.77337543724455,115.13925690734641,122.79470994014193,130.2313329666833,108.22526577995379,110.70154868857307,111.56089712700309,98.75469652136903,99.67077784963634,103.74980028154329,111.31966375455256,134.94601122270254,139.94389967683995,142.20601505851258,144.82656194799958,147.7938197729956,149.8369861881463,151.05347622098668,152.66284442000145,158.25343231395323,162.93766608267143,168.676687950551,173.13047757288388,107.78974150239925,133.20480651653648,139.34597985719378,145.480920198335,148.5797244041521,150.68437955892853,156.50237962871202,160.55355352348522,164.7072095544023,165.2165180268473,170.91105140988165,172.75367879189616,146.32874301099477,155.56057717746015,160.78435380447024,130.96379555406713,137.2845190094953,142.83693488008714,145.8890459527711,152.01179125206295,152.57340054685784,127.69236844170744,133.87447180545024,134.83796181577728,135.3174094145824,128.70507211655246,133.89550080790346,137.33585093543408,142.7829490619598,146.6239018083497,127.04664652979399,130.16059611191636,131.3346465272588,132.47060075168864,132.85827200416938,133.96229872486052,134.91616559188128,135.39722483979156,140.52917789757853,146.77487105366617,175.5317202594422
68,180.81931713923242,180.7513024349399,175.8620692639815,170.08056729649937,166.5652929117607,164.7265142410121,152.75887428987718,145.74275356685652,145.38339302366904,140.28106463361024,133.8273065811264,127.8023713117646,121.65748717941513,114.88470975800229,109.50909890899172,101.08905912286242,95.84699559787533,65.926561777491,63.218870879327,60.58679375279748,56.3271793336276,50.986723360585586,50.03152181117311,43.74660741239248,50.2449131164574,62.44897527855919,70.653321051729,74.17523307741966,76.68908565675494,82.92223111271844,85.73720662480592,90.81944917885137,94.92045845647947,101.9168177552233,109.59641178220289,113.18301084703629,114.16335662164592,60.72404640007387,66.71897934381896,74.57111421275748,77.62887875568748,85.4407050466389,91.14290418381397,92.58050670189746,94.90135913150172,98.29736546247345,103.85972835966022,106.53716948879827,110.67163801570715,112.70161880379356,116.43451647182575,116.96503414353896,120.7499225170581,122.59181637936398,122.87653905145035,101.56307820393342,104.89610130616359,106.64193634991773,93.5490579003324,98.80814051995344,106.19881538764992,37.08502310657361,31.08353948906835,26.681096405887633,22.22645806716927,9.8594075931078,3.349222116759429,0.39354762819095956,0.0,16.910691581510072,17.54203219813655,18.442077201294993,86.43666237504208,88.12259268202398,90.07849349750516,92.73498705104524,96.05630681884838,98.39735466116174,86.77827635314931,91.50754109515731,96.83718179599259,100.5456336984317,109.33899204878749,117.17845668054933,122.6853283620453,132.50295844332993,139.10397702655754,144.85419447774166,155.2261796457068,161.96207438121675,168.73197169722988,170.97503496988332,172.99426900541226,178.64232445306874,181.28194030378782,184.10064148136465,42.06345845189558,52.060347263113265,53.29157157961982,68.24797463745038,69.86316433996508,73.55662929412554,183.9794642153902,188.2559182923631,48.864487589017685,49.547128114696704,49.97401690372404,54.78377088049261,83.73510918042581,86.67074369446192,139.25336471150104,141.90262148857178,144.650139871509,148.7711747405634,152.63870001540838,158.77503896802733,162.40042750700212,173.33965998800997,51.02674205928402,54.35297926430168,55.33816122274031,155.2103392854849,162.30403325510025,167.10757626455722,171.43848123882017,173.42140684309211,174.88541487618545,64.50647404649864,65.84898922332158,66.59293142537764,67.15784203777574,69.8542049584524,72.21866219003853,60.45011360426547,64.00917429495337,140.98226122480006,143.48534880331655,73.75197946602366,114.16692306543551,115.53280453553737,123.18825756833289,130.62488059487427,108.61881340814475,111.09509631676403,111.95444475519405,99.14824414955999,100.0643254778273,104.14334790973425,111.71321138274352,135.3395588508935,140.3374473050309,142.59956268670354,145.22010957619054,148.18736740118655,150.23053381633727,151.44702384917764,153.0563920481924,158.64697994214418,163.3312137108624,169.07023557874197,173.52402520107483,108.18328913059021,133.59835414472744,139.73952748538474,145.87446782652597,148.97327203234306,151.07792718711949,156.89592725690298,160.94710115167618,165.10075718259327,165.61006565503826,171.3045990380726,173.14722642008712,146.72229063918573,155.9541248056511,161.1779014326612,131.3573431822581,137.67806663768627,143.2304825082781,146.28259358096207,152.4053388802539,152.9669481750488,128.08591606989842,134.2680194336412,135.23150944396824,135.71095704277334,129.09861974474342,134.28904843609442,137.72939856362504,143.17649669015077,147.01744943654066,127.44019415798495,130.55414374010732,131.72819415544976,132.8641483798796,133.25181963236034,134.35584635305148,135.30971322007224,135.79077246798252,140.9227255257695,147.16841868185713,175.92526788763317
69,178.01119353452688,177.94317883023436,173.05394565927597,167.27244369179382,163.75716930705516,161.91839063630655,149.95075068517164,142.93462996215098,142.5752694189635,137.4729410289047,131.01918297642086,124.99424770705906,118.84936357470959,112.07658615329674,106.70097530428619,98.2809355181569,93.0388719931698,63.11843817278547,60.41074727462147,57.778670148091955,53.51905572892207,48.17859975588006,47.22339820646758,40.93848380768695,47.43678951175187,59.64085167385366,67.84519744702348,71.36710947271415,73.88096205204943,80.11410750801292,82.9290830201004,88.01132557414586,92.11233485177395,99.10869415051779,106.78828817749738,110.37488724233077,111.3552330169404,57.91592279536834,63.91085573911343,71.76299060805195,74.82075515098195,82.63258144193337,88.33478057910844,89.77238309719193,92.09323552679619,95.48924185776792,101.0516047549547,103.72904588409274,107.86351441100162,109.89349519908804,113.62639286712022,114.15691053883343,117.94179891235257,119.78369277465845,120.06841544674482,98.75495459922789,102.08797770145806,103.8338127452122,90.74093429562686,96.0000169152479,103.39069178294437,34.27689950186808,28.275415884362822,23.872972801182105,19.41833446246374,7.051283988402271,13.56146946475064,16.51714395331911,16.91069158151007,0.0,0.6313406166264786,1.531385619784922,83.62853877033655,85.31446907731845,87.27036989279964,89.92686344633971,93.24818321414287,95.58923105645623,83.97015274844378,88.69941749045178,94.02905819128706,97.73751009372617,106.53086844408196,114.3703330758438,119.87720475733977,129.69483483862442,136.29585342185203,142.04607087303614,152.41805604100128,159.15395077651124,165.92384809252437,168.1669113651778,170.18614540070675,175.83420084836322,178.4738166990823,181.29251787665913,39.25533484719005,49.252223658407736,50.48344797491429,65.43985103274485,67.05504073525955,70.74850568942001,181.1713406106847,185.4477946876576,46.056363984312156,46.739004509991176,47.165893299018514,51.97564727578708,80.92698557572028,83.86262008975639,136.44524110679552,139.09449788386627,141.84201626680348,145.96305113585788,149.83057641070286,155.96691536332182,159.5923039022966,170.53153638330446,48.21861845457849,51.54485565959615,52.53003761803478,152.4022156807794,159.49590965039474,164.2994526598517,168.63035763411466,170.6132832383866,172.07729127147994,61.69835044179312,63.04086561861606,63.78480782067212,64.34971843307022,67.04608135374689,69.41053858533301,57.64198999955994,61.20105069024784,138.17413762009454,140.67722519861104,70.94385586131811,111.35879946072998,112.72468093083184,120.38013396362736,127.81675699016876,105.81068980343922,108.2869727120585,109.14632115048852,96.34012054485446,97.25620187312177,101.33522430502872,108.905087778038,132.53143524618795,137.52932370032536,139.791439081998,142.411985971485,145.379243796481,147.42241021163173,148.6389002444721,150.24826844348686,155.83885633743864,160.52309010615684,166.26211197403643,170.7159015963693,105.37516552588468,130.7902305400219,136.9314038806792,143.06634422182043,146.16514842763752,148.26980358241394,154.08780365219744,158.13897754697064,162.29263357788773,162.8019420503327,168.49647543336707,170.33910281538158,143.9141670344802,153.14600120094556,158.36977782795566,128.54921957755255,134.86994303298073,140.42235890357256,143.47446997625653,149.59721527554836,150.15882457034326,125.27779246519286,131.45989582893566,132.4233858392627,132.9028334380678,126.29049614003786,131.48092483138885,134.92127495891947,140.3683730854452,144.2093258318351,124.6320705532794,127.74602013540178,128.9200705507442,130.05602477517405,130.4436960276548,131.54772274834593,132.5015896153667,132.98264886327698,138.11460192106395,144.3602950771516,173.11714428292763
70,178.64253415115337,178.57451944686085,173.68528627590246,167.9037843084203,164.38850992368165,162.54973125293304,150.58209130179813,143.56597057877747,143.20661003559,138.1042816455312,131.65052359304735,125.62558832368555,119.48070419133607,112.70792676992323,107.33231592091266,98.91227613478337,93.67021260979628,63.74977878941194,61.042087891247945,58.41001076471843,54.15039634554854,48.80994037250653,47.85473882309405,41.569824424313424,48.06813012837834,60.272192290480135,68.47653806364994,71.99845008934061,74.51230266867589,80.74544812463938,83.56042363672687,88.64266619077232,92.74367546840041,99.74003476714425,107.41962879412384,111.00622785895723,111.98657363356686,58.54726341199481,64.5421963557399,72.39433122467842,75.45209576760843,83.26392205855984,88.96612119573491,90.40372371381841,92.72457614342267,96.1205824743944,101.68294537158117,104.36038650071922,108.49485502762809,110.52483581571451,114.25773348374669,114.7882511554599,118.57313952897904,120.41503339128492,120.6997560633713,99.38629521585436,102.71931831808453,104.46515336183867,91.37227491225335,96.63135753187439,104.02203239957086,34.908240118494554,28.906756500989296,24.504313417808582,20.049675079090218,7.682624605028749,14.19281008137712,17.148484569945587,17.542032198136546,0.6313406166264786,0.0,0.9000450031584435,84.25987938696302,85.94580969394492,87.90171050942611,90.55820406296618,93.87952383076933,96.22057167308269,84.60149336507025,89.33075810707825,94.66039880791354,98.36885071035265,107.16220906070843,115.00167369247028,120.50854537396624,130.3261754552509,136.92719403847852,142.67741148966263,153.04939665762777,159.78529139313773,166.55518870915085,168.7982519818043,170.81748601733324,176.4655414649897,179.1051573157088,181.92385849328562,39.88667546381652,49.88356427503421,51.114788591540766,66.07119164937133,67.68638135188603,71.37984630604649,181.80268122731118,186.07913530428408,46.68770460093863,47.37034512661765,47.79723391564499,52.60698789241356,81.55832619234675,84.49396070638286,137.076581723422,139.72583850049276,142.47335688342997,146.59439175248437,150.46191702732935,156.5982559799483,160.2236445189231,171.16287699993094,48.849959071204964,52.176196276222626,53.16137823466126,153.03355629740588,160.12725026702122,164.9307932764782,169.26169825074115,171.2446238550131,172.70863188810642,62.32969105841959,63.672206235242534,64.41614843729859,64.98105904969668,67.67742197037335,70.04187920195947,58.27333061618641,61.832391306874314,138.80547823672103,141.30856581523753,71.57519647794459,111.99014007735646,113.35602154745831,121.01147458025383,128.44809760679522,106.44203042006569,108.91831332868497,109.77766176711499,96.97146116148093,97.88754248974824,101.96656492165519,109.53642839466447,133.16277586281444,138.16066431695185,140.42277969862448,143.04332658811148,146.0105844131075,148.05375082825822,149.27024086109859,150.87960906011335,156.47019695406513,161.15443072278333,166.8934525906629,171.34724221299575,106.00650614251116,131.42157115664838,137.5627444973057,143.69768483844692,146.796489044264,148.90114419904043,154.71914426882392,158.77031816359712,162.92397419451422,163.4332826669592,169.12781604999356,170.97044343200807,144.54550765110667,153.77734181757205,159.00111844458215,129.18056019417904,135.50128364960722,141.05369952019905,144.10581059288302,150.22855589217485,150.79016518696974,125.90913308181935,132.09123644556215,133.05472645588918,133.5341740546943,126.92183675666435,132.11226544801534,135.55261557554596,140.9997137020717,144.84066644846158,125.2634111699059,128.37736075202827,129.5514111673707,130.68736539180054,131.07503664428128,132.17906336497242,133.13293023199319,133.61398947990347,138.74594253769044,144.99163569377808,173.74848489955411
71,179.5425791543118,179.47456445001927,174.58533127906088,168.80382931157874,165.28855492684008,163.44977625609147,151.48213630495655,144.4660155819359,144.1066550387484,139.0043266486896,132.55056859620578,126.52563332684397,120.3807491944945,113.60797177308166,108.2323609240711,99.81232113794181,94.57025761295472,64.64982379257039,61.94213289440639,59.310055767876875,55.05044134870699,49.70998537566498,48.7547838262525,42.46986942747187,48.968175131536796,61.17223729363859,69.3765830668084,72.89849509249906,75.41234767183434,81.64549312779783,84.46046863988532,89.54271119393077,93.64372047155886,100.6400797703027,108.31967379728229,111.90627286211569,112.88661863672532,59.44730841515326,65.44224135889834,73.29437622783686,76.35214077076687,84.16396706171828,89.86616619889335,91.30376871697685,93.6246211465811,97.02062747755284,102.58299037473961,105.26043150387765,109.39490003078653,111.42488081887295,115.15777848690513,115.68829615861834,119.47318453213748,121.31507839444336,121.59980106652974,100.2863402190128,103.61936332124297,105.36519836499711,92.27231991541177,97.53140253503281,104.92207740272929,35.808285121653,29.806801504147742,25.404358420967025,20.94972008224866,8.582669608187192,15.092855084535563,18.048529573104034,18.442077201294993,1.531385619784922,0.9000450031584435,0.0,85.15992439012146,86.84585469710336,88.80175551258455,91.45824906612462,94.77956883392778,97.12061667624114,85.5015383682287,90.23080311023669,95.56044381107198,99.26889571351109,108.06225406386687,115.90171869562872,121.40859037712468,131.22622045840933,137.82723904163694,143.57745649282106,153.9494416607862,160.68533639629615,167.45523371230928,169.69829698496272,171.71753102049166,177.36558646814814,180.00520231886722,182.82390349644405,40.78672046697497,50.78360927819266,52.01483359469921,66.97123665252978,68.58642635504448,72.27989130920494,182.7027262304696,186.9791803074425,47.58774960409708,48.270390129776096,48.697278918803434,53.507032895572,82.4583711955052,85.3940057095413,137.97662672658043,140.62588350365118,143.3734018865884,147.4944367556428,151.36196203048777,157.49830098310673,161.12368952208152,172.06292200308937,49.75000407436341,53.07624127938107,54.0614232378197,153.9336013005643,161.02729527017965,165.83083827963662,170.16174325389957,172.1446688581715,173.60867689126485,63.22973606157804,64.57225123840098,65.31619344045704,65.88110405285514,68.5774669735318,70.94192420511793,59.17337561934486,62.73243631003276,139.70552323987945,142.20861081839595,72.47524148110304,112.8901850805149,114.25606655061675,121.91151958341227,129.34814260995367,107.34207542322413,109.81835833184341,110.67770677027343,97.87150616463937,98.78758749290668,102.86660992481363,110.43647339782291,134.06282086597287,139.06070932011028,141.3228247017829,143.9433715912699,146.91062941626592,148.95379583141664,150.170285864257,151.77965406327178,157.37024195722356,162.05447572594176,167.79349759382131,172.24728721615418,106.9065511456696,132.3216161598068,138.4627895004641,144.59772984160534,147.69653404742243,149.80118920219886,155.61918927198235,159.67036316675555,163.82401919767264,164.33332767011763,170.02786105315198,171.8704884351665,145.4455526542651,154.67738682073048,159.90116344774057,130.08060519733746,136.40132865276564,141.95374452335747,145.00585559604144,151.12860089533328,151.69021019012817,126.80917808497777,132.99128144872057,133.9547714590476,134.43421905785272,127.82188175982277,133.01231045117376,136.45266057870438,141.8997587052301,145.74071145162,126.16345617306432,129.2774057551867,130.45145617052913,131.58741039495897,131.9750816474397,133.07910836813085,134.0329752351516,134.5140344830619,139.64598754084886,145.8916806969365,174.64852990271254
72,154.60162084701932,154.5336061427268,149.6443729717684,143.86287100428626,140.3475966195476,138.508817948799,126.54117799766408,119.5250572746434,119.16569673145592,114.06336834139714,107.60961028891329,101.58467501955147,95.439790887202,88.66701346578915,83.29140261677858,74.87136283064929,69.6292993056622,39.70886548527787,37.00117458711387,34.369097460584356,30.109483041414475,35.44993901445649,36.40514056386897,42.6900549626496,49.188360666714516,61.39242282881631,69.59676860198613,73.1186806276768,75.63253320701207,81.86567866297557,84.68065417506305,89.7628967291085,93.8639060067366,100.86026530548044,108.53985933246003,112.12645839729342,113.10680417190305,25.712615974968205,19.717683031223114,11.86554816228459,8.807783619354595,0.9959573284031824,6.698156465578251,8.135758983661745,10.456611413265998,13.852617744237724,19.414980641424492,22.09242177056253,26.2268902974714,28.256871085557826,31.989768753590006,32.52028642530321,36.30517479882234,38.147068661128216,38.43179133321459,17.11833048569769,20.451353587927855,22.197188631681996,9.104310182096679,14.363392801717719,21.7540676694142,49.35163926846847,55.353122885973725,59.75556596915444,64.2102043078728,76.57725478193427,83.08744025828264,86.0431147468511,86.43666237504206,83.62853877033655,84.25987938696302,85.15992439012146,0.0,1.6859303069818987,3.641831122463086,6.2983246760031655,9.619644443806319,11.960692286119674,2.333528634913599,7.062793376921599,12.392434077756882,74.32793740621857,83.12129575657436,90.9607603883362,96.46763206983216,106.28526215111681,112.88628073434442,118.63649818552854,129.00848335349366,135.74437808900362,142.51427540501675,144.7573386776702,146.77657271319913,152.4246281608556,155.0642440115747,157.8829451891515,66.33304184880095,76.32993066001863,77.56115497652519,67.1914221877075,68.8066118902222,72.50007684438266,157.76176792317708,162.03822200014997,47.807935139274804,48.49057566495382,48.91746445398116,53.72721843074973,14.914014044092928,17.84964855812904,113.03566841928792,115.68492519635868,118.43244357929589,122.55347844835029,126.42100372319528,132.55734267581425,136.18273121478904,147.1219636957969,49.97018960954114,53.2964268145588,54.28160877299743,128.9926429932718,136.08633696288715,140.88987997234412,145.22078494660707,147.203710550879,148.66771858397234,38.28877775428552,39.63129293110846,40.37523513316452,40.94014574556262,43.63650866623928,46.00096589782541,34.23241731205235,37.79147800274025,114.76456493258692,117.2676525111034,47.53428317381052,87.94922677322238,89.31510824332423,96.97056127611975,104.40718430266115,82.40111711593161,84.8774000245509,85.73674846298091,72.93054785734685,73.84662918561416,77.92565161752111,85.49551509053039,109.12186255868038,114.1197510128178,116.38186639449043,119.00241328397743,121.96967110897344,124.01283752412418,125.22932755696455,126.8386957559793,132.42928364993108,137.11351741864928,142.85253928652884,147.3063289088617,81.96559283837708,107.38065785251432,113.52183119317161,119.65677153431284,122.75557574012991,124.86023089490635,130.67823096468985,134.72940485946305,138.88306089038014,139.39236936282512,145.08690274585948,146.929530127874,120.5045943469726,129.73642851343797,134.96020514044807,105.13964689004497,111.46037034547314,117.01278621606497,120.06489728874894,126.18764258804076,126.74925188283564,101.86821977768527,108.05032314142807,109.01381315175512,109.49326075056022,102.88092345253027,108.07135214388126,111.51170227141189,116.95880039793762,120.79975314432751,101.22249786577181,104.33644744789419,105.51049786323661,106.64645208766645,107.03412334014719,108.13815006083834,109.0920169278591,109.57307617576939,114.70502923355637,120.95072238964401,149.70757159542006
73,156.28755115400122,156.2195364497087,151.3303032787503,145.54880131126816,142.0335269265295,140.1947482557809,128.22710830464598,121.2109875816253,120.85162703843783,115.74929864837904,109.29554059589519,103.27060532653337,97.1257211941839,90.35294377277106,84.97733292376049,76.55729313763119,71.3152296126441,41.39479579225977,38.687104894095775,36.05502776756626,31.795413348396373,37.135869321438385,38.091070870850864,44.37598526963149,50.87429097369642,63.07835313579821,71.28269890896803,74.8046109346587,77.31846351399398,83.55160896995747,86.36658448204496,91.4488270360904,95.5498363137185,102.54619561246234,110.22578963944193,113.81238870427532,114.79273447888495,27.398546281950104,21.403613338205012,13.551478469266488,10.493713926336493,2.681887635385081,8.38408677256015,9.821689290643643,12.142541720247896,15.538548051219623,21.10091094840639,23.778352077544433,27.9128206044533,29.942801392539728,33.67569906057191,34.206216732285114,37.991105105804245,39.83299896811012,40.11772164019649,18.80426079267959,22.137283894909753,23.88311893866389,10.790240489078577,16.049323108699618,23.4399979763961,51.03756957545036,57.03905319295562,61.441496276136334,65.8961346148547,78.26318508891617,84.77337056526454,87.729045053833,88.12259268202396,85.31446907731845,85.94580969394492,86.84585469710336,1.6859303069818987,0.0,1.9559008154811874,4.612394369021266,7.9337141368244195,10.274761979137773,4.019458941895498,8.7487236839035,14.078364384738782,76.01386771320047,84.80722606355626,92.6466906953181,98.15356237681407,107.97119245809871,114.57221104132633,120.32242849251044,130.69441366047556,137.43030839598552,144.20020571199865,146.4432689846521,148.46250302018103,154.1105584678375,156.7501743185566,159.56887549613342,68.01897215578285,78.01586096700053,79.24708528350709,68.8773524946894,70.4925421972041,74.18600715136456,159.44769823015898,163.72415230713187,49.4938654462567,50.17650597193572,50.603394760963056,55.413148737731625,16.599944351074825,19.535578865110935,114.72159872626982,117.37085550334058,120.1183738862778,124.23940875533219,128.10693403017717,134.24327298279613,137.86866152177092,148.80789400277877,51.65611991652303,54.982357121540694,55.967539079979325,130.6785733002537,137.77226726986905,142.57581027932602,146.90671525358897,148.8896408578609,150.35364889095425,39.97470806126742,41.317223238090364,42.061165440146425,42.62607605254452,45.32243897322118,47.68689620480731,35.91834761903424,39.47740830972214,116.45049523956882,118.95358281808531,49.220213480792424,89.63515708020428,91.00103855030613,98.65649158310165,106.09311460964305,84.08704742291351,86.5633303315328,87.42267876996281,74.61647816432875,75.53255949259606,79.61158192450301,87.18144539751229,110.80779286566228,115.8056813197997,118.06779670147233,120.68834359095933,123.65560141595535,125.69876783110608,126.91525786394645,128.5246260629612,134.11521395691298,138.79944772563118,144.53846959351074,148.9922592158436,83.65152314535898,109.06658815949622,115.20776150015351,121.34270184129474,124.44150604711182,126.54616120188825,132.36416127167175,136.41533516644495,140.56899119736204,141.07829966980702,146.77283305284138,148.6154604348559,122.1905246539545,131.42235882041987,136.64613544742997,106.82557719702687,113.14630065245504,118.69871652304687,121.75082759573084,127.87357289502266,128.43518218981754,103.55415008466717,109.73625344840997,110.69974345873702,111.17919105754213,104.56685375951217,109.75728245086316,113.1976325783938,118.64473070491952,122.48568345130941,102.90842817275372,106.02237775487609,107.19642817021851,108.33238239464835,108.72005364712909,109.82408036782024,110.77794723484101,111.25900648275129,116.39095954053828,122.63665269662592,151.39350190240197
74,158.2434519694824,158.17543726518988,153.2862040942315,147.50470212674935,143.9894277420107,142.15064907126208,130.18300912012717,123.16688839710649,122.80752785391901,117.70519946386023,111.25144141137638,105.22650614201456,99.08162200966508,92.30884458825224,86.93323373924167,78.51319395311238,73.27113042812529,43.35069660774096,40.64300570957696,38.010928583047445,33.75131416387756,39.09177013691957,40.04697168633205,46.33188608511268,52.830191789177604,65.0342539512794,73.23859972444922,76.76051175013988,79.27436432947516,85.50750978543866,88.32248529752614,93.4047278515716,97.50573712919969,104.50209642794353,112.18169045492311,115.76828951975651,116.74863529436614,29.354447097431294,23.359514153686202,15.507379284747678,12.449614741817681,4.637788450866268,10.339987588041335,11.77759010612483,14.098442535729083,17.494448866700807,23.056811763887573,25.734252893025612,29.86872141993448,31.898702208020907,35.63159987605309,36.16211754776629,39.947005921285424,41.7888997835913,42.07362245567767,20.760161608160775,24.09318471039094,25.839019754145077,12.746141304559764,18.005223924180804,25.395898791877286,52.99347039093155,58.99495400843681,63.39739709161752,67.85203543033589,80.21908590439736,86.72927138074573,89.68494586931419,90.07849349750515,87.27036989279964,87.90171050942611,88.80175551258455,3.641831122463086,1.9559008154811874,0.0,2.656493553540079,5.977813321343232,8.318861163656587,5.975359757376685,10.704624499384686,16.03426520021997,77.96976852868166,86.76312687903744,94.60259151079929,100.10946319229525,109.9270932735799,116.52811185680751,122.27832930799163,132.65031447595675,139.3862092114667,146.15610652747984,148.39916980013328,150.41840383566222,156.0664592833187,158.70607513403777,161.5247763116146,69.97487297126403,79.97176178248172,81.20298609898828,70.83325331017059,72.44844301268529,76.14190796684575,161.40359904564016,165.68005312261306,51.449766261737885,52.132406787416905,52.55929557644424,57.36904955321281,18.555845166556015,21.491479680592125,116.677499541751,119.32675631882177,122.07427470175898,126.19530957081338,130.06283484565836,136.19917379827731,139.8245623372521,150.76379481825995,53.61202073200422,56.93825793702188,57.92343989546051,132.6344741157349,139.72816808535023,144.5317110948072,148.86261606907016,150.8455416733421,152.30954970643543,41.93060887674861,43.27312405357155,44.01706625562761,44.581976868025706,47.27833978870237,49.6427970202885,37.87424843451543,41.43330912520333,118.40639605505001,120.9094836335665,51.17611429627361,91.59105789568547,92.95693936578732,100.61239239858284,108.04901542512424,86.0429482383947,88.51923114701398,89.378579585444,76.57237897980994,77.48846030807725,81.5674827399842,89.13734621299348,112.76369368114347,117.76158213528089,120.02369751695352,122.64424440644052,125.61150223143653,127.65466864658727,128.87115867942765,130.48052687844242,136.0711147723942,140.7553485411124,146.49437040899198,150.94816003132485,85.60742396084017,111.0224889749774,117.1636623156347,123.29860265677593,126.397406862593,128.50206201736944,134.32006208715293,138.37123598192613,142.52489201284322,143.0342004852882,148.72873386832256,150.57136125033708,124.14642546943568,133.37825963590106,138.60203626291116,108.78147801250806,115.10220146793623,120.65461733852806,123.70672841121203,129.82947371050386,130.39108300529875,105.51005090014836,111.69215426389115,112.6556442742182,113.13509187302331,106.52275457499336,111.71318326634434,115.15353339387498,120.60063152040071,124.4415842667906,104.8643289882349,107.97827857035728,109.1523289856997,110.28828321012953,110.67595446261028,111.77998118330143,112.7338480503222,113.21490729823248,118.34686035601946,124.5925535121071,153.34940271788315
75,160.8999455230225,160.83193081872997,155.94269764777158,150.16119568028944,146.64592129555078,144.80714262480217,132.83950267366725,125.82338195064658,125.4640214074591,120.36169301740031,113.90793496491646,107.88299969555464,101.73811556320517,94.96533814179233,89.58972729278176,81.16968750665247,75.92762398166538,46.00719016128104,43.29949926311704,40.667422136587525,36.40780771741764,41.74826369045965,42.70346523987213,48.98837963865276,55.48668534271768,67.69074750481947,75.89509327798928,79.41700530367994,81.93085788301522,88.16400333897872,90.9789788510662,96.06122140511165,100.16223068273975,107.15858998148359,114.83818400846317,118.42478307329657,119.4051288479062,32.01094065097137,26.01600770722628,18.163872838287755,15.10610829535776,7.294282004406347,12.996481141581416,14.43408365966491,16.754936089269165,20.15094242024089,25.71330531742766,28.3907464465657,32.52521497347457,34.555195761560995,38.288093429593175,38.81861110130638,42.60349947482551,44.445393337131385,44.73011600921776,23.41665516170086,26.749678263931024,28.495513307685165,15.402634858099844,20.661717477720885,28.052392345417367,55.64996394447163,61.65144756197689,66.05389064515761,70.50852898387598,82.87557945793745,89.38576493428582,92.34143942285428,92.73498705104524,89.92686344633972,90.5582040629662,91.45824906612464,6.298324676003165,4.612394369021266,2.656493553540079,0.0,3.3213197678031534,5.662367610116508,8.631853310916764,13.361118052924764,18.690758753760047,80.62626208222174,89.41962043257753,97.25908506433937,102.76595674583534,112.58358682711999,119.1846054103476,124.93482286153171,135.30680802949684,142.0427027650068,148.81260008101992,151.05566335367337,153.0748973892023,158.72295283685878,161.36256868757786,164.1812698651547,72.63136652480411,82.6282553360218,83.85947965252835,73.48974686371066,75.10493656622536,78.79840152038582,164.06009259918025,168.33654667615315,54.106259815277966,54.788900340956985,55.21578912998432,60.02554310675289,21.212338720096092,24.147973234132202,119.33399309529109,121.98324987236185,124.73076825529907,128.85180312435347,132.71932839919845,138.8556673518174,142.4810558907922,153.42028837180004,56.2685142855443,59.59475149056196,60.57993344900059,135.29096766927498,142.38466163889032,147.1882046483473,151.51910962261024,153.50203522688219,154.96604325997552,44.58710243028869,45.92961760711163,46.67355980916769,47.238470421565786,49.93483334224245,52.29929057382858,40.53074198805551,44.08980267874341,121.0628896085901,123.56597718710658,53.83260784981369,94.24755144922555,95.61343291932741,103.26888595212293,110.70550897866433,88.69944179193479,91.17572470055407,92.03507313898409,79.22887253335003,80.14495386161734,84.22397629352429,91.79383976653357,115.42018723468355,120.41807568882098,122.6801910704936,125.30073795998061,128.26799578497662,130.31116220012734,131.5276522329677,133.13702043198248,138.72760832593426,143.41184209465246,149.15086396253201,153.60465358486488,88.26391751438025,113.6789825285175,119.82015586917478,125.95509621031601,129.0539004161331,131.15855557090953,136.97655564069302,141.02772953546622,145.1813855663833,145.6906940388283,151.38522742186265,153.22785480387716,126.80291902297577,136.03475318944115,141.25852981645124,111.43797156604815,117.75869502147631,123.31111089206814,126.36322196475211,132.48596726404395,133.04757655883884,108.16654445368845,114.34864781743124,115.31213782775829,115.7915854265634,109.17924812853344,114.36967681988443,117.81002694741507,123.2571250739408,127.09807782033069,107.52082254177499,110.63477212389736,111.80882253923978,112.94477676366962,113.33244801615037,114.43647473684152,115.39034160386228,115.87140085177256,121.00335390955955,127.24904706564719,156.00589627142324
76,164.22126529082564,164.15325058653312,159.26401741557473,153.48251544809258,149.96724106335392,148.12846239260531,136.1608224414704,129.14470171844974,128.78534117526226,123.68301278520346,117.22925473271961,111.20431946335779,105.05943533100832,98.28665790959548,92.9110470605849,84.49100727445561,79.24894374946852,49.32850992908419,46.620819030920195,43.98874190439068,39.72912748522079,45.069583458262805,46.024785007675284,52.30969940645591,58.80800511052084,71.01206727262263,79.21641304579245,82.73832507148312,85.2521776508184,91.48532310678189,94.30029861886938,99.38254117291483,103.48355045054292,110.47990974928676,118.15950377626635,121.74610284109974,122.72644861570937,35.332260418774524,29.337327475029433,21.48519260609091,18.427428063160914,10.615601772209502,16.31780090938457,17.755403427468064,20.07625585707232,23.472262188044045,29.034625085230815,31.712066214368853,35.84653474127772,37.87651552936415,41.60941319739633,42.139930869109534,45.924819242628665,47.76671310493454,48.05143577702091,26.737974929504013,30.070998031734177,31.81683307548832,18.723954625902998,23.983037245524038,31.37371211322052,58.97128371227478,64.97276732978004,69.37521041296075,73.82984875167912,86.1968992257406,92.70708470208896,95.66275919065743,96.05630681884838,93.24818321414287,93.87952383076934,94.77956883392778,9.619644443806319,7.9337141368244195,5.977813321343232,3.3213197678031534,0.0,2.3410478423133543,11.953173078719917,16.68243782072792,22.012078521563204,83.94758185002489,92.74094020038068,100.58040483214252,106.08727651363849,115.90490659492313,122.50592517815075,128.25614262933487,138.6281277973,145.36402253280997,152.1339198488231,154.37698312147654,156.39621715700548,162.04427260466196,164.68388845538104,167.50258963295786,75.95268629260727,85.94957510382496,87.18079942033151,76.81106663151382,78.42625633402852,82.11972128818898,167.38141236698343,171.65786644395632,57.42757958308112,58.11022010876014,58.537108897787476,63.346862874556045,24.533658487899245,27.469293001935355,122.65531286309424,125.304569640165,128.05208802310221,132.1731228921566,136.0406481670016,142.17698711962055,145.80237565859534,156.7416081396032,59.58983405334745,62.916071258365115,63.901253216803745,138.61228743707812,145.70598140669347,150.50952441615044,154.8404293904134,156.82335499468533,158.28736302777867,47.90842219809184,49.250937374914784,49.994879576970845,50.55979018936894,53.2561531100456,55.62061034163173,43.852061755858664,47.411122446546564,124.38420937639324,126.88729695490973,57.153927617616844,97.5688712170287,98.93475268713055,106.59020571992608,114.02682874646747,92.02076155973793,94.49704446835722,95.35639290678724,82.55019230115317,83.46627362942048,87.54529606132743,95.11515953433671,118.7415070024867,123.73939545662412,126.00151083829675,128.62205772778375,131.58931555277977,133.6324819679305,134.84897200077086,136.45834019978562,142.0489280937374,146.7331618624556,152.4721837303352,156.92597335266805,91.5852372821834,117.00030229632064,123.14147563697793,129.27641597811916,132.37522018393625,134.47987533871267,140.29787540849617,144.34904930326937,148.50270533418646,149.01201380663144,154.7065471896658,156.5491745716803,130.12423879077892,139.3560729572443,144.5798495842544,114.7592913338513,121.08001478927946,126.63243065987129,129.68454173255526,135.8072870318471,136.368896326642,111.48786422149159,117.66996758523439,118.63345759556144,119.11290519436655,112.50056789633659,117.69099658768758,121.13134671521821,126.57844484174394,130.41939758813385,110.84214230957814,113.95609189170051,115.13014230704293,116.26609653147277,116.65376778395351,117.75779450464466,118.71166137166543,119.19272061957571,124.3246736773627,130.57036683345032,159.32721603922639
77,166.56231313313899,166.49429842884646,161.60506525788807,155.82356329040593,152.30828890566727,150.46951023491866,138.50187028378375,131.48574956076308,131.1263890175756,126.0240606275168,119.57030257503295,113.54536730567114,107.40048317332166,100.62770575190882,95.25209490289826,86.83205511676897,81.58999159178188,51.66955777139754,48.96186687323355,46.32978974670403,42.070175327534145,47.410631300576156,48.365832849988635,54.650747248769264,61.14905295283418,73.35311511493597,81.5574608881058,85.07937291379646,87.59322549313174,93.82637094909524,96.64134646118272,101.72358901522817,105.82459829285627,112.8209575916001,120.50055161857969,124.08715068341309,125.06749645802272,37.673308261087875,31.678375317342788,23.826240448404263,20.76847590547427,12.956649614522856,18.658848751697924,20.09645126978142,22.417303699385673,25.8133100303574,31.375672927544166,34.053114056682205,38.18758258359107,40.2175633716775,43.95046103970968,44.480978711422885,48.265867084942016,50.10776094724789,50.392483619334264,29.079022771817367,32.412045874047536,34.15788091780168,21.065002468216353,26.324085087837393,33.71475995553388,61.312331554588134,67.3138151720934,71.71625825527411,76.17089659399248,88.53794706805395,95.04813254440232,98.0038070329708,98.39735466116176,95.58923105645623,96.2205716730827,97.12061667624114,11.960692286119674,10.274761979137775,8.318861163656587,5.662367610116508,2.3410478423133543,0.0,14.294220921033272,19.02348566304127,24.353126363876555,86.28862969233825,95.08198804269404,102.92145267445588,108.42832435595184,118.24595443723649,124.8469730204641,130.59719047164822,140.96917563961335,147.7050703751233,154.47496769113644,156.7180309637899,158.73726499931882,164.3853204469753,167.02493629769438,169.8436374752712,78.29373413492063,88.29062294613831,89.52184726264487,79.15211447382717,80.76730417634187,84.46076913050233,169.72246020929677,173.99891428626967,59.76862742539447,60.45126795107349,60.87815674010083,65.6879107168694,26.874706330212604,29.810340844248714,124.9963607054076,127.64561748247836,130.3931358654156,134.51417073446999,138.38169600931496,144.51803496193392,148.1434235009087,159.08265598191656,61.930881895660804,65.25711910067847,66.2423010591171,140.95333527939147,148.0470292490068,152.85057225846379,157.18147723272673,159.16440283699868,160.628410870092,50.24947004040519,51.591985217228135,52.3359274192842,52.90083803168229,55.59720095235895,57.96165818394508,46.193109598172015,49.752170288859915,126.72525721870662,129.22834479722312,59.494975459930195,99.90991905934206,101.27580052944391,108.93125356223943,116.36787658878083,94.36180940205129,96.83809231067058,97.6974407491006,84.89124014346653,85.80732147173384,89.88634390364079,97.45620737665007,121.08255484480004,126.08044329893747,128.3425586806101,130.9631055700971,133.9303633950931,135.97352981024383,137.1900198430842,138.79938804209897,144.38997593605075,149.07420970476895,154.81323157264853,159.2670211949814,93.92628512449676,119.34135013863398,125.48252347929127,131.6174638204325,134.7162680262496,136.82092318102602,142.6389232508095,146.6900971455827,150.8437531764998,151.3530616489448,157.04759503197914,158.89022241399365,132.46528663309226,141.69712079955764,146.92089742656773,117.10033917616464,123.4210626315928,128.97347850218463,132.0255895748686,138.14833487416044,138.70994416895533,113.82891206380494,120.01101542754773,120.97450543787478,121.45395303667989,114.84161573864993,120.03204443000092,123.47239455753156,128.91949268405727,132.76044543044716,113.18319015189148,116.29713973401385,117.47119014935627,118.60714437378611,118.99481562626686,120.09884234695801,121.05270921397877,121.53376846188905,126.66572151967604,132.91141467576367,161.66826388153973
78,154.94323482512655,154.87522012083403,149.98598694987564,144.2044849823935,140.68921059765484,138.85043192690623,126.88279197577131,119.86667125275063,119.50731070956316,114.40498231950437,107.95122426702052,101.9262889976587,95.78140486530923,89.00862744389639,83.63301659488583,75.21297680875654,69.97091328376945,40.05047946338511,37.34278856522111,34.7107114386916,30.45109701952171,35.79155299256372,36.7467545419762,43.03166894075683,49.52997464482175,61.73403680692354,69.93838258009336,73.46029460578403,75.9741471851193,82.2072926410828,85.02226815317029,90.10451070721574,94.20551998484383,101.20187928358767,108.88147331056726,112.46807237540065,113.44841815001028,26.054229953075442,20.05929700933035,12.207162140391826,9.14939759746183,1.3375713065104164,7.039770443685485,8.47737296176898,10.798225391373233,14.19423172234496,19.756594619531725,22.434035748669764,26.568504275578633,28.59848506366506,32.33138273169724,32.861900403410445,36.646788776929576,38.48868263923545,38.773405311321824,17.459944463804927,20.79296756603509,22.53880260978923,9.445924160203912,14.705006779824952,22.095681647521435,49.6932532465757,55.69473686408096,60.09717994726167,64.55181828598003,76.9188687600415,83.42905423638987,86.38472872495834,86.7782763531493,83.97015274844378,84.60149336507025,85.5015383682287,2.333528634913599,4.019458941895498,5.975359757376685,8.631853310916764,11.953173078719917,14.294220921033272,0.0,4.7292647420080005,10.058905442843283,74.66955138432581,83.4629097346816,91.30237436644344,96.80924604793941,106.62687612922406,113.22789471245167,118.97811216363579,129.35009733160092,136.08599206711088,142.855889383124,145.09895265577745,147.1181866913064,152.76624213896287,155.40585798968195,158.22455916725878,66.67465582690818,76.67154463812587,77.90276895463242,67.53303616581474,69.14822586832943,72.8416908224899,158.10338190128434,162.37983597825723,48.14954911738204,48.83218964306106,49.259078432088394,54.06883240885696,15.255628022200163,18.191262536236273,113.37728239739516,116.02653917446592,118.77405755740314,122.89509242645754,126.76261770130253,132.8989566539215,136.52434519289628,147.46357767390413,50.31180358764837,53.63804079266603,54.62322275110466,129.33425697137903,136.42795094099438,141.23149395045135,145.5623989247143,147.54532452898624,149.00933256207958,38.63039173239276,39.9729069092157,40.71684911127176,41.28175972366986,43.97812264434652,46.34257987593265,34.57403129015958,38.13309198084748,115.10617891069418,117.60926648921067,47.87589715191776,88.29084075132963,89.65672222143148,97.312175254227,104.7487982807684,82.74273109403886,85.21901400265814,86.07836244108816,73.2721618354541,74.18824316372141,78.26726559562836,85.83712906863764,109.46347653678761,114.46136499092503,116.72348037259766,119.34402726208467,122.31128508708068,124.35445150223141,125.57094153507178,127.18030973408653,132.7708976280383,137.4551313967565,143.1941532646361,147.64794288696896,82.30720681648432,107.72227183062155,113.86344517127884,119.99838551242007,123.09718971823715,125.20184487301358,131.01984494279708,135.07101883757028,139.22467486848737,139.73398334093235,145.4285167239667,147.27114410598122,120.84620832507983,130.0780424915452,135.3018191185553,105.4812608681522,111.80198432358037,117.3544001941722,120.40651126685617,126.52925656614799,127.09086586094287,102.2098337557925,108.3919371195353,109.35542712986235,109.83487472866746,103.2225374306375,108.41296612198849,111.85331624951912,117.30041437604486,121.14136712243474,101.56411184387905,104.67806142600142,105.85211184134384,106.98806606577368,107.37573731825442,108.47976403894558,109.43363090596634,109.91469015387662,115.0466432116636,121.29233636775125,150.0491855735273
79,159.67249956713457,159.60448486284204,154.71525169188365,148.9337497244015,145.41847533966285,143.57969666891424,131.61205671777932,124.59593599475865,124.23657545157117,119.13424706151238,112.68048900902853,106.65555373966671,100.51066960731724,93.7378921859044,88.36228133689383,79.94224155076454,74.70017802577745,44.77974420539311,42.07205330722911,39.439976180699595,35.18036176152971,40.52081773457172,41.4760192839842,47.76093368276483,54.25923938682975,66.46330154893154,74.66764732210135,78.18955934779201,80.70341192712729,86.93655738309079,89.75153289517827,94.83377544922372,98.93478472685182,105.93114402559566,113.61073805257524,117.19733711740864,118.17768289201827,30.78349469508344,24.78856175133835,16.936426882399825,13.87866233946983,6.066836048518417,11.769035185693486,13.20663770377698,15.527490133381233,18.923496464352958,24.485859361539724,27.163300490677763,31.29776901758663,33.32774980567306,37.06064747370524,37.591165145418444,41.376053518937574,43.21794738124345,43.50267005332982,22.189209205812926,25.52223230804309,27.268067351797228,14.175188902211914,19.434271521832954,26.824946389529437,54.4225179885837,60.42400160608896,64.82644468926968,69.28108302798805,81.64813350204952,88.15831897839789,91.11399346696635,91.50754109515731,88.6994174904518,89.33075810707827,90.2308031102367,7.0627933769216,8.7487236839035,10.704624499384687,13.361118052924766,16.68243782072792,19.023485663041274,4.7292647420080005,0.0,5.329640700835283,79.39881612633381,88.1921744766896,96.03163910845144,101.53851078994741,111.35614087123206,117.95715945445967,123.70737690564378,134.0793620736089,140.81525680911886,147.585154125132,149.82821739778544,151.84745143331438,157.49550688097085,160.13512273168993,162.95382390926676,71.40392056891618,81.40080938013386,82.63203369664042,72.26230090782273,73.87749061033743,77.5709555644979,162.83264664329232,167.10910072026522,52.878813859390036,53.561454385069055,53.98834317409639,58.79809715086496,19.984892764208162,22.920527278244272,118.10654713940316,120.75580391647392,123.50332229941114,127.62435716846554,131.49188244331052,137.62822139592947,141.25360993490426,152.1928424159121,55.04106832965637,58.36730553467403,59.35248749311266,134.06352171338705,141.1572156830024,145.96075869245936,150.29166366672231,152.27458927099426,153.7385973040876,43.35965647440076,44.7021716512237,45.44611385327976,46.011024465677856,48.70738738635452,51.07184461794065,39.30329603216758,42.86235672285548,119.83544365270217,122.33853123121865,52.60516189392576,93.02010549333762,94.38598696343948,102.041439996235,109.4780630227764,87.47199583604686,89.94827874466614,90.80762718309616,78.0014265774621,78.91750790572941,82.99653033763636,90.56639381064564,114.19274127879562,119.19062973293305,121.45274511460568,124.07329200409268,127.04054982908869,129.0837162442394,130.30020627707978,131.90957447609455,137.50016237004633,142.18439613876453,147.9234180066441,152.37720762897698,87.03647155849232,112.45153657262956,118.59270991328685,124.72765025442808,127.82645446024516,129.9311096150216,135.7491096848051,139.8002835795783,143.95393961049538,144.46324808294037,150.15778146597472,152.00040884798923,125.57547306708784,134.80730723355322,140.0310838605633,110.21052561016022,116.53124906558838,122.08366493618021,125.13577600886418,131.25852130815602,131.8201306029509,106.93909849780052,113.12120186154331,114.08469187187036,114.56413947067547,107.95180217264551,113.1422308639965,116.58258099152714,122.02967911805287,125.87063186444276,106.29337658588706,109.40732616800943,110.58137658335185,111.71733080778169,112.10500206026244,113.20902878095359,114.16289564797435,114.64395489588463,119.77590795367162,126.02160110975926,154.7784503155353
80,165.00214026796982,164.9341255636773,160.0448923927189,154.26339042523676,150.7481160404981,148.9093373697495,136.94169741861458,129.92557669559392,129.56621615240644,124.46388776234764,118.01012970986379,111.98519444050197,105.8403103081525,99.06753288673966,93.6919220377291,85.2718822515998,80.02981872661272,50.109384906228385,47.40169400806439,44.76961688153487,40.51000246236499,45.850458435407,46.80565998481948,53.09057438360011,59.58888008766503,71.79294224976682,79.99728802293663,83.5192000486273,86.03305262796258,92.26619808392607,95.08117359601356,100.163416150059,104.2644254276871,111.26078472643094,118.94037875341053,122.52697781824392,123.50732359285355,36.11313539591872,30.11820245217363,22.266067583235106,19.20830304030511,11.396476749353699,17.098675886528767,18.53627840461226,20.857130834216516,24.253137165188242,29.81550006237501,32.49294119151305,36.627409718421916,38.65739050650834,42.39028817454052,42.92080584625373,46.70569421977286,48.54758808207873,48.83231075416511,27.51884990664821,30.851873008878375,32.59770805263251,19.504829603047195,24.763912222668235,32.154587090364714,59.75215868941898,65.75364230692423,70.15608539010495,74.61072372882332,86.97777420288479,93.48795967923316,96.44363416780163,96.83718179599259,94.02905819128706,94.66039880791354,95.56044381107198,12.392434077756882,14.07836438473878,16.034265200219966,18.690758753760043,22.012078521563197,24.35312636387655,10.058905442843283,5.329640700835283,0.0,84.72845682716908,93.52181517752487,101.36127980928671,106.86815149078268,116.68578157206733,123.28680015529494,129.03701760647905,139.4090027744442,146.14489750995415,152.91479482596728,155.15785809862072,157.17709213414966,162.82514758180614,165.46476343252522,168.28346461010204,76.73356126975146,86.73045008096915,87.9616743974757,77.59194160865802,79.20713131117272,82.90059626533318,168.1622873441276,172.4387414211005,58.20845456022531,58.89109508590433,59.31798387493167,64.12773785170023,25.314533465043446,28.250167979079556,123.43618784023843,126.0854446173092,128.83296300024642,132.95399786930082,136.8215231441458,142.95786209676476,146.58325063573955,157.5224831167474,60.370709030491646,63.69694623550931,64.68212819394793,139.3931624142223,146.48685638383765,151.29039939329462,155.62130436755757,157.6042299718295,159.06823800492285,48.689297175236035,50.03181235205898,50.77575455411504,51.34066516651313,54.037028087189796,56.401485318775926,44.63293673300286,48.19199742369076,125.16508435353745,127.66817193205394,57.93480259476104,98.3497461941729,99.71562766427475,107.37108069707027,114.80770372361167,92.80163653688213,95.27791944550141,96.13726788393143,83.33106727829737,84.24714860656468,88.32617103847163,95.8960345114809,119.52238197963088,124.5202704337683,126.78238581544093,129.40293270492793,132.37019052992395,134.41335694507467,135.62984697791504,137.2392151769298,142.82980307088158,147.51403683959978,153.25305870747934,157.7068483298122,92.3661122593276,117.78117727346482,123.92235061412211,130.05729095526334,133.15609516108043,135.26075031585685,141.07875038564035,145.12992428041355,149.28358031133064,149.79288878377562,155.48742216680998,157.3300495488245,130.9051137679231,140.13694793438847,145.36072456139857,115.54016631099547,121.86088976642364,127.41330563701547,130.46541670969944,136.58816200899128,137.14977130378617,112.26873919863577,118.45084256237857,119.41433257270562,119.89378017151073,113.28144287348077,118.47187156483176,121.9122216923624,127.35931981888812,131.200272565278,111.62301728672232,114.73696686884469,115.91101728418711,117.04697150861695,117.43464276109769,118.53866948178884,119.49253634880961,119.97359559671989,125.10554865450688,131.3512418105945,160.10809101637057
81,89.67095964191348,89.60294493762096,84.71371176666256,78.9322097991804,75.41693541444174,73.57815674369314,61.61051679255823,54.59439606953755,54.235035526350075,49.13270713629129,42.678949083807446,36.654013814445634,30.509129682096155,23.73635226068331,18.36074141167275,9.940701625543454,4.698638100556363,34.6190719209407,37.326762819104694,39.95883994563421,44.218454364804096,49.55891033784611,50.514111887258586,56.799026286039215,63.29733199010414,75.50139415220593,83.70573992537575,87.22765195106642,89.7415045304017,95.9746499863652,98.78962549845268,103.87186805249813,107.97287733012622,114.96923662887006,122.64883065584965,126.23542972068304,127.21577549529268,48.615321431250365,54.610254374995456,62.46238924393398,65.52015378686397,73.33198007781539,79.03417921499046,80.47178173307395,82.79263416267821,86.18864049364994,91.75100339083671,94.42844451997476,98.56291304688364,100.59289383497006,104.32579150300224,104.85630917471545,108.64119754823459,110.48309141054047,110.76781408262684,89.4543532351099,92.78737633734008,94.53321138109422,81.44033293150889,86.69941555112993,94.0900904188264,63.460610591858085,69.46209420936334,73.86453729254406,78.31917563126242,90.6862261053239,97.19641158167227,100.15208607024073,100.54563369843169,97.73751009372617,98.36885071035265,99.26889571351109,74.32793740621857,76.01386771320047,77.96976852868166,80.62626208222173,83.94758185002487,86.28862969233823,74.6695513843258,79.3988161263338,84.72845682716908,0.0,8.793358350355787,16.632822982117624,22.139694663613593,31.95732474489824,38.55834332812585,44.308560779309964,54.68054594727509,61.41644068278506,68.1863379987982,70.42940127145164,72.44863530698058,78.09669075463705,80.73630660535612,83.55500778293295,80.44201317219057,90.43890198340826,91.67012629991481,81.30039351109713,82.91558321361182,86.60904816777229,83.43383051695852,87.71028459393142,61.91690646266442,62.59954698834344,63.02643577737078,67.83618975413934,71.6263842116023,74.56201872563841,38.707731013069335,41.35698779014009,44.104506173077304,48.225541042131695,52.09306631697668,58.229405269595645,61.854793808570435,72.79402628957828,64.07916093293076,67.40539813794842,68.39058009638705,54.66470558705323,61.75839955666858,66.56194256612554,70.8928475403885,72.87577314466043,74.33978117775378,52.397749077675144,53.740264254498086,54.48420645655415,55.04911706895224,57.745479989628905,60.109937221215034,48.341388635441966,51.900449326129866,40.436627526368355,42.93971510488485,42.44448960947335,13.621289367003804,14.987170837105658,22.642623869901183,30.079246896442577,8.073179709713044,10.54946261833232,11.408811056762344,7.99988665224102,8.915967980508336,12.994990412415284,20.564853885424565,44.191201353574534,49.18908980771196,51.45120518938459,54.07175207887159,57.0390099038676,59.08217631901833,60.29866635185871,61.90803455087347,67.49862244482524,72.18285621354346,77.92187808142303,82.3756677037559,7.637655432158508,42.44999664740848,48.59116998806578,54.726110329207,57.82491453502408,59.929569689800516,65.74756975958402,69.79874365435722,73.95239968527432,74.4617081577193,80.15624154075364,81.99886892276815,55.573933141866775,64.80576730833216,70.02954393534226,40.20898568493914,46.52970914036731,52.08212501095914,55.1342360836431,61.256981382934924,61.8185906777298,36.937558572579434,43.11966193632223,44.08315194664928,44.5625995454544,37.95026224742444,43.140690938775435,46.581041066306064,52.02813919283179,55.869091939221676,36.29183666066597,39.40578624278834,40.57983665813077,41.71579088256061,42.10346213504135,43.20748885573249,44.161355722753264,44.64241497066354,49.77436802845054,56.02006118453817,84.77691039031419
82,98.46431799226927,98.39630328797675,93.50707011701834,87.72556814953619,84.21029376479753,82.37151509404893,70.40387514291402,63.38775441989334,63.02839387670586,57.926065486647076,51.472307434163234,45.44737216480142,39.30248803245195,32.5297106110391,27.154099762028537,18.734059975899243,13.49199645091215,43.412430271296486,46.12012116946048,48.75219829599,53.011812715159884,58.352268688201896,59.307470237614375,65.592384636395,72.09069034045991,84.2947525025617,92.49909827573151,96.02101030142218,98.53486288075746,104.76800833672095,107.58298384880844,112.66522640285389,116.76623568048198,123.76259497922582,131.4421890062054,135.0287880710388,136.00913384564842,57.40867978160615,63.403612725351245,71.25574759428977,74.31351213721977,82.12533842817119,87.82753756534626,89.26514008342976,91.58599251303401,94.98199884400574,100.54436174119252,103.22180287033056,107.35627139723944,109.38625218532586,113.11914985335804,113.64966752507125,117.43455589859039,119.27644976089627,119.56117243298264,98.24771158546571,101.58073468769588,103.32656973145002,90.23369128186468,95.49277390148572,102.8834487691822,72.25396894221387,78.25545255971913,82.65789564289985,87.11253398161821,99.47958445567969,105.98976993202805,108.94544442059652,109.33899204878747,106.53086844408196,107.16220906070843,108.06225406386687,83.12129575657437,84.80722606355627,86.76312687903746,89.41962043257753,92.74094020038069,95.08198804269405,83.4629097346816,88.1921744766896,93.52181517752489,8.793358350355787,0.0,7.839464631761839,13.346336313257808,23.163966394542456,29.76498497777007,35.51520242895418,45.887187596919304,52.62308233242927,59.39297964844241,61.63604292109586,63.655276956624796,69.30333240428126,71.94294825500033,74.76164943257716,89.23537152254636,99.23226033376405,100.4634846502706,90.0937518614529,91.7089415639676,95.40240651812806,74.64047216660273,78.91692624357563,70.7102648130202,71.39290533869922,71.81979412772657,76.62954810449513,80.4197425619581,83.35537707599421,29.914372662713557,32.563629439784314,35.31114782272153,39.43218269177592,43.29970796662091,49.43604691923987,53.06143545821466,64.00066793922251,72.87251928328654,76.1987564883042,77.18393844674283,45.871347236697446,52.9650412063128,57.76858421576976,62.09948919003272,64.08241479430465,65.546422827398,61.19110742803093,62.533622604853875,63.277564806909936,63.84247541930803,66.5388383399847,68.90329557157082,57.134746985797754,60.693807676485655,31.643269176012573,34.146356754529066,51.23784795982914,4.827931016648018,6.193812486749871,13.849265519545394,21.285888546086788,16.86653806006883,19.34282096868811,20.202169407118134,16.79324500259681,17.709326330864123,21.788348762771072,29.358212235780353,52.98455970393032,57.98244815806775,60.244563539740376,62.86511042922738,65.8323682542234,67.87553466937413,69.0920247022145,70.70139290122926,76.29198079518103,80.97621456389925,86.71523643177882,91.16902605411168,16.431013782514295,51.24335499776427,57.38452833842157,63.51946867956279,66.61827288537987,68.7229280401563,74.54092810993981,78.59210200471301,82.7457580356301,83.25506650807509,88.94959989110943,90.79222727312394,64.36729149222256,73.59912565868795,78.82290228569805,49.002344035294925,55.3230674907231,60.87548336131493,63.92759443399889,70.05033973329071,70.61194902808559,45.73091692293523,51.91302028667802,52.87651029700507,53.355957895810185,46.74362059778023,51.934049289131224,55.37439941666185,60.821497543187576,64.66245028957746,45.08519501102177,48.19914459314413,49.37319500848656,50.5091492329164,50.896820485397136,52.00084720608828,52.95471407310905,53.435773321019326,58.56772637880633,64.81341953489397,93.57026874066997
83,106.30378262403111,106.23576791973859,101.34653474878019,95.56503278129803,92.04975839655937,90.21097972581077,78.24333977467586,71.22721905165518,70.8678585084677,65.76553011840892,59.31177206592507,53.28683679656326,47.14195266421378,40.369175242800935,34.99356439379037,26.573524607661078,21.331461082673986,51.25189490305832,53.95958580122232,56.591662927751834,60.85127734692172,66.19173331996373,67.14693486937621,73.43184926815684,79.93015497222176,92.13421713432355,100.33856290749335,103.86047493318402,106.3743275125193,112.6074729684828,115.42244848057028,120.50469103461573,124.60570031224383,131.60205961098768,139.28165363796725,142.86825270280065,143.84859847741026,65.24814441336798,71.24307735711307,79.09521222605159,82.15297676898159,89.964803059933,95.66700219710808,97.10460471519157,99.42545714479583,102.82146347576756,108.38382637295433,111.06126750209238,115.19573602900125,117.22571681708767,120.95861448511985,121.48913215683307,125.2740205303522,127.11591439265808,127.40063706474446,106.08717621722752,109.4201993194577,111.16603436321184,98.0731559136265,103.33223853324753,110.72291340094401,80.09343357397572,86.09491719148097,90.49736027466169,94.95199861338006,107.31904908744153,113.8292345637899,116.78490905235836,117.17845668054932,114.3703330758438,115.00167369247028,115.90171869562872,90.96076038833618,92.64669069531809,94.60259151079927,97.25908506433935,100.5804048321425,102.92145267445586,91.30237436644342,96.03163910845142,101.3612798092867,16.632822982117624,7.839464631761839,0.0,5.50687168149597,15.324501762780617,21.92552034600823,27.675737797192344,38.04772296515747,44.783617700667435,51.55351501668058,53.79657828933402,55.81581232486296,61.463867772519436,64.1034836232385,66.92218480081533,97.0748361543082,107.07172496552589,108.30294928203244,97.93321649321474,99.54840619572944,103.2418711498899,66.8010075348409,71.0774616118138,78.54972944478205,79.23236997046106,79.65925875948841,84.46901273625697,88.25920719371992,91.19484170775603,22.07490803095172,24.724164808022476,27.471683190959695,31.59271806001409,35.46024333485908,41.59658228747804,45.22197082645283,56.16120330746068,80.71198391504838,84.03822112006604,85.02340307850467,38.0318826049356,45.125576574550955,49.92911958400792,54.26002455827088,56.24295016254281,57.70695819563616,69.03057205979276,70.3730872366157,71.11702943867176,71.68194005106986,74.37830297174652,76.74276020333265,64.97421161755959,68.53327230824749,23.803804544250735,26.306892122767227,59.077312591590974,12.667395648409856,14.03327711851171,21.688730151307233,29.125353177848623,24.70600269183067,27.182285600449944,28.04163403887997,24.632709634358644,25.548790962625958,29.627813394532907,37.197676867542185,60.82402433569216,65.82191278982958,68.08402817150221,70.70457506098921,73.67183288598522,75.71499930113596,76.93148933397633,78.54085753299108,84.13144542694286,88.81567919566108,94.55470106354065,99.00849068587351,24.27047841427613,59.0828196295261,65.22399297018339,71.35893331132462,74.4577375171417,76.56239267191813,82.38039274170164,86.43156663647484,90.58522266739193,91.09453113983692,96.78906452287126,98.63169190488577,72.20675612398438,81.43859029044977,86.66236691745986,56.84180866705676,63.16253212248493,68.71494799307676,71.76705906576072,77.88980436505254,78.45141365984742,53.570381554697065,59.75248491843986,60.71597492876691,61.19542252757203,54.583085229542064,59.77351392089305,63.21386404842368,68.6609621749494,72.50191492133929,52.9246596427836,56.03860922490597,57.2126596402484,58.348613864678235,58.73628511715897,59.840311837850116,60.79417870487089,61.27523795278116,66.40719101056816,72.6528841666558,101.40973337243182
84,111.81065430552708,111.74263960123456,106.85340643027615,101.071904462794,97.55663007805533,95.71785140730674,83.75021145617183,76.73409073315115,76.37473018996367,71.27240179990488,64.81864374742105,58.79370847805923,52.648824345709755,45.87604692429691,40.500436075286345,32.08039628915705,26.83833276416996,56.758766584554294,59.46645748271829,62.09853460924781,66.35814902841769,71.6986050014597,72.65380655087218,78.9387209496528,85.43702665371772,97.64108881581951,105.84543458898932,109.36734661467999,111.88119919401527,118.11434464997876,120.92932016206625,126.0115627161117,130.11257199373978,137.10893129248362,144.7885253194632,148.37512438429658,149.3554701589062,70.75501609486395,76.74994903860903,84.60208390754755,87.65984845047755,95.47167474142897,101.17387387860404,102.61147639668754,104.9323288262918,108.32833515726352,113.8906980544503,116.56813918358834,120.70260771049722,122.73258849858364,126.46548616661582,126.99600383832903,130.78089221184817,132.62278607415405,132.90750874624044,111.59404789872349,114.92707100095366,116.6729060447078,103.58002759512246,108.8391102147435,116.22978508243997,85.60030525547168,91.60178887297694,96.00423195615765,100.45887029487602,112.8259207689375,119.33610624528586,122.29178073385432,122.68532836204528,119.87720475733977,120.50854537396624,121.40859037712468,96.46763206983215,98.15356237681405,100.10946319229524,102.76595674583531,106.08727651363847,108.42832435595183,96.80924604793938,101.53851078994738,106.86815149078267,22.139694663613597,13.346336313257808,5.50687168149597,0.0,9.817630081284648,16.41864866451226,22.168866115696375,32.540851283661496,39.27674601917146,46.046643335184605,48.28970660783805,50.30894064336699,55.956996091023456,58.59661194174252,61.41531311931934,102.58170783580417,112.57859664702185,113.80982096352841,103.44008817471071,105.05527787722541,108.74874283138587,61.294135853344926,65.57058993031782,84.05660112627801,84.73924165195703,85.16613044098438,89.97588441775294,93.76607887521588,96.70171338925199,16.56803634945575,19.217293126526506,21.964811509463726,26.08584637851812,29.953371653363106,36.08971060598208,39.715099144956866,50.654331625964716,86.21885559654434,89.545092801562,90.53027476000064,32.52501092343964,39.61870489305499,44.422247902511955,48.75315287677491,50.736078481046846,52.200086514140196,74.53744374128873,75.87995891811167,76.62390112016773,77.18881173256582,79.88517465324249,82.24963188482862,70.48108329905556,74.04014398974346,18.296932862754765,20.800020441271258,64.58418427308695,18.174267329905824,19.540148800007678,27.195601832803202,34.632224859344596,30.212874373326642,32.68915728194592,33.54850572037594,30.139581315854617,31.05566264412193,35.13468507602888,42.70454854903816,66.33089601718814,71.32878447132556,73.59089985299819,76.2114467424852,79.1787045674812,81.22187098263194,82.43836101547231,84.04772921448706,89.63831710843884,94.32255087715706,100.06157274503663,104.51536236736949,29.777350095772103,64.58969131102208,70.73086465167937,76.8658049928206,79.96460919863767,82.06926435341411,87.88726442319762,91.93843831797082,96.09209434888791,96.6014028213329,102.29593620436724,104.13856358638175,77.71362780548036,86.94546197194575,92.16923859895584,62.34868034855273,68.6694038039809,74.22181967457273,77.27393074725668,83.3966760465485,83.95828534134338,59.07725323619304,65.25935659993583,66.22284661026288,66.70229420906799,60.08995691103804,65.28038560238903,68.72073572991967,74.1678338564454,78.00878660283529,58.431531324279575,61.54548090640194,62.71953132174437,63.85548554617421,64.24315679865495,65.3471835193461,66.30105038636687,66.78210963427715,71.91406269206414,78.15975584815178,106.91660505392778
85,121.62828438681173,121.5602696825192,116.6710365115608,110.88953454407864,107.37426015933998,105.53548148859139,93.56784153745647,86.5517208144358,86.19236027124832,81.09003188118953,74.6362738287057,68.61133855934388,62.4664544269944,55.693677005581556,50.31806615657099,41.8980263704417,36.65596284545461,66.57639666583894,69.28408756400295,71.91616469053245,76.17577910970233,81.51623508274434,82.47143663215682,88.75635103093745,95.25465673500237,107.45871889710416,115.66306467027397,119.18497669596464,121.69882927529991,127.93197473126341,130.74695024335088,135.82919279739633,139.93020207502443,146.92656137376827,154.60615540074784,158.19275446558123,159.17310024019085,80.5726461761486,86.56757911989368,94.4197139888322,97.4774785317622,105.28930482271362,110.99150395988869,112.42910647797218,114.74995890757644,118.14596523854817,123.70832813573494,126.38576926487299,130.52023779178185,132.55021857986827,136.28311624790047,136.81363391961366,140.5985222931328,142.44041615543867,142.72513882752506,121.41167798000814,124.74470108223831,126.49053612599245,113.3976576764071,118.65674029602815,126.04741516372462,95.41793533675633,101.41941895426159,105.8218620374423,110.27650037616067,122.64355085022214,129.1537363265705,132.10941081513897,132.50295844332993,129.69483483862442,130.3261754552509,131.22622045840936,106.2852621511168,107.9711924580987,109.92709327357989,112.58358682711996,115.90490659492312,118.24595443723648,106.62687612922403,111.35614087123203,116.68578157206731,31.957324744898244,23.163966394542456,15.324501762780617,9.817630081284648,0.0,6.601018583227613,12.351236034411727,22.723221202376852,29.459115937886818,36.22901325389996,38.4720765265534,40.49131056208234,46.13936600973881,48.778981860457876,51.597683038034695,112.39933791708881,122.3962267283065,123.62745104481306,113.25771825599536,114.87290795851005,118.56637291267052,51.47650577206028,55.752959849033175,93.87423120756266,94.55687173324168,94.98376052226902,99.79351449903758,103.58370895650053,106.51934347053664,6.7504062681710995,9.399663045241855,12.147181428179074,16.26821629723347,20.135741572078455,26.272080524697422,29.89746906367221,40.836701544680054,96.03648567782899,99.36272288284665,100.34790484128528,22.70738084215499,29.80107481177034,34.60461782122731,38.935522795490265,40.9184483997622,42.38245643285555,84.35507382257337,85.69758899939632,86.44153120145238,87.00644181385047,89.70280473452713,92.06726196611326,80.2987133803402,83.8577740710281,8.479302781470118,10.98239035998661,74.4018143543716,27.99189741119047,29.357778881292326,37.013231914087854,44.449854940629244,40.03050445461129,42.506787363230565,43.36613580166059,39.95721139713927,40.873292725406586,44.952315157313535,52.52217863032281,76.14852609847279,81.14641455261021,83.40852993428284,86.02907682376984,88.99633464876585,91.03950106391659,92.25599109675696,93.86535929577171,99.45594718972349,104.1401809584417,109.87920282632128,114.33299244865414,39.594980177056755,74.40732139230673,80.54849473296402,86.68343507410525,89.78223927992232,91.88689443469876,97.70489450448227,101.75606839925547,105.90972443017256,106.41903290261754,112.11356628565188,113.9561936676664,87.531257886765,96.7630920532304,101.98686868024049,72.16631042983738,78.48703388526555,84.03944975585738,87.09156082854133,93.21430612783315,93.77591542262803,68.89488331747768,75.07698668122048,76.04047669154752,76.51992429035263,69.90758699232268,75.09801568367367,78.5383658112043,83.98546393773003,87.82641668411992,68.24916140556422,71.36311098768658,72.53716140302902,73.67311562745886,74.0607868799396,75.16481360063075,76.11868046765152,76.5997397155618,81.73169277334878,87.97738592943642,116.73423513521243
86,128.22930297003933,128.1612882657468,123.27205509478841,117.49055312730626,113.9752787425676,112.136500071819,100.16886012068409,93.15273939766341,92.79337885447593,87.69105046441715,81.23729241193331,75.21235714257149,69.06747301022202,62.29469558880917,56.919084739798606,48.49904495366931,43.256981428682224,73.17741524906656,75.88510614723056,78.51718327376007,82.77679769292995,88.11725366597196,89.07245521538444,95.35736961416507,101.85567531822998,114.05973748033178,122.26408325350158,125.78599527919225,128.29984785852753,134.53299331449102,137.3479688265785,142.43021138062394,146.53122065825204,153.52757995699588,161.20717398397545,164.79377304880884,165.77411882341846,87.17366475937621,93.16859770312129,101.02073257205981,104.07849711498982,111.89032340594123,117.5925225431163,119.0301250611998,121.35097749080406,124.74698382177579,130.30934671896256,132.9867878481006,137.12125637500947,139.15123716309589,142.88413483112805,143.41465250284125,147.19954087636037,149.04143473866625,149.32615741075264,128.01269656323575,131.3457196654659,133.09155470922005,119.99867625963472,125.25775887925576,132.64843374695224,102.01895391998394,108.0204375374892,112.42288062066991,116.87751895938828,129.24456943344975,135.75475490979812,138.71042939836659,139.10397702655754,136.29585342185203,136.92719403847852,137.82723904163697,112.88628073434441,114.57221104132631,116.5281118568075,119.18460541034757,122.50592517815073,124.84697302046409,113.22789471245164,117.95715945445964,123.28680015529493,38.55834332812586,29.76498497777007,21.92552034600823,16.41864866451226,6.601018583227613,0.0,5.750217451184113,16.12220261914924,22.858097354659204,29.627994670672344,31.871057943325788,33.89029197885473,39.538347426511194,42.17796327723026,44.99666445480708,119.00035650031643,128.9972453115341,130.22846962804064,119.85873683922297,121.47392654173767,125.16739149589813,44.875487188832665,49.15194126580556,100.47524979079027,101.15789031646929,101.58477910549664,106.3945330822652,110.18472753972814,113.12036205376425,0.1493876849434865,2.7986444620142423,5.546162844951461,9.667197714005855,13.534722988850842,19.67106194146981,23.296450480444598,34.23568296145244,102.6375042610566,105.96374146607427,106.9489234245129,16.106362258927376,23.200056228542728,28.00359923799969,32.33450421226265,34.317429816534585,35.781437849627935,90.95609240580099,92.29860758262393,93.04254978467999,93.60746039707809,96.30382331775475,98.66828054934088,86.89973196356782,90.45879265425572,15.080321364697731,17.583408943214224,81.00283293759921,34.592915994418085,35.95879746451994,43.61425049731547,51.05087352385686,46.6315230378389,49.10780594645818,49.967154384888204,46.55822998036688,47.4743113086342,51.55333374054115,59.12319721355043,82.7495446817004,87.74743313583782,90.00954851751045,92.63009540699746,95.59735323199347,97.6405196471442,98.85700967998457,100.46637787899932,106.0569657729511,110.74119954166932,116.48022140954889,120.93401103188175,46.19599876028437,81.00833997553434,87.14951331619163,93.28445365733286,96.38325786314994,98.48791301792637,104.30591308770988,108.35708698248308,112.51074301340017,113.02005148584516,118.7145848688795,120.55721225089401,94.13227646999262,103.36411063645801,108.5878872634681,78.767329013065,85.08805246849316,90.64046833908499,93.69257941176895,99.81532471106077,100.37693400585565,75.49590190070529,81.67800526444809,82.64149527477514,83.12094287358025,76.50860557555029,81.69903426690128,85.13938439443191,90.58648252095765,94.42743526734753,74.85017998879184,77.9641295709142,79.13817998625663,80.27413421068647,80.66180546316721,81.76583218385836,82.71969905087913,83.20075829878941,88.3327113565764,94.57840451266404,123.33525371844004
87,133.97952042122344,133.91150571693092,129.02227254597253,123.24077057849037,119.72549619375171,117.88671752300311,105.9190775718682,98.90295684884752,98.54359630566005,93.44126791560126,86.98750986311741,80.96257459375559,74.81769046140612,68.04491303999328,62.66930219098272,54.249262404853425,49.00719887986634,78.92763270025067,81.63532359841467,84.26740072494418,88.52701514411406,93.86747111715607,94.82267266656855,101.10758706534918,107.6058927694141,119.80995493151589,128.0143007046857,131.53621273037638,134.05006530971167,140.28321076567516,143.09818627776264,148.1804288318081,152.28143810943618,159.27779740818002,166.9573914351596,170.543990499993,171.5243362746026,92.92388221056032,98.9188151543054,106.77095002324393,109.82871456617393,117.64054085712534,123.34273999430042,124.78034251238391,127.10119494198817,130.4972012729599,136.05956417014667,138.7370052992847,142.87147382619358,144.90145461428,148.6343522823122,149.1648699540254,152.94975832754452,154.7916521898504,155.07637486193678,133.76291401441986,137.09593711665002,138.84177216040416,125.74889371081883,131.00797633043987,138.39865119813635,107.76917137116806,113.77065498867331,118.17309807185403,122.6277364105724,134.99478688463387,141.50497236098224,144.4606468495507,144.85419447774166,142.04607087303614,142.67741148966263,143.57745649282109,118.63649818552852,120.32242849251043,122.27832930799161,124.93482286153169,128.25614262933485,130.5971904716482,118.97811216363576,123.70737690564376,129.03701760647903,44.30856077930997,35.51520242895418,27.675737797192344,22.168866115696375,12.351236034411727,5.750217451184113,0.0,10.371985167965125,17.10787990347509,23.87777721948823,26.120840492141674,28.140074527670613,33.78812997532708,36.42774582604615,39.24644700362297,124.75057395150054,134.74746276271821,135.97868707922476,125.60895429040708,127.22414399292178,130.91760894708224,39.12526973764855,43.40172381462145,106.22546724197439,106.9081077676534,107.33499655668075,112.14475053344931,115.93494499091226,118.87057950494837,5.8996051361276,8.548861913198357,11.296380296135576,15.417415165189968,19.284940440034955,25.421279392653922,29.04666793162871,39.98590041263655,108.38772171224072,111.71395891725838,112.69914087569701,10.356144807743261,17.449838777358615,22.253381786815577,26.584286761078534,28.567212365350464,30.031220398443814,96.7063098569851,98.04882503380804,98.7927672358641,99.3576778482622,102.05404076893886,104.41849800052499,92.64994941475193,96.20901010543983,20.830538815881845,23.333626394398337,86.75305038878332,40.3431334456022,41.70901491570405,49.36446794849958,56.80109097504097,52.38174048902302,54.85802339764229,55.71737183607232,52.308447431550995,53.22452875981831,57.30355119172526,64.87341466473454,88.4997621328845,93.49765058702192,95.75976596869455,98.38031285818155,101.34757068317757,103.3907370983283,104.60722713116867,106.21659533018342,111.8071832241352,116.49141699285342,122.23043886073299,126.68422848306585,51.94621621146848,86.75855742671844,92.89973076737573,99.03467110851696,102.13347531433404,104.23813046911047,110.05613053889398,114.10730443366718,118.26096046458427,118.77026893702926,124.4648023200636,126.30742970207811,99.88249392117672,109.11432808764211,114.3381047146522,84.5175464642491,90.83826991967726,96.39068579026909,99.44279686295306,105.56554216224488,106.12715145703976,81.24611935188939,87.42822271563219,88.39171272595924,88.87116032476435,82.25882302673439,87.44925171808538,90.88960184561601,96.33669997214174,100.17765271853163,80.60039743997594,83.71434702209831,84.88839743744073,86.02435166187057,86.41202291435131,87.51604963504246,88.46991650206323,88.95097574997351,94.0829288077605,100.32862196384814,129.08547116962416
88,144.35150558918858,144.28349088489605,139.39425771393766,133.61275574645552,130.09748136171686,128.25870269096825,116.29106273983334,109.27494201681266,108.91558147362518,103.8132530835664,97.35949503108255,91.33455976172073,85.18967562937125,78.41689820795841,73.04128735894784,64.62124757281855,59.37918404783146,89.29961786821579,92.0073087663798,94.6393858929093,98.89900031207918,104.2394562851212,105.19465783453367,111.4795722333143,117.97787793737922,130.181940099481,138.38628587265083,141.9081978983415,144.4220504776768,150.6551959336403,153.47017144572777,158.55241399977322,162.65342327740132,169.64978257614516,177.32937660312473,180.91597566795812,181.89632144256774,103.29586737852544,109.29080032227053,117.14293519120905,120.20069973413905,128.01252602509047,133.71472516226552,135.15232768034903,137.4731801099533,140.869186440925,146.43154933811178,149.1089904672498,153.2434589941587,155.2734397822451,159.00633745027727,159.53685512199047,163.3217434955096,165.16363735781547,165.44836002990186,144.13489918238497,147.46792228461513,149.21375732836927,136.12087887878397,141.379961498405,148.77063636610148,118.14115653913318,124.14264015663844,128.54508323981915,132.9997215785375,145.36677205259898,151.87695752894734,154.8326320175158,155.22617964570676,152.41805604100125,153.04939665762774,153.9494416607862,129.00848335349366,130.69441366047556,132.65031447595675,135.30680802949684,138.62812779729998,140.96917563961333,129.3500973316009,134.0793620736089,139.4090027744442,54.68054594727509,45.887187596919304,38.04772296515747,32.540851283661496,22.723221202376852,16.12220261914924,10.371985167965125,0.0,6.735894735509967,13.505792051523109,15.748855324176553,17.768089359705492,23.416144807361963,26.05576065808103,28.874461835657854,135.12255911946565,145.11944793068332,146.35067224718986,135.9809394583722,137.5961291608869,141.28959411504738,28.753284569683434,33.02973864665633,116.5974524099395,117.28009293561853,117.70698172464587,122.51673570141443,126.30693015887738,129.2425646729135,16.271590304092726,18.920847081163483,21.668365464100702,25.789400333155097,29.656925608000083,35.79326456061905,39.41865309959384,50.35788558060169,118.75970688020584,122.0859440852235,123.07112604366213,20.728129975708384,27.821823945323736,32.6253669547807,36.95627192904366,38.93919753331559,40.40320556640894,107.07829502495022,108.42081020177316,109.16475240382923,109.72966301622732,112.42602593690398,114.79048316849011,103.02193458271705,106.58099527340495,31.20252398384697,33.70561156236346,97.12503555674844,50.71511861356732,52.081000083669174,59.7364531164647,67.1730761430061,62.75372565698814,65.23000856560742,66.08935700403744,62.68043259951612,63.596513927783434,67.67553635969038,75.24539983269966,98.87174730084963,103.86963575498706,106.13175113665969,108.75229802614669,111.7195558511427,113.76272226629344,114.9792122991338,116.58858049814856,122.17916839210034,126.86340216081855,132.60242402869812,137.056213651031,62.3182013794336,97.13054259468358,103.27171593534086,109.4066562764821,112.50546048229917,114.61011563707561,120.42811570685912,124.47928960163232,128.6329456325494,129.14225410499438,134.83678748802873,136.67941487004325,110.25447908914185,119.48631325560724,124.71008988261734,94.88953163221423,101.2102550876424,106.76267095823422,109.8147820309182,115.93752733021002,116.4991366250049,91.61810451985453,97.80020788359732,98.76369789392437,99.24314549272948,92.63080819469953,97.82123688605051,101.26158701358115,106.70868514010688,110.54963788649677,90.97238260794107,94.08633219006344,95.26038260540587,96.3963368298357,96.78400808231645,97.8880348030076,98.84190167002836,99.32296091793864,104.45491397572563,110.70060713181327,139.45745633758932
89,151.08740032469854,151.019385620406,146.13015244944762,140.34865048196548,136.83337609722682,134.9945974264782,123.0269574753433,116.01083675232262,115.65147620913514,110.54914781907635,104.0953897665925,98.07045449723068,91.92557036488121,85.15279294346837,79.77718209445781,71.35714230832852,66.11507878334143,96.03551260372576,98.74320350188977,101.37528062841928,105.63489504758915,110.97535102063117,111.93055257004364,118.21546696882427,124.71377267288919,136.91783483499097,145.1221806081608,148.64409263385147,151.15794521318676,157.39109066915026,160.20606618123773,165.28830873528318,169.38931801291127,176.38567731165512,184.0652713386347,187.65187040346808,188.6322161780777,110.03176211403542,116.0266950577805,123.87882992671902,126.93659446964902,134.74842076060042,140.45061989777548,141.888222415859,144.20907484546325,147.60508117643496,153.16744407362174,155.84488520275977,159.97935372966865,162.00933451775506,165.74223218578726,166.27274985750046,170.05763823101958,171.89953209332546,172.18425476541185,150.87079391789493,154.2038170201251,155.94965206387923,142.85677361429393,148.11585623391497,155.50653110161144,124.87705127464315,130.87853489214842,135.28097797532914,139.7356163140475,152.10266678810896,158.61285226445733,161.5685267530258,161.96207438121675,159.15395077651124,159.78529139313773,160.68533639629618,135.74437808900362,137.43030839598552,139.3862092114667,142.0427027650068,145.36402253280994,147.70507037512328,136.08599206711085,140.81525680911886,146.14489750995415,61.416440682785066,52.62308233242928,44.78361770066744,39.27674601917147,29.459115937886818,22.858097354659204,17.10787990347509,6.735894735509967,0.0,6.769897316013141,9.012960588666585,11.032194624195522,16.680250071851994,19.31986592257106,22.138567100147885,141.85845385497564,151.8553426661933,153.08656698269985,142.71683419388216,144.33202389639686,148.02548885055734,22.017389834173464,26.29384391114636,123.33334714544948,124.0159876711285,124.44287646015584,129.25263043692442,133.04282489438737,135.97845940842348,23.00748503960269,25.65674181667345,28.40426019961067,32.52529506866506,36.392820343510046,42.52915929612901,46.1545478351038,57.09378031611165,125.49560161571581,128.8218388207335,129.80702077917212,27.46402471121835,34.5577186808337,39.36126169029067,43.692166664553625,45.67509226882556,47.13910030191891,113.8141897604602,115.15670493728314,115.9006471393392,116.4655577517373,119.16192067241396,121.52637790400009,109.75782931822702,113.31689000891492,37.93841871935693,40.441506297873424,103.86093029225842,57.45101334907729,58.81689481917915,66.47234785197467,73.90897087851607,69.48962039249811,71.9659033011174,72.82525173954741,69.41632733502608,70.33240866329339,74.41143109520034,81.98129456820962,105.6076420363596,110.60553049049702,112.86764587216965,115.48819276165665,118.45545058665266,120.4986170018034,121.71510703464376,123.32447523365852,128.9150631276103,133.5992968963285,139.33831876420805,143.79210838654092,69.05409611494358,103.86643733019353,110.00761067085082,116.14255101199205,119.24135521780913,121.34601037258557,127.16401044236908,131.2151843371423,135.36884036805938,135.87814884050437,141.5726822235387,143.4153096055532,116.99037382465181,126.2222079911172,131.44598461812728,101.62542636772419,107.94614982315235,113.49856569374418,116.55067676642815,122.67342206571998,123.23503136051485,98.35399925536449,104.53610261910728,105.49959262943433,105.97904022823944,99.36670293020948,104.55713162156047,107.99748174909111,113.44457987561684,117.28553262200673,97.70827734345103,100.8222269255734,101.99627734091582,103.13223156534566,103.5199028178264,104.62392953851756,105.57779640553832,106.0588556534486,111.19080871123559,117.43650186732323,146.19335107309928
90,157.8572976407117,157.78928293641917,152.90004976546078,147.11854779797864,143.60327341323998,141.76449474249137,129.79685479135645,122.78073406833578,122.4213735251483,117.31904513508951,110.86528708260566,104.84035181324384,98.69546768089437,91.92269025948153,86.54707941047096,78.12703962434166,72.88497609935457,102.8054099197389,105.51310081790291,108.14517794443242,112.4047923636023,117.74524833664431,118.70044988605679,124.98536428483742,131.48366998890234,143.68773215100413,151.89207792417395,155.41398994986463,157.92784252919992,164.16098798516342,166.9759634972509,172.05820605129634,176.15921532892443,183.15557462766827,190.83516865464784,194.42176771948124,195.40211349409086,116.80165943004856,122.79659237379364,130.64872724273218,133.70649178566217,141.51831807661358,147.22051721378864,148.65811973187215,150.9789721614764,154.37497849244812,159.9373413896349,162.61478251877293,166.7492510456818,168.77923183376822,172.51212950180042,173.04264717351361,176.82753554703274,178.66942940933862,178.954152081425,157.6406912339081,160.97371433613824,162.71954937989238,149.62667093030709,154.88575354992813,162.2764284176246,131.64694859065628,137.64843220816155,142.05087529134227,146.50551363006062,158.8725641041221,165.38274958047046,168.33842406903892,168.73197169722988,165.92384809252437,166.55518870915085,167.4552337123093,142.51427540501678,144.20020571199868,146.15610652747986,148.81260008101995,152.1339198488231,154.47496769113644,142.855889383124,147.58515412513202,152.9147948259673,68.18633799879821,59.39297964844242,51.55351501668058,46.046643335184605,36.22901325389996,29.627994670672347,23.877777219488234,13.505792051523109,6.769897316013141,0.0,2.243063272653444,4.262297308182381,9.910352755838852,12.549968606557922,15.368669784134745,148.62835117098876,158.62523998220644,159.85646429871298,149.48673150989532,151.10192121241002,154.7953861665705,15.247492518160323,19.523946595133218,130.10324446146262,130.78588498714166,131.212773776169,136.02252775293758,139.8127222104005,142.7483567244366,29.777382355615835,32.42663913268659,35.174157515623804,39.295192384678195,43.16271765952318,49.29905661214215,52.92444515111694,63.86367763212479,132.26549893172896,135.59173613674662,136.57691809518525,34.23392202723149,41.327615996846845,46.13115900630381,50.46206398056677,52.4449895848387,53.90899761793205,120.58408707647334,121.92660225329628,122.67054445535234,123.23545506775044,125.9318179884271,128.29627522001323,116.52772663424017,120.08678732492807,44.708316035370075,47.21140361388657,110.63082760827156,64.22091066509044,65.5867921351923,73.24224516798782,80.67886819452922,76.25951770851125,78.73580061713054,79.59514905556055,76.18622465103923,77.10230597930654,81.18132841121349,88.75119188422276,112.37753935237275,117.37542780651017,119.6375431881828,122.2580900776698,125.22534790266582,127.26851431781655,128.48500435065694,130.0943725496717,135.68496044362348,140.36919421234168,146.10821608022127,150.56200570255413,75.82399343095672,110.63633464620669,116.77750798686398,122.91244832800521,126.01125253382229,128.11590768859872,133.93390775838222,137.98508165315542,142.1387376840725,142.6480461565175,148.34257953955185,150.18520692156636,123.76027114066497,132.99210530713034,138.21588193414044,108.39532368373735,114.71604713916551,120.26846300975734,123.32057408244131,129.44331938173315,130.00492867652804,105.12389657137764,111.30599993512044,112.26948994544749,112.7489375442526,106.13660024622264,111.32702893757363,114.76737906510427,120.21447719163,124.05542993801988,104.47817465946419,107.59212424158656,108.76617465692898,109.90212888135882,110.28980013383956,111.39382685453072,112.34769372155148,112.82875296946176,117.96070602724875,124.20639918333639,152.96324838911244
91,160.10036091336514,160.0323462090726,155.14311303811422,149.36161107063208,145.84633668589342,144.0075580151448,132.0399180640099,125.02379734098922,124.66443679780174,119.56210840774295,113.1083503552591,107.08341508589729,100.93853095354781,94.16575353213497,88.7901426831244,80.3701028969951,75.12803937200802,105.04847319239235,107.75616409055635,110.38824121708586,114.64785563625574,119.98831160929775,120.94351315871023,127.22842755749086,133.72673326155578,145.93079542365757,154.1351411968274,157.65705322251807,160.17090580185337,166.40405125781686,169.21902676990433,174.30126932394978,178.40227860157788,185.39863790032172,193.0782319273013,196.66483099213468,197.6451767667443,119.044722702702,125.03965564644709,132.89179051538562,135.9495550583156,143.76138134926703,149.46358048644208,150.9011830045256,153.22203543412985,156.61804176510157,162.18040466228834,164.85784579142637,168.99231431833525,171.02229510642167,174.75519277445386,175.28571044616706,179.07059881968618,180.91249268199206,181.19721535407845,159.88375450656153,163.2167776087917,164.96261265254583,151.86973420296053,157.12881682258157,164.51949169027804,133.89001186330972,139.891495480815,144.2939385639957,148.74857690271406,161.11562737677554,167.6258128531239,170.58148734169237,170.97503496988332,168.1669113651778,168.7982519818043,169.69829698496275,144.75733867767022,146.44326898465212,148.3991698001333,151.0556633536734,154.37698312147654,156.7180309637899,145.09895265577745,149.82821739778547,155.15785809862075,70.42940127145165,61.636042921095864,53.79657828933402,48.28970660783805,38.4720765265534,31.87105794332579,26.120840492141678,15.748855324176553,9.012960588666585,2.243063272653444,0.0,2.0192340355289375,7.667289483185408,10.306905333904478,13.125606511481301,150.8714144436422,160.86830325485988,162.09952757136642,151.72979478254877,153.34498448506346,157.03844943922394,13.004429245506879,17.280883322479774,132.34630773411607,133.0289482597951,133.45583704882245,138.26559102559102,142.05578548305394,144.99141999709005,32.02044562826928,34.66970240534003,37.41722078827725,41.53825565733164,45.405780932176626,51.542119884795596,55.167508423770386,66.10674090477823,134.5085622043824,137.83479940940006,138.8199813678387,36.47698529988494,43.57067926950029,48.374222278957255,52.70512725322021,54.688052857492146,56.152060890585496,122.82715034912678,124.16966552594972,124.91360772800579,125.47851834040388,128.17488126108054,130.53933849266667,118.77078990689361,122.32985059758151,46.95137930802352,49.45446688654001,112.873890880925,66.46397393774389,67.82985540784574,75.48530844064126,82.92193146718266,78.5025809811647,80.97886388978398,81.838212328214,78.42928792369267,79.34536925195998,83.42439168386693,90.9942551568762,114.6206026250262,119.61849107916362,121.88060646083625,124.50115335032325,127.46841117531926,129.51157759046998,130.72806762331035,132.33743582232512,137.9280237162769,142.6122574849951,148.35127935287466,152.80506897520752,78.06705670361016,112.87939791886014,119.02057125951742,125.15551160065866,128.25431580647574,130.35897096125217,136.17697103103566,140.22814492580886,144.38180095672595,144.89110942917094,150.5856428122053,152.4282701942198,126.00333441331841,135.2351685797838,140.45894520679389,110.63838695639079,116.95911041181895,122.51152628241078,125.56363735509476,131.6863826543866,132.24799194918148,107.36695984403109,113.54906320777388,114.51255321810093,114.99200081690604,108.37966351887609,113.57009221022707,117.01044233775771,122.45754046428344,126.29849321067333,106.72123793211763,109.83518751424,111.00923792958243,112.14519215401226,112.53286340649301,113.63689012718416,114.59075699420492,115.0718162421152,120.20376929990219,126.44946245598983,155.20631166176588
92,162.11959494889408,162.05158024460155,157.16234707364316,151.38084510616102,147.86557072142236,146.02679205067375,134.05915209953884,127.04303137651816,126.68367083333068,121.5813424432719,115.12758439078804,109.10264912142623,102.95776498907675,96.18498756766391,90.80937671865334,82.38933693252405,77.14727340753696,107.06770722792129,109.77539812608529,112.4074752526148,116.66708967178468,122.00754564482669,122.96274719423917,129.24766159301979,135.74596729708472,147.9500294591865,156.15437523235633,159.676287258047,162.1901398373823,168.4232852933458,171.23826080543327,176.32050335947872,180.42151263710682,187.41787193585066,195.09746596283023,198.68406502766362,199.66441080227324,121.06395673823094,127.05888968197603,134.91102455091456,137.96878909384455,145.78061538479596,151.48281452197102,152.92041704005453,155.2412694696588,158.6372758006305,164.19963869781728,166.8770798269553,171.01154835386419,173.0415291419506,176.7744268099828,177.304944481696,181.08983285521512,182.931726717521,183.2164493896074,161.90298854209047,165.23601164432063,166.98184668807477,153.88896823848947,159.1480508581105,166.53872572580698,135.90924589883866,141.91072951634393,146.31317259952465,150.767810938243,163.13486141230447,169.64504688865284,172.6007213772213,172.99426900541226,170.18614540070675,170.81748601733324,171.7175310204917,146.77657271319916,148.46250302018106,150.41840383566225,153.07489738920233,156.39621715700548,158.73726499931882,147.1181866913064,151.8474514333144,157.1770921341497,72.44863530698059,63.6552769566248,55.81581232486296,50.30894064336699,40.49131056208234,33.89029197885473,28.140074527670613,17.76808935970549,11.032194624195522,4.262297308182381,2.0192340355289375,0.0,5.648055447656471,8.28767129837554,11.106372475952364,152.89064847917115,162.88753729038882,164.11876160689536,153.7490288180777,155.3642185205924,159.05768347475288,10.985195209977942,15.261649286950838,134.365541769645,135.04818229532404,135.47507108435138,140.28482506111996,144.07501951858288,147.010654032619,34.03967966379821,36.688936440868964,39.43645482380618,43.55748969286057,47.42501496770556,53.56135392032452,57.18674245929931,68.12597494030716,136.52779623991134,139.854033444929,140.83921540336763,38.496219335413876,45.58991330502923,50.393456314486194,54.72436128874915,56.707286893021084,58.171294926114435,124.84638438465572,126.18889956147866,126.93284176353473,127.49775237593282,130.19411529660948,132.5585725281956,120.79002394242255,124.34908463311045,48.97061334355246,51.47370092206895,114.89312491645394,68.48320797327283,69.84908944337468,77.5045424761702,84.9411655027116,80.52181501669364,82.99809792531292,83.85744636374294,80.44852195922161,81.36460328748892,85.44362571939587,93.01348919240515,116.63983666055513,121.63772511469256,123.89984049636519,126.52038738585219,129.4876452108482,131.53081162599892,132.7473016588393,134.35666985785406,139.94725775180584,144.63149152052404,150.3705133884036,154.82430301073646,80.0862907391391,114.89863195438907,121.03980529504636,127.1747456361876,130.27354984200468,132.3782049967811,138.1962050665646,142.2473789613378,146.4010349922549,146.91034346469988,152.60487684773423,154.44750422974874,128.02256844884735,137.25440261531273,142.47817924232282,112.65762099191973,118.9783444473479,124.53076031793972,127.5828713906237,133.70561668991553,134.26722598471042,109.38619387956003,115.56829724330282,116.53178725362987,117.01123485243498,110.39889755440502,115.58932624575601,119.02967637328665,124.47677449981238,128.31772724620225,108.74047196764657,111.85442154976894,113.02847196511136,114.1644261895412,114.55209744202195,115.6561241627131,116.60999102973386,117.09105027764414,122.22300333543113,128.46869649151876,157.22554569729482
93,167.76765039655052,167.699635692258,162.8104025212996,157.02890055381746,153.5136261690788,151.6748474983302,139.70720754719528,132.69108682417462,132.33172628098714,127.22939789092834,120.77563983844449,114.75070456908267,108.6058204367332,101.83304301532036,96.4574321663098,88.0373923801805,82.79532885519342,112.71576267557775,115.42345357374175,118.05553070027126,122.31514511944114,127.65560109248315,128.61080264189565,134.89571704067626,141.3940227447412,153.59808490684298,161.8024306800128,165.3243427057035,167.83819528503878,174.07134074100227,176.88631625308975,181.9685588071352,186.0695680847633,193.06592738350713,200.7455214104867,204.3321204753201,205.3124662499297,126.7120121858874,132.7069451296325,140.559079998571,143.616844541501,151.4286708324524,157.13086996962747,158.56847248771098,160.88932491731524,164.28533124828695,169.84769414547372,172.52513527461176,176.65960380152063,178.68958458960705,182.42248225763922,182.95299992935242,186.73788830287154,188.57978216517742,188.8645048372638,167.55104398974692,170.88406709197707,172.62990213573121,159.53702368614591,164.79610630576695,172.18678117346343,141.55730134649514,147.5587849640004,151.96122804718112,156.41586638589948,168.78291685996095,175.29310233630932,178.24877682487778,178.64232445306874,175.83420084836322,176.4655414649897,177.36558646814817,152.4246281608556,154.1105584678375,156.0664592833187,158.72295283685878,162.04427260466193,164.38532044697527,152.76624213896284,157.49550688097085,162.82514758180614,78.09669075463705,69.30333240428126,61.46386777251943,55.956996091023456,46.13936600973881,39.538347426511194,33.78812997532708,23.41614480736196,16.680250071851994,9.910352755838852,7.667289483185408,5.648055447656471,0.0,2.639615850719069,5.458317028295892,158.53870392682762,168.5355927380453,169.76681705455184,159.39708426573418,161.01227396824888,164.70573892240935,16.633250657634413,20.90970473460731,140.01359721730148,140.69623774298051,141.12312653200786,145.93288050877644,149.72307496623932,152.65870948027543,39.68773511145468,42.33699188852543,45.08451027146265,49.20554514051704,53.073070415362025,59.209409367980996,62.834797906955785,73.77403038796363,142.1758516875678,145.50208889258548,146.4872708510241,44.144274783070344,51.237968752685696,56.04151176214266,60.37241673640562,62.35534234067755,63.8193503737709,130.4944398323122,131.83695500913515,132.5808972111912,133.1458078235893,135.84217074426596,138.2066279758521,126.43807939007901,129.9971400807669,54.618668791208925,57.12175636972542,120.5411803641104,74.13126342092929,75.49714489103114,83.15259792382666,90.58922095036806,86.1698704643501,88.64615337296938,89.5055018113994,86.09657740687807,87.01265873514538,91.09168116705233,98.6615446400616,122.28789210821158,127.285780562349,129.54789594402163,132.16844283350864,135.13570065850465,137.17886707365537,138.39535710649574,140.0047253055105,145.59531319946228,150.27954696818048,156.01856883606007,160.47235845839293,85.73434618679556,120.54668740204552,126.68786074270281,132.82280108384404,135.92160528966113,138.02626044443755,143.84426051422105,147.89543440899425,152.04909043991134,152.55839891235632,158.25293229539068,160.0955596774052,133.6706238965038,142.90245806296917,148.12623468997927,118.30567643957617,124.62639989500434,130.17881576559617,133.23092683828014,139.35367213757198,139.91528143236687,115.03424932721647,121.21635269095927,122.17984270128632,122.65929030009143,116.04695300206147,121.23738169341246,124.6777318209431,130.1248299474688,133.9657826938587,114.38852741530302,117.50247699742539,118.67652741276781,119.81248163719765,120.20015288967839,121.30417961036954,122.25804647739031,122.73910572530059,127.87105878308758,134.1167519391752,162.87360114495127
94,170.4072662472696,170.33925154297708,165.4500183720187,159.66851640453655,156.1532420197979,154.31446334904928,142.34682339791436,135.3307026748937,134.97134213170622,129.86901374164742,123.41525568916357,117.39032041980175,111.24543628745228,104.47265886603944,99.09704801702887,90.67700823089957,85.43494470591249,115.35537852629682,118.06306942446082,120.69514655099033,124.95476097016021,130.29521694320223,131.25041849261473,137.53533289139534,144.03363859546027,156.23770075756207,164.4420465307319,167.96395855642257,170.47781113575786,176.71095659172136,179.52593210380883,184.60817465785428,188.70918393548237,195.7055432342262,203.38513726120578,206.97173632603918,207.9520821006488,129.35162803660648,135.34656098035157,143.1986958492901,146.25646039222008,154.0682866831715,159.77048582034655,161.20808833843006,163.52894076803432,166.92494709900603,172.4873099961928,175.16475112533084,179.2992196522397,181.32920044032613,185.06209810835833,185.59261578007153,189.37750415359065,191.21939801589653,191.50412068798292,170.190659840466,173.52368294269615,175.2695179864503,162.176639536865,167.43572215648604,174.8263970241825,144.19691719721422,150.1984008147195,154.6008438979002,159.05548223661856,171.42253271068003,177.9327181870284,180.88839267559686,181.28194030378782,178.4738166990823,179.1051573157088,180.00520231886725,155.0642440115747,156.7501743185566,158.70607513403777,161.36256868757786,164.683888455381,167.02493629769435,155.40585798968192,160.13512273168993,165.46476343252522,80.73630660535612,71.94294825500033,64.10348362323849,58.59661194174252,48.778981860457876,42.17796327723026,36.42774582604615,26.055760658081027,19.31986592257106,12.549968606557922,10.306905333904478,8.28767129837554,2.639615850719069,0.0,2.818701177576823,161.1783197775467,171.17520858876438,172.40643290527092,162.03670011645326,163.65188981896796,167.34535477312843,19.27286650835348,23.549320585326377,142.65321306802053,143.33585359369957,143.7627423827269,148.5724963594955,152.3626908169584,155.29832533099452,42.327350962173746,44.9766077392445,47.724126122181715,51.845160991236106,55.71268626608109,61.84902521870006,65.47441375767485,76.4136462386827,144.8154675382869,148.14170474330456,149.1268867017432,46.78389063378941,53.87758460340476,58.68112761286173,63.012032587124686,64.99495819139662,66.45896622448997,133.13405568303125,134.4765708598542,135.22051306191025,135.78542367430836,138.481786594985,140.84624382657114,129.07769524079808,132.636755931486,57.25828464192799,59.761372220444485,123.18079621482947,76.77087927164835,78.13676074175021,85.79221377454573,93.22883680108713,88.80948631506917,91.28576922368845,92.14511766211847,88.73619325759714,89.65227458586445,93.7312970177714,101.30116049078067,124.92750795893066,129.92539641306809,132.18751179474071,134.80805868422772,137.77531650922373,139.81848292437445,141.03497295721482,142.6443411562296,148.23492905018136,152.91916281889957,158.65818468677912,163.111974309112,88.37396203751463,123.1863032527646,129.3274765934219,135.46241693456312,138.5612211403802,140.66587629515664,146.48387636494013,150.53505025971333,154.68870629063042,155.1980147630754,160.89254814610976,162.73517552812427,136.31023974722288,145.54207391368826,150.76585054069835,120.94529229029526,127.26601574572342,132.81843161631525,135.87054268899922,141.99328798829106,142.55489728308595,117.67386517793555,123.85596854167835,124.8194585520054,125.29890615081051,118.68656885278055,123.87699754413154,127.31734767166218,132.7644457981879,136.60539854457778,117.0281432660221,120.14209284814447,121.3161432634869,122.45209748791673,122.83976874039747,123.94379546108863,124.89766232810939,125.37872157601967,130.51067463380667,136.7563677898943,165.51321699567035
95,173.22596742484643,173.1579527205539,168.26871954959552,162.48721758211337,158.9719431973747,157.1331645266261,145.1655245754912,138.14940385247053,137.79004330928305,132.68771491922425,126.2339568667404,120.20902159737858,114.0641374650291,107.29136004361627,101.9157491946057,93.4957094084764,88.25364588348931,118.17407970387364,120.88177060203765,123.51384772856716,127.77346214773704,133.11391812077906,134.06911967019155,140.35403406897217,146.8523397730371,159.0564019351389,167.2607477083087,170.7826597339994,173.2965123133347,179.52965776929818,182.34463328138565,187.4268758354311,191.5278851130592,198.52424441180304,206.2038384387826,209.790437503616,210.77078327822562,132.1703292141833,138.1652621579284,146.01739702686692,149.0751615697969,156.88698786074832,162.58918699792338,164.0267895160069,166.34764194561114,169.74364827658286,175.30601117376963,177.98345230290766,182.11792082981654,184.14790161790296,187.88079928593515,188.41131695764835,192.19620533116748,194.03809919347336,194.32282186555975,173.00936101804282,176.34238412027298,178.08821916402712,164.99534071444182,170.25442333406286,177.64509820175934,147.01561837479105,153.01710199229632,157.41954507547703,161.8741834141954,174.24123388825686,180.75141936460523,183.7070938531737,184.10064148136465,181.29251787665913,181.92385849328562,182.82390349644407,157.8829451891515,159.56887549613342,161.5247763116146,164.1812698651547,167.50258963295784,169.84363747527118,158.22455916725875,162.95382390926676,168.28346461010204,83.55500778293295,74.76164943257716,66.92218480081532,61.41531311931935,51.5976830380347,44.99666445480709,39.246447003622976,28.87446183565785,22.138567100147885,15.368669784134743,13.1256065114813,11.106372475952362,5.458317028295892,2.818701177576823,0.0,163.99702095512353,173.9939097663412,175.22513408284775,164.8554012940301,166.4705909965448,170.16405595070526,22.091567685930304,26.3680217629032,145.47191424559736,146.1545547712764,146.58144356030374,151.39119753707232,155.18139199453523,158.11702650857134,45.14605213975057,47.79530891682133,50.54282729975854,54.66386216881293,58.53138744365792,64.66772639627689,68.29311493525168,79.23234741625953,147.63416871586372,150.96040592088139,151.94558787932002,49.60259181136624,56.69628578098159,61.499828790438556,65.83073376470152,67.81365936897345,69.2776674020668,135.95275686060808,137.29527203743103,138.03921423948708,138.6041248518852,141.30048777256184,143.66494500414797,131.8963964183749,135.45545710906282,60.07698581950482,62.58007339802131,125.9994973924063,79.58958044922518,80.95546191932704,88.61091495212256,96.04753797866395,91.62818749264599,94.10447040126527,94.96381883969529,91.55489443517396,92.47097576344127,96.54999819534822,104.1198616683575,127.74620913650749,132.7440975906449,135.00621297231754,137.62675986180454,140.59401768680056,142.63718410195128,143.85367413479165,145.4630423338064,151.0536302277582,155.7378639964764,161.47688586435595,165.9306754866888,91.19266321509146,126.00500443034143,132.14617777099872,138.28111811213995,141.37992231795704,143.48457747273346,149.30257754251696,153.35375143729016,157.50740746820725,158.01671594065223,163.7112493236866,165.5538767057011,139.1289409247997,148.36077509126508,153.58455171827518,123.76399346787208,130.08471692330025,135.63713279389208,138.68924386657605,144.81198916586789,145.37359846066278,120.49256635551238,126.67466971925518,127.63815972958223,128.11760732838735,121.50527003035738,126.69569872170837,130.136048849239,135.58314697576472,139.4240997221546,119.84684444359893,122.9607940257213,124.13484444106372,125.27079866549356,125.6584699179743,126.76249663866545,127.71636350568622,128.1974227535965,133.3293758113835,139.57506896747114,168.33191817324717
96,160.71569661299134,160.64768190869881,155.75844873774042,149.97694677025828,146.46167238551962,144.622893714771,132.6552537636361,125.63913304061542,125.27977249742794,120.17744410736915,113.7236860548853,107.69875078552349,101.55386665317401,94.78108923176117,89.4054783827506,80.98543859662131,75.74337507163422,45.82294125124988,43.115250353085884,40.48317322655637,36.22355880738648,30.883102834344466,29.927901284931984,23.64298688615136,30.14129259021628,42.34535475231807,50.549700525487886,54.07161255117855,56.58546513051384,62.81861058647734,65.63358609856482,70.71582865261027,74.81683793023836,81.8131972289822,89.49279125596179,93.07939032079518,94.05973609540482,40.62042587383275,46.61535881757784,54.46749368651636,57.52525822944636,65.33708452039777,71.03928365757284,72.47688617565633,74.79773860526059,78.19374493623232,83.7561078334191,86.43354896255714,90.56801748946602,92.59799827755243,96.33089594558461,96.86141361729783,100.64630199081697,102.48819585312285,102.77291852520922,81.45945767769228,84.79248077992246,86.5383158236766,73.44543737409126,78.7045199937123,86.09519486140877,16.981402580332485,10.979918962827226,15.382362046007941,19.837000384726306,32.204050858787774,38.71423633513614,41.66991082370461,42.06345845189557,39.25533484719004,39.88667546381652,40.78672046697497,66.33304184880095,68.01897215578285,69.97487297126403,72.63136652480411,75.95268629260727,78.29373413492063,66.67465582690818,71.40392056891618,76.73356126975146,80.44201317219058,89.23537152254637,97.07483615430822,102.58170783580418,112.39933791708883,119.00035650031644,124.75057395150056,135.12255911946568,141.85845385497564,148.62835117098876,150.8714144436422,152.89064847917115,158.53870392682762,161.1783197775467,163.99702095512353,0.0,9.996888811217685,11.228113127724239,48.14435411120927,49.759543813723965,53.45300876788443,163.8758436891491,168.152297766122,28.760867062776565,29.443507588455585,29.870396377482926,34.680150354251495,63.63148865418469,66.5671231682208,119.14974418525993,121.7990009623307,124.54651934526791,128.6675542143223,132.5350794891673,138.67141844178624,142.29680698076103,153.23603946176888,30.9231215330429,34.249358738060565,35.234540696499195,135.10671875924382,142.20041272885916,147.00395573831614,151.3348607125791,153.31778631685103,154.78179434994436,44.40285352025753,45.74536869708047,46.489310899136534,47.05422151153463,49.75058443221129,52.11504166379742,40.34649307802435,43.90555376871225,120.87864069855894,123.38172827707542,53.64835893978253,94.0633025391944,95.42918400929625,103.08463704209177,110.52126006863317,88.51519288190363,90.99147579052291,91.85082422895293,79.04462362331887,79.96070495158618,84.03972738349313,91.60959085650241,115.2359383246524,120.23382677878982,122.49594216046245,125.11648904994945,128.08374687494546,130.12691329009618,131.34340332293655,132.95277152195132,138.5433594159031,143.2275931846213,148.96661505250086,153.42040467483372,88.0796686043491,113.49473361848634,119.63590695914363,125.77084730028486,128.86965150610195,130.97430666087837,136.79230673066186,140.84348062543506,144.99713665635215,145.50644512879714,151.2009785118315,153.043605893846,126.61867011294461,135.85050427941,141.07428090642009,111.25372265601699,117.57444611144516,123.12686198203698,126.17897305472096,132.3017183540128,132.86332764880768,107.98229554365729,114.16439890740008,115.12788891772713,115.60733651653224,108.99499921850229,114.18542790985327,117.62577803738391,123.07287616390964,126.91382891029953,107.33657363174383,110.4505232138662,111.62457362920863,112.76052785363846,113.14819910611921,114.25222582681036,115.20609269383112,115.6871519417414,120.81910499952839,127.06479815561603,155.82164736139208
97,170.712585424209,170.6445707199165,165.7553375489581,159.97383558147595,156.4585611967373,154.61978252598868,142.65214257485377,135.6360218518331,135.27666130864563,130.17433291858683,123.72057486610298,117.69563959674116,111.55075546439168,104.77797804297884,99.40236719396827,90.98232740783898,85.74026388285189,55.81983006246756,53.112139164303564,50.48006203777405,46.22044761860416,40.87999164556215,39.92479009614967,33.63987569736904,40.13818140143397,52.34224356353576,60.54658933670557,64.06850136239625,66.58235394173153,72.81549939769502,75.6304749097825,80.71271746382796,84.81372674145605,91.81008604019989,99.48968006717948,103.07627913201287,104.0566249066225,50.61731468505043,56.61224762879552,64.46438249773405,67.52214704066405,75.33397333161547,81.03617246879054,82.47377498687403,84.79462741647829,88.19063374745002,93.7529966446368,96.43043777377484,100.56490630068372,102.59488708877014,106.32778475680232,106.85830242851553,110.64319080203467,112.48508466434055,112.76980733642692,91.45634648890999,94.78936959114016,96.5352046348943,83.44232618530896,88.70140880493,96.09208367262647,26.978291391550172,20.97680777404491,25.379250857225628,29.833889195943993,42.20093967000546,48.71112514635383,51.6667996349223,52.06034726311326,49.25222365840773,49.88356427503421,50.78360927819266,76.32993066001865,78.01586096700055,79.97176178248174,82.62825533602181,85.94957510382497,88.29062294613833,76.67154463812588,81.40080938013388,86.73045008096916,90.43890198340826,99.23226033376405,107.07172496552589,112.57859664702185,122.3962267283065,128.9972453115341,134.74746276271821,145.11944793068335,151.8553426661933,158.62523998220644,160.86830325485988,162.88753729038882,168.5355927380453,171.17520858876438,173.9939097663412,9.996888811217685,0.0,1.2312243165065544,58.141242922426954,59.75643262494165,63.449897579102114,173.87273250036677,178.14918657733966,38.75775587399425,39.44039639967327,39.867285188700606,44.677039165469175,73.62837746540238,76.56401197943849,129.1466329964776,131.79588977354834,134.54340815648555,138.66444302553995,142.53196830038493,148.6683072530039,152.29369579197868,163.23292827298653,40.92001034426058,44.246247549278245,45.231429507716875,145.10360757046146,152.1973015400768,157.00084454953378,161.33174952379673,163.31467512806867,164.778683161162,54.39974233147521,55.74225750829815,56.486199710354214,57.05111032275231,59.74747324342897,62.1119304750151,50.34338188924203,53.90244257992993,130.8755295097766,133.3786170882931,63.64524775100021,104.06019135041207,105.42607282051392,113.08152585330944,120.51814887985084,98.5120816931213,100.98836460174059,101.8477130401706,89.04151243453654,89.95759376280385,94.0366161947108,101.60647966772008,125.23282713587007,130.2307155900075,132.49283097168012,135.11337786116712,138.08063568616313,140.12380210131386,141.34029213415423,142.949660333169,148.54024822712077,153.22448199583897,158.96350386371853,163.4172934860514,98.07655741556677,123.49162242970401,129.6327957703613,135.76773611150253,138.86654031731962,140.97119547209604,146.78919554187954,150.84036943665274,154.99402546756983,155.5033339400148,161.19786732304917,163.04049470506368,136.6155589241623,145.84739309062766,151.07116971763776,121.25061146723466,127.57133492266283,133.12375079325466,136.17586186593863,142.29860716523046,142.86021646002536,117.97918435487496,124.16128771861776,125.1247777289448,125.60422532774992,118.99188802971996,124.18231672107095,127.62266684860158,133.0697649751273,136.9107177215172,117.3334624429615,120.44741202508388,121.6214624404263,122.75741666485614,123.14508791733688,124.24911463802803,125.2029815050488,125.68404075295908,130.81599381074608,137.06168696683372,165.81853617260975
98,171.94380974071555,171.87579503642303,166.98656186546464,161.2050598979825,157.68978551324383,155.85100684249522,143.8833668913603,136.86724616833965,136.50788562515217,131.40555723509337,124.95179918260952,118.9268639132477,112.78197978089823,106.00920235948539,100.63359151047483,92.21355172434554,86.97148819935845,57.05105437897411,54.34336348081011,51.711286354280595,47.45167193511071,42.1112159620687,41.15601441265622,34.87110001387559,41.36940571794051,53.5734678800423,61.777813653212114,65.29972567890279,67.81357825823807,74.04672371420156,76.86169922628905,81.9439417803345,86.04495105796259,93.04131035670643,100.72090438368602,104.30750344851941,105.28784922312904,51.84853900155698,57.84347194530207,65.69560681424059,68.7533713571706,76.56519764812201,82.26739678529708,83.70499930338057,86.02585173298483,89.42185806395656,94.98422096114334,97.66166209028138,101.79613061719026,103.82611140527668,107.55900907330886,108.08952674502207,111.87441511854121,113.71630898084709,114.00103165293346,92.68757080541653,96.0205939076467,97.76642895140084,84.6735505018155,89.93263312143654,97.32330798913301,28.20951570805672,22.208032090551463,26.610475173732176,31.06511351245054,43.43216398651201,49.94234946286038,52.89802395142885,53.291571579619806,50.48344797491428,51.11478859154076,52.014833594699205,77.56115497652519,79.24708528350709,81.20298609898828,83.85947965252835,87.18079942033151,89.52184726264487,77.90276895463242,82.63203369664042,87.9616743974757,91.67012629991481,100.4634846502706,108.30294928203244,113.80982096352841,123.62745104481306,130.22846962804067,135.97868707922478,146.35067224718992,153.08656698269988,159.856464298713,162.09952757136645,164.1187616068954,169.76681705455186,172.40643290527095,175.22513408284777,11.228113127724239,1.2312243165065544,0.0,59.372467238933496,60.98765694144819,64.68112189560865,175.10395681687334,179.38041089384623,39.9889801905008,40.67162071617982,41.098509505207154,45.90826348197572,74.85960178190892,77.79523629594503,130.37785731298416,133.0271140900549,135.77463247299212,139.89566734204652,143.7631926168915,149.89953156951046,153.52492010848525,164.4641525894931,42.15123466076713,45.47747186578479,46.46265382422342,146.33483188696803,153.42852585658338,158.23206886604035,162.5629738403033,164.54589944457524,166.00990747766858,55.63096664798176,56.9734818248047,57.71742402686076,58.282334639258856,60.97869755993552,63.34315479152165,51.57460620574858,55.13366689643648,132.10675382628318,134.60984140479968,64.87647206750675,105.29141566691862,106.65729713702048,114.312750169816,121.7493731963574,99.74330600962786,102.21958891824714,103.07893735667716,90.2727367510431,91.18881807931041,95.26784051121736,102.83770398422664,126.46405145237661,131.46193990651403,133.72405528818666,136.34460217767366,139.31186000266968,141.3550264178204,142.57151645066077,144.18088464967553,149.7714725436273,154.4557063123455,160.19472818022507,164.64851780255793,99.30778173207332,124.72284674621055,130.86402008686784,136.99896042800907,140.09776463382616,142.20241978860258,148.02041985838608,152.07159375315928,156.22524978407637,156.73455825652135,162.4290916395557,164.27171902157022,137.84678324066883,147.0786174071342,152.3023940341443,122.4818357837412,128.80255923916937,134.3549751097612,137.40708618244517,143.529831481737,144.0914407765319,119.2104086713815,125.3925120351243,126.35600204545135,126.83544964425646,120.2231123462265,125.41354103757749,128.8538911651081,134.30098929163384,138.14194203802373,118.56468675946805,121.67863634159042,122.85268675693284,123.98864098136268,124.37631223384342,125.48033895453457,126.43420582155534,126.91526506946562,132.04721812725262,138.29291128334026,167.0497604891163
99,161.57407695189787,161.50606224760534,156.61682907664695,150.8353271091648,147.32005272442615,145.48127405367754,133.51363410254262,126.49751337952195,126.13815283633447,121.03582444627568,114.58206639379183,108.55713112443001,102.41224699208054,95.6394695706677,90.26385872165714,81.84381893552785,76.60175541054076,46.68132159015643,43.97363069199243,41.34155356546292,37.08193914629303,31.741483173251016,30.786281623838534,24.50136722505791,18.003061520992986,5.798999358891196,14.003345132061009,17.52525715775168,20.03910973708696,26.272255193050462,29.087230705137944,34.1694732591834,38.270482536811485,45.266841835555326,52.94643586253491,56.5330349273683,57.51338070197792,41.4788062127393,47.47373915648439,55.32587402542291,58.38363856835291,66.19546485930432,71.8976639964794,73.33526651456289,75.65611894416715,79.05212527513888,84.61448817232565,87.2919293014637,91.42639782837257,93.45637861645899,97.18927628449117,97.71979395620438,101.50468232972352,103.3465761920294,103.63129886411578,82.31783801659884,85.65086111882901,87.39669616258315,74.30381771299781,79.56290033261885,86.95357520031533,31.162951530876782,37.16443514838204,41.566878231562754,46.02151657028112,58.388567044342594,64.89875252069096,67.85442700925944,68.2479746374504,65.43985103274487,66.07119164937134,66.97123665252978,67.1914221877075,68.8773524946894,70.83325331017059,73.48974686371066,76.81106663151382,79.15211447382718,67.53303616581474,72.26230090782273,77.59194160865802,81.30039351109713,90.09375186145292,97.93321649321476,103.44008817471072,113.25771825599537,119.85873683922298,125.6089542904071,135.98093945837223,142.7168341938822,149.48673150989532,151.72979478254877,153.7490288180777,159.39708426573418,162.03670011645326,164.8554012940301,48.14435411120927,58.141242922426954,59.37246723893351,0.0,1.6151897025146962,5.30865465667516,164.73422402805565,169.01067810502855,29.619247401683115,30.301887927362134,30.728776716389476,35.538530693158044,64.48986899309124,67.42550350712735,120.00812452416648,122.65738130123724,125.40489968417445,129.52593455322884,133.39345982807382,139.52979878069277,143.15518731966756,154.0944198006754,31.781501871949448,35.10773907696711,36.09292103540574,135.96509909815035,143.0587930677657,147.86233607722266,152.19324105148561,154.17616665575756,155.6401746888509,45.26123385916408,46.60374903598702,47.34769123804308,47.91260185044118,50.60896477111784,52.97342200270397,41.2048734169309,44.7639341076188,121.7370210374655,124.24010861598198,54.50673927868908,94.92168287810094,96.28756434820279,103.94301738099831,111.37964040753971,89.37357322081017,91.84985612942945,92.70920456785947,79.90300396222541,80.81908529049272,84.89810772239967,92.46797119540895,116.09431866355892,121.09220711769635,123.35432249936898,125.97486938885598,128.942127213852,130.9852936290027,132.20178366184308,133.81115186085785,139.40173975480963,144.08597352352783,149.8249953914074,154.27878501374028,88.93804894325564,114.35311395739286,120.49428729805015,126.62922763919138,129.72803184500847,131.8326869997849,137.6506870695684,141.7018609643416,145.85551699525868,146.36482546770367,152.05935885073802,153.90198623275253,127.47705045185114,136.70888461831652,141.9326612453266,112.11210299492352,118.43282645035168,123.98524232094351,127.03735339362748,133.16009869291932,133.7217079877142,108.84067588256381,115.02277924630661,115.98626925663366,116.46571685543877,109.85337955740881,115.0438082487598,118.48415837629044,123.93125650281617,127.77220924920606,108.19495397065036,111.30890355277273,112.48295396811515,113.61890819254499,114.00657944502574,115.11060616571689,116.06447303273765,116.54553228064793,121.67748533843492,127.92317849452256,156.6800277002986
100,163.18926665441253,163.12125195012,158.23201877916162,152.45051681167948,148.93524242694082,147.0964637561922,135.1288238050573,128.11270308203663,127.75334253884917,122.65101414879038,116.19725609630653,110.17232082694471,104.02743669459524,97.2546592731824,91.87904842417184,83.45900863804255,78.21694511305546,48.29651129267112,45.588820394507124,42.95674326797761,38.69712884880772,33.35667287576571,32.40147132635323,26.116556927572606,19.618251223507684,7.414189061405892,15.618534834575705,19.140446860266373,21.654299439601655,27.887444895565157,30.70242040765264,35.78466296169809,39.885672239326176,46.88203153807002,54.5616255650496,58.14822462988299,59.12857040449261,43.09399591525399,49.08892885899908,56.9410637279376,59.9988282708676,67.810654561819,73.51285369899408,74.95045621707757,77.27130864668183,80.66731497765356,86.22967787484033,88.90711900397838,93.04158753088726,95.07156831897368,98.80446598700586,99.33498365871907,103.1198720322382,104.96176589454409,105.24648856663046,83.93302771911353,87.2660508213437,89.01188586509784,75.91900741551251,81.17809003513355,88.56876490283003,32.77814123339148,38.77962485089674,43.18206793407745,47.63670627279582,60.00375674685729,66.51394222320566,69.46961671177414,69.8631643399651,67.05504073525957,67.68638135188604,68.58642635504448,68.80661189022219,70.49254219720409,72.44844301268527,75.10493656622535,78.4262563340285,80.76730417634185,69.14822586832942,73.87749061033742,79.2071313111727,82.91558321361182,91.70894156396761,99.54840619572946,105.05527787722542,114.87290795851007,121.47392654173768,127.2241439929218,137.59612916088693,144.3320238963969,151.10192121241002,153.34498448506346,155.3642185205924,161.01227396824888,163.65188981896796,166.4705909965448,49.759543813723965,59.75643262494165,60.98765694144821,1.6151897025146962,0.0,3.693464954160464,166.34941373057035,170.62586780754324,31.234437104197813,31.917077629876832,32.343966418904174,37.15372039567274,66.10505869560593,69.04069320964204,121.62331422668117,124.27257100375193,127.02008938668915,131.14112425574353,135.0086495305885,141.14498848320747,144.77037702218226,155.7096095031901,33.39669157446415,36.72292877948181,37.70811073792044,137.58028880066504,144.6739827702804,149.47752577973736,153.8084307540003,155.79135635827225,157.2553643913656,46.87642356167877,48.21893873850171,48.962880940557774,49.52779155295587,52.22415447363253,54.58861170521866,42.82006311944559,46.37912381013349,123.3522107399802,125.85529831849668,56.12192898120377,96.53687258061564,97.90275405071749,105.55820708351301,112.99483011005441,90.98876292332487,93.46504583194415,94.32439427037417,81.51819366474011,82.43427499300742,86.51329742491437,94.08316089792365,117.70950836607362,122.70739682021104,124.96951220188367,127.59005909137068,130.5573169163667,132.6004833315174,133.81697336435778,135.42634156337255,141.01692945732432,145.70116322604252,151.44018509392208,155.89397471625495,90.55323864577034,115.96830365990756,122.10947700056485,128.24441734170608,131.34322154752317,133.4478767022996,139.2658767720831,143.3170506668563,147.47070669777338,147.98001517021837,153.67454855325272,155.51717593526723,129.09224015436584,138.32407432083122,143.5478509478413,113.72729269743822,120.04801615286638,125.60043202345821,128.65254309614218,134.77528839543402,135.3368976902289,110.45586558507851,116.63796894882131,117.60145895914836,118.08090655795347,111.46856925992351,116.6589979512745,120.09934807880514,125.54644620533087,129.38739895172074,109.81014367316506,112.92409325528743,114.09814367062985,115.23409789505969,115.62176914754043,116.72579586823159,117.67966273525235,118.16072198316263,123.29267504094962,129.53836819703724,158.29521740281328
101,166.88273160857304,166.81471690428052,161.92548373332212,156.14398176583998,152.62870738110132,150.7899287103527,138.8222887592178,131.80616803619714,131.44680749300966,126.34447910295086,119.89072105046701,113.86578578110519,107.72090164875571,100.94812422734287,95.5725133783323,87.15247359220301,81.91041006721592,51.98997624683159,49.28228534866759,46.650208222138076,42.39059380296819,37.05013782992618,36.0949362805137,29.81002188173307,23.31171617766815,11.107654015566357,19.31199978873617,22.83391181442684,25.347764393762123,31.580909849725625,34.39588536181311,39.478127915858565,43.57913719348665,50.57549649223049,58.25509051921008,61.841689584043465,62.82203535865309,46.78746086941446,52.78239381315955,60.63452868209807,63.69229322502807,71.50411951597948,77.20631865315455,78.64392117123805,80.9647736008423,84.36077993181404,89.92314282900081,92.60058395813886,96.73505248504773,98.76503327313415,102.49793094116633,103.02844861287954,106.81333698639868,108.65523084870456,108.93995352079094,87.626492673274,90.95951577550417,92.70535081925831,79.61247236967299,84.87155498929403,92.2622298569905,36.47160618755194,42.4730898050572,46.87553288823791,51.33017122695628,63.69722170101775,70.20740717736612,73.16308166593458,73.55662929412554,70.74850568942003,71.3798463060465,72.27989130920494,72.50007684438266,74.18600715136456,76.14190796684575,78.79840152038582,82.11972128818897,84.46076913050233,72.8416908224899,77.5709555644979,82.90059626533318,86.60904816777229,95.40240651812807,103.24187114988992,108.74874283138588,118.56637291267053,125.16739149589814,130.91760894708227,141.2895941150474,148.02548885055737,154.7953861665705,157.03844943922394,159.05768347475288,164.70573892240935,167.34535477312843,170.16405595070526,53.45300876788443,63.449897579102114,64.68112189560867,5.30865465667516,3.693464954160464,0.0,170.04287868473082,174.31933276170372,34.92790205835828,35.6105425840373,36.037431373064635,40.847185349833204,69.7985236497664,72.7341581638025,125.31677918084164,127.9660359579124,130.7135543408496,134.834589209904,138.702114484749,144.83845343736795,148.46384197634274,159.40307445735058,37.09015652862461,40.41639373364227,41.401575692080904,141.27375375482552,148.36744772444086,153.17099073389784,157.5018957081608,159.48482131243273,160.94882934552606,50.56988851583924,51.91240369266218,52.65634589471824,53.22125650711634,55.917619427793,58.28207665937913,46.51352807360606,50.07258876429396,127.04567569414064,129.54876327265714,59.81539393536424,100.2303375347761,101.59621900487795,109.25167203767347,116.68829506421487,94.68222787748533,97.15851078610461,98.01785922453463,85.21165861890057,86.12773994716788,90.20676237907483,97.77662585208411,121.4029733202341,126.40086177437152,128.66297715604415,131.28352404553115,134.25078187052716,136.29394828567789,137.51043831851825,139.11980651753302,144.7103944114848,149.394628180203,155.1336500480826,159.58743967041545,94.2467035999308,119.66176861406804,125.80294195472533,131.93788229586656,135.03668650168365,137.14134165646007,142.95934172624357,147.01051562101676,151.16417165193386,151.67348012437884,157.3680135074132,159.2106408894277,132.78570510852632,142.0175392749917,147.2413159020018,117.42075765159869,123.74148110702686,129.2938969776187,132.34600805030266,138.4687533495945,139.03036264438938,114.14933053923899,120.33143390298179,121.29492391330884,121.77437151211394,115.16203421408399,120.35246290543498,123.79281303296561,129.23991115949133,133.08086390588122,113.50360862732553,116.6175582094479,117.79160862479033,118.92756284922017,119.31523410170091,120.41926082239206,121.37312768941283,121.8541869373231,126.9861399951101,133.23183315119772,161.98868235697378
102,173.104790158872,173.03677545457947,168.14754228362108,162.36604031613894,158.85076593140028,157.01198726065167,145.04434730951675,138.0282265864961,137.6688660433086,132.5665376532498,126.11277960076596,120.08784433140414,113.94296019905467,107.17018277764183,101.79457192863127,93.37453214250198,88.13246861751489,118.05290243789922,120.76059333606322,123.39267046259273,127.65228488176261,132.99274085480462,133.94794240421712,140.23285680299773,146.73116250706266,158.93522466916446,167.13957044233427,170.66148246802496,173.17533504736025,179.40848050332374,182.22345601541122,187.30569856945667,191.40670784708476,198.4030671458286,206.08266117280817,209.66926023764157,210.64960601225118,132.04915194820887,138.04408489195396,145.89621976089248,148.95398430382247,156.76581059477388,162.46800973194894,163.90561225003245,166.2264646796367,169.62247101060842,175.1848339077952,177.86227503693323,181.9967435638421,184.02672435192852,187.75962201996072,188.29013969167391,192.07502806519304,193.91692192749892,194.2016445995853,172.8881837520684,176.22120685429854,177.96704189805268,164.87416344846739,170.13324606808843,177.5239209357849,146.8944411088166,152.89592472632188,157.2983678095026,161.75300614822095,174.12005662228242,180.6302420986308,183.58591658719925,183.9794642153902,181.1713406106847,181.80268122731118,182.70272623046964,157.76176792317708,159.44769823015898,161.40359904564016,164.06009259918025,167.3814123669834,169.72246020929674,158.1033819012843,162.83264664329232,168.1622873441276,83.43383051695852,74.64047216660273,66.80100753484089,61.294135853344926,51.47650577206028,44.875487188832665,39.12526973764855,28.75328456968343,22.017389834173464,15.247492518160323,13.004429245506879,10.985195209977942,16.633250657634413,19.27286650835348,22.091567685930304,163.8758436891491,173.87273250036677,175.1039568168733,164.73422402805565,166.34941373057035,170.04287868473082,0.0,4.276454076972897,145.35073697962292,146.03337750530196,146.4602662943293,151.27002027109788,155.0602147285608,157.9958492425969,45.02487487377615,47.6741316508469,50.42165003378412,54.54268490283851,58.410210177683496,64.54654913030247,68.17193766927726,79.1111701502851,147.51299144988928,150.83922865490695,151.82441061334558,49.481414545391814,56.575108515007166,61.37865152446413,65.7095564987271,67.69248210299902,69.15649013609237,135.83157959463367,137.17409477145662,137.91803697351267,138.48294758591078,141.17931050658743,143.54376773817356,131.7752191524005,135.3342798430884,59.955808553530396,62.45889613204689,125.87832012643187,79.46840318325076,80.83428465335261,88.48973768614813,95.92636071268953,91.50701022667157,93.98329313529085,94.84264157372087,91.43371716919954,92.34979849746685,96.4288209293738,103.99868440238308,127.62503187053305,132.62292032467047,134.8850357063431,137.5055825958301,140.47284042082612,142.51600683597684,143.7324968688172,145.34186506783198,150.93245296178375,155.61668673050195,161.3557085983815,165.80949822071437,91.07148594911703,125.88382716436699,132.02500050502428,138.1599408461655,141.2587450519826,143.36340020675902,149.18140027654252,153.23257417131572,157.3862302022328,157.8955386746778,163.59007205771215,165.43269943972666,139.00776365882527,148.23959782529064,153.46337445230074,123.64281620189765,129.9635396573258,135.51595552791764,138.5680666006016,144.69081189989345,145.25242119468834,120.37138908953794,126.55349245328074,127.51698246360779,127.9964300624129,121.38409276438294,126.57452145573393,130.01487158326455,135.46196970979028,139.30292245618017,119.72566717762449,122.83961675974686,124.01366717508928,125.14962139951912,125.53729265199986,126.64131937269102,127.59518623971178,128.07624548762206,133.20819854540906,139.4538917014967,168.21074090727274
103,177.38124423584486,177.31322953155234,172.42399636059395,166.6424943931118,163.12722000837314,161.28844133762453,149.32080138648962,142.30468066346896,141.94532012028148,136.84299173022268,130.38923367773884,124.36429840837704,118.21941427602756,111.44663685461472,106.07102600560417,97.65098621947487,92.40892269448779,122.32935651487212,125.03704741303612,127.66912453956563,131.92873895873552,137.26919493177755,138.22439648119004,144.50931087997066,151.0076165840356,163.21167874613738,171.4160245193072,174.93793654499788,177.45178912433317,183.68493458029667,186.49991009238414,191.5821526464296,195.68316192405769,202.67952122280153,210.3591152497811,213.9457143146145,214.9260600892241,136.3256060251818,142.32053896892688,150.1726738378654,153.2304383807954,161.0422646717468,166.74446380892186,168.18206632700537,170.50291875660963,173.89892508758135,179.46128798476812,182.13872911390615,186.27319764081503,188.30317842890145,192.03607609693364,192.56659376864684,196.35148214216596,198.19337600447184,198.47809867655823,177.1646378290413,180.49766093127147,182.2434959750256,169.1506175254403,174.40970014506135,181.80037501275783,151.17089518578953,157.1723788032948,161.57482188647552,166.02946022519387,178.39651069925534,184.9066961756037,187.86237066417218,188.25591829236313,185.44779468765762,186.0791353042841,186.97918030744256,162.03822200015,163.7241523071319,165.6800531226131,168.33654667615318,171.65786644395632,173.99891428626967,162.37983597825723,167.10910072026525,172.43874142110053,87.71028459393142,78.91692624357563,71.07746161181379,65.57058993031782,55.752959849033175,49.15194126580556,43.40172381462145,33.02973864665633,26.29384391114636,19.52394659513322,17.280883322479777,15.261649286950838,20.90970473460731,23.549320585326377,26.3680217629032,168.15229776612202,178.1491865773397,179.38041089384623,169.01067810502857,170.62586780754327,174.31933276170375,4.276454076972897,0.0,149.62719105659585,150.30983158227488,150.73672037130223,155.5464743480708,159.33666880553372,162.27230331956983,49.301328950749046,51.9505857278198,54.698104110757015,58.819138979811406,62.68666425465639,68.82300320727536,72.44839174625015,83.387624227258,151.7894455268622,155.11568273187987,156.1008646903185,53.75786862236471,60.85156259198006,65.65510560143703,69.98601057569999,71.96893617997192,73.43294421306527,140.10803367160656,141.45054884842952,142.19449105048557,142.75940166288368,145.45576458356032,147.82022181514645,136.0516732293734,139.6107339200613,64.2322626305033,66.73535020901978,130.15477420340477,83.74485726022365,85.11073873032551,92.76619176312103,100.20281478966243,95.78346430364446,98.25974721226375,99.11909565069377,95.71017124617244,96.62625257443975,100.7052750063467,108.27513847935597,131.90148594750593,136.89937440164334,139.16148978331597,141.78203667280297,144.74929449779899,146.7924609129497,148.00895094579008,149.61831914480484,155.20890703875662,159.89314080747482,165.63216267535438,170.08595229768724,95.34794002608993,130.16028124133987,136.30145458199718,142.4363949231384,145.5351991289555,147.63985428373192,153.45785435351542,157.50902824828862,161.6626842792057,162.1719927516507,167.86652613468505,169.70915351669956,143.28421773579817,152.51605190226354,157.73982852927364,127.91927027887054,134.2399937342987,139.79240960489054,142.8445206775745,148.96726597686634,149.52887527166124,124.64784316651084,130.82994653025364,131.79343654058067,132.27288413938578,125.66054684135584,130.85097553270683,134.29132566023745,139.73842378676318,143.57937653315307,124.00212125459738,127.11607083671976,128.2901212520622,129.42607547649203,129.81374672897277,130.9177734496639,131.87164031668468,132.35269956459496,137.48465262238193,143.73034577846957,172.4871949842456
104,142.19058990346514,142.12257519917262,137.23334202821422,131.45184006073208,127.93656567599344,126.09778700524484,114.13014705410993,107.11402633108925,106.75466578790177,101.65233739784298,95.19857934535914,89.17364407599732,83.02875994364784,76.255982522235,70.88037167322445,62.46033188709515,57.21826836210806,27.297834541723724,24.590143643559724,21.95806651703021,17.698452097860326,12.357996124818314,11.402794575405833,5.1178801766252064,11.616185880690129,23.82024804279192,32.02459381596174,35.546505841652404,38.06035842098769,44.29350387695119,47.10847938903868,52.19072194308413,56.291731220712215,63.288090519456055,70.96768454643563,74.55428361126903,75.53462938587866,22.095319164306595,28.090252108051686,35.94238697699021,39.0001515199202,46.81197781087162,52.51417694804668,53.951779466130176,56.27263189573443,59.66863822670615,65.23100112389292,67.90844225303097,72.04291077993985,74.07289156802626,77.80578923605844,78.33630690777166,82.1211952812908,83.96308914359668,84.24781181568305,62.93435096816612,66.26737407039629,68.01320911415043,54.920330664565114,60.179413284186154,67.57008815188263,11.77946448244408,17.78094809994934,22.183391183130055,26.63802952184842,39.00507999590989,45.51526547225826,48.470939960826726,48.864487589017685,46.056363984312156,46.68770460093864,47.587749604097084,47.8079351392748,49.4938654462567,51.449766261737885,54.106259815277966,57.42757958308112,59.76862742539447,48.14954911738204,52.878813859390036,58.20845456022532,61.91690646266443,70.71026481302022,78.54972944478206,84.05660112627803,93.87423120756267,100.47524979079029,106.2254672419744,116.59745240993952,123.3333471454495,130.10324446146262,132.34630773411607,134.365541769645,140.01359721730148,142.65321306802056,145.4719142455974,28.76086706277657,38.757755873994256,39.98898019050081,29.61924740168312,31.234437104197816,34.92790205835828,145.35073697962295,149.62719105659585,0.0,0.6826405256790212,1.1095293147063623,5.9192832914749305,45.10638194465854,48.04201645869465,100.62463747573378,103.27389425280454,106.02141263574175,110.14244750479615,114.00997277964115,120.14631173226012,123.7717002712349,134.71093275224274,12.398014823516746,15.724252028534409,16.70943398697304,116.58161204971766,123.67530601933302,128.47884902879,132.80975400305294,134.79267960732489,136.25668764041822,25.877746810731374,27.220261987554316,27.964204189610374,28.52911480200847,31.225477722685127,33.58993495427126,21.8213863684982,25.3804470591861,102.3535339890328,104.85662156754928,35.12325223025638,75.53819582966824,76.9040772997701,84.55953033256561,91.99615335910701,69.99008617237747,72.46636908099676,73.32571751942677,60.51951691379272,61.43559824206004,65.51462067396699,73.08448414697627,96.71083161512622,101.70872006926365,103.97083545093628,106.59138234042328,109.55864016541929,111.60180658057003,112.8182966134104,114.42766481242515,120.01825270637693,124.70248647509514,130.4415083429747,134.89529796530758,69.55456189482294,94.96962690896017,101.11080024961745,107.24574059075869,110.34454479657576,112.4491999513522,118.26720002113571,122.31837391590891,126.472029946826,126.98133841927098,132.67587180230532,134.51849918431984,108.09356340341844,117.32539756988383,122.54917419689393,92.72861594649082,99.04933940191899,104.60175527251081,107.65386634519479,113.77661164448661,114.33822093928148,89.45718883413112,95.63929219787391,96.60278220820096,97.08222980700607,90.46989250897612,95.6603212003271,99.10067132785774,104.54776945438347,108.38872220077336,88.81146692221766,91.92541650434003,93.09946691968246,94.2354211441123,94.62309239659304,95.72711911728419,96.68098598430495,97.16204523221523,102.29399829000222,108.53969144608986,137.29654065186588
105,142.8732304291442,142.80521572485168,137.9159825538933,132.13448058641114,128.61920620167248,126.78042753092387,114.81278757978896,107.79666685676828,107.4373063135808,102.33497792352202,95.88121987103817,89.85628460167635,83.71140046932688,76.93862304791404,71.56301219890346,63.14297241277417,57.90090888778708,27.98047506740275,25.27278416923875,22.640707042709238,18.381092623539352,13.040636650497337,12.085435101084855,5.800520702304228,12.29882640636915,24.502888568470944,32.707234341640756,36.229146367331424,38.74299894666671,44.97614440263021,47.7911199147177,52.87336246876315,56.974371746391235,63.970731045135075,71.65032507211465,75.23692413694805,76.21726991155768,22.77795968998562,28.772892633730713,36.625027502669234,39.68279204559923,47.494618336550644,53.196817473725716,54.63441999180921,56.95527242141346,60.351278752385184,65.91364164957196,68.59108277871,72.72555130561888,74.7555320937053,78.48842976173748,79.01894743345069,82.80383580696983,84.64572966927571,84.93045234136208,63.616991493845156,66.95001459607532,68.69584963982946,55.60297119024414,60.86205380986518,68.25272867756166,12.4621050081231,18.46358862562836,22.866031708809075,27.32067004752744,39.68772052158891,46.197905997937276,49.153580486505746,49.547128114696704,46.739004509991176,47.37034512661766,48.2703901297761,48.49057566495382,50.176505971935725,52.13240678741691,54.78890034095699,58.110220108760146,60.4512679510735,48.832189643061064,53.56145438506906,58.89109508590435,62.59954698834345,71.39290533869924,79.23236997046108,84.73924165195704,94.55687173324169,101.1578903164693,106.90810776765342,117.28009293561854,124.01598767112851,130.78588498714166,133.0289482597951,135.04818229532404,140.69623774298051,143.3358535936996,146.15455477127642,29.44350758845559,39.440396399673276,40.67162071617983,30.301887927362138,31.917077629876836,35.6105425840373,146.03337750530198,150.30983158227488,0.6826405256790212,0.0,0.42688878902734106,5.236642765795909,45.789022470337564,48.724656984373674,101.3072780014128,103.95653477848356,106.70405316142077,110.82508803047517,114.69261330532017,120.82895225793914,124.45434079691393,135.39357327792177,13.08065534919577,16.40689255421343,17.392074512652062,117.26425257539668,124.35794654501204,129.161489554469,133.49239452873195,135.4753201330039,136.93932816609723,26.5603873364104,27.902902513233343,28.6468447152894,29.211755327687495,31.908118248364154,34.272575479950284,22.504026894177226,26.063087584865126,103.0361745147118,105.53926209322829,35.8058927559354,76.22083635534726,77.58671782544911,85.24217085824463,92.67879388478603,70.6727266980565,73.14900960667578,74.0083580451058,61.20215743947174,62.11823876773906,66.19726119964601,73.76712467265529,97.39347214080526,102.39136059494268,104.65347597661531,107.27402286610231,110.24128069109832,112.28444710624906,113.50093713908943,115.11030533810418,120.70089323205596,125.38512700077418,131.12414886865375,135.5779384909866,70.23720242050196,95.6522674346392,101.79344077529649,107.92838111643772,111.0271853222548,113.13184047703123,118.94984054681474,123.00101444158794,127.15467047250503,127.66397894495002,133.35851232798436,135.20113970999887,108.77620392909748,118.00803809556287,123.23181472257296,93.41125647216985,99.73197992759802,105.28439579818985,108.33650687087382,114.45925217016564,115.02086146496052,90.13982935981015,96.32193272355295,97.28542273388,97.7648703326851,91.15253303465515,96.34296172600614,99.78331185353677,105.2304099800625,109.07136272645239,89.4941074478967,92.60805703001907,93.78210744536149,94.91806166979133,95.30573292227207,96.40975964296322,97.36362650998399,97.84468575789427,102.97663881568126,109.2223319717689,137.97918117754494
106,143.30011921817155,143.23210451387902,138.34287134292063,132.5613693754385,129.04609499069983,127.20731631995122,115.2396763688163,108.22355564579563,107.86419510260815,102.76186671254936,96.30810866006551,90.2831733907037,84.13828925835422,77.36551183694138,71.98990098793081,63.569861201801515,58.32779767681443,28.407363856430088,25.69967295826609,23.067595831736575,18.80798141256669,13.467525439524678,12.512323890112196,6.227409491331569,12.725715195396491,24.92977735749828,33.134123130668094,36.65603515635876,39.16988773569405,45.40303319165755,48.21800870374503,53.30025125779048,57.401260535418565,64.39761983416241,72.077213861142,75.66381292597539,76.64415870058502,23.20484847901296,29.19978142275805,37.05191629169657,40.109680834626566,47.92150712557798,53.623706262753046,55.06130878083654,57.38216121044079,60.778167541412515,66.34053043859929,69.01797156773733,73.15244009464621,75.18242088273263,78.91531855076481,79.44583622247802,83.23072459599716,85.07261845830304,85.35734113038941,64.04388028287248,67.37690338510265,69.12273842885679,56.02985997927148,61.28894259889252,68.67961746658901,12.888993797150441,18.8904774146557,23.292920497836413,27.747558836554777,40.114609310616245,46.624794786964614,49.58046927553308,49.97401690372404,47.165893299018514,47.797233915644995,48.69727891880344,48.91746445398116,50.60339476096306,52.55929557644425,55.21578912998433,58.53710889778748,60.878156740100835,49.2590784320884,53.9883431740964,59.317983874931684,63.02643577737079,71.81979412772658,79.65925875948842,85.16613044098439,94.98376052226904,101.58477910549665,107.33499655668076,117.70698172464589,124.44287646015586,131.212773776169,133.45583704882245,135.47507108435138,141.12312653200786,143.76274238272694,146.58144356030377,29.870396377482926,39.86728518870061,41.09850950520717,30.728776716389476,32.343966418904174,36.037431373064635,146.46026629432933,150.73672037130223,1.1095293147063623,0.42688878902734106,0.0,4.809753976768568,46.2159112593649,49.15154577340101,101.73416679044014,104.3834235675109,107.13094195044812,111.25197681950252,115.11950209434751,121.25584104696648,124.88122958594127,135.82046206694912,13.50754413822311,16.833781343240773,17.818963301679403,117.69114136442403,124.78483533403939,129.58837834349634,133.9192833177593,135.90220892203124,137.36621695512457,26.987276125437738,28.32979130226068,29.07373350431674,29.638644116714833,32.33500703739149,34.69946426897762,22.930915683204564,26.489976373892464,103.46306330373915,105.96615088225563,36.23278154496274,76.6477251443746,78.01360661447646,85.66905964727198,93.10568267381338,71.09961548708384,73.57589839570312,74.43524683413314,61.629046228499085,62.5451275567664,66.62414998867335,74.19401346168263,97.8203609298326,102.81824938397003,105.08036476564266,107.70091165512966,110.66816948012567,112.7113358952764,113.92782592811677,115.53719412713153,121.1277820210833,125.81201578980152,131.5510376576811,136.00482728001396,70.6640912095293,96.07915622366654,102.22032956432383,108.35526990546506,111.45407411128214,113.55872926605858,119.37672933584209,123.42790323061529,127.58155926153238,128.09086773397738,133.7854011170117,135.62802849902621,109.20309271812482,118.43492688459021,123.65870351160031,93.8381452611972,100.15886871662536,105.7112845872172,108.76339565990116,114.88614095919299,115.44775025398786,90.5667181488375,96.74882151258029,97.71231152290734,98.19175912171245,91.5794218236825,96.76985051503348,100.21020064256412,105.65729876908985,109.49825151547974,89.92099623692404,93.03494581904641,94.20899623438883,95.34495045881867,95.73262171129942,96.83664843199057,97.79051529901133,98.27157454692161,103.4035276047086,109.64922076079624,138.4060699665723
107,148.1098731949401,148.04185849064757,143.15262531968918,137.37112335220704,133.85584896746838,132.01707029671977,120.04943034558485,113.03330962256418,112.6739490793767,107.57162068931791,101.11786263683406,95.09292736747224,88.94804323512277,82.17526581370993,76.79965496469937,68.37961517857008,63.13755165358299,33.21711783319866,30.509426935034657,27.877349808505144,23.61773538933526,18.277279416293243,17.32207786688076,11.037163468100136,17.535469172165058,29.73953133426685,37.94387710743666,41.46578913312733,43.979641712462616,50.21278716842612,53.027762680513604,58.110005234559054,62.21101451218714,69.20737381093099,76.88696783791057,80.47356690274397,81.4539126773536,28.014602455781528,34.00953539952662,41.86167026846514,44.919434811395135,52.73126110234655,58.43346023952162,59.87106275760512,62.19191518720937,65.58792151818109,71.15028441536786,73.82772554450591,77.96219407141479,79.9921748595012,83.72507252753338,84.2555901992466,88.04047857276574,89.88237243507162,90.16709510715799,68.85363425964105,72.18665736187123,73.93249240562537,60.83961395604005,66.0986965756611,73.48937144335758,17.69874777391901,23.700231391424268,28.10267447460498,32.55731281332335,44.92436328738482,51.43454876373319,54.39022325230166,54.78377088049262,51.97564727578709,52.60698789241357,53.50703289557202,53.72721843074973,55.41314873773163,57.36904955321282,60.0255431067529,63.34686287455605,65.68791071686941,54.06883240885697,58.79809715086497,64.12773785170025,67.83618975413935,76.62954810449514,84.46901273625699,89.97588441775295,99.7935144990376,106.39453308226521,112.14475053344933,122.51673570141445,129.25263043692442,136.02252775293755,138.265591025591,140.28482506111993,145.9328805087764,148.5724963594955,151.39119753707232,34.680150354251495,44.67703916546918,45.90826348197574,35.538530693158044,37.15372039567274,40.847185349833204,151.27002027109788,155.54647434807077,5.9192832914749305,5.236642765795909,4.809753976768568,0.0,51.02566523613347,53.96129975016958,106.5439207672087,109.19317754427946,111.94069592721668,116.06173079627108,119.92925607111607,126.06559502373504,129.69098356270982,140.63021604371767,18.317298114991676,21.643535320009338,22.62871727844797,122.50089534119259,129.59458931080795,134.39813232026492,138.72903729452787,140.7119628987998,142.17597093189315,31.797030102206307,33.13954527902925,33.88348748108531,34.448398093483405,37.14476101416007,39.5092182457462,27.740669659973133,31.299730350661033,108.27281728050772,110.77590485902421,41.04253552173131,81.45747912114317,82.82336059124502,90.47881362404054,97.91543665058194,75.9093694638524,78.38565237247168,79.2450008109017,66.43880020526764,67.35488153353495,71.4339039654419,79.00376743845118,102.63011490660115,107.62800336073857,109.8901187424112,112.5106656318982,115.47792345689422,117.52108987204495,118.73757990488532,120.34694810390008,125.93753599785185,130.62176976657005,136.36079163444964,140.8145812567825,75.47384518629786,100.88891020043509,107.03008354109238,113.16502388223361,116.26382808805069,118.36848324282712,124.18648331261063,128.23765720738385,132.39131323830094,132.90062171074592,138.59515509378025,140.43778247579476,114.01284669489337,123.24468086135876,128.46845748836884,98.64789923796575,104.96862269339391,110.52103856398574,113.57314963666971,119.69589493596153,120.25750423075641,95.37647212560604,101.55857548934884,102.52206549967589,103.001513098481,96.38917580045104,101.57960449180203,105.01995461933267,110.4670527458584,114.30800549224828,94.73075021369259,97.84469979581496,99.01875021115738,100.15470443558722,100.54237568806796,101.64640240875912,102.60026927577988,103.08132852369016,108.21328158147715,114.45897473756479,143.21582394334084
108,151.90006765240307,151.83205294811054,146.94281977715215,141.16131780967,137.64604342493135,135.80726475418274,123.83962480304783,116.82350408002715,116.46414353683967,111.36181514678088,104.90805709429704,98.88312182493522,92.73823769258574,85.9654602711729,80.58984942216233,72.16980963603304,66.92774611104595,37.00731229066161,34.29962139249761,31.6675442659681,27.407929846798215,32.74838581984023,33.70358736925271,39.98850176803334,46.48680747209826,58.690869634200055,66.89521540736988,70.41712743306054,72.93098001239582,79.16412546835932,81.9791009804468,87.06134353449225,91.16235281212035,98.15871211086419,105.83830613784377,109.42490520267717,110.4052509772868,23.011062780351946,17.016129836606854,9.16399496766833,6.106230424738333,13.918056715689747,19.620255852864815,21.05785837094831,23.378710800552565,26.77471713152429,32.33708002871106,35.014521157849096,39.148989684757964,41.17897047284439,44.91186814087657,45.44238581258978,49.22727418610891,51.06916804841478,51.353890720501155,30.04042987298426,33.37345297521443,35.11928801896857,22.026409569383244,27.285492189004284,34.67616705670076,46.65008607385221,52.651569691357466,57.05401277453818,61.50865111325655,73.87570158731802,80.38588706366639,83.34156155223485,83.73510918042581,80.9269855757203,81.55832619234677,82.45837119550521,14.91401404409293,16.59994435107483,18.555845166556015,21.212338720096092,24.533658487899245,26.8747063302126,15.255628022200163,19.984892764208162,25.314533465043446,71.62638421160231,80.4197425619581,88.25920719371994,93.76607887521591,103.58370895650056,110.18472753972817,115.93494499091229,126.3069301588774,133.04282489438737,139.8127222104005,142.05578548305394,144.07501951858288,149.72307496623935,152.36269081695843,155.18139199453526,63.63148865418469,73.62837746540238,74.85960178190894,64.48986899309125,66.10505869560595,69.79852364976641,155.06021472856082,159.33666880553372,45.106381944658544,45.789022470337564,46.2159112593649,51.02566523613347,0.0,2.93563451403611,110.33411522467166,112.98337200174242,115.73089038467964,119.85192525373404,123.71945052857903,129.855789481198,133.4811780201728,144.42041050118064,47.26863641492488,50.59487361994254,51.58005557838117,126.29108979865555,133.3847837682709,138.18832677772787,142.51923175199082,144.50215735626276,145.9661653893561,35.58722455966926,36.9297397364922,37.67368193854826,38.23859255094636,40.93495547162302,43.29941270320915,31.53086411743609,35.08992480812399,112.06301173797067,114.56609931648715,44.83272997919426,85.24767357860613,86.61355504870798,94.2690080815035,101.7056311080449,79.69956392131536,82.17584682993464,83.03519526836466,70.2289946627306,71.14507599099791,75.22409842290486,82.79396189591414,106.42030936406412,111.41819781820155,113.68031319987418,116.30086008936118,119.26811791435719,121.31128432950793,122.5277743623483,124.13714256136305,129.72773045531483,134.41196422403303,140.1509860919126,144.60477571424548,79.26403964376082,104.67910465789807,110.82027799855535,116.95521833969659,120.05402254551366,122.1586777002901,127.97667777007361,132.02785166484682,136.1815076957639,136.6908161682089,142.38534955124322,144.22797693325774,117.80304115235634,127.03487531882173,132.25865194583182,102.43809369542872,108.75881715085688,114.31123302144871,117.36334409413269,123.4860893934245,124.04769868821938,99.16666658306902,105.34876994681181,106.31225995713886,106.79170755594397,100.17937025791402,105.369798949265,108.81014907679564,114.25724720332137,118.09819994971126,98.52094467115556,101.63489425327793,102.80894466862036,103.9448988930502,104.33257014553094,105.43659686622209,106.39046373324285,106.87152298115313,112.00347603894012,118.24916919502776,147.0060184008038
109,154.83570216643918,154.76768746214665,149.87845429118826,144.09695232370612,140.58167793896746,138.74289926821885,126.77525931708394,119.75913859406326,119.39977805087578,114.297449660817,107.84369160833315,101.81875633897133,95.67387220662185,88.90109478520901,83.52548393619844,75.10544415006915,69.86338062508206,39.94294680469772,37.23525590653372,34.60317878000421,30.343564360834325,35.68402033387634,36.63922188328882,42.92413628206945,49.42244198613437,61.626504148236165,69.83084992140599,73.35276194709665,75.86661452643193,82.09975998239543,84.91473549448291,89.99697804852836,94.09798732615646,101.0943466249003,108.77394065187988,112.36053971671328,113.34088549132291,25.946697294388056,19.951764350642964,12.09962948170444,9.041864938774443,16.853691229725857,22.555890366900925,23.99349288498442,26.314345314588675,29.7103516455604,35.27271454274717,37.950155671885206,42.084624198794074,44.1146049868805,47.84750265491268,48.37802032662589,52.16290870014502,54.00480256245089,54.289525234537265,32.976064387020365,36.30908748925053,38.05492253300467,24.962044083419354,30.221126703040394,37.61180157073687,49.58572058788832,55.587204205393576,59.98964728857429,64.44428562729266,76.81133610135413,83.3215215777025,86.27719606627096,86.67074369446192,83.8626200897564,84.49396070638288,85.39400570954132,17.84964855812904,19.53557886511094,21.491479680592125,24.147973234132202,27.469293001935355,29.81034084424871,18.191262536236273,22.920527278244272,28.250167979079556,74.56201872563842,83.35537707599421,91.19484170775605,96.70171338925202,106.51934347053667,113.12036205376428,118.8705795049484,129.24256467291352,135.97845940842348,142.7483567244366,144.99141999709005,147.010654032619,152.65870948027546,155.29832533099454,158.11702650857137,66.5671231682208,76.56401197943849,77.79523629594505,67.42550350712736,69.04069320964206,72.73415816380252,157.99584924259693,162.27230331956983,48.042016458694654,48.724656984373674,49.15154577340101,53.96129975016958,2.93563451403611,0.0,113.26974973870777,115.91900651577853,118.66652489871575,122.78755976777015,126.65508504261514,132.7914239952341,136.4168125342089,147.35604501521675,50.20427092896099,53.53050813397865,54.51569009241728,129.22672431269166,136.320418282307,141.12396129176398,145.45486626602693,147.43779187029887,148.9017999033922,38.52285907370537,39.86537425052831,40.60931645258437,41.17422706498247,43.87058998565913,46.23504721724526,34.4664986314722,38.0255593221601,114.99864625200678,117.50173383052326,47.76836449323037,88.18330809264224,89.54918956274409,97.20464259553961,104.64126562208101,82.63519843535147,85.11148134397075,85.97082978240077,73.16462917676671,74.08071050503402,78.15973293694097,85.72959640995025,109.35594387810023,114.35383233223766,116.61594771391029,119.23649460339729,122.2037524283933,124.24691884354404,125.4634088763844,127.07277707539916,132.66336496935094,137.34759873806914,143.08662060594872,147.5404102282816,82.19967415779693,107.61473917193418,113.75591251259146,119.8908528537327,122.98965705954977,125.09431221432621,130.9123122841097,134.9634861788829,139.1171422098,139.62645068224498,145.32098406527933,147.16361144729385,120.73867566639245,129.97050983285783,135.19428645986793,105.37372820946483,111.694451664893,117.24686753548482,120.2989786081688,126.42172390746062,126.9833332022555,102.10230109710513,108.28440446084792,109.24789447117497,109.72734206998008,103.11500477195013,108.30543346330111,111.74578359083175,117.19288171735748,121.03383446374737,101.45657918519167,104.57052876731404,105.74457918265647,106.8805334070863,107.26820465956705,108.3722313802582,109.32609824727896,109.80715749518924,114.93911055297623,121.18480370906387,149.94165291483992
110,128.37869065498282,128.3106759506903,123.4214427797319,117.63994081224975,114.12466642751109,112.28588775676249,100.31824780562758,93.3021270826069,92.94276653941942,87.84043814936064,81.3866800968768,75.36174482751498,69.21686069516551,62.44408327375266,57.0684724247421,48.6484326386128,43.40636911362571,73.32680293401005,76.03449383217405,78.66657095870356,82.92618537787344,88.26664135091545,89.22184290032793,95.50675729910856,102.00506300317348,114.20912516527527,122.41347093844507,125.93538296413574,128.44923554347102,134.6823809994345,137.49735651152199,142.57959906556744,146.68060834319553,153.67696764193937,161.35656166891894,164.94316073375234,165.92350650836195,87.3230524443197,93.31798538806478,101.1701202570033,104.2278847999333,112.03971109088472,117.7419102280598,119.17951274614329,121.50036517574755,124.89637150671928,130.45873440390605,133.13617553304408,137.27064405995296,139.30062484803938,143.03352251607157,143.56404018778477,147.3489285613039,149.19082242360977,149.47554509569616,128.16208424817924,131.4951073504094,133.24094239416354,120.14806394457821,125.40714656419925,132.79782143189573,102.16834160492743,108.16982522243269,112.5722683056134,117.02690664433177,129.39395711839325,135.90414259474161,138.85981708331008,139.25336471150104,136.44524110679552,137.076581723422,137.97662672658046,113.0356684192879,114.7215987262698,116.67749954175099,119.33399309529106,122.65531286309422,124.99636070540758,113.37728239739513,118.10654713940313,123.43618784023842,38.70773101306934,29.914372662713554,22.074908030951715,16.568036349455745,6.7504062681710995,0.1493876849434865,5.8996051361276,16.271590304092726,23.00748503960269,29.777382355615835,32.02044562826928,34.03967966379822,39.687735111454685,42.32735096217375,45.14605213975057,119.14974418525992,129.1466329964776,130.37785731298413,120.00812452416646,121.62331422668116,125.31677918084162,45.024874873776156,49.30132895074905,100.62463747573376,101.30727800141278,101.73416679044013,106.54392076720869,110.33411522467163,113.26974973870774,0.0,2.649256777070756,5.396775160007975,9.517810029062368,13.385335303907354,19.52167425652632,23.147062795501107,34.08629527650895,102.7868919460001,106.11312915101776,107.09831110945639,16.25574994387086,23.349443913486212,28.152986922943175,32.483891897206135,34.46681750147807,35.93082553457142,91.10548009074448,92.44799526756742,93.19193746962348,93.75684808202158,96.45321100269824,98.81766823428437,87.04911964851131,90.60818033919921,15.229709049641217,17.732796628157708,81.1522206225427,34.74230367936157,36.108185149463424,43.763638182258944,51.200261208800335,46.78091072278239,49.25719363140166,50.11654206983169,46.707617665310366,47.62369899357768,51.70272142548463,59.27258489849391,82.89893236664389,87.89682082078131,90.15893620245394,92.77948309194095,95.74674091693696,97.7899073320877,99.00639736492806,100.61576556394282,106.2063534578946,110.89058722661281,116.62960909449238,121.08339871682524,46.34538644522785,81.15772766047783,87.29890100113512,93.43384134227635,96.53264554809343,98.63730070286987,104.45530077265337,108.50647466742657,112.66013069834366,113.16943917078865,118.86397255382299,120.7065999358375,94.28166415493611,103.5134983214015,108.7372749484116,78.91671669800849,85.23744015343665,90.78985602402848,93.84196709671244,99.96471239600426,100.52632169079914,75.64528958564878,81.82739294939158,82.79088295971863,83.27033055852374,76.65799326049378,81.84842195184477,85.2887720793754,90.73587020590114,94.57682295229102,74.99956767373533,78.11351725585769,79.28756767120012,80.42352189562996,80.8111931481107,81.91521986880186,82.86908673582262,83.3501459837329,88.48209904151989,94.72779219760753,123.48464140338353
111,131.02794743205357,130.95993272776104,126.07069955680265,120.2891975893205,116.77392320458183,114.93514453383324,102.96750458269833,95.95138385967765,95.59202331649017,90.48969492643138,84.03593687394753,78.01100160458572,71.86611747223624,65.0933400508234,59.717729201812844,51.29768941568355,46.05562589069646,75.9760597110808,78.6837506092448,81.3158277357743,85.57544215494418,90.9158981279862,91.87109967739867,98.1560140761793,104.65431978024422,116.85838194234601,125.06272771551582,128.5846397412065,131.0984923205418,137.3316377765053,140.14661328859276,145.2288558426382,149.3298651202663,156.32622441901015,164.00581844598972,167.5924175108231,168.57276328543273,89.97230922139045,95.96724216513553,103.81937703407405,106.87714157700405,114.68896786795547,120.39116700513054,121.82876952321404,124.1496219528183,127.54562828379002,133.1079911809768,135.78543231011483,139.9199008370237,141.94988162511012,145.6827792931423,146.2132969648555,149.9981853383746,151.8400792006805,152.12480187276688,130.81134102525,134.14436412748015,135.8901991712343,122.79732072164896,128.05640334127,135.44707820896647,104.81759838199818,110.81908199950344,115.22152508268415,119.67616342140252,132.043213895464,138.55339937181236,141.50907386038082,141.90262148857178,139.09449788386627,139.72583850049276,140.6258835036512,115.68492519635865,117.37085550334055,119.32675631882174,121.98324987236181,125.30456964016497,127.64561748247833,116.02653917446588,120.75580391647388,126.08544461730916,41.356987790140096,32.56362943978431,24.724164808022472,19.217293126526503,9.399663045241855,2.7986444620142423,8.548861913198355,18.92084708116348,25.656741816673446,32.42663913268659,34.66970240534003,36.68893644086897,42.336991888525446,44.976607739244514,47.795308916821334,121.79900096233067,131.79588977354834,133.02711409005488,122.65738130123721,124.2725710037519,127.96603595791237,47.67413165084692,51.95058572781981,103.27389425280451,103.95653477848353,104.38342356751087,109.19317754427944,112.98337200174238,115.91900651577849,2.649256777070756,0.0,2.7475183829372187,6.868553251991612,10.736078526836598,16.872417479455564,20.497806018430353,31.4370384994382,105.43614872307084,108.7623859280885,109.74756788652714,18.905006720941614,25.998700690556966,30.80224370001393,35.13314867427689,37.11607427854882,38.58008231164217,93.75473686781523,95.09725204463817,95.84119424669423,96.40610485909232,99.10246777976899,101.46692501135512,89.69837642558205,93.25743711626995,17.878965826711973,20.382053405228465,83.80147739961345,37.39156045643232,38.75744192653418,46.412894959329705,53.849517985871096,49.43016749985314,51.906450408472416,52.76579884690244,49.35687444238112,50.27295577064844,54.35197820255539,61.921841675564664,85.54818914371462,90.54607759785205,92.80819297952468,95.42873986901168,98.39599769400769,100.43916410915843,101.6556541419988,103.26502234101355,108.85561023496533,113.53984400368354,119.27886587156311,123.73265549389598,48.994643222298606,83.80698443754856,89.94815777820585,96.08309811934708,99.18190232516416,101.2865574799406,107.1045575497241,111.1557314444973,115.3093874754144,115.81869594785938,121.51322933089372,123.35585671290823,96.93092093200684,106.16275509847223,111.38653172548233,81.56597347507922,87.88669693050738,93.43911280109921,96.49122387378318,102.613969173075,103.17557846786988,78.29454636271952,84.47664972646231,85.44013973678936,85.91958733559447,79.30725003756451,84.4976787289155,87.93802885644614,93.38512698297187,97.22607972936176,77.64882445080606,80.76277403292843,81.93682444827085,83.0727786727007,83.46044992518144,84.56447664587259,85.51834351289335,85.99940276080363,91.13135581859062,97.37704897467826,126.13389818045428
112,133.7754658149908,133.7074511106983,128.8182179397399,123.03671597225774,119.52144158751908,117.68266291677048,105.71502296563557,98.69890224261489,98.33954169942741,93.23721330936863,86.78345525688478,80.75851998752296,74.61363585517348,67.84085843376064,62.465247584750074,54.04520779862078,48.803144273633684,78.72357809401802,81.43126899218203,84.06334611871154,88.32296053788141,93.66341651092343,94.6186180603359,100.90353245911653,107.40183816318145,119.60590032528324,127.81024609845306,131.33215812414375,133.84601070347904,140.07915615944253,142.89413167153,147.97637422557546,152.07738350320355,159.0737428019474,166.75333682892696,170.33993589376036,171.32028166836997,92.71982760432768,98.71476054807276,106.56689541701128,109.62465995994128,117.4364862508927,123.13868538806777,124.57628790615126,126.89714033575552,130.29314666672724,135.855509563914,138.53295069305204,142.66741921996092,144.69740000804734,148.43029767607953,148.96081534779273,152.74570372131186,154.58759758361774,154.87232025570412,133.5588594081872,136.89188251041736,138.6377175541715,125.5448391045862,130.80392172420724,138.19459659190372,107.56511676493541,113.56660038244067,117.96904346562138,122.42368180433975,134.7907322784012,141.30091775474958,144.25659224331804,144.650139871509,141.84201626680348,142.47335688342997,143.37340188658843,118.43244357929588,120.11837388627778,122.07427470175897,124.73076825529904,128.0520880231022,130.39313586541553,118.77405755740311,123.50332229941111,128.8329630002464,44.10450617307732,35.31114782272153,27.47168319095969,21.964811509463722,12.147181428179074,5.5461628449514615,11.296380296135574,21.6683654641007,28.404260199610665,35.174157515623804,37.41722078827725,39.43645482380619,45.08451027146266,47.72412612218173,50.54282729975855,124.5465193452679,134.54340815648558,135.77463247299212,125.40489968417444,127.02008938668914,130.7135543408496,50.42165003378413,54.69810411075703,106.02141263574174,106.70405316142076,107.1309419504481,111.94069592721667,115.73089038467961,118.66652489871572,5.396775160007975,2.7475183829372187,0.0,4.121034869054394,7.988560143899381,14.124899096518348,17.750287635493137,28.689520116500983,108.18366710600807,111.50990431102574,112.49508626946437,21.652525103878837,28.74621907349419,33.549762082951155,37.88066705721411,39.863592661486045,41.327600694579395,96.50225525075246,97.8447704275754,98.58871262963146,99.15362324202955,101.84998616270622,104.21444339429235,92.44589480851928,96.00495549920718,20.626484209649192,23.129571788165684,86.54899578255068,40.139078839369546,41.5049603094714,49.16041334226692,56.59703636880831,52.177685882790364,54.65396879140964,55.513317229839664,52.10439282531834,53.02047415358566,57.09949658549261,64.6693600585019,88.29570752665187,93.29359598078929,95.55571136246192,98.17625825194892,101.14351607694493,103.18668249209567,104.40317252493604,106.01254072395079,111.60312861790257,116.28736238662079,122.02638425450036,126.48017387683322,51.74216160523583,86.55450282048581,92.6956761611431,98.83061650228433,101.9294207081014,104.03407586287784,109.85207593266135,113.90324982743455,118.05690585835164,118.56621433079663,124.26074771383097,126.10337509584548,99.67843931494409,108.91027348140948,114.13405010841957,84.31349185801646,90.63421531344463,96.18663118403646,99.23874225672043,105.36148755601225,105.92309685080713,81.04206474565676,87.22416810939956,88.1876581197266,88.66710571853172,82.05476842050176,87.24519711185275,90.68554723938338,96.13264536590911,99.973598112299,80.3963428337433,83.51029241586568,84.6843428312081,85.82029705563794,86.20796830811868,87.31199502880983,88.2658618958306,88.74692114374088,93.87887420152786,100.1245673576155,128.88141656339153
113,137.89650068404518,137.82848597975266,132.93925280879427,127.15775084131211,123.64247645657345,121.80369778582485,109.83605783468994,102.81993711166926,102.46057656848178,97.358248178423,90.90449012593915,84.87955485657733,78.73467072422785,71.96189330281501,66.58628245380446,58.166242667675164,52.924179142688075,82.84461296307241,85.55230386123641,88.18438098776592,92.4439954069358,97.78445137997781,98.73965292939029,105.02456732817092,111.52287303223584,123.72693519433763,131.93128096750743,135.45319299319812,137.9670455725334,144.2001910284969,147.01516654058437,152.09740909462982,156.19841837225792,163.19477767100176,170.87437169798133,174.46097076281472,175.44131653742434,96.84086247338206,102.83579541712714,110.68793028606567,113.74569482899567,121.55752111994708,127.25972025712215,128.69732277520566,131.01817520480992,134.41418153578164,139.9765444329684,142.65398556210644,146.78845408901532,148.81843487710174,152.5513325451339,153.0818502168471,156.86673859036623,158.7086324526721,158.9933551247585,137.6798942772416,141.01291737947176,142.7587524232259,129.66587397364057,134.9249565932616,142.3156314609581,111.6861516339898,117.68763525149505,122.09007833467577,126.54471667339413,138.9117671474556,145.42195262380397,148.37762711237244,148.7711747405634,145.96305113585788,146.59439175248437,147.49443675564282,122.55347844835026,124.23940875533216,126.19530957081335,128.85180312435344,132.17312289215658,134.51417073446993,122.8950924264575,127.6243571684655,132.95399786930076,48.22554104213171,39.43218269177592,31.592718060014082,26.085846378518113,16.268216297233465,9.667197714005853,15.417415165189967,25.789400333155093,32.52529506866506,39.2951923846782,41.538255657331646,43.557489692860585,49.20554514051706,51.84516099123613,54.66386216881295,128.66755421432228,138.66444302553995,139.8956673420465,129.52593455322884,131.14112425574353,134.834589209904,54.54268490283853,58.81913897981143,110.14244750479612,110.82508803047514,111.25197681950249,116.06173079627105,119.851925253734,122.7875597677701,9.517810029062368,6.868553251991612,4.121034869054394,0.0,3.867525274844987,10.003864227463954,13.629252766438741,24.56848524744659,112.30470197506246,115.63093918008012,116.61612113851875,25.773559972933228,32.86725394254858,37.670796952005546,42.0017019262685,43.984627530540436,45.448635563633786,100.62329011980684,101.96580529662978,102.70974749868584,103.27465811108394,105.9710210317606,108.33547826334673,96.56692967757367,100.12599036826157,24.747519078703583,27.250606657220075,90.67003065160506,44.26011370842394,45.62599517852579,53.28144821132132,60.71807123786271,56.298720751844755,58.77500366046403,59.634352098894055,56.22542769437273,57.14150902264005,61.220531454547,68.79039492755628,92.41674239570624,97.41463084984366,99.67674623151629,102.29729312100329,105.2645509459993,107.30771736115004,108.52420739399041,110.13357559300516,115.72416348695694,120.40839725567515,126.14741912355473,130.6012087458876,55.86319647429022,90.67553768954018,96.81671103019747,102.9516513713387,106.05045557715577,108.15511073193221,113.97311080171572,118.02428469648892,122.17794072740601,122.687249199851,128.38178258288534,130.22440996489985,103.79947418399846,113.03130835046385,118.25508497747394,88.43452672707083,94.755250182499,100.30766605309083,103.3597771257748,109.48252242506662,110.0441317198615,85.16309961471113,91.34520297845393,92.30869298878098,92.78814058758608,86.17580328955613,91.36623198090712,94.80658210843775,100.25368023496348,104.09463298135337,84.51737770279767,87.63132728492005,88.80537770026247,89.9413319246923,90.32900317717305,91.4330298978642,92.38689676488497,92.86795601279525,97.99990907058223,104.24560222666987,133.0024514324459
114,141.76402595889016,141.69601125459764,136.80677808363924,131.0252761161571,127.51000173141846,125.67122306066986,113.70358310953495,106.68746238651427,106.32810184332679,101.225773453268,94.77201540078416,88.74708013142234,82.60219599907286,75.82941857766002,70.45380772864945,62.03376794252016,56.79170441753307,86.7121382379174,89.4198291360814,92.05190626261091,96.31152068178079,101.6519766548228,102.60717820423528,108.89209260301591,115.39039830708083,127.59446046918262,135.79880624235244,139.32071826804312,141.83457084737842,148.0677163033419,150.88269181542938,155.96493436947483,160.06594364710293,167.06230294584677,174.74189697282634,178.32849603765973,179.30884181226935,100.70838774822705,106.70332069197214,114.55545556091066,117.61322010384066,125.42504639479208,131.12724553196713,132.56484805005064,134.8857004796549,138.28170681062662,143.8440697078134,146.52151083695142,150.6559793638603,152.68596015194672,156.41885781997888,156.94937549169208,160.7342638652112,162.57615772751709,162.86088039960347,141.54741955208658,144.88044265431674,146.62627769807088,133.53339924848558,138.79248186810662,146.1831567358031,115.55367690883479,121.55516052634005,125.95760360952076,130.4122419482391,142.77929242230059,149.28947789864895,152.24515238721742,152.63870001540838,149.83057641070286,150.46191702732935,151.3619620304878,126.42100372319526,128.10693403017714,130.06283484565833,132.71932839919842,136.04064816700156,138.3816960093149,126.76261770130249,131.4918824433105,136.82152314414577,52.0930663169767,43.299707966620915,35.46024333485907,29.953371653363103,20.135741572078455,13.534722988850842,19.284940440034955,29.65692560800008,36.392820343510046,43.16271765952319,45.40578093217663,47.42501496770557,53.07307041536204,55.71268626608111,58.53138744365793,132.53507948916726,142.53196830038493,143.76319261689147,133.39345982807382,135.0086495305885,138.702114484749,58.41021017768351,62.68666425465641,114.00997277964112,114.69261330532014,115.11950209434748,119.92925607111604,123.71945052857899,126.6550850426151,13.385335303907356,10.7360785268366,7.988560143899381,3.867525274844987,0.0,6.136338952618967,9.761727491593755,20.700959972601602,116.17222724990745,119.49846445492511,120.48364641336374,29.641085247778214,36.734779217393566,41.53832222685053,45.86922720111349,47.85215280538542,49.31616083847877,104.49081539465183,105.83333057147478,106.57727277353084,107.14218338592893,109.8385463066056,112.20300353819172,100.43445495241866,103.99351564310656,28.615044353548573,31.118131932065065,94.53755592645005,48.12763898326893,49.493520453370785,57.14897348616631,64.58559651270771,60.16624602668975,62.64252893530902,63.50187737373905,60.09295296921773,61.009034297485044,65.088056729392,72.65792020240127,96.28426767055124,101.28215612468867,103.5442715063613,106.1648183958483,109.13207622084431,111.17524263599505,112.39173266883542,114.00110086785017,119.59168876180195,124.27592253052016,130.01494439839973,134.4687340207326,59.73072174913521,94.54306296438519,100.68423630504248,106.8191766461837,109.91798085200078,112.02263600677722,117.84063607656073,121.89180997133393,126.04546600225102,126.554774474696,132.24930785773034,134.09193523974486,107.66699945884346,116.89883362530885,122.12261025231895,92.30205200191584,98.622775457344,104.17519132793583,107.2273024006198,113.35004769991163,113.9116569947065,89.03062488955614,95.21272825329893,96.17621826362598,96.65566586243109,90.04332856440114,95.23375725575212,98.67410738328276,104.12120550980849,107.96215825619838,88.38490297764268,91.49885255976506,92.67290297510748,93.80885719953731,94.19652845201806,95.30055517270921,96.25442203972997,96.73548128764025,101.86743434542724,108.11312750151488,136.8699767072909
115,147.90036491150914,147.83235020721662,142.94311703625823,137.1616150687761,133.64634068403743,131.80756201328882,119.8399220621539,112.82380133913323,112.46444079594575,107.36211240588696,100.90835435340311,94.8834190840413,88.73853495169182,81.96575753027898,76.59014668126842,68.17010689513913,62.92804337015204,92.84847719053637,95.55616808870037,98.18824521522988,102.44785963439976,107.78831560744177,108.74351715685425,115.02843155563488,121.5267372596998,133.73079942180158,141.9351451949714,145.45705722066208,147.97090979999737,154.20405525596087,157.01903076804834,162.1012733220938,166.20228259972188,173.19864189846572,180.8782359254453,184.4648349902787,185.4451807648883,106.84472670084602,112.83965964459111,120.69179451352963,123.74955905645963,131.56138534741103,137.2635844845861,138.7011870026696,141.02203943227386,144.41804576324557,149.98040866043235,152.65784978957038,156.79231831647925,158.82229910456567,162.55519677259787,163.08571444431107,166.8706028178302,168.71249668013607,168.99721935222246,147.68375850470554,151.0167816069357,152.76261665068984,139.66973820110454,144.92882082072558,152.31949568842205,121.69001586145376,127.69149947895902,132.09394256213974,136.5485809008581,148.91563137491957,155.42581685126794,158.3814913398364,158.77503896802736,155.96691536332185,156.59825597994833,157.4983009831068,132.55734267581423,134.24327298279613,136.19917379827731,138.8556673518174,142.17698711962055,144.5180349619339,132.89895665392146,137.62822139592947,142.95786209676476,58.229405269595674,49.436046919239885,41.59658228747805,36.08971060598208,26.272080524697426,19.671061941469812,25.421279392653926,35.79326456061905,42.529159296129016,49.29905661214216,51.5421198847956,53.56135392032454,59.20940936798101,61.84902521870008,64.6677263962769,138.67141844178624,148.66830725300392,149.89953156951046,139.52979878069277,141.14498848320747,144.83845343736795,64.54654913030248,68.82300320727538,120.14631173226009,120.82895225793911,121.25584104696645,126.06559502373501,129.85578948119797,132.79142399523408,19.521674256526325,16.872417479455567,14.124899096518348,10.003864227463954,6.136338952618967,0.0,3.6253885389747875,14.564621019982633,122.30856620252642,125.63480340754408,126.61998536598271,35.777424200397185,42.87111817001254,47.6746611794695,52.00556615373246,53.98849175800439,55.45249979109774,110.6271543472708,111.96966952409375,112.71361172614981,113.2785223385479,115.97488525922456,118.3393424908107,106.57079390503763,110.12985459572553,34.75138330616754,37.25447088468403,100.67389487906902,54.2639779358879,55.629859405989755,63.28531243878528,70.72193546532668,66.30258497930872,68.778867887928,69.63821632635802,66.22929192183669,67.145373250104,71.22439568201095,78.79425915502023,102.4206066231702,107.41849507730763,109.68061045898025,112.30115734846726,115.26841517346327,117.311581588614,118.52807162145437,120.13743982046913,125.7280277144209,130.4122614831391,136.15128335101866,140.60507297335153,65.86706070175418,100.67940191700414,106.82057525766143,112.95551559880266,116.05431980461974,118.15897495939618,123.97697502917968,128.0281489239529,132.18180495487,132.69111342731497,138.3856468103493,140.2282741923638,113.80333841146242,123.03517257792781,128.2589492049379,98.4383909545348,104.75911440996296,110.31153028055479,113.36364135323876,119.48638665253058,120.04799594732546,95.1669638421751,101.34906720591789,102.31255721624494,102.79200481505005,96.17966751702009,101.37009620837108,104.81044633590172,110.25754446242745,114.09849720881734,94.52124193026164,97.63519151238401,98.80924192772643,99.94519615215627,100.33286740463701,101.43689412532817,102.39076099234893,102.87182024025921,108.0037732980462,114.24946645413384,143.0063156599099
116,151.52575345048393,151.4577387461914,146.56850557523302,140.78700360775088,137.27172922301222,135.4329505522636,123.46531060112869,116.44918987810802,116.08982933492054,110.98750094486175,104.5337428923779,98.50880762301608,92.36392349066661,85.59114606925377,80.21553522024321,71.79549543411392,66.55343190912683,96.47386572951116,99.18155662767516,101.81363375420467,106.07324817337455,111.41370414641656,112.36890569582904,118.65382009460967,125.15212579867459,137.35618796077637,145.5605337339462,149.08244575963687,151.59629833897216,157.82944379493566,160.64441930702313,165.72666186106858,169.82767113869667,176.8240304374405,184.50362446442008,188.09022352925348,189.0705693038631,110.47011523982081,116.4650481835659,124.31718305250442,127.37494759543442,135.18677388638582,140.88897302356088,142.3265755416444,144.64742797124865,148.04343430222036,153.60579719940714,156.28323832854517,160.41770685545404,162.44768764354046,166.18058531157266,166.71110298328585,170.49599135680498,172.33788521911086,172.62260789119725,151.30914704368033,154.64217014591048,156.38800518966463,143.29512674007933,148.55420935970037,155.94488422739684,125.31540440042855,131.31688801793382,135.71933110111453,140.1739694398329,152.54101991389436,159.05120539024273,162.0068798788112,162.40042750700215,159.59230390229663,160.22364451892312,161.12368952208158,136.18273121478902,137.86866152177092,139.8245623372521,142.4810558907922,145.80237565859534,148.14342350090868,136.52434519289625,141.25360993490426,146.58325063573955,61.85479380857046,53.061435458214675,45.22197082645283,39.71509914495686,29.89746906367221,23.296450480444598,29.04666793162871,39.41865309959384,46.154547835103806,52.92444515111695,55.16750842377039,57.18674245929933,62.8347979069558,65.47441375767487,68.2931149352517,142.29680698076103,152.2936957919787,153.52492010848525,143.15518731966756,144.77037702218226,148.46384197634274,68.17193766927727,72.44839174625017,123.77170027123488,124.4543407969139,124.88122958594124,129.69098356270982,133.48117802017276,136.41681253420887,23.14706279550111,20.497806018430353,17.750287635493134,13.629252766438741,9.761727491593755,3.6253885389747875,0.0,10.939232481007846,125.93395474150121,129.2601919465189,130.24537390495752,39.402812739371974,46.496506708987326,51.30004971844429,55.63095469270725,57.61388029697918,59.07788833007253,114.25254288624559,115.59505806306854,116.3390002651246,116.90391087752269,119.60027379819935,121.96473102978548,110.19618244401242,113.75524313470032,38.37677184514233,40.87985942365882,104.29928341804381,57.88936647486269,59.255247944964545,66.91070097776007,74.34732400430147,69.92797351828351,72.40425642690279,73.26360486533281,69.85468046081148,70.77076178907879,74.84978422098574,82.41964769399502,106.04599516214499,111.04388361628241,113.30599899795504,115.92654588744205,118.89380371243806,120.9369701275888,122.15346016042916,123.76282835944392,129.3534162533957,134.0376500221139,139.77667188999345,144.23046151232631,69.49244924072897,104.30479045597893,110.44596379663622,116.58090413777745,119.67970834359453,121.78436349837096,127.60236356815447,131.6535374629277,135.80719349384478,136.31650196628976,142.0110353493241,143.8536627313386,117.42872695043721,126.6605611169026,131.88433774391268,102.06377949350959,108.38450294893775,113.93691881952958,116.98902989221355,123.11177519150537,123.67338448630025,98.79235238114988,104.97445574489268,105.93794575521973,106.41739335402484,99.80505605599488,104.99548474734587,108.4358348748765,113.88293300140224,117.72388574779212,98.14663046923643,101.2605800513588,102.43463046670122,103.57058469113106,103.9582559436118,105.06228266430296,106.01614953132372,106.497208779234,111.62916183702099,117.87485499310863,146.63170419888468
117,162.46498593149178,162.39697122719926,157.50773805624087,151.72623608875872,148.21096170402006,146.37218303327145,134.40454308213654,127.38842235911586,127.02906181592839,121.9267334258696,115.47297537338575,109.44804010402393,103.30315597167446,96.53037855026162,91.15476770125105,82.73472791512175,77.49266439013466,107.413098210519,110.120789108683,112.75286623521251,117.01248065438239,122.3529366274244,123.30813817683688,129.5930525756175,136.09135827968242,148.29542044178422,156.49976621495404,160.02167824064472,162.53553081998,168.7686762759435,171.58365178803098,176.66589434207643,180.76690361970452,187.76326291844836,195.44285694542793,199.02945601026133,200.00980178487094,121.40934772082865,127.40428066457373,135.25641553351227,138.31418007644226,146.12600636739367,151.82820550456873,153.26580802265224,155.5866604522565,158.9826667832282,164.54502968041498,167.22247080955302,171.3569393364619,173.3869201245483,177.11981779258048,177.65033546429368,181.4352238378128,183.27711770011868,183.56184037220507,162.24837952468818,165.58140262691833,167.32723767067247,154.23435922108717,159.49344184070821,166.8841167084047,136.25463688143637,142.25612049894164,146.65856358212235,151.1132019208407,163.48025239490218,169.99043787125055,172.946112359819,173.33965998800997,170.53153638330446,171.16287699993094,172.0629220030894,147.12196369579686,148.80789400277877,150.76379481825995,153.42028837180004,156.7416081396032,159.08265598191653,147.4635776739041,152.1928424159121,157.5224831167474,72.7940262895783,64.00066793922251,56.161203307460674,50.6543316259647,40.836701544680054,34.23568296145244,39.98590041263655,50.357885580601675,57.09378031611164,63.863677632124784,66.10674090477823,68.12597494030717,73.77403038796365,76.41364623868272,79.23234741625954,153.23603946176885,163.23292827298653,164.46415258949307,154.0944198006754,155.7096095031901,159.40307445735058,79.11117015028512,83.38762422725802,134.71093275224268,135.39357327792172,135.82046206694906,140.63021604371764,144.42041050118058,147.3560450152167,34.086295276508956,31.437038499438202,28.689520116500983,24.56848524744659,20.700959972601602,14.564621019982633,10.939232481007846,0.0,136.87318722250905,140.1994244275267,141.18460638596534,50.342045220379816,57.43573918999517,62.239282199452134,66.5701871737151,68.55311277798702,70.01712081108037,125.19177536725343,126.53429054407637,127.27823274613243,127.84314335853053,130.5395062792072,132.90396351079332,121.13541492502026,124.69447561570816,49.31600432615017,51.819091904666664,115.23851589905165,68.82859895587053,70.19448042597239,77.84993345876791,85.2865564853093,80.86720599929134,83.34348890791063,84.20283734634064,80.79391294181931,81.70999427008663,85.78901670199357,93.35888017500285,116.98522764315284,121.98311609729026,124.24523147896289,126.8657783684499,129.8330361934459,131.87620260859663,133.092692641437,134.70206084045176,140.29264873440354,144.97688250312174,150.71590437100133,155.1696939933342,80.43168172173681,115.24402293698678,121.38519627764407,127.5201366187853,130.6189408246024,132.7235959793788,138.5415960491623,142.5927699439355,146.7464259748526,147.25573444729758,152.95026783033194,154.79289521234645,128.36795943144506,137.59979359791043,142.82357022492053,113.00301197451743,119.3237354299456,124.87615130053743,127.9282623732214,134.05100767251324,134.61261696730813,109.73158486215773,115.91368822590053,116.87717823622758,117.35662583503269,110.74428853700273,115.93471722835372,119.37506735588435,124.82216548241009,128.6631182288,109.08586295024428,112.19981253236665,113.37386294770907,114.50981717213891,114.89748842461965,116.0015151453108,116.95538201233157,117.43644126024185,122.56839431802884,128.81408747411646,157.57093667989253
118,144.3528443737315,144.28482966943898,139.3955964984806,133.61409453099844,130.09882014625978,128.26004147551117,116.29240152437626,109.27628080135558,108.9169202581681,103.81459186810932,97.36083381562547,91.33589854626365,85.19101441391417,78.41823699250133,73.04262614349078,64.62258635736148,59.380522832374396,29.460089011990064,26.752398113826064,24.12032098729655,19.860706568126666,14.52025059508465,13.565049045672168,7.280134646891541,13.778440350956462,25.982502513058254,34.18684828622807,37.70876031191874,40.22261289125402,46.455758347217525,49.27073385930501,54.35297641335046,58.45398569097855,65.4503449897224,73.12993901670198,76.71653808153538,77.696883856145,24.257573634572935,30.252506578318027,38.10464144725655,41.16240599018654,48.97423228113796,54.67643141831303,56.114033936396524,58.434886366000775,61.8308926969725,67.39325559415927,70.07069672329732,74.20516525020619,76.23514603829261,79.96804370632479,80.498561378038,84.28344975155714,86.12534361386302,86.4100662859494,65.09660543843246,68.42962854066263,70.17546358441678,57.082585134831454,62.341667754452494,69.73234262214898,13.941718952710414,19.943202570215675,24.34564565339639,28.800283992114753,41.16733446617622,47.67751994252459,50.63319443109306,51.02674205928402,48.21861845457849,48.84995907120497,49.75000407436342,49.97018960954114,51.65611991652304,53.612020732004225,56.268514285544306,59.58983405334746,61.93088189566081,50.31180358764838,55.041068329656376,60.37070903049166,64.07916093293076,72.87251928328655,80.71198391504839,86.21885559654436,96.036485677829,102.63750426105662,108.38772171224073,118.75970688020585,125.49560161571583,132.26549893172896,134.5085622043824,136.52779623991134,142.1758516875678,144.8154675382869,147.63416871586372,30.923121533042902,40.92001034426059,42.151234660767145,31.78150187194945,33.39669157446415,37.09015652862461,147.51299144988928,151.78944552686218,12.398014823516746,13.080655349195768,13.507544138223109,18.317298114991676,47.26863641492488,50.20427092896099,102.78689194600011,105.43614872307087,108.18366710600809,112.30470197506249,116.17222724990748,122.30856620252645,125.93395474150124,136.87318722250907,0.0,3.3262372050176623,4.311419163456291,118.743866519984,125.83756048959935,130.64110349905633,134.97200847331928,136.95493407759122,138.41894211068455,28.040001280997714,29.382516457820657,30.126458659876715,30.69136927227481,33.38773219295147,35.7521894245376,23.98364083876454,27.54270152945244,104.51578845929913,107.01887603781562,37.28550670052272,77.70045029993457,79.06633177003643,86.72178480283195,94.15840782937335,72.15234064264381,74.62862355126309,75.48797198969311,62.681771384059054,63.59785271232637,67.67687514423332,75.2467386172426,98.87308608539256,103.87097453952998,106.13308992120261,108.75363681068961,111.72089463568562,113.76406105083636,114.98055108367673,116.58991928269148,122.18050717664326,126.86474094536148,132.60376281324105,137.0575524355739,71.71681636508927,97.1318813792265,103.27305471988379,109.40799506102502,112.5067992668421,114.61145442161853,120.42945449140204,124.48062838617524,128.63428441709232,129.1435928895373,134.83812627257166,136.68075365458617,110.25581787368478,119.48765204015017,124.71142866716026,94.89087041675715,101.21159387218532,106.76400974277715,109.81612081546112,115.93886611475294,116.50047540954782,91.61944330439745,97.80154666814025,98.7650366784673,99.2444842772724,92.63214697924245,97.82257567059344,101.26292579812407,106.7100239246498,110.55097667103969,90.973721392484,94.08767097460637,95.26172138994879,96.39767561437863,96.78534686685937,97.88937358755052,98.84324045457129,99.32429970248157,104.45625276026855,110.7019459163562,139.45879512213224
119,147.67908157874916,147.61106687445664,142.72183370349825,136.9403317360161,133.42505735127745,131.58627868052884,119.61863872939392,112.60251800637324,112.24315746318577,107.14082907312698,100.68707102064313,94.66213575128131,88.51725161893184,81.744474197519,76.36886334850844,67.94882356237915,62.70676003739206,32.786326217007726,30.078635318843727,27.446558192314214,23.18694377314433,17.846487800102313,16.89128625068983,10.606371851909202,17.104677555974124,29.308739718075916,37.51308549124573,41.0349975169364,43.548850096271686,49.78199555223519,52.59697106432267,57.679213618368124,61.78022289599621,68.77658219474006,76.45617622171964,80.04277528655304,81.02312106116267,27.583810839590598,33.57874378333569,41.43087865227421,44.488643195204205,52.30046948615562,58.00266862333069,59.440271141414186,61.76112357101844,65.15712990199016,70.71949279917693,73.39693392831498,77.53140245522385,79.56138324331027,83.29428091134245,83.82479858305567,87.6096869565748,89.45158081888069,89.73630349096706,68.42284264345012,71.7558657456803,73.50170078943444,60.40882233984912,65.66790495947016,73.05857982716665,17.267956157728076,23.269439775233337,27.67188285841405,32.12652119713242,44.49357167119389,51.00375714754226,53.95943163611073,54.35297926430169,51.54485565959616,52.17619627622264,53.07624127938109,53.2964268145588,54.9823571215407,56.93825793702189,59.59475149056197,62.91607125836512,65.25711910067848,53.63804079266604,58.36730553467404,63.69694623550932,67.40539813794842,76.19875648830421,84.03822112006605,89.54509280156202,99.36272288284667,105.96374146607428,111.7139589172584,122.08594408522352,128.8218388207335,135.59173613674662,137.83479940940006,139.854033444929,145.50208889258548,148.14170474330456,150.96040592088139,34.249358738060565,44.24624754927825,45.47747186578481,35.107739076967114,36.72292877948181,40.41639373364227,150.83922865490695,155.11568273187984,15.724252028534409,16.406892554213428,16.83378134324077,21.643535320009338,50.59487361994254,53.53050813397865,106.11312915101777,108.76238592808853,111.50990431102575,115.63093918008015,119.49846445492514,125.63480340754411,129.2601919465189,140.19942442752674,3.3262372050176623,0.0,0.9851819584386291,122.07010372500166,129.16379769461702,133.967340704074,138.29824567833694,140.28117128260888,141.74517931570222,31.366238486015376,32.70875366283832,33.45269586489438,34.017606477292475,36.71396939796914,39.07842662955527,27.309878043782202,30.868938734470103,107.8420256643168,110.34511324283328,40.61174390554038,81.02668750495224,82.39256897505409,90.04802200784961,97.48464503439101,75.47857784766147,77.95486075628075,78.81420919471077,66.00800858907671,66.92408991734402,71.00311234925097,78.57297582226025,102.19932329041022,107.19721174454764,109.45932712622027,112.07987401570728,115.04713184070329,117.09029825585402,118.30678828869439,119.91615648770915,125.50674438166092,130.19097815037912,135.93000001825868,140.38378964059154,75.04305357010693,100.45811858424416,106.59929192490145,112.73423226604268,115.83303647185976,117.9376916266362,123.7556916964197,127.8068655911929,131.96052162210998,132.46983009455496,138.16436347758932,140.00699085960383,113.58205507870244,122.81388924516783,128.0376658721779,98.21710762177482,104.53783107720298,110.09024694779481,113.14235802047878,119.2651033197706,119.82671261456548,94.94568050941511,101.12778387315791,102.09127388348496,102.57072148229007,95.95838418426011,101.1488128756111,104.58916300314173,110.03626112966747,113.87721387605735,94.29995859750166,97.41390817962403,98.58795859496645,99.72391281939629,100.11158407187703,101.21561079256819,102.16947765958895,102.65053690749923,107.78248996528622,114.02818312137386,142.7850323271499
120,148.6642635371878,148.59624883289527,143.70701566193688,137.92551369445474,134.41023930971608,132.57146063896747,120.60382068783255,113.58769996481188,113.2283394216244,108.12601103156561,101.67225297908176,95.64731770971994,89.50243357737047,82.72965615595763,77.35404530694707,68.93400552081778,63.69194199583069,33.77150817544636,31.063817277282357,28.431740150752844,24.17212573158296,18.831669758540944,17.87646820912846,11.591553810347833,18.089859514412755,30.293921676514547,38.49826744968436,42.02017947537503,44.534032054710316,50.76717751067382,53.582153022761304,58.664395576806754,62.76540485443484,69.76176415317869,77.44135818015828,81.02795724499167,82.0083030196013,28.568992798029228,34.56392574177432,42.41606061071284,45.473825153642835,53.28565144459425,58.98785058176932,60.42545309985282,62.74630552945707,66.14231186042879,71.70467475761556,74.38211588675361,78.51658441366249,80.5465652017489,84.27946286978109,84.8099805414943,88.59486891501344,90.43676277731932,90.72148544940569,69.40802460188876,72.74104770411893,74.48688274787307,61.39400429828775,66.6530869179088,74.04376178560528,18.253138116166706,24.254621733671968,28.65706481685268,33.11170315557105,45.47875362963252,51.98893910598089,54.94461359454936,55.33816122274032,52.53003761803479,53.16137823466127,54.06142323781972,54.28160877299743,55.96753907997933,57.92343989546052,60.5799334490006,63.90125321680375,66.24230105911711,54.62322275110467,59.35248749311267,64.68212819394795,68.39058009638705,77.18393844674284,85.02340307850469,90.53027476000065,100.3479048412853,106.94892342451291,112.69914087569703,123.07112604366215,129.80702077917212,136.57691809518525,138.8199813678387,140.83921540336763,146.4872708510241,149.1268867017432,151.94558787932002,35.234540696499195,45.23142950771688,46.46265382422344,36.092921035405745,37.70811073792044,41.401575692080904,151.82441061334558,156.10086469031847,16.70943398697304,17.39207451265206,17.8189633016794,22.62871727844797,51.58005557838117,54.51569009241728,107.0983111094564,109.74756788652716,112.49508626946438,116.61612113851878,120.48364641336377,126.61998536598274,130.24537390495752,141.18460638596537,4.311419163456291,0.9851819584386291,0.0,123.05528568344029,130.14897965305565,134.95252266251262,139.28342763677557,141.2663532410475,142.73036127414085,32.35142044445401,33.69393562127695,34.43787782333301,35.002788435731105,37.69915135640777,40.0636085879939,28.295060002220833,31.854120692908733,108.82720762275542,111.33029520127191,41.59692586397901,82.01186946339087,83.37775093349272,91.03320396628824,98.46982699282964,76.4637598061001,78.94004271471938,79.7993911531494,66.99319054751534,67.90927187578265,71.9882943076896,79.55815778069888,103.18450524884885,108.18239370298627,110.4445090846589,113.0650559741459,116.03231379914192,118.07548021429265,119.29197024713302,120.90133844614778,126.49192634009955,131.17616010881775,136.91518197669734,141.3689715990302,76.02823552854557,101.44330054268279,107.58447388334008,113.71941422448131,116.81821843029839,118.92287358507483,124.74087365485833,128.79204754963155,132.94570358054864,133.45501205299362,139.14954543602795,140.99217281804246,114.56723703714107,123.79907120360646,129.02284783061654,99.20228958021345,105.52301303564161,111.07542890623344,114.12753997891741,120.25028527820923,120.81189457300411,95.93086246785374,102.11296583159654,103.07645584192359,103.5559034407287,96.94356614269874,102.13399483404973,105.57434496158037,111.0214430881061,114.86239583449598,95.28514055594029,98.39909013806266,99.57314055340508,100.70909477783492,101.09676603031566,102.20079275100682,103.15465961802758,103.63571886593786,108.76767192372485,115.01336507981249,143.77021428558854
121,144.33566522896672,144.2676505246742,139.3784173537158,133.59691538623366,130.081641001495,128.2428623307464,116.27522237961148,109.2591016565908,108.89974111340332,103.79741272334454,97.34365467086069,91.31871940149887,85.1738352691494,78.40105784773655,73.02544699872598,64.60540721259669,59.3633436876096,89.28377750799393,91.99146840615794,94.62354553268744,98.88315995185732,104.22361592489933,105.17881747431181,111.46373187309244,117.96203757715736,130.16609973925915,138.37044551242897,141.89235753811965,144.40621011745495,150.63935557341844,153.4543310855059,158.53657363955136,162.63758291717946,169.6339422159233,177.31353624290287,180.90013530773626,181.88048108234588,103.28002701830358,109.27495996204867,117.12709483098719,120.18485937391719,127.99668566486861,133.69888480204366,135.13648732012717,137.45733974973143,140.85334608070315,146.41570897788992,149.09315010702795,153.22761863393683,155.25759942202325,158.99049709005544,159.52101476176864,163.30590313528776,165.14779699759364,165.43251966968003,144.1190588221631,147.45208192439327,149.1979169681474,136.1050385185621,141.36412113818315,148.75479600587963,118.12531617891132,124.12679979641658,128.5292428795973,132.98388121831564,145.35093169237712,151.86111716872549,154.81679165729395,155.2103392854849,152.4022156807794,153.03355629740588,153.93360130056433,128.9926429932718,130.6785733002537,132.6344741157349,135.29096766927498,138.61228743707812,140.95333527939147,129.33425697137903,134.06352171338705,139.39316241422233,54.664705587053234,45.871347236697446,38.03188260493561,32.52501092343964,22.70738084215499,16.106362258927376,10.356144807743261,20.728129975708384,27.46402471121835,34.23392202723149,36.47698529988494,38.496219335413876,44.144274783070344,46.78389063378941,49.60259181136623,135.1067187592438,145.10360757046146,146.334831886968,135.96509909815035,137.58028880066504,141.27375375482552,49.481414545391814,53.75786862236471,116.58161204971765,117.26425257539667,117.69114136442401,122.50089534119257,126.29108979865552,129.22672431269163,16.255749943870864,18.90500672094162,21.65252510387884,25.773559972933235,29.64108524777822,35.77742420039719,39.40281273937198,50.34204522037983,118.74386651998398,122.07010372500164,123.05528568344027,0.0,7.093693969615353,11.897236979072318,16.228141953335275,18.211067557607205,19.675075590700555,107.06245466472836,108.4049698415513,109.14891204360737,109.71382265600546,112.41018557668212,114.77464280826825,103.0060942224952,106.5651549131831,31.186683623625107,33.6897712021416,97.10919519652658,50.69927825334546,52.065159723447316,59.72061275624284,67.15723578278424,62.73788529676628,65.21416820538556,66.07351664381558,62.66459223929426,63.580673567561576,67.65969599946852,75.2295594724778,98.85590694062778,103.8537953947652,106.11591077643783,108.73645766592483,111.70371549092084,113.74688190607158,114.96337193891195,116.5727401379267,122.16332803187848,126.8475618005967,132.58658366847627,137.04037329080913,62.302361019211745,97.11470223446172,103.255875575119,109.39081591626024,112.48962012207731,114.59427527685375,120.41227534663726,124.46344924141046,128.61710527232754,129.12641374477252,134.82094712780687,136.6635745098214,110.23863872892,119.47047289538538,124.69424952239548,94.87369127199237,101.19441472742054,106.74683059801237,109.79894167069634,115.92168696998816,116.48329626478304,91.60226415963267,97.78436752337547,98.74785753370251,99.22730513250762,92.61496783447767,97.80539652582866,101.24574665335929,106.69284477988502,110.53379752627491,90.95654224771921,94.07049182984159,95.24454224518401,96.38049646961385,96.76816772209459,97.87219444278574,98.8260613098065,99.30712055771679,104.43907361550377,110.68476677159141,139.44161597736746
122,151.42935919858206,151.36134449428954,146.47211132333115,140.690609355849,137.17533497111035,135.33655630036174,123.36891634922682,116.35279562620615,115.99343508301867,110.89110669295988,104.43734864047603,98.41241337111421,92.26752923876474,85.4947518173519,80.11914096834134,71.69910118221205,66.45703765722496,96.37747147760929,99.0851623757733,101.7172395023028,105.97685392147268,111.3173098945147,112.27251144392717,118.5574258427078,125.05573154677272,137.2597937088745,145.46413948204432,148.986051507735,151.4999040870703,157.7330495430338,160.54802505512126,165.6302676091667,169.7312768867948,176.72763618553864,184.40723021251821,187.9938292773516,188.97417505196123,110.37372098791894,116.36865393166403,124.22078880060255,127.27855334353255,135.09037963448395,140.792578771659,142.23018128974252,144.55103371934678,147.9470400503185,153.50940294750527,156.1868440766433,160.32131260355217,162.3512933916386,166.0841910596708,166.61470873138398,170.3995971049031,172.241490967209,172.52621363929538,151.21275279177846,154.5457758940086,156.29161093776275,143.19873248817746,148.4578151077985,155.84848997549497,125.21901014852668,131.22049376603195,135.62293684921266,140.07757518793102,152.4446256619925,158.95481113834086,161.91048562690932,162.30403325510028,159.49590965039476,160.12725026702125,161.0272952701797,136.08633696288715,137.77226726986905,139.72816808535023,142.38466163889032,145.70598140669347,148.0470292490068,136.42795094099438,141.1572156830024,146.48685638383768,61.75839955666859,52.965041206312804,45.12557657455096,39.61870489305499,29.80107481177034,23.200056228542728,17.449838777358615,27.82182394532374,34.55771868083371,41.32761599684685,43.570679269500296,45.589913305029235,51.2379687526857,53.87758460340477,56.69628578098159,142.20041272885916,152.19730154007684,153.42852585658338,143.0587930677657,144.6739827702804,148.36744772444086,56.57510851500717,60.85156259198007,123.67530601933301,124.35794654501203,124.78483533403937,129.59458931080795,133.3847837682709,136.320418282307,23.349443913486216,25.998700690556973,28.746219073494192,32.86725394254859,36.73477921739357,42.87111817001254,46.496506708987326,57.435739189995175,125.83756048959934,129.16379769461702,130.14897965305565,7.093693969615353,0.0,4.8035430094569636,9.134447983719921,11.117373587991853,12.581381621085201,114.15614863434372,115.49866381116667,116.24260601322273,116.80751662562082,119.50387954629748,121.86833677788361,110.09978819211055,113.65884888279845,38.28037759324046,40.78346517175695,104.20288916614194,57.79297222296082,59.158853693062674,66.8143067258582,74.2509297523996,69.83157926638164,72.30786217500092,73.16721061343094,69.75828620890961,70.67436753717692,74.75338996908387,82.32325344209315,105.94960091024312,110.94748936438054,113.20960474605317,115.83015163554018,118.79740946053619,120.84057587568692,122.05706590852729,123.66643410754205,129.25702200149382,133.94125577021202,139.68027763809158,144.13406726042444,69.3960549888271,104.20839620407706,110.34956954473435,116.48450988587558,119.58331409169266,121.6879692464691,127.5059693162526,131.55714321102582,135.7107992419429,136.2201077143879,141.91464109742222,143.75726847943673,117.33233269853534,126.56416686500073,131.7879434920108,101.96738524160772,108.28810869703588,113.84052456762771,116.89263564031168,123.0153809396035,123.57699023439838,98.69595812924801,104.87806149299081,105.84155150331786,106.32099910212297,99.70866180409301,104.899090495444,108.33944062297464,113.78653874950037,117.62749149589025,98.05023621733456,101.16418579945693,102.33823621479935,103.47419043922919,103.86186169170993,104.96588841240109,105.91975527942185,106.40081452733213,111.53276758511912,117.77846074120676,146.5353099469828
123,156.23290220803904,156.1648875037465,151.27565433278812,145.49415236530598,141.97887798056732,140.1400993098187,128.1724593586838,121.15633863566312,120.79697809247564,115.69464970241685,109.240891649933,103.21595638057119,97.07107224822171,90.29829482680887,84.9226839777983,76.502644191669,71.26058066668192,101.18101448706625,103.88870538523025,106.52078251175976,110.78039693092964,116.12085290397165,117.07605445338413,123.36096885216476,129.85927455622968,142.06333671833147,150.2676824915013,153.78959451719197,156.30344709652726,162.53659255249076,165.35156806457823,170.43381061862368,174.53481989625178,181.53117919499562,189.2107732219752,192.79737228680858,193.7777180614182,115.1772639973759,121.17219694112099,129.02433181005952,132.0820963529895,139.89392264394093,145.59612178111598,147.0337242991995,149.35457672880375,152.75058305977547,158.31294595696224,160.99038708610027,165.12485561300915,167.15483640109557,170.88773406912776,171.41825174084096,175.20314011436008,177.04503397666596,177.32975664875235,156.01629580123543,159.3493189034656,161.09515394721973,148.00227549763443,153.26135811725547,160.65203298495194,130.02255315798362,136.0240367754889,140.4264798586696,144.88111819738796,157.24816867144943,163.7583541477978,166.71402863636627,167.10757626455722,164.2994526598517,164.9307932764782,165.83083827963665,140.88987997234412,142.57581027932602,144.5317110948072,147.1882046483473,150.50952441615044,152.85057225846379,141.23149395045135,145.96075869245936,151.29039939329465,66.56194256612555,57.76858421576976,49.92911958400793,44.422247902511955,34.60461782122731,28.003599237999694,22.25338178681558,32.6253669547807,39.36126169029067,46.13115900630381,48.374222278957255,50.393456314486194,56.04151176214266,58.68112761286173,61.49982879043855,147.0039557383161,157.00084454953378,158.23206886604032,147.86233607722266,149.47752577973736,153.17099073389784,61.37865152446413,65.65510560143703,128.47884902878997,129.161489554469,129.58837834349634,134.39813232026492,138.18832677772784,141.12396129176395,28.15298692294318,30.80224370001394,33.549762082951155,37.670796952005546,41.53832222685053,47.674661179469496,51.300049718444285,62.239282199452134,130.6411034990563,133.96734070407396,134.9525226625126,11.897236979072318,4.8035430094569636,0.0,4.330904974262958,6.31383057853489,7.777838611628239,118.95969164380068,120.30220682062362,121.04614902267969,121.61105963507778,124.30742255575444,126.67187978734057,114.90333120156751,118.46239189225541,43.083920602697425,45.58700818121392,109.0064321755989,62.59651523241778,63.962396702519634,71.61784973531516,79.05447276185656,74.6351222758386,77.11140518445788,77.9707536228879,74.56182921836657,75.47791054663388,79.55693297854083,87.1267964515501,110.7531439197001,115.75103237383752,118.01314775551015,120.63369464499715,123.60095246999316,125.6441188851439,126.86060891798427,128.46997711699902,134.0605650109508,138.744798779669,144.48382064754855,148.93761026988142,74.19959799828406,109.01193921353403,115.15311255419132,121.28805289533256,124.38685710114963,126.49151225592607,132.30951232570956,136.36068622048276,140.51434225139985,141.02365072384484,146.7181841068792,148.5608114888937,122.13587570799231,131.3677098744577,136.59148650146778,106.77092825106469,113.09165170649285,118.64406757708468,121.69617864976865,127.81892394906048,128.38053324385535,103.49950113870499,109.68160450244778,110.64509451277483,111.12454211157994,104.51220481354999,109.70263350490097,113.14298363243161,118.59008175895734,122.43103450534723,102.85377922679153,105.9677288089139,107.14177922425633,108.27773344868616,108.6654047011669,109.76943142185806,110.72329828887882,111.2043575367891,116.33631059457609,122.58200375066373,151.33885295643978
124,160.56380718230199,160.49579247800946,155.60655930705107,149.82505733956893,146.30978295483027,144.47100428408166,132.50336433294675,125.48724360992607,125.12788306673859,120.0255546766798,113.57179662419595,107.54686135483414,101.40197722248466,94.62919980107182,89.25358895206126,80.83354916593197,75.59148564094488,105.51191946132921,108.21961035949322,110.85168748602273,115.1113019051926,120.45175787823462,121.4069594276471,127.69187382642772,134.19017953049266,146.39424169259445,154.59858746576427,158.12049949145495,160.63435207079024,166.86749752675374,169.6824730388412,174.76471559288666,178.86572487051475,185.8620841692586,193.54167819623817,197.12827726107156,198.10862303568118,119.50816897163887,125.50310191538395,133.35523678432247,136.41300132725246,144.22482761820388,149.92702675537893,151.36462927346244,153.6854817030667,157.08148803403841,162.6438509312252,165.32129206036322,169.4557605872721,171.48574137535851,175.21863904339068,175.74915671510388,179.534045088623,181.37593895092888,181.66066162301527,160.34720077549838,163.68022387772854,165.42605892148268,152.33318047189738,157.59226309151842,164.9829379592149,134.3534581322466,140.35494174975187,144.7573848329326,149.21202317165094,161.5790736457124,168.08925912206078,171.04493361062924,171.4384812388202,168.6303576341147,169.26169825074118,170.16174325389963,145.22078494660707,146.90671525358897,148.86261606907016,151.51910962261024,154.8404293904134,157.18147723272673,145.5623989247143,150.29166366672231,155.6213043675576,70.89284754038852,62.09948919003273,54.260024558270885,48.75315287677491,38.935522795490265,32.33450421226265,26.584286761078538,36.956271929043666,43.69216666455363,50.462063980566775,52.70512725322022,54.72436128874916,60.372416736405626,63.01203258712469,65.83073376470152,151.3348607125791,161.33174952379676,162.5629738403033,152.19324105148564,153.80843075400034,157.50189570816082,65.7095564987271,69.98601057569999,132.80975400305294,133.49239452873198,133.91928331775932,138.7290372945279,142.5192317519908,145.4548662660269,32.483891897206135,35.13314867427689,37.880667057214104,42.001701926268495,45.86922720111348,52.005566153732445,55.630954692707235,66.57018717371508,134.97200847331928,138.29824567833694,139.28342763677557,16.228141953335275,9.134447983719921,4.330904974262958,0.0,1.9829256042719317,3.44693363736528,123.29059661806365,124.63311179488659,125.37705399694265,125.94196460934074,128.6383275300174,131.00278476160352,119.23423617583047,122.79329686651838,47.41482557696038,49.917913155476874,113.33733714986187,66.92742020668075,68.2933016767826,75.94875470957813,83.38537773611952,78.96602725010156,81.44231015872084,82.30165859715086,78.89273419262953,79.80881552089684,83.88783795280379,91.45770142581307,115.08404889396304,120.08193734810047,122.3440527297731,124.9645996192601,127.93185744425611,129.97502385940683,131.1915138922472,132.80088209126197,138.39146998521375,143.07570375393195,148.81472562181153,153.2685152441444,78.53050297254703,113.34284418779698,119.48401752845427,125.6189578695955,128.7177620754126,130.82241723018902,136.6404172999725,140.6915911947457,144.8452472256628,145.3545556981078,151.04908908114214,152.89171646315665,126.46678068225526,135.69861484872064,140.92239147573073,111.10183322532764,117.4225566807558,122.97497255134763,126.0270836240316,132.14982892332344,132.71143821811833,107.83040611296794,114.01250947671073,114.97599948703778,115.45544708584289,108.84310978781293,114.03353847916392,117.47388860669456,122.92098673322029,126.76193947961018,107.18468420105448,110.29863378317685,111.47268419851927,112.60863842294911,112.99630967542986,114.10033639612101,115.05420326314177,115.53526251105205,120.66721556883904,126.91290872492668,155.66975793070273
125,162.54673278657393,162.4787180822814,157.589484911323,151.80798294384087,148.2927085591022,146.4539298883536,134.4862899372187,127.47016921419801,127.11080867101053,122.00848028095174,115.5547222284679,109.52978695910608,103.3849028267566,96.61212540534376,91.23651455633319,82.8164747702039,77.57441124521681,107.49484506560114,110.20253596376514,112.83461309029465,117.09422750946453,122.43468348250654,123.38988503191902,129.67479943069964,136.17310513476457,148.37716729686636,156.58151307003618,160.10342509572686,162.61727767506216,168.85042313102565,171.66539864311312,176.74764119715857,180.84865047478667,187.8450097735305,195.52460380051008,199.11120286534347,200.0915486399531,121.4910945759108,127.48602751965588,135.3381623885944,138.3959269315244,146.20775322247582,151.90995235965087,153.34755487773438,155.66840730733864,159.06441363831036,164.62677653549713,167.30421766463516,171.43868619154404,173.46866697963046,177.20156464766262,177.73208231937582,181.51697069289494,183.35886455520082,183.6435872272872,162.33012637977032,165.66314948200048,167.40898452575462,154.31610607616932,159.57518869579036,166.96586356348683,136.3363837365185,142.33786735402379,146.7403104372045,151.19494877592285,163.56199924998432,170.0721847263327,173.02785921490116,173.42140684309211,170.6132832383866,171.2446238550131,172.14466885817154,147.203710550879,148.8896408578609,150.8455416733421,153.50203522688219,156.82335499468533,159.16440283699868,147.54532452898624,152.27458927099426,157.60422997182954,72.87577314466044,64.08241479430465,56.24295016254282,50.736078481046846,40.9184483997622,34.317429816534585,28.56721236535047,38.93919753331559,45.67509226882556,52.4449895848387,54.688052857492146,56.707286893021084,62.35534234067755,64.99495819139662,67.81365936897345,153.317786316851,163.31467512806867,164.5458994445752,154.17616665575756,155.79135635827225,159.48482131243273,67.69248210299902,71.96893617997192,134.79267960732483,135.47532013300386,135.9022089220312,140.71196289879978,144.50215735626273,147.43779187029884,34.46681750147807,37.11607427854882,39.86359266148604,43.98462753054043,47.852152805385415,53.988491758004386,57.613880296979175,68.55311277798702,136.9549340775912,140.28117128260885,141.26635324104748,18.21106755760721,11.117373587991853,6.31383057853489,1.9829256042719317,0.0,1.4640080330933487,125.27352222233557,126.61603739915851,127.35997960121458,127.92489021361267,130.62125313428933,132.98571036587546,121.2171617801024,124.7762224707903,49.397751181232316,51.90083875974881,115.3202627541338,68.91034581095268,70.27622728105453,77.93168031385005,85.36830334039145,80.94895285437349,83.42523576299277,84.28458420142279,80.87565979690146,81.79174112516877,85.87076355707572,93.440627030085,117.06697449823498,122.06486295237241,124.32697833404504,126.94752522353204,129.91478304852805,131.95794946367877,133.17443949651914,134.7838076955339,140.3743955894857,145.0586293582039,150.79765122608347,155.25144084841634,80.51342857681895,115.32576979206893,121.46694313272621,127.60188347386745,130.70068767968453,132.80534283446096,138.62334290424445,142.67451679901765,146.82817282993474,147.33748130237973,153.03201468541408,154.8746420674286,128.4497062865272,137.68154045299258,142.90531708000267,113.08475882959958,119.40548228502774,124.95789815561957,128.01000922830355,134.13275452759538,134.69436382239027,109.81333171723988,115.99543508098267,116.95892509130972,117.43837269011483,110.82603539208488,116.01646408343586,119.4568142109665,124.90391233749223,128.74486508388213,109.16760980532642,112.2815593874488,113.45560980279122,114.59156402722105,114.9792352797018,116.08326200039295,117.03712886741371,117.518188115324,122.65014117311098,128.8958343291986,157.65268353497467
126,164.01074081966726,163.94272611537474,159.05349294441635,153.2719909769342,149.75671659219554,147.91793792144693,135.95029797031202,128.93417724729136,128.57481670410388,123.47248831404508,117.01873026156123,110.99379499219941,104.84891085984994,98.0761334384371,92.70052258942654,84.28048280329725,79.03841927831016,108.95885309869449,111.6665439968585,114.298621123388,118.55823554255788,123.8986915155999,124.85389306501237,131.138807463793,137.63711316785793,149.84117532995973,158.04552110312954,161.56743312882023,164.08128570815552,170.31443116411901,173.1294066762065,178.21164923025194,182.31265850788003,189.30901780662387,196.98861183360344,200.57521089843684,201.55555667304645,122.95510260900414,128.95003555274923,136.80217042168775,139.85993496461774,147.67176125556915,153.3739603927442,154.81156291082772,157.13241534043198,160.5284216714037,166.09078456859046,168.7682256977285,172.90269422463737,174.9326750127238,178.665572680756,179.19609035246918,182.9809787259883,184.8228725882942,185.10759526038058,163.79413441286366,167.1271575150938,168.87299255884795,155.78011410926266,161.0391967288837,168.42987159658017,137.80039176961188,143.80187538711715,148.20431847029786,152.65895680901622,165.0260072830777,171.53619275942606,174.49186724799452,174.88541487618548,172.07729127147996,172.70863188810645,173.6086768912649,148.66771858397234,150.35364889095425,152.30954970643543,154.96604325997552,158.28736302777867,160.628410870092,149.00933256207958,153.7385973040876,159.06823800492288,74.33978117775379,65.546422827398,57.70695819563616,52.20008651414019,42.38245643285554,35.78143784962793,30.031220398443814,40.40320556640894,47.13910030191891,53.90899761793205,56.152060890585496,58.171294926114435,63.8193503737709,66.45896622448997,69.2776674020668,154.78179434994436,164.77868316116204,166.00990747766858,155.64017468885092,157.25536439136562,160.9488293455261,69.15649013609237,73.43294421306527,136.2566876404182,136.93932816609723,137.36621695512457,142.17597093189315,145.96616538935606,148.90179990339217,35.93082553457141,38.580082311642165,41.32760069457938,45.44863556363377,49.31616083847876,55.45249979109772,59.07788833007251,70.01712081108036,138.41894211068455,141.74517931570222,142.73036127414085,19.675075590700555,12.581381621085201,7.777838611628238,3.44693363736528,1.4640080330933487,0.0,126.73753025542892,128.08004543225186,128.8239876343079,129.38889824670602,132.08526116738267,134.4497183989688,122.68116981319575,126.24023050388365,50.86175921432566,53.36484679284215,116.78427078722714,70.37435384404603,71.74023531414788,79.3956883469434,86.8323113734848,82.41296088746684,84.88924379608612,85.74859223451614,82.33966782999481,83.25574915826212,87.33477159016907,94.90463506317835,118.53098253132832,123.52887098546574,125.79098636713837,128.41153325662538,131.3787910816214,133.4219574967721,134.63844752961248,136.24781572862724,141.83840362257902,146.52263739129722,152.26165925917678,156.71544888150964,81.9774366099123,116.78977782516226,122.93095116581955,129.06589150696078,132.16469571277787,134.2693508675543,140.0873509373378,144.138524832111,148.29218086302808,148.80148933547306,154.49602271850742,156.33865010052193,129.91371431962054,139.14554848608591,144.369325113096,114.54876686269291,120.86949031812108,126.42190618871291,129.47401726139688,135.59676256068872,136.1583718554836,111.27733975033321,117.45944311407601,118.42293312440306,118.90238072320817,112.29004342517821,117.4804721165292,120.92082224405983,126.36792037058557,130.20887311697544,110.63161783841976,113.74556742054213,114.91961783588455,116.05557206031439,116.44324331279513,117.54727003348629,118.50113690050705,118.98219614841733,124.11414920620432,130.35984236229194,159.116691568068
127,132.67143251847588,132.60341781418336,127.71418464322497,121.93268267574281,118.41740829100415,116.57862962025555,104.61098966912064,97.59486894609996,97.23550840291249,92.1331800128537,85.67942196036985,79.65448669100803,73.50960255865856,66.73682513724572,61.36121428823516,52.941174502105866,47.69911097711878,17.778677156734442,15.070986258570445,12.43890913204093,8.179294712871046,13.51975068591306,14.474952235325542,20.759866634106167,27.25817233817109,39.462234500272885,47.6665802734427,51.188492299133365,53.70234487846865,59.93549033443215,62.75046584651963,67.83270840056508,71.93371767819318,78.93007697693702,86.6096710039166,90.19627006875,91.17661584335963,12.576161779317314,18.571094723062405,26.42322959200093,29.480994134930924,37.29282042588234,42.99501956305741,44.432622081140906,46.75347451074516,50.14948084171688,55.711843738903646,58.389284868041685,62.52375339495055,64.55373418303698,68.28663185106916,68.81714952278237,72.60203789630151,74.44393175860739,74.72865443069377,53.41519358317685,56.748216685407016,58.49405172916116,45.401173279575836,50.660255899196876,58.05093076689336,27.42145093992504,33.4229345574303,37.825377640611016,42.280015979329384,54.64706645339085,61.15725192973922,64.1129264183077,64.50647404649865,61.69835044179312,62.3296910584196,63.229736061578045,38.28877775428552,39.97470806126742,41.93060887674861,44.58710243028869,47.90842219809184,50.24947004040519,38.63039173239276,43.35965647440076,48.68929717523604,52.397749077675144,61.19110742803093,69.03057205979277,74.53744374128874,84.35507382257339,90.956092405801,96.70630985698511,107.07829502495024,113.81418976046021,120.58408707647335,122.8271503491268,124.84638438465574,130.4944398323122,133.13405568303128,135.9527568606081,44.40285352025753,54.39974233147522,55.63096664798177,45.26123385916408,46.87642356167878,50.56988851583924,135.83157959463367,140.10803367160656,25.877746810731374,26.560387336410393,26.987276125437734,31.797030102206303,35.58722455966926,38.52285907370537,91.10548009074449,93.75473686781525,96.50225525075247,100.62329011980687,104.49081539465186,110.62715434727083,114.25254288624562,125.19177536725347,28.040001280997707,31.36623848601537,32.351420444454,107.06245466472838,114.15614863434374,118.9596916438007,123.29059661806366,125.27352222233559,126.73753025542894,0.0,1.3425151768229437,2.086457378879002,2.6513679912770973,5.347730911953757,7.712188143539885,12.302228983508918,15.861289674196819,92.83437660404351,95.33746418256,25.604094845267092,66.01903844467896,67.38491991478081,75.04037294757633,82.47699597411773,60.47092878738819,62.947211696007464,63.80656013443749,51.000359528803436,51.916440857070754,55.9954632889777,63.56532676198698,87.19167423013694,92.18956268427436,94.451678065947,97.072224955434,100.03948278043,102.08264919558074,103.29913922842111,104.90850742743586,110.49909532138764,115.18332909010586,120.92235095798543,125.37614058031829,60.035404509833654,85.45046952397088,91.59164286462817,97.7265832057694,100.82538741158648,102.93004256636291,108.74804263614642,112.79921653091962,116.95287256183671,117.4621810342817,123.15671441731604,124.99934179933055,98.57440601842916,107.80624018489455,113.03001681190464,83.20945856150153,89.5301820169297,95.08259788752153,98.1347089602055,104.25745425949732,104.8190635542922,79.93803144914183,86.12013481288463,87.08362482321168,87.56307242201679,80.95073512398683,86.14116381533782,89.58151394286845,95.02861206939419,98.86956481578407,79.29230953722838,82.40625911935075,83.58030953469317,84.71626375912301,85.10393501160375,86.2079617322949,87.16182859931567,87.64288784722595,92.77484090501294,99.02053406110058,127.7773832668766
128,134.01394769529884,133.94593299100632,129.05669982004792,123.27519785256577,119.75992346782711,117.92114479707851,105.9535048459436,98.93738412292292,98.57802357973544,93.47569518967666,87.02193713719281,80.99700186783099,74.85211773548151,68.07934031406867,62.7037294650581,54.28368967892881,49.04162615394172,19.12119233355739,16.41350143539339,13.781424308863876,9.52180988969399,14.862265862736004,15.817467412148485,22.10238181092911,28.600687514994032,40.80474967709583,49.00909545026564,52.53100747595631,55.04486005529159,61.278005511255095,64.09298102334257,69.17522357738802,73.27623285501612,80.27259215375996,87.95218618073955,91.53878524557294,92.51913102018257,13.91867695614026,19.91360989988535,27.765744768823875,30.82350931175387,38.63533560270528,44.337534739880354,45.77513725796385,48.0959896875681,51.49199601853982,57.05435891572659,59.73180004486463,63.866268571773496,65.89624935985992,69.6291470278921,70.15966469960532,73.94455307312445,75.78644693543033,76.07116960751671,54.757708759999794,58.09073186222996,59.8365669059841,46.74368845639878,52.00277107601982,59.3934459437163,28.763966116747984,34.765449734253245,39.16789281743396,43.62253115615233,55.98958163021379,62.49976710656216,65.45544159513062,65.84898922332158,63.04086561861606,63.67220623524254,64.57225123840098,39.63129293110846,41.317223238090364,43.27312405357155,45.92961760711163,49.250937374914784,51.591985217228135,39.9729069092157,44.7021716512237,50.031812352058985,53.740264254498086,62.533622604853875,70.37308723661572,75.87995891811168,85.69758899939633,92.29860758262394,98.04882503380806,108.42081020177318,115.15670493728315,121.9266022532963,124.16966552594974,126.18889956147868,131.83695500913515,134.47657085985423,137.29527203743106,45.74536869708047,55.74225750829816,56.973481824804715,46.60374903598702,48.21893873850172,51.91240369266218,137.17409477145662,141.45054884842952,27.220261987554316,27.902902513233336,28.329791302260677,33.13954527902924,36.9297397364922,39.86537425052831,92.44799526756744,95.0972520446382,97.84477042757541,101.96580529662981,105.8333305714748,111.96966952409377,115.59505806306856,126.53429054407641,29.38251645782065,32.70875366283831,33.69393562127694,108.40496984155132,115.49866381116668,120.30220682062364,124.6331117948866,126.61603739915853,128.08004543225186,1.3425151768229437,0.0,0.7439422020560582,1.3088528144541534,4.005215735130813,6.369672966716941,13.644744160331864,17.203804851019765,94.17689178086644,96.67997935938293,26.94661002209004,67.3615536215019,68.72743509160375,76.38288812439927,83.81951115094067,61.81344396421113,64.28972687283041,65.14907531126043,52.34287470562638,53.258956033893696,57.337978465800646,64.90784193880992,88.5341894069599,93.53207786109732,95.79419324276995,98.41474013225695,101.38199795725296,103.4251643724037,104.64165440524407,106.25102260425882,111.8416104982106,116.52584426692881,122.26486613480839,126.71865575714125,61.3779196866566,86.79298470079384,92.93415804145113,99.06909838259236,102.16790258840943,104.27255774318587,110.09055781296938,114.14173170774258,118.29538773865967,118.80469621110466,124.499229594139,126.34185697615351,99.91692119525212,109.1487553617175,114.3725319887276,84.55197373832449,90.87269719375266,96.42511306434449,99.47722413702846,105.59996943632028,106.16157873111516,81.28054662596479,87.46264998970759,88.42614000003464,88.90558759883974,82.29325030080979,87.48367899216078,90.92402911969141,96.37112724621714,100.21207999260703,80.63482471405133,83.7487742961737,84.92282471151613,86.05877893594597,86.44645018842671,87.55047690911786,88.50434377613863,88.9854030240489,94.1173560818359,100.36304923792353,129.11989844369955
129,134.7578898973549,134.68987519306236,129.80064202210397,124.01914005462181,120.50386566988315,118.66508699913456,106.69744704799965,99.68132632497897,99.32196578179149,94.2196373917327,87.76587933924885,81.74094406988704,75.59605993753756,68.82328251612472,63.447671667114165,55.02763188098487,49.78556835599778,19.865134535613446,17.157443637449447,14.525366510919934,10.265752091750048,15.606208064792062,16.561409614204543,22.84632401298517,29.344629717050093,41.54869187915189,49.7530376523217,53.27494967801237,55.788802257347655,62.02194771331116,64.83692322539864,69.91916577944409,74.02017505707218,81.01653435581602,88.6961283827956,92.282727447629,93.26307322223863,14.662619158196318,20.65755210194141,28.509686970879933,31.567451513809928,39.379277804761344,45.081476941936415,46.51907946001991,48.83993188962416,52.235938220595884,57.79830111778265,60.47574224692069,64.61021077382956,66.64019156191598,70.37308922994816,70.90360690166138,74.68849527518051,76.5303891374864,76.81511180957277,55.501650962055855,58.83467406428602,60.58050910804016,47.48763065845484,52.74671327807588,60.13738814577236,29.507908318804045,35.50939193630931,39.91183501949002,44.36647335820839,56.73352383226985,63.24370930861822,66.1993837971867,66.59293142537766,63.78480782067212,64.4161484372986,65.31619344045704,40.37523513316452,42.061165440146425,44.01706625562761,46.67355980916769,49.994879576970845,52.3359274192842,40.71684911127176,45.44611385327976,50.775754554115046,54.48420645655415,63.277564806909936,71.11702943867178,76.62390112016774,86.44153120145239,93.04254978468,98.79276723586412,109.16475240382924,115.90064713933921,122.67054445535236,124.9136077280058,126.93284176353474,132.5808972111912,135.22051306191028,138.0392142394871,46.489310899136534,56.48619971035422,57.717424026860776,47.34769123804308,48.96288094055778,52.65634589471824,137.91803697351267,142.19449105048557,27.964204189610378,28.646844715289397,29.07373350431674,33.883487481085304,37.67368193854826,40.60931645258437,93.1919374696235,95.84119424669426,98.58871262963147,102.70974749868587,106.57727277353086,112.71361172614984,116.33900026512462,127.27823274613247,30.12645865987671,33.45269586489437,34.437877823333004,109.14891204360738,116.24260601322274,121.0461490226797,125.37705399694266,127.35997960121459,128.82398763430794,2.086457378879002,0.7439422020560582,0.0,0.5649106123980953,3.2612735330747546,5.625730764660882,14.388686362387922,17.947747053075823,94.92083398292252,97.423921561439,27.690552224146096,68.10549582355796,69.47137729365981,77.12683032645533,84.56345335299673,62.55738616626719,65.03366907488648,65.8930175133165,53.08681690768244,54.00289823594976,58.08192066785671,65.65178414086598,89.27813160901594,94.27602006315337,96.538135444826,99.158682334313,102.12594015930901,104.16910657445975,105.38559660730012,106.99496480631487,112.58555270026665,117.26978646898486,123.00880833686443,127.4625979591973,62.12186188871266,87.53692690284988,93.67810024350717,99.8130405846484,102.91184479046548,105.01649994524192,110.83450001502543,114.88567390979863,119.03932994071572,119.5486384131607,125.24317179619504,127.08579917820956,100.66086339730816,109.89269756377355,115.11647419078365,85.29591594038054,91.6166393958087,97.16905526640053,100.2211663390845,106.34391163837633,106.9055209331712,82.02448882802084,88.20659219176363,89.17008220209068,89.64952980089579,83.03719250286584,88.22762119421682,91.66797132174746,97.11506944827319,100.95602219466308,81.37876691610738,84.49271649822975,85.66676691357218,86.80272113800201,87.19039239048276,88.29441911117391,89.24828597819467,89.72934522610495,94.86129828389194,101.10699143997958,129.8638406457556
130,135.322800509753,135.25478580546047,130.36555263450208,124.58405066701992,121.06877628228126,119.22999761153267,107.26235766039775,100.24623693737708,99.8868763941896,94.78454800413081,88.33078995164696,82.30585468228514,76.16097054993567,69.38819312852283,64.01258227951226,55.592542493382965,50.350478968395876,20.43004514801154,17.72235424984754,15.090277123318028,10.830662704148143,16.171118677190158,17.12632022660264,23.411234625383265,29.909540329448188,42.11360249154998,50.317948264719796,53.83986029041046,56.35371286974575,62.58685832570925,65.40183383779673,70.48407639184218,74.58508566947027,81.58144496821411,89.2610389951937,92.8476380600271,93.82798383463673,15.227529770594412,21.222462714339503,29.074597583278027,32.13236212620802,39.94418841715944,45.64638755433451,47.083990072418004,49.404842502022255,52.80084883299398,58.363211730180744,61.04065285931878,65.17512138622766,67.20510217431408,70.93799984234626,71.46851751405947,75.25340588757861,77.09529974988449,77.38002242197086,56.06656157445395,59.399584676684114,61.145419720438255,48.052541270852934,53.311623890473975,60.70229875817046,30.07281893120214,36.0743025487074,40.476745631888114,44.93138397060648,57.29843444466795,63.808619921016316,66.76429440958478,67.15784203777574,64.34971843307022,64.9810590496967,65.88110405285514,40.94014574556262,42.62607605254452,44.581976868025706,47.238470421565786,50.55979018936894,52.90083803168229,41.28175972366986,46.011024465677856,51.34066516651314,55.04911706895224,63.84247541930803,71.68194005106987,77.18881173256584,87.00644181385049,93.6074603970781,99.35767784826221,109.72966301622733,116.46555775173731,123.23545506775045,125.4785183404039,127.49775237593283,133.1458078235893,135.7854236743084,138.60412485188522,47.05422151153463,57.051110322752315,58.28233463925887,47.91260185044118,49.527791552955875,53.22125650711634,138.48294758591078,142.75940166288368,28.529114802008472,29.21175532768749,29.638644116714833,34.4483980934834,38.23859255094636,41.17422706498247,93.75684808202159,96.40610485909235,99.15362324202957,103.27465811108397,107.14218338592896,113.27852233854793,116.90391087752272,127.84314335853057,30.691369272274805,34.01760647729247,35.0027884357311,109.71382265600548,116.80751662562083,121.6110596350778,125.94196460934076,127.92489021361268,129.38889824670602,2.6513679912770973,1.3088528144541534,0.5649106123980953,0.0,2.6963629206766595,5.060820152262787,14.953596974786016,18.512657665473917,95.4857445953206,97.98883217383708,28.25546283654419,68.67040643595605,70.03628790605791,77.69174093885343,85.12836396539483,63.12229677866529,65.59857968728457,66.45792812571459,53.651727520080534,54.56780884834785,58.6468312802548,66.21669475326408,89.84304222141405,94.84093067555148,97.1030460572241,99.72359294671111,102.69085077170712,104.73401718685786,105.95050721969822,107.55987541871298,113.15046331266475,117.83469708138297,123.57371894926254,128.0275085715954,62.68677250111075,88.101837515248,94.24301085590528,100.37795119704651,103.47675540286359,105.58141055764003,111.39941062742353,115.45058452219673,119.60424055311383,120.11354902555881,125.80808240859315,127.65070979060766,101.22577400970627,110.45760817617166,115.68138480318176,85.86082655277865,92.18155000820681,97.73396587879864,100.78607695148261,106.90882225077443,107.47043154556931,82.58939944041894,88.77150280416174,89.73499281448879,90.2144404132939,83.60210311526394,88.79253180661493,92.23288193414557,97.6799800606713,101.52093280706119,81.94367752850549,85.05762711062786,86.23167752597028,87.36763175040012,87.75530300288086,88.85932972357202,89.81319659059278,90.29425583850306,95.42620889629005,101.67190205237769,130.4287512581537
131,138.01916343042964,137.95114872613712,133.06191555517873,127.28041358769657,123.76513920295791,121.92636053220932,109.9587205810744,102.94259985805373,102.58323931486625,97.48091092480746,91.02715287232361,85.00221760296179,78.85733347061232,72.08455604919948,66.70894520018892,58.28890541405963,53.04684188907254,23.1264080686882,20.4187171705242,17.786640043994687,13.527025624824802,18.867481597866814,19.822683147279296,26.10759754605992,32.60590325012484,44.80996541222663,53.014311185396444,56.53622321108711,59.0500757904224,65.28322124638589,68.09819675847338,73.18043931251883,77.28144859014692,84.27780788889076,91.95740191587035,95.54400098070374,96.52434675531337,17.92389269127107,23.918825635016162,31.770960503954687,34.828725046884685,42.6405513378361,48.34275047501117,49.78035299309467,52.10120542269892,55.49721175367064,61.05957465085741,63.737015779995446,67.87148430690432,69.90146509499074,73.63436276302292,74.16488043473613,77.94976880825527,79.79166267056115,80.07638534264753,58.76292449513061,62.09594759736078,63.84178264111492,50.7489041915296,56.00798681115064,63.39866167884712,32.76918185187879,38.77066546938405,43.17310855256476,47.62774689128313,59.994797365344596,66.50498284169296,69.46065733026143,69.85420495845239,67.04608135374687,67.67742197037335,68.57746697353178,43.63650866623928,45.32243897322118,47.27833978870237,49.93483334224245,53.2561531100456,55.59720095235895,43.97812264434652,48.70738738635452,54.0370280871898,57.745479989628905,66.5388383399847,74.37830297174654,79.8851746532425,89.70280473452715,96.30382331775476,102.05404076893888,112.426025936904,119.16192067241397,125.93181798842711,128.17488126108054,130.19411529660948,135.84217074426596,138.48178659498504,141.30048777256187,49.75058443221128,59.74747324342896,60.97869755993552,50.608964771117826,52.224154473632524,55.917619427792985,141.17931050658743,145.45576458356032,31.225477722685127,31.908118248364147,32.335007037391485,37.14476101416005,40.93495547162302,43.87058998565913,96.45321100269825,99.10246777976901,101.84998616270623,105.97102103176063,109.83854630660562,115.97488525922459,119.60027379819938,130.53950627920722,33.38773219295146,36.71396939796912,37.699151356407754,112.41018557668214,119.5038795462975,124.30742255575446,128.63832753001742,130.62125313428936,132.0852611673827,5.347730911953756,4.005215735130813,3.2612735330747546,2.6963629206766595,0.0,2.3644572315861274,17.649959895462676,21.209020586150576,98.18210751599727,100.68519509451376,30.951825757220853,71.36676935663272,72.73265082673457,80.38810385953009,87.82472688607149,65.81865969934195,68.29494260796123,69.15429104639125,56.3480904407572,57.264171769024514,61.343194200931464,68.91305767394074,92.5394051420907,97.53729359622812,99.79940897790075,102.41995586738776,105.38721369238377,107.4303801075345,108.64687014037487,110.25623833938963,115.8468262333414,120.53106000205962,126.27008186993919,130.72387149227205,65.38313542178741,90.79820043592464,96.93937377658193,103.07431411772316,106.17311832354024,108.27777347831667,114.09577354810018,118.14694744287338,122.30060347379047,122.80991194623546,128.5044453292698,130.3470727112843,103.92213693038292,113.15397109684831,118.3777477238584,88.5571894734553,94.87791292888346,100.43032879947529,103.48243987215926,109.60518517145108,110.16679446624596,85.28576236109559,91.46786572483839,92.43135573516544,92.91080333397055,86.29846603594059,91.48889472729158,94.92924485482222,100.37634298134795,104.21729572773783,84.64004044918214,87.75399003130451,88.92804044664693,90.06399467107677,90.45166592355751,91.55569264424867,92.50955951126943,92.99061875917971,98.1225718169667,104.36826497305434,133.12511417883036
132,140.38362066201574,140.31560595772322,135.42637278676483,129.6448708192827,126.12959643454404,124.29081776379545,112.32317781266053,105.30705708963986,104.94769654645238,99.84536815639359,93.39161010390974,87.36667483454792,81.22179070219845,74.4490132807856,69.07340243177505,60.65336264564576,55.41129912065867,25.49086530027433,22.78317440211033,20.151097275580817,15.891482856410931,21.231938829452943,22.187140378865426,28.47205477764605,34.97036048171097,47.17442264381276,55.378768416982574,58.90068044267324,61.41453302200853,67.64767847797202,70.46265399005951,75.54489654410496,79.64590582173305,86.64226512047689,94.32185914745648,97.90845821228987,98.8888039868995,20.2883499228572,26.283282866602292,34.13541773554081,37.19318227847081,45.00500856942222,50.70720770659729,52.14481022468078,54.46566265428503,57.861668985256756,63.42403188244352,66.10147301158156,70.23594153849044,72.26592232657686,75.99881999460904,76.52933766632225,80.31422603984139,82.15611990214727,82.44084257423364,61.12738172671673,64.46040482894689,66.20623987270103,53.11336142311572,58.37244404273676,65.76311891043323,35.13363908346492,41.13512270097018,45.53756578415089,49.99220412286926,62.359254596930725,68.8694400732791,71.82511456184756,72.21866219003851,69.410538585333,70.04187920195947,70.94192420511791,46.0009658978254,47.686896204807304,49.64279702028849,52.29929057382857,55.620610341631725,57.961658183945076,46.34257987593264,51.07184461794064,56.401485318775926,60.109937221215034,68.90329557157082,76.74276020333267,82.24963188482863,92.06726196611328,98.66828054934089,104.418498000525,114.79048316849013,121.5263779040001,128.29627522001323,130.53933849266667,132.5585725281956,138.2066279758521,140.84624382657117,143.664945004148,52.115041663797406,62.11193047501509,63.34315479152165,52.973422002703956,54.58861170521865,58.282076659379115,143.54376773817356,147.82022181514645,33.58993495427126,34.27257547995028,34.699464268977614,39.50921824574618,43.29941270320914,46.23504721724525,98.81766823428438,101.46692501135514,104.21444339429236,108.33547826334676,112.20300353819175,118.33934249081072,121.96473102978551,132.90396351079335,35.75218942453759,39.07842662955525,40.06360858799388,114.77464280826827,121.86833677788363,126.67187978734059,131.00278476160355,132.9857103658755,134.44971839896883,7.712188143539884,6.369672966716941,5.625730764660882,5.060820152262787,2.3644572315861274,0.0,20.014417127048805,23.573477817736705,100.5465647475834,103.04965232609989,33.31628298880698,73.73122658821885,75.0971080583207,82.75256109111622,90.18918411765762,68.18311693092808,70.65939983954736,71.51874827797738,58.71254767234333,59.628629000610644,63.70765143251759,71.27751490552687,94.90386237367683,99.90175082781425,102.16386620948688,104.78441309897389,107.7516709239699,109.79483733912063,111.011327371961,112.62069557097576,118.21128346492753,122.89551723364575,128.63453910152532,133.08832872385818,67.74759265337354,93.16265766751077,99.30383100816806,105.43877134930929,108.53757555512637,110.6422307099028,116.46023077968631,120.51140467445951,124.6650607053766,125.17436917782159,130.86890256085593,132.71152994287044,106.28659416196905,115.51842832843444,120.74220495544454,90.92164670504143,97.24237016046959,102.79478603106142,105.84689710374539,111.96964240303721,112.53125169783209,87.65021959268172,93.83232295642452,94.79581296675157,95.27526056555668,88.66292326752672,93.85335195887771,97.29370208640835,102.74080021293408,106.58175295932396,87.00449768076827,90.11844726289064,91.29249767823306,92.4284519026629,92.81612315514364,93.9201498758348,94.87401674285556,95.35507599076584,100.48702904855283,106.73272220464047,135.4895714104165
133,128.6150720762427,128.5470573719502,123.6578242009918,117.87632223350964,114.36104784877098,112.52226917802238,100.55462922688747,93.5385085038668,93.17914796067932,88.07681957062053,81.6230615181367,75.59812624877488,69.4532421164254,62.68046469501255,57.30485384600199,48.884814059872696,43.64275053488561,13.72231671450127,11.014625816337272,8.382548689807757,4.122934270637873,9.463390243679886,10.418591793092368,16.703506191872997,23.20181189593792,35.405874058039714,43.61021983120953,47.132131856900195,49.64598443623548,55.87912989219898,58.69410540428646,63.77634795833191,67.87735723596,74.87371653470385,82.55331056168343,86.13990962651683,87.12025540112646,8.519801337084141,14.51473428082923,22.366869149767755,25.42463369269775,33.23645998364916,38.93865912082423,40.37626163890772,42.69711406851197,46.093120399483695,51.65548329667046,54.3329244258085,58.46739295271737,60.497373740803795,64.23027140883597,64.76078908054919,68.54567745406833,70.3875713163742,70.67229398846058,49.358833140943666,52.69185624317383,54.43769128692797,41.34481283734266,46.6038954569637,53.99457032466018,23.36509049769187,29.366574115197132,33.769017198377846,38.223655537096214,50.59070601115768,57.10089148750605,60.056565976074516,60.450113604265475,57.64198999955995,58.27333061618643,59.173375619344874,34.23241731205234,35.91834761903424,37.87424843451543,40.53074198805551,43.852061755858664,46.193109598172015,34.57403129015958,39.30329603216758,44.632936733002865,48.34138863544197,57.13474698579776,64.9742116175596,70.48108329905557,80.29871338034022,86.89973196356783,92.64994941475194,103.02193458271707,109.75782931822704,116.52772663424018,118.77078990689363,120.79002394242256,126.43807939007904,129.0776952407981,131.89639641837493,40.34649307802436,50.343381889242046,51.5746062057486,41.20487341693091,42.82006311944561,46.51352807360607,131.7752191524005,136.0516732293734,21.821386368498203,22.504026894177223,22.930915683204564,27.740669659973133,31.53086411743608,34.46649863147219,87.04911964851132,89.69837642558208,92.4458948085193,96.5669296775737,100.43445495241869,106.57079390503766,110.19618244401245,121.1354149250203,23.983640838764536,27.3098780437822,28.29506000222083,103.00609422249521,110.09978819211057,114.90333120156752,119.23423617583049,121.21716178010242,122.68116981319577,12.302228983508918,13.644744160331863,14.38868636238792,14.953596974786016,17.649959895462676,20.0144171270488,0.0,3.5590606906879008,88.77801616181034,91.28110374032683,21.54773440303392,61.96267800244578,63.32855947254763,70.98401250534316,78.42063553188456,56.41456834515502,58.890851253774294,59.75019969220432,46.943999086570265,47.86008041483758,51.93910284674453,59.50896631975381,83.13531378790378,88.13320224204121,90.39531762371384,93.01586451320084,95.98312233819685,98.02628875334759,99.24277878618796,100.85214698520271,106.44273487915449,111.1269686478727,116.86599051575227,121.31978013808514,55.97904406760048,81.39410908173772,87.53528242239501,93.67022276353624,96.76902696935332,98.87368212412976,104.69168219391327,108.74285608868647,112.89651211960356,113.40582059204854,119.10035397508288,120.9429813570974,94.518045576196,103.74987974266139,108.97365636967149,79.15309811926838,85.47382157469654,91.02623744528837,94.07834851797233,100.20109381726415,100.76270311205903,75.88167100690868,82.06377437065147,83.02726438097852,83.50671197978363,76.89437468175367,82.08480337310466,85.5251535006353,90.97225162716103,94.81320437355092,75.23594909499522,78.34989867711758,79.52394909246001,80.65990331688985,81.0475745693706,82.15160129006175,83.10546815708251,83.5865274049928,88.71848046277978,94.96417361886742,123.72102282464343
134,132.17413276693063,132.1061180626381,127.21688489167971,121.43538292419755,117.9201085394589,116.0813298687103,104.11368991757539,97.09756919455471,96.73820865136723,91.63588026130844,85.1821222088246,79.15718693946278,73.0123028071133,66.23952538570046,60.86391453668989,52.443874750560596,47.20181122557351,17.281377405189172,14.573686507025174,11.94160938049566,7.681994961325774,13.022450934367788,13.977652483780268,20.262566882560897,26.76087258662582,38.964934748727615,47.16928052189743,50.691192547588095,53.20504512692338,59.43819058288688,62.25316609497436,67.33540864901981,71.4364179266479,78.43277722539175,86.11237125237133,89.69897031720473,90.67931609181436,12.078862027772043,18.073794971517135,25.92592984045566,28.983694383385654,36.79552067433707,42.49771981151214,43.935322329595635,46.25617475919989,49.65218109017161,55.214543987358375,57.891985116496414,62.02645364340528,64.05643443149171,67.78933209952389,68.3198497712371,72.10473814475624,73.94663200706212,74.2313546791485,52.91789383163158,56.250916933861745,57.99675197761589,44.903873528030566,50.162956147651606,57.55363101534809,26.92415118837977,32.92563480588503,37.328077889065746,41.782716227784114,54.14976670184558,60.65995217819395,63.61562666676242,64.00917429495338,61.20105069024785,61.83239130687433,62.732436310032774,37.79147800274025,39.47740830972215,41.43330912520334,44.08980267874342,47.41112244654657,49.75217028885992,38.13309198084749,42.86235672285549,48.19199742369077,51.90044932612987,60.69380767648566,68.5332723082475,74.04014398974347,83.85777407102812,90.45879265425573,96.20901010543984,106.58099527340497,113.31689000891494,120.08678732492808,122.32985059758153,124.34908463311046,129.99714008076694,132.63675593148602,135.45545710906285,43.90555376871226,53.90244257992995,55.1336668964365,44.76393410761881,46.37912381013351,50.07258876429397,135.3342798430884,139.6107339200613,25.380447059186103,26.063087584865123,26.489976373892464,31.299730350661033,35.08992480812399,38.0255593221601,90.60818033919922,93.25743711626998,96.0049554992072,100.1259903682616,103.99351564310659,110.12985459572556,113.75524313470035,124.6944756157082,27.542701529452437,30.8689387344701,31.85412069290873,106.56515491318311,113.65884888279847,118.46239189225543,122.79329686651839,124.77622247079032,126.24023050388367,15.86128967419682,17.203804851019765,17.947747053075823,18.512657665473917,21.209020586150576,23.573477817736702,3.5590606906879008,0.0,92.33707685249823,94.84016443101471,25.10679509372182,65.52173869313368,66.88762016323554,74.54307319603106,81.97969622257246,59.97362903584292,62.449911944462194,63.30926038289222,50.503059777258166,51.41914110552548,55.49816353743243,63.06802701044171,86.69437447859168,91.69226293272911,93.95437831440174,96.57492520388874,99.54218302888475,101.58534944403549,102.80183947687586,104.41120767589061,110.00179556984239,114.6860293385606,120.42505120644017,124.87884082877304,59.538104758288384,84.95316977242562,91.09434311308291,97.22928345422415,100.32808766004122,102.43274281481766,108.25074288460117,112.30191677937437,116.45557281029146,116.96488128273644,122.65941466577078,124.5020420477853,98.0771062668839,107.30894043334929,112.53271706035939,82.71215880995628,89.03288226538444,94.58529813597627,97.63740920866024,103.76015450795207,104.32176380274694,79.44073169759658,85.62283506133937,86.58632507166642,87.06577267047153,80.45343537244158,85.64386406379256,89.0842141913232,94.53131231784893,98.37226506423882,78.79500978568312,81.9089593678055,83.08300978314792,84.21896400757775,84.6066352600585,85.71066198074965,86.66452884777041,87.1455880956807,92.27754115346768,98.52323430955532,127.28008351533134
135,130.10758716828184,130.03957246398932,125.15033929303092,119.36883732554877,115.85356294081011,114.01478427006151,102.0471443189266,95.03102359590592,94.67166305271844,89.56933466265966,83.11557661017581,77.09064134081399,70.94575720846451,64.17297978705167,58.79736893804112,50.37732915191182,45.13526562692473,75.05569944730907,77.76339034547307,80.39546747200258,84.65508189117246,89.99553786421447,90.95073941362695,97.23565381240758,103.7339595164725,115.93802167857429,124.1423674517441,127.66427947743476,130.17813205677004,136.41127751273353,139.226253024821,144.30849557886646,148.40950485649455,155.4058641552384,163.08545818221796,166.67205724705136,167.65240302166097,89.05194895761872,95.0468819013638,102.89901677030232,105.95678131323233,113.76860760418374,119.47080674135881,120.90840925944231,123.22926168904657,126.6252680200183,132.18763091720507,134.8650720463431,138.99954057325198,141.0295213613384,144.76241902937056,145.29293670108376,149.07782507460288,150.91971893690877,151.20444160899515,129.89098076147826,133.22400386370842,134.96983890746256,121.87696045787723,127.13604307749827,134.52671794519475,103.89723811822645,109.89872173573171,114.30116481891243,118.7558031576308,131.12285363169227,137.63303910804063,140.5887135966091,140.98226122480006,138.17413762009454,138.80547823672103,139.70552323987948,114.76456493258692,116.45049523956882,118.40639605505001,121.06288960859008,124.38420937639324,126.7252572187066,115.10617891069415,119.83544365270215,125.16508435353744,40.43662752636836,31.643269176012573,23.803804544250735,18.296932862754765,8.479302781470118,15.080321364697731,20.830538815881845,31.20252398384697,37.93841871935694,44.70831603537008,46.951379308023526,48.970613343552465,54.61866879120893,57.258284641928,60.07698581950482,120.87864069855894,130.8755295097766,132.10675382628315,121.73702103746548,123.35221073998018,127.04567569414064,59.9558085535304,64.2322626305033,102.35353398903278,103.0361745147118,103.46306330373915,108.27281728050771,112.06301173797065,114.99864625200676,15.229709049641217,17.878965826711973,20.626484209649192,24.747519078703586,28.615044353548573,34.75138330616754,38.37677184514233,49.31600432615018,104.51578845929912,107.84202566431678,108.82720762275541,31.186683623625107,38.28037759324046,43.083920602697425,47.41482557696038,49.397751181232316,50.861759214325666,92.8343766040435,94.17689178086644,94.9208339829225,95.4857445953206,98.18210751599726,100.54656474758339,88.77801616181033,92.33707685249823,0.0,2.5030875785164914,82.88111713584172,36.47120019266059,37.837081662762444,45.492534695557964,52.929157722099355,48.50980723608141,50.98609014470068,51.84543858313071,48.436514178609386,49.3525955068767,53.43161793878365,61.00148141179293,84.6278288799429,89.62571733408032,91.88783271575295,94.50837960523995,97.47563743023596,99.5188038453867,100.73529387822707,102.34466207724182,107.9352499711936,112.61948373991181,118.35850560779139,122.81229523012425,48.07428295852687,82.88662417377684,89.02779751443413,95.16273785557536,98.26154206139243,100.36619721616887,106.18419728595238,110.23537118072558,114.38902721164267,114.89833568408766,120.592869067122,122.43549644913651,96.01056066823512,105.2423948347005,110.4661714617106,80.64561321130749,86.96633666673566,92.51875253732749,95.57086361001146,101.69360890930328,102.25521820409816,77.37418609894779,83.55628946269059,84.51977947301764,84.99922707182274,78.38688977379279,83.57731846514378,87.01766859267441,92.46476671920014,96.30571946559003,76.72846418703433,79.8424137691567,81.01646418449913,82.15241840892897,82.54008966140971,83.64411638210086,84.59798324912163,85.0790424970319,90.2109955548189,96.45668871090653,125.21353791668255
136,132.61067474679834,132.54266004250582,127.65342687154742,121.87192490406527,118.3566505193266,116.51787184857801,104.5502318974431,97.53411117442242,97.17475063123494,92.07242224117616,85.6186641886923,79.59372891933049,73.44884478698101,66.67606736556817,61.3004565165576,52.88041673042831,47.63835320544122,77.55878702582555,80.26647792398956,82.89855505051906,87.15816946968894,92.49862544273095,93.45382699214343,99.73874139092406,106.23704709498898,118.44110925709077,126.64545503026059,130.16736705595127,132.68121963528657,138.91436509125006,141.72934060333753,146.81158315738298,150.91259243501108,157.90895173375492,165.5885457607345,169.17514482556788,170.1554906001775,91.5550365361352,97.54996947988029,105.40210434881881,108.45986889174881,116.27169518270023,121.9738943198753,123.4114968379588,125.73234926756305,129.12835559853477,134.69071849572154,137.36815962485957,141.50262815176845,143.53260893985487,147.26550660788706,147.79602427960026,151.58091265311938,153.42280651542526,153.70752918751165,132.39406833999473,135.7270914422249,137.47292648597903,124.38004803639373,129.63913065601477,137.02980552371125,106.40032569674294,112.4018093142482,116.80425239742891,121.25889073614728,133.62594121020874,140.1361266865571,143.09180117512557,143.48534880331653,140.677225198611,141.3085658152375,142.20861081839595,117.2676525111034,118.95358281808531,120.9094836335665,123.56597718710657,126.88729695490971,129.22834479722306,117.60926648921064,122.33853123121864,127.66817193205392,42.939715104884854,34.146356754529066,26.306892122767227,20.800020441271258,10.98239035998661,17.583408943214224,23.333626394398337,33.70561156236346,40.441506297873424,47.21140361388657,49.45446688654001,51.47370092206895,57.12175636972542,59.761372220444485,62.580073398021305,123.38172827707542,133.3786170882931,134.60984140479965,124.24010861598197,125.85529831849666,129.54876327265714,62.45889613204689,66.73535020901978,104.85662156754927,105.53926209322829,105.96615088225563,110.7759048590242,114.56609931648714,117.50173383052325,17.73279662815771,20.38205340522847,23.129571788165688,27.250606657220082,31.11813193206507,37.25447088468404,40.87985942365883,51.81909190466668,107.0188760378156,110.34511324283326,111.3302952012719,33.6897712021416,40.78346517175695,45.58700818121392,49.917913155476874,51.90083875974881,53.36484679284216,95.33746418255998,96.67997935938293,97.42392156143899,97.98883217383708,100.68519509451374,103.04965232609987,91.28110374032681,94.84016443101471,2.5030875785164914,0.0,85.3842047143582,38.97428777117708,40.340169241278936,47.995622274074464,55.432245300615854,51.0128948145979,53.489177723217175,54.3485261616472,50.93960175712588,51.855683085393196,55.934705517300145,63.50456899030942,87.1309164584594,92.12880491259682,94.39092029426945,97.01146718375645,99.97872500875246,102.0218914239032,103.23838145674357,104.84774965575832,110.4383375497101,115.12257131842831,120.86159318630789,125.31538280864075,50.577370537043365,85.38971175229334,91.53088509295063,97.66582543409186,100.76462963990893,102.86928479468537,108.68728486446888,112.73845875924208,116.89211479015917,117.40142326260415,123.0959566456385,124.93858402765301,98.51364824675161,107.745482413217,112.9692590402271,83.14870078982399,89.46942424525216,95.02184011584399,98.07395118852796,104.19669648781978,104.75830578261466,79.87727367746429,86.05937704120709,87.02286705153413,87.50231465033924,80.88997735230929,86.08040604366028,89.52075617119091,94.96785429771664,98.80880704410653,79.23155176555083,82.3455013476732,83.51955176301563,84.65550598744547,85.04317723992621,86.14720396061736,87.10107082763813,87.5821300755484,92.7140831333354,98.95977628942303,127.71662549519905
137,122.7181730502741,122.65015834598158,117.76092517502317,111.97942320754102,108.46414882280236,106.62537015205376,94.65773020091885,87.64160947789817,87.2822489347107,82.1799205446519,75.72616249216807,69.70122722280625,63.55634309045678,56.78356566904393,51.40795482003337,42.98791503390407,37.745851508916985,7.825417688532651,10.533108586696649,13.165185713226164,17.424800132396047,22.765256105438063,23.720457654850545,30.00537205363117,36.503677757696096,48.70773991979789,56.9120856929677,60.43399771865837,62.947850297993654,69.18099575395715,71.99597126604463,77.07821382009008,81.17922309771818,88.17558239646202,95.8551764234416,99.441775488275,100.42212126288463,21.821667198842317,27.816600142587408,35.66873501152593,38.72649955445593,46.53832584540734,52.240524982582414,53.67812750066591,55.99897993027016,59.39498626124188,64.95734915842866,67.6347902875667,71.76925881447558,73.799239602562,77.53213727059418,78.06265494230739,81.84754331582653,83.68943717813241,83.97415985021878,62.660699002701854,65.99372210493202,67.73955714868616,54.64667869910084,59.90576131872188,67.29643618641836,36.66695635945004,42.6684399769553,47.07088306013601,51.52552139885438,63.89257187291585,70.40275734926422,73.35843183783268,73.75197946602364,70.94385586131813,71.5751964779446,72.47524148110304,47.53428317381052,49.220213480792424,51.17611429627361,53.83260784981369,57.153927617616844,59.494975459930195,47.87589715191776,52.60516189392576,57.934802594761045,42.44448960947335,51.23784795982914,59.07731259159098,64.58418427308695,74.4018143543716,81.00283293759921,86.75305038878332,97.12503555674844,103.86093029225842,110.63082760827156,112.873890880925,114.89312491645394,120.54118036411042,123.18079621482948,125.99949739240631,53.648358939782526,63.64524775100021,64.87647206750677,54.50673927868908,56.12192898120378,59.81539393536424,125.87832012643189,130.15477420340477,35.12325223025638,35.805892755935396,36.232781544962734,41.0425355217313,44.83272997919426,47.76836449323037,81.1522206225427,83.80147739961346,86.54899578255068,90.67003065160507,94.53755592645007,100.67389487906904,104.29928341804383,115.23851589905168,37.28550670052271,40.61174390554037,41.596925863979,97.10919519652658,104.20288916614194,109.0064321755989,113.33733714986187,115.3202627541338,116.78427078722714,25.604094845267092,26.946610022090034,27.690552224146092,28.255462836544186,30.951825757220846,33.316282988806975,21.54773440303392,25.10679509372182,82.88111713584172,85.3842047143582,0.0,56.065778976477155,57.43166044657901,65.08711347937454,72.52373650591593,50.517669319186396,52.99395222780567,53.8533006662357,41.04710006060164,41.96318138886896,46.04220382077591,53.61206729378519,77.23841476193516,82.23630321607259,84.49841859774521,87.11896548723222,90.08622331222823,92.12938972737896,93.34587976021933,94.95524795923409,100.54583585318586,105.23006962190408,110.96909148978365,115.42288111211651,50.08214504163186,75.4972100557691,81.63838339642639,87.77332373756762,90.8721279433847,92.97678309816114,98.79478316794464,102.84595706271784,106.99961309363493,107.50892156607992,113.20345494911426,115.04608233112877,88.62114655022738,97.85298071669277,103.07675734370287,73.25619909329976,79.57692254872792,85.12933841931975,88.18144949200371,94.30419479129553,94.8658040860904,69.98477198094005,76.16687534468285,77.1303653550099,77.60981295381501,70.99747565578505,76.18790434713604,79.62825447466668,85.0753526011924,88.9163053475823,69.3390500690266,72.45299965114896,73.62705006649139,74.76300429092123,75.15067554340197,76.25470226409313,77.20856913111389,77.68962837902417,82.82158143681116,89.0672745928988,117.8241237986748
138,103.2922490089173,103.22423430462477,98.33500113366637,92.55349916618421,89.03822478144555,87.19944611069695,75.23180615956204,68.21568543654136,67.85632489335389,62.75399650329509,56.30023845081125,50.27530318144944,44.13041904909996,37.357641627687116,31.982030778676553,23.56199099254726,18.319927467560166,48.2403612879445,50.9480521861085,53.580129312638014,57.8397437318079,63.18019970484991,64.13540125426239,70.42031565304302,76.91862135710794,89.12268351920973,97.32702929237954,100.8489413180702,103.36279389740548,109.59593935336898,112.41091486545646,117.49315741950191,121.59416669713,128.59052599587386,136.27012002285343,139.85671908768683,140.83706486229644,62.23661079825417,68.23154374199926,76.08367861093778,79.14144315386778,86.9532694448192,92.65546858199427,94.09307110007776,96.41392352968202,99.80992986065375,105.37229275784053,108.04973388697857,112.18420241388745,114.21418320197387,117.94708087000605,118.47759854171926,122.2624869152384,124.10438077754428,124.38910344963065,103.07564260211372,106.40866570434389,108.15450074809803,95.0616222985127,100.32070491813374,107.71137978583022,77.0818999588619,83.08338357636715,87.48582665954787,91.94046499826624,104.30751547232771,110.81770094867608,113.77337543724454,114.1669230654355,111.35879946072998,111.99014007735646,112.8901850805149,87.94922677322238,89.63515708020428,91.59105789568547,94.24755144922554,97.56887121702869,99.90991905934204,88.29084075132961,93.02010549333761,98.3497461941729,13.621289367003804,4.827931016648018,12.667395648409856,18.174267329905827,27.991897411190475,34.592915994418085,40.3431334456022,50.71511861356733,57.45101334907729,64.22091066509043,66.46397393774387,68.48320797327281,74.13126342092929,76.77087927164835,79.58958044922518,94.06330253919438,104.06019135041207,105.29141566691862,94.92168287810092,96.53687258061562,100.23033753477608,79.46840318325076,83.74485726022365,75.53819582966823,76.22083635534725,76.64772514437459,81.45747912114315,85.24767357860611,88.18330809264222,34.74230367936157,37.39156045643232,40.13907883936954,44.26011370842393,48.127638983268916,54.26397793588788,57.88936647486267,68.82859895587052,77.70045029993456,81.02668750495222,82.01186946339085,50.69927825334546,57.79297222296081,62.59651523241778,66.92742020668074,68.91034581095266,70.37435384404601,66.01903844467894,67.36155362150188,68.10549582355794,68.67040643595604,71.3667693566327,73.73122658821883,61.96267800244577,65.52173869313367,36.47120019266059,38.97428777117708,56.065778976477155,0.0,1.3658814701018536,9.021334502897378,16.457957529438772,21.69446907671685,24.170751985336125,25.03010042376615,21.621176019244825,22.53725734751214,26.616279779419088,34.186143252428366,57.81249072057834,62.81037917471576,65.07249455638839,67.6930414458754,70.6602992708714,72.70346568602214,73.91995571886251,75.52932391787726,81.11991181182904,85.80414558054726,91.54316744842683,95.99695707075969,21.25894479916231,56.07128601441228,62.212459355069576,68.3473996962108,71.44620390202788,73.55085905680431,79.36885912658782,83.42003302136102,87.57368905227811,88.0829975247231,93.77753090775744,95.62015828977195,69.19522250887057,78.42705667533596,83.65083330234606,53.83027505194294,60.15099850737111,65.70341437796294,68.7555254506469,74.87827074993872,75.4398800447336,50.558847939583245,56.74095130332604,57.70444131365309,58.18388891245821,51.571551614428245,56.76198030577923,60.20233043330986,65.64942855983558,69.49038130622547,49.91312602766978,53.02707560979215,54.20112602513458,55.337080249564416,55.72475150204515,56.8287782227363,57.78264508975707,58.26370433766734,63.39565739545434,69.64135055154198,98.398199757318
139,104.65813047901914,104.59011577472661,99.7008826037682,93.91938063628605,90.40410625154739,88.5653275807988,76.59768762966388,69.5815669066432,69.22220636345573,64.11987797339694,57.666119920913104,51.64118465155129,45.49630051920182,38.72352309778897,33.34791224877841,24.927872462649113,19.68580893766202,49.606242758046356,52.31393365621035,54.94601078273987,59.205625201909754,64.54608117495177,65.50128272436424,71.78619712314487,78.28450282720979,90.48856498931158,98.6929107624814,102.21482278817207,104.72867536750735,110.96182082347084,113.77679633555833,118.85903888960378,122.96004816723188,129.9564074659757,137.63600149295527,141.22260055778867,142.20294633239828,63.60249226835602,69.59742521210111,77.44956008103964,80.50732462396964,88.31915091492105,94.02135005209612,95.45895257017962,97.77980499978388,101.17581133075561,106.73817422794238,109.41561535708043,113.5500838839893,115.58006467207572,119.3129623401079,119.84348001182111,123.62836838534025,125.47026224764613,125.75498491973251,104.44152407221557,107.77454717444574,109.52038221819988,96.42750376861454,101.68658638823558,109.07726125593206,78.44778142896375,84.44926504646901,88.85170812964972,93.30634646836809,105.67339694242956,112.18358241877793,115.13925690734641,115.53280453553737,112.72468093083184,113.35602154745831,114.25606655061675,89.31510824332423,91.00103855030613,92.95693936578732,95.6134329193274,98.93475268713055,101.27580052944391,89.65672222143147,94.38598696343946,99.71562766427475,14.987170837105658,6.193812486749871,14.033277118511709,19.540148800007678,29.357778881292326,35.95879746451994,41.70901491570405,52.08100008366918,58.81689481917915,65.58679213519228,67.82985540784573,69.84908944337467,75.49714489103114,78.13676074175021,80.95546191932704,95.42918400929624,105.42607282051392,106.65729713702048,96.28756434820278,97.90275405071748,101.59621900487794,80.83428465335261,85.11073873032551,76.90407729977008,77.5867178254491,78.01360661447644,82.823360591245,86.61355504870797,89.54918956274408,36.108185149463424,38.75744192653418,41.50496030947139,45.625995178525784,49.49352045337077,55.629859405989734,59.25524794496452,70.19448042597237,79.06633177003641,82.39256897505408,83.3777509334927,52.065159723447316,59.15885369306267,63.962396702519634,68.29330167678259,70.27622728105452,71.74023531414787,67.3849199147808,68.72743509160374,69.4713772936598,70.0362879060579,72.73265082673456,75.09710805832069,63.328559472547624,66.88762016323552,37.837081662762444,40.340169241278936,57.43166044657901,1.3658814701018536,0.0,7.655453032795524,15.092076059336916,23.060350546818704,25.53663345543798,26.395981893868004,22.98705748934668,23.903138817613993,27.982161249520942,35.55202472253022,59.17837219068019,64.17626064481762,66.43837602649025,69.05892291597725,72.02618074097326,74.069347156124,75.28583718896436,76.89520538797912,82.4857932819309,87.17002705064911,92.90904891852868,97.36283854086155,22.624826269264165,57.437167484514134,63.57834082517143,69.71328116631265,72.81208537212973,74.91674052690617,80.73474059668968,84.78591449146288,88.93957052237997,89.44887899482495,95.14341237785929,96.9860397598738,70.56110397897243,79.79293814543782,85.01671477244791,55.196156522044795,61.51687997747297,67.0692958480648,70.12140692074877,76.24415222004059,76.80576151483547,51.9247294096851,58.1068327734279,59.070322783754946,59.54977038256006,52.9374330845301,58.12786177588109,61.568211903411715,67.01531002993744,70.85626277632733,51.27900749777164,54.392957079894,55.56700749523643,56.70296171966627,57.090632972147006,58.19465969283815,59.14852655985892,59.629585807769196,64.76153886555619,71.00723202164383,99.76408122741984
140,112.31358351181468,112.24556880752216,107.35633563656376,101.5748336690816,98.05955928434294,96.22078061359434,84.25314066245943,77.23701993943875,76.87765939625127,71.77533100619249,65.32157295370864,59.29663768434682,53.151753551997345,46.3789761305845,41.003365281573934,32.58332549544464,27.341261970457545,57.261695790841884,59.96938668900588,62.601463815535396,66.86107823470527,72.20153420774729,73.15673575715977,79.4416501559404,85.93995586000531,98.1440180221071,106.34836379527692,109.87027582096759,112.38412840030287,118.61727385626637,121.43224936835385,126.5144919223993,130.61550120002738,137.61186049877122,145.2914545257508,148.8780535905842,149.8583993651938,71.25794530115154,77.25287824489662,85.10501311383514,88.16277765676514,95.97460394771656,101.67680308489163,103.11440560297513,105.43525803257938,108.83126436355111,114.39362726073789,117.07106838987593,121.20553691678481,123.23551770487123,126.96841537290341,127.49893304461662,131.28382141813574,133.12571528044163,133.410437952528,112.09697710501108,115.43000020724125,117.17583525099539,104.08295680141006,109.3420394210311,116.73271428872758,86.10323446175927,92.10471807926453,96.50716116244524,100.96179950116361,113.32884997522508,119.83903545157345,122.79470994014193,123.18825756833289,120.38013396362736,121.01147458025383,121.91151958341227,96.97056127611974,98.65649158310164,100.61239239858283,103.2688859521229,106.59020571992605,108.9312535622394,97.31217525422697,102.04143999623497,107.37108069707025,22.642623869901183,13.849265519545396,21.688730151307233,27.195601832803202,37.013231914087854,43.61425049731547,49.36446794849958,59.7364531164647,66.47234785197467,73.24224516798782,75.48530844064126,77.5045424761702,83.15259792382668,85.79221377454574,88.61091495212257,103.08463704209176,113.08152585330944,114.312750169816,103.9430173809983,105.558207083513,109.25167203767346,88.48973768614815,92.76619176312104,84.5595303325656,85.24217085824462,85.66905964727196,90.47881362404053,94.26900808150347,97.20464259553958,43.76363818225895,46.412894959329705,49.16041334226692,53.28144821132131,57.1489734861663,63.28531243878527,66.91070097776006,77.84993345876791,86.72178480283193,90.0480220078496,91.03320396628823,59.72061275624284,66.8143067258582,71.61784973531516,75.94875470957813,77.93168031385005,79.3956883469434,75.04037294757632,76.38288812439926,77.12683032645532,77.69174093885341,80.38810385953008,82.7525610911162,70.98401250534314,74.54307319603105,45.49253469555797,47.995622274074464,65.08711347937454,9.021334502897378,7.655453032795524,0.0,7.436623026541392,30.715803579614224,33.1920864882335,34.051434926663525,30.642510522142203,31.558591850409517,35.63761428231646,43.20747775532574,66.83382522347573,71.83171367761315,74.09382905928578,76.71437594877278,79.6816337737688,81.72480018891953,82.9412902217599,84.55065842077465,90.14124631472643,94.82548008344465,100.56450195132422,105.01829157365708,30.28027930205969,65.09262051730967,71.23379385796696,77.36873419910819,80.46753840492526,82.5721935597017,88.39019362948521,92.44136752425841,96.5950235551755,97.10433202762049,102.79886541065483,104.64149279266934,78.21655701176795,87.44839117823334,92.67216780524343,62.85160955484032,69.17233301026849,74.72474888086032,77.77685995354429,83.89960525283611,84.46121454763099,59.58018244248063,65.76228580622342,66.72577581655047,67.20522341535558,60.59288611732563,65.78331480867662,69.22366493620726,74.67076306273299,78.51171580912288,58.934460530567165,62.04841011268953,63.22246052803196,64.3584147524618,64.74608600494254,65.85011272563369,66.80397959265446,67.28503884056474,72.41699189835172,78.66268505443936,107.41953426021539
141,119.75020653835607,119.68219183406354,114.79295866310514,109.01145669562298,105.49618231088432,103.65740364013573,91.68976368900081,84.67364296598014,84.31428242279266,79.21195403273387,72.75819598025004,66.73326071088822,60.58837657853874,53.815599157125895,48.43998830811533,40.01994852198604,34.77788499699894,64.69831881738328,67.40600971554728,70.0380868420768,74.29770126124667,79.63815723428868,80.59335878370116,86.87827318248179,93.37657888654671,105.5806410486485,113.78498682181831,117.30689884750898,119.82075142684425,126.05389688280775,128.86887239489522,133.95111494894067,138.05212422656876,145.0484835253126,152.72807755229218,156.31467661712557,157.2950223917352,78.69456832769293,84.68950127143802,92.54163614037654,95.59940068330654,103.41122697425796,109.11342611143303,110.55102862951652,112.87188105912078,116.26788739009251,121.83025028727928,124.50769141641733,128.6421599433262,130.6721407314126,134.40503839944478,134.93555607115798,138.7204444446771,140.56233830698298,140.84706097906937,119.53360013155248,122.86662323378265,124.61245827753679,111.51957982795145,116.77866244757249,124.16933731526896,93.53985748830067,99.54134110580593,103.94378418898664,108.39842252770501,120.76547300176648,127.27565847811485,130.2313329666833,130.62488059487427,127.81675699016876,128.44809760679524,129.3481426099537,104.40718430266114,106.09311460964304,108.04901542512422,110.7055089786643,114.02682874646746,116.36787658878082,104.74879828076837,109.47806302277637,114.80770372361165,30.079246896442577,21.285888546086788,29.125353177848627,34.632224859344596,44.449854940629244,51.05087352385686,56.80109097504097,67.1730761430061,73.90897087851607,80.67886819452922,82.92193146718266,84.9411655027116,90.58922095036807,93.22883680108714,96.04753797866397,110.52126006863315,120.51814887985084,121.7493731963574,111.3796404075397,112.9948301100544,116.68829506421486,95.92636071268954,100.20281478966244,91.996153359107,92.67879388478602,93.10568267381336,97.91543665058192,101.70563110804487,104.64126562208098,51.20026120880034,53.849517985871096,56.59703636880831,60.7180712378627,64.5855965127077,70.72193546532667,74.34732400430146,85.2865564853093,94.15840782937333,97.484645034391,98.46982699282962,67.15723578278423,74.25092975239959,79.05447276185654,83.38537773611951,85.36830334039144,86.83231137348479,82.47699597411771,83.81951115094066,84.56345335299672,85.12836396539481,87.82472688607147,90.1891841176576,78.42063553188454,81.97969622257244,52.92915772209936,55.432245300615854,72.52373650591593,16.45795752943877,15.092076059336916,7.436623026541392,0.0,38.15242660615562,40.6287095147749,41.48805795320492,38.0791335486836,38.99521487695092,43.07423730885787,50.644100781867145,74.27044825001713,79.26833670415455,81.53045208582718,84.15099897531418,87.11825680031019,89.16142321546093,90.3779132483013,91.98728144731605,97.57786934126783,102.26210310998604,108.00112497786562,112.45491460019848,37.71690232860109,72.52924354385107,78.67041688450836,84.80535722564959,87.90416143146666,90.0088165862431,95.82681665602661,99.87799055079981,104.0316465817169,104.54095505416188,110.23548843719622,112.07811581921074,85.65318003830934,94.88501420477473,100.10879083178483,70.28823258138172,76.60895603680989,82.16137190740172,85.21348298008567,91.3362282793775,91.89783757417237,67.01680546902202,73.19890883276481,74.16239884309186,74.64184644189697,68.02950914386702,73.219937835218,76.66028796274864,82.10738608927437,85.94833883566426,66.37108355710856,69.48503313923092,70.65908355457336,71.7950377790032,72.18270903148394,73.28673575217509,74.24060261919585,74.72166186710614,79.85361492489312,86.09930808098076,114.85615728675677
142,97.74413935162653,97.676124647334,92.7868914763756,87.00538950889344,83.49011512415478,81.65133645340619,69.68369650227127,62.6675757792506,62.30821523606312,57.20588684600433,50.75212879352049,44.72719352415868,38.582309391809204,31.809531970396357,26.433921121385794,18.0138813352565,12.771817810269408,42.69225163065374,45.39994252881774,48.032019655347256,52.29163407451714,57.63209004755915,58.58729159697163,64.87220599575225,71.37051169981717,83.57457386191896,91.77891963508878,95.30083166077945,97.81468424011473,104.04782969607822,106.86280520816571,111.94504776221116,116.04605703983925,123.0424163385831,130.72201036556268,134.30860943039607,135.2889552050057,56.68850114096341,62.6834340847085,70.53556895364703,73.59333349657703,81.40515978752845,87.10735892470352,88.54496144278701,90.86581387239127,94.261820203363,99.82418310054977,102.50162422968782,106.6360927565967,108.66607354468312,112.3989712127153,112.92948888442851,116.71437725794765,118.55627112025353,118.8409937923399,97.52753294482297,100.86055604705314,102.60639109080728,89.51351264122195,94.77259526084299,102.16327012853947,71.53379030157113,77.53527391907639,81.9377170022571,86.39235534097547,98.75940581503694,105.26959129138531,108.22526577995379,108.61881340814475,105.81068980343922,106.44203042006569,107.34207542322413,82.40111711593163,84.08704742291353,86.04294823839471,88.69944179193479,92.02076155973793,94.36180940205129,82.74273109403886,87.47199583604686,92.80163653688214,8.073179709713044,16.86653806006883,24.70600269183067,30.21287437332664,40.03050445461129,46.6315230378389,52.38174048902302,62.75372565698814,69.48962039249811,76.25951770851125,78.5025809811647,80.52181501669364,86.16987046435011,88.80948631506918,91.628187492646,88.51519288190362,98.5120816931213,99.74330600962786,89.37357322081016,90.98876292332486,94.68222787748532,91.50701022667158,95.78346430364448,69.99008617237746,70.67272669805648,71.09961548708382,75.90936946385239,79.69956392131536,82.63519843535147,46.78091072278239,49.43016749985314,52.17768588279036,56.29872075184475,60.166246026689734,66.3025849793087,69.9279735182835,80.86720599929134,72.1523406426438,75.47857784766146,76.46375980610009,62.73788529676628,69.83157926638164,74.6351222758386,78.96602725010156,80.94895285437349,82.41296088746684,60.47092878738819,61.81344396421113,62.55738616626719,63.12229677866529,65.81865969934195,68.18311693092808,56.41456834515501,59.97362903584291,48.50980723608141,51.0128948145979,50.517669319186396,21.69446907671685,23.060350546818704,30.715803579614228,38.15242660615562,0.0,2.476282908619277,3.3356313470493006,16.073066361954066,16.98914769022138,21.06817012212833,28.63803359513761,52.26438106328758,57.262269517425004,59.52438489909763,62.144931788584636,65.11218961358065,67.15535602873139,68.37184606157176,69.98121426058651,75.57180215453829,80.2560359232565,85.99505779113608,90.44884741346894,15.710835141871552,50.52317635712153,56.664349697778825,62.79929003892005,65.89809424473712,68.00274939951356,73.82074946929707,77.87192336407027,82.02557939498736,82.53488786743235,88.22942125046669,90.0720486324812,63.64711285157982,72.87894701804521,78.1027236450553,48.28216539465218,54.602888850080355,60.155304720672184,63.20741579335615,69.33016109264797,69.89177038744285,45.010738282292486,51.192841646035276,52.156331656362326,52.63577925516744,46.023441957137486,51.21387064848848,54.65422077601911,60.10131890254483,63.94227164893472,44.365016370379024,47.47896595250139,48.65301636784382,49.78897059227366,50.17664184475439,51.28066856544554,52.23453543246631,52.71559468037658,57.847547738163584,64.09324089425122,92.85009010002723
143,100.22042226024581,100.15240755595329,95.26317438499488,89.48167241751273,85.96639803277407,84.12761936202547,72.15997941089056,65.14385868786988,64.7844981446824,59.68216975462361,53.228411702139766,47.203476432777954,41.05859230042848,34.28581487901563,28.91020403000507,20.490164243875775,15.248100718888683,45.16853453927302,47.876225437437014,50.50830256396653,54.767916983136416,60.10837295617843,61.06357450559091,67.34848890437154,73.84679460843645,86.05085677053825,94.25520254370807,97.77711456939873,100.29096714873401,106.5241126046975,109.33908811678499,114.42133067083044,118.52233994845854,125.51869924720238,133.19829327418196,136.78489233901536,137.76523811362497,59.164784049582686,65.15971699332778,73.0118518622663,76.0696164051963,83.88144269614772,89.58364183332279,91.02124435140628,93.34209678101054,96.73810311198227,102.30046600916904,104.97790713830709,109.11237566521596,111.14235645330238,114.87525412133456,115.40577179304778,119.19066016656691,121.0325540288728,121.31727670095917,100.00381585344223,103.3368389556724,105.08267399942655,91.9897955498412,97.24887816946224,104.63955303715872,74.01007321019041,80.01155682769567,84.41399991087638,88.86863824959475,101.23568872365622,107.7458742000046,110.70154868857307,111.09509631676403,108.2869727120585,108.91831332868497,109.81835833184341,84.8774000245509,86.5633303315328,88.51923114701398,91.17572470055406,94.49704446835722,96.83809231067058,85.21901400265813,89.94827874466613,95.27791944550141,10.54946261833232,19.34282096868811,27.182285600449948,32.68915728194592,42.506787363230565,49.10780594645818,54.85802339764229,65.23000856560742,71.9659033011174,78.73580061713054,80.97886388978398,82.99809792531292,88.6461533729694,91.28576922368846,94.10447040126529,90.9914757905229,100.98836460174059,102.21958891824714,91.84985612942944,93.46504583194414,97.1585107861046,93.98329313529086,98.25974721226376,72.46636908099674,73.14900960667576,73.5758983957031,78.38565237247167,82.17584682993463,85.11148134397074,49.25719363140166,51.906450408472416,54.65396879140963,58.77500366046402,62.64252893530901,68.77886788792797,72.40425642690276,83.34348890791061,74.62862355126308,77.95486075628074,78.94004271471937,65.21416820538555,72.3078621750009,77.11140518445787,81.44231015872083,83.42523576299276,84.8892437960861,62.947211696007464,64.28972687283041,65.03366907488648,65.59857968728457,68.29494260796123,70.65939983954736,58.89085125377429,62.44991194446219,50.98609014470068,53.489177723217175,52.99395222780567,24.170751985336125,25.53663345543798,33.1920864882335,40.62870951477489,2.476282908619277,0.0,0.8593484384300237,18.54934927057334,19.465430598840655,23.544453030747604,31.114316503756886,54.740663971906855,59.73855242604428,62.00066780771691,64.62121469720391,67.58847252219992,69.63163893735066,70.84812897019103,72.45749716920578,78.04808506315756,82.73231883187577,88.47134069975534,92.92513032208821,18.187118050490827,52.999459265740796,59.14063260639809,65.27557294753932,68.37437715335639,70.47903230813283,76.29703237791634,80.34820627268954,84.50186230360663,85.01117077605161,90.70570415908595,92.54833154110047,66.12339576019909,75.35522992666448,80.57900655367457,50.75844830327146,57.07917175869963,62.63158762929146,65.68369870197543,71.80644400126725,72.36805329606213,47.48702119091176,53.66912455465456,54.63261456498161,55.112062163786725,48.49972486575676,53.69015355710775,57.13050368463838,62.5776018111641,66.41855455755399,46.8412992789983,49.955248861120666,51.129299276463094,52.26525350089293,52.65292475337367,53.75695147406481,54.710818341085584,55.19187758899586,60.32383064678286,66.56952380287049,95.32637300864651
144,101.07977069867583,101.01175599438331,96.1225228234249,90.34102085594274,86.82574647120408,84.98696780045549,73.01932784932058,66.0032071262999,65.64384658311242,60.54151819305363,54.08776014056979,48.06282487120798,41.917940738858505,35.14516331744566,29.769552468435094,21.3495126823058,16.107449157318708,46.027882977703044,48.73557387586704,51.367651002396556,55.62726542156644,60.96772139460845,61.92292294402093,68.20783734280155,74.70614304686647,86.91020520896826,95.11455098213807,98.63646300782874,101.15031558716402,107.38346104312751,110.198436555215,115.28067910926045,119.38168838688854,126.37804768563238,134.05764171261197,137.64424077744536,138.62458655205498,60.02413248801271,66.0190654317578,73.87120030069632,76.92896484362632,84.74079113457773,90.4429902717528,91.8805927898363,94.20144521944056,97.59745155041229,103.15981444759906,105.8372555767371,109.97172410364598,112.0017048917324,115.73460255976458,116.2651202314778,120.05000860499693,121.89190246730281,122.17662513938919,100.86316429187225,104.19618739410242,105.94202243785656,92.84914398827124,98.10822660789228,105.49890147558875,74.86942164862043,80.87090526612569,85.2733483493064,89.72798668802477,102.09503716208624,108.60522263843461,111.56089712700307,111.95444475519403,109.14632115048852,109.77766176711499,110.67770677027343,85.73674846298091,87.42267876996281,89.378579585444,92.03507313898407,95.35639290678722,97.69744074910058,86.07836244108815,90.80762718309614,96.13726788393143,11.408811056762344,20.20216940711813,28.04163403887997,33.54850572037594,43.36613580166059,49.967154384888204,55.71737183607232,66.08935700403744,72.82525173954741,79.59514905556055,81.838212328214,83.85744636374294,89.50550181139941,92.14511766211848,94.9638188396953,91.85082422895292,101.8477130401706,103.07893735667716,92.70920456785946,94.32439427037416,98.01785922453462,94.84264157372088,99.11909565069378,73.32571751942676,74.00835804510578,74.43524683413312,79.24500081090169,83.03519526836465,85.97082978240076,50.11654206983169,52.76579884690244,55.51331722983966,59.63435209889405,63.501877373739035,69.638216326358,73.2636048653328,84.20283734634064,75.4879719896931,78.81420919471076,79.79939115314939,66.07351664381558,73.16721061343094,77.9707536228879,82.30165859715086,84.28458420142279,85.74859223451614,63.80656013443749,65.14907531126043,65.8930175133165,66.45792812571459,69.15429104639125,71.51874827797738,59.75019969220431,63.30926038289221,51.84543858313071,54.3485261616472,53.8533006662357,25.03010042376615,26.395981893868004,34.05143492666353,41.48805795320492,3.3356313470493006,0.8593484384300237,0.0,19.408697709003366,20.32477903727068,24.40380146917763,31.97366494218691,55.60001241033688,60.597900864474305,62.860016246146934,65.48056313563394,68.44782096062995,70.49098737578069,71.70747740862106,73.31684560763581,78.90743350158759,83.5916672703058,89.33068913818538,93.78447876051824,19.046466488920853,53.85880770417083,59.999981044828125,66.13492138596935,69.23372559178642,71.33838074656286,77.15638081634637,81.20755471111957,85.36121074203666,85.87051921448165,91.56505259751599,93.4076799795305,66.98274419862912,76.21457836509451,81.4383549921046,51.61779674170148,57.938520197129655,63.490936067721485,66.54304714040545,72.66579243969727,73.22740173449215,48.34636962934179,54.52847299308458,55.49196300341163,55.97141060221674,49.359073304186786,54.54950199553778,57.98985212306841,63.43695024959413,67.27790299598402,47.700647717428325,50.81459729955069,51.98864771489312,53.12460193932296,53.51227319180369,54.61629991249484,55.57016677951561,56.051226027425884,61.183179085212885,67.42887224130052,96.18572144707653
145,88.27357009304177,88.20555538874925,83.31632221779084,77.53482025030868,74.01954586557002,72.18076719482143,60.213127243686515,53.197006520665845,52.83764597747837,47.73531758741958,41.28155953493574,35.256624265573926,29.11174013322445,22.338962711811607,16.963351862801044,8.54331207667175,3.3012485516846577,33.22168237206899,35.929373270232986,38.5614503967625,42.82106481593239,48.1615207889744,49.11672233838688,55.40163673716751,61.899942441232426,74.10400460333422,82.30835037650402,85.83026240219469,88.34411498152997,94.57726043749346,97.39223594958095,102.4744785036264,106.5754877812545,113.57184707999834,121.25144110697792,124.83804017181131,125.81838594642095,47.21793188237866,53.21286482612375,61.06499969506227,64.12276423799227,71.93459052894369,77.63678966611876,79.07439218420225,81.39524461380651,84.79125094477824,90.35361384196501,93.03105497110306,97.16552349801194,99.19550428609836,102.92840195413054,103.45891962584375,107.24380799936289,109.08570186166877,109.37042453375514,88.0569636862382,91.38998678846838,93.13582183222252,80.04294338263719,85.30202600225823,92.6927008699547,62.06322104298638,68.06470466049164,72.46714774367236,76.92178608239072,89.2888365564522,95.79902203280056,98.75469652136903,99.14824414955999,96.34012054485447,96.97146116148095,97.87150616463938,72.93054785734687,74.61647816432877,76.57237897980995,79.22887253335003,82.55019230115317,84.89124014346653,73.2721618354541,78.0014265774621,83.33106727829738,7.99988665224102,16.793245002596805,24.632709634358644,30.139581315854613,39.95721139713926,46.558229980366875,52.30844743155099,62.68043259951611,69.41632733502608,76.18622465103923,78.42928792369267,80.44852195922161,86.09657740687808,88.73619325759715,91.55489443517398,79.04462362331887,89.04151243453656,90.27273675104311,79.90300396222541,81.51819366474011,85.21165861890057,91.43371716919955,95.71017124617245,60.519516913792714,61.20215743947173,61.62904622849907,66.43880020526764,70.2289946627306,73.16462917676671,46.70761766531036,49.35687444238111,52.10439282531833,56.22542769437272,60.092952969217706,66.22929192183668,69.85468046081147,80.79391294181931,62.68177138405905,66.00800858907671,66.99319054751534,62.66459223929425,69.75828620890961,74.56182921836657,78.89273419262953,80.87565979690146,82.33966782999481,51.000359528803436,52.34287470562638,53.08681690768244,53.651727520080534,56.3480904407572,58.71254767234333,46.94399908657026,50.50305977725816,48.43651417860938,50.93960175712587,41.04710006060164,21.62117601924482,22.987057489346675,30.6425105221422,38.07913354868359,16.073066361954062,18.549349270573337,19.408697709003363,0.0,0.916081328267315,4.9951037601742625,12.564967233183543,42.79381180470283,47.79170025884025,50.05381564051288,52.67436252999988,55.641620354995894,57.68478677014662,58.901276802987,60.51064500200176,66.10123289595353,70.78546666467174,76.52448853255132,80.97827815488418,15.637542084399527,41.05260709853677,47.193780439194065,53.32872078033529,56.42752498615236,58.5321801409288,64.35018021071231,68.40135410548551,72.5550101364026,73.06431860884759,78.75885199188193,80.60147937389644,54.17654359299506,63.40837775946044,68.63215438647053,38.81159613606743,45.1323195914956,50.68473546208743,53.736846534771395,59.85959183406322,60.421201128858094,35.54016902370773,41.72227238745053,42.68576239777758,43.165209996582696,36.55287269855273,41.74330138990372,45.18365151743435,50.63074964396007,54.47170239034996,34.89444711179427,38.00839669391664,39.182447109259066,40.318401333688904,40.70607258616964,41.810099306860785,42.763966173881556,43.24502542179183,48.37697847957883,54.622671635666464,83.37952084144247
146,89.1896514213091,89.12163671701657,84.23240354605817,78.45090157857601,74.93562719383735,73.09684852308875,61.12920857195384,54.11308784893316,53.753727305745684,48.6513989156869,42.197640863203056,36.17270559384124,30.027821461491765,23.25504404007892,17.879433191068358,9.459393404939064,4.217329879951973,34.13776370033631,36.845454598500304,39.47753172502982,43.737146144199706,49.07760211724172,50.032803666654196,56.317718065434825,62.81602376949975,75.02008593160154,83.22443170477135,86.74634373046202,89.2601963097973,95.49334176576079,98.30831727784827,103.39055983189373,107.49156910952182,114.48792840826566,122.16752243524525,125.75412150007864,126.73446727468827,48.134013210645975,54.128946154391066,61.98108102332959,65.03884556625958,72.850671857211,78.55287099438607,79.99047351246956,82.31132594207382,85.70733227304555,91.26969517023232,93.94713629937037,98.08160482627925,100.11158561436567,103.84448328239785,104.37500095411106,108.1598893276302,110.00178318993608,110.28650586202245,88.97304501450552,92.30606811673569,94.05190316048983,80.95902471090449,86.21810733052553,93.608782198222,62.979302371253695,68.98078598875895,73.38322907193967,77.83786741065803,90.2049178847195,96.71510336106788,99.67077784963635,100.06432547782731,97.25620187312178,97.88754248974826,98.7875874929067,73.84662918561418,75.53255949259608,77.48846030807726,80.14495386161734,83.4662736294205,85.80732147173386,74.18824316372141,78.91750790572941,84.24714860656469,8.915967980508336,17.709326330864123,25.54879096262596,31.05566264412193,40.87329272540658,47.47431130863419,53.224528759818305,63.596513927783434,70.3324086632934,77.10230597930655,79.34536925196,81.36460328748893,87.01265873514541,89.65227458586448,92.4709757634413,79.96070495158618,89.95759376280387,91.18881807931042,80.81908529049274,82.43427499300743,86.1277399471679,92.34979849746688,96.62625257443977,61.43559824206003,62.11823876773905,62.54512755676639,67.35488153353495,71.14507599099791,74.08071050503402,47.623698993577676,50.27295577064843,53.020474153585646,57.14150902264004,61.00903429748502,67.14537325010399,70.77076178907878,81.70999427008663,63.597852712326365,66.92408991734402,67.90927187578265,63.58067356756157,70.67436753717692,75.47791054663388,79.80881552089684,81.79174112516877,83.25574915826212,51.916440857070754,53.258956033893696,54.00289823594976,54.56780884834785,57.264171769024514,59.628629000610644,47.860080414837576,51.419141105525476,49.352595506876696,51.85568308539319,41.96318138886896,22.53725734751214,23.903138817613993,31.558591850409517,38.99521487695091,16.98914769022138,19.465430598840655,20.32477903727068,0.916081328267315,0.0,4.079022431906948,11.648885904916227,43.709893132970144,48.70778158710757,50.9698969687802,53.5904438582672,56.55770168326321,58.60086809841394,59.817358131254316,61.42672633026908,67.01731422422085,71.70154799293907,77.44056986081864,81.8943594831515,16.553623412666845,41.96868842680409,48.10986176746139,54.24480210860261,57.34360631441969,59.448261469196126,65.26626153897963,69.31743543375283,73.47109146466993,73.98039993711491,79.67493332014925,81.51756070216376,55.092624921262384,64.32445908772777,69.54823571473787,39.72767746433475,46.04840091976292,51.60081679035475,54.65292786303871,60.775673162330534,61.33728245712541,36.456250351975044,42.63835371571784,43.60184372604489,44.08129132485001,37.46895402682005,42.659382718171045,46.09973284570167,51.5468309722274,55.387783718617285,35.81052844006158,38.92447802218395,40.09852843752638,41.23448266195622,41.62215391443696,42.7261806351281,43.680047502148874,44.16110675005915,49.29305980784615,55.53875296393378,84.2956021697098
147,93.26867385321604,93.20065914892352,88.31142597796511,82.52992401048296,79.0146496257443,77.1758709549957,65.20823100386079,58.19211028084011,57.832749737652634,52.73042134759385,46.276663295110005,40.25172802574819,34.10684389339872,27.33406647198587,21.958455622975308,13.538415836846012,8.29635231185892,38.21678613224326,40.92447703040725,43.55655415693677,47.816168576106655,53.15662454914867,54.111826098561146,60.396740497341774,66.8950462014067,79.09910836350849,87.30345413667831,90.82536616236898,93.33921874170426,99.57236419766775,102.38733970975524,107.46958226380069,111.57059154142878,118.56695084017262,126.24654486715221,129.8331439319856,130.81348970659522,52.213035642552924,58.207968586298016,66.06010345523654,69.11786799816655,76.92969428911796,82.63189342629303,84.06949594437653,86.39034837398079,89.78635470495252,95.34871760213929,98.02615873127733,102.16062725818621,104.19060804627263,107.92350571430481,108.45402338601802,112.23891175953716,114.08080562184304,114.36552829392942,93.05206744641248,96.38509054864265,98.13092559239679,85.03804714281145,90.29712976243249,97.68780463012897,67.05832480316064,73.0598084206659,77.46225150384662,81.91688984256498,94.28394031662646,100.79412579297482,103.74980028154329,104.14334790973425,101.33522430502873,101.9665649216552,102.86660992481364,77.92565161752114,79.61158192450304,81.56748273998423,84.2239762935243,87.54529606132746,89.88634390364082,78.26726559562837,82.99653033763637,88.32617103847166,12.994990412415284,21.788348762771072,29.62781339453291,35.13468507602888,44.95231515731353,51.55333374054114,57.303551191725255,67.67553635969038,74.41143109520036,81.1813284112135,83.42439168386694,85.44362571939588,91.09168116705236,93.73129701777142,96.54999819534825,84.03972738349313,94.03661619471082,95.26784051121737,84.89810772239969,86.51329742491438,90.20676237907485,96.42882092937383,100.70527500634672,65.51462067396699,66.19726119964601,66.62414998867335,71.43390396544191,75.22409842290487,78.15973293694098,51.702721425484626,54.35197820255538,57.099496585492595,61.220531454546986,65.08805672939198,71.22439568201095,74.84978422098574,85.78901670199359,67.67687514423332,71.00311234925098,71.98829430768961,67.65969599946851,74.75338996908387,79.55693297854083,83.88783795280379,85.87076355707572,87.33477159016907,55.9954632889777,57.337978465800646,58.08192066785671,58.6468312802548,61.343194200931464,63.70765143251759,51.939102846744525,55.498163537432426,53.431617938783646,55.93470551730014,46.04220382077591,26.616279779419088,27.982161249520942,35.63761428231646,43.07423730885785,21.06817012212833,23.544453030747604,24.40380146917763,4.9951037601742625,4.079022431906948,0.0,7.56986347300928,47.788915564877094,52.78680401901452,55.04891940068715,57.66946629017415,60.63672411517016,62.67989053032089,63.896380563161266,65.50574876217603,71.0963366561278,75.78057042484602,81.51959229272559,85.97338191505845,20.63264584457379,46.04771085871104,52.18888419936834,58.32382454050956,61.42262874632664,63.527283901103075,69.34528397088658,73.39645786565978,77.55011389657687,78.05942236902186,83.7539557520562,85.59658313407071,59.171647353169334,68.40348151963472,73.62725814664482,43.806699896241696,50.12742335166987,55.6798392222617,58.73195029494566,64.85469559423748,65.41630488903236,40.535272783882,46.71737614762479,47.68086615795184,48.160313756756956,41.547976458727,46.738405150077995,50.17875527760862,55.62585340413435,59.466806150524235,39.88955087196854,43.003500454090904,44.17755086943333,45.31350509386317,45.70117634634391,46.80520306703505,47.75906993405582,48.2401291819661,53.3720822397531,59.61777539584073,88.37462460161674
148,100.83853732622532,100.7705226219328,95.88128945097439,90.09978748349224,86.58451309875358,84.74573442800498,72.77809447687007,65.76197375384939,65.40261321066191,60.300284820603125,53.84652676811928,47.82159149875747,41.676707366407996,34.90392994499515,29.528319095984585,21.10827930985529,15.866215784868201,45.786649605252535,48.49434050341653,51.12641762994605,55.38603204911593,60.726488022157945,61.68168957157042,67.96660397035104,74.46490967441596,86.66897183651776,94.87331760968758,98.39522963537824,100.90908221471352,107.14222767067702,109.9572031827645,115.03944573680995,119.14045501443805,126.13681431318189,133.81640834016147,137.40300740499487,138.38335317960448,59.7828991155622,65.77783205930729,73.6299669282458,76.68773147117581,84.49955776212722,90.2017568993023,91.63935941738579,93.96021184699005,97.35621817796178,102.91858107514855,105.5960222042866,109.73049073119547,111.7604715192819,115.49336918731407,116.02388685902729,119.80877523254642,121.6506690948523,121.93539176693868,100.62193091942174,103.95495402165191,105.70078906540606,92.60791061582071,97.86699323544175,105.25766810313823,74.62818827616992,80.62967189367518,85.0321149768559,89.48675331557426,101.85380378963573,108.3639892659841,111.31966375455258,111.71321138274354,108.90508777803801,109.53642839466448,110.43647339782292,85.4955150905304,87.1814453975123,89.13734621299349,91.79383976653357,95.11515953433673,97.45620737665008,85.83712906863764,90.56639381064564,95.89603451148092,20.564853885424565,29.35821223578035,37.197676867542185,42.70454854903816,52.522178630322806,59.12319721355042,64.87341466473453,75.24539983269965,81.98129456820962,88.75119188422276,90.9942551568762,93.01348919240515,98.66154464006162,101.30116049078069,104.11986166835752,91.60959085650241,101.6064796677201,102.83770398422665,92.46797119540895,94.08316089792365,97.77662585208411,103.99868440238309,108.27513847935599,73.08448414697625,73.76712467265527,74.19401346168262,79.00376743845118,82.79396189591414,85.72959640995025,59.2725848984939,61.92184167556466,64.66936005850188,68.79039492755628,72.65792020240127,78.79425915502024,82.41964769399503,93.35888017500288,75.24673861724258,78.57297582226025,79.55815778069888,75.22955947247779,82.32325344209315,87.1267964515501,91.45770142581307,93.440627030085,94.90463506317835,63.56532676198698,64.90784193880992,65.65178414086598,66.21669475326408,68.91305767394074,71.27751490552687,59.5089663197538,63.0680270104417,61.00148141179292,63.504568990309416,53.61206729378519,34.186143252428366,35.55202472253022,43.20747775532574,50.64410078186713,28.638033595137607,31.114316503756882,31.973664942186907,12.564967233183543,11.648885904916227,7.56986347300928,0.0,55.35877903788637,60.356667492023796,62.618782873696425,65.23932976318343,68.20658758817945,70.24975400333018,71.46624403617055,73.0756122351853,78.66620012913708,83.3504338978553,89.08945576573487,93.54324538806773,28.202509317583072,53.61757433172032,59.758747672377616,65.89368801351884,68.99249221933592,71.09714737411235,76.91514744389586,80.96632133866906,85.11997736958615,85.62928584203114,91.32381922506548,93.16644660707999,66.74151082617861,75.973344992644,81.1971216196541,51.376563369250974,57.697286824679146,63.249702695270976,66.30181376795494,72.42455906724676,72.98616836204164,48.10513625689128,54.28723962063407,55.25072963096112,55.730177229766234,49.11783993173628,54.30826862308727,57.7486187506179,63.195716877143624,67.03666962353351,47.459414344977816,50.57336392710018,51.74741434244261,52.88336856687245,53.271039819353184,54.37506654004433,55.3289334070651,55.809992654975375,60.941945712762376,67.18763886885002,95.94448807462602
149,60.55413336659674,60.486118662304214,55.596885491345816,49.815383523863666,46.30010913912501,44.46133046837641,32.493690517241504,25.477569794220827,25.11820925103335,20.01588086097456,13.562122808490717,7.537187539128904,13.68207167147838,20.454849092891223,25.830459941901786,34.25049972803108,39.492563253018176,69.41299707340251,72.12068797156651,74.75276509809602,79.0123795172659,84.35283549030791,85.30803703972039,91.59295143850102,98.09125714256594,110.29531930466773,118.49966507783753,122.0215771035282,124.53542968286348,130.76857513882698,133.58355065091445,138.6657932049599,142.766802482588,149.76316178133183,157.4427558083114,161.0293548731448,162.0097006477544,83.40924658371216,89.40417952745725,97.25631439639577,100.31407893932577,108.12590523027718,113.82810436745226,115.26570688553575,117.58655931514001,120.98256564611174,126.54492854329851,129.22236967243654,133.35683819934542,135.38681898743184,139.119716655464,139.6502343271772,143.43512270069633,145.2770165630022,145.5617392350886,124.2482783875717,127.58130148980187,129.327136533556,116.23425808397067,121.49334070359171,128.8840155712882,98.2545357443199,104.25601936182515,108.65846244500587,113.11310078372424,125.4801512577857,131.99033673413408,134.94601122270254,135.3395588508935,132.53143524618798,133.16277586281447,134.06282086597292,109.12186255868036,110.80779286566226,112.76369368114345,115.42018723468352,118.74150700248668,121.08255484480004,109.4634765367876,114.1927412787956,119.52238197963088,44.19120135357454,52.98455970393033,60.82402433569217,66.33089601718814,76.14852609847279,82.7495446817004,88.49976213288451,98.87174730084963,105.60764203635961,112.37753935237275,114.6206026250262,116.63983666055513,122.28789210821161,124.92750795893068,127.7462091365075,115.23593832465238,125.23282713587007,126.46405145237662,116.09431866355892,117.70950836607362,121.40297332023408,127.62503187053308,131.901485947506,96.71083161512622,97.39347214080524,97.82036092983259,102.63011490660115,106.4203093640641,109.3559438781002,82.89893236664389,85.54818914371465,88.29570752665187,92.41674239570627,96.28426767055126,102.42060662317023,106.04599516214502,116.98522764315287,98.87308608539256,102.19932329041022,103.18450524884885,98.85590694062778,105.94960091024313,110.7531439197001,115.08404889396306,117.06697449823498,118.53098253132833,87.19167423013694,88.53418940695988,89.27813160901594,89.84304222141404,92.5394051420907,94.90386237367683,83.13531378790377,86.69437447859167,84.62782887994291,87.1309164584594,77.23841476193516,57.812490720578346,59.1783721906802,66.83382522347573,74.27044825001713,52.26438106328759,54.74066397190686,55.60001241033689,42.793811804702834,43.70989313297015,47.7889155648771,55.35877903788638,0.0,4.997888454137422,7.260003835810052,9.880550725297056,12.847808550293067,14.890974965443796,16.10746499828417,17.716833197298925,23.307421091250703,27.991654859968918,33.73067672784849,38.18446635018135,51.82885678573305,13.33317037209175,19.474343712749047,25.609284053890274,28.708088259707353,30.812743414483787,36.63074348426729,40.68191737904049,44.835573409957576,45.34488188240257,51.039415265436915,52.882042647451435,26.45710686655004,35.688941033015425,40.91271766002552,11.092159409622406,17.412882865050577,22.965298735642406,26.01740980832637,32.14015510761819,32.70176440241307,20.11050056196166,26.292603925704455,27.256093936031505,27.73554153483662,8.833435972107708,14.0238646634587,17.464214790989327,22.911312917515055,26.752265663904943,19.464778650048196,22.578728232170562,11.463010382814044,12.598964607243884,12.986635859724622,14.090662580415767,15.044529447436535,15.525588695346809,20.65754175313381,26.903234909221446,55.66008411499746
150,65.55202182073415,65.48400711644163,60.594773945483226,54.813271978001076,51.29799759326242,49.45921892251382,37.491578971378914,30.475458248358244,30.116097705170766,25.01376931511198,18.560011262628137,12.535075993266325,18.6799601256158,25.452737547028644,30.828348396039207,39.2483881821685,44.490451707155586,74.41088552753992,77.11857642570392,79.75065355223343,84.01026797140331,89.35072394444532,90.3059254938578,96.59083989263843,103.08914559670335,115.29320775880514,123.49755353197494,127.01946555766561,129.5333181370009,135.76646359296439,138.58143910505186,143.6636816590973,147.7646909367254,154.76105023546924,162.4406442624488,166.0272433272822,167.00758910189182,88.40713503784957,94.40206798159466,102.25420285053318,105.31196739346318,113.1237936844146,118.82599282158967,120.26359533967316,122.58444776927742,125.98045410024915,131.54281699743592,134.22025812657395,138.35472665348283,140.38470744156925,144.1176051096014,144.6481227813146,148.43301115483374,150.27490501713962,150.559627689226,129.2461668417091,132.57918994393927,134.3250249876934,121.23214653810808,126.49122915772912,133.8819040254256,103.2524241984573,109.25390781596256,113.65635089914328,118.11098923786165,130.47803971192312,136.98822518827149,139.94389967683995,140.3374473050309,137.5293237003254,138.16066431695188,139.06070932011033,114.11975101281777,115.80568131979967,117.76158213528086,120.41807568882093,123.7393954566241,126.08044329893745,114.461364990925,119.190629732933,124.52027043376829,49.18908980771195,57.98244815806774,65.82191278982958,71.32878447132555,81.1464145526102,87.74743313583781,93.49765058702192,103.86963575498704,110.60553049049702,117.37542780651016,119.6184910791636,121.63772511469254,127.28578056234902,129.92539641306809,132.7440975906449,120.23382677878979,130.23071559000746,131.461939906514,121.09220711769633,122.70739682021103,126.40086177437149,132.62292032467047,136.89937440164337,101.70872006926363,102.39136059494265,102.81824938397,107.62800336073856,111.4181978182015,114.35383233223762,87.8968208207813,90.54607759785206,93.29359598078928,97.41463084984368,101.28215612468867,107.41849507730764,111.04388361628243,121.98311609729028,103.87097453952997,107.19721174454763,108.18239370298626,103.85379539476519,110.94748936438054,115.7510323738375,120.08193734810047,122.0648629523724,123.52887098546574,92.18956268427435,93.53207786109729,94.27602006315335,94.84093067555145,97.53729359622811,99.90175082781424,88.13320224204118,91.69226293272908,89.62571733408032,92.1288049125968,82.23630321607257,62.810379174715756,64.1762606448176,71.83171367761312,79.26833670415452,57.262269517425,59.73855242604427,60.5979008644743,47.791700258840244,48.70778158710756,52.78680401901451,60.35666749202379,4.997888454137422,0.0,2.2621153816726287,4.882662271159632,7.849920096155644,9.893086511306374,11.109576544146748,12.718944743161506,18.309532637113286,22.9937664058315,28.732788273711073,33.18657789604393,56.82674523987046,18.33105882622917,24.472232166886464,30.60717250802769,33.70597671384477,35.81063186862121,41.628631938404716,45.679805833177916,49.833461864095,50.34277033653999,56.03730371957434,57.87993110158886,31.454995320687456,40.68682948715284,45.91060611416294,16.09004786375983,22.410771319188,27.96318718977983,31.015298262463794,37.138043561755616,37.69965285655049,25.108389016099082,31.290492379841876,32.25398239016892,32.73342998897404,13.83132442624513,19.02175311759612,22.462103245126748,27.909201371652475,31.750154118042364,24.46266710418562,27.576616686307986,16.460898836951465,17.596853061381307,17.984524313862043,19.088551034553188,20.042417901573955,20.52347714948423,25.65543020727123,31.901123363358863,60.65797256913487
151,67.81413720240678,67.74612249811426,62.856889327155855,57.075387359673705,53.56011297493505,51.72133430418645,39.75369435305154,32.73757363003087,32.378213086843395,27.27588469678461,20.822126644300766,14.797191374938954,20.94207550728843,27.714852928701273,33.09046377771183,41.51050356384113,46.752567088828215,76.67300090921255,79.38069180737655,82.01276893390606,86.27238335307594,91.61283932611795,92.56804087553043,98.85295527431106,105.35126097837598,117.55532314047777,125.75966891364757,129.28158093933826,131.79543351867355,138.02857897463704,140.8435544867245,145.92579704076996,150.02680631839806,157.0231656171419,164.70275964412147,168.28935870895486,169.26970448356448,90.6692504195222,96.66418336326728,104.5163182322058,107.5740827751358,115.38590906608722,121.0881082032623,122.52571072134579,124.84656315095005,128.24256948192178,133.80493237910855,136.48237350824658,140.61684203515546,142.64682282324188,146.37972049127404,146.91023816298724,150.69512653650636,152.53702039881225,152.82174307089863,131.50828222338174,134.8413053256119,136.58714036936604,123.49426191978071,128.75334453940175,136.14401940709823,105.51453958012993,111.51602319763519,115.9184662808159,120.37310461953427,132.74015509359575,139.25034056994411,142.20601505851258,142.59956268670354,139.79143908199802,140.4227796986245,141.32282470178296,116.3818663944904,118.0677967014723,120.02369751695349,122.68019107049356,126.00151083829672,128.34255868061007,116.72348037259763,121.45274511460563,126.78238581544092,51.45120518938458,60.24456353974037,68.08402817150221,73.59089985299818,83.40852993428283,90.00954851751044,95.75976596869455,106.13175113665967,112.86764587216965,119.63754318818279,121.88060646083623,123.89984049636517,129.54789594402163,132.18751179474071,135.00621297231754,122.49594216046242,132.4928309716801,133.72405528818663,123.35432249936896,124.96951220188366,128.66297715604412,134.8850357063431,139.161489783316,103.97083545093626,104.65347597661528,105.08036476564263,109.89011874241119,113.68031319987413,116.61594771391024,90.15893620245393,92.80819297952469,95.5557113624619,99.6767462315163,103.5442715063613,109.68061045898027,113.30599899795506,124.2452314789629,106.1330899212026,109.45932712622026,110.44450908465889,106.11591077643781,113.20960474605317,118.01314775551013,122.3440527297731,124.32697833404502,125.79098636713837,94.45167806594698,95.79419324276992,96.53813544482598,97.10304605722408,99.79940897790074,102.16386620948687,90.39531762371381,93.95437831440171,91.88783271575295,94.39092029426943,84.4984185977452,65.07249455638839,66.43837602649025,74.09382905928577,81.53045208582716,59.524384899097626,62.0006678077169,62.86001624614693,50.05381564051287,50.96989696878019,55.04891940068714,62.61878287369642,7.260003835810052,2.2621153816726287,0.0,2.6205468894870037,5.587804714483015,7.630971129633744,8.847461162474119,10.456829361488877,16.047417255440656,20.73165102415887,26.470672892038444,30.924462514371303,59.08886062154309,20.5931742079018,26.734347548559093,32.86928788970032,35.96809209551739,38.07274725029383,43.89074732007734,47.94192121485054,52.09557724576762,52.604885718212614,58.29941910124696,60.14204648326148,33.71711070236009,42.94894486882547,48.17272149583557,18.352163245432457,24.67288670086063,30.22530257145246,33.27741364413642,39.400158943428245,39.96176823822312,27.37050439777171,33.55260776151451,34.51609777184156,34.995545370646674,16.093439807917758,21.28386849926875,24.724218626799377,30.171316753325105,34.01226949971499,26.72478248585825,29.838732067980615,18.723014218624094,19.858968443053936,20.24663969553467,21.350666416225817,22.304533283246585,22.78559253115686,27.91754558894386,34.16323874503149,62.9200879508075
152,70.4346840918938,70.36666938760128,65.47743621664287,59.69593424916072,56.18065986442207,54.341881193673466,42.37424124253856,35.35812051951788,34.998759976330405,29.896431586271614,23.442673533787772,17.41773826442596,23.56262239677544,30.335399818188282,35.71101066719885,44.13105045332814,49.37311397831523,79.29354779869956,82.00123869686357,84.63331582339308,88.89293024256295,94.23338621560497,95.18858776501745,101.47350216379807,107.97180786786299,120.17587002996478,128.3802158031346,131.9021278288253,134.41598040816058,140.64912586412407,143.46410137621154,148.546343930257,152.6473532078851,159.64371250662893,167.3233065336085,170.9099055984419,171.8902513730515,93.28979730900922,99.2847302527543,107.13686512169282,110.19462966462282,118.00645595557424,123.70865509274931,125.1462576108328,127.46711004043706,130.86311637140878,136.42547926859555,139.10292039773358,143.23738892464246,145.26736971272888,149.00026738076104,149.53078505247424,153.31567342599337,155.15756728829925,155.44228996038564,134.12882911286874,137.4618522150989,139.20768725885304,126.11480880926774,131.37389142888878,138.76456629658526,108.13508646961695,114.13657008712221,118.53901317030292,122.99365150902129,135.36070198308275,141.87088745943112,144.82656194799958,145.22010957619054,142.41198597148502,143.0433265881115,143.94337159126997,119.00241328397742,120.68834359095932,122.6442444064405,125.30073795998058,128.62205772778373,130.96310557009707,119.34402726208465,124.07329200409265,129.40293270492793,54.0717520788716,62.865110429227386,70.70457506098923,76.2114467424852,86.02907682376984,92.63009540699746,98.38031285818157,108.75229802614669,115.48819276165666,122.2580900776698,124.50115335032325,126.52038738585219,132.16844283350866,134.80805868422775,137.62675986180457,125.11648904994944,135.11337786116712,136.34460217767366,125.97486938885598,127.59005909137068,131.28352404553115,137.50558259583013,141.78203667280303,106.59138234042328,107.2740228661023,107.70091165512964,112.5106656318982,116.30086008936115,119.23649460339726,92.77948309194095,95.42873986901171,98.17625825194892,102.29729312100332,106.16481839584831,112.30115734846729,115.92654588744207,126.86577836844992,108.75363681068961,112.07987401570728,113.0650559741459,108.73645766592483,115.83015163554019,120.63369464499715,124.96459961926011,126.94752522353204,128.41153325662538,97.072224955434,98.41474013225694,99.158682334313,99.7235929467111,102.41995586738776,104.78441309897389,93.01586451320082,96.57492520388872,94.50837960523995,97.01146718375644,87.11896548723222,67.69304144587541,69.05892291597726,76.71437594877278,84.15099897531418,62.14493178858464,64.62121469720392,65.48056313563394,52.67436252999989,53.59044385826721,57.66946629017416,65.23932976318343,9.880550725297056,4.882662271159632,2.6205468894870037,0.0,2.9672578249960115,5.010424240146741,6.226914272987115,7.836282472001873,13.42687036595365,18.111104134671862,23.850126002551434,28.303915624884294,61.70940751103011,23.213721097388806,29.354894438046102,35.48983477918733,38.58863898500441,40.693294139780846,46.511294209564355,50.562468104337555,54.71612413525464,55.22543260769963,60.91996599073398,62.7625933727485,36.33765759184709,45.56949175831247,50.79326838532257,20.972710134919463,27.293433590347632,32.84584946093946,35.897960533623426,42.02070583291525,42.582315127710125,29.99105128725872,36.17315465100151,37.13664466132856,37.61609226013368,18.713986697404764,23.904415388755755,27.344765516286383,32.79186364281211,36.632816389202,29.34532937534526,32.459278957467625,21.343561108111103,22.479515332540945,22.86718658502168,23.971213305712826,24.925080172733594,25.406139420643868,30.538092478430865,36.7837856345185,65.54063484029452
153,73.40194191688981,73.33392721259729,68.44469404163888,62.66319207415673,59.14791768941808,57.30913901866948,45.34149906753457,38.325378344513894,37.966017801326416,32.86368941126763,26.409931358783783,20.38499608942197,26.52988022177145,33.3026576431843,38.67826849219486,47.098308278324154,52.34037180331124,82.26080562369557,84.96849652185958,87.60057364838909,91.86018806755897,97.20064404060098,98.15584559001346,104.44075998879408,110.939065692859,123.1431278549608,131.34747362813061,134.8693856538213,137.3832382331566,143.61638368912008,146.43135920120756,151.513601755253,155.6146110328811,162.61097033162494,170.2905643586045,173.8771634234379,174.85750919804752,96.25705513400523,102.25198807775031,110.10412294668883,113.16188748961883,120.97371378057025,126.67591291774532,128.11351543582882,130.43436786543307,133.8303741964048,139.39273709359156,142.0701782227296,146.20464674963847,148.2346275377249,151.96752520575706,152.49804287747025,156.28293125098938,158.12482511329526,158.40954778538165,137.09608693786475,140.4291100400949,142.17494508384905,129.08206663426375,134.3411492538848,141.73182412158127,111.10234429461296,117.10382791211822,121.50627099529893,125.9609093340173,138.32795980807876,144.83814528442713,147.7938197729956,148.18736740118655,145.37924379648103,146.01058441310752,146.91062941626598,121.96967110897343,123.65560141595533,125.61150223143652,128.2679957849766,131.58931555277974,133.93036339509308,122.31128508708066,127.04054982908866,132.37019052992395,57.03900990386761,65.8323682542234,73.67183288598524,79.1787045674812,88.99633464876585,95.59735323199347,101.34757068317758,111.7195558511427,118.45545058665267,125.22534790266582,127.46841117531926,129.4876452108482,135.13570065850467,137.77531650922376,140.59401768680058,128.08374687494543,138.0806356861631,139.31186000266965,128.942127213852,130.5573169163667,134.25078187052716,140.47284042082615,144.74929449779904,109.55864016541929,110.24128069109831,110.66816948012566,115.47792345689422,119.26811791435716,122.20375242839327,95.74674091693696,98.39599769400772,101.14351607694493,105.26455094599933,109.13207622084433,115.2684151734633,118.89380371243809,129.83303619344593,111.72089463568562,115.04713184070329,116.03231379914192,111.70371549092084,118.7974094605362,123.60095246999316,127.93185744425612,129.91478304852805,131.3787910816214,100.03948278043,101.38199795725295,102.12594015930901,102.6908507717071,105.38721369238377,107.7516709239699,95.98312233819684,99.54218302888474,97.47563743023596,99.97872500875245,90.08622331222823,70.66029927087142,72.02618074097327,79.6816337737688,87.11825680031019,65.11218961358065,67.58847252219994,68.44782096062995,55.6416203549959,56.55770168326322,60.63672411517017,68.20658758817945,12.847808550293067,7.849920096155644,5.587804714483015,2.9672578249960115,0.0,2.0431664151507296,3.2596564479911034,4.869024647005861,10.45961254095764,15.143846309675853,20.882868177555423,25.336657799888282,64.67666533602612,26.180978922384817,32.32215226304211,38.457092604183345,41.55589681000042,43.66055196477686,49.478552034560366,53.529725929333566,57.68338196025065,58.19269043269564,63.88722381572999,65.72985119774451,39.3049154168431,48.536749583308485,53.76052621031858,23.939967959915474,30.260691415343643,35.81310728593547,38.86521835861944,44.98796365791126,45.549572952706136,32.95830911225473,39.14041247599752,40.10390248632457,40.58335008512969,21.681244522400775,26.871673213751766,30.312023341282394,35.75912146780812,39.60007421419801,32.31258720034127,35.426536782463636,24.310818933107115,25.446773157536956,25.834444410017692,26.938471130708837,27.892337997729605,28.37339724563988,33.50535030342687,39.751043459514506,68.50789266529053
154,75.44510833204055,75.37709362774802,70.48786045678962,64.70635848930746,61.1910841045688,59.3523054338202,47.38466548268529,40.368544759664616,40.00918421647714,34.90685582641835,28.453097773934513,22.4281625045727,28.57304663692218,35.345824058335026,40.72143490734559,49.14147469347488,54.38353821846198,84.30397203884631,87.01166293701031,89.64374006353982,93.9033544827097,99.24381045575171,100.19901200516419,106.48392640394482,112.98223210800974,125.18629427011153,133.39064004328134,136.91255206897202,139.4264046483073,145.6595501042708,148.47452561635828,153.55676817040373,157.65777744803182,164.65413674677566,172.33373077375524,175.92032983858863,176.90067561319825,98.30022154915596,104.29515449290105,112.14728936183957,115.20505390476957,123.01688019572099,128.71907933289606,130.15668185097957,132.47753428058382,135.87354061155554,141.4359035087423,144.11334463788035,148.24781316478922,150.27779395287564,154.01069162090783,154.54120929262103,158.32609766614016,160.16799152844604,160.45271420053243,139.1392533530155,142.47227645524566,144.2181114989998,131.12523304941448,136.38431566903552,143.774990536732,113.1455107097637,119.14699432726896,123.54943741044967,128.00407574916804,140.3711262232295,146.88131169957788,149.83698618814634,150.2305338163373,147.42241021163179,148.05375082825827,148.95379583141673,124.01283752412417,125.69876783110607,127.65466864658725,130.31116220012734,133.6324819679305,135.97352981024383,124.3544515022314,129.0837162442394,134.4133569450747,59.082176319018345,67.87553466937413,75.71499930113598,81.22187098263194,91.03950106391659,97.6405196471442,103.39073709832832,113.76272226629344,120.49861700180341,127.26851431781655,129.51157759046998,131.53081162599892,137.1788670736554,139.81848292437448,142.6371841019513,130.12691329009618,140.12380210131386,141.3550264178204,130.98529362900274,132.60048333151744,136.2939482856779,142.51600683597687,146.79246091294976,111.60180658057003,112.28444710624905,112.71133589527639,117.52108987204495,121.3112843295079,124.24691884354401,97.7899073320877,100.43916410915845,103.18668249209567,107.30771736115007,111.17524263599506,117.31158158861403,120.93697012758882,131.87620260859666,113.76406105083636,117.09029825585402,118.07548021429265,113.74688190607158,120.84057587568694,125.6441188851439,129.97502385940686,131.9579494636788,133.42195749677214,102.08264919558074,103.42516437240369,104.16910657445975,104.73401718685784,107.4303801075345,109.79483733912063,98.02628875334757,101.58534944403547,99.51880384538671,102.0218914239032,92.12938972737896,72.70346568602216,74.06934715612401,81.72480018891953,89.16142321546093,67.15535602873139,69.63163893735067,70.49098737578069,57.68478677014664,58.600868098413954,62.679890530320904,70.24975400333018,14.890974965443796,9.893086511306374,7.630971129633744,5.010424240146741,2.0431664151507296,0.0,1.216490032840374,2.8258582318551317,8.41644612580691,13.100679894525124,18.839701762404694,23.293491384737553,66.71983175117686,28.224145337535546,34.36531867819284,40.50025901933407,43.59906322515114,45.70371837992758,51.52171844971109,55.57289234448429,59.72654837540137,60.235856847846364,65.9303902308807,67.77301761289522,41.34808183199384,50.57991599845922,55.80369262546932,25.983134375066204,32.30385783049437,37.8562737010862,40.908384773770166,47.03113007306199,47.592739367856865,35.00147552740546,41.18357889114826,42.14706890147531,42.626516500280424,23.724410937551504,28.914839628902495,32.35518975643313,37.80228788295885,41.64324062934874,34.355753615492,37.469703197614365,26.353985348257844,27.489939572687685,27.87761082516842,28.981637545859567,29.935504412880334,30.416563660790608,35.5485167185776,41.794209874665235,70.55105908044125
155,76.66159836488093,76.59358366058841,71.70435048963,65.92284852214785,62.407574137409185,60.56879546666058,48.601155515525676,41.585034792505,41.22567424931752,36.123345859258734,29.66958780677489,23.644652537413076,29.789536669762555,36.5623140911754,41.937924940185965,50.35796472631526,55.60002825130235,85.52046207168668,88.22815296985068,90.86023009638019,95.11984451555007,100.46030048859208,101.41550203800456,107.70041643678519,114.19872214085011,126.4027843029519,134.6071300761217,138.1290421018124,140.64289468114768,146.87604013711118,149.69101564919865,154.7732582032441,158.8742674808722,165.87062677961603,173.5502208065956,177.136819871429,178.11716564603861,99.51671158199633,105.51164452574142,113.36377939467994,116.42154393760994,124.23337022856136,129.93556936573643,131.37317188381994,133.6940243134242,137.0900306443959,142.65239354158268,145.32983467072071,149.4643031976296,151.494283985716,155.22718165374818,155.75769932546137,159.5425876989805,161.38448156128638,161.66920423337277,140.35574338585587,143.68876648808603,145.43460153184017,132.34172308225484,137.60080570187588,144.99148056957236,114.36200074260407,120.36348436010933,124.76592744329004,129.2205657820084,141.58761625606988,148.09780173241825,151.0534762209867,151.44702384917767,148.63890024447215,149.27024086109864,150.1702858642571,125.22932755696453,126.91525786394644,128.87115867942762,131.5276522329677,134.84897200077086,137.1900198430842,125.57094153507177,130.30020627707978,135.62984697791507,60.298666351858714,69.0920247022145,76.93148933397634,82.43836101547231,92.25599109675696,98.85700967998457,104.60722713116868,114.9792122991338,121.71510703464378,128.4850043506569,130.72806762331035,132.7473016588393,138.39535710649577,141.03497295721485,143.85367413479167,131.34340332293655,141.34029213415423,142.57151645066077,132.2017836618431,133.8169733643578,137.51043831851828,143.73249686881724,148.00895094579013,112.8182966134104,113.50093713908942,113.92782592811676,118.73757990488532,122.52777436234827,125.46340887638438,99.00639736492806,101.65565414199882,104.40317252493604,108.52420739399044,112.39173266883543,118.5280716214544,122.15346016042919,133.09269264143703,114.98055108367673,118.30678828869439,119.29197024713302,114.96337193891195,122.0570659085273,126.86060891798427,131.19151389224723,133.17443949651917,134.6384475296125,103.29913922842111,104.64165440524405,105.38559660730012,105.95050721969821,108.64687014037487,111.011327371961,99.24277878618794,102.80183947687584,100.73529387822708,103.23838145674357,93.34587976021933,73.91995571886252,75.28583718896438,82.9412902217599,90.3779132483013,68.37184606157176,70.84812897019104,71.70747740862106,58.901276802987006,59.81735813125432,63.89638056316127,71.46624403617055,16.107464998284172,11.109576544146748,8.847461162474119,6.2269142729871145,3.2596564479911034,1.216490032840374,0.0,1.6093681990147577,7.199956092966535,11.88418986168475,17.62321172956432,22.07700135189718,67.93632178401722,29.440635370375922,35.58180871103322,41.71674905217445,44.815553257991525,46.92020841276796,52.73820848255147,56.78938237732467,60.943038408241755,61.45234688068675,67.14688026372109,68.9895076457356,42.56457186483421,51.79640603129959,57.020182658309686,27.19962440790658,33.52034786333475,39.07276373392658,42.12487480661054,48.247620105902364,48.80922940069724,36.21796556024584,42.40006892398863,43.36355893431568,43.84300653312079,24.94090097039188,30.13132966174287,33.5716797892735,39.018777915799234,42.85973066218912,35.572243648332375,38.68619323045474,27.57047538109822,28.70642960552806,29.094100858008797,30.198127578699943,31.15199444572071,31.633053693630984,36.76500675141798,43.01069990750561,71.76754911328163
156,78.27096656389568,78.20295185960316,73.31371868864476,67.5322167211626,64.01694233642394,62.178163665675335,50.21052371454043,43.19440299151975,42.835042448332274,37.73271405827349,31.278956005789645,25.254020736427833,31.398904868777308,38.171682290190155,43.54729313920072,51.96733292533001,57.2093964503171,87.12983027070143,89.83752116886544,92.46959829539495,96.72921271456482,102.06966868760684,103.02487023701931,109.30978463579994,115.80809033986486,128.01215250196665,136.21649827513647,139.73841030082716,142.25226288016245,148.48540833612594,151.30038384821341,156.38262640225886,160.48363567988696,167.4799949786308,175.15958900561037,178.74618807044376,179.72653384505338,101.12607978101109,107.12101272475617,114.97314759369469,118.03091213662469,125.84273842757611,131.54493756475117,132.98254008283467,135.30339251243893,138.69939884341065,144.26176174059742,146.93920286973545,151.07367139664433,153.10365218473075,156.83654985276291,157.3670675244761,161.15195589799524,162.99384976030112,163.2785724323875,141.9651115848706,145.29813468710077,147.0439697308549,133.9510912812696,139.21017390089065,146.60084876858713,115.97136894161882,121.97285255912408,126.37529564230479,130.82993398102315,143.19698445508462,149.707169931433,152.66284442000145,153.0563920481924,150.2482684434869,150.87960906011338,151.77965406327183,126.83869575597929,128.52462606296118,130.48052687844236,133.13702043198245,136.4583401997856,138.79938804209894,127.18030973408652,131.90957447609452,137.2392151769298,61.90803455087347,70.70139290122926,78.5408575329911,84.04772921448706,93.86535929577171,100.46637787899932,106.21659533018344,116.58858049814856,123.32447523365853,130.09437254967168,132.33743582232512,134.35666985785406,140.00472530551053,142.64434115622961,145.46304233380644,132.9527715219513,142.94966033316896,144.1808846496755,133.81115186085785,135.42634156337255,139.11980651753302,145.341865067832,149.6183191448049,114.42766481242515,115.11030533810417,115.53719412713151,120.34694810390008,124.13714256136302,127.07277707539913,100.61576556394282,103.26502234101358,106.01254072395079,110.13357559300519,114.00110086785018,120.13743982046915,123.76282835944394,134.7020608404518,116.58991928269148,119.91615648770915,120.90133844614778,116.5727401379267,123.66643410754206,128.46997711699902,132.80088209126197,134.7838076955339,136.24781572862724,104.90850742743586,106.25102260425881,106.99496480631487,107.55987541871296,110.25623833938963,112.62069557097576,100.8521469852027,104.4112076758906,102.34466207724182,104.8477496557583,94.95524795923409,75.52932391787728,76.89520538797913,84.55065842077465,91.98728144731605,69.98121426058651,72.4574971692058,73.31684560763581,60.51064500200176,61.42672633026908,65.50574876217603,73.0756122351853,17.71683319729893,12.718944743161506,10.456829361488877,7.836282472001873,4.869024647005862,2.8258582318551317,1.6093681990147577,0.0,5.590587893951778,10.274821662669991,16.013843530549565,20.467633152882424,69.54568998303198,31.05000356939068,37.19117691004797,43.3261172511892,46.42492145700628,48.529576611782716,54.347576681566224,58.398750576339424,62.55240660725651,63.0617150797015,68.75624846273584,70.59887584475035,44.17394006384896,53.40577423031434,58.62955085732444,28.808992606921336,35.12971606234951,40.68213193294134,43.7342430056253,49.856988304917124,50.418597599712,37.82733375926059,44.00943712300338,44.97292713333043,45.452374732135546,26.550269169406636,31.740697860757628,35.181047988288256,40.62814611481399,44.469098861203875,37.18161184734713,40.295561429469494,29.179843580112973,30.315797804542814,30.70346905702355,31.807495777714696,32.76136264473546,33.24242189264574,38.37437495043274,44.62006810652037,73.37691731229638
157,83.86155445784746,83.79353975355494,78.90430658259653,73.12280461511438,69.60753023037572,67.76875155962712,55.80111160849221,48.78499088547153,48.42563034228405,43.323301952225265,36.86954389974142,30.844608630379607,36.989492762729085,43.76227018414193,49.137881033152496,57.55792081928179,62.79998434426888,92.72041816465321,95.42810906281721,98.06018618934672,102.3198006085166,107.66025658155861,108.61545813097109,114.90037252975172,121.39867823381664,133.60274039591843,141.80708616908825,145.32899819477893,147.84285077411423,154.07599623007772,156.8909717421652,161.97321429621064,166.07422357383874,173.07058287258258,180.75017689956215,184.33677596439554,185.31712173900516,106.71666767496286,112.71160061870795,120.56373548764647,123.62150003057647,131.4333263215279,137.13552545870294,138.57312797678645,140.8939804063907,144.28998673736243,149.8523496345492,152.52979076368723,156.6642592905961,158.69424007868253,162.42713774671472,162.95765541842792,166.74254379194704,168.58443765425292,168.8691603263393,147.5556994788224,150.88872258105255,152.6345576248067,139.5416791752214,144.80076179484243,152.1914366625389,121.5619568355706,127.56344045307586,131.96588353625657,136.42052187497492,148.7875723490364,155.29775782538476,158.25343231395323,158.64697994214418,155.83885633743867,156.47019695406516,157.3702419572236,132.42928364993108,134.11521395691298,136.07111477239417,138.72760832593426,142.0489280937374,144.38997593605075,132.7708976280383,137.50016237004633,142.8298030708816,67.49862244482524,76.29198079518103,84.13144542694288,89.63831710843884,99.45594718972349,106.0569657729511,111.80718322413522,122.17916839210034,128.9150631276103,135.68496044362342,137.92802371627687,139.9472577518058,145.59531319946228,148.23492905018136,151.0536302277582,138.54335941590307,148.54024822712074,149.77147254362728,139.40173975480963,141.01692945732432,144.7103944114848,150.93245296178375,155.20890703875665,120.01825270637693,120.70089323205595,121.12778202108329,125.93753599785185,129.7277304553148,132.6633649693509,106.2063534578946,108.85561023496535,111.60312861790257,115.72416348695697,119.59168876180196,125.72802771442093,129.35341625339572,140.29264873440357,122.18050717664326,125.50674438166092,126.49192634009955,122.16332803187848,129.25702200149382,134.0605650109508,138.39146998521375,140.3743955894857,141.83840362257902,110.49909532138764,111.84161049821058,112.58555270026665,113.15046331266474,115.8468262333414,118.21128346492753,106.44273487915447,110.00179556984237,107.9352499711936,110.43833754971008,100.54583585318586,81.11991181182906,82.48579328193091,90.14124631472643,97.57786934126783,75.57180215453829,78.04808506315757,78.90743350158759,66.10123289595353,67.01731422422084,71.09633665612779,78.66620012913707,23.307421091250703,18.309532637113282,16.047417255440653,13.426870365953649,10.459612540957638,8.416446125806909,7.199956092966535,5.590587893951778,0.0,4.684233768718213,10.423255636597785,14.877045258930645,75.13627787698375,36.64059146334245,42.78176480399975,48.91670514514098,52.015509350958055,54.12016450573449,59.938164575518,63.9893384702912,68.14299450120829,68.65230297365328,74.34683635668762,76.18946373870213,49.76452795780074,58.99636212426612,64.22013875127621,34.39958050087311,40.72030395630128,46.27271982689311,49.32483089957707,55.447576198868894,56.00918549366377,43.41792165321237,49.60002501695516,50.56351502728221,51.04296262608732,32.14085706335841,37.3312857547094,40.77163588224003,46.21873400876575,50.05968675515564,42.772199741298905,45.88614932342127,34.77043147406475,35.90638569849459,36.294056950975325,37.39808367166647,38.35195053868724,38.833009786597515,43.964962844384516,50.21065600047215,78.96750520624816
158,88.54578822656566,88.47777352227314,83.58854035131473,77.80703838383258,74.29176399909392,72.45298532834532,60.48534537721041,53.46922465418974,53.10986411100226,48.00753572094347,41.55377766845963,35.52884239909782,41.673726531447294,48.44650395286014,53.822114801870704,62.242154588,67.4842181129871,97.40465193337143,100.11234283153543,102.74441995806494,107.00403437723482,112.34449035027683,113.29969189968931,119.58460629846994,126.08291200253485,138.28697416463666,146.49131993780648,150.01323196349716,152.52708454283245,158.76022999879595,161.57520551088342,166.65744806492887,170.75845734255697,177.7548166413008,185.43441066828038,189.02100973311377,190.0013555077234,111.40090144368108,117.39583438742616,125.24796925636468,128.30573379929467,136.1175600902461,141.81975922742114,143.25736174550465,145.5782141751089,148.97422050608063,154.5365834032674,157.21402453240543,161.3484930593143,163.37847384740073,167.1113715154329,167.6418891871461,171.42677756066522,173.2686714229711,173.55339409505748,152.2399332475406,155.57295634977075,157.3187913935249,144.2259129439396,149.48499556356063,156.8756704312571,126.24619060428881,132.24767422179409,136.6501173049748,141.10475564369315,153.47180611775462,159.981991594103,162.93766608267146,163.33121371086241,160.5230901061569,161.1544307227834,162.05447572594184,137.11351741864928,138.79944772563118,140.75534854111237,143.41184209465246,146.7331618624556,149.07420970476895,137.4551313967565,142.18439613876453,147.5140368395998,72.18285621354346,80.97621456389925,88.81567919566109,94.32255087715706,104.1401809584417,110.74119954166932,116.49141699285343,126.86340216081855,133.59929689632853,140.36919421234165,142.6122574849951,144.63149152052404,150.2795469681805,152.9191628188996,155.73786399647642,143.2275931846213,153.22448199583897,154.4557063123455,144.08597352352785,145.70116322604255,149.39462818020303,155.61668673050198,159.89314080747488,124.70248647509514,125.38512700077416,125.8120157898015,130.62176976657008,134.411964224033,137.3475987380691,110.89058722661281,113.53984400368357,116.28736238662079,120.40839725567518,124.27592253052018,130.41226148313913,134.03765002211392,144.97688250312177,126.86474094536148,130.19097815037912,131.17616010881775,126.8475618005967,133.94125577021205,138.74479877966903,143.07570375393198,145.05862935820392,146.52263739129725,115.18332909010586,116.5258442669288,117.26978646898486,117.83469708138296,120.53106000205962,122.89551723364575,111.12696864787269,114.68602933856059,112.61948373991183,115.12257131842831,105.23006962190408,85.80414558054727,87.17002705064913,94.82548008344465,102.26210310998604,80.2560359232565,82.73231883187579,83.5916672703058,70.78546666467174,71.70154799293906,75.780570424846,83.35043389785528,27.991654859968918,22.993766405831497,20.731651024158868,18.111104134671866,15.143846309675853,13.100679894525124,11.88418986168475,10.274821662669991,4.684233768718213,0.0,5.739021867879572,10.192811490212431,79.82051164570197,41.32482523206066,47.46599857271796,53.60093891385918,56.699743119676256,58.804398274452694,64.6223983442362,68.6735722390094,72.8272282699265,73.33653674237148,79.03107012540582,80.87369750742033,54.44876172651895,63.680595892984336,68.90437251999442,39.08381426959132,45.404537725019495,50.956953595611324,54.00906466829529,60.13180996758711,60.69341926238199,48.102155421930576,54.28425878567337,55.24774879600042,55.72719639480554,36.825090832076626,42.01551952342761,45.45586965095824,50.902967777483966,54.743920523873854,47.45643351001711,50.57038309213948,39.45466524278296,40.5906194672128,40.97829071969353,42.08231744038468,43.03618430740545,43.51724355531572,48.649196613102724,54.89488976919036,83.65173897496636
159,94.28481009444523,94.21679539015271,89.3275622191943,83.54606025171215,80.03078586697349,78.19200719622489,66.22436724508998,59.20824652206931,58.84888597888183,53.746557588823045,47.2927995363392,41.26786426697739,47.412748399326865,54.18552582073971,59.561136669750276,67.98117645587956,73.22323998086665,103.14367380125098,105.85136469941499,108.4834418259445,112.74305624511437,118.08351221815639,119.03871376756886,125.3236281663495,131.82193387041443,144.02599603251622,152.23034180568604,155.75225383137672,158.266106410712,164.4992518666755,167.31422737876298,172.39646993280843,176.49747921043652,183.49383850918036,191.17343253615994,194.76003160099333,195.74037737560295,117.13992331156064,123.13485625530572,130.98699112424424,134.04475566717423,141.85658195812564,147.5587810953007,148.9963836133842,151.31723604298847,154.71324237396018,160.27560527114696,162.953046400285,167.08751492719387,169.11749571528028,172.85039338331245,173.38091105502565,177.16579942854477,179.00769329085065,179.29241596293704,157.97895511542015,161.3119782176503,163.05781326140445,149.96493481181915,155.2240174314402,162.61469229913666,131.98521247216837,137.98669608967364,142.38913917285436,146.8437775115727,159.21082798563418,165.72101346198255,168.676687950551,169.07023557874197,166.26211197403646,166.89345259066295,167.7934975938214,142.85253928652884,144.53846959351074,146.49437040899193,149.15086396253201,152.47218373033516,154.8132315726485,143.19415326463607,147.92341800664408,153.25305870747937,77.92187808142302,86.7152364317788,94.55470106354065,100.06157274503661,109.87920282632126,116.48022140954888,122.23043886073299,132.60242402869812,139.33831876420808,146.1082160802212,148.35127935287466,150.3705133884036,156.01856883606007,158.65818468677915,161.47688586435598,148.96661505250086,158.96350386371853,160.19472818022507,149.8249953914074,151.4401850939221,155.1336500480826,161.35570859838154,165.63216267535444,130.4415083429747,131.12414886865375,131.5510376576811,136.36079163444967,140.15098609191256,143.08662060594867,116.62960909449237,119.27886587156313,122.02638425450034,126.14741912355474,130.01494439839973,136.1512833510187,139.77667188999348,150.71590437100133,132.60376281324105,135.9300000182587,136.91518197669734,132.58658366847624,139.68027763809158,144.48382064754855,148.8147256218115,150.79765122608345,152.26165925917678,120.92235095798542,122.26486613480836,123.00880833686442,123.57371894926251,126.27008186993918,128.6345391015253,116.86599051575224,120.42505120644014,118.35850560779139,120.86159318630787,110.96909148978364,91.54316744842683,92.90904891852868,100.5645019513242,108.0011249778656,85.99505779113606,88.47134069975534,89.33068913818536,76.5244885325513,77.44056986081861,81.51959229272556,89.08945576573484,33.73067672784849,28.732788273711066,26.470672892038436,23.850126002551434,20.882868177555423,18.839701762404694,17.62321172956432,16.013843530549565,10.423255636597785,5.739021867879572,0.0,4.4537896223328595,85.55953351358153,47.06384709994023,53.20502044059753,59.33996078173875,62.43876498755583,64.54342014233227,70.36142021211577,74.41259410688897,78.56625013780607,79.07555861025105,84.77009199328539,86.6127193752999,60.187783594398525,69.41961776086391,74.64339438787401,44.822836137470894,51.14355959289907,56.695975463490896,59.74808653617486,65.87083183546669,66.43244113026157,53.84117728981015,60.023280653552945,60.986770663879994,61.46621826268511,42.5641126999562,47.754541391307185,51.194891518837814,56.64198964536354,60.482942391753426,53.195455377896685,56.30940496001905,45.19368711066253,46.32964133509237,46.717312587573105,47.82133930826425,48.77520617528502,49.256265423195295,54.388218480982296,60.63391163706993,89.39076084284594
160,98.7385997167781,98.67058501248557,93.78135184152717,87.99984987404501,84.48457548930635,82.64579681855776,70.67815686742284,63.662036144402165,63.30267560121469,58.2003472111559,51.74658915867206,45.72165388931025,51.86653802165972,58.63931544307257,64.01492629208313,72.43496607821243,77.67702960319951,107.59746342358385,110.30515432174785,112.93723144827736,117.19684586744724,122.53730184048925,123.49250338990173,129.77741778868236,136.2757234927473,148.47978565484908,156.6841314280189,160.20604345370958,162.71989603304488,168.95304148900837,171.76801700109584,176.8502595551413,180.9512688327694,187.94762813151323,195.6272221584928,199.2138212233262,200.1941669979358,121.5937129338935,127.58864587763858,135.4407807465771,138.4985452895071,146.3103715804585,152.01257071763357,153.45017323571707,155.77102566532133,159.16703199629305,164.72939489347982,167.40683602261785,171.54130454952673,173.57128533761315,177.3041830056453,177.8347006773585,181.61958905087764,183.46148291318352,183.7462055852699,162.432744737753,165.76576783998317,167.5116028837373,154.418724434152,159.67780705377305,167.06848192146953,136.43900209450123,142.4404857120065,146.84292879518722,151.29756713390557,163.66461760796705,170.1748030843154,173.13047757288388,173.52402520107483,170.71590159636932,171.3472422129958,172.24728721615426,147.3063289088617,148.9922592158436,150.9481600313248,153.60465358486488,156.92597335266802,159.26702119498137,147.64794288696893,152.37720762897695,157.70684832981223,82.37566770375588,91.16902605411167,99.00849068587351,104.51536236736948,114.33299244865412,120.93401103188174,126.68422848306585,137.056213651031,143.79210838654095,150.56200570255407,152.80506897520752,154.82430301073646,160.47235845839293,163.11197430911201,165.93067548668884,153.42040467483372,163.4172934860514,164.64851780255793,154.27878501374028,155.89397471625497,159.58743967041545,165.8094982207144,170.0859522976873,134.89529796530758,135.5779384909866,136.00482728001396,140.81458125678253,144.60477571424542,147.54041022828153,121.08339871682523,123.73265549389599,126.4801738768332,130.6012087458876,134.46873402073257,140.60507297335153,144.23046151232631,155.16969399333416,137.0575524355739,140.38378964059157,141.3689715990302,137.0403732908091,144.13406726042444,148.93761026988142,153.26851524414437,155.2514408484163,156.71544888150964,125.37614058031828,126.71865575714122,127.46259795919728,128.02750857159538,130.72387149227202,133.08832872385815,121.31978013808511,124.87884082877301,122.81229523012425,125.31538280864073,115.4228811121165,95.99695707075969,97.36283854086155,105.01829157365707,112.45491460019846,90.44884741346893,92.92513032208821,93.78447876051823,80.97827815488417,81.89435948315148,85.97338191505843,93.5432453880677,38.184466350181346,33.18657789604392,30.924462514371292,28.30391562488429,25.33665779988828,23.29349138473755,22.077001351897177,20.46763315288242,14.877045258930645,10.192811490212431,4.4537896223328595,0.0,90.01332313591439,51.517636722273096,57.65881006293039,63.793750404071616,66.89255460988869,68.99720976466513,74.81520983444864,78.86638372922184,83.02003976013893,83.52934823258391,89.22388161561825,91.06650899763277,64.64157321673139,73.87340738319678,79.09718401020687,49.27662575980375,55.59734921523192,61.14976508582375,64.20187615850772,70.32462145779954,70.88623075259441,58.294966912143,64.4770702758858,65.44056028621284,65.92000788501795,47.01790232228905,52.20833101364005,55.64868114117068,61.0957792676964,64.93673201408629,57.64924500022954,60.76319458235191,49.647476732995386,50.783430957425225,51.17110220990596,52.275128930597106,53.22899579761788,53.71005504552815,58.84200810331515,65.08770125940279,93.8445504651788
161,97.308615074072,97.24060036977947,92.35136719882107,86.56986523133891,83.05459084660025,81.21581217585165,69.24817222471674,62.23205150169606,61.872690958508585,56.7703625684498,50.316604515965956,44.291669246604144,38.14678511425467,31.374007692841822,25.99839684383126,17.578357057701965,12.33629353271487,42.25672735309921,44.964418251263204,47.59649537779272,51.856109796962606,57.19656577000462,58.1517673194171,64.43668171819772,70.93498742226264,83.13904958436443,91.34339535753423,94.8653073832249,97.37915996256018,103.61230541852368,106.42728093061116,111.50952348465661,115.6105327622847,122.60689206102855,130.28648608800813,133.87308515284153,134.85343092745114,56.252976863408875,62.24790980715397,70.1000446760925,73.1578092190225,80.96963550997391,86.67183464714898,88.10943716523248,90.43028959483674,93.82629592580847,99.38865882299524,102.06609995213329,106.20056847904216,108.23054926712858,111.96344693516076,112.49396460687397,116.27885298039311,118.12074684269899,118.40546951478537,97.09200866726843,100.4250317694986,102.17086681325274,89.0779883636674,94.33707098328844,101.72774585098492,71.0982660240166,77.09974964152185,81.50219272470257,85.95683106342094,98.32388153748241,104.83406701383078,107.78974150239924,108.1832891305902,105.37516552588468,106.00650614251116,106.9065511456696,81.96559283837709,83.651523145359,85.60742396084018,88.26391751438025,91.58523728218341,93.92628512449677,82.30720681648432,87.03647155849232,92.36611225932761,7.637655432158508,16.431013782514295,24.270478414276134,29.777350095772103,39.594980177056755,46.19599876028437,51.94621621146848,62.3182013794336,69.05409611494358,75.82399343095672,78.06705670361016,80.0862907391391,85.73434618679558,88.37396203751464,91.19266321509147,88.07966860434908,98.07655741556677,99.30778173207332,88.93804894325562,90.55323864577032,94.24670359993078,91.07148594911705,95.34794002608994,69.55456189482292,70.23720242050194,70.66409120952929,75.47384518629785,79.26403964376082,82.19967415779693,46.34538644522785,48.994643222298606,51.74216160523582,55.86319647429021,59.7307217491352,65.86706070175417,69.49244924072896,80.43168172173681,71.71681636508926,75.04305357010692,76.02823552854555,62.302361019211745,69.3960549888271,74.19959799828406,78.53050297254703,80.51342857681895,81.9774366099123,60.035404509833654,61.3779196866566,62.12186188871266,62.68677250111075,65.38313542178741,67.74759265337354,55.979044067600476,59.53810475828838,48.07428295852687,50.577370537043365,50.08214504163186,21.258944799162315,22.62482626926417,30.280279302059693,37.71690232860109,15.710835141871552,18.18711805049083,19.046466488920856,15.637542084399529,16.553623412666845,20.632645844573794,28.202509317583075,51.828856785733045,56.82674523987047,59.0888606215431,61.7094075110301,64.67666533602612,66.71983175117686,67.93632178401722,69.54568998303198,75.13627787698375,79.82051164570197,85.55953351358154,90.0133231359144,0.0,50.08765207956699,56.22882542022429,62.363765761365514,65.46256996718259,67.56722512195903,73.38522519174253,77.43639908651573,81.59005511743283,82.09936358987781,87.79389697291215,89.63652435492666,63.211588574025285,72.44342274049067,77.66719936750077,47.84664111709765,54.16736457252582,59.71978044311765,62.77189151580161,68.89463681509343,69.45624610988831,44.57521400473795,50.75731736848074,51.72080737880779,52.20025497761291,45.58791767958295,50.778346370933946,54.218696498464574,59.6657946249903,63.506747371380186,43.92949209282449,47.043441674946855,48.217492090289284,49.35344631471912,49.74111756719986,50.845144287891,51.799011154911774,52.28007040282205,57.41202346060905,63.65771661669668,92.4145658224727
162,58.81292866043068,58.744913956138156,53.85568078517976,48.07417881769761,44.558904432958954,42.72012576221035,30.75248581107544,23.736365088054768,23.37700454486729,18.2746761548085,11.820918102324658,5.795982832962846,11.940866965312322,18.713644386725168,24.08925523573573,32.50929502186503,37.75135854685212,67.67179236723645,70.37948326540045,73.01156039192996,77.27117481109984,82.61163078414185,83.56683233355433,89.85174673233496,96.35005243639988,108.55411459850167,116.75846037167148,120.28037239736214,122.79422497669742,129.02737043266092,131.8423459447484,136.92458849879384,141.02559777642193,148.02195707516577,155.70155110214534,159.28815016697874,160.26849594158836,81.6680418775461,87.66297482129119,95.5151096902297,98.57287423315971,106.38470052411112,112.0868996612862,113.52450217936969,115.84535460897395,119.24136093994568,124.80372383713245,127.4811649662705,131.61563349317936,133.64561428126578,137.37851194929794,137.90902962101114,141.69391799453027,143.53581185683615,143.82053452892254,122.50707368140564,125.84009678363581,127.58593182738996,114.49305337780461,119.75213599742565,127.14281086512213,96.51333103815384,102.5148146556591,106.91725773883981,111.37189607755818,123.73894655161965,130.24913202796802,133.20480651653648,133.59835414472744,130.79023054002192,131.4215711566484,132.32161615980687,107.3806578525143,109.0665881594962,111.02248897497739,113.67898252851747,117.00030229632063,119.34135013863398,107.72227183062154,112.45153657262954,117.78117727346482,42.44999664740848,51.24335499776427,59.082819629526114,64.58969131102208,74.40732139230673,81.00833997553434,86.75855742671845,97.13054259468358,103.86643733019355,110.63633464620669,112.87939791886014,114.89863195438907,120.54668740204555,123.18630325276462,126.00500443034144,113.49473361848632,123.49162242970401,124.72284674621056,114.35311395739286,115.96830365990756,119.66176861406802,125.88382716436702,130.16028124133993,94.96962690896017,95.65226743463919,96.07915622366653,100.88891020043509,104.67910465789804,107.61473917193415,81.15772766047783,83.80698443754859,86.55450282048581,90.6755376895402,94.5430629643852,100.67940191700417,104.30479045597896,115.24402293698681,97.1318813792265,100.45811858424416,101.44330054268279,97.11470223446172,104.20839620407708,109.01193921353403,113.342844187797,115.32576979206893,116.78977782516228,85.45046952397088,86.79298470079382,87.53692690284988,88.10183751524798,90.79820043592464,93.16265766751077,81.39410908173771,84.95316977242561,82.88662417377685,85.38971175229334,75.4972100557691,56.07128601441229,57.43716748451414,65.09262051730967,72.52924354385107,50.52317635712153,52.9994592657408,53.85880770417083,41.052607098536775,41.96868842680409,46.04771085871104,53.61757433172032,13.33317037209175,18.331058826229174,20.593174207901804,23.213721097388806,26.180978922384817,28.224145337535546,29.44063537037592,31.050003569390675,36.64059146334245,41.32482523206067,47.06384709994024,51.517636722273096,50.08765207956699,0.0,6.141173340657295,12.276113681798522,15.3749178876156,17.479573042392037,23.29757311217554,27.34874700694874,31.502403037865825,32.01171151031082,37.706244893345165,39.548872275359685,13.123936494458286,22.35577066092367,27.579547287933764,9.350954703456347,15.671678158884518,21.224094029476348,24.27620510216031,30.398950401452133,30.96055969624701,18.369295855795603,24.551399219538396,25.514889229865446,25.994336828670562,7.09223126594165,12.28265995729264,15.723010084823269,21.170108211348996,25.011060957738884,17.72357394388214,20.837523526004507,9.721805676647987,10.857759901077827,11.245431153558565,12.34945787424971,13.303324741270478,13.784383989180752,18.91633704696775,25.162030203055387,53.9188794088314
163,64.95410200108797,64.88608729679545,59.99685412583705,54.2153521583549,50.70007777361624,48.86129910286764,36.893659151732734,29.877538428712064,29.518177885524587,24.415849495465796,17.962091442981954,11.93715617362014,18.082040305969617,24.85481772738246,30.230428576393024,38.65046836252232,43.892531887509406,73.81296570789374,76.52065660605774,79.15273373258725,83.41234815175713,88.75280412479914,89.70800567421162,95.99292007299225,102.49122577705717,114.69528793915896,122.89963371232878,126.42154573801945,128.93539831735472,135.16854377331822,137.9835192854057,143.06576183945114,147.16677111707924,154.16313041582308,161.84272444280265,165.42932350763604,166.40966928224566,87.80921521820339,93.80414816194848,101.656283030887,104.714047573817,112.52587386476841,118.22807300194349,119.66567552002698,121.98652794963124,125.38253428060297,130.94489717778973,133.62233830692776,137.75680683383663,139.78678762192305,143.51968528995525,144.05020296166845,147.83509133518757,149.67698519749345,149.96170786957984,128.64824702206292,131.98127012429308,133.72710516804722,120.63422671846192,125.89330933808296,133.28398420577943,102.65450437881113,108.65598799631638,113.0584310794971,117.51306941821547,129.88011989227692,136.3903053686253,139.34597985719375,139.7395274853847,136.9314038806792,137.5627444973057,138.46278950046414,113.5218311931716,115.2077615001535,117.16366231563468,119.82015586917476,123.1414756369779,125.48252347929126,113.86344517127883,118.59270991328682,123.92235061412211,48.59116998806577,57.38452833842156,65.2239929701834,70.73086465167937,80.54849473296402,87.14951331619163,92.89973076737574,103.27171593534086,110.00761067085084,116.77750798686398,119.02057125951742,121.03980529504636,126.68786074270284,129.32747659342192,132.14617777099875,119.63590695914361,129.6327957703613,130.86402008686784,120.49428729805015,122.10947700056485,125.80294195472531,132.0250005050243,136.3014545819972,101.11080024961745,101.79344077529647,102.22032956432382,107.03008354109238,110.82027799855533,113.75591251259144,87.29890100113512,89.94815777820588,92.6956761611431,96.8167110301975,100.68423630504249,106.82057525766146,110.44596379663625,121.3851962776441,103.27305471988379,106.59929192490145,107.58447388334008,103.255875575119,110.34956954473436,115.15311255419132,119.48401752845429,121.46694313272621,122.93095116581956,91.59164286462817,92.93415804145111,93.67810024350717,94.24301085590527,96.93937377658193,99.30383100816806,87.535282422395,91.0943431130829,89.02779751443413,91.53088509295061,81.63838339642639,62.212459355069576,63.57834082517143,71.23379385796696,78.67041688450836,56.66434969777882,59.14063260639809,59.99998104482812,47.193780439194065,48.10986176746138,52.18888419936833,59.75874767237761,19.474343712749043,24.472232166886464,26.734347548559093,29.354894438046095,32.322152263042106,34.365318678192835,35.58180871103321,37.19117691004797,42.78176480399975,47.465998572717965,53.205020440597536,57.6588100629304,56.22882542022428,6.141173340657295,0.0,6.1349403411412275,9.233744546958306,11.33839970173474,17.156399771518245,21.207573666291445,25.36122969720853,25.87053816965352,31.56507155268787,33.40769893470239,6.982763153800992,16.21459732026638,21.438373947276474,15.492128044113642,21.812851499541814,27.365267370133644,30.417378442817608,36.54012374210943,37.10173303690431,24.5104691964529,30.692572560195693,31.656062570522742,32.13551016932786,13.233404606598945,18.423833297949937,21.864183425480565,27.311281552006292,31.15223429839618,23.864747284539433,26.9786968666618,15.862979017305282,16.998933241735124,17.38660449421586,18.490631214907005,19.444498081927772,19.925557329838046,25.057510387625047,31.303203543712684,60.06005274948869
164,71.0890423422292,71.02102763793668,66.13179446697828,60.35029249949613,56.835018114757474,54.99623944400887,43.028599492873965,36.01247876985329,35.65311822666581,30.550789836607024,24.097031784123182,18.07209651476137,24.216980647110844,30.989758068523688,36.365368917534255,44.78540870366355,50.02747222865064,79.94790604903497,82.65559694719897,85.28767407372848,89.54728849289836,94.88774446594037,95.84294601535285,102.12786041413348,108.6261661181984,120.83022828030019,129.03457405347,132.5564860791607,135.07033865849598,141.30348411445948,144.11845962654695,149.2007021805924,153.3017114582205,160.29807075696434,167.9776647839439,171.5642638487773,172.54460962338692,93.94415555934462,99.9390885030897,107.79122337202823,110.84898791495823,118.66081420590965,124.36301334308472,125.80061586116821,128.12146829077247,131.51747462174419,137.07983751893096,139.757278648069,143.89174717497787,145.92172796306428,149.65462563109645,150.18514330280965,153.97003167632877,155.81192553863465,156.09664821072104,134.78318736320415,138.1162104654343,139.86204550918845,126.76916705960315,132.0282496792242,139.41892454692066,108.78944471995236,114.79092833745761,119.19337142063833,123.6480097593567,136.01506023341815,142.52524570976652,145.48092019833499,145.87446782652594,143.06634422182043,143.69768483844692,144.59772984160537,119.65677153431282,121.34270184129473,123.29860265677591,125.95509621031599,129.27641597811913,131.61746382043248,119.99838551242006,124.72765025442806,130.05729095526334,54.726110329207,63.51946867956279,71.35893331132463,76.8658049928206,86.68343507410525,93.28445365733286,99.03467110851697,109.4066562764821,116.14255101199207,122.91244832800521,125.15551160065866,127.1747456361876,132.82280108384407,135.46241693456315,138.28111811213998,125.77084730028484,135.76773611150253,136.99896042800907,126.62922763919138,128.24441734170608,131.93788229586656,138.15994084616554,142.43639492313844,107.24574059075869,107.9283811164377,108.35526990546505,113.16502388223361,116.95521833969656,119.89085285373267,93.43384134227635,96.08309811934711,98.83061650228433,102.95165137133873,106.81917664618372,112.95551559880269,116.58090413777748,127.52013661878533,109.40799506102502,112.73423226604268,113.71941422448131,109.39081591626024,116.4845098858756,121.28805289533256,125.61895786959552,127.60188347386745,129.06589150696078,97.7265832057694,99.06909838259234,99.8130405846484,100.3779511970465,103.07431411772316,105.43877134930929,93.67022276353623,97.22928345422413,95.16273785557536,97.66582543409184,87.77332373756762,68.34739969621081,69.71328116631267,77.36873419910819,84.80535722564959,62.79929003892005,65.27557294753933,66.13492138596935,53.328720780335296,54.24480210860261,58.32382454050956,65.89368801351884,25.609284053890274,30.607172508027695,32.869287889700324,35.489834779187326,38.45709260418334,40.50025901933407,41.71674905217444,43.3261172511892,48.91670514514098,53.600938913859196,59.33996078173877,63.79375040407163,62.363765761365514,12.276113681798522,6.1349403411412275,0.0,3.098804205817078,5.203459360593513,11.02145943037702,15.072633325150221,19.226289356067305,19.735597828512297,25.43013121154664,27.272758593561157,13.11770349494222,22.349537661407602,27.5733142884177,21.627068385254873,27.947791840683045,33.500207711274875,36.55231878395884,42.67506408325066,43.23667337804554,30.645409537594126,36.82751290133692,37.791002911663966,38.27045051046908,19.368344947740173,24.558773639091164,27.999123766621793,33.44622189314752,37.28717463953741,29.999687625680664,33.11363720780303,21.99791935844651,23.13387358287635,23.521544835357087,24.625571556048232,25.579438423069,26.060497670979274,31.192450728766275,37.43814388485391,66.19499309062992
165,74.18784654804628,74.11983184375376,69.23059867279535,63.4490967053132,59.93382232057455,58.095043649825946,46.12740369869104,39.11128297567036,38.751922432482885,33.6495940424241,27.195835989940257,21.170900720578445,27.31578485292792,34.08856227434077,39.46417312335133,47.884212909480624,53.12627643446771,83.04671025485204,85.75440115301605,88.38647827954556,92.64609269871544,97.98654867175745,98.94175022116993,105.22666461995055,111.72497032401547,123.92903248611726,132.13337825928707,135.65529028497775,138.16914286431305,144.40228832027654,147.217263832364,152.29950638640946,156.40051566403756,163.3968749627814,171.07646898976097,174.66306805459436,175.64341382920398,97.0429597651617,103.03789270890678,110.8900275778453,113.9477921207753,121.75961841172672,127.46181754890179,128.8994200669853,131.22027249658956,134.61627882756127,140.17864172474805,142.85608285388608,146.99055138079495,149.02053216888137,152.75342983691354,153.28394750862674,157.06883588214586,158.91072974445174,159.19545241653813,137.88199156902124,141.2150146712514,142.96084971500554,129.8679712654202,135.12705388504125,142.51772875273772,111.88824892576943,117.88973254327469,122.2921756264554,126.74681396517377,139.11386443923524,145.6240499155836,148.57972440415207,148.97327203234303,146.16514842763752,146.796489044264,147.69653404742246,122.7555757401299,124.4415060471118,126.39740686259299,129.05390041613308,132.37522018393622,134.71626802624957,123.09718971823713,127.82645446024513,133.1560951610804,57.82491453502408,66.61827288537987,74.45773751714171,79.96460919863767,89.78223927992232,96.38325786314994,102.13347531433405,112.50546048229917,119.24135521780914,126.01125253382229,128.25431580647574,130.27354984200468,135.92160528966116,138.56122114038024,141.37992231795707,128.86965150610192,138.8665403173196,140.09776463382613,129.72803184500847,131.34322154752317,135.03668650168365,141.25874505198263,145.53519912895553,110.34454479657576,111.02718532225478,111.45407411128213,116.26382808805069,120.05402254551363,122.98965705954974,96.53264554809343,99.18190232516419,101.9294207081014,106.0504555771558,109.9179808520008,116.05431980461977,119.67970834359456,130.6189408246024,112.5067992668421,115.83303647185976,116.81821843029839,112.48962012207731,119.58331409169267,124.38685710114963,128.7177620754126,130.70068767968453,132.16469571277787,100.82538741158648,102.16790258840942,102.91184479046548,103.47675540286357,106.17311832354024,108.53757555512637,96.7690269693533,100.3280876600412,98.26154206139245,100.76462963990893,90.8721279433847,71.44620390202789,72.81208537212974,80.46753840492526,87.90416143146666,65.89809424473712,68.3743771533564,69.23372559178642,56.42752498615237,57.34360631441969,61.42262874632664,68.99249221933592,28.70808825970735,33.70597671384477,35.9680920955174,38.5886389850044,41.55589681000041,43.59906322515114,44.81555325799152,46.42492145700628,52.015509350958055,56.69974311967627,62.43876498755584,66.8925546098887,65.46256996718259,15.3749178876156,9.233744546958306,3.098804205817078,0.0,2.104655154776435,7.922655224559941,11.973829119333143,16.127485150250227,16.63679362269522,22.331327005729563,24.17395438774408,16.216507700759298,25.448341867224684,30.67211849423478,24.725872591071948,31.04659604650012,36.59901191709195,39.651122989775914,45.773868289067735,46.33547758386261,33.7442137434112,39.92631710715399,40.88980711748104,41.36925471628616,22.467149153557248,27.65757784490824,31.097927972438868,36.5450260989646,40.38597884535449,33.09849183149774,36.212441413620105,25.096723564263584,26.232677788693426,26.620349041174162,27.724375761865307,28.678242628886075,29.15930187679635,34.29125493458335,40.53694809067098,69.293797296447
166,76.29250170282273,76.22448699853021,71.3352538275718,65.55375186008965,62.03847747535099,60.199698804602384,48.23205885346748,41.2159381304468,40.85657758725932,35.75424919720054,29.30049114471669,23.27555587535488,29.420440007704357,36.193217429117205,41.56882827812777,49.98886806425706,55.23093158924415,85.15136540962848,87.85905630779249,90.491133434322,94.75074785349187,100.09120382653389,101.04640537594636,107.33131977472699,113.82962547879191,126.0336876408937,134.23803341406352,137.7599454397542,140.2737980190895,146.506943475053,149.32191898714046,154.4041615411859,158.505170818814,165.50153011755785,173.18112414453742,176.7677232093708,177.74806898398043,99.14761491993814,105.14254786368322,112.99468273262174,116.05244727555174,123.86427356650316,129.56647270367822,131.00407522176172,133.32492765136598,136.7209339823377,142.28329687952447,144.9607380086625,149.09520653557138,151.1251873236578,154.85808499168996,155.38860266340316,159.1734910369223,161.01538489922817,161.30010757131456,139.98664672379766,143.31966982602782,145.06550486978196,131.97262642019666,137.2317090398177,144.62238390751418,113.99290408054587,119.99438769805113,124.39683078123184,128.8514691199502,141.21851959401167,147.72870507036004,150.6843795589285,151.07792718711946,148.26980358241394,148.90114419904043,149.80118920219888,124.86023089490634,126.54616120188824,128.50206201736944,131.15855557090953,134.47987533871267,136.82092318102602,125.20184487301357,129.93110961502157,135.26075031585685,59.929569689800516,68.7229280401563,76.56239267191815,82.06926435341411,91.88689443469876,98.48791301792637,104.23813046911049,114.61011563707561,121.34601037258558,128.11590768859872,130.35897096125217,132.3782049967811,138.02626044443758,140.66587629515666,143.4845774727335,130.97430666087834,140.971195472096,142.20241978860255,131.8326869997849,133.4478767022996,137.14134165646007,143.36340020675905,147.63985428373195,112.4491999513522,113.13184047703122,113.55872926605856,118.36848324282712,122.15867770029007,125.09431221432618,98.63730070286987,101.28655747994063,104.03407586287784,108.15511073193224,112.02263600677723,118.1589749593962,121.784363498371,132.72359597937884,114.61145442161853,117.9376916266362,118.92287358507483,114.59427527685375,121.68796924646911,126.49151225592607,130.82241723018902,132.80534283446096,134.2693508675543,102.93004256636291,104.27255774318586,105.01649994524192,105.58141055764001,108.27777347831667,110.6422307099028,98.87368212412974,102.43274281481764,100.36619721616887,102.86928479468536,92.97678309816114,73.55085905680433,74.91674052690618,82.5721935597017,90.0088165862431,68.00274939951356,70.47903230813284,71.33838074656286,58.53218014092881,59.448261469196126,63.527283901103075,71.09714737411235,30.812743414483784,35.81063186862121,38.07274725029384,40.69329413978084,43.66055196477685,45.70371837992758,46.920208412767956,48.529576611782716,54.12016450573449,58.80439827445271,64.54342014233228,68.99720976466514,67.56722512195903,17.479573042392033,11.33839970173474,5.203459360593513,2.104655154776435,0.0,5.818000069783507,9.869173964556708,14.022829995473792,14.532138467918784,20.226671850953128,22.069299232967644,18.321162855535732,27.552997022001115,32.77677364901121,26.830527745848382,33.15125120127655,38.70366707186838,41.755778144552345,47.878523443844166,48.44013273863904,35.84886889818764,42.03097226193043,42.99446227225748,43.473909871062595,24.571804308333682,29.762232999684674,33.202583127215306,38.649681253741036,42.490634000130925,35.20314698627418,38.31709656839654,27.201378719040022,28.337332943469864,28.7250041959506,29.829030916641745,30.782897783662513,31.263957031572787,36.39591008935978,42.64160324544741,71.39845245122343
167,82.11050177260624,82.04248706831372,77.15325389735531,71.37175192987316,67.8564775451345,66.0176988743859,54.05005892325099,47.03393820023031,46.67457765704283,41.572249266984045,35.1184912145002,29.093555945138387,35.238440077487866,42.01121749890071,47.386828347911276,55.80686813404057,61.04893165902766,90.96936547941199,93.677056377576,96.3091335041055,100.56874792327538,105.9092038963174,106.86440544572987,113.1493198445105,119.64762554857542,131.8516877106772,140.05603348384702,143.5779455095377,146.091798088873,152.3249435448365,155.13991905692396,160.2221616109694,164.3231708885975,171.31953018734134,178.99912421432091,182.5857232791543,183.56606905376393,104.96561498972164,110.96054793346673,118.81268280240525,121.87044734533525,129.68227363628665,135.3844727734617,136.82207529154522,139.14292772114948,142.5389340521212,148.10129694930797,150.778738078446,154.91320660535487,156.9431873934413,160.6760850614735,161.20660273318668,164.9914911067058,166.8333849690117,167.11810764109808,145.80464679358116,149.1376698958113,150.88350493956546,137.79062648998016,143.0497091096012,150.44038397729767,119.81090415032938,125.81238776783464,130.21483085101536,134.66946918973372,147.0365196637952,153.54670514014356,156.50237962871202,156.89592725690298,154.08780365219746,154.71914426882395,155.6191892719824,130.67823096468985,132.36416127167175,134.32006208715293,136.97655564069302,140.29787540849617,142.6389232508095,131.01984494279708,135.7491096848051,141.07875038564038,65.74756975958402,74.54092810993981,82.38039274170166,87.88726442319762,97.70489450448227,104.30591308770988,110.056130538894,120.42811570685912,127.16401044236909,133.93390775838222,136.17697103103566,138.1962050665646,143.84426051422108,146.48387636494016,149.30257754251699,136.79230673066186,146.78919554187954,148.02041985838608,137.6506870695684,139.2658767720831,142.95934172624357,149.18140027654255,153.45785435351544,118.26720002113571,118.94984054681473,119.37672933584207,124.18648331261063,127.97667777007358,130.9123122841097,104.45530077265337,107.10455754972413,109.85207593266135,113.97311080171575,117.84063607656074,123.97697502917971,127.6023635681545,138.54159604916234,120.42945449140204,123.7556916964197,124.74087365485833,120.41227534663726,127.50596931625262,132.3095123257096,136.64041729997254,138.62334290424448,140.08735093733782,108.74804263614642,110.09055781296937,110.83450001502543,111.39941062742352,114.09577354810018,116.46023077968631,104.69168219391325,108.25074288460115,106.1841972859524,108.68728486446888,98.79478316794464,79.36885912658784,80.73474059668969,88.39019362948521,95.82681665602661,73.82074946929707,76.29703237791635,77.15638081634637,64.35018021071231,65.26626153897962,69.34528397088657,76.91514744389585,36.63074348426729,41.628631938404716,43.890747320077345,46.51129420956435,49.47855203456036,51.52171844971109,52.738208482551464,54.347576681566224,59.938164575518,64.62239834423622,70.36142021211579,74.81520983444865,73.38522519174253,23.29757311217554,17.156399771518245,11.02145943037702,7.922655224559941,5.818000069783507,0.0,4.051173894773201,8.204829925690285,8.714138398135278,14.408671781169621,16.25129916318414,24.139162925319237,33.37099709178462,38.59477371879472,32.64852781563189,38.96925127106006,44.52166714165189,47.57377821433585,53.696523513627675,54.25813280842255,41.66686896797115,47.84897233171394,48.81246234204099,49.291909940846104,30.38980437811719,35.58023306946818,39.02058319699881,44.46768132352453,48.30863406991442,41.021147056057686,44.13509663818005,33.01937878882353,34.15533301325337,34.543004265734105,35.64703098642525,36.60089785344602,37.081957101356295,42.213910159143296,48.45960331523093,77.21645252100694
168,86.16167566737944,86.09366096308692,81.20442779212851,75.42292582464636,71.9076514399077,70.0688727691591,58.10123281802419,51.08511209500351,50.72575155181603,45.623423161757245,39.1696651092734,33.14472983991159,39.289613972261066,46.06239139367391,51.438002242684476,59.85804202881377,65.10010555380086,95.02053937418519,97.7282302723492,100.3603073988787,104.61992181804858,109.9603777910906,110.91557934050307,117.2004937392837,123.69879944334862,135.90286160545043,144.10720737862025,147.62911940431093,150.14297198364622,156.37611743960971,159.1910929516972,164.27333550574264,168.37434478337073,175.37070408211457,183.05029810909414,186.63689717392754,187.61724294853715,109.01678888449484,115.01172182823993,122.86385669717845,125.92162124010845,133.73344753105985,139.4356466682349,140.87324918631842,143.19410161592268,146.5901079468944,152.15247084408117,154.8299119732192,158.96438050012807,160.9943612882145,164.72725895624666,165.25777662795986,169.04266500147898,170.88455886378486,171.16928153587125,149.85582068835436,153.1888437905845,154.93467883433865,141.84180038475336,147.1008830043744,154.49155787207087,123.86207804510258,129.86356166260785,134.26600474578856,138.72064308450692,151.0876935585684,157.59787903491676,160.55355352348522,160.94710115167618,158.13897754697066,158.77031816359715,159.6703631667556,134.72940485946305,136.41533516644495,138.37123598192613,141.02772953546622,144.34904930326937,146.6900971455827,135.07101883757028,139.8002835795783,145.12992428041358,69.79874365435722,78.59210200471301,86.43156663647486,91.93843831797082,101.75606839925547,108.35708698248308,114.1073044336672,124.47928960163232,131.2151843371423,137.98508165315542,140.22814492580886,142.2473789613378,147.89543440899428,150.53505025971336,153.35375143729019,140.84348062543506,150.84036943665274,152.07159375315928,141.70186096434162,143.31705066685632,147.0105156210168,153.23257417131575,157.50902824828864,122.31837391590891,123.00101444158793,123.42790323061527,128.23765720738385,132.0278516648468,134.9634861788829,108.50647466742657,111.15573144449733,113.90324982743455,118.02428469648895,121.89180997133394,128.0281489239529,131.6535374629277,142.59276994393554,124.48062838617524,127.8068655911929,128.79204754963152,124.46344924141046,131.55714321102582,136.3606862204828,140.69159119474574,142.67451679901768,144.13852483211102,112.79921653091962,114.14173170774257,114.88567390979863,115.45058452219672,118.14694744287338,120.51140467445951,108.74285608868645,112.30191677937435,110.2353711807256,112.73845875924208,102.84595706271784,83.42003302136104,84.78591449146289,92.44136752425841,99.87799055079981,77.87192336407027,80.34820627268955,81.20755471111957,68.40135410548551,69.31743543375282,73.39645786565977,80.96632133866905,40.68191737904049,45.679805833177916,47.941921214850545,50.56246810433755,53.52972592933356,55.57289234448429,56.789382377324664,58.398750576339424,63.9893384702912,68.67357223900942,74.41259410688899,78.86638372922185,77.43639908651573,27.34874700694874,21.20757366629145,15.072633325150221,11.973829119333143,9.869173964556708,4.051173894773201,0.0,4.153656030917085,4.662964503362076,18.459845675942823,20.30247305795734,28.19033682009244,37.42217098655782,42.64594761356792,36.699701710405094,43.02042516583327,48.572841036425096,51.62495210910906,57.74769740840088,58.30930670319576,45.71804286274435,51.90014622648714,52.86363623681419,53.343083835619304,34.4409782728904,39.63140696424139,43.07175709177202,48.518855218297745,52.35980796468763,45.072320950830886,48.18627053295325,37.07055268359673,38.20650690802657,38.594178160507305,39.69820488119845,40.65207174821922,41.133130996129495,46.265084053916496,52.51077721000413,81.26762641578014
169,90.31533169829652,90.247316994004,85.35808382304559,79.57658185556343,76.06130747082477,74.22252880007618,62.25488884894126,55.238768125920586,54.87940758273311,49.77707919267432,43.32332114019048,37.29838587082867,43.44327000317814,50.21604742459099,55.59165827360155,64.01169805973085,69.25376158471794,99.17419540510227,101.88188630326627,104.51396342979578,108.77357784896566,114.11403382200767,115.06923537142015,121.35414977020078,127.8524554742657,140.0565176363675,148.2608634095373,151.782775435228,154.29662801456328,160.52977347052678,163.34474898261425,168.4269915366597,172.5280008142878,179.52436011303163,187.2039541400112,190.7905532048446,191.77089897945422,113.17044491541192,119.165377859157,127.01751272809553,130.07527727102553,137.88710356197694,143.589302699152,145.0269052172355,147.34775764683977,150.74376397781148,156.30612687499826,158.9835680041363,163.11803653104516,165.14801731913158,168.88091498716375,169.41143265887695,173.19632103239607,175.03821489470195,175.32293756678834,154.00947671927145,157.3424998215016,159.08833486525575,145.99545641567045,151.2545390352915,158.64521390298796,128.01573407601964,134.0172176935249,138.41966077670563,142.87429911542398,155.24134958948545,161.75153506583382,164.70720955440228,165.10075718259324,162.29263357788773,162.92397419451422,163.82401919767267,138.88306089038014,140.56899119736204,142.52489201284322,145.1813855663833,148.50270533418646,150.8437531764998,139.22467486848737,143.95393961049538,149.28358031133067,73.9523996852743,82.74575803563009,90.58522266739193,96.0920943488879,105.90972443017255,112.51074301340016,118.26096046458427,128.6329456325494,135.36884036805935,142.13873768407248,144.38180095672593,146.40103499225486,152.04909043991134,154.68870629063042,157.50740746820725,144.99713665635213,154.9940254675698,156.22524978407634,145.85551699525868,147.47070669777338,151.16417165193386,157.3862302022328,161.6626842792057,126.47202994682598,127.154670472505,127.58155926153235,132.3913132383009,136.18150769576386,139.11714220979997,112.66013069834365,115.30938747541441,118.05690585835163,122.17794072740602,126.04546600225102,132.18180495487,135.80719349384478,146.74642597485263,128.63428441709232,131.96052162210998,132.9457035805486,128.61710527232754,135.71079924194288,140.51434225139985,144.8452472256628,146.82817282993474,148.29218086302808,116.9528725618367,118.29538773865964,119.0393299407157,119.6042405531138,122.30060347379046,124.66506070537659,112.89651211960353,116.45557281029143,114.38902721164266,116.89211479015914,106.99961309363492,87.57368905227811,88.93957052237997,96.59502355517549,104.03164658171688,82.02557939498735,84.50186230360663,85.36121074203665,72.55501013640259,73.4710914646699,77.55011389657685,85.11997736958612,44.83557340995757,49.83346186409499,52.09557724576762,54.716124135254624,57.683381960250635,59.726548375401364,60.94303840824174,62.5524066072565,68.14299450120828,72.8272282699265,78.56625013780607,83.02003976013893,81.59005511743281,31.502403037865825,25.361229697208532,19.226289356067305,16.127485150250227,14.022829995473792,8.204829925690285,4.153656030917085,0.0,0.5093084724449919,22.613501706859907,24.456129088874423,32.343992851009524,41.57582701747491,46.799603644485,40.85335774132217,47.17408119675034,52.72649706734217,55.77860814002614,61.90135343931796,62.462962734112836,49.871698893661424,56.053802257404215,57.017292267731264,57.49673986653638,38.594634303807474,43.78506299515847,47.2254131226891,52.67251124921482,56.51346399560471,49.22597698174796,52.33992656387033,41.22420871451381,42.360162938943645,42.74783419142438,43.85186091211553,44.8057277791363,45.28678702704657,50.41874008483357,56.664433240921205,85.42128244669722
170,90.82464017074152,90.756625466449,85.86739229549059,80.08589032800843,76.57061594326977,74.73183727252118,62.76419732138626,55.748076598365586,55.38871605517811,50.28638766511932,43.83262961263548,37.80769434327367,43.95257847562314,50.72535589703599,56.10096674604655,64.52100653217585,69.76307005716293,99.68350387754727,102.39119477571127,105.02327190224078,109.28288632141066,114.62334229445267,115.57854384386515,121.86345824264578,128.3617639467107,140.5658261088125,148.77017188198232,152.292083907673,154.8059364870083,161.0390819429718,163.85405745505926,168.9363000091047,173.0373092867328,180.03366858547665,187.71326261245622,191.2998616772896,192.28020745189923,113.67975338785692,119.674686331602,127.52682120054052,130.5845857434705,138.39641203442193,144.09861117159699,145.5362136896805,147.85706611928475,151.25307245025647,156.81543534744324,159.49287647658127,163.62734500349015,165.65732579157657,169.39022345960876,169.92074113132196,173.70562950484108,175.54752336714697,175.83224603923335,154.51878519171643,157.8518082939466,159.59764333770073,146.50476488811543,151.76384750773647,159.15452237543295,128.52504254846465,134.52652616596993,138.92896924915064,143.383607587869,155.75065806193047,162.26084353827883,165.2165180268473,165.61006565503826,162.80194205033274,163.43328266695923,164.33332767011768,139.39236936282512,141.07829966980702,143.0342004852882,145.6906940388283,149.01201380663144,151.3530616489448,139.73398334093235,144.46324808294037,149.79288878377565,74.4617081577193,83.25506650807509,91.09453113983693,96.6014028213329,106.41903290261754,113.02005148584516,118.77026893702927,129.1422541049944,135.87814884050437,142.6480461565175,144.89110942917094,146.91034346469988,152.55839891235635,155.19801476307543,158.01671594065226,145.50644512879714,155.5033339400148,156.73455825652135,146.3648254677037,147.9800151702184,151.67348012437887,157.89553867467782,162.17199275165072,126.98133841927098,127.66397894495,128.09086773397735,132.90062171074592,136.69081616820884,139.62645068224495,113.16943917078865,115.81869594785941,118.56621433079663,122.68724919985102,126.55477447469602,132.69111342731497,136.31650196628976,147.2557344472976,129.14359288953733,132.469830094555,133.45501205299362,129.12641374477252,136.22010771438786,141.02365072384484,145.3545556981078,147.33748130237973,148.80148933547306,117.4621810342817,118.80469621110464,119.5486384131607,120.1135490255588,122.80991194623546,125.17436917782159,113.40582059204853,116.96488128273643,114.89833568408767,117.40142326260415,107.50892156607992,88.08299752472311,89.44887899482497,97.10433202762049,104.54095505416188,82.53488786743235,85.01117077605163,85.87051921448165,73.06431860884759,73.9803999371149,78.05942236902185,85.62928584203112,45.34488188240257,50.34277033653999,52.60488571821262,55.225432607699624,58.192690432695635,60.235856847846364,61.45234688068674,63.0617150797015,68.65230297365328,73.33653674237149,79.07555861025106,83.52934823258393,82.09936358987781,32.01171151031082,25.870538169653525,19.735597828512297,16.63679362269522,14.532138467918783,8.714138398135276,4.662964503362076,0.5093084724449919,0.0,23.1228101793049,24.965437561319415,32.85330132345452,42.0851354899199,47.308912116929996,41.36266621376717,47.68338966919534,53.23580553978717,56.287916612471136,62.41066191176296,62.972271206557835,50.381007366106424,56.563110729849214,57.526600740176264,58.00604833898138,39.103942776252474,44.29437146760347,47.7347215951341,53.18181972165982,57.02277246804971,49.73528545419296,52.84923503631533,41.73351718695881,42.869471411388645,43.25714266386938,44.361169384560526,45.3150362515813,45.79609549949157,50.92804855727857,57.173741713366205,85.93059091914222
171,96.51917355377586,96.45115884948333,91.56192567852493,85.78042371104277,82.26514932630411,80.42637065555552,68.4587307044206,61.442609981399926,61.08324943821245,55.98092104815366,49.52716299566982,43.50222772630801,49.64711185865748,56.41988928007033,61.79550012908089,70.21553991521019,75.45760344019727,105.3780372605816,108.08572815874561,110.71780528527512,114.977419704445,120.31787567748701,121.27307722689949,127.55799162568012,134.05629732974504,146.26035949184683,154.46470526501665,157.98661729070733,160.50046987004262,166.73361532600612,169.5485908380936,174.63083339213904,178.73184266976713,185.72820196851097,193.40779599549055,196.99439506032394,197.97474083493356,119.37428677089126,125.36921971463634,133.22135458357488,136.27911912650487,144.09094541745628,149.79314455463134,151.23074707271485,153.5515995023191,156.94760583329082,162.5099687304776,165.18740985961563,169.3218783865245,171.35185917461092,175.08475684264312,175.61527451435632,179.40016288787544,181.24205675018132,181.5267794222677,160.2133185747508,163.54634167698094,165.29217672073509,152.1992982711498,157.45838089077083,164.8490557584673,134.21957593149898,140.22105954900425,144.62350263218497,149.07814097090332,161.4451914449648,167.95537692131316,170.91105140988162,171.30459903807258,168.49647543336707,169.12781604999356,170.027861053152,145.08690274585948,146.77283305284138,148.72873386832256,151.38522742186265,154.7065471896658,157.04759503197914,145.4285167239667,150.15778146597472,155.48742216681,80.15624154075364,88.94959989110943,96.78906452287127,102.29593620436724,112.11356628565188,118.7145848688795,124.46480232006361,134.83678748802873,141.5726822235387,148.34257953955182,150.58564281220526,152.6048768477342,158.25293229539068,160.89254814610976,163.7112493236866,151.20097851183147,161.19786732304914,162.42909163955568,152.05935885073802,153.67454855325272,157.3680135074132,163.59007205771215,167.86652613468505,132.67587180230532,133.35851232798436,133.7854011170117,138.59515509378028,142.3853495512432,145.3209840652793,118.86397255382299,121.51322933089375,124.26074771383097,128.38178258288536,132.24930785773034,138.3856468103493,142.0110353493241,152.95026783033194,134.83812627257166,138.16436347758932,139.14954543602795,134.82094712780687,141.91464109742222,146.7181841068792,151.04908908114214,153.03201468541408,154.49602271850742,123.15671441731604,124.49922959413898,125.24317179619504,125.80808240859314,128.5044453292698,130.86890256085593,119.10035397508287,122.65941466577077,120.592869067122,123.09595664563848,113.20345494911426,93.77753090775745,95.1434123778593,102.79886541065483,110.23548843719622,88.22942125046669,90.70570415908597,91.56505259751599,78.75885199188193,79.67493332014924,83.75395575205619,91.32381922506546,51.03941526543691,56.03730371957433,58.29941910124696,60.919965990733964,63.887223815729975,65.9303902308807,67.14688026372107,68.75624846273583,74.3468363566876,79.03107012540582,84.77009199328539,89.22388161561825,87.79389697291215,37.706244893345165,31.56507155268787,25.43013121154664,22.331327005729563,20.226671850953128,14.408671781169621,18.459845675942823,22.613501706859907,23.1228101793049,0.0,1.8426273820145171,38.54783470648886,47.77966887295424,53.003445499964336,47.05719959680151,53.37792305222968,58.93033892282151,61.982449995505476,68.1051952947973,68.66680458959218,56.075540749140764,62.257644112883554,63.221134123210604,63.70058172201572,44.798476159286814,49.98890485063781,53.42925497816844,58.87635310469416,62.71730585108405,55.4298188372273,58.54376841934967,47.42805056999315,48.564004794422985,48.95167604690372,50.055702767594866,51.00956963461564,51.49062888252591,56.62258194031291,62.868275096400545,91.62512430217656
172,98.36180093579037,98.29378623149785,93.40455306053944,87.62305109305728,84.10777670831862,82.26899803757003,70.30135808643512,63.28523736341444,62.92587682022696,57.823548430168174,51.36979037768433,45.34485510832252,51.489739240671994,58.26251666208484,63.638127511095405,72.0581672972247,77.30023082221179,107.22066464259612,109.92835554076012,112.56043266728963,116.82004708645951,122.16050305950152,123.115704608914,129.40061900769462,135.89892471175955,148.10298687386134,156.30733264703116,159.82924467272184,162.34309725205713,168.57624270802063,171.3912182201081,176.47346077415355,180.57447005178165,187.57082935052549,195.25042337750506,198.83702244233845,199.81736821694807,121.21691415290577,127.21184709665086,135.0639819655894,138.12174650851938,145.9335727994708,151.63577193664585,153.07337445472936,155.39422688433362,158.79023321530534,164.3525961124921,167.03003724163014,171.16450576853902,173.19448655662544,176.9273842246576,177.4579018963708,181.24279026988992,183.0846841321958,183.3694068042822,162.0559459567653,165.38896905899546,167.1348041027496,154.0419256531643,159.30100827278534,166.6916831404818,136.0622033135135,142.06368693101876,146.46613001419948,150.92076835291783,163.2878188269793,169.79800430332767,172.75367879189614,173.1472264200871,170.33910281538158,170.97044343200807,171.87048843516652,146.929530127874,148.6154604348559,150.57136125033708,153.22785480387716,156.5491745716803,158.89022241399365,147.27114410598122,152.00040884798923,157.33004954882452,81.99886892276815,90.79222727312394,98.63169190488578,104.13856358638175,113.9561936676664,120.55721225089401,126.30742970207812,136.67941487004325,143.4153096055532,150.18520692156633,152.42827019421978,154.44750422974872,160.0955596774052,162.73517552812427,165.5538767057011,153.04360589384598,163.04049470506365,164.2717190215702,153.90198623275253,155.51717593526723,159.2106408894277,165.43269943972666,169.70915351669956,134.5184991843198,135.20113970999884,135.6280284990262,140.43778247579476,144.2279769332577,147.16361144729382,120.7065999358375,123.35585671290826,126.10337509584548,130.22440996489988,134.09193523974486,140.2282741923638,143.8536627313386,154.79289521234645,136.68075365458617,140.00699085960383,140.99217281804246,136.6635745098214,143.75726847943673,148.5608114888937,152.89171646315665,154.8746420674286,156.33865010052193,124.99934179933055,126.3418569761535,127.08579917820956,127.65070979060765,130.3470727112843,132.71152994287044,120.94298135709738,124.50204204778528,122.43549644913651,124.938584027653,115.04608233112877,95.62015828977196,96.98603975987382,104.64149279266934,112.07811581921074,90.0720486324812,92.54833154110048,93.4076799795305,80.60147937389644,81.51756070216375,85.5965831340707,93.16644660707998,52.88204264745142,57.879931101588845,60.142046483261474,62.762593372748476,65.7298511977445,67.77301761289523,68.9895076457356,70.59887584475035,76.18946373870213,80.87369750742035,86.61271937529992,91.06650899763278,89.63652435492666,39.54887227535968,33.40769893470238,27.272758593561157,24.17395438774408,22.069299232967644,16.25129916318414,20.30247305795734,24.456129088874423,24.965437561319415,1.8426273820145171,0.0,40.39046208850337,49.62229625496875,54.84607288197885,48.89982697881602,55.220550434244196,60.772966304836025,63.82507737751999,69.94782267681181,70.50943197160669,57.91816813115528,64.10027149489807,65.06376150522512,65.54320910403023,46.64110354130133,51.83153223265232,55.27188236018295,60.71898048670867,64.55993323309856,57.272446219241814,60.38639580136418,49.27067795200766,50.4066321764375,50.794303428918234,51.89833014960938,52.85219701663015,53.333256264540424,58.465209322327425,64.71090247841506,93.46775168419107
173,71.93686515488896,71.86885045059644,66.97961727963803,61.198115312155885,57.68284092741723,55.84406225666863,43.87642230553372,36.86030158251305,36.500941039325575,31.398612649266788,24.944854596782946,18.919919327421134,25.06480345977061,31.837580881183452,37.21319173019401,45.633231516323306,50.875295041310395,80.79572886169473,83.50341975985873,86.13549688638824,90.39511130555812,95.73556727860013,96.69076882801261,102.97568322679324,109.47398893085816,121.67805109295995,129.88239686612977,133.40430889182045,135.91816147115574,142.15130692711924,144.9662824392067,150.04852499325216,154.14953427088025,161.1458935696241,168.82548759660366,172.41208666143706,173.39243243604668,94.79197837200438,100.78691131574946,108.63904618468798,111.69681072761799,119.5086370185694,125.21083615574447,126.64843867382797,128.96929110343223,132.36529743440394,137.92766033159072,140.60510146072875,144.73956998763762,146.76955077572404,150.50244844375624,151.03296611546943,154.81785448898856,156.65974835129444,156.94447102338083,135.6310101758639,138.96403327809406,140.7098683218482,127.6169898722629,132.87607249188395,140.26674735958042,109.63726753261211,115.63875115011737,120.04119423329809,124.49583257201645,136.8628830460779,143.37306852242628,146.32874301099474,146.7222906391857,143.9141670344802,144.54550765110667,145.44555265426513,120.50459434697258,122.19052465395448,124.14642546943567,126.80291902297574,130.1242387907789,132.46528663309223,120.84620832507981,125.57547306708781,130.9051137679231,55.57393314186676,64.36729149222255,72.20675612398439,77.71362780548036,87.531257886765,94.13227646999262,99.88249392117673,110.25447908914185,116.99037382465183,123.76027114066497,126.00333441331841,128.02256844884735,133.67062389650383,136.3102397472229,139.12894092479974,126.6186701129446,136.6155589241623,137.84678324066883,127.47705045185114,129.09224015436584,132.78570510852632,139.0077636588253,143.2842177357982,108.09356340341844,108.77620392909746,109.20309271812481,114.01284669489337,117.80304115235631,120.73867566639242,94.28166415493611,96.93092093200687,99.67843931494409,103.79947418399848,107.66699945884348,113.80333841146245,117.42872695043724,128.3679594314451,110.25581787368478,113.58205507870244,114.56723703714107,110.23863872892,117.33233269853535,122.13587570799231,126.46678068225528,128.4497062865272,129.91371431962054,98.57440601842916,99.9169211952521,100.66086339730816,101.22577400970626,103.92213693038292,106.28659416196905,94.51804557619599,98.07710626688389,96.01056066823512,98.5136482467516,88.62114655022738,69.19522250887057,70.56110397897243,78.21655701176795,85.65318003830934,63.647112851579806,66.12339576019909,66.9827441986291,54.17654359299505,55.09262492126237,59.17164735316932,66.7415108261786,26.45710686655004,31.45499532068746,33.71711070236009,36.33765759184709,39.3049154168431,41.34808183199383,42.56457186483421,44.17394006384897,49.764527957800745,54.44876172651896,60.18778359439853,64.64157321673139,63.21158857402527,13.123936494458286,6.982763153800992,13.11770349494222,16.216507700759298,18.321162855535732,24.13916292531924,28.19033682009244,32.343992851009524,32.85330132345452,38.547834706488864,40.390462088503384,0.0,9.231834166465385,14.45561079347548,22.474891197914637,28.79561465334281,34.34803052393464,37.4001415966186,43.522886895910425,44.0844961907053,31.49323235025389,37.67533571399669,38.63882572432374,39.118273323128854,20.216167760399937,25.40659645175093,28.846946579281557,34.29404470580728,38.13499745219717,30.84751043834043,33.961460020462795,22.845742171106274,23.981696395536115,24.36936764801685,25.473394368707996,26.427261235728764,26.908320483639038,32.04027354142604,38.28596669751367,67.04281590328968
174,81.16869932135437,81.10068461706184,76.21145144610344,70.42994947862128,66.91467509388262,65.07589642313403,53.10825647199911,46.09213574897844,45.732775205790965,40.63044681573218,34.176688763248336,28.15175349388652,34.296637626236,41.069415047648846,46.44502589665941,54.8650656827887,60.1071292077758,90.02756302816013,92.73525392632413,95.36733105285364,99.62694547202352,104.96740144506553,105.92260299447801,112.20751739325864,118.70582309732356,130.90988525942535,139.11423103259517,142.63614305828585,145.14999563762115,151.38314109358464,154.1981166056721,159.28035915971756,163.38136843734566,170.3777277360895,178.05732176306907,181.64392082790246,182.62426660251208,104.02381253846978,110.01874548221487,117.87088035115339,120.92864489408339,128.7404711850348,134.44267032220986,135.88027284029337,138.20112526989763,141.59713160086935,147.15949449805612,149.83693562719415,153.97140415410303,156.00138494218945,159.7342826102216,160.2648002819348,164.04968865545393,165.89158251775982,166.1763051898462,144.8628443423293,148.19586744455947,149.9417024883136,136.8488240387283,142.10790665834935,149.49858152604583,118.86910169907752,124.87058531658278,129.2730283997635,133.72766673848184,146.09471721254332,152.60490268889168,155.56057717746015,155.9541248056511,153.1460012009456,153.77734181757208,154.67738682073053,129.736428513438,131.4223588204199,133.3782596359011,136.03475318944118,139.35607295724432,141.69712079955767,130.07804249154523,134.80730723355325,140.13694793438853,64.80576730833216,73.59912565868795,81.4385902904498,86.94546197194576,96.76309205323041,103.36411063645802,109.11432808764214,119.48631325560726,126.22220799111723,132.99210530713037,135.23516857978382,137.25440261531276,142.90245806296923,145.5420739136883,148.36077509126514,135.85050427941,145.84739309062766,147.0786174071342,136.70888461831655,138.32407432083124,142.01753927499172,148.2395978252907,152.5160519022636,117.32539756988385,118.00803809556287,118.43492688459021,123.24468086135877,127.03487531882172,129.97050983285783,103.51349832140151,106.16275509847227,108.91027348140949,113.03130835046389,116.89883362530888,123.03517257792785,126.66056111690264,137.5997935979105,119.48765204015018,122.81388924516784,123.79907120360647,119.4704728953854,126.56416686500076,131.36770987445772,135.69861484872067,137.6815404529926,139.14554848608594,107.80624018489456,109.1487553617175,109.89269756377357,110.45760817617166,113.15397109684832,115.51842832843445,103.74987974266139,107.30894043334929,105.24239483470052,107.745482413217,97.85298071669278,78.42705667533598,79.79293814543783,87.44839117823335,94.88501420477475,72.87894701804521,75.35522992666449,76.21457836509451,63.40837775946046,64.32445908772777,68.40348151963472,75.973344992644,35.688941033015425,40.68682948715285,42.94894486882548,45.56949175831248,48.53674958330849,50.57991599845922,51.7964060312996,53.40577423031436,58.996362124266135,63.68059589298435,69.41961776086393,73.87340738319679,72.44342274049067,22.355770660923675,16.21459732026638,22.349537661407606,25.448341867224684,27.55299702200112,33.37099709178462,37.42217098655782,41.57582701747491,42.0851354899199,47.77966887295425,49.62229625496877,9.231834166465385,0.0,5.2237766270100945,31.706725364380024,38.02744881980819,43.57986469040002,46.631975763083986,52.75472106237581,53.316330357170685,40.72506651671928,46.90716988046208,47.87065989078913,48.350107489594244,29.448001926865324,34.63843061821632,38.07878074574695,43.52587887227267,47.36683161866256,40.07934460480582,43.193294186928185,32.077576337571664,33.2135305620015,33.60120181448224,34.70522853517338,35.659095402194154,36.14015465010443,41.27210770789143,47.51780086397906,76.27465006975507
175,86.39247594836446,86.32446124407194,81.43522807311354,75.65372610563138,72.13845172089272,70.29967305014412,58.33203309900921,51.31591237598853,50.956551832801054,45.85422344274227,39.400465390258425,33.37553012089661,39.52041425324609,46.293191674658935,51.6688025236695,60.08884230979879,65.33090583478588,95.25133965517021,97.95903055333422,100.59110767986373,104.8507220990336,110.19117807207562,111.1463796214881,117.43129402026872,123.92959972433364,136.13366188643545,144.33800765960527,147.85991968529595,150.37377226463124,156.60691772059474,159.4218932326822,164.50413578672766,168.60514506435575,175.6015043630996,183.28109839007917,186.86769745491256,187.84804322952218,109.24758916547987,115.24252210922495,123.09465697816347,126.15242152109347,133.96424781204487,139.66644694921993,141.10404946730344,143.4249018969077,146.8209082278794,152.3832711250662,155.06071225420422,159.1951807811131,161.2251615691995,164.95805923723168,165.48857690894488,169.273465282464,171.11535914476988,171.40008181685627,150.08662096933938,153.41964407156954,155.16547911532368,142.07260066573838,147.33168328535942,154.7223581530559,124.0928783260876,130.09436194359287,134.4968050267736,138.95144336549194,151.3184938395534,157.82867931590178,160.78435380447024,161.1779014326612,158.3697778279557,159.00111844458218,159.90116344774063,134.96020514044807,136.64613544742997,138.60203626291116,141.25852981645124,144.5798495842544,146.92089742656773,135.3018191185553,140.0310838605633,145.3607245613986,70.02954393534225,78.82290228569804,86.66236691745988,92.16923859895584,101.98686868024049,108.5878872634681,114.33810471465222,124.71008988261734,131.4459846181273,138.21588193414044,140.45894520679389,142.47817924232282,148.1262346899793,150.76585054069838,153.5845517182752,141.07428090642009,151.07116971763776,152.3023940341443,141.93266124532664,143.54785094784134,147.24131590200182,153.46337445230077,157.73982852927367,122.54917419689393,123.23181472257295,123.6587035116003,128.46845748836887,132.25865194583182,135.19428645986793,108.7372749484116,111.38653172548236,114.13405010841957,118.25508497747397,122.12261025231896,128.25894920493792,131.8843377439127,142.82357022492056,124.71142866716026,128.0376658721779,129.02284783061654,124.69424952239548,131.78794349201084,136.5914865014678,140.92239147573076,142.9053170800027,144.36932511309604,113.03001681190464,114.37253198872759,115.11647419078365,115.68138480318174,118.3777477238584,120.74220495544454,108.97365636967147,112.53271706035937,110.46617146171062,112.9692590402271,103.07675734370287,83.65083330234606,85.01671477244791,92.67216780524343,100.10879083178483,78.10272364505529,80.57900655367457,81.43835499210459,68.63215438647053,69.54823571473784,73.62725814664479,81.19712161965407,40.912717660025514,45.91060611416294,48.17272149583557,50.79326838532257,53.76052621031858,55.80369262546931,57.020182658309686,58.629550857324446,64.22013875127622,68.90437251999444,74.64339438787401,79.09718401020687,77.66719936750076,27.579547287933764,21.43837394727647,27.5733142884177,30.672118494234777,32.77677364901121,38.59477371879472,42.64594761356792,46.799603644485,47.308912116929996,53.00344549996434,54.84607288197886,14.45561079347548,5.2237766270100945,0.0,36.930501991390116,43.25122544681829,48.80364131741012,51.85575239009408,57.978497689385904,58.54010698418078,45.94884314372937,52.13094650747216,53.09443651779921,53.573884116604326,34.67177855387542,39.862207245226415,43.30255737275704,48.74965549928277,52.590608245672655,45.30312123181591,48.417070813938274,37.30135296458175,38.43730718901159,38.82497844149233,39.92900516218347,40.88287202920424,41.36393127711452,46.49588433490152,52.74157749098915,81.49842669676516
176,56.57191769796133,56.50390299366881,51.61466982271041,45.83316785522826,42.31789347048961,40.479114799741005,28.511474848606095,21.495354125585422,21.135993582397944,16.033665192339157,9.579907139855315,3.554971870493502,9.699856002842978,16.47263342425582,21.848244273266385,30.26828405939568,35.51034758438277,65.4307814047671,68.1384723029311,70.77054942946062,75.0301638486305,80.3706198216725,81.32582137108498,87.61073576986561,94.10904147393053,106.31310363603232,114.51744940920213,118.0393614348928,120.55321401422808,126.78635947019157,129.60133498227904,134.6835775363245,138.7845868139526,145.78094611269643,153.460540139676,157.0471392045094,158.027484979119,79.42703091507676,85.42196385882184,93.27409872776036,96.33186327069036,104.14368956164178,109.84588869881685,111.28349121690034,113.6043436465046,117.00034997747633,122.5627128746631,125.24015400380115,129.37462253071,131.40460331879643,135.13750098682863,135.66801865854183,139.45290703206095,141.29480089436683,141.57952356645322,120.2660627189363,123.59908582116647,125.34492086492061,112.25204241533527,117.51112503495631,124.90179990265278,94.27232007568449,100.27380369318975,104.67624677637046,109.13088511508883,121.4979355891503,128.00812106549867,130.96379555406713,131.3573431822581,128.54921957755258,129.18056019417907,130.08060519733752,105.13964689004496,106.82557719702686,108.78147801250805,111.43797156604812,114.75929133385128,117.10033917616464,105.48126086815219,110.21052561016019,115.54016631099547,40.20898568493914,49.002344035294925,56.84180866705677,62.34868034855274,72.16631042983738,78.767329013065,84.51754646424911,94.88953163221423,101.6254263677242,108.39532368373735,110.63838695639079,112.65762099191973,118.3056764395762,120.94529229029527,123.7639934678721,111.25372265601698,121.25061146723466,122.48183578374122,112.11210299492352,113.72729269743822,117.42075765159868,123.64281620189767,127.91927027887057,92.72861594649082,93.41125647216984,93.83814526119718,98.64789923796575,102.43809369542869,105.3737282094648,78.91671669800849,81.56597347507925,84.31349185801646,88.43452672707086,92.30205200191585,98.43839095453482,102.06377949350961,113.00301197451746,94.89087041675715,98.21710762177482,99.20228958021345,94.87369127199237,101.96738524160773,106.77092825106469,111.10183322532765,113.08475882959958,114.54876686269293,83.20945856150153,84.55197373832448,85.29591594038054,85.86082655277863,88.5571894734553,90.92164670504143,79.15309811926836,82.71215880995626,80.6456132113075,83.14870078982399,73.25619909329976,53.83027505194294,55.196156522044795,62.85160955484032,70.28823258138172,48.28216539465218,50.75844830327146,51.61779674170148,38.81159613606743,39.72767746433475,43.806699896241696,51.376563369250974,11.092159409622406,16.09004786375983,18.352163245432457,20.97271013491946,23.93996795991547,25.9831343750662,27.199624407906573,28.80899260692133,34.39958050087311,39.08381426959132,44.822836137470894,49.27662575980375,47.84664111709765,9.350954703456347,15.492128044113642,21.62706838525487,24.725872591071948,26.830527745848382,32.64852781563189,36.69970171040509,40.85335774132217,41.36266621376716,47.05719959680151,48.89982697881603,22.474891197914634,31.70672536438002,36.930501991390116,0.0,6.320723455428171,11.873139326020002,14.925250398703966,21.047995697995788,21.609604992790665,16.12828489332626,22.310388257069054,23.273878267396103,23.75332586620122,4.8512203034723065,10.041648994823298,13.481999122353926,18.929097248879653,22.77004999526954,15.482562981412796,18.596512563535164,7.480794714178643,8.616748938608483,9.00442019108922,10.108446911780366,11.062313778801133,11.543373026711407,16.67532608449841,22.92101924058604,51.677868446362055
177,62.8926411533895,62.824626449096975,57.93539327813858,52.15389131065643,48.63861692591777,46.79983825516917,34.832198304034264,27.816077581013595,27.456717037826117,22.354388647767326,15.900630595283484,9.875695325921672,16.02057945827115,22.793356879683994,28.168967728694557,36.58900751482385,41.831071039810936,71.75150486019527,74.45919575835927,77.09127288488878,81.35088730405866,86.69134327710067,87.64654482651315,93.93145922529378,100.4297649293587,112.63382709146049,120.83817286463031,124.36008489032098,126.87393746965625,133.10708292561975,135.92205843770722,141.00430099175267,145.10531026938077,152.1016695681246,159.78126359510418,163.36786265993757,164.3482084345472,85.74775437050492,91.74268731425,99.59482218318853,102.65258672611853,110.46441301706994,116.16661215424502,117.60421467232851,119.92506710193277,123.3210734329045,128.88343633009126,131.5608774592293,135.69534598613816,137.72532677422458,141.45822444225678,141.98874211396998,145.7736304874891,147.61552434979498,147.90024702188137,126.58678617436446,129.91980927659463,131.66564432034878,118.57276587076345,123.83184849038449,131.22252335808096,100.59304353111266,106.59452714861791,110.99697023179863,115.451608570517,127.81865904457847,134.32884452092685,137.2845190094953,137.67806663768627,134.86994303298073,135.50128364960722,136.40132865276567,111.46037034547312,113.14630065245503,115.10220146793621,117.75869502147629,121.08001478927943,123.42106263159279,111.80198432358036,116.53124906558836,121.86088976642364,46.5297091403673,55.32306749072309,63.16253212248493,68.6694038039809,78.48703388526555,85.08805246849316,90.83826991967727,101.2102550876424,107.94614982315237,114.71604713916551,116.95911041181895,118.9783444473479,124.62639989500437,127.26601574572344,130.08471692330025,117.57444611144514,127.57133492266283,128.80255923916937,118.43282645035168,120.04801615286638,123.74148110702684,129.96353965732584,134.23999373429874,99.04933940191899,99.731979927598,100.15886871662535,104.96862269339391,108.75881715085686,111.69445166489297,85.23744015343665,87.88669693050741,90.63421531344463,94.75525018249903,98.62277545734402,104.75911440996299,108.38450294893778,119.32373542994563,101.21159387218532,104.53783107720298,105.52301303564161,101.19441472742054,108.2881086970359,113.09165170649285,117.42255668075582,119.40548228502774,120.8694903181211,89.5301820169297,90.87269719375264,91.6166393958087,92.1815500082068,94.87791292888346,97.24237016046959,85.47382157469653,89.03288226538443,86.96633666673566,89.46942424525214,79.57692254872792,60.150998507371106,61.51687997747296,69.17233301026849,76.60895603680989,54.60288885008035,57.07917175869962,57.93852019712965,45.132319591495595,46.04840091976291,50.12742335166986,57.69728682467914,17.412882865050577,22.410771319188,24.67288670086063,27.293433590347632,30.260691415343643,32.30385783049437,33.52034786333475,35.12971606234951,40.72030395630129,45.4045377250195,51.143559592899074,55.59734921523193,54.16736457252581,15.671678158884518,21.812851499541814,27.947791840683042,31.04659604650012,33.15125120127656,38.96925127106007,43.02042516583327,47.17408119675035,47.68338966919534,53.37792305222969,55.22055043424421,28.795614653342806,38.02744881980819,43.25122544681829,6.320723455428171,0.0,5.5524158705918305,8.604526943275793,14.727272242567617,15.288881537362496,22.449008348754433,28.631111712497226,29.594601722824276,30.074049321629392,11.171943758900477,16.36237245025147,19.8027225777821,25.249820704307826,29.090773450697714,21.80328643684097,24.917236018963337,13.801518169606814,14.937472394036654,15.325143646517391,16.42917036720854,17.383037234229306,17.86409648213958,22.996049539926577,29.241742696014214,57.99859190179022
178,68.44505702398133,68.37704231968881,63.487809148730406,57.706307181248256,54.1910327965096,52.352254125761,40.384614174626094,33.368493451605424,33.009132908417946,27.90680451835916,21.453046465875317,15.428111196513504,21.57299532886298,28.345772750275824,33.72138359928638,42.14142338541568,47.383486910402766,77.3039207307871,80.0116116289511,82.64368875548061,86.90330317465049,92.2437591476925,93.19896069710498,99.48387509588561,105.98218079995053,118.18624296205232,126.39058873522214,129.91250076091282,132.4263533402481,138.6594987962116,141.47447430829908,146.55671686234453,150.65772613997262,157.65408543871646,165.33367946569604,168.92027853052943,169.90062430513905,91.30017024109675,97.29510318484184,105.14723805378036,108.20500259671036,116.01682888766177,121.71902802483685,123.15663054292034,125.4774829725246,128.8734893034963,134.4358522006831,137.11329332982112,141.24776185673,143.2777426448164,147.01064031284858,147.54115798456178,151.3260463580809,153.16794022038678,153.45266289247317,132.13920204495628,135.47222514718644,137.21806019094058,124.12518174135528,129.38426436097632,136.7749392286728,106.14545940170449,112.14694301920974,116.54938610239046,121.00402444110883,133.37107491517028,139.88126039151865,142.8369348800871,143.23048250827807,140.42235890357256,141.05369952019905,141.9537445233575,117.01278621606495,118.69871652304685,120.65461733852804,123.31111089206811,126.63243065987126,128.9734785021846,117.35440019417219,122.08366493618018,127.41330563701547,52.08212501095913,60.87548336131492,68.71494799307676,74.22181967457273,84.03944975585738,90.64046833908499,96.3906857902691,106.76267095823422,113.4985656937442,120.26846300975734,122.51152628241078,124.53076031793972,130.1788157655962,132.81843161631528,135.6371327938921,123.12686198203697,133.12375079325466,134.3549751097612,123.98524232094351,125.60043202345821,129.2938969776187,135.51595552791767,139.79240960489057,104.60175527251081,105.28439579818983,105.71128458721718,110.52103856398574,114.31123302144869,117.2468675354848,90.78985602402848,93.43911280109924,96.18663118403646,100.30766605309086,104.17519132793585,110.31153028055482,113.93691881952961,124.87615130053746,106.76400974277715,110.09024694779481,111.07542890623344,106.74683059801237,113.84052456762772,118.64406757708468,122.97497255134765,124.95789815561957,126.42190618871292,95.08259788752153,96.42511306434447,97.16905526640053,97.73396587879863,100.43032879947529,102.79478603106142,91.02623744528836,94.58529813597626,92.51875253732749,95.02184011584397,85.12933841931975,65.70341437796294,67.0692958480648,74.72474888086032,82.16137190740172,60.15530472067218,62.63158762929145,63.49093606772148,50.684735462087424,51.60081679035474,55.67983922226169,63.24970269527097,22.965298735642406,27.96318718977983,30.22530257145246,32.84584946093946,35.81310728593547,37.8562737010862,39.07276373392658,40.68213193294134,46.272719826893116,50.95695359561133,56.6959754634909,61.14976508582376,59.71978044311764,21.224094029476348,27.365267370133644,33.50020771127487,36.59901191709194,38.70366707186838,44.52166714165189,48.57284103642509,52.72649706734217,53.235805539787165,58.93033892282151,60.77296630483603,34.34803052393464,43.57986469040002,48.80364131741012,11.873139326020002,5.5524158705918305,0.0,3.0521110726839638,9.174856371975787,9.736465666770666,28.001424219346262,34.18352758308906,35.14701759341611,35.626465192221225,16.72435962949231,21.9147883208433,25.35513844837393,30.802236574899656,34.64318932128954,27.3557023074328,30.469651889555166,19.353934040198645,20.489888264628487,20.877559517109223,21.981586237800368,22.935453104821136,23.41651235273141,28.54846541051841,34.79415856660604,63.55100777238205
179,71.4971680966653,71.42915339237278,66.53992022141438,60.75841825393223,57.243143869193574,55.40436519844497,43.436725247310065,36.42060452428939,36.06124398110191,30.95891559104312,24.505157538559278,18.480222269197466,24.625106401546944,31.397883822959788,36.773494671970354,45.19353445809965,50.43559798308674,80.35603180347107,83.06372270163507,85.69579982816458,89.95541424733446,95.29587022037647,96.25107176978895,102.53598616856958,109.0342918726345,121.23835403473629,129.4426998079061,132.9646118335968,135.47846441293208,141.71160986889558,144.52658538098305,149.6088279350285,153.7098372126566,160.70619651140044,168.38579053838,171.9723896032134,172.95273537782302,94.35228131378072,100.3472142575258,108.19934912646433,111.25711366939433,119.06893996034574,124.77113909752082,126.20874161560431,128.52959404520857,131.92560037618028,137.48796327336706,140.1654044025051,144.29987292941397,146.32985371750038,150.06275138553258,150.59326905724578,154.3781574307649,156.22005129307078,156.50477396515717,135.19131311764025,138.5243362198704,140.27017126362455,127.17729281403925,132.4363754336603,139.82705030135676,109.19757047438846,115.19905409189371,119.60149717507443,124.0561355137928,136.42318598785425,142.93337146420262,145.88904595277108,146.28259358096204,143.47446997625653,144.10581059288302,145.00585559604147,120.06489728874892,121.75082759573083,123.70672841121201,126.36322196475209,129.68454173255523,132.02558957486858,120.40651126685616,125.13577600886416,130.46541670969944,55.1342360836431,63.92759443399889,71.76705906576073,77.2739307472567,87.09156082854135,93.69257941176896,99.44279686295307,109.8147820309182,116.55067676642817,123.32057408244131,125.56363735509476,127.5828713906237,133.23092683828017,135.87054268899925,138.68924386657608,126.17897305472094,136.17586186593863,137.40708618244517,127.03735339362748,128.65254309614218,132.34600805030266,138.56806660060164,142.84452067757454,107.65386634519479,108.3365068708738,108.76339565990115,113.57314963666971,117.36334409413266,120.29897860816877,93.84196709671245,96.49122387378321,99.23874225672043,103.35977712577483,107.22730240061982,113.36364135323879,116.98902989221358,127.92826237322143,109.81612081546112,113.14235802047878,114.12753997891741,109.79894167069634,116.8926356403117,121.69617864976865,126.02708362403162,128.01000922830355,129.47401726139688,98.1347089602055,99.47722413702844,100.2211663390845,100.7860769514826,103.48243987215926,105.84689710374539,94.07834851797233,97.63740920866023,95.57086361001146,98.07395118852794,88.18144949200372,68.75552545064691,70.12140692074877,77.77685995354429,85.21348298008569,63.20741579335615,65.68369870197543,66.54304714040545,53.736846534771395,54.65292786303871,58.73195029494566,66.30181376795494,26.01740980832637,31.015298262463794,33.27741364413642,35.897960533623426,38.86521835861944,40.908384773770166,42.12487480661054,43.7342430056253,49.32483089957708,54.009064668295295,59.74808653617487,64.20187615850773,62.77189151580161,24.27620510216031,30.417378442817608,36.55231878395884,39.651122989775914,41.75577814455235,47.57377821433586,51.62495210910906,55.778608140026144,56.287916612471136,61.98244999550548,63.82507737752,37.400141596618596,46.63197576308398,51.855752390094075,14.925250398703964,8.604526943275793,3.0521110726839638,0.0,6.122745299291823,6.6843545940867015,31.053535292030226,37.235638655773016,38.199128666100066,38.67857626490518,19.77647070217627,24.96689939352726,28.40724952105789,33.854347647583616,37.695300393973504,30.407813380116764,33.52176296223913,22.40604511288261,23.54199933731245,23.929670589793187,25.03369731048433,25.9875641775051,26.468623425415373,31.60057648320237,37.84626963929001,66.60311884506602
180,77.61991339595714,77.55189869166462,72.66266552070621,66.88116355322406,63.365889168485396,61.52711049773679,49.55947054660189,42.54334982358121,42.18398928039373,37.081660890334945,30.627902837851103,24.60296756848929,30.747851700838766,37.52062912225161,42.896239971262176,51.31627975739147,56.55834328237856,86.47877710276289,89.1864680009269,91.8185451274564,96.07815954662628,101.4186155196683,102.37381706908077,108.6587314678614,115.15703717192632,127.36109933402811,135.56544510719792,139.0873571328886,141.6012097122239,147.8343551681874,150.64933068027486,155.7315732343203,159.8325825119484,166.82894181069224,174.50853583767181,178.0951349025052,179.07548067711483,100.47502661307254,106.46995955681763,114.32209442575615,117.37985896868615,125.19168525963757,130.89388439681264,132.33148691489615,134.6523393445004,138.04834567547212,143.6107085726589,146.28814970179693,150.4226182287058,152.45259901679222,156.1854966848244,156.71601435653758,160.5009027300567,162.3427965923626,162.62751926444898,141.31405841693208,144.64708151916224,146.39291656291638,133.30003811333106,138.5591207329521,145.94979560064857,115.32031577368028,121.32179939118554,125.72424247436625,130.17888081308462,142.5459312871461,149.05611676349446,152.01179125206292,152.40533888025388,149.59721527554836,150.22855589217485,151.1286008953333,126.18764258804075,127.87357289502265,129.82947371050383,132.48596726404392,135.80728703184707,138.1483348741604,126.52925656614798,131.258521308156,136.58816200899128,61.256981382934924,70.05033973329071,77.88980436505256,83.39667604654852,93.21430612783317,99.81532471106078,105.5655421622449,115.93752733021002,122.67342206571999,129.44331938173312,131.68638265438656,133.7056166899155,139.35367213757198,141.99328798829106,144.81198916586789,132.30171835401276,142.29860716523044,143.52983148173698,133.16009869291932,134.77528839543402,138.4687533495945,144.69081189989345,148.96726597686634,113.77661164448661,114.45925217016563,114.88614095919297,119.69589493596153,123.48608939342448,126.42172390746059,99.96471239600427,102.61396917307503,105.36148755601225,109.48252242506665,113.35004769991164,119.48638665253061,123.1117751915054,134.05100767251324,115.93886611475294,119.2651033197706,120.25028527820923,115.92168696998816,123.01538093960352,127.81892394906048,132.14982892332344,134.13275452759538,135.59676256068872,104.25745425949732,105.59996943632027,106.34391163837633,106.90882225077442,109.60518517145108,111.96964240303721,100.20109381726415,103.76015450795205,101.6936089093033,104.19669648781978,94.30419479129554,74.87827074993874,76.24415222004059,83.89960525283611,91.33622827937751,69.33016109264797,71.80644400126725,72.66579243969727,59.85959183406322,60.775673162330534,64.85469559423748,72.42455906724676,32.14015510761819,37.138043561755616,39.400158943428245,42.02070583291525,44.98796365791126,47.03113007306199,48.247620105902364,49.856988304917124,55.4475761988689,60.13180996758712,65.87083183546669,70.32462145779955,68.89463681509343,30.398950401452137,36.54012374210943,42.67506408325066,45.773868289067735,47.87852344384417,53.69652351362768,57.74769740840088,61.901353439317965,62.41066191176296,68.1051952947973,69.94782267681181,43.52288689591042,52.7547210623758,57.9784976893859,21.047995697995788,14.727272242567619,9.174856371975787,6.122745299291823,0.0,0.5616092947948784,37.17628059132205,43.35838395506484,44.32187396539189,44.801321564197,25.899216001468094,31.089644692819085,34.529994820349714,39.977092946875445,43.81804569326533,36.530558679408585,39.64450826153095,28.52879041217443,29.664744636604272,30.052415889085008,31.156442609776153,32.11030947679692,32.591368724707195,37.723321782494196,43.96901493858183,72.72586414435784
181,78.18152269075202,78.1135079864595,73.22427481550109,67.44277284801893,63.92749846328027,62.08871979253167,50.121079841396764,43.10495911837609,42.74559857518861,37.64327018512982,31.18951213264598,25.164576863284168,31.309460995633643,38.08223841704649,43.45784926605705,51.87788905218635,57.119952577173436,87.04038639755777,89.74807729572177,92.38015442225128,96.63976884142116,101.98022481446317,102.93542636387565,109.22034076265628,115.7186464667212,127.92270862882299,136.1270544019928,139.6489664276835,142.16281900701878,148.39596446298228,151.21093997506975,156.2931825291152,160.3941918067433,167.39055110548713,175.0701451324667,178.6567441973001,179.63708997190972,101.03663590786742,107.0315688516125,114.88370372055103,117.94146826348103,125.75329455443244,131.4554936916075,132.893096209691,135.21394863929527,138.60995497026698,144.17231786745376,146.8497589965918,150.98422752350066,153.01420831158708,156.74710597961928,157.27762365133248,161.0625120248516,162.90440588715748,163.18912855924387,141.87566771172695,145.2086908139571,146.95452585771125,133.86164740812595,139.120730027747,146.51140489544346,115.88192506847516,121.88340868598041,126.28585176916113,130.74049010787948,143.10754058194095,149.61772605828932,152.57340054685778,152.96694817504874,150.15882457034323,150.79016518696972,151.69021019012817,126.74925188283562,128.4351821898175,130.3910830052987,133.04757655883878,136.36889632664193,138.70994416895527,127.09086586094286,131.82013060295085,137.14977130378614,61.8185906777298,70.61194902808559,78.45141365984743,83.9582853413434,93.77591542262805,100.37693400585566,106.12715145703977,116.4991366250049,123.23503136051487,130.004928676528,132.24799194918145,134.2672259847104,139.91528143236687,142.55489728308595,145.37359846066278,132.86332764880763,142.8602164600253,144.09144077653184,133.72170798771418,135.33689769022888,139.03036264438936,145.25242119468834,149.52887527166124,114.33822093928148,115.0208614649605,115.44775025398785,120.25750423075641,124.04769868821936,126.98333320225547,100.52632169079915,103.17557846786991,105.92309685080713,110.04413171986153,113.91165699470652,120.04799594732549,123.67338448630028,134.61261696730813,116.50047540954782,119.82671261456548,120.81189457300411,116.48329626478304,123.5769902343984,128.38053324385535,132.7114382181183,134.69436382239024,136.15837185548358,104.8190635542922,106.16157873111514,106.9055209331712,107.4704315455693,110.16679446624596,112.53125169783209,100.76270311205903,104.32176380274693,102.25521820409816,104.75830578261464,94.86580408609042,75.43988004473361,76.80576151483547,84.46121454763099,91.89783757417239,69.89177038744285,72.36805329606213,73.22740173449215,60.421201128858094,61.33728245712541,65.41630488903236,72.98616836204164,32.70176440241307,37.69965285655049,39.96176823822312,42.582315127710125,45.549572952706136,47.592739367856865,48.80922940069724,50.418597599712,56.00918549366378,60.693419262381994,66.43244113026157,70.88623075259443,69.45624610988831,30.960559696247014,37.10173303690431,43.23667337804554,46.33547758386261,48.44013273863905,54.25813280842256,58.30930670319576,62.46296273411284,62.972271206557835,68.66680458959218,70.50943197160669,44.084496190705295,53.31633035717068,58.540106984180774,21.609604992790665,15.288881537362496,9.736465666770666,6.6843545940867015,0.5616092947948784,0.0,37.737889886116925,43.919993249859715,44.883483260186765,45.36293085899188,26.46082529626297,31.651253987613963,35.09160411514459,40.53870224167032,44.37965498806021,37.09216797420346,40.20611755632583,29.090399706969308,30.22635393139915,30.614025183879885,31.71805190457103,32.6719187715918,33.15297801950207,38.28493107728907,44.530624233376706,73.28747343915272
182,65.59025885030059,65.52224414600806,60.63301097504966,54.85150900756751,51.336234622828854,49.49745595208025,37.529816000945345,30.513695277924676,30.154334734737198,25.05200634467841,18.59824829219457,12.573313022832757,6.428428890483281,13.201206311896126,18.57681716090669,26.996856947035983,32.238920472023075,62.159354292407414,64.86704519057142,67.49912231710093,71.7587367362708,77.09919270931282,78.0543942587253,84.33930865750592,90.83761436157084,103.04167652367263,111.24602229684245,114.76793432253312,117.2817869018684,123.5149323578319,126.32990786991938,131.41215042396485,135.51315970159294,142.50951900033678,150.18911302731635,153.77571209214975,154.75605786675936,76.15560380271707,82.15053674646215,90.00267161540067,93.06043615833067,100.87226244928209,106.57446158645716,108.01206410454066,110.33291653414491,113.72892286511664,119.29128576230342,121.96872689144146,126.10319541835034,128.13317620643676,131.86607387446895,132.39659154618215,136.18147991970127,138.02337378200716,138.30809645409354,116.99463560657661,120.32765870880678,122.07349375256092,108.9806153029756,114.23969792259663,121.63037279029311,91.0008929633248,97.00237658083006,101.40481966401077,105.85945800272914,118.22650847679061,124.73669395313898,127.69236844170746,128.08591606989842,125.27779246519289,125.90913308181936,126.8091780849778,101.86821977768527,103.55415008466717,105.51005090014836,108.16654445368843,111.48786422149158,113.82891206380494,102.2098337557925,106.9390984978005,112.26873919863579,36.93755857257944,45.73091692293523,53.570381554697065,59.07725323619304,68.89488331747768,75.49590190070529,81.2461193518894,91.61810451985453,98.3539992553645,105.12389657137764,107.36695984403109,109.38619387956003,115.0342493272165,117.67386517793557,120.4925663555124,107.98229554365729,117.97918435487497,119.21040867138153,108.84067588256383,110.45586558507853,114.14933053923899,120.37138908953797,124.64784316651087,89.45718883413113,90.13982935981015,90.5667181488375,95.37647212560606,99.166666583069,102.10230109710511,75.64528958564878,78.29454636271954,81.04206474565676,85.16309961471116,89.03062488955615,95.16696384217512,98.79235238114991,109.73158486215776,91.61944330439746,94.94568050941513,95.93086246785376,91.60226415963267,98.69595812924803,103.49950113870499,107.83040611296795,109.81333171723988,111.27733975033323,79.93803144914185,81.28054662596479,82.02448882802085,82.58939944041894,85.2857623610956,87.65021959268174,75.88167100690868,79.44073169759658,77.3741860989478,79.87727367746429,69.98477198094007,50.558847939583245,51.9247294096851,59.58018244248062,67.01680546902202,45.010738282292486,47.48702119091176,48.34636962934179,35.54016902370773,36.45625035197505,40.535272783882,48.10513625689128,20.11050056196166,25.108389016099082,27.37050439777171,29.991051287258713,32.958309112254724,35.001475527405454,36.21796556024583,37.82733375926059,43.41792165321237,48.10215542193058,53.841177289810155,58.29496691214301,44.57521400473795,18.369295855795603,24.510469196452895,30.645409537594123,33.7442137434112,35.84886889818764,41.66686896797115,45.71804286274435,49.87169889366143,50.381007366106424,56.07554074914077,57.91816813115529,31.493232350253887,40.725066516719274,45.94884314372937,16.12828489332626,22.449008348754433,28.001424219346262,31.053535292030226,37.17628059132205,37.737889886116925,0.0,6.182103363742794,7.145593374069842,7.625040972874958,13.869561455811562,19.05999014716255,22.50034027469318,27.947438401218907,31.788391147608795,12.211135869053098,15.325085451175465,16.499135866517896,17.635090090947738,18.022761343428474,19.12678806411962,20.080654931140387,20.56171417905066,25.693667236837662,31.939360392925295,60.6962095987013
183,71.77236221404338,71.70434750975086,66.81511433879245,61.033612371310305,57.51833798657165,55.67955931582305,43.71191936468814,36.69579864166747,36.336438098479995,31.234109708421208,24.780351655937366,18.755416386575554,12.610532254226076,19.38330967563892,24.758920524649483,33.17896031077878,38.421023835765865,68.3414576561502,71.0491485543142,73.68122568084371,77.94084010001359,83.2812960730556,84.23649762246808,90.52141202124871,97.01971772531363,109.22377988741542,117.42812566058524,120.9500376862759,123.46389026561118,129.69703572157468,132.51201123366215,137.5942537877076,141.6952630653357,148.69162236407954,156.3712163910591,159.9578154558925,160.93816123050212,82.33770716645985,88.33264011020493,96.18477497914346,99.24253952207346,107.05436581302487,112.75656495019994,114.19416746828344,116.5150198978877,119.91102622885943,125.4733891260462,128.15083025518425,132.28529878209312,134.31527957017954,138.04817723821174,138.57869490992493,142.36358328344406,144.20547714574994,144.49019981783633,123.17673897031939,126.50976207254956,128.2555971163037,115.16271866671838,120.42180128633942,127.81247615403589,97.18299632706758,103.18447994457284,107.58692302775356,112.04156136647192,124.4086118405334,130.91879731688178,133.87447180545024,134.2680194336412,131.45989582893566,132.09123644556215,132.9912814487206,108.05032314142805,109.73625344840995,111.69215426389114,114.34864781743121,117.66996758523436,120.01101542754772,108.39193711953529,113.12120186154328,118.45084256237857,43.11966193632223,51.91302028667802,59.75248491843986,65.25935659993583,75.07698668122048,81.67800526444809,87.4282227156322,97.80020788359732,104.5361026191073,111.30599993512044,113.54906320777388,115.56829724330282,121.2163526909593,123.85596854167837,126.67466971925519,114.16439890740007,124.16128771861776,125.39251203512431,115.02277924630661,116.63796894882131,120.33143390298177,126.55349245328077,130.82994653025366,95.63929219787391,96.32193272355293,96.74882151258028,101.55857548934884,105.34876994681179,108.2844044608479,81.82739294939158,84.47664972646234,87.22416810939956,91.34520297845395,95.21272825329895,101.34906720591792,104.97445574489271,115.91368822590056,97.80154666814025,101.12778387315791,102.11296583159654,97.78436752337547,104.87806149299082,109.68160450244778,114.01250947671075,115.99543508098267,117.45944311407602,86.12013481288463,87.46264998970757,88.20659219176363,88.77150280416173,91.46786572483839,93.83232295642452,82.06377437065146,85.62283506133936,83.55628946269059,86.05937704120707,76.16687534468285,56.740951303326035,58.10683277342789,65.76228580622342,73.19890883276481,51.192841646035276,53.66912455465455,54.52847299308458,41.72227238745052,42.63835371571784,46.71737614762479,54.28723962063407,26.29260392570446,31.29049237984188,33.55260776151451,36.17315465100151,39.14041247599752,41.18357889114825,42.40006892398863,44.00943712300339,49.600025016955165,54.28425878567338,60.02328065355295,64.47707027588581,50.75731736848074,24.5513992195384,30.692572560195693,36.82751290133692,39.92631710715399,42.03097226193043,47.84897233171394,51.90014622648714,56.05380225740422,56.563110729849214,62.25764411288356,64.10027149489808,37.67533571399669,46.90716988046207,52.13094650747217,22.310388257069057,28.63111171249723,34.18352758308906,37.23563865577302,43.358383955064845,43.91999324985972,6.182103363742794,0.0,0.9634900103270481,1.442937609132164,20.051664819554357,25.24209351090535,28.682443638435977,34.1295417649617,37.97049451135159,18.393239232795892,21.50718881491826,22.681239230260694,23.817193454690536,24.20486470717127,25.308891427862417,26.262758294883184,26.743817542793458,31.87577060058046,38.12146375666809,66.8783129624441
184,72.73585222437043,72.66783752007791,67.7786043491195,61.997102381637355,58.4818279968987,56.6430493261501,44.67540937501519,37.659288651994515,37.29992810880704,32.19759971874825,25.74384166626441,19.718906396902597,13.574022264553122,20.346799685965966,25.72241053497653,34.14245032110583,39.384513846092915,69.30494766647725,72.01263856464125,74.64471569117076,78.90433011034064,84.24478608338265,85.19998763279513,91.48490203157576,97.98320773564068,110.18726989774247,118.39161567091227,121.91352769660294,124.42738027593822,130.6605257319017,133.47550124398919,138.55774379803464,142.65875307566273,149.65511237440657,157.33470640138614,160.92130546621954,161.90165124082915,83.3011971767869,89.29613012053198,97.1482649894705,100.2060295324005,108.01785582335192,113.720054960527,115.15765747861049,117.47850990821475,120.87451623918648,126.43687913637325,129.11432026551128,133.24878879242016,135.27876958050658,139.01166724853874,139.54218492025194,143.32707329377106,145.16896715607695,145.45368982816333,124.14022898064644,127.47325208287661,129.21908712663074,116.12620867704541,121.38529129666645,128.77596616436293,98.14648633739463,104.14796995489989,108.5504130380806,113.00505137679897,125.37210185086045,131.88228732720881,134.83796181577728,135.23150944396824,132.42338583926272,133.0547264558892,133.95477145904766,109.0138131517551,110.699743458737,112.65564427421819,115.31213782775826,118.63345759556142,120.97450543787478,109.35542712986233,114.08469187187033,119.41433257270562,44.08315194664928,52.87651029700507,60.71597492876691,66.22284661026288,76.04047669154752,82.64149527477514,88.39171272595925,98.76369789392437,105.49959262943435,112.26948994544749,114.51255321810093,116.53178725362987,122.17984270128635,124.81945855200541,127.63815972958224,115.12788891772712,125.1247777289448,126.35600204545136,115.98626925663366,117.60145895914836,121.29492391330882,127.51698246360782,131.79343654058073,96.60278220820096,97.28542273387998,97.71231152290733,102.52206549967589,106.31225995713883,109.24789447117494,82.79088295971863,85.44013973678939,88.1876581197266,92.308692988781,96.176218263626,102.31255721624497,105.93794575521976,116.8771782362276,98.7650366784673,102.09127388348496,103.07645584192359,98.74785753370251,105.84155150331787,110.64509451277483,114.9759994870378,116.95892509130972,118.42293312440307,87.08362482321168,88.42614000003462,89.17008220209068,89.73499281448878,92.43135573516544,94.79581296675157,83.02726438097851,86.58632507166641,84.51977947301765,87.02286705153413,77.1303653550099,57.704441313653085,59.07032278375494,66.72577581655047,74.16239884309186,52.156331656362326,54.6326145649816,55.49196300341163,42.68576239777757,43.60184372604489,47.68086615795184,55.25072963096112,27.2560939360315,32.25398239016892,34.51609777184155,37.13664466132855,40.103902486324564,42.14706890147529,43.36355893431567,44.97292713333043,50.56351502728221,55.24774879600042,60.986770663879994,65.44056028621286,51.72080737880779,25.514889229865442,31.656062570522735,37.791002911663966,40.88980711748104,42.99446227225748,48.81246234204099,52.86363623681419,57.01729226773127,57.526600740176264,63.22113412321061,65.06376150522513,38.63882572432372,47.870659890789106,53.0944365177992,23.2738782673961,29.594601722824272,35.1470175934161,38.199128666100066,44.32187396539189,44.883483260186765,7.145593374069842,0.9634900103270481,0.0,0.4794475988051159,21.0151548298814,26.20558352123239,29.64593364876302,35.09303177528875,38.93398452167864,19.356729243122942,22.470678825245308,23.644729240587736,24.780683465017578,25.168354717498314,26.27238143818946,27.226248305210227,27.7073075531205,32.8392606109075,39.084953766995135,67.84180297277115
185,73.21529982317554,73.14728511888302,68.25805194792461,62.47654998044246,58.96127559570381,57.12249692495521,45.1548569738203,38.13873625079963,37.779375707612154,32.67704731755337,26.223289265069525,20.198353995707713,14.053469863358238,20.826247284771082,26.201858133781645,34.621897919910936,39.863961444898024,69.78439526528236,72.49208616344636,75.12416328997587,79.38377770914575,84.72423368218776,85.67943523160024,91.96434963038087,98.46265533444578,110.66671749654758,118.87106326971738,122.39297529540805,124.90682787474333,131.13997333070682,133.9549488427943,139.03719139683975,143.13820067446784,150.13455997321168,157.81415400019125,161.40075306502465,162.38109883963426,83.78064477559201,89.7755777193371,97.62771258827561,100.68547713120562,108.49730342215703,114.1995025593321,115.6371050774156,117.95795750701986,121.35396383799159,126.91632673517836,129.5937678643164,133.72823639122527,135.75821717931169,139.49111484734385,140.02163251905705,143.80652089257617,145.64841475488205,145.93313742696844,124.61967657945155,127.95269968168172,129.69853472543585,116.60565627585052,121.86473889547156,129.25541376316804,98.62593393619974,104.627417553705,109.02986063688572,113.48449897560408,125.85154944966555,132.36173492601392,135.3174094145824,135.71095704277334,132.90283343806783,133.53417405469432,134.43421905785277,109.49326075056021,111.17919105754211,113.1350918730233,115.79158542656337,119.11290519436653,121.45395303667989,109.83487472866744,114.56413947067544,119.89378017151073,44.56259954545439,53.35595789581018,61.19542252757202,66.70229420906799,76.51992429035263,83.12094287358025,88.87116032476436,99.24314549272948,105.97904022823946,112.7489375442526,114.99200081690604,117.01123485243498,122.65929030009146,125.29890615081052,128.11760732838735,115.60733651653223,125.60422532774992,126.83544964425647,116.46571685543877,118.08090655795347,121.77437151211393,127.99643006241293,132.27288413938584,97.08222980700607,97.76487033268509,98.19175912171244,103.001513098481,106.79170755594394,109.72734206998005,83.27033055852374,85.9195873355945,88.66710571853172,92.78814058758611,96.6556658624311,102.79200481505008,106.41739335402487,117.35662583503272,99.2444842772724,102.57072148229007,103.5559034407287,99.22730513250762,106.32099910212298,111.12454211157994,115.4554470858429,117.43837269011483,118.90238072320818,87.56307242201679,88.90558759883973,89.64952980089579,90.21444041329389,92.91080333397055,95.27526056555668,83.50671197978362,87.06577267047152,84.99922707182276,87.50231465033924,77.60981295381501,58.183888912458194,59.54977038256005,67.20522341535558,74.64184644189697,52.635779255167435,55.11206216378671,55.971410602216736,43.16520999658268,44.08129132485,48.16031375675695,55.73017722976623,27.735541534836617,32.73342998897404,34.99554537064667,37.61609226013367,40.58335008512968,42.62651650028041,43.843006533120786,45.452374732135546,51.04296262608732,55.72719639480554,61.46621826268511,65.92000788501797,52.2002549776129,25.99433682867056,32.13551016932785,38.270450510469075,41.36925471628615,43.47390987106259,49.2919099408461,53.3430838356193,57.49673986653638,58.00604833898137,63.70058172201572,65.54320910403024,39.11827332312885,48.35010748959423,53.573884116604326,23.753325866201216,30.07404932162939,35.62646519222122,38.67857626490518,44.801321564197,45.36293085899188,7.625040972874958,1.442937609132164,0.4794475988051159,0.0,21.494602428686516,26.685031120037507,30.125381247568136,35.57247937409386,39.41343212048375,19.836176841928058,22.950126424050424,24.124176839392852,25.260131063822694,25.64780231630343,26.751829036994575,27.705695904015343,28.186755151925617,33.31870820971262,39.56440136580025,68.32125057157626
186,54.313194260446636,54.24517955615411,49.355946385195715,43.574444417713565,40.05917003297491,38.22039136222631,26.2527514110914,19.236630688070726,18.877270144883248,13.774941754824459,7.321183702340617,1.2962484329788044,7.441132565328281,14.213909986741125,19.58952083575169,28.009560621880983,33.251624146868075,63.172057967252414,65.87974886541642,68.51182599194593,72.7714404111158,78.11189638415782,79.0670979335703,85.35201233235092,91.85031803641584,104.05438019851763,112.25872597168745,115.78063799737812,118.2944905767134,124.5276360326769,127.34261154476438,132.42485409880985,136.52586337643794,143.52222267518178,151.20181670216135,154.78841576699475,155.76876154160436,77.16830747756207,83.16324042130715,91.01537529024567,94.07313983317567,101.88496612412709,107.58716526130216,109.02476777938566,111.34562020898991,114.74162653996164,120.30398943714842,122.98143056628646,127.11589909319534,129.14587988128176,132.87877754931395,133.40929522102715,137.19418359454627,139.03607745685215,139.32080012893854,118.00733928142161,121.34036238365178,123.08619742740592,109.99331897782059,115.25240159744163,122.64307646513811,92.0135966381698,98.01508025567506,102.41752333885577,106.87216167757414,119.23921215163561,125.74939762798398,128.70507211655246,129.09861974474342,126.29049614003789,126.92183675666436,127.8218817598228,102.88092345253027,104.56685375951217,106.52275457499336,109.17924812853343,112.50056789633658,114.84161573864993,103.2225374306375,107.9518021726455,113.28144287348078,37.95026224742444,46.74362059778023,54.583085229542064,60.08995691103804,69.90758699232268,76.50860557555029,82.2588230267344,92.63080819469953,99.3667029302095,106.13660024622264,108.37966351887609,110.39889755440502,116.0469530020615,118.68656885278057,121.5052700303574,108.99499921850229,118.99188802971997,120.22311234622653,109.85337955740883,111.46856925992353,115.16203421408399,121.38409276438297,125.66054684135587,90.46989250897613,91.15253303465515,91.5794218236825,96.38917580045106,100.179370257914,103.11500477195011,76.65799326049378,79.30725003756454,82.05476842050176,86.17580328955616,90.04332856440115,96.17966751702012,99.80505605599491,110.74428853700276,92.63214697924246,95.95838418426013,96.94356614269876,92.61496783447767,99.70866180409303,104.51220481354999,108.84310978781295,110.82603539208488,112.29004342517823,80.95073512398685,82.29325030080979,83.03719250286585,83.60210311526394,86.2984660359406,88.66292326752674,76.89437468175367,80.45343537244158,78.3868897737928,80.88997735230929,70.99747565578507,51.571551614428245,52.9374330845301,60.59288611732562,68.02950914386702,46.023441957137486,48.49972486575676,49.359073304186786,36.55287269855273,37.46895402682005,41.547976458727,49.11783993173628,8.833435972107708,13.83132442624513,16.093439807917758,18.71398669740476,21.68124452240077,23.7244109375515,24.940900970391873,26.55026916940663,32.14085706335841,36.825090832076626,42.5641126999562,47.01790232228906,45.58791767958295,7.09223126594165,13.233404606598945,19.368344947740173,22.46714915355725,24.571804308333686,30.38980437811719,34.44097827289039,38.594634303807474,39.10394277625247,44.798476159286814,46.641103541301334,20.216167760399937,29.448001926865324,34.67177855387542,4.8512203034723065,11.171943758900477,16.72435962949231,19.776470702176272,25.899216001468098,26.460825296262975,13.869561455811562,20.051664819554354,21.015154829881403,21.49460242868652,0.0,5.190428691350991,8.63077881888162,14.077876945407347,17.918829691797235,13.223839543898098,16.337789126020464,5.222071276663946,6.3580255010937865,6.745696753574524,7.849723474265669,8.803590341286437,9.284649589196711,14.416602646983709,20.662295803071345,49.41914500884736
187,59.503622951797624,59.4356082475051,54.5463750765467,48.76487310906455,45.2495987243259,43.4108200535773,31.443180102442387,24.427059379421713,24.067698836234236,18.96537044617545,12.511612393691609,6.486677124329796,12.631561256679273,19.404338678092117,24.77994952710268,33.199989313231974,38.44205283821907,68.3624866586034,71.0701775567674,73.70225468329691,77.96186910246679,83.3023250755088,84.25752662492128,90.54244102370191,97.04074672776683,109.24480888986862,117.44915466303843,120.9710666887291,123.48491926806437,129.71806472402787,132.53304023611534,137.6152827901608,141.71629206778888,148.71265136653273,156.3922453935123,159.9788444583457,160.9591902329553,82.35873616891305,88.35366911265814,96.20580398159666,99.26356852452666,107.07539481547808,112.77759395265315,114.21519647073664,116.5360489003409,119.93205523131263,125.4944181284994,128.17185925763744,132.3063277845463,134.33630857263273,138.06920624066493,138.59972391237812,142.38461228589725,144.22650614820313,144.51122882028952,123.1977679727726,126.53079107500277,128.2766261187569,115.18374766917157,120.4428302887926,127.83350515648908,97.20402532952079,103.20550894702605,107.60795203020676,112.06259036892513,124.4296408429866,130.93982631933497,133.89550080790343,134.2890484360944,131.48092483138888,132.11226544801536,133.01231045117382,108.07135214388126,109.75728245086316,111.71318326634434,114.36967681988442,117.69099658768758,120.03204443000094,108.41296612198849,113.14223086399649,118.47187156483177,43.140690938775435,51.934049289131224,59.773513920893066,65.28038560238903,75.09801568367368,81.6990342669013,87.4492517180854,97.82123688605053,104.5571316215605,111.32702893757364,113.57009221022709,115.58932624575603,121.2373816934125,123.87699754413157,126.6956987217084,114.18542790985327,124.18231672107096,125.41354103757752,115.04380824875982,116.65899795127451,120.35246290543498,126.57452145573397,130.85097553270685,95.66032120032712,96.34296172600614,96.76985051503348,101.57960449180204,105.36979894926499,108.3054334633011,81.84842195184478,84.49767872891555,87.24519711185276,91.36623198090716,95.23375725575215,101.37009620837112,104.99548474734591,115.93471722835376,97.82257567059345,101.14881287561111,102.13399483404974,97.80539652582867,104.89909049544403,109.70263350490099,114.03353847916395,116.01646408343588,117.48047211652923,86.14116381533783,87.48367899216078,88.22762119421684,88.79253180661493,91.4888947272916,93.85335195887772,82.08480337310466,85.64386406379256,83.5773184651438,86.08040604366029,76.18790434713605,56.76198030577924,58.127861775881094,65.78331480867662,73.21993783521802,51.21387064848848,53.690153557107756,54.54950199553778,41.74330138990373,42.659382718171045,46.738405150077995,54.30826862308727,14.0238646634587,19.02175311759612,21.28386849926875,23.90441538875575,26.871673213751762,28.91483962890249,30.131329661742864,31.74069786075762,37.3312857547094,42.01551952342761,47.754541391307185,52.20833101364005,50.778346370933946,12.28265995729264,18.423833297949933,24.55877363909116,27.65757784490824,29.762232999684674,35.58023306946818,39.63140696424138,43.78506299515846,44.294371467603455,49.9889048506378,51.83153223265232,25.406596451750925,34.63843061821631,39.86220724522641,10.041648994823298,16.36237245025147,21.9147883208433,24.966899393527264,31.089644692819085,31.651253987613963,19.059990147162555,25.24209351090535,26.2055835212324,26.685031120037515,5.190428691350991,0.0,3.4403501275306287,8.887448254056356,12.728401000446244,18.41426823524909,21.528217817371456,10.412499968014938,11.548454192444778,11.936125444925516,13.04015216561666,13.994019032637429,14.475078280547702,19.6070313383347,25.852724494422333,54.60957370019835
188,62.94397307932825,62.87595837503573,57.98672520407733,52.20522323659518,48.68994885185653,46.851170181107925,34.88353022997302,27.86740950695235,27.50804896376487,22.40572057370608,15.951962521222239,9.927027251860425,16.0719113842099,22.844688805622745,28.22029965463331,36.6403394407626,41.88240296574969,71.80283678613402,74.51052768429803,77.14260481082754,81.40221922999741,86.74267520303943,87.6978767524519,93.98279115123253,100.48109685529745,112.68515901739924,120.88950479056905,124.41141681625972,126.925269395595,133.1584148515585,135.97339036364596,141.0556329176914,145.1566421953195,152.15300149406335,159.83259552104292,163.4191945858763,164.39954036048593,85.79908629644368,91.79401924018876,99.64615410912728,102.70391865205728,110.5157449430087,116.21794408018377,117.65554659826726,119.97639902787152,123.37240535884325,128.93476825603003,131.61220938516806,135.74667791207693,137.77665870016335,141.50955636819555,142.04007403990875,145.82496241342787,147.66685627573375,147.95157894782014,126.63811810030322,129.97114120253337,131.71697624628752,118.62409779670219,123.88318041632323,131.2738552840197,100.64437545705141,106.64585907455667,111.04830215773738,115.50294049645575,127.86999097051722,134.3801764468656,137.33585093543405,137.729398563625,134.9212749589195,135.55261557554599,136.45266057870444,111.51170227141188,113.19763257839378,115.15353339387497,117.81002694741504,121.1313467152182,123.47239455753156,111.85331624951911,116.58258099152711,121.9122216923624,46.58104106630606,55.374399416661845,63.21386404842369,68.72073572991965,78.5383658112043,85.13938439443191,90.88960184561603,101.26158701358115,107.99748174909112,114.76737906510427,117.01044233775771,119.02967637328665,124.67773182094312,127.31734767166219,130.13604884923902,117.6257780373839,127.62266684860158,128.85389116510814,118.48415837629044,120.09934807880514,123.7928130329656,130.01487158326458,134.29132566023748,99.10067132785774,99.78331185353676,100.2102006425641,105.01995461933267,108.81014907679561,111.74578359083172,85.2887720793754,87.93802885644617,90.68554723938338,94.80658210843778,98.67410738328277,104.81044633590174,108.43583487487653,119.37506735588438,101.26292579812407,104.58916300314173,105.57434496158037,101.24574665335929,108.33944062297465,113.14298363243161,117.47388860669457,119.4568142109665,120.92082224405985,89.58151394286845,90.9240291196914,91.66797132174746,92.23288193414555,94.92924485482222,97.29370208640835,85.52515350063528,89.08421419132318,87.01766859267443,89.52075617119091,79.62825447466668,60.20233043330986,61.568211903411715,69.22366493620724,76.66028796274864,54.6542207760191,57.13050368463838,57.9898521230684,45.18365151743435,46.099732845701666,50.178755277608616,57.748618750617894,17.464214790989327,22.462103245126748,24.724218626799377,27.34476551628638,30.31202334128239,32.35518975643312,33.571679789273496,35.181047988288256,40.771635882240034,45.45586965095825,51.19489151883782,55.648681141170684,54.21869649846457,15.72301008482327,21.864183425480565,27.999123766621793,31.09792797243887,33.202583127215306,39.020583196998814,43.071757091772014,47.2254131226891,47.73472159513409,53.42925497816844,55.27188236018296,28.846946579281557,38.07878074574694,43.302557372757036,13.481999122353926,19.8027225777821,25.35513844837393,28.407249521057892,34.529994820349714,35.09160411514459,22.500340274693183,28.682443638435977,29.645933648763027,30.125381247568143,8.63077881888162,3.4403501275306287,0.0,5.447098126525727,9.288050872915615,21.854618362779718,24.968567944902084,13.852850095545566,14.988804319975406,15.376475572456144,16.48050229314729,17.434369160168057,17.91542840807833,23.04738146586533,29.293074621952968,58.049923827728975
189,68.39107120585399,68.32305650156147,63.43382333060306,57.65232136312091,54.13704697838226,52.298268307633656,40.33062835649875,33.31450763347807,32.955147090290595,27.852818700231808,21.399060647747966,15.374125378386152,21.51900951073563,28.291786932148472,33.66739778115904,42.08743756728833,47.32950109227542,77.24993491265975,79.95762581082376,82.58970293735327,86.84931735652314,92.18977332956516,93.14497487897764,99.42988927775826,105.92819498182318,118.13225714392497,126.33660291709478,129.85851494278546,132.37236752212075,138.60551297808425,141.42048849017172,146.50273104421717,150.60374032184527,157.6000996205891,165.27969364756868,168.86629271240207,169.8466384870117,91.2461844229694,97.24111736671449,105.09325223565301,108.15101677858301,115.96284306953443,121.6650422067095,123.102644724793,125.42349715439725,128.81950348536898,134.38186638255576,137.0593075116938,141.19377603860266,143.22375682668908,146.95665449472125,147.48717216643445,151.27206053995357,153.11395440225945,153.39867707434584,132.08521622682895,135.4182393290591,137.16407437281325,124.07119592322792,129.33027854284896,136.72095341054543,106.09147358357714,112.0929572010824,116.49540028426311,120.95003862298148,133.31708909704295,139.82727457339132,142.78294906195978,143.17649669015074,140.36837308544523,140.99971370207172,141.89975870523017,116.95880039793761,118.64473070491951,120.6006315204007,123.25712507394077,126.57844484174393,128.91949268405727,117.30041437604484,122.02967911805284,127.35931981888812,52.02813919283179,60.821497543187576,68.66096217494942,74.16783385644538,83.98546393773003,90.58648252095765,96.33669997214176,106.70868514010688,113.44457987561685,120.21447719163,122.45754046428344,124.47677449981238,130.12482994746884,132.76444579818792,135.58314697576475,123.07287616390963,133.0697649751273,134.30098929163384,123.93125650281617,125.54644620533087,129.23991115949133,135.4619697097903,139.7384237867632,104.54776945438347,105.23040998006249,105.65729876908983,110.4670527458584,114.25724720332134,117.19288171735745,90.73587020590114,93.3851269829719,96.13264536590911,100.25368023496351,104.1212055098085,110.25754446242748,113.88293300140226,124.82216548241011,106.7100239246498,110.03626112966747,111.0214430881061,106.69284477988502,113.78653874950038,118.59008175895734,122.9209867332203,124.90391233749223,126.36792037058558,95.02861206939419,96.37112724621713,97.11506944827319,97.67998006067128,100.37634298134795,102.74080021293408,90.97225162716101,94.53131231784891,92.46476671920016,94.96785429771664,85.0753526011924,65.6494285598356,67.01531002993745,74.67076306273297,82.10738608927437,60.10131890254483,62.57760181116411,63.43695024959413,50.63074964396008,51.5468309722274,55.62585340413435,63.195716877143624,22.911312917515055,27.90920137165248,30.171316753325108,32.79186364281211,35.75912146780812,37.80228788295885,39.01877791579923,40.62814611481399,46.218734008765765,50.90296777748398,56.64198964536355,61.095779267696415,59.6657946249903,21.170108211348996,27.311281552006292,33.44622189314752,36.5450260989646,38.649681253741036,44.467681323524545,48.518855218297745,52.67251124921483,53.18181972165982,58.87635310469417,60.71898048670869,34.29404470580728,43.52587887227266,48.74965549928276,18.929097248879653,25.249820704307822,30.802236574899652,33.854347647583616,39.97709294687544,40.538702241670315,27.94743840121891,34.1295417649617,35.09303177528875,35.57247937409387,14.077876945407347,8.887448254056356,5.447098126525727,0.0,3.8409527463898883,27.30171648930545,30.415666071427815,19.299948222071293,20.435902446501135,20.82357369898187,21.927600419673016,22.881467286693784,23.362526534604058,28.49447959239106,34.74017274847869,63.497021954254706
190,72.23202395224388,72.16400924795136,67.27477607699295,61.4932741095108,57.97799972477215,56.139221054023544,44.17158110288864,37.15546037986796,36.79609983668048,31.693771446621692,25.24001339413785,19.21507812477604,25.359962257125517,32.132739678538364,37.50835052754893,45.92839031367822,51.17045383866531,81.09088765904964,83.79857855721365,86.43065568374315,90.69027010291303,96.03072607595504,96.98592762536752,103.27084202414815,109.76914772821307,121.97320989031486,130.17755566348467,133.69946768917535,136.21332026851064,142.44646572447414,145.2614412365616,150.34368379060706,154.44469306823515,161.441052366979,169.12064639395857,172.70724545879196,173.68759123340158,95.0871371693593,101.08207011310438,108.9342049820429,111.9919695249729,119.80379581592432,125.50599495309939,126.94359747118288,129.26444990078713,132.66045623175884,138.22281912894562,140.90026025808365,145.03472878499252,147.06470957307894,150.7976072411111,151.3281249128243,155.11301328634343,156.9549071486493,157.2396298207357,135.9261689732188,139.25919207544896,141.0050271192031,127.9121486696178,133.17123128923885,140.56190615693532,109.93242632996703,115.93390994747229,120.336353030653,124.79099136937137,137.15804184343284,143.6682273197812,146.62390180834967,147.01744943654063,144.20932583183512,144.8406664484616,145.74071145162006,120.7997531443275,122.4856834513094,124.44158426679058,127.09807782033066,130.41939758813382,132.76044543044716,121.14136712243473,125.87063186444273,131.200272565278,55.869091939221676,64.66245028957746,72.5019149213393,78.00878660283527,87.82641668411992,94.42743526734753,100.17765271853165,110.54963788649677,117.28553262200674,124.05542993801988,126.29849321067333,128.31772724620225,133.96578269385873,136.6053985445778,139.42409972215464,126.91382891029951,136.9107177215172,138.14194203802373,127.77220924920606,129.38739895172074,133.08086390588122,139.3029224561802,143.5793765331531,108.38872220077336,109.07136272645238,109.49825151547972,114.30800549224828,118.09819994971123,121.03383446374734,94.57682295229102,97.22607972936179,99.973598112299,104.0946329813534,107.96215825619839,114.09849720881736,117.72388574779215,128.6631182288,110.55097667103969,113.87721387605735,114.86239583449598,110.53379752627491,117.62749149589027,122.43103450534723,126.76193947961019,128.74486508388213,130.20887311697547,98.86956481578407,100.21207999260702,100.95602219466308,101.52093280706117,104.21729572773783,106.58175295932396,94.8132043735509,98.3722650642388,96.30571946559004,98.80880704410653,88.9163053475823,69.49038130622549,70.85626277632734,78.51171580912286,85.94833883566426,63.94227164893472,66.418554557554,67.27790299598402,54.47170239034997,55.387783718617285,59.466806150524235,67.03666962353351,26.752265663904943,31.750154118042367,34.012269499714996,36.632816389202,39.60007421419801,41.64324062934874,42.859730662189115,44.469098861203875,50.05968675515565,54.74392052387387,60.48294239175344,64.9367320140863,63.506747371380186,25.011060957738884,31.15223429839618,37.28717463953741,40.38597884535449,42.490634000130925,48.30863406991443,52.35980796468763,56.51346399560472,57.02277246804971,62.717305851084056,64.55993323309858,38.13499745219717,47.36683161866255,52.59060824567265,22.77004999526954,29.09077345069771,34.64318932128954,37.695300393973504,43.818045693265326,44.3796549880602,31.7883911476088,37.97049451135159,38.93398452167864,39.413432120483755,17.918829691797235,12.728401000446244,9.288050872915615,3.8409527463898883,0.0,31.142669235695337,34.2566188178177,23.14090096846118,24.276855192891023,24.66452644537176,25.768553166062905,26.722420033083672,27.203479280993946,32.33543233878094,38.58112549486857,67.3379747006446
191,64.94453693838713,64.87652223409461,59.9872890631362,54.20578709565405,50.6905127109154,48.8517340401668,36.88409408903189,29.867973366011213,29.508612822823736,24.40628443276495,17.952526380281107,11.927591110919295,5.782706978569818,12.555484399982664,17.931095248993227,26.35113503512252,31.593198560109613,61.513632380493945,64.22132327865795,66.85340040518746,71.11301482435734,76.45347079739935,77.40867234681183,83.69358674559246,90.19189244965737,102.39595461175917,110.60030038492897,114.12221241061964,116.63606498995492,122.86921044591841,125.6841859580059,130.76642851205136,134.86743778967946,141.8637970884233,149.54339111540287,153.12999018023626,154.11033595484588,75.5098818908036,81.50481483454868,89.3569497034872,92.4147142464172,100.22654053736862,105.92873967454369,107.36634219262719,109.68719462223144,113.08320095320317,118.64556385038995,121.323004979528,125.45747350643687,127.48745429452329,131.22035196255547,131.75086963426867,135.5357580077878,137.37765187009367,137.66237454218006,116.34891369466314,119.68193679689331,121.42777184064745,108.33489339106211,113.59397601068315,120.98465087837963,90.35517105141133,96.35665466891659,100.7590977520973,105.21373609081567,117.58078656487714,124.09097204122551,127.04664652979397,127.44019415798493,124.63207055327942,125.2634111699059,126.16345617306433,101.2224978657718,102.9084281727537,104.86432898823489,107.52082254177496,110.84214230957812,113.18319015189148,101.56411184387903,106.29337658588703,111.62301728672232,36.29183666066598,45.08519501102177,52.92465964278361,58.43153132427958,68.24916140556422,74.85017998879184,80.60039743997595,90.97238260794107,97.70827734345104,104.47817465946419,106.72123793211763,108.74047196764657,114.38852741530305,117.02814326602211,119.84684444359894,107.33657363174382,117.3334624429615,118.56468675946806,108.19495397065036,109.81014367316506,113.50360862732552,119.72566717762452,124.00212125459741,88.81146692221766,89.49410744789668,89.92099623692403,94.73075021369259,98.52094467115553,101.45657918519164,74.99956767373533,77.64882445080609,80.3963428337433,84.5173777027977,88.3849029776427,94.52124193026167,98.14663046923646,109.0858629502443,90.973721392484,94.29995859750166,95.28514055594029,90.95654224771921,98.05023621733457,102.85377922679153,107.1846842010545,109.16760980532642,110.63161783841977,79.29230953722838,80.63482471405132,81.37876691610738,81.94367752850548,84.64004044918214,87.00449768076827,75.2359490949952,78.7950097856831,76.72846418703435,79.23155176555083,69.3390500690266,49.91312602766978,51.27900749777164,58.934460530567165,66.37108355710856,44.365016370379024,46.8412992789983,47.700647717428325,34.89444711179427,35.81052844006159,39.88955087196854,47.459414344977816,19.4647786500482,24.46266710418562,26.72478248585825,29.34532937534525,32.31258720034126,34.35575361549199,35.57224364833237,37.18161184734713,42.772199741298905,47.45643351001712,53.19545537789669,57.649245000229556,43.92949209282449,17.72357394388214,23.864747284539433,29.99968762568066,33.09849183149774,35.20314698627418,41.021147056057686,45.072320950830886,49.22597698174797,49.73528545419296,55.42981883722731,57.27244621924183,30.847510438340425,40.07934460480581,45.30312123181591,15.482562981412796,21.803286436840967,27.355702307432797,30.40781338011676,36.530558679408585,37.09216797420346,12.211135869053098,18.393239232795892,19.356729243122942,19.836176841928058,13.2238395438981,18.41426823524909,21.854618362779718,27.301716489305445,31.142669235695333,0.0,3.113949582122366,15.853413954604436,16.989368179034276,17.377039431515012,18.481066152206157,19.434933019226925,19.9159922671372,25.0479453249242,31.293638481011833,60.05048768678785
192,68.05848652050949,67.99047181621697,63.10123864525856,57.31973667777641,53.80446229303776,51.965683622289156,39.99804367115425,32.98192294813358,32.6225624049461,27.520234014887315,21.066475962403473,15.04154069304166,8.896656560692184,15.66943398210503,21.045044831115593,29.465084617244887,34.70714814223198,64.62758196261632,67.33527286078032,69.96734998730983,74.22696440647971,79.56742037952172,80.5226219289342,86.80753632771483,93.30584203177975,105.50990419388154,113.71424996705136,117.23616199274203,119.7500145720773,125.9831600280408,128.79813554012827,133.88037809417372,137.98138737180182,144.97774667054566,152.65734069752523,156.24393976235862,157.22428553696824,78.62383147292597,84.61876441667106,92.47089928560958,95.52866382853958,103.340490119491,109.04268925666607,110.48029177474956,112.80114420435382,116.19715053532555,121.75951343251232,124.43695456165037,128.57142308855924,130.60140387664566,134.33430154467783,134.86481921639103,138.64970758991015,140.49160145221603,140.77632412430242,119.46286327678551,122.79588637901568,124.54172142276983,111.4488429731845,116.70792559280554,124.09860046050201,93.4691206335337,99.47060425103896,103.87304733421968,108.32768567293805,120.69473614699952,127.20492162334789,130.16059611191636,130.55414374010732,127.74602013540179,128.37736075202827,129.27740575518672,104.33644744789417,106.02237775487608,107.97827857035726,110.63477212389733,113.95609189170048,116.29713973401384,104.6780614260014,109.4073261680094,114.73696686884469,39.405786242788345,48.19914459314413,56.03860922490597,61.54548090640194,71.36311098768658,77.9641295709142,83.71434702209831,94.08633219006343,100.8222269255734,107.59212424158655,109.83518751423999,111.85442154976893,117.5024769974254,120.14209284814447,122.9607940257213,110.45052321386619,120.44741202508388,121.67863634159043,111.30890355277273,112.92409325528743,116.61755820944789,122.83961675974687,127.11607083671977,91.92541650434003,92.60805703001905,93.0349458190464,97.84469979581496,101.6348942532779,104.57052876731402,78.11351725585769,80.76277403292845,83.51029241586566,87.63132728492006,91.49885255976506,97.63519151238403,101.26058005135882,112.19981253236666,94.08767097460637,97.41390817962403,98.39909013806266,94.07049182984157,101.16418579945693,105.96772880891389,110.29863378317685,112.28155938744878,113.74556742054213,82.40625911935075,83.74877429617369,84.49271649822975,85.05762711062785,87.75399003130451,90.11844726289064,78.34989867711758,81.90895936780548,79.8424137691567,82.34550134767319,72.45299965114897,53.02707560979215,54.392957079894,62.048410112689524,69.48503313923092,47.47896595250139,49.955248861120666,50.81459729955069,38.00839669391664,38.924478022183955,43.003500454090904,50.57336392710018,22.578728232170565,27.576616686307986,29.838732067980615,32.45927895746762,35.42653678246363,37.46970319761436,38.686193230454734,40.295561429469494,45.88614932342127,50.57038309213949,56.30940496001906,60.763194582351915,47.043441674946855,20.837523526004507,26.9786968666618,33.11363720780302,36.2124414136201,38.317096568396536,44.135096638180045,48.186270532953245,52.33992656387033,52.84923503631532,58.54376841934967,60.38639580136419,33.961460020462795,43.19329418692818,48.417070813938274,18.596512563535164,24.917236018963337,30.469651889555166,33.52176296223913,39.64450826153095,40.20611755632583,15.325085451175465,21.50718881491826,22.470678825245308,22.950126424050424,16.337789126020464,21.528217817371456,24.968567944902084,30.41566607142781,34.256618817817696,3.113949582122366,0.0,18.9673635367268,20.103317761156642,20.49098901363738,21.595015734328523,22.54888260134929,23.029941849259565,28.161894907046566,34.4075880631342,63.164437268910206
193,56.942768671152976,56.87475396686045,51.985520795902055,46.204018828419905,42.68874444368125,40.84996577293265,28.88232582179774,21.866205098777066,21.506844555589588,16.404516165530797,9.950758113046955,3.9258228436851415,10.070706976034618,16.84348439744746,22.219095246458025,30.63913503258732,35.88119855757441,65.80163237795874,68.50932327612274,71.14140040265225,75.40101482182213,80.74147079486414,81.69667234427662,87.98158674305725,94.47989244712217,106.68395460922396,114.88830038239377,118.41021240808443,120.92406498741971,127.1572104433832,129.97218595547068,135.05442850951613,139.15543778714422,146.15179708588806,153.83139111286764,157.41799017770103,158.39833595231065,79.79788188826839,85.79281483201348,93.644949700952,96.702714243882,104.51454053483342,110.21673967200849,111.65434219009198,113.97519461969624,117.37120095066797,122.93356384785474,125.61100497699279,129.74547350390165,131.77545429198807,135.50835196002026,136.03886963173346,139.82375800525259,141.66565186755847,141.95037453964486,120.63691369212793,123.9699367943581,125.71577183811225,112.6228933885269,117.88197600814794,125.27265087584442,94.64317104887613,100.64465466638138,105.0470977495621,109.50173608828047,121.86878656234194,128.3789720386903,131.33464652725877,131.72819415544973,128.9200705507442,129.5514111673707,130.45145617052916,105.5104978632366,107.1964281702185,109.15232898569968,111.80882253923976,115.13014230704292,117.47119014935627,105.85211184134383,110.58137658335183,115.91101728418711,40.57983665813077,49.37319500848656,57.212659640248404,62.71953132174438,72.53716140302902,79.13817998625663,84.88839743744074,95.26038260540587,101.99627734091584,108.76617465692898,111.00923792958243,113.02847196511136,118.67652741276784,121.31614326348691,124.13484444106373,111.62457362920861,121.6214624404263,122.85268675693285,112.48295396811515,114.09814367062985,117.79160862479031,124.01366717508931,128.2901212520622,93.09946691968246,93.78210744536148,94.20899623438882,99.01875021115738,102.80894466862033,105.74457918265644,79.28756767120012,81.93682444827088,84.6843428312081,88.8053777002625,92.67290297510749,98.80924192772646,102.43463046670125,113.3738629477091,95.26172138994879,98.58795859496645,99.57314055340508,95.24454224518401,102.33823621479937,107.14177922425633,111.47268419851929,113.45560980279122,114.91961783588457,83.58030953469317,84.92282471151611,85.66676691357218,86.23167752597027,88.92804044664693,91.29249767823306,79.52394909246,83.0830097831479,81.01646418449914,83.51955176301563,73.62705006649139,54.20112602513458,55.56700749523643,63.22246052803196,70.65908355457336,48.65301636784382,51.129299276463094,51.98864771489312,39.182447109259066,40.09852843752638,44.17755086943333,51.74741434244261,11.463010382814044,16.460898836951465,18.723014218624094,21.343561108111096,24.310818933107107,26.353985348257837,27.57047538109821,29.179843580112966,34.77043147406474,39.45466524278296,45.19368711066253,49.647476732995386,48.217492090289284,9.721805676647987,15.862979017305282,21.99791935844651,25.096723564263588,27.201378719040022,33.01937878882353,37.07055268359673,41.224208714513814,41.73351718695881,47.428050569993154,49.270677952007674,22.845742171106274,32.07757633757166,37.30135296458175,7.480794714178643,13.801518169606814,19.353934040198645,22.40604511288261,28.52879041217443,29.090399706969308,16.4991358665179,22.681239230260694,23.644729240587743,24.12417683939286,5.222071276663946,10.412499968014938,13.852850095545566,19.299948222071293,23.14090096846118,15.853413954604436,18.9673635367268,0.0,1.1359542244298404,1.523625476910578,2.6276521976017233,3.5815190646224915,4.062578312532766,17.04617705769005,23.291870213777685,52.0487194195537
194,58.078722895582814,58.01070819129029,53.12147502033189,47.33997305284974,43.82469866811109,41.98591999736249,30.018280046227577,23.002159323206904,22.642798780019426,17.540470389960635,11.086712337476794,5.061777068114981,11.206661200464458,17.979438621877303,23.355049470887867,31.77508925701716,37.01715278200425,66.93758660238859,69.6452775005526,72.2773546270821,76.53696904625198,81.877425019294,82.83262656870647,89.1175409674871,95.61584667155202,107.81990883365381,116.02425460682363,119.5461666325143,122.06001921184958,128.29316466781307,131.10814017990054,136.190382733946,140.2913920115741,147.28775131031793,154.9673453372975,158.5539444021309,159.5342901767405,80.93383611269824,86.92876905644333,94.78090392538185,97.83866846831185,105.65049475926327,111.35269389643834,112.79029641452183,115.11114884412609,118.50715517509782,124.0695180722846,126.74695920142264,130.88142772833152,132.91140851641794,136.6443061844501,137.1748238561633,140.95971222968242,142.8016060919883,143.0863287640747,121.77286791655779,125.10589101878796,126.8517260625421,113.75884761295677,119.01793023257781,126.40860510027429,95.77912527330598,101.78060889081124,106.18305197399195,110.63769031271032,123.00474078677179,129.51492626312017,132.47060075168864,132.8641483798796,130.05602477517405,130.68736539180054,131.587410394959,106.64645208766645,108.33238239464835,110.28828321012953,112.94477676366961,116.26609653147275,118.60714437378611,106.98806606577368,111.71733080778168,117.04697150861696,41.71579088256062,50.50914923291641,58.34861386467824,63.855485546174215,73.67311562745886,80.27413421068647,86.02435166187058,96.3963368298357,103.13223156534568,109.90212888135882,112.14519215401226,114.1644261895412,119.81248163719768,122.45209748791675,125.27079866549357,112.76052785363846,122.75741666485615,123.9886409813627,113.618908192545,115.2340978950597,118.92756284922017,125.14962139951915,129.42607547649203,94.23542114411231,94.91806166979133,95.34495045881867,100.15470443558723,103.94489889305018,106.88053340708629,80.42352189562996,83.07277867270072,85.82029705563794,89.94133192469234,93.80885719953733,99.9451961521563,103.57058469113109,114.50981717213894,96.39767561437864,99.7239128193963,100.70909477783493,96.38049646961385,103.4741904392292,108.27773344868616,112.60863842294913,114.59156402722105,116.0555720603144,84.71626375912302,86.05877893594597,86.80272113800203,87.36763175040012,90.06399467107678,92.42845190266291,80.65990331688985,84.21896400757775,82.15241840892898,84.65550598744547,74.76300429092124,55.33708024956442,56.70296171966628,64.3584147524618,71.7950377790032,49.788970592273664,52.26525350089294,53.124601939322964,40.31840133368891,41.23448266195623,45.31350509386318,52.883368566872456,12.598964607243886,17.59685306138131,19.85896844305394,22.47951533254094,25.446773157536953,27.489939572687682,28.706429605528054,30.31579780454281,35.90638569849459,40.590619467212804,46.329641335092376,50.78343095742524,49.35344631471913,10.857759901077827,16.998933241735124,23.13387358287635,26.23267778869343,28.337332943469864,34.15533301325337,38.20650690802657,42.36016293894365,42.869471411388645,48.56400479442299,50.40663217643751,23.981696395536115,33.2135305620015,38.4373071890116,8.616748938608483,14.937472394036654,20.489888264628483,23.541999337312447,29.66474463660427,30.226353931399146,17.635090090947738,23.817193454690532,24.78068346501758,25.260131063822698,6.358025501093786,11.548454192444776,14.988804319975404,20.43590244650113,24.27685519289102,16.989368179034276,20.103317761156642,1.1359542244298404,0.0,0.3876712524807375,1.491697973171883,2.4455648401926506,2.926624088102925,18.182131282119887,24.427824438207523,53.18467364398354
195,58.46639414806355,58.39837944377103,53.50914627281263,47.72764430533048,44.212369920591826,42.37359124984322,30.405951298708313,23.38983057568764,23.030470032500162,17.928141642441375,11.474383589957533,5.449448320595719,11.594332452945196,18.36710987435804,23.742720723368603,32.1627605094979,37.40482403448499,67.32525785486932,70.03294875303332,72.66502587956283,76.92464029873271,82.26509627177472,83.2202978211872,89.50521221996783,96.00351792403275,108.20758008613454,116.41192585930435,119.93383788499501,122.4476904643303,128.6808359202938,131.49581143238126,136.5780539864267,140.6790632640548,147.67542256279864,155.35501658977822,158.9416156546116,159.92196142922123,81.32150736517897,87.31644030892406,95.16857517786258,98.22633972079258,106.038166011744,111.74036514891907,113.17796766700256,115.49882009660682,118.89482642757855,124.45718932476532,127.13463045390337,131.26909898081223,133.29907976889865,137.03197743693084,137.56249510864404,141.34738348216317,143.18927734446905,143.47400001655544,122.16053916903851,125.49356227126869,127.23939731502283,114.14651886543749,119.40560148505853,126.796276352755,96.16679652578671,102.16828014329197,106.57072322647268,111.02536156519105,123.39241203925252,129.9025975156009,132.85827200416935,133.2518196323603,130.4436960276548,131.07503664428128,131.97508164743974,107.03412334014718,108.72005364712908,110.67595446261026,113.33244801615034,116.6537677839535,118.99481562626686,107.37573731825441,112.10500206026241,117.43464276109769,42.103462135041354,50.89682048539714,58.736285117158985,64.24315679865495,74.0607868799396,80.66180546316721,86.41202291435133,96.78400808231645,103.51990281782642,110.28980013383956,112.53286340649301,114.55209744202195,120.20015288967842,122.83976874039749,125.65846991797432,113.1481991061192,123.14508791733688,124.37631223384344,114.00657944502574,115.62176914754043,119.3152341017009,125.53729265199989,129.81374672897277,94.62309239659304,95.30573292227206,95.7326217112994,100.54237568806796,104.33257014553091,107.26820465956702,80.8111931481107,83.46044992518146,86.20796830811868,90.32900317717308,94.19652845201807,100.33286740463704,103.95825594361183,114.89748842461968,96.78534686685937,100.11158407187703,101.09676603031566,96.76816772209459,103.86186169170995,108.6654047011669,112.99630967542987,114.9792352797018,116.44324331279515,85.10393501160375,86.4464501884267,87.19039239048276,87.75530300288085,90.45166592355751,92.81612315514364,81.04757456937058,84.60663526005848,82.54008966140972,85.04317723992621,75.15067554340197,55.72475150204516,57.09063297214701,64.74608600494254,72.18270903148394,50.1766418447544,52.652924753373675,53.5122731918037,40.70607258616965,41.622153914436964,45.701176346343914,53.27103981935319,12.986635859724622,17.984524313862046,20.246639695534675,22.867186585021678,25.83444441001769,27.877610825168418,29.09410085800879,30.703469057023547,36.294056950975325,40.97829071969354,46.71731258757311,51.17110220990597,49.741117567199865,11.245431153558565,17.38660449421586,23.521544835357087,26.620349041174165,28.7250041959506,34.543004265734105,38.594178160507305,42.74783419142439,43.25714266386938,48.95167604690373,50.79430342891825,24.36936764801685,33.60120181448224,38.824978441492334,9.00442019108922,15.325143646517391,20.877559517109223,23.929670589793187,30.05241588908501,30.61402518387989,18.022761343428478,24.20486470717127,25.16835471749832,25.647802316303437,6.745696753574523,11.936125444925516,15.376475572456144,20.82357369898187,24.66452644537176,17.377039431515016,20.490989013637382,1.523625476910578,0.3876712524807375,0.0,1.1040267206911454,2.0578935877119133,2.5389528356221875,18.569802534600626,24.81549569068826,53.57234489646427
196,59.570420868754695,59.50240616446217,54.613172993503774,48.831671026021624,45.31639664128297,43.47761797053437,31.50997801939946,24.493857296378785,24.134496753191307,19.03216836313252,12.578410310648678,6.553475041286864,12.69835917363634,19.471136595049185,24.846747444059748,33.26678723018904,38.50885075517613,68.42928457556046,71.13697547372446,73.76905260025397,78.02866701942385,83.36912299246586,84.32432454187834,90.60923894065897,97.10754464472389,109.31160680682568,117.51595257999548,121.03786460568615,123.55171718502143,129.78486264098493,132.5998381530724,137.68208070711785,141.78308998474594,148.77944928348978,156.45904331046935,160.04564237530275,161.02598814991237,82.42553408587011,88.4204670296152,96.27260189855372,99.33036644148372,107.14219273243513,112.8443918696102,114.2819943876937,116.60284681729796,119.99885314826969,125.56121604545646,128.2386571745945,132.37312570150337,134.4031064895898,138.13600415762198,138.66652182933518,142.4514102028543,144.29330406516019,144.57802673724657,123.26456588972965,126.59758899195982,128.34342403571395,115.25054558612862,120.50962820574966,127.90030307344614,97.27082324647785,103.2723068639831,107.67474994716382,112.12938828588219,124.49643875994366,131.00662423629203,133.9622987248605,134.35584635305145,131.54772274834593,132.17906336497242,133.07910836813087,108.13815006083831,109.82408036782022,111.7799811833014,114.43647473684148,117.75779450464464,120.098842346958,108.47976403894555,113.20902878095355,118.53866948178883,43.20748885573249,52.00084720608828,59.84031183785012,65.34718351934609,75.16481360063074,81.76583218385835,87.51604963504246,97.88803480300759,104.62392953851756,111.3938268545307,113.63689012718415,115.65612416271308,121.30417961036956,123.94379546108863,126.76249663866545,114.25222582681033,124.24911463802802,125.48033895453457,115.11060616571687,116.72579586823157,120.41926082239203,126.64131937269103,130.9177734496639,95.72711911728418,96.4097596429632,96.83664843199054,101.6464024087591,105.43659686622205,108.37223138025816,81.91521986880184,84.5644766458726,87.31199502880982,91.43302989786422,95.30055517270921,101.43689412532818,105.06228266430297,116.00151514531082,97.88937358755051,101.21561079256817,102.2007927510068,97.87219444278573,104.96588841240109,109.76943142185804,114.10033639612101,116.08326200039293,117.54727003348629,86.20796173229489,87.55047690911783,88.2944191111739,88.85932972357199,91.55569264424865,93.92014987583478,82.15160129006172,85.71066198074962,83.64411638210086,86.14720396061735,76.25470226409311,56.8287782227363,58.19465969283815,65.85011272563368,73.28673575217508,51.28066856544554,53.75695147406481,54.61629991249484,41.810099306860785,42.7261806351281,46.80520306703505,54.37506654004433,14.090662580415767,19.08855103455319,21.35066641622582,23.971213305712823,26.938471130708834,28.981637545859563,30.198127578699935,31.807495777714692,37.39808367166647,42.082317440384685,47.82133930826426,52.27512893059712,50.845144287891,12.34945787424971,18.490631214907005,24.625571556048232,27.72437576186531,29.829030916641745,35.64703098642525,39.69820488119845,43.851860912115534,44.361169384560526,50.05570276759487,51.89833014960939,25.473394368707996,34.70522853517338,39.92900516218348,10.108446911780366,16.429170367208535,21.981586237800364,25.033697310484328,31.15644260977615,31.718051904571027,19.126788064119623,25.308891427862417,26.272381438189466,26.751829036994582,7.8497234742656685,13.04015216561666,16.48050229314729,21.927600419673016,25.768553166062905,18.48106615220616,21.595015734328527,2.6276521976017233,1.491697973171883,1.1040267206911454,0.0,0.953866867020768,1.4349261149310422,19.67382925529177,25.919522411379404,54.67637161715542
197,60.52428773577547,60.456273031482944,55.567039860524545,49.785537893042395,46.27026350830374,44.43148483755514,32.46384488642023,25.447724163399556,25.08836362021208,19.986035230153288,13.532277177669446,7.507341908307632,13.652226040657109,20.425003462069952,25.800614311080516,34.22065409720981,39.462717622196905,69.38315144258124,72.09084234074524,74.72291946727475,78.98253388644463,84.32298985948664,85.27819140889912,91.56310580767975,98.06141151174467,110.26547367384646,118.46981944701628,121.99173147270695,124.50558405204222,130.73872950800572,133.5537050200932,138.63594757413864,142.73695685176673,149.73331615051057,157.41291017749015,160.99950924232354,161.97985501693316,83.37940095289089,89.37433389663597,97.2264687655745,100.2842333085045,108.09605959945591,113.79825873663098,115.23586125471448,117.55671368431874,120.95272001529047,126.51508291247724,129.1925240416153,133.32699256852416,135.35697335661058,139.08987102464278,139.62038869635597,143.4052770698751,145.24717093218098,145.53189360426737,124.21843275675043,127.5514558589806,129.29729090273474,116.20441245314942,121.46349507277046,128.85416994046693,98.22469011349862,104.22617373100388,108.6286168141846,113.08325515290296,125.45030562696444,131.96049110331282,134.91616559188128,135.30971322007224,132.5015896153667,133.13293023199319,134.03297523515164,109.09201692785909,110.777947234841,112.73384805032218,115.39034160386225,118.7116613716654,121.05270921397876,109.43363090596633,114.16289564797432,119.49253634880961,44.16135572275327,52.95471407310906,60.7941787048709,66.30105038636687,76.11868046765152,82.71969905087913,88.46991650206324,98.84190167002836,105.57779640553834,112.34769372155148,114.59075699420492,116.60999102973386,122.25804647739034,124.8976623281094,127.71636350568623,115.20609269383111,125.2029815050488,126.43420582155535,116.06447303273765,117.67966273525235,121.37312768941281,127.59518623971181,131.8716403166847,96.68098598430495,97.36362650998397,97.79051529901132,102.60026927577988,106.39046373324283,109.32609824727894,82.86908673582262,85.51834351289338,88.2658618958306,92.386896764885,96.25442203972999,102.39076099234896,106.01614953132375,116.9553820123316,98.84324045457129,102.16947765958895,103.15465961802758,98.8260613098065,105.91975527942186,110.72329828887882,115.05420326314179,117.03712886741371,118.50113690050706,87.16182859931567,88.50434377613861,89.24828597819467,89.81319659059277,92.50955951126943,94.87401674285556,83.1054681570825,86.6645288477704,84.59798324912163,87.10107082763811,77.20856913111389,57.782645089757075,59.14852655985893,66.80397959265446,74.24060261919585,52.234535432466316,54.71081834108559,55.57016677951562,42.76396617388156,43.68004750214888,47.75906993405583,55.32893340706511,15.044529447436535,20.042417901573955,22.304533283246585,24.925080172733587,27.892337997729598,29.935504412880327,31.1519944457207,32.761362644735456,38.351950538687234,43.03618430740545,48.77520617528502,53.228995797617884,51.79901115491178,13.303324741270478,19.444498081927772,25.579438423069,28.67824262888608,30.782897783662513,36.60089785344602,40.65207174821922,44.805727779136305,45.3150362515813,51.009569634615644,52.852197016630164,26.427261235728764,35.65909540219415,40.88287202920424,11.062313778801133,17.383037234229306,22.935453104821136,25.9875641775051,32.11030947679692,32.6719187715918,20.08065493114039,26.262758294883184,27.226248305210234,27.70569590401535,8.803590341286437,13.994019032637429,17.434369160168057,22.881467286693784,26.722420033083672,19.434933019226925,22.54888260134929,3.581519064622491,2.4455648401926506,2.0578935877119133,0.953866867020768,0.0,0.4810592479102742,20.62769612231254,26.873389278400175,55.63023848417619
198,61.00534698368573,60.93733227939321,56.04809910843481,50.26659714095266,46.75132275621401,44.912544085465406,32.9449041343305,25.92878341130983,25.569422868122352,20.46709447806356,14.01333642557972,7.988401156217908,14.133285288567384,20.90606270998023,26.281673558990793,34.70171334512008,39.94377687010717,69.8642106904915,72.5719015886555,75.20397871518502,79.4635931343549,84.8040491073969,85.75925065680939,92.04416505559001,98.54247075965493,110.74653292175672,118.95087869492653,122.4727907206172,124.98664329995248,131.21978875591597,134.03476426800344,139.1170068220489,143.218016099677,150.21437539842083,157.8939694254004,161.4805684902338,162.4609142648434,83.86046020080116,89.85539314454624,97.70752801348476,100.76529255641476,108.57711884736618,114.27931798454125,115.71692050262475,118.037772932229,121.43377926320073,126.9961421603875,129.67358328952554,133.8080518164344,135.83803260452083,139.57093027255303,140.10144794426623,143.88633631778535,145.72823018009123,146.01295285217762,124.6994920046607,128.03251510689086,129.778350150645,116.68547170105967,121.94455432068071,129.33522918837718,98.70574936140889,104.70723297891415,109.10967606209486,113.56431440081323,125.9313648748747,132.44155035122307,135.39722483979153,135.7907724679825,132.98264886327698,133.61398947990347,134.51403448306192,109.57307617576936,111.25900648275126,113.21490729823245,115.87140085177252,119.19272061957568,121.53376846188904,109.91469015387659,114.64395489588459,119.97359559671987,44.64241497066354,53.435773321019326,61.27523795278117,66.78210963427713,76.59973971556178,83.2007582987894,88.95097574997351,99.32296091793863,106.0588556534486,112.82875296946175,115.07181624211519,117.09105027764413,122.7391057253006,125.37872157601967,128.1974227535965,115.68715194174138,125.68404075295906,126.91526506946562,116.54553228064792,118.16072198316262,121.85418693732308,128.07624548762206,132.35269956459496,97.16204523221522,97.84468575789424,98.27157454692158,103.08132852369015,106.87152298115309,109.8071574951892,83.35014598373289,85.99940276080365,88.74692114374086,92.86795601279526,96.73548128764025,102.87182024025923,106.49720877923401,117.43644126024186,99.32429970248155,102.65053690749922,103.63571886593785,99.30712055771677,106.40081452733213,111.20435753678909,115.53526251105205,117.51818811532398,118.98219614841733,87.64288784722594,88.98540302404888,89.72934522610494,90.29425583850303,92.9906187591797,95.35507599076583,83.58652740499276,87.14558809568067,85.0790424970319,87.58213007554839,77.68962837902416,58.26370433766734,59.629585807769196,67.28503884056472,74.72166186710612,52.71559468037658,55.19187758899586,56.051226027425884,43.24502542179183,44.16110675005915,48.2401291819661,55.809992654975375,15.525588695346812,20.523477149484236,22.785592531156865,25.406139420643868,28.37339724563988,30.416563660790608,31.63305369363098,33.24242189264574,38.833009786597515,43.51724355531573,49.2562654231953,53.710055045528165,52.28007040282205,13.784383989180753,19.92555732983805,26.060497670979277,29.159301876796356,31.26395703157279,37.081957101356295,41.133130996129495,45.28678702704658,45.79609549949157,51.49062888252592,53.33325626454044,26.90832048363904,36.14015465010443,41.363931277114524,11.543373026711409,17.86409648213958,23.41651235273141,26.468623425415373,32.591368724707195,33.15297801950207,20.561714179050664,26.743817542793458,27.707307553120508,28.186755151925624,9.284649589196713,14.475078280547704,17.915428408078334,23.36252653460406,27.20347928099395,19.915992267137202,23.02994184925957,4.062578312532766,2.9266240881029253,2.5389528356221875,1.4349261149310422,0.4810592479102742,0.0,21.108755370222813,27.35444852631045,56.111297732086456
199,54.08742950274911,54.01941479845659,49.13018162749819,43.34867966001604,39.833405275277386,37.99462660452878,26.026986653393873,19.0108659303732,18.651505387185722,13.549176997126935,7.095418944643092,13.120354214004905,19.26523834635438,26.038015767767224,31.413626616777787,39.833666402907085,45.07572992789417,74.9961637482785,77.70385464644251,80.33593177297202,84.5955461921419,89.93600216518391,90.89120371459639,97.17611811337702,103.67442381744193,115.87848597954373,124.08283175271353,127.6047437784042,130.11859635773948,136.35174181370297,139.16671732579044,144.2489598798359,148.349969157464,155.34632845620783,163.0259224831874,166.6125215480208,167.5928673226304,88.99241325858816,94.98734620233324,102.83948107127176,105.89724561420176,113.70907190515318,119.41127104232825,120.84887356041175,123.169725990016,126.56573232098773,132.1280952181745,134.80553634731254,138.94000487422142,140.96998566230783,144.70288333034,145.2334010020532,149.01828937557232,150.8601832378782,151.1449059099646,129.8314450624477,133.16446816467786,134.910303208432,121.81742475884667,127.07650737846771,134.46718224616419,103.83770241919589,109.83918603670115,114.24162911988186,118.69626745860023,131.0633179326617,137.57350340901007,140.52917789757853,140.9227255257695,138.11460192106398,138.74594253769047,139.64598754084892,114.70502923355636,116.39095954053826,118.34686035601945,121.00335390955952,124.32467367736268,126.66572151967604,115.04664321166359,119.77590795367159,125.10554865450688,49.77436802845054,58.56772637880633,66.40719101056817,71.91406269206414,81.73169277334878,88.3327113565764,94.08292880776051,104.45491397572563,111.1908087112356,117.96070602724875,120.20376929990219,122.22300333543113,127.8710587830876,130.51067463380667,133.3293758113835,120.81910499952838,130.81599381074605,132.0472181272526,121.67748533843492,123.29267504094962,126.98613999511008,133.20819854540906,137.48465262238196,102.29399829000222,102.97663881568124,103.40352760470859,108.21328158147715,112.0034760389401,114.9391105529762,88.48209904151989,91.13135581859065,93.87887420152786,97.99990907058226,101.86743434542726,108.00377329804623,111.62916183702102,122.56839431802887,104.45625276026855,107.78248996528622,108.76767192372485,104.43907361550377,111.53276758511913,116.33631059457609,120.66721556883905,122.65014117311098,124.11414920620433,92.77484090501294,94.11735608183588,94.86129828389194,95.42620889629003,98.1225718169667,100.48702904855283,88.71848046277977,92.27754115346767,90.21099555481891,92.7140831333354,82.82158143681116,63.39565739545434,64.76153886555619,72.41699189835171,79.85361492489311,57.847547738163584,60.32383064678286,61.183179085212885,48.37697847957883,49.29305980784615,53.3720822397531,60.941945712762376,20.65754175313381,25.65543020727123,27.91754558894386,30.538092478430862,33.50535030342687,35.5485167185776,36.76500675141798,38.37437495043274,43.964962844384516,48.64919661310273,54.3882184809823,58.842008103315166,57.41202346060905,18.91633704696775,25.057510387625044,31.19245072876627,34.29125493458335,36.39591008935979,42.213910159143296,46.265084053916496,50.41874008483358,50.92804855727857,56.62258194031292,58.46520932232744,32.04027354142603,41.272107707891415,46.49588433490151,16.67532608449841,22.99604953992658,28.54846541051841,31.600576483202374,37.723321782494196,38.28493107728907,25.693667236837662,31.875770600580456,32.8392606109075,33.31870820971262,14.41660264698371,19.6070313383347,23.047381465865328,28.494479592391055,32.33543233878095,25.0479453249242,28.161894907046566,17.046177057690045,18.182131282119887,18.569802534600623,19.673829255291768,20.627696122312535,21.10875537022281,0.0,6.2456931560876345,49.19338025114983
200,60.333122658836736,60.26510795454421,55.375874783585814,49.594372816103665,46.07909843136501,44.24031976061641,32.2726798094815,25.256559086460832,24.897198543273355,19.794870153214568,13.341112100730726,19.366047370092538,25.510931502442013,32.28370892385486,37.65931977286542,46.07935955899472,51.32142308398181,81.24185690436614,83.94954780253015,86.58162492905966,90.84123934822954,96.18169532127155,97.13689687068403,103.42181126946465,109.92011697352957,122.12417913563137,130.32852490880117,133.85043693449185,136.36428951382715,142.59743496979064,145.4124104818781,150.49465303592356,154.59566231355166,161.5920216122955,169.27161563927507,172.85821470410846,173.83856047871808,95.2381064146758,101.23303935842088,109.0851742273594,112.1429387702894,119.95476506124082,125.65696419841589,127.09456671649939,129.41541914610363,132.81142547707535,138.37378837426212,141.05122950340015,145.18569803030903,147.21567881839545,150.9485764864276,151.4790941581408,155.26398253165993,157.10587639396581,157.3905990660522,136.0771382185353,139.41016132076547,141.1559963645196,128.0631179149343,133.32220053455535,140.71287540225183,110.08339557528353,116.08487919278879,120.4873222759695,124.94196061468787,137.30901108874934,143.8191965650977,146.77487105366617,147.16841868185713,144.36029507715162,144.9916356937781,145.89168069693656,120.950722389644,122.6366526966259,124.59255351210709,127.24904706564716,130.57036683345032,132.91141467576367,121.29233636775123,126.02160110975923,131.3512418105945,56.02006118453818,64.81341953489397,72.65288416665581,78.15975584815178,87.97738592943642,94.57840451266404,100.32862196384815,110.70060713181327,117.43650186732324,124.20639918333639,126.44946245598983,128.46869649151876,134.11675193917523,136.7563677898943,139.57506896747114,127.06479815561602,137.0616869668337,138.29291128334023,127.92317849452256,129.53836819703724,133.23183315119772,139.4538917014967,143.7303457784696,108.53969144608986,109.22233197176888,109.64922076079623,114.45897473756479,118.24916919502773,121.18480370906384,94.72779219760753,97.37704897467829,100.1245673576155,104.2456022266699,108.1131275015149,114.24946645413387,117.87485499310866,128.8140874741165,110.7019459163562,114.02818312137386,115.01336507981249,110.68476677159141,117.77846074120677,122.58200375066373,126.9129087249267,128.89583432919864,130.35984236229197,99.02053406110058,100.36304923792352,101.10699143997958,101.67190205237767,104.36826497305434,106.73272220464047,94.9641736188674,98.5232343095553,96.45668871090655,98.95977628942303,89.0672745928988,69.64135055154199,71.00723202164384,78.66268505443936,86.09930808098076,64.09324089425122,66.5695238028705,67.42887224130052,54.62267163566647,55.53875296393379,59.61777539584074,67.18763886885002,26.903234909221442,31.901123363358863,34.16323874503149,36.783785634518495,39.751043459514506,41.794209874665235,43.01069990750561,44.62006810652037,50.21065600047215,54.894889769190364,60.633911637069936,65.08770125940279,63.65771661669669,25.162030203055384,31.303203543712677,37.4381438848539,40.536948090670975,42.64160324544741,48.45960331523092,52.51077721000412,56.664433240921205,57.1737417133662,62.868275096400545,64.71090247841506,38.28596669751367,47.517800863979055,52.74157749098915,22.92101924058604,29.241742696014214,34.79415856660604,37.84626963929001,43.96901493858183,44.530624233376706,31.939360392925295,38.12146375666809,39.08495376699514,39.56440136580026,20.66229580307134,25.852724494422333,29.29307462195296,34.740172748478685,38.58112549486857,31.293638481011833,34.4075880631342,23.291870213777678,24.42782443820752,24.815495690688255,25.9195224113794,26.873389278400168,27.354448526310442,6.2456931560876345,0.0,55.43907340723746
201,16.58345043386686,16.515435729574342,11.626202558615944,5.844700591133792,9.359974975872447,11.198753646621046,23.166393597755956,30.18251432077663,30.541874863964107,35.6442032540229,42.09796130650674,48.12289657586855,54.26778070821803,61.040558129630874,66.41616897864144,74.83620876477073,80.07827228975782,109.99870611014215,112.70639700830615,115.33847413483566,119.59808855400554,124.93854452704755,125.89374607646003,132.17866047524066,138.6769661793056,150.8810283414074,159.0853741145772,162.6072861402679,165.12113871960318,171.35428417556668,174.16925968765415,179.2515022416996,183.3525115193277,190.34887081807153,198.0284648450511,201.6150639098845,202.59540968449411,123.9949556204518,129.9898885641969,137.8420234331354,140.8997879760654,148.7116142670168,154.41381340419187,155.85141592227538,158.17226835187964,161.56827468285135,167.13063758003813,169.80807870917616,173.94254723608503,175.97252802417145,179.70542569220362,180.23594336391682,184.02083173743594,185.86272559974182,186.1474482718282,164.83398742431132,168.16701052654147,169.91284557029562,156.81996712071032,162.07904974033136,169.46972460802783,138.84024478105954,144.8417283985648,149.24417148174552,153.69880982046388,166.06586029452535,172.57604577087372,175.53172025944218,175.92526788763314,173.11714428292763,173.74848489955411,174.64852990271257,149.70757159542,151.3935019024019,153.3494027178831,156.00589627142318,159.32721603922633,161.66826388153967,150.04918557352724,154.77845031553525,160.10809101637054,84.77691039031419,93.57026874066997,101.40973337243182,106.91660505392778,116.73423513521243,123.33525371844004,129.08547116962416,139.4574563375893,146.19335107309925,152.96324838911238,155.20631166176582,157.22554569729476,162.87360114495124,165.51321699567032,168.33191817324715,155.82164736139202,165.8185361726097,167.04976048911624,156.68002770029858,158.29521740281328,161.98868235697375,168.2107409072727,172.4871949842456,137.29654065186588,137.97918117754492,138.40606996657226,143.21582394334084,147.00601840080373,149.94165291483984,123.48464140338353,126.1338981804543,128.88141656339153,133.00245143244592,136.8699767072909,143.00631565990986,146.63170419888465,157.5709366798925,139.45879512213222,142.78503232714988,143.7702142855885,139.4416159773674,146.53530994698275,151.33885295643972,155.66975793070267,157.6526835349746,159.11669156806795,127.77738326687658,129.11989844369953,129.86384064575557,130.42875125815368,133.12511417883033,135.48957141041646,123.72102282464341,127.28008351533131,125.21353791668255,127.71662549519904,117.8241237986748,98.398199757318,99.76408122741985,107.41953426021537,114.85615728675677,92.85009010002723,95.32637300864651,96.18572144707653,83.37952084144247,84.29560216970978,88.37462460161673,95.94448807462601,55.66008411499745,60.65797256913488,62.920087950807506,65.54063484029452,68.50789266529053,70.55105908044126,71.76754911328163,73.37691731229638,78.96750520624816,83.65173897496638,89.39076084284595,93.84455046517881,92.4145658224727,53.9188794088314,60.0600527494887,66.19499309062992,69.293797296447,71.39845245122343,77.21645252100694,81.26762641578014,85.42128244669723,85.93059091914222,91.62512430217656,93.46775168419107,67.04281590328969,76.27465006975508,81.49842669676518,51.677868446362055,57.99859190179023,63.55100777238206,66.60311884506602,72.72586414435784,73.28747343915272,60.69620959870131,66.8783129624441,67.84180297277115,68.32125057157626,49.41914500884736,54.609573700198354,58.04992382772898,63.497021954254706,67.3379747006446,60.05048768678785,63.16443726891021,52.04871941955369,53.18467364398353,53.572344896464266,54.67637161715541,55.63023848417618,56.111297732086456,49.19338025114983,55.439073407237466,0.0
