source node ID,0,1,2,3,4,5,6,7,8,9,10,11,12,13,14,15,16,17,18,19,20,21,22,23,24,25,26,27,28,29,30,31,32,33,34,35,36,37,38,39,40,41,42,43,44,45,46,47,48,49,50,51,52,53,54,55,56,57,58,59,60,61,62,63,64,65,66,67,68,69,70,71,72,73,74,75,76,77,78,79,80,81,82,83,84,85,86,87,88,89,90,91,92,93,94,95,96,97,98,99,100,101,102,103,104,105,106,107,108,109,110,111,112,113,114,115,116,117,118,119,120,121,122,123,124,125,126,127,128,129,130,131,132,133,134,135,136,137,138,139,140,141,142,143,144,145,146,147,148,149,150,151,152,153,154,155,156,157,158,159,160,161,162,163,164,165,166,167,168,169,170,171,172,173,174,175,176,177,178,179,180,181,182,183,184,185,186,187,188,189,190,191,192,193,194,195,196,197,198,199,200,201
0,0.0,0.0,0.0,0.0,0.0,0.0,0.0,0.0,0.0,0.0,0.0,0.0,0.0,0.0,0.0,0.0,0.0,0.0,0.0,-1.4210854715202004e-14,-1.4210854715202004e-14,0.0,2.842170943040401e-14,2.842170943040401e-14,-0.16531436128408927,0.6794617503234406,1.0417924935048575,1.0241229575861723,0.8552831337398459,0.861233302090568,0.5749042841279675,0.5161613630447164,0.7817576572852829,1.4733045183603792,1.2724230844360136,1.2800190929336281,1.2847025892457964,0.0,0.0,0.0,0.0,0.0,0.0,2.842170943040401e-14,2.842170943040401e-14,2.842170943040401e-14,2.842170943040401e-14,2.842170943040401e-14,2.842170943040401e-14,2.842170943040401e-14,5.684341886080802e-14,5.684341886080802e-14,5.684341886080802e-14,5.684341886080802e-14,8.526512829121202e-14,2.842170943040401e-14,2.842170943040401e-14,2.842170943040401e-14,0.0,0.0,0.0,0.01080147085315275,0.17559340509529875,0.5902532157307974,0.9365721028228222,2.056588956003168,2.087290839140934,1.5906339279464419,1.4780306444158953,2.153469379180194,2.1590502057860874,2.1474728096520153,0.0,0.0,0.0,0.0,0.0,-2.842170943040401e-14,0.0,2.842170943040401e-14,2.842170943040401e-14,0.0,-1.737992914843801,-1.2766972168561495,-1.003418202729378,-0.6792922604260667,-0.3632464212660693,-0.3632710648037971,0.31444871960042065,0.518136024337764,0.017508772559040153,0.11152109194949844,-0.16586764074133953,-1.0375849084834101,-1.1583034906802823,-1.2517685485748586,1.4519806605073882,1.7914238189784442,1.815023026552666,0.5194702337203125,0.3849337095485339,0.3953772851603219,0.7115373973906003,0.8077341196664065,-0.43018278390189835,-1.0723472765203326,-1.6419140235867644,-4.216667010578163,0.0,0.0,-0.3556107608746686,-0.3179830319850083,-0.3572239243097499,-0.8329263682423402,-1.3029831354314183,-1.2304392627096377,-1.1126574175631845,-0.16907913132106955,-0.42721151081144626,-0.037237739212457655,-0.0853509152139793,0.43670713376639014,0.6276210248331893,0.8546727267243739,1.1938661457290323,1.3880004639178765,1.4981923888153972,0.0,0.0,0.0,0.0,0.0,0.0,-2.842170943040401e-14,-2.842170943040401e-14,-0.16267101588769606,-0.14145677503060483,0.0,-1.616547427934833,-1.9280858422241351,-1.117727934762641,-0.5939693990035835,-0.2750863810559139,-0.46074356975692865,-0.8493661209421646,0.0,0.0,0.0,0.0,0.0,0.0,0.0,0.0,0.0,0.0,0.0,0.0,0.0,0.0,0.0,0.0,-0.2869935082224231,0.0,0.0,-0.2384976229742506,-0.7459638105351871,-0.7418755072541501,-0.7502026601552672,-2.278016176736429,-1.928653354882968,-1.936447432553095,0.5142222258613316,0.5639630215602409,0.547366902801727,1.5297365748964182,1.5303492701305288,0.0,0.0,0.0,0.0,0.0,0.0,0.0,0.0,0.0,0.0,0.0,0.0,0.0,0.0,0.0,0.0,0.0,0.0,0.0,0.0,0.0,0.0,0.0,0.0,0.0,0.0
1,0.0,0.0,0.0,0.0,0.0,0.0,0.0,0.0,0.0,0.0,0.0,0.0,0.0,0.0,0.0,0.0,0.0,0.0,0.0,-1.4210854715202004e-14,-1.4210854715202004e-14,0.0,2.842170943040401e-14,2.842170943040401e-14,-0.16531436128408927,0.6794617503234406,1.0417924935048575,1.0241229575861723,0.8552831337398459,0.861233302090568,0.5749042841279675,0.5161613630447164,0.7817576572852829,1.4733045183603792,1.2724230844360136,1.2800190929336281,1.2847025892457964,0.0,0.0,0.0,0.0,0.0,0.0,2.842170943040401e-14,2.842170943040401e-14,2.842170943040401e-14,2.842170943040401e-14,2.842170943040401e-14,2.842170943040401e-14,2.842170943040401e-14,5.684341886080802e-14,5.684341886080802e-14,5.684341886080802e-14,5.684341886080802e-14,8.526512829121202e-14,2.842170943040401e-14,2.842170943040401e-14,2.842170943040401e-14,0.0,0.0,0.0,0.01080147085315275,0.17559340509529875,0.5902532157307974,0.9365721028228222,2.056588956003168,2.087290839140934,1.5906339279464419,1.4780306444158953,2.153469379180194,2.1590502057860874,2.1474728096520153,0.0,0.0,0.0,0.0,0.0,-2.842170943040401e-14,0.0,2.842170943040401e-14,2.842170943040401e-14,0.0,-1.737992914843801,-1.2766972168561495,-1.003418202729378,-0.6792922604260667,-0.3632464212660693,-0.3632710648037971,0.31444871960042065,0.518136024337764,0.017508772559040153,0.11152109194949844,-0.16586764074133953,-1.0375849084834101,-1.1583034906802823,-1.2517685485748586,1.4519806605073882,1.7914238189784442,1.815023026552666,0.5194702337203125,0.3849337095485339,0.3953772851603219,0.7115373973906003,0.8077341196664065,-0.43018278390189835,-1.0723472765203326,-1.6419140235867644,-4.216667010578163,0.0,0.0,-0.3556107608746686,-0.3179830319850083,-0.3572239243097499,-0.8329263682423402,-1.3029831354314183,-1.2304392627096377,-1.1126574175631845,-0.16907913132106955,-0.42721151081144626,-0.037237739212457655,-0.0853509152139793,0.43670713376639014,0.6276210248331893,0.8546727267243739,1.1938661457290323,1.3880004639178765,1.4981923888153972,0.0,0.0,0.0,0.0,0.0,0.0,-2.842170943040401e-14,-2.842170943040401e-14,-0.16267101588769606,-0.14145677503060483,0.0,-1.616547427934833,-1.9280858422241351,-1.117727934762641,-0.5939693990035835,-0.2750863810559139,-0.46074356975692865,-0.8493661209421646,0.0,0.0,0.0,0.0,0.0,0.0,0.0,0.0,0.0,0.0,0.0,0.0,0.0,0.0,0.0,0.0,-0.2869935082224231,0.0,0.0,-0.2384976229742506,-0.7459638105351871,-0.7418755072541643,-0.7502026601552814,-2.2780161767364433,-1.9286533548829823,-1.9364474325531091,0.5142222258613174,0.5639630215602267,0.547366902801727,1.5297365748964182,1.5303492701305288,0.0,0.0,0.0,0.0,0.0,0.0,0.0,0.0,0.0,0.0,0.0,0.0,0.0,0.0,0.0,0.0,0.0,0.0,0.0,0.0,0.0,0.0,0.0,0.0,0.0,0.0
2,0.0,0.0,0.0,0.0,0.0,0.0,0.0,0.0,0.0,0.0,0.0,0.0,0.0,0.0,0.0,0.0,0.0,0.0,0.0,-1.4210854715202004e-14,-1.4210854715202004e-14,-1.4210854715202004e-14,-1.4210854715202004e-14,-2.842170943040401e-14,-0.16531436128414612,0.6794617503233837,1.0417924935048006,1.0241229575861155,0.855283133739789,0.8612333020905112,0.5749042841279106,0.5161613630446595,0.7817576572852261,1.4733045183603224,1.2724230844359568,1.2800190929335713,1.2847025892457395,-2.842170943040401e-14,-2.842170943040401e-14,-2.842170943040401e-14,-2.842170943040401e-14,-2.842170943040401e-14,-2.842170943040401e-14,0.0,0.0,0.0,0.0,0.0,0.0,0.0,2.842170943040401e-14,2.842170943040401e-14,2.842170943040401e-14,2.842170943040401e-14,5.684341886080802e-14,0.0,0.0,0.0,-2.842170943040401e-14,-2.842170943040401e-14,-2.842170943040401e-14,0.010801470853095907,0.1755934050952419,0.5902532157307405,0.9365721028227938,2.0565889560031394,2.0872908391409055,1.5906339279464135,1.4780306444158668,2.153469379180166,2.159050205786059,2.147472809651987,-2.842170943040401e-14,-2.842170943040401e-14,-2.842170943040401e-14,-2.842170943040401e-14,-2.842170943040401e-14,-5.684341886080802e-14,-2.842170943040401e-14,0.0,0.0,0.0,-1.737992914843801,-1.2766972168561495,-1.003418202729378,-0.6792922604260667,-0.3632464212660693,-0.3632710648037971,0.31444871960042065,0.518136024337764,0.017508772559040153,0.11152109194949844,-0.16586764074133953,-1.0375849084834101,-1.1583034906802823,-1.2517685485748586,1.4519806605073313,1.7914238189783873,1.815023026552609,0.5194702337202273,0.38493370954844863,0.3953772851602366,0.7115373973906003,0.8077341196664065,-0.4301827839019552,-1.0723472765203894,-1.6419140235868213,-4.21666701057822,-2.842170943040401e-14,-2.842170943040401e-14,-0.3556107608746686,-0.3179830319850083,-0.3572239243097357,-0.8329263682423118,-1.3029831354313899,-1.2304392627096092,-1.112657417563156,-0.16907913132104113,-0.4272115108115031,-0.0372377392125145,-0.08535091521403615,0.4367071337663617,0.6276210248331608,0.8546727267243455,1.1938661457290038,1.388000463917848,1.4981923888153688,-1.4210854715202004e-14,0.0,0.0,0.0,0.0,0.0,-2.842170943040401e-14,-2.842170943040401e-14,-0.16267101588769606,-0.14145677503060483,0.0,-1.616547427934833,-1.9280858422241351,-1.117727934762641,-0.5939693990035835,-0.2750863810559139,-0.46074356975692865,-0.8493661209421646,0.0,0.0,0.0,0.0,0.0,0.0,0.0,0.0,0.0,0.0,0.0,0.0,0.0,0.0,0.0,0.0,-0.2869935082224231,0.0,0.0,-0.23849762297423638,-0.7459638105351729,-0.7418755072541501,-0.7502026601552672,-2.278016176736429,-1.928653354882968,-1.936447432553095,0.5142222258613316,0.5639630215602409,0.547366902801727,1.5297365748964182,1.5303492701305288,0.0,0.0,0.0,0.0,0.0,0.0,0.0,0.0,0.0,0.0,0.0,0.0,0.0,0.0,0.0,0.0,0.0,0.0,0.0,0.0,0.0,0.0,0.0,0.0,0.0,0.0
3,0.0,0.0,0.0,0.0,0.0,0.0,0.0,0.0,0.0,0.0,0.0,0.0,0.0,0.0,0.0,0.0,0.0,0.0,0.0,-1.4210854715202004e-14,-1.4210854715202004e-14,-1.4210854715202004e-14,-1.4210854715202004e-14,-1.4210854715202004e-14,-0.1653143612841177,0.6794617503234122,1.041792493504829,1.024122957586144,0.8552831337398175,0.8612333020905396,0.574904284127939,0.516161363044688,0.7817576572852545,1.4733045183603508,1.2724230844359852,1.2800190929335997,1.284702589245768,-2.842170943040401e-14,-4.263256414560601e-14,-2.842170943040401e-14,-2.842170943040401e-14,-2.842170943040401e-14,-2.842170943040401e-14,0.0,0.0,0.0,0.0,0.0,0.0,0.0,0.0,0.0,0.0,0.0,2.842170943040401e-14,0.0,0.0,0.0,-2.842170943040401e-14,-2.842170943040401e-14,-2.842170943040401e-14,0.010801470853124329,0.17559340509527033,0.5902532157307689,0.9365721028228222,2.056588956003168,2.087290839140934,1.5906339279464419,1.4780306444158953,2.153469379180194,2.1590502057860874,2.1474728096520153,-2.842170943040401e-14,-2.842170943040401e-14,-2.842170943040401e-14,-2.842170943040401e-14,-2.842170943040401e-14,-5.684341886080802e-14,-2.842170943040401e-14,0.0,0.0,0.0,-1.737992914843801,-1.2766972168561495,-1.003418202729378,-0.6792922604260667,-0.3632464212660693,-0.3632710648037971,0.31444871960042065,0.518136024337764,0.017508772559040153,0.11152109194949844,-0.16586764074133953,-1.0375849084834101,-1.1583034906802823,-1.2517685485748586,1.4519806605073597,1.7914238189784157,1.8150230265526375,0.5194702337202841,0.3849337095485055,0.39537728516029347,0.7115373973906003,0.8077341196664065,-0.43018278390192677,-1.072347276520361,-1.6419140235867928,-4.216667010578192,-2.842170943040401e-14,-2.842170943040401e-14,-0.3556107608746686,-0.3179830319850083,-0.3572239243097357,-0.8329263682423118,-1.302983135431404,-1.2304392627096377,-1.1126574175631845,-0.16907913132106955,-0.4272115108114747,-0.037237739212486076,-0.08535091521400773,0.43670713376639014,0.6276210248331893,0.8546727267243739,1.1938661457290323,1.3880004639178765,1.4981923888153972,-1.4210854715202004e-14,-2.842170943040401e-14,-1.4210854715202004e-14,-1.4210854715202004e-14,-1.4210854715202004e-14,-2.842170943040401e-14,-1.4210854715202004e-14,-1.4210854715202004e-14,-0.16267101588769606,-0.14145677503060483,0.0,-1.616547427934833,-1.9280858422241351,-1.117727934762641,-0.5939693990035835,-0.2750863810559139,-0.46074356975692865,-0.8493661209421646,0.0,0.0,0.0,0.0,0.0,0.0,0.0,0.0,0.0,0.0,0.0,0.0,0.0,0.0,0.0,0.0,-0.2869935082224231,0.0,0.0,-0.23849762297424348,-0.7459638105351729,-0.7418755072541359,-0.7502026601552529,-2.278016176736415,-1.9286533548829539,-1.9364474325530807,0.5142222258613458,0.5639630215602551,0.5473669028017341,1.5297365748964253,1.530349270130543,0.0,0.0,0.0,0.0,0.0,0.0,0.0,0.0,0.0,0.0,0.0,0.0,0.0,0.0,0.0,0.0,0.0,0.0,0.0,0.0,0.0,0.0,0.0,0.0,0.0,0.0
4,0.0,0.0,0.0,0.0,0.0,0.0,0.0,0.0,0.0,0.0,0.0,0.0,0.0,0.0,0.0,0.0,0.0,0.0,0.0,-1.4210854715202004e-14,-1.4210854715202004e-14,-1.4210854715202004e-14,-1.4210854715202004e-14,-1.4210854715202004e-14,-0.1653143612841177,0.6794617503234122,1.041792493504829,1.024122957586144,0.8552831337398175,0.8612333020905396,0.574904284127939,0.516161363044688,0.7817576572852545,1.4733045183603508,1.2724230844359852,1.2800190929335997,1.284702589245768,-2.842170943040401e-14,-4.263256414560601e-14,-2.842170943040401e-14,-2.842170943040401e-14,-2.842170943040401e-14,-2.842170943040401e-14,0.0,0.0,0.0,0.0,0.0,0.0,0.0,2.842170943040401e-14,2.842170943040401e-14,2.842170943040401e-14,2.842170943040401e-14,5.684341886080802e-14,0.0,0.0,0.0,-2.842170943040401e-14,-2.842170943040401e-14,-2.842170943040401e-14,0.010801470853124329,0.17559340509527033,0.5902532157307689,0.9365721028227938,2.0565889560031394,2.0872908391409055,1.5906339279464135,1.4780306444158668,2.153469379180166,2.159050205786059,2.147472809651987,-2.842170943040401e-14,-2.842170943040401e-14,-2.842170943040401e-14,-2.842170943040401e-14,-2.842170943040401e-14,-5.684341886080802e-14,-2.842170943040401e-14,0.0,0.0,0.0,-1.737992914843801,-1.2766972168561495,-1.003418202729378,-0.6792922604260667,-0.3632464212660693,-0.3632710648037971,0.31444871960042065,0.518136024337764,0.017508772559040153,0.11152109194949844,-0.16586764074133953,-1.0375849084834101,-1.1583034906802823,-1.2517685485748586,1.4519806605073597,1.7914238189784157,1.8150230265526375,0.5194702337202557,0.38493370954847705,0.39537728516026505,0.7115373973906003,0.8077341196664065,-0.43018278390192677,-1.072347276520361,-1.6419140235867928,-4.216667010578192,-2.842170943040401e-14,-2.842170943040401e-14,-0.3556107608746686,-0.3179830319850083,-0.3572239243097357,-0.8329263682423118,-1.302983135431404,-1.2304392627096519,-1.1126574175631845,-0.16907913132106955,-0.4272115108114747,-0.037237739212486076,-0.08535091521400773,0.43670713376639014,0.6276210248331751,0.8546727267243455,1.1938661457290038,1.388000463917848,1.4981923888153688,-1.4210854715202004e-14,-2.842170943040401e-14,-1.4210854715202004e-14,-1.4210854715202004e-14,-1.4210854715202004e-14,-1.4210854715202004e-14,-1.4210854715202004e-14,-1.4210854715202004e-14,-0.16267101588769606,-0.14145677503060483,0.0,-1.616547427934833,-1.9280858422241351,-1.117727934762641,-0.5939693990035835,-0.2750863810559139,-0.46074356975692865,-0.8493661209421646,0.0,0.0,0.0,0.0,0.0,0.0,0.0,0.0,0.0,0.0,0.0,0.0,0.0,0.0,0.0,0.0,-0.2869935082224231,0.0,0.0,-0.23849762297424348,-0.7459638105351729,-0.741875507254143,-0.7502026601552672,-2.2780161767364433,-1.9286533548829823,-1.9364474325531091,0.5142222258613316,0.5639630215602409,0.5473669028017341,1.5297365748964253,1.530349270130543,0.0,0.0,0.0,0.0,0.0,0.0,0.0,0.0,0.0,0.0,0.0,0.0,0.0,0.0,0.0,0.0,0.0,0.0,0.0,0.0,0.0,0.0,0.0,0.0,0.0,0.0
5,0.0,0.0,0.0,0.0,0.0,0.0,0.0,0.0,0.0,0.0,0.0,0.0,0.0,0.0,0.0,0.0,0.0,0.0,0.0,-1.4210854715202004e-14,-1.4210854715202004e-14,-1.4210854715202004e-14,-1.4210854715202004e-14,-1.4210854715202004e-14,-0.1653143612841177,0.6794617503234122,1.041792493504829,1.024122957586144,0.8552831337398175,0.8612333020905396,0.574904284127939,0.516161363044688,0.7817576572852545,1.4733045183603508,1.2724230844359852,1.2800190929335997,1.284702589245768,-2.842170943040401e-14,-4.263256414560601e-14,-4.263256414560601e-14,-5.684341886080802e-14,-5.684341886080802e-14,-5.684341886080802e-14,-2.842170943040401e-14,-2.842170943040401e-14,-2.842170943040401e-14,-2.842170943040401e-14,-2.842170943040401e-14,-2.842170943040401e-14,-2.842170943040401e-14,0.0,0.0,0.0,0.0,2.842170943040401e-14,-2.842170943040401e-14,-2.842170943040401e-14,-2.842170943040401e-14,-5.684341886080802e-14,-5.684341886080802e-14,-5.684341886080802e-14,0.010801470853124329,0.17559340509527033,0.5902532157307689,0.9365721028227938,2.0565889560031394,2.0872908391409055,1.5906339279464135,1.4780306444158668,2.153469379180166,2.159050205786059,2.147472809651987,-5.684341886080802e-14,-5.684341886080802e-14,-5.684341886080802e-14,-5.684341886080802e-14,-5.684341886080802e-14,-8.526512829121202e-14,-5.684341886080802e-14,-2.842170943040401e-14,-2.842170943040401e-14,0.0,-1.737992914843801,-1.2766972168561495,-1.003418202729378,-0.6792922604260667,-0.3632464212660693,-0.3632710648037971,0.31444871960042065,0.518136024337764,0.017508772559040153,0.11152109194949844,-0.16586764074133953,-1.0375849084834101,-1.1583034906802823,-1.2517685485748586,1.4519806605073597,1.7914238189784157,1.8150230265526375,0.5194702337202557,0.38493370954847705,0.39537728516026505,0.7115373973906003,0.8077341196664065,-0.43018278390192677,-1.072347276520361,-1.6419140235867928,-4.216667010578192,-5.684341886080802e-14,-5.684341886080802e-14,-0.3556107608746686,-0.3179830319850083,-0.3572239243097357,-0.8329263682423118,-1.302983135431404,-1.2304392627096519,-1.1126574175631845,-0.16907913132106955,-0.4272115108114747,-0.037237739212486076,-0.08535091521400773,0.43670713376639014,0.6276210248331751,0.8546727267243455,1.1938661457290038,1.388000463917848,1.4981923888153688,-1.4210854715202004e-14,-2.842170943040401e-14,-1.4210854715202004e-14,-1.4210854715202004e-14,-1.4210854715202004e-14,-1.4210854715202004e-14,-1.4210854715202004e-14,-1.4210854715202004e-14,-0.16267101588769606,-0.14145677503060483,0.0,-1.616547427934833,-1.9280858422241351,-1.117727934762641,-0.5939693990035835,-0.2750863810559139,-0.46074356975692865,-0.8493661209421646,0.0,0.0,0.0,0.0,0.0,0.0,0.0,0.0,0.0,0.0,0.0,0.0,0.0,0.0,0.0,0.0,-0.2869935082224231,0.0,0.0,-0.23849762297424348,-0.7459638105351729,-0.741875507254143,-0.7502026601552672,-2.278016176736429,-1.928653354882968,-1.936447432553095,0.5142222258613316,0.5639630215602409,0.5473669028017341,1.5297365748964253,1.530349270130543,0.0,0.0,0.0,0.0,0.0,0.0,0.0,0.0,0.0,0.0,0.0,0.0,0.0,0.0,0.0,0.0,0.0,0.0,0.0,0.0,0.0,0.0,0.0,0.0,0.0,0.0
6,0.0,0.0,0.0,0.0,0.0,0.0,0.0,0.0,0.0,0.0,0.0,0.0,0.0,0.0,0.0,0.0,0.0,0.0,0.0,-1.4210854715202004e-14,-1.4210854715202004e-14,-1.4210854715202004e-14,-1.4210854715202004e-14,-1.4210854715202004e-14,-0.1653143612841177,0.6794617503234264,1.041792493504829,1.024122957586144,0.8552831337398175,0.8612333020905396,0.574904284127939,0.516161363044688,0.7817576572852545,1.4733045183603508,1.2724230844359852,1.2800190929335997,1.284702589245768,-2.842170943040401e-14,-4.263256414560601e-14,-4.263256414560601e-14,-4.263256414560601e-14,-4.263256414560601e-14,-2.842170943040401e-14,0.0,0.0,0.0,0.0,0.0,0.0,0.0,0.0,0.0,0.0,0.0,2.842170943040401e-14,0.0,0.0,0.0,-5.684341886080802e-14,-5.684341886080802e-14,-5.684341886080802e-14,0.010801470853124329,0.17559340509527033,0.5902532157307689,0.9365721028227938,2.0565889560031394,2.0872908391409055,1.5906339279464135,1.4780306444158668,2.153469379180166,2.159050205786059,2.147472809651987,-4.263256414560601e-14,-2.842170943040401e-14,-2.842170943040401e-14,-2.842170943040401e-14,-2.842170943040401e-14,-5.684341886080802e-14,-4.263256414560601e-14,-2.842170943040401e-14,-2.842170943040401e-14,0.0,-1.737992914843801,-1.2766972168561495,-1.003418202729378,-0.6792922604260667,-0.3632464212660693,-0.3632710648037971,0.31444871960042065,0.518136024337764,0.017508772559040153,0.11152109194951265,-0.16586764074132532,-1.037584908483396,-1.1583034906802823,-1.2517685485748586,1.4519806605073313,1.7914238189784157,1.8150230265526375,0.5194702337202699,0.38493370954847705,0.39537728516026505,0.7115373973906287,0.8077341196664349,-0.43018278390192677,-1.0723472765203752,-1.641914023586807,-4.216667010578192,-4.263256414560601e-14,-4.263256414560601e-14,-0.3556107608746686,-0.3179830319850083,-0.3572239243097357,-0.8329263682423118,-1.302983135431404,-1.2304392627096519,-1.1126574175631845,-0.16907913132106955,-0.42721151081146047,-0.037237739212443444,-0.0853509152139793,0.43670713376639014,0.6276210248331751,0.8546727267243597,1.1938661457290465,1.3880004639179049,1.4981923888154256,-1.4210854715202004e-14,-2.842170943040401e-14,-1.4210854715202004e-14,-1.4210854715202004e-14,-1.4210854715202004e-14,-1.4210854715202004e-14,-1.4210854715202004e-14,-1.4210854715202004e-14,-0.16267101588769606,-0.14145677503060483,0.0,-1.616547427934833,-1.9280858422241351,-1.117727934762641,-0.5939693990035835,-0.2750863810559139,-0.46074356975692865,-0.8493661209421646,0.0,0.0,0.0,0.0,0.0,0.0,0.0,0.0,0.0,0.0,0.0,0.0,0.0,0.0,0.0,0.0,-0.2869935082224231,0.0,0.0,-0.23849762297424348,-0.7459638105351729,-0.741875507254143,-0.7502026601552672,-2.278016176736436,-1.9286533548829823,-1.9364474325531162,0.5142222258613245,0.5639630215602338,0.5473669028017341,1.5297365748964253,1.530349270130543,0.0,0.0,0.0,0.0,0.0,0.0,0.0,0.0,0.0,0.0,0.0,0.0,0.0,0.0,0.0,0.0,0.0,0.0,0.0,0.0,0.0,0.0,0.0,0.0,0.0,0.0
7,0.0,0.0,0.0,0.0,0.0,0.0,0.0,0.0,0.0,0.0,0.0,0.0,0.0,0.0,0.0,0.0,0.0,0.0,0.0,-1.4210854715202004e-14,-1.4210854715202004e-14,-1.4210854715202004e-14,-1.4210854715202004e-14,-1.4210854715202004e-14,-0.16531436128410348,0.6794617503234406,1.0417924935048433,1.024122957586144,0.8552831337398032,0.8612333020905112,0.5749042841279106,0.5161613630446595,0.7817576572852261,1.4733045183603224,1.2724230844359568,1.2800190929335713,1.2847025892457395,-2.842170943040401e-14,-4.263256414560601e-14,-4.263256414560601e-14,-4.263256414560601e-14,-4.263256414560601e-14,-4.263256414560601e-14,-4.263256414560601e-14,-4.263256414560601e-14,-5.684341886080802e-14,-5.684341886080802e-14,-5.684341886080802e-14,-5.684341886080802e-14,-5.684341886080802e-14,-2.842170943040401e-14,-2.842170943040401e-14,-2.842170943040401e-14,-2.842170943040401e-14,0.0,-5.684341886080802e-14,-5.684341886080802e-14,-5.684341886080802e-14,-4.263256414560601e-14,-2.842170943040401e-14,-2.842170943040401e-14,0.010801470853124329,0.17559340509525612,0.5902532157307547,0.9365721028227796,2.0565889560031394,2.0872908391409055,1.5906339279464135,1.4780306444158668,2.153469379180166,2.159050205786059,2.147472809651987,-4.263256414560601e-14,-4.263256414560601e-14,-4.263256414560601e-14,-4.263256414560601e-14,-5.684341886080802e-14,-8.526512829121202e-14,-4.263256414560601e-14,-4.263256414560601e-14,-5.684341886080802e-14,0.0,-1.737992914843801,-1.2766972168561495,-1.003418202729378,-0.6792922604260667,-0.3632464212660693,-0.3632710648037971,0.31444871960042065,0.518136024337764,0.017508772559040153,0.11152109194951265,-0.16586764074132532,-1.0375849084833817,-1.1583034906802823,-1.2517685485748586,1.4519806605073171,1.7914238189783873,1.815023026552609,0.5194702337202841,0.38493370954849127,0.39537728516027926,0.7115373973906145,0.8077341196664207,-0.43018278390192677,-1.0723472765203752,-1.641914023586807,-4.216667010578206,-4.263256414560601e-14,-4.263256414560601e-14,-0.3556107608746686,-0.3179830319850083,-0.3572239243097357,-0.8329263682423118,-1.302983135431404,-1.2304392627096519,-1.1126574175631845,-0.16907913132106955,-0.42721151081146047,-0.037237739212443444,-0.0853509152139793,0.43670713376639014,0.6276210248331751,0.8546727267243597,1.1938661457290465,1.3880004639179049,1.4981923888154256,-1.4210854715202004e-14,-2.842170943040401e-14,-1.4210854715202004e-14,-1.4210854715202004e-14,-1.4210854715202004e-14,-1.4210854715202004e-14,-2.842170943040401e-14,-2.842170943040401e-14,-0.16267101588769606,-0.14145677503060483,0.0,-1.616547427934833,-1.9280858422241351,-1.117727934762641,-0.5939693990035835,-0.275086381055921,-0.46074356975694286,-0.8493661209421788,0.0,0.0,0.0,0.0,0.0,0.0,0.0,0.0,0.0,0.0,0.0,0.0,0.0,0.0,0.0,0.0,-0.286993508222416,0.0,0.0,-0.23849762297424348,-0.7459638105351729,-0.741875507254143,-0.7502026601552672,-2.278016176736436,-1.9286533548829823,-1.9364474325531162,0.5142222258613245,0.5639630215602338,0.5473669028017341,1.5297365748964253,1.530349270130543,0.0,0.0,0.0,0.0,0.0,0.0,0.0,0.0,0.0,0.0,0.0,0.0,0.0,0.0,0.0,0.0,0.0,0.0,0.0,0.0,0.0,0.0,0.0,0.0,0.0,0.0
8,0.0,0.0,0.0,0.0,0.0,0.0,0.0,0.0,0.0,0.0,0.0,0.0,0.0,0.0,0.0,0.0,0.0,0.0,0.0,-1.4210854715202004e-14,-1.4210854715202004e-14,-1.4210854715202004e-14,-1.4210854715202004e-14,-1.4210854715202004e-14,-0.16531436128410348,0.6794617503234406,1.0417924935048433,1.024122957586144,0.8552831337398032,0.8612333020905112,0.5749042841279106,0.5161613630446595,0.7817576572852261,1.4733045183603224,1.2724230844359568,1.2800190929335713,1.2847025892457395,-2.842170943040401e-14,-4.263256414560601e-14,-4.263256414560601e-14,-4.263256414560601e-14,-4.263256414560601e-14,-4.263256414560601e-14,-4.263256414560601e-14,-4.263256414560601e-14,-5.684341886080802e-14,-5.684341886080802e-14,-5.684341886080802e-14,-5.684341886080802e-14,-5.684341886080802e-14,-5.684341886080802e-14,-5.684341886080802e-14,-5.684341886080802e-14,-5.684341886080802e-14,-2.842170943040401e-14,-5.684341886080802e-14,-5.684341886080802e-14,-5.684341886080802e-14,-4.263256414560601e-14,-2.842170943040401e-14,-2.842170943040401e-14,0.010801470853124329,0.17559340509525612,0.5902532157307547,0.9365721028227796,2.0565889560031394,2.0872908391409055,1.5906339279464135,1.4780306444158668,2.153469379180166,2.159050205786059,2.147472809651987,-4.263256414560601e-14,-4.263256414560601e-14,-4.263256414560601e-14,-4.263256414560601e-14,-5.684341886080802e-14,-8.526512829121202e-14,-4.263256414560601e-14,-4.263256414560601e-14,-5.684341886080802e-14,0.0,-1.737992914843801,-1.2766972168561495,-1.003418202729378,-0.6792922604260667,-0.3632464212660693,-0.3632710648037971,0.31444871960042065,0.518136024337764,0.017508772559040153,0.11152109194951265,-0.16586764074132532,-1.0375849084833817,-1.1583034906802823,-1.2517685485748586,1.4519806605073171,1.7914238189783873,1.815023026552609,0.5194702337202841,0.38493370954849127,0.39537728516027926,0.7115373973906145,0.8077341196664207,-0.43018278390192677,-1.0723472765203752,-1.641914023586807,-4.216667010578206,-4.263256414560601e-14,-4.263256414560601e-14,-0.3556107608746686,-0.3179830319850083,-0.3572239243097357,-0.8329263682423118,-1.302983135431404,-1.2304392627096519,-1.1126574175631845,-0.16907913132106955,-0.42721151081146047,-0.037237739212443444,-0.0853509152139793,0.43670713376639014,0.6276210248331751,0.8546727267243597,1.1938661457290465,1.3880004639179049,1.4981923888154256,-1.4210854715202004e-14,-2.842170943040401e-14,-1.4210854715202004e-14,-1.4210854715202004e-14,-1.4210854715202004e-14,-1.4210854715202004e-14,-2.842170943040401e-14,-2.842170943040401e-14,-0.16267101588769606,-0.14145677503060483,0.0,-1.616547427934833,-1.9280858422241351,-1.117727934762641,-0.5939693990035835,-0.275086381055921,-0.46074356975694286,-0.8493661209421788,0.0,0.0,0.0,0.0,0.0,0.0,0.0,0.0,0.0,0.0,0.0,0.0,0.0,0.0,0.0,0.0,-0.286993508222416,0.0,0.0,-0.23849762297424348,-0.7459638105351729,-0.741875507254143,-0.7502026601552743,-2.2780161767364433,-1.9286533548829894,-1.9364474325531233,0.5142222258613174,0.5639630215602267,0.5473669028017341,1.5297365748964253,1.530349270130543,0.0,0.0,0.0,0.0,0.0,0.0,0.0,0.0,0.0,0.0,0.0,0.0,0.0,0.0,0.0,0.0,0.0,0.0,0.0,0.0,0.0,0.0,0.0,0.0,0.0,0.0
9,0.0,0.0,0.0,0.0,0.0,0.0,0.0,0.0,0.0,0.0,0.0,0.0,0.0,0.0,0.0,0.0,0.0,0.0,0.0,-1.4210854715202004e-14,-1.4210854715202004e-14,-1.4210854715202004e-14,-1.4210854715202004e-14,-1.4210854715202004e-14,-0.1653143612841177,0.6794617503234264,1.041792493504829,1.0241229575861297,0.855283133739789,0.8612333020905112,0.5749042841279106,0.5161613630446595,0.7817576572852261,1.4733045183603224,1.2724230844359568,1.2800190929335713,1.2847025892457395,-2.842170943040401e-14,-4.263256414560601e-14,-4.263256414560601e-14,-4.263256414560601e-14,-4.263256414560601e-14,-4.263256414560601e-14,-4.263256414560601e-14,-4.263256414560601e-14,-4.263256414560601e-14,-2.842170943040401e-14,-2.842170943040401e-14,-2.842170943040401e-14,-2.842170943040401e-14,0.0,0.0,0.0,0.0,2.842170943040401e-14,-2.842170943040401e-14,-2.842170943040401e-14,-2.842170943040401e-14,-5.684341886080802e-14,-5.684341886080802e-14,-5.684341886080802e-14,0.010801470853124329,0.17559340509527033,0.5902532157307689,0.9365721028227938,2.0565889560031536,2.0872908391409197,1.5906339279464419,1.4780306444158953,2.15346937918018,2.159050205786059,2.147472809652001,-4.263256414560601e-14,-4.263256414560601e-14,-4.263256414560601e-14,-4.263256414560601e-14,-2.842170943040401e-14,-2.842170943040401e-14,-4.263256414560601e-14,-4.263256414560601e-14,-4.263256414560601e-14,0.0,-1.737992914843801,-1.2766972168561495,-1.003418202729378,-0.6792922604260667,-0.3632464212660693,-0.3632710648037971,0.31444871960042065,0.518136024337764,0.017508772559040153,0.11152109194951265,-0.16586764074132532,-1.0375849084833817,-1.1583034906802823,-1.2517685485748586,1.4519806605073313,1.7914238189784015,1.8150230265526233,0.5194702337202699,0.38493370954847705,0.39537728516026505,0.7115373973906287,0.8077341196664349,-0.43018278390192677,-1.0723472765203752,-1.641914023586807,-4.216667010578192,-4.263256414560601e-14,-4.263256414560601e-14,-0.3556107608746686,-0.3179830319850083,-0.3572239243097357,-0.8329263682423118,-1.302983135431404,-1.2304392627096519,-1.1126574175631845,-0.16907913132106955,-0.42721151081146047,-0.037237739212443444,-0.0853509152139793,0.43670713376639014,0.6276210248331751,0.8546727267243597,1.1938661457290465,1.3880004639179049,1.4981923888154256,-1.4210854715202004e-14,-2.842170943040401e-14,-1.4210854715202004e-14,-1.4210854715202004e-14,-1.4210854715202004e-14,-1.4210854715202004e-14,-1.4210854715202004e-14,-1.4210854715202004e-14,-0.16267101588769606,-0.14145677503060483,0.0,-1.616547427934833,-1.9280858422241351,-1.117727934762641,-0.5939693990035835,-0.275086381055921,-0.46074356975693576,-0.8493661209421788,0.0,0.0,0.0,0.0,0.0,0.0,0.0,0.0,0.0,0.0,0.0,0.0,0.0,0.0,0.0,0.0,-0.286993508222416,0.0,0.0,-0.23849762297424704,-0.7459638105351729,-0.741875507254143,-0.7502026601552672,-2.278016176736436,-1.9286533548829823,-1.9364474325531162,0.5142222258613245,0.5639630215602338,0.5473669028017305,1.5297365748964253,1.530349270130543,0.0,0.0,0.0,0.0,0.0,0.0,0.0,0.0,0.0,0.0,0.0,0.0,0.0,0.0,0.0,0.0,0.0,0.0,0.0,0.0,0.0,0.0,0.0,0.0,0.0,0.0
10,0.0,0.0,0.0,0.0,0.0,0.0,0.0,0.0,0.0,0.0,0.0,0.0,0.0,0.0,0.0,0.0,0.0,0.0,0.0,-1.4210854715202004e-14,-1.4210854715202004e-14,-1.4210854715202004e-14,-1.4210854715202004e-14,-1.4210854715202004e-14,-0.1653143612841177,0.6794617503234264,1.041792493504829,1.0241229575861297,0.855283133739789,0.8612333020905112,0.5749042841279106,0.5161613630446595,0.7817576572852261,1.4733045183603224,1.2724230844359568,1.2800190929335713,1.2847025892457395,-2.842170943040401e-14,-4.263256414560601e-14,-4.263256414560601e-14,-4.263256414560601e-14,-4.263256414560601e-14,-4.263256414560601e-14,-4.263256414560601e-14,-4.263256414560601e-14,-4.263256414560601e-14,-4.263256414560601e-14,-4.263256414560601e-14,-5.684341886080802e-14,-5.684341886080802e-14,-5.684341886080802e-14,-5.684341886080802e-14,-5.684341886080802e-14,-5.684341886080802e-14,-2.842170943040401e-14,-4.263256414560601e-14,-2.842170943040401e-14,-2.842170943040401e-14,-5.684341886080802e-14,-5.684341886080802e-14,-5.684341886080802e-14,0.010801470853124329,0.17559340509527033,0.5902532157307689,0.9365721028227938,2.0565889560031536,2.0872908391409197,1.5906339279464419,1.4780306444159237,2.15346937918018,2.159050205786059,2.147472809651987,-4.263256414560601e-14,-4.263256414560601e-14,-4.263256414560601e-14,-4.263256414560601e-14,-2.842170943040401e-14,-2.842170943040401e-14,-4.263256414560601e-14,-4.263256414560601e-14,-4.263256414560601e-14,0.0,-1.737992914843801,-1.2766972168561352,-1.0034182027293568,-0.6792922604260525,-0.3632464212660551,-0.3632710648037829,0.31444871960043486,0.5181360243377782,0.017508772559054364,0.11152109194952686,-0.1658676407413111,-1.0375849084833675,-1.158303490680268,-1.2517685485748444,1.4519806605073313,1.7914238189784015,1.8150230265526233,0.5194702337202699,0.38493370954847705,0.39537728516026505,0.7115373973906287,0.8077341196664349,-0.43018278390192677,-1.0723472765203752,-1.641914023586807,-4.216667010578192,-4.263256414560601e-14,-4.263256414560601e-14,-0.3556107608746544,-0.3179830319849941,-0.3572239243097215,-0.8329263682422976,-1.3029831354313899,-1.2304392627096377,-1.1126574175631703,-0.16907913132105534,-0.42721151081146047,-0.037237739212443444,-0.0853509152139793,0.43670713376640435,0.6276210248331893,0.8546727267243739,1.1938661457290607,1.388000463917919,1.4981923888154398,-1.4210854715202004e-14,-2.842170943040401e-14,-1.4210854715202004e-14,-1.4210854715202004e-14,-1.4210854715202004e-14,-1.4210854715202004e-14,-1.4210854715202004e-14,-1.4210854715202004e-14,-0.16267101588768185,-0.14145677503059062,0.0,-1.616547427934833,-1.9280858422241423,-1.117727934762641,-0.5939693990035835,-0.275086381055921,-0.46074356975693576,-0.8493661209421788,0.0,0.0,0.0,0.0,0.0,0.0,0.0,0.0,0.0,0.0,0.0,0.0,0.0,0.0,0.0,0.0,-0.286993508222416,0.0,0.0,-0.23849762297424704,-0.7459638105351729,-0.741875507254143,-0.7502026601552743,-2.2780161767364433,-1.9286533548829894,-1.9364474325531233,0.5142222258613174,0.5639630215602267,0.5473669028017305,1.5297365748964218,1.530349270130536,0.0,0.0,0.0,0.0,0.0,0.0,0.0,0.0,0.0,0.0,0.0,0.0,0.0,0.0,0.0,0.0,0.0,0.0,0.0,0.0,0.0,0.0,0.0,0.0,0.0,0.0
11,0.0,0.0,0.0,0.0,0.0,0.0,0.0,0.0,0.0,0.0,0.0,0.0,0.0,0.0,0.0,0.0,0.0,0.0,0.0,-1.4210854715202004e-14,-1.4210854715202004e-14,-1.4210854715202004e-14,-1.4210854715202004e-14,-1.4210854715202004e-14,-0.16531436128410348,0.6794617503234406,1.0417924935048433,1.024122957586144,0.8552831337398032,0.8612333020905254,0.574904284127939,0.5161613630447022,0.7817576572852829,1.473304518360365,1.2724230844360136,1.2800190929336281,1.2847025892457964,-2.842170943040401e-14,-4.263256414560601e-14,-4.263256414560601e-14,-4.263256414560601e-14,-4.263256414560601e-14,-4.263256414560601e-14,-4.263256414560601e-14,-4.263256414560601e-14,-4.263256414560601e-14,-4.263256414560601e-14,-4.263256414560601e-14,-2.842170943040401e-14,-4.263256414560601e-14,-2.842170943040401e-14,-2.842170943040401e-14,-2.842170943040401e-14,-2.842170943040401e-14,0.0,-4.263256414560601e-14,-2.842170943040401e-14,-2.842170943040401e-14,-4.263256414560601e-14,-2.842170943040401e-14,-2.842170943040401e-14,0.010801470853124329,0.17559340509525612,0.5902532157307547,0.9365721028227796,2.0565889560031394,2.0872908391409055,1.5906339279464277,1.4780306444159095,2.153469379180166,2.159050205786045,2.1474728096519726,-4.263256414560601e-14,-4.263256414560601e-14,-4.263256414560601e-14,-4.263256414560601e-14,-5.684341886080802e-14,-5.684341886080802e-14,-4.263256414560601e-14,-4.263256414560601e-14,-4.263256414560601e-14,0.0,-1.737992914843801,-1.2766972168561352,-1.0034182027293639,-0.6792922604260667,-0.3632464212660693,-0.3632710648037971,0.31444871960042065,0.518136024337764,0.017508772559040153,0.11152109194951265,-0.16586764074132532,-1.0375849084833817,-1.1583034906802823,-1.2517685485748586,1.4519806605073171,1.7914238189783873,1.815023026552609,0.5194702337202841,0.38493370954849127,0.39537728516027926,0.7115373973906145,0.8077341196664207,-0.43018278390192677,-1.0723472765203752,-1.641914023586807,-4.216667010578206,-4.263256414560601e-14,-4.263256414560601e-14,-0.3556107608746686,-0.3179830319850083,-0.3572239243097357,-0.8329263682423118,-1.302983135431404,-1.2304392627096519,-1.1126574175631845,-0.16907913132106955,-0.42721151081146047,-0.037237739212443444,-0.0853509152139793,0.43670713376639014,0.6276210248331751,0.8546727267243597,1.1938661457290465,1.3880004639179049,1.4981923888154256,-1.4210854715202004e-14,-2.842170943040401e-14,-1.4210854715202004e-14,-1.4210854715202004e-14,-1.4210854715202004e-14,-1.4210854715202004e-14,-2.842170943040401e-14,-2.842170943040401e-14,-0.16267101588769606,-0.14145677503060483,0.0,-1.616547427934833,-1.9280858422241423,-1.117727934762648,-0.5939693990035977,-0.275086381055921,-0.46074356975693576,-0.8493661209421788,0.0,0.0,0.0,0.0,0.0,0.0,0.0,0.0,0.0,0.0,0.0,0.0,0.0,0.0,0.0,0.0,-0.286993508222416,0.0,0.0,-0.23849762297424348,-0.7459638105351694,-0.7418755072541394,-0.7502026601552672,-2.278016176736436,-1.9286533548829823,-1.9364474325531162,0.5142222258613245,0.5639630215602338,0.5473669028017305,1.5297365748964218,1.5303492701305395,0.0,0.0,0.0,0.0,0.0,0.0,0.0,0.0,0.0,0.0,0.0,0.0,0.0,0.0,0.0,0.0,0.0,0.0,0.0,0.0,0.0,0.0,0.0,0.0,0.0,0.0
12,0.0,0.0,0.0,0.0,0.0,0.0,0.0,0.0,0.0,0.0,0.0,0.0,0.0,0.0,0.0,0.0,0.0,0.0,0.0,0.0,0.0,0.0,0.0,0.0,-0.16531436128410348,0.6794617503234406,1.0417924935048433,1.024122957586144,0.8552831337398032,0.8612333020905254,0.574904284127939,0.5161613630447022,0.7817576572852829,1.473304518360365,1.2724230844360136,1.2800190929336281,1.2847025892457964,-1.4210854715202004e-14,-2.842170943040401e-14,-2.842170943040401e-14,-2.842170943040401e-14,-2.842170943040401e-14,-2.842170943040401e-14,-2.842170943040401e-14,-2.842170943040401e-14,-2.842170943040401e-14,-2.842170943040401e-14,-2.842170943040401e-14,-1.4210854715202004e-14,-2.842170943040401e-14,-2.842170943040401e-14,-2.842170943040401e-14,-2.842170943040401e-14,-2.842170943040401e-14,0.0,-2.842170943040401e-14,-1.4210854715202004e-14,-1.4210854715202004e-14,-4.263256414560601e-14,-2.842170943040401e-14,-2.842170943040401e-14,0.01080147085313854,0.17559340509527033,0.5902532157307689,0.9365721028227938,2.0565889560031536,2.0872908391409197,1.5906339279464419,1.4780306444159237,2.15346937918018,2.159050205786059,2.147472809651987,-2.842170943040401e-14,-2.842170943040401e-14,-2.842170943040401e-14,-2.842170943040401e-14,-2.842170943040401e-14,-2.842170943040401e-14,-2.842170943040401e-14,-2.842170943040401e-14,-2.842170943040401e-14,0.0,-1.737992914843801,-1.2766972168561352,-1.0034182027293639,-0.6792922604260525,-0.363246421266048,-0.3632710648037829,0.31444871960043486,0.5181360243377782,0.017508772559054364,0.11152109194952686,-0.1658676407413111,-1.0375849084833675,-1.158303490680268,-1.2517685485748444,1.4519806605073313,1.7914238189784015,1.8150230265526233,0.5194702337202841,0.38493370954849127,0.39537728516027926,0.7115373973906287,0.8077341196664349,-0.43018278390191256,-1.072347276520361,-1.6419140235867928,-4.216667010578192,-2.842170943040401e-14,-2.842170943040401e-14,-0.35561076087464016,-0.3179830319849941,-0.3572239243097215,-0.8329263682422976,-1.3029831354313899,-1.2304392627096377,-1.1126574175631703,-0.16907913132105534,-0.42721151081144626,-0.03723773921242923,-0.0853509152139651,0.43670713376640435,0.6276210248331893,0.8546727267243739,1.1938661457290607,1.388000463917919,1.4981923888154398,0.0,-1.4210854715202004e-14,0.0,0.0,0.0,0.0,-1.4210854715202004e-14,-1.4210854715202004e-14,-0.16267101588768185,-0.14145677503059062,0.0,-1.616547427934833,-1.9280858422241423,-1.117727934762648,-0.5939693990035977,-0.275086381055921,-0.46074356975693576,-0.8493661209421788,0.0,0.0,0.0,0.0,0.0,0.0,0.0,0.0,0.0,0.0,0.0,0.0,0.0,0.0,0.0,0.0,-0.2869935082224231,0.0,0.0,-0.23849762297424704,-0.7459638105351729,-0.741875507254143,-0.7502026601552672,-2.278016176736436,-1.9286533548829823,-1.9364474325531162,0.5142222258613245,0.5639630215602338,0.5473669028017305,1.5297365748964182,1.530349270130536,0.0,0.0,0.0,0.0,0.0,0.0,0.0,0.0,0.0,0.0,0.0,0.0,0.0,0.0,0.0,0.0,0.0,0.0,0.0,0.0,0.0,0.0,0.0,0.0,0.0,0.0
13,0.0,0.0,0.0,0.0,0.0,0.0,0.0,0.0,0.0,0.0,0.0,0.0,0.0,0.0,0.0,0.0,0.0,0.0,0.0,0.0,0.0,0.0,1.4210854715202004e-14,1.4210854715202004e-14,-0.16531436128408927,0.6794617503234548,1.0417924935048575,1.0241229575861581,0.8552831337398175,0.8612333020905396,0.574904284127939,0.5161613630447022,0.7817576572852829,1.473304518360365,1.2724230844360278,1.2800190929336424,1.2847025892457822,0.0,-1.4210854715202004e-14,-1.4210854715202004e-14,-1.4210854715202004e-14,-1.4210854715202004e-14,-1.4210854715202004e-14,-1.4210854715202004e-14,-1.4210854715202004e-14,-1.4210854715202004e-14,-1.4210854715202004e-14,-1.4210854715202004e-14,0.0,-1.4210854715202004e-14,-1.4210854715202004e-14,-1.4210854715202004e-14,-1.4210854715202004e-14,-1.4210854715202004e-14,0.0,-1.4210854715202004e-14,0.0,0.0,-2.842170943040401e-14,-2.842170943040401e-14,-2.842170943040401e-14,0.01080147085315275,0.17559340509529875,0.5902532157307974,0.9365721028228222,2.056588956003182,2.087290839140948,1.5906339279464703,1.478030644415952,2.1534693791802084,2.1590502057860874,2.1474728096520153,-1.4210854715202004e-14,-1.4210854715202004e-14,-1.4210854715202004e-14,-1.4210854715202004e-14,0.0,0.0,-1.4210854715202004e-14,-1.4210854715202004e-14,-1.4210854715202004e-14,0.0,-1.737992914843801,-1.2766972168561352,-1.0034182027293639,-0.6792922604260596,-0.3632464212660551,-0.3632710648037829,0.31444871960043486,0.5181360243377782,0.017508772559054364,0.11152109194952686,-0.1658676407413111,-1.0375849084833675,-1.158303490680268,-1.2517685485748444,1.4519806605073597,1.79142381897843,1.8150230265526517,0.5194702337202983,0.3849337095485055,0.39537728516029347,0.7115373973906429,0.8077341196664491,-0.43018278390189835,-1.0723472765203468,-1.6419140235867786,-4.216667010578163,-1.4210854715202004e-14,-1.4210854715202004e-14,-0.35561076087464727,-0.3179830319849941,-0.3572239243097286,-0.8329263682422976,-1.3029831354313899,-1.2304392627096377,-1.1126574175631703,-0.16907913132105534,-0.42721151081143205,-0.03723773921241502,-0.08535091521395088,0.43670713376640435,0.6276210248331893,0.8546727267243739,1.1938661457290607,1.388000463917919,1.4981923888154398,1.4210854715202004e-14,0.0,1.4210854715202004e-14,1.4210854715202004e-14,1.4210854715202004e-14,1.4210854715202004e-14,-7.105427357601002e-15,0.0,-0.16267101588768895,-0.14145677503060483,0.0,-1.616547427934833,-1.9280858422241423,-1.117727934762648,-0.5939693990035977,-0.275086381055921,-0.46074356975693576,-0.8493661209421788,0.0,0.0,0.0,0.0,0.0,0.0,0.0,0.0,0.0,0.0,0.0,0.0,0.0,0.0,0.0,0.0,-0.28699350822241954,0.0,0.0,-0.23849762297424704,-0.7459638105351729,-0.741875507254143,-0.7502026601552743,-2.2780161767364433,-1.9286533548829894,-1.9364474325531233,0.5142222258613174,0.5639630215602267,0.5473669028017305,1.5297365748964182,1.530349270130536,0.0,0.0,0.0,0.0,0.0,0.0,0.0,0.0,0.0,0.0,0.0,0.0,0.0,0.0,0.0,0.0,0.0,0.0,0.0,0.0,0.0,0.0,0.0,0.0,0.0,0.0
14,0.0,0.0,0.0,0.0,0.0,0.0,0.0,0.0,0.0,0.0,0.0,0.0,0.0,0.0,0.0,0.0,0.0,0.0,0.0,0.0,0.0,0.0,0.0,0.0,-0.16531436128410348,0.6794617503234406,1.0417924935048433,1.024122957586144,0.8552831337398032,0.8612333020905254,0.574904284127939,0.5161613630447022,0.7817576572852829,1.473304518360365,1.2724230844360278,1.2800190929336424,1.2847025892457822,-7.105427357601002e-15,-7.105427357601002e-15,0.0,0.0,0.0,0.0,0.0,0.0,0.0,0.0,0.0,1.4210854715202004e-14,0.0,0.0,0.0,0.0,0.0,1.4210854715202004e-14,0.0,1.4210854715202004e-14,1.4210854715202004e-14,0.0,0.0,0.0,0.01080147085313854,0.17559340509527033,0.5902532157307689,0.9365721028227938,2.0565889560031536,2.0872908391409197,1.5906339279464419,1.4780306444159237,2.15346937918018,2.159050205786059,2.147472809651987,0.0,0.0,0.0,0.0,0.0,0.0,0.0,0.0,0.0,0.0,-1.7379929148438045,-1.2766972168561423,-1.003418202729371,-0.6792922604260667,-0.3632464212660622,-0.36327106480379,0.31444871960042065,0.518136024337764,0.017508772559040153,0.11152109194951265,-0.16586764074132532,-1.0375849084833817,-1.1583034906802823,-1.2517685485748586,1.4519806605073313,1.7914238189784015,1.8150230265526233,0.5194702337202841,0.38493370954849127,0.39537728516027926,0.7115373973906145,0.8077341196664207,-0.43018278390191256,-1.072347276520361,-1.6419140235867928,-4.216667010578192,0.0,0.0,-0.3556107608746544,-0.3179830319850012,-0.3572239243097357,-0.8329263682423047,-1.3029831354313899,-1.2304392627096377,-1.1126574175631703,-0.16907913132105534,-0.42721151081144626,-0.03723773921242923,-0.0853509152139651,0.43670713376639014,0.6276210248331751,0.8546727267243597,1.1938661457290465,1.3880004639179049,1.4981923888154256,7.105427357601002e-15,0.0,7.105427357601002e-15,1.4210854715202004e-14,1.4210854715202004e-14,1.4210854715202004e-14,-7.105427357601002e-15,-7.105427357601002e-15,-0.16267101588769606,-0.14145677503061194,0.0,-1.616547427934833,-1.9280858422241423,-1.117727934762648,-0.5939693990035977,-0.275086381055921,-0.46074356975693576,-0.8493661209421752,0.0,0.0,0.0,0.0,0.0,0.0,0.0,0.0,0.0,0.0,0.0,0.0,0.0,0.0,0.0,0.0,-0.28699350822241954,0.0,0.0,-0.23849762297424348,-0.7459638105351729,-0.741875507254143,-0.7502026601552672,-2.278016176736436,-1.9286533548829823,-1.9364474325531162,0.5142222258613245,0.5639630215602338,0.5473669028017341,1.5297365748964253,1.530349270130543,0.0,0.0,0.0,0.0,0.0,0.0,0.0,0.0,0.0,0.0,0.0,0.0,0.0,0.0,0.0,0.0,0.0,0.0,0.0,0.0,0.0,0.0,0.0,0.0,0.0,0.0
15,0.0,0.0,0.0,0.0,0.0,0.0,0.0,0.0,0.0,0.0,0.0,0.0,0.0,0.0,0.0,0.0,0.0,0.0,0.0,0.0,0.0,0.0,0.0,0.0,-0.16531436128410348,0.6794617503234406,1.0417924935048433,1.024122957586144,0.8552831337398032,0.8612333020905254,0.574904284127939,0.5161613630447022,0.7817576572852829,1.473304518360365,1.2724230844360278,1.2800190929336424,1.2847025892457822,-7.105427357601002e-15,-7.105427357601002e-15,-7.105427357601002e-15,0.0,0.0,0.0,0.0,0.0,0.0,0.0,0.0,1.4210854715202004e-14,0.0,0.0,0.0,0.0,0.0,1.4210854715202004e-14,0.0,1.4210854715202004e-14,1.4210854715202004e-14,-1.4210854715202004e-14,0.0,0.0,0.01080147085313854,0.17559340509528454,0.5902532157307832,0.936572102822808,2.056588956003168,2.087290839140934,1.590633927946456,1.478030644415938,2.153469379180194,2.159050205786073,2.147472809652001,0.0,0.0,0.0,0.0,0.0,0.0,0.0,0.0,0.0,0.0,-1.737992914843801,-1.2766972168561423,-1.003418202729371,-0.6792922604260667,-0.3632464212660622,-0.36327106480379,0.31444871960042775,0.518136024337764,0.017508772559040153,0.11152109194951265,-0.16586764074132532,-1.0375849084833817,-1.1583034906802823,-1.2517685485748586,1.4519806605073455,1.7914238189784157,1.8150230265526375,0.5194702337202841,0.38493370954849127,0.39537728516027926,0.7115373973906287,0.8077341196664349,-0.43018278390191256,-1.072347276520361,-1.6419140235867928,-4.216667010578178,0.0,0.0,-0.3556107608746544,-0.3179830319850012,-0.3572239243097357,-0.8329263682423047,-1.3029831354313899,-1.2304392627096306,-1.1126574175631632,-0.16907913132104113,-0.42721151081144626,-0.03723773921242923,-0.0853509152139651,0.43670713376639014,0.6276210248331822,0.8546727267243668,1.1938661457290465,1.3880004639179049,1.4981923888154256,7.105427357601002e-15,0.0,7.105427357601002e-15,0.0,0.0,0.0,-7.105427357601002e-15,-7.105427357601002e-15,-0.16267101588769606,-0.14145677503061194,0.0,-1.616547427934833,-1.9280858422241458,-1.1177279347626552,-0.5939693990036048,-0.275086381055921,-0.46074356975693576,-0.8493661209421752,0.0,0.0,0.0,0.0,0.0,0.0,0.0,0.0,0.0,0.0,0.0,0.0,0.0,0.0,0.0,0.0,-0.28699350822241954,0.0,0.0,-0.23849762297424348,-0.7459638105351729,-0.741875507254143,-0.7502026601552743,-2.2780161767364433,-1.9286533548829965,-1.9364474325531233,0.5142222258613174,0.5639630215602267,0.5473669028017341,1.5297365748964253,1.530349270130543,0.0,0.0,0.0,0.0,0.0,0.0,0.0,0.0,0.0,0.0,0.0,0.0,0.0,0.0,0.0,0.0,0.0,0.0,0.0,0.0,0.0,0.0,0.0,0.0,0.0,0.0
16,0.0,0.0,0.0,0.0,0.0,0.0,0.0,0.0,0.0,0.0,0.0,0.0,0.0,0.0,0.0,0.0,0.0,0.0,0.0,0.0,0.0,0.0,0.0,0.0,-0.16531436128410348,0.6794617503234406,1.0417924935048433,1.024122957586144,0.8552831337398032,0.8612333020905254,0.574904284127939,0.5161613630447022,0.7817576572852829,1.473304518360365,1.2724230844360278,1.2800190929336424,1.2847025892457822,-7.105427357601002e-15,-7.105427357601002e-15,-7.105427357601002e-15,-7.105427357601002e-15,-1.4210854715202004e-14,-1.4210854715202004e-14,-1.4210854715202004e-14,-1.4210854715202004e-14,-1.4210854715202004e-14,-1.4210854715202004e-14,-1.4210854715202004e-14,0.0,-1.4210854715202004e-14,-1.4210854715202004e-14,-1.4210854715202004e-14,-1.4210854715202004e-14,-1.4210854715202004e-14,0.0,-1.4210854715202004e-14,0.0,0.0,-1.4210854715202004e-14,0.0,0.0,0.01080147085313854,0.17559340509527743,0.5902532157307689,0.9365721028227938,2.0565889560031536,2.0872908391409197,1.5906339279464419,1.4780306444159237,2.15346937918018,2.159050205786059,2.147472809651987,-1.4210854715202004e-14,-1.4210854715202004e-14,-1.4210854715202004e-14,-1.4210854715202004e-14,-2.842170943040401e-14,-2.842170943040401e-14,-1.4210854715202004e-14,-1.4210854715202004e-14,-1.4210854715202004e-14,0.0,-1.737992914843801,-1.2766972168561388,-1.0034182027293674,-0.6792922604260596,-0.3632464212660551,-0.3632710648037829,0.31444871960043486,0.5181360243377782,0.01750877255904726,0.11152109194952686,-0.1658676407413111,-1.0375849084833675,-1.158303490680268,-1.2517685485748444,1.4519806605073455,1.7914238189784157,1.8150230265526375,0.5194702337202841,0.38493370954849127,0.39537728516027926,0.7115373973906287,0.8077341196664349,-0.43018278390191256,-1.0723472765203539,-1.6419140235867857,-4.216667010578163,0.0,0.0,-0.35561076087464727,-0.3179830319849941,-0.3572239243097286,-0.8329263682422976,-1.3029831354313828,-1.2304392627096234,-1.112657417563149,-0.16907913132104113,-0.42721151081145337,-0.037237739212443444,-0.08535091521398641,0.43670713376639725,0.6276210248331893,0.8546727267243739,1.1938661457290607,1.388000463917912,1.4981923888154327,7.105427357601002e-15,0.0,7.105427357601002e-15,0.0,0.0,0.0,-7.105427357601002e-15,-7.105427357601002e-15,-0.16267101588768895,-0.14145677503060483,0.0,-1.616547427934833,-1.9280858422241423,-1.117727934762648,-0.5939693990035977,-0.275086381055921,-0.46074356975693576,-0.8493661209421752,0.0,0.0,0.0,0.0,0.0,0.0,0.0,0.0,0.0,0.0,0.0,0.0,0.0,0.0,0.0,0.0,-0.28699350822241954,0.0,0.0,-0.23849762297424348,-0.7459638105351729,-0.741875507254143,-0.7502026601552743,-2.2780161767364575,-1.9286533548829965,-1.9364474325531233,0.5142222258613174,0.5639630215602267,0.5473669028017341,1.5297365748964253,1.530349270130543,0.0,0.0,0.0,0.0,0.0,0.0,0.0,0.0,0.0,0.0,0.0,0.0,0.0,0.0,0.0,0.0,0.0,0.0,0.0,0.0,0.0,0.0,0.0,0.0,0.0,0.0
17,0.0,0.0,0.0,0.0,0.0,0.0,0.0,0.0,0.0,0.0,0.0,0.0,0.0,0.0,0.0,0.0,0.0,0.0,0.0,-2.6645352591003757e-15,-1.7763568394002505e-15,-1.7763568394002505e-15,3.552713678800501e-15,0.0,-0.16531436128410348,0.6794617503234406,1.0417924935048575,1.0241229575861723,0.8552831337398388,0.861233302090568,0.5749042841279746,0.5161613630447377,0.7817576572853255,1.4733045183604077,1.2724230844360704,1.280019092933685,1.2847025892458248,-5.329070518200751e-15,-7.105427357601002e-15,0.0,-3.552713678800501e-15,-7.105427357601002e-15,0.0,0.0,0.0,0.0,0.0,0.0,7.105427357601002e-15,0.0,0.0,0.0,0.0,0.0,1.4210854715202004e-14,0.0,7.105427357601002e-15,7.105427357601002e-15,-7.105427357601002e-15,0.0,0.0,0.010801470853134987,0.17559340509527743,0.5902532157307618,0.9365721028227938,2.0565889560031394,2.0872908391408984,1.5906339279464063,1.478030644415881,2.153469379180166,2.159050205786052,2.1474728096519726,-7.105427357601002e-15,0.0,-7.105427357601002e-15,-7.105427357601002e-15,-7.105427357601002e-15,-1.4210854715202004e-14,-7.105427357601002e-15,0.0,-7.105427357601002e-15,0.0,-1.737992914843801,-1.2766972168561352,-1.0034182027293639,-0.6792922604260596,-0.3632464212660551,-0.3632710648037829,0.31444871960043486,0.5181360243377782,0.017508772559054364,0.11152109194952686,-0.1658676407413111,-1.0375849084833675,-1.158303490680268,-1.2517685485748444,1.4519806605073384,1.7914238189784015,1.8150230265526233,0.5194702337202912,0.38493370954849127,0.39537728516027926,0.7115373973906287,0.8077341196664349,-0.4301827839019161,-1.0723472765203574,-1.6419140235867857,-4.216667010578178,-7.105427357601002e-15,-7.105427357601002e-15,-0.3556107608746544,-0.3179830319849941,-0.3572239243097215,-0.8329263682422976,-1.3029831354313899,-1.2304392627096377,-1.1126574175631703,-0.16907913132105534,-0.42721151081145337,-0.037237739212443444,-0.08535091521398641,0.43670713376640435,0.6276210248331893,0.8546727267243739,1.1938661457290607,1.388000463917919,1.4981923888154398,7.105427357601002e-15,0.0,7.105427357601002e-15,0.0,0.0,0.0,-5.329070518200751e-15,-7.105427357601002e-15,-0.16267101588768185,-0.14145677503059062,0.0,-1.616547427934833,-1.9280858422241423,-1.117727934762648,-0.5939693990035977,-0.275086381055921,-0.46074356975693576,-0.8493661209421788,0.0,0.0,0.0,0.0,0.0,0.0,0.0,0.0,0.0,0.0,0.0,0.0,0.0,0.0,0.0,0.0,-0.286993508222416,0.0,0.0,-0.2384976229742506,-0.7459638105351871,-0.7418755072541501,-0.7502026601552672,-2.278016176736429,-1.928653354882968,-1.936447432553095,0.5142222258613316,0.5639630215602409,0.547366902801727,1.5297365748964182,1.5303492701305288,0.0,0.0,0.0,0.0,0.0,0.0,0.0,0.0,0.0,0.0,0.0,0.0,0.0,0.0,0.0,0.0,0.0,0.0,0.0,0.0,0.0,0.0,0.0,0.0,0.0,0.0
18,0.0,0.0,0.0,0.0,0.0,0.0,0.0,0.0,0.0,0.0,0.0,0.0,0.0,0.0,0.0,0.0,0.0,0.0,0.0,-2.6645352591003757e-15,-3.552713678800501e-15,-3.552713678800501e-15,1.7763568394002505e-15,3.552713678800501e-15,-0.16531436128409993,0.6794617503234477,1.0417924935048646,1.0241229575861794,0.8552831337398459,0.8612333020905751,0.5749042841279817,0.5161613630447448,0.7817576572853326,1.4733045183604219,1.2724230844360847,1.2800190929336992,1.284702589245839,-7.105427357601002e-15,-7.105427357601002e-15,0.0,-3.552713678800501e-15,0.0,0.0,0.0,0.0,0.0,0.0,0.0,7.105427357601002e-15,7.105427357601002e-15,1.4210854715202004e-14,1.4210854715202004e-14,1.4210854715202004e-14,1.4210854715202004e-14,2.842170943040401e-14,0.0,7.105427357601002e-15,7.105427357601002e-15,0.0,7.105427357601002e-15,7.105427357601002e-15,0.01080147085313854,0.17559340509527743,0.5902532157307618,0.9365721028227938,2.0565889560031394,2.0872908391408984,1.5906339279464063,1.478030644415881,2.153469379180166,2.159050205786052,2.1474728096519726,0.0,7.105427357601002e-15,0.0,0.0,0.0,-7.105427357601002e-15,0.0,7.105427357601002e-15,0.0,0.0,-1.737992914843801,-1.2766972168561352,-1.0034182027293639,-0.6792922604260667,-0.3632464212660693,-0.3632710648037971,0.31444871960042065,0.518136024337764,0.017508772559040153,0.11152109194951265,-0.16586764074132532,-1.0375849084833817,-1.1583034906802823,-1.2517685485748586,1.4519806605073455,1.7914238189784086,1.8150230265526233,0.5194702337202983,0.38493370954849837,0.39537728516028636,0.7115373973906145,0.8077341196664207,-0.430182783901909,-1.0723472765203503,-1.6419140235867822,-4.216667010578178,0.0,0.0,-0.3556107608746686,-0.3179830319850083,-0.3572239243097357,-0.8329263682423118,-1.302983135431404,-1.2304392627096519,-1.1126574175631845,-0.16907913132106955,-0.42721151081144626,-0.03723773921243634,-0.08535091521397575,0.43670713376639014,0.6276210248331751,0.8546727267243597,1.1938661457290465,1.3880004639179049,1.4981923888154256,1.7763568394002505e-15,-3.552713678800501e-15,3.552713678800501e-15,-3.552713678800501e-15,-3.552713678800501e-15,-3.552713678800501e-15,-7.105427357601002e-15,-7.105427357601002e-15,-0.16267101588769606,-0.14145677503060483,0.0,-1.616547427934833,-1.9280858422241423,-1.117727934762648,-0.5939693990035906,-0.275086381055921,-0.46074356975693576,-0.8493661209421788,0.0,0.0,0.0,0.0,0.0,0.0,0.0,0.0,0.0,0.0,0.0,0.0,0.0,0.0,0.0,0.0,-0.286993508222416,0.0,0.0,-0.2384976229742506,-0.7459638105351871,-0.7418755072541501,-0.7502026601552672,-2.278016176736429,-1.928653354882968,-1.936447432553095,0.5142222258613316,0.5639630215602409,0.547366902801727,1.5297365748964182,1.5303492701305288,0.0,0.0,0.0,0.0,0.0,0.0,0.0,0.0,0.0,0.0,0.0,0.0,0.0,0.0,0.0,0.0,0.0,0.0,0.0,0.0,0.0,0.0,0.0,0.0,0.0,0.0
19,0.0,0.0,0.0,0.0,0.0,0.0,0.0,0.0,0.0,0.0,-1.4210854715202004e-14,-1.4210854715202004e-14,-1.4210854715202004e-14,-1.4210854715202004e-14,-1.4210854715202004e-14,-1.4210854715202004e-14,-7.105427357601002e-15,-2.6645352591003757e-15,-2.6645352591003757e-15,0.0,0.0,0.0,7.105427357601002e-15,7.105427357601002e-15,-0.16531436128409638,0.6794617503234512,1.0417924935048646,1.0241229575861794,0.8552831337398459,0.8612333020905751,0.5749042841279817,0.5161613630447448,0.7817576572853326,1.4733045183604219,1.2724230844360847,1.2800190929336992,1.284702589245839,-5.329070518200751e-15,-7.105427357601002e-15,0.0,-3.552713678800501e-15,0.0,0.0,0.0,0.0,0.0,0.0,0.0,7.105427357601002e-15,7.105427357601002e-15,1.4210854715202004e-14,1.4210854715202004e-14,1.4210854715202004e-14,1.4210854715202004e-14,2.842170943040401e-14,0.0,7.105427357601002e-15,7.105427357601002e-15,0.0,7.105427357601002e-15,7.105427357601002e-15,0.010801470853142092,0.17559340509528099,0.5902532157307654,0.9365721028227938,2.0565889560031394,2.0872908391408984,1.5906339279464063,1.478030644415881,2.153469379180166,2.159050205786052,2.1474728096519726,0.0,7.105427357601002e-15,0.0,0.0,0.0,-7.105427357601002e-15,0.0,7.105427357601002e-15,0.0,-7.105427357601002e-15,-1.737992914843801,-1.2766972168561352,-1.0034182027293639,-0.6792922604260667,-0.3632464212660693,-0.3632710648037971,0.31444871960042065,0.518136024337764,0.017508772559040153,0.11152109194951265,-0.16586764074132532,-1.0375849084833817,-1.1583034906802823,-1.2517685485748586,1.4519806605073455,1.7914238189784086,1.8150230265526304,0.5194702337202983,0.38493370954849837,0.39537728516028636,0.7115373973906145,0.8077341196664207,-0.430182783901909,-1.0723472765203503,-1.6419140235867822,-4.2166670105781705,0.0,0.0,-0.3556107608746686,-0.3179830319850083,-0.3572239243097357,-0.8329263682423118,-1.302983135431404,-1.2304392627096519,-1.1126574175631845,-0.16907913132106955,-0.42721151081144626,-0.03723773921243634,-0.08535091521397575,0.43670713376639014,0.6276210248331751,0.8546727267243597,1.1938661457290465,1.3880004639179049,1.4981923888154256,3.552713678800501e-15,-1.7763568394002505e-15,3.552713678800501e-15,-1.7763568394002505e-15,-3.552713678800501e-15,-3.552713678800501e-15,-5.329070518200751e-15,-5.329070518200751e-15,-0.16267101588769606,-0.14145677503060483,-1.7763568394002505e-15,-1.616547427934833,-1.9280858422241423,-1.117727934762648,-0.5939693990035835,-0.2750863810559281,-0.46074356975694286,-0.8493661209421859,-7.105427357601002e-15,-7.105427357601002e-15,-7.105427357601002e-15,-7.105427357601002e-15,-1.4210854715202004e-14,-1.4210854715202004e-14,-1.4210854715202004e-14,-1.4210854715202004e-14,-1.4210854715202004e-14,-1.4210854715202004e-14,-1.4210854715202004e-14,-1.4210854715202004e-14,-1.4210854715202004e-14,-1.4210854715202004e-14,-1.4210854715202004e-14,-1.4210854715202004e-14,-0.2869935082224302,-1.4210854715202004e-14,-1.4210854715202004e-14,-0.2384976229742648,-0.7459638105352013,-0.7418755072541643,-0.7502026601552814,-2.2780161767364433,-1.9286533548829823,-1.9364474325531091,0.5142222258613174,0.5639630215602267,0.5473669028017127,1.529736574896404,1.5303492701305146,-1.4210854715202004e-14,-1.4210854715202004e-14,-1.4210854715202004e-14,0.0,0.0,0.0,-1.4210854715202004e-14,-1.4210854715202004e-14,-1.4210854715202004e-14,-1.4210854715202004e-14,-1.4210854715202004e-14,-1.4210854715202004e-14,-1.4210854715202004e-14,-1.4210854715202004e-14,-1.4210854715202004e-14,-1.4210854715202004e-14,0.0,-1.4210854715202004e-14,-1.4210854715202004e-14,-1.4210854715202004e-14,-1.4210854715202004e-14,-1.4210854715202004e-14,-1.4210854715202004e-14,-1.4210854715202004e-14,-1.4210854715202004e-14,0.0
20,0.0,0.0,0.0,0.0,0.0,0.0,0.0,0.0,0.0,0.0,0.0,0.0,0.0,0.0,0.0,0.0,-7.105427357601002e-15,-3.552713678800501e-15,-3.552713678800501e-15,0.0,0.0,0.0,6.217248937900877e-15,7.105427357601002e-15,-0.16531436128409638,0.6794617503234512,1.0417924935048681,1.0241229575861794,0.8552831337398459,0.8612333020905751,0.5749042841279817,0.5161613630447448,0.7817576572853326,1.4733045183604219,1.2724230844360775,1.280019092933685,1.2847025892458248,-4.440892098500626e-15,-5.329070518200751e-15,0.0,-3.552713678800501e-15,-3.552713678800501e-15,0.0,0.0,0.0,0.0,0.0,0.0,7.105427357601002e-15,7.105427357601002e-15,7.105427357601002e-15,7.105427357601002e-15,0.0,0.0,1.4210854715202004e-14,0.0,7.105427357601002e-15,7.105427357601002e-15,0.0,7.105427357601002e-15,7.105427357601002e-15,0.010801470853142092,0.17559340509527743,0.5902532157307618,0.9365721028227902,2.0565889560031394,2.0872908391408984,1.5906339279464063,1.478030644415881,2.153469379180166,2.159050205786052,2.1474728096519726,-3.552713678800501e-15,-3.552713678800501e-15,-7.105427357601002e-15,-7.105427357601002e-15,-7.105427357601002e-15,-1.4210854715202004e-14,-3.552713678800501e-15,0.0,-7.105427357601002e-15,-7.105427357601002e-15,-1.7379929148438151,-1.2766972168561495,-1.0034182027293639,-0.6792922604260525,-0.3632464212660551,-0.3632710648037829,0.31444871960043486,0.5181360243377782,0.017508772559054364,0.11152109194952686,-0.1658676407413111,-1.0375849084833675,-1.158303490680268,-1.2517685485748444,1.4519806605073455,1.7914238189784157,1.8150230265526375,0.5194702337203019,0.3849337095485055,0.39537728516029347,0.7115373973906287,0.8077341196664349,-0.43018278390190545,-1.0723472765203468,-1.6419140235867786,-4.216667010578174,0.0,-3.552713678800501e-15,-0.3556107608746544,-0.3179830319849941,-0.3572239243097215,-0.8329263682422976,-1.3029831354313899,-1.2304392627096377,-1.1126574175631703,-0.16907913132105534,-0.42721151081144626,-0.03723773921243634,-0.08535091521397575,0.43670713376640435,0.6276210248331893,0.8546727267243739,1.1938661457290607,1.388000463917919,1.4981923888154398,5.329070518200751e-15,0.0,5.329070518200751e-15,0.0,0.0,0.0,-4.440892098500626e-15,-3.552713678800501e-15,-0.16267101588768185,-0.14145677503059062,-3.552713678800501e-15,-1.6165474279348473,-1.9280858422241565,-1.1177279347626552,-0.5939693990035977,-0.2750863810559281,-0.46074356975694286,-0.8493661209421859,-7.105427357601002e-15,-7.105427357601002e-15,-7.105427357601002e-15,-7.105427357601002e-15,0.0,0.0,0.0,0.0,0.0,0.0,0.0,0.0,0.0,0.0,0.0,0.0,-0.2869935082224231,0.0,0.0,-0.2384976229742506,-0.7459638105351871,-0.7418755072541643,-0.7502026601552814,-2.2780161767364433,-1.9286533548829823,-1.9364474325531091,0.5142222258613174,0.5639630215602267,0.547366902801727,1.5297365748964182,1.5303492701305288,0.0,0.0,0.0,0.0,0.0,0.0,0.0,0.0,0.0,0.0,0.0,0.0,0.0,0.0,0.0,0.0,0.0,0.0,0.0,0.0,0.0,0.0,0.0,0.0,0.0,0.0
21,0.0,0.0,0.0,0.0,0.0,0.0,0.0,0.0,0.0,0.0,0.0,0.0,0.0,0.0,0.0,0.0,0.0,-1.7763568394002505e-15,-1.7763568394002505e-15,0.0,0.0,0.0,6.106226635438361e-15,6.217248937900877e-15,-0.16531436128409638,0.6794617503234512,1.0417924935048646,1.0241229575861794,0.8552831337398423,0.861233302090568,0.5749042841279746,0.5161613630447448,0.7817576572853326,1.4733045183604219,1.2724230844360775,1.280019092933685,1.284702589245839,-5.329070518200751e-15,-7.105427357601002e-15,0.0,-3.552713678800501e-15,-7.105427357601002e-15,-1.4210854715202004e-14,-1.4210854715202004e-14,-1.4210854715202004e-14,-1.4210854715202004e-14,-1.4210854715202004e-14,-1.4210854715202004e-14,-7.105427357601002e-15,-7.105427357601002e-15,0.0,0.0,0.0,0.0,1.4210854715202004e-14,-1.4210854715202004e-14,-7.105427357601002e-15,-7.105427357601002e-15,-7.105427357601002e-15,0.0,0.0,0.010801470853140316,0.17559340509527743,0.5902532157307618,0.9365721028227902,2.056588956003136,2.0872908391408984,1.5906339279464063,1.478030644415881,2.153469379180166,2.159050205786052,2.1474728096519726,-7.105427357601002e-15,0.0,-7.105427357601002e-15,-7.105427357601002e-15,-7.105427357601002e-15,-1.4210854715202004e-14,-7.105427357601002e-15,0.0,-7.105427357601002e-15,0.0,-1.737992914843801,-1.2766972168561495,-1.003418202729378,-0.6792922604260667,-0.3632464212660693,-0.3632710648037971,0.31444871960042065,0.518136024337764,0.017508772559040153,0.11152109194951265,-0.16586764074132532,-1.0375849084833817,-1.1583034906802823,-1.2517685485748586,1.4519806605073455,1.7914238189784122,1.8150230265526375,0.5194702337203019,0.3849337095485019,0.39537728516029347,0.7115373973906145,0.8077341196664207,-0.43018278390190723,-1.0723472765203486,-1.6419140235867786,-4.2166670105781705,-7.105427357601002e-15,-7.105427357601002e-15,-0.3556107608746686,-0.3179830319850083,-0.3572239243097357,-0.8329263682423118,-1.302983135431404,-1.2304392627096519,-1.1126574175631845,-0.16907913132106955,-0.42721151081144626,-0.03723773921243634,-0.08535091521397575,0.43670713376639014,0.6276210248331751,0.8546727267243597,1.1938661457290465,1.3880004639179049,1.4981923888154256,5.329070518200751e-15,0.0,5.329070518200751e-15,0.0,0.0,0.0,-5.329070518200751e-15,-5.329070518200751e-15,-0.16267101588769606,-0.14145677503060483,0.0,-1.616547427934833,-1.9280858422241351,-1.117727934762641,-0.5939693990035835,-0.275086381055921,-0.46074356975693576,-0.8493661209421788,0.0,0.0,0.0,0.0,0.0,0.0,0.0,0.0,0.0,0.0,0.0,0.0,0.0,0.0,0.0,0.0,-0.286993508222416,0.0,0.0,-0.2384976229742506,-0.7459638105351871,-0.7418755072541501,-0.7502026601552672,-2.278016176736429,-1.928653354882968,-1.936447432553095,0.5142222258613316,0.5639630215602409,0.547366902801727,1.5297365748964182,1.5303492701305288,0.0,0.0,0.0,0.0,0.0,0.0,0.0,0.0,0.0,0.0,0.0,0.0,0.0,0.0,0.0,0.0,0.0,0.0,0.0,0.0,0.0,0.0,0.0,0.0,0.0,0.0
22,0.0,0.0,0.0,0.0,0.0,0.0,0.0,0.0,0.0,0.0,0.0,0.0,0.0,0.0,0.0,0.0,7.105427357601002e-15,5.329070518200751e-15,5.329070518200751e-15,7.105427357601002e-15,6.217248937900877e-15,6.106226635438361e-15,0.0,0.0,-0.1653143612841017,0.6794617503234441,1.0417924935048575,1.0241229575861688,0.8552831337398317,0.8612333020905538,0.5749042841279604,0.5161613630447235,0.7817576572853113,1.4733045183603934,1.2724230844360491,1.2800190929336566,1.2847025892458106,1.7763568394002505e-15,0.0,7.105427357601002e-15,3.552713678800501e-15,7.105427357601002e-15,1.4210854715202004e-14,1.4210854715202004e-14,1.4210854715202004e-14,1.4210854715202004e-14,1.4210854715202004e-14,1.4210854715202004e-14,2.1316282072803006e-14,2.1316282072803006e-14,2.842170943040401e-14,2.842170943040401e-14,2.842170943040401e-14,2.842170943040401e-14,4.263256414560601e-14,1.4210854715202004e-14,2.1316282072803006e-14,2.1316282072803006e-14,7.105427357601002e-15,1.4210854715202004e-14,1.4210854715202004e-14,0.010801470853134987,0.17559340509527388,0.5902532157307583,0.9365721028227867,2.056588956003136,2.0872908391408984,1.5906339279464063,1.478030644415881,2.153469379180166,2.159050205786052,2.1474728096519726,7.105427357601002e-15,1.4210854715202004e-14,7.105427357601002e-15,7.105427357601002e-15,7.105427357601002e-15,0.0,7.105427357601002e-15,1.4210854715202004e-14,7.105427357601002e-15,7.105427357601002e-15,-1.7379929148437867,-1.2766972168561352,-1.0034182027293639,-0.6792922604260525,-0.3632464212660551,-0.3632710648037829,0.31444871960043486,0.5181360243377782,0.017508772559054364,0.11152109194952686,-0.1658676407413111,-1.0375849084833675,-1.158303490680268,-1.2517685485748444,1.451980660507342,1.7914238189784086,1.8150230265526304,0.5194702337202948,0.38493370954849837,0.3953772851602899,0.7115373973906287,0.8077341196664349,-0.43018278390191256,-1.0723472765203539,-1.641914023586784,-4.216667010578178,7.105427357601002e-15,7.105427357601002e-15,-0.3556107608746544,-0.3179830319849941,-0.3572239243097215,-0.8329263682422976,-1.3029831354313899,-1.2304392627096377,-1.1126574175631703,-0.16907913132105534,-0.42721151081145337,-0.037237739212446996,-0.08535091521398641,0.43670713376640435,0.6276210248331893,0.8546727267243739,1.1938661457290607,1.388000463917919,1.4981923888154398,1.2434497875801753e-14,7.105427357601002e-15,1.4210854715202004e-14,7.105427357601002e-15,7.105427357601002e-15,7.105427357601002e-15,1.7763568394002505e-15,1.7763568394002505e-15,-0.16267101588768185,-0.14145677503059062,3.552713678800501e-15,-1.6165474279348189,-1.928085842224121,-1.1177279347626268,-0.5939693990035693,-0.2750863810559139,-0.46074356975692865,-0.8493661209421717,7.105427357601002e-15,7.105427357601002e-15,7.105427357601002e-15,7.105427357601002e-15,0.0,0.0,0.0,0.0,0.0,0.0,0.0,0.0,0.0,0.0,0.0,0.0,-0.286993508222416,0.0,0.0,-0.2384976229742506,-0.7459638105351871,-0.7418755072541501,-0.7502026601552672,-2.278016176736429,-1.928653354882968,-1.936447432553095,0.5142222258613316,0.5639630215602409,0.547366902801727,1.5297365748964182,1.5303492701305288,0.0,0.0,0.0,0.0,0.0,0.0,0.0,0.0,0.0,0.0,0.0,0.0,0.0,0.0,0.0,0.0,0.0,0.0,0.0,0.0,0.0,0.0,0.0,0.0,0.0,0.0
23,0.0,0.0,0.0,0.0,0.0,0.0,0.0,0.0,0.0,0.0,0.0,0.0,0.0,0.0,0.0,0.0,0.0,3.552713678800501e-15,3.552713678800501e-15,7.105427357601002e-15,7.105427357601002e-15,6.217248937900877e-15,0.0,0.0,-0.1653143612841026,0.6794617503234441,1.0417924935048575,1.0241229575861723,0.8552831337398352,0.8612333020905609,0.5749042841279675,0.5161613630447377,0.7817576572853255,1.4733045183604077,1.2724230844360633,1.2800190929336708,1.2847025892458248,3.552713678800501e-15,3.552713678800501e-15,1.0658141036401503e-14,7.105427357601002e-15,7.105427357601002e-15,1.4210854715202004e-14,1.4210854715202004e-14,1.4210854715202004e-14,1.4210854715202004e-14,1.4210854715202004e-14,1.4210854715202004e-14,2.842170943040401e-14,1.4210854715202004e-14,1.4210854715202004e-14,1.4210854715202004e-14,1.4210854715202004e-14,1.4210854715202004e-14,2.842170943040401e-14,1.4210854715202004e-14,2.1316282072803006e-14,2.1316282072803006e-14,7.105427357601002e-15,1.4210854715202004e-14,1.4210854715202004e-14,0.010801470853134987,0.1755934050952721,0.5902532157307565,0.9365721028227849,2.0565889560031323,2.087290839140895,1.5906339279464063,1.478030644415881,2.1534693791801587,2.1590502057860412,2.147472809651962,7.105427357601002e-15,1.4210854715202004e-14,7.105427357601002e-15,7.105427357601002e-15,7.105427357601002e-15,0.0,7.105427357601002e-15,1.4210854715202004e-14,7.105427357601002e-15,0.0,-1.737992914843801,-1.2766972168561495,-1.003418202729378,-0.6792922604260667,-0.3632464212660693,-0.3632710648037971,0.31444871960042065,0.518136024337764,0.017508772559040153,0.11152109194951265,-0.16586764074132532,-1.0375849084833817,-1.1583034906802823,-1.2517685485748586,1.4519806605073384,1.791423818978405,1.8150230265526268,0.5194702337202948,0.3849337095484948,0.39537728516028636,0.7115373973906145,0.8077341196664207,-0.43018278390191345,-1.0723472765203557,-1.6419140235867857,-4.216667010578178,7.105427357601002e-15,7.105427357601002e-15,-0.3556107608746686,-0.3179830319850083,-0.3572239243097357,-0.8329263682423118,-1.302983135431404,-1.2304392627096519,-1.1126574175631845,-0.16907913132106955,-0.42721151081145337,-0.03723773921244522,-0.08535091521398463,0.43670713376639014,0.6276210248331751,0.8546727267243597,1.1938661457290465,1.3880004639179049,1.4981923888154256,1.0658141036401503e-14,3.552713678800501e-15,1.0658141036401503e-14,3.552713678800501e-15,3.552713678800501e-15,3.552713678800501e-15,3.552713678800501e-15,3.552713678800501e-15,-0.16267101588769606,-0.14145677503060483,0.0,-1.616547427934833,-1.9280858422241351,-1.117727934762641,-0.5939693990035835,-0.2750863810559139,-0.46074356975692865,-0.8493661209421646,0.0,0.0,0.0,0.0,0.0,0.0,0.0,0.0,0.0,0.0,0.0,0.0,0.0,0.0,0.0,0.0,-0.2869935082224231,0.0,0.0,-0.2384976229742506,-0.7459638105351871,-0.7418755072541501,-0.7502026601552672,-2.278016176736429,-1.928653354882968,-1.936447432553095,0.5142222258613316,0.5639630215602409,0.547366902801727,1.5297365748964182,1.5303492701305288,0.0,0.0,0.0,0.0,0.0,0.0,0.0,0.0,0.0,0.0,0.0,0.0,0.0,0.0,0.0,0.0,0.0,0.0,0.0,0.0,0.0,0.0,0.0,0.0,0.0,0.0
24,-0.16531436128408927,-0.16531436128408927,-0.16531436128408927,-0.16531436128408927,-0.16531436128408927,-0.16531436128408927,-0.16531436128408927,-0.16531436128408927,-0.16531436128408927,-0.16531436128408927,-0.16531436128408927,-0.16531436128408927,-0.16531436128408927,-0.16531436128408927,-0.16531436128410348,-0.16531436128410348,-0.16531436128410348,-0.16531436128409993,-0.16531436128409993,-0.16531436128409638,-0.16531436128409638,-0.16531436128409638,-0.1653143612841017,-0.1653143612841026,0.0,0.8447761116075467,1.2071068547889592,1.1894373188702723,1.0205974950239352,1.0265476633746644,0.7402186454120709,0.6814757243288376,0.9470720185694219,1.6386188796445111,1.4377374457201668,1.4453334542177743,1.4500169505299283,-0.16531436128409993,-0.16531436128409993,-0.16531436128409638,-0.16531436128410348,-0.16531436128410348,-0.16531436128410348,-0.16531436128410348,-0.16531436128410348,-0.16531436128410348,-0.16531436128410348,-0.16531436128410348,-0.16531436128408927,-0.16531436128410348,-0.16531436128410348,-0.16531436128410348,-0.16531436128410348,-0.16531436128410348,-0.16531436128408927,-0.16531436128410348,-0.16531436128408927,-0.16531436128408927,-0.16531436128410348,-0.16531436128409638,-0.16531436128408927,-0.1545128904309685,0.010279043811170396,0.4249388544466548,0.7712577415386832,1.8912745947190288,1.9219764778567878,1.4253195666622958,1.3127162831317705,1.9881550178960552,1.9937358445019413,1.982158448367862,-0.16531436128410348,-0.16531436128409638,-0.16531436128410348,-0.16531436128410348,-0.16531436128410348,-0.1653143612841106,-0.16531436128410348,-0.16531436128409638,-0.16531436128410348,-0.16531436128410348,-1.9033072761279044,-1.442011578140253,-1.1687325640134816,-0.8446066217101702,-0.5285607825501728,-0.5285854260879006,0.14913435831631716,0.3528216630536605,-0.14780558872506333,-0.05379326933459083,-0.3311820020254288,-1.2028992697674994,-1.3236178519643715,-1.417082909858948,1.2866662992232385,1.6261094576943051,1.6497086652685269,0.6847845950043983,0.5502480708326019,0.5606916464443898,0.546223036106511,0.6424197583823172,-0.595497145186016,-1.2376616378044574,-1.8072283848708874,-4.381981371862281,-0.16531436128410348,-0.16531436128410348,-0.5209251221587721,-0.4832973932691118,-0.5225382855938392,-0.9982407295264153,-1.4682974967155076,-1.3957536239937554,-1.277971778847288,-0.33439349260517304,-0.5925258720955551,-0.20255210049654693,-0.25066527649808634,0.27139277248228666,0.4623066635490716,0.6893583654402562,1.028551784444943,1.2226861026338014,1.3328780275313221,-0.16531436128408927,-0.16531436128409638,-0.16531436128408927,-0.16531436128409638,-0.16531436128409638,-0.16531436128409638,-0.16531436128409993,-0.16531436128409993,-0.32798537717179954,-0.3067711363147083,-0.16531436128409638,-1.7818617892189366,-2.0934002035082386,-1.2830422960467445,-0.759283760287687,-0.44040074234001736,-0.6260579310410321,-1.014680482226268,-0.16531436128410348,-0.16531436128410348,-0.16531436128410348,-0.16531436128410348,-0.16531436128408927,-0.16531436128408927,-0.16531436128408927,-0.16531436128408927,-0.16531436128408927,-0.16531436128408927,-0.16531436128408927,-0.16531436128408927,-0.16531436128408927,-0.16531436128408927,-0.16531436128408927,-0.16531436128408927,-0.45230786950652657,-0.16531436128408927,-0.16531436128408927,-0.40381198425833986,-0.9112781718192764,-0.9071898685382394,-0.9155170214393564,-2.4433305380205184,-2.0939677161670716,-2.1017617938371984,0.3489078645772423,0.39864866027613743,0.3820525415176377,1.364422213612329,1.3650349088464395,-0.16531436128408927,-0.16531436128408927,-0.16531436128408927,-0.16531436128408927,-0.16531436128408927,-0.16531436128408927,-0.16531436128408927,-0.16531436128408927,-0.16531436128408927,-0.16531436128408927,-0.16531436128408927,-0.16531436128408927,-0.16531436128408927,-0.16531436128408927,-0.16531436128408927,-0.16531436128408927,-0.16531436128408927,-0.16531436128408927,-0.16531436128408927,-0.16531436128408927,-0.16531436128408927,-0.16531436128408927,-0.16531436128408927,-0.16531436128408927,-0.16531436128408927,-0.16531436128408927
25,0.6794617503234406,0.6794617503234406,0.6794617503234406,0.6794617503234406,0.6794617503234406,0.6794617503234406,0.6794617503234406,0.6794617503234406,0.6794617503234406,0.6794617503234406,0.6794617503234406,0.6794617503234406,0.6794617503234406,0.6794617503234406,0.6794617503234548,0.6794617503234548,0.6794617503234548,0.6794617503234477,0.6794617503234477,0.6794617503234477,0.6794617503234477,0.6794617503234477,0.6794617503234406,0.6794617503234441,0.8447761116075467,0.0,0.36233074318141334,0.34466120726272553,0.17582138341639109,0.1817715517671168,-0.10455746619547668,-0.16330038727871,0.10229590696187074,0.79384276803696,0.5929613341126156,0.6005573426102231,0.6052408389223771,0.6794617503234441,0.6794617503234406,0.6794617503234406,0.6794617503234335,0.6794617503234335,0.6794617503234264,0.6794617503234264,0.6794617503234264,0.6794617503234264,0.6794617503234264,0.6794617503234264,0.6794617503234406,0.6794617503234264,0.6794617503234264,0.6794617503234264,0.6794617503234264,0.6794617503234264,0.6794617503234406,0.6794617503234264,0.6794617503234406,0.6794617503234406,0.6794617503234335,0.6794617503234406,0.6794617503234406,0.6902632211765791,0.8550551554187145,1.2697149660541989,1.6160338531462273,2.736050706326573,2.766752589464332,2.27009567826984,2.1574923947393145,2.8329311295035993,2.8385119561094854,2.826934559975406,0.6794617503234335,0.6794617503234406,0.6794617503234335,0.6794617503234335,0.6794617503234406,0.6794617503234406,0.6794617503234335,0.6794617503234406,0.6794617503234406,0.6794617503234548,-1.0585311645203461,-0.5972354665326947,-0.3239564524059233,0.0001694898973880754,0.3162153290573855,0.3161906855196577,0.9939104699238754,1.1975977746612188,0.696970522882495,0.7909828422729674,0.5135941095821295,-0.3581231581599411,-0.47884174035681326,-0.5723067982513896,2.1314424108307826,2.470885569301849,2.494484776876064,-0.15999151660315025,-0.29452804077494665,-0.2840844651631578,1.3909991477140693,1.4871958699898755,0.24927896642152803,-0.3928855261969133,-0.9624522732633451,-3.5372052602547406,0.6794617503234335,0.6794617503234335,0.3238509894487862,0.36147871833844647,0.3222378260137191,-0.15346461791885702,-0.6235213851079493,-0.5509775123861971,-0.4331956672397297,0.510382619002371,0.2522502395119872,0.6422240111109971,0.5941108351094577,1.116168884089845,1.3070827751566299,1.5341344770478145,1.8733278960525013,2.0674622142413455,2.177654139138866,0.6794617503234548,0.6794617503234477,0.6794617503234548,0.6794617503234477,0.6794617503234477,0.6794617503234477,0.6794617503234441,0.6794617503234477,0.5167907344357587,0.53800497529285,0.6794617503234477,-0.9370856776113783,-1.2486240919006804,-0.4382661844391862,0.08549235131987132,0.4043753692675409,0.21871818056652614,-0.16990437061870978,0.6794617503234548,0.6794617503234548,0.6794617503234548,0.6794617503234548,0.6794617503234406,0.6794617503234406,0.6794617503234406,0.6794617503234406,0.6794617503234406,0.6794617503234406,0.6794617503234406,0.6794617503234406,0.6794617503234406,0.6794617503234406,0.679461750323469,0.679461750323469,0.3924682421010317,0.6794617503234406,0.6794617503234406,0.44096412734919,-0.06650206021174654,-0.062413756930709496,-0.07074090983182657,-1.5985544264129885,-1.2491916045595417,-1.2569856822296686,1.1936839761847864,1.2434247718836957,1.2268286531251675,2.209198325219859,2.2098110204539694,0.6794617503234406,0.6794617503234406,0.6794617503234406,0.6794617503234406,0.6794617503234406,0.6794617503234406,0.6794617503234406,0.6794617503234406,0.6794617503234406,0.6794617503234406,0.6794617503234406,0.6794617503234406,0.6794617503234406,0.6794617503234406,0.6794617503234406,0.6794617503234406,0.6794617503234406,0.6794617503234406,0.6794617503234406,0.6794617503234406,0.6794617503234406,0.6794617503234406,0.6794617503234406,0.6794617503234406,0.6794617503234406,0.6794617503234406
26,1.0417924935048575,1.0417924935048575,1.0417924935048575,1.0417924935048575,1.0417924935048575,1.0417924935048575,1.0417924935048575,1.0417924935048575,1.0417924935048575,1.0417924935048575,1.0417924935048575,1.0417924935048575,1.0417924935048575,1.0417924935048575,1.0417924935048575,1.0417924935048575,1.0417924935048575,1.0417924935048646,1.0417924935048646,1.0417924935048646,1.0417924935048646,1.0417924935048646,1.0417924935048575,1.0417924935048575,1.2071068547889592,0.36233074318141334,0.0,-0.01766953591868825,-0.18650935976502225,-0.18055919141429655,-0.46688820937689,-0.5256311304601269,-0.26003483621954615,0.4315120248555431,0.23063059093119875,0.2382265994288062,0.24291009574096023,1.0417924935048575,1.0417924935048575,1.0417924935048575,1.0417924935048575,1.0417924935048575,1.0417924935048575,1.0417924935048575,1.0417924935048575,1.0417924935048575,1.0417924935048575,1.0417924935048575,1.0417924935048717,1.0417924935048575,1.0417924935048575,1.0417924935048575,1.0417924935048575,1.0417924935048575,1.0417924935048717,1.0417924935048575,1.0417924935048717,1.0417924935048717,1.0417924935048433,1.0417924935048575,1.0417924935048575,1.0525939643579925,1.2173858986001314,1.6320457092356158,1.9783645963276442,3.0983814495079898,3.129083332645749,2.6324264214512567,2.5198231379207314,3.195261872685016,3.2008426992909023,3.189265303156823,1.0417924935048575,1.0417924935048646,1.0417924935048575,1.0417924935048575,1.0417924935048575,1.0417924935048575,1.0417924935048575,1.0417924935048717,1.0417924935048717,1.0417924935048575,-0.6962004213389434,-0.23490472335129198,0.03837429077547938,0.36250023307879076,0.6785460722387882,0.6785214287010604,1.3562412131052781,1.5599285178426214,1.0593012660638976,1.153313585454356,0.875924852763518,0.004207585021447358,-0.11651099717542479,-0.20997605507000117,2.493773154012196,2.833216312483259,2.8568155200574736,0.20233922657826398,0.06780270240646757,0.07824627801825557,1.7533298908954578,1.849526613171264,0.6116097096029414,-0.030554783015499964,-0.6001215300819318,-3.17487451707332,1.0417924935048575,1.0417924935048575,0.6861817326301889,0.7238094615198492,0.6845685691951218,0.20886612526254567,-0.2611906419265466,-0.18864676920478018,-0.070864924058327,0.8727133621837879,0.6145809826934041,1.004554754292414,0.9564415782908746,1.4784996272712476,1.6694135183380325,1.896465220229203,2.2356586392338613,2.4297929574227055,2.5399848823202262,1.0417924935048717,1.0417924935048646,1.0417924935048717,1.0417924935048646,1.0417924935048646,1.0417924935048646,1.0417924935048575,1.0417924935048575,0.8791214776171614,0.9003357184742526,1.0417924935048646,-0.5747549344299756,-0.8862933487192777,-0.07593544125778351,0.447823094501274,0.7667061124489436,0.5810489237479288,0.1924263725626929,1.0417924935048575,1.0417924935048575,1.0417924935048575,1.0417924935048575,1.0417924935048575,1.0417924935048575,1.0417924935048575,1.0417924935048575,1.0417924935048575,1.0417924935048575,1.0417924935048575,1.0417924935048575,1.0417924935048575,1.0417924935048575,1.041792493504829,1.041792493504829,0.7547989852824344,1.0417924935048575,1.0417924935048575,0.8032948705306069,0.29582868296967035,0.2999169862507074,0.2915898333495761,-1.2362236832315716,-0.8868608613781248,-0.8946549390482517,1.5560147193661749,1.6057555150650842,1.5891593963065844,2.5715290684012757,2.5721417636354147,1.0417924935048575,1.0417924935048575,1.0417924935048575,1.0417924935048575,1.0417924935048717,1.041792493504886,1.0417924935048575,1.0417924935048575,1.0417924935048575,1.0417924935048575,1.0417924935048575,1.0417924935048575,1.0417924935048575,1.0417924935048575,1.0417924935048575,1.0417924935048575,1.0417924935048575,1.0417924935048575,1.0417924935048575,1.0417924935048575,1.0417924935048575,1.0417924935048575,1.0417924935048575,1.0417924935048575,1.0417924935048575,1.0417924935048575
27,1.0241229575862008,1.0241229575862008,1.0241229575862008,1.0241229575862008,1.0241229575862008,1.0241229575862008,1.0241229575862008,1.0241229575862008,1.0241229575862008,1.0241229575862008,1.0241229575862008,1.0241229575862008,1.0241229575862008,1.0241229575862008,1.0241229575861865,1.0241229575861865,1.0241229575861865,1.0241229575861794,1.0241229575861794,1.0241229575861794,1.0241229575861794,1.0241229575861794,1.0241229575861723,1.0241229575861688,1.1894373188702723,0.34466120726272553,-0.01766953591868825,0.0,-0.16883982384633445,-0.16288965549560785,-0.4492186734582013,-0.5079615945414346,-0.2423653003008539,0.4491815607742353,0.24830012684988745,0.25589613534749844,0.2605796316596525,1.0241229575861794,1.0241229575861794,1.0241229575861794,1.0241229575861794,1.0241229575861723,1.0241229575861723,1.0241229575861723,1.0241229575861723,1.0241229575861723,1.0241229575861723,1.0241229575861723,1.0241229575861865,1.0241229575861723,1.0241229575861723,1.0241229575861723,1.0241229575861723,1.0241229575861723,1.0241229575861865,1.0241229575861723,1.0241229575861865,1.0241229575861865,1.0241229575861581,1.0241229575861723,1.0241229575861723,1.0349244284393038,1.1997163626814427,1.614376173316927,1.960695060408959,3.0807119135893046,3.1114137967270636,2.6147568855325716,2.5021536020020463,3.177592336766331,3.183173163372217,3.171595767238138,1.0241229575861723,1.0241229575861723,1.0241229575861723,1.0241229575861723,1.0241229575861723,1.0241229575861723,1.0241229575861723,1.0241229575861723,1.0241229575861723,1.0241229575861865,-0.7138699572576144,-0.2525742592699629,0.02070475485680845,0.3448306971601198,0.6608765363201172,0.6608518927823894,1.3385716771866072,1.5422589819239363,1.0416317301452125,1.1356440495356708,0.8582553168448328,-0.013461950897237784,-0.13418053309410993,-0.2276455909886863,2.4761036180935108,2.815546776564574,2.8391459841387956,0.18466969065957528,0.05013316648777888,0.06057674209956687,1.7356603549767726,1.8318570772525788,0.5939401736842562,-0.048224318934185106,-0.6177910660006134,-3.1925440529920053,1.0241229575861794,1.0241229575861723,0.668512196711518,0.7061399256011782,0.6668990332764508,0.19119658934387473,-0.27886017784521755,-0.20631630512346533,-0.08853445997701215,0.8550438262651028,0.596911446774719,0.9868852183737289,0.9387720423721859,1.4608300913525767,1.6517439824193616,1.8787956843105462,2.2179891033152046,2.412123421504049,2.5223153464015695,1.0241229575861865,1.0241229575861794,1.0241229575861865,1.0241229575861794,1.0241229575861794,1.0241229575861794,1.0241229575861723,1.0241229575861723,0.8614519416984905,0.8826661825555817,1.0241229575861794,-0.5924244703486465,-0.9039628846379486,-0.09360497717645444,0.43015355858260307,0.7490365765302727,0.5633793878292579,0.17475683664402197,1.0241229575861865,1.0241229575861865,1.0241229575861865,1.0241229575861865,1.0241229575862008,1.0241229575862008,1.0241229575862008,1.0241229575862008,1.0241229575862008,1.0241229575862008,1.0241229575862008,1.0241229575862008,1.0241229575862008,1.0241229575862008,1.0241229575862008,1.0241229575862008,0.7371294493637635,1.0241229575862008,1.0241229575862008,0.7856253346119502,0.27815914705101363,0.2822474503320507,0.2739202974309194,-1.2538932191502283,-0.9045303972967815,-0.9123244749669084,1.5383451834475181,1.5880859791464275,1.5714898603879277,2.5538595324826048,2.5544722277167295,1.0241229575862008,1.0241229575862008,1.0241229575862008,1.0241229575862008,1.0241229575862008,1.0241229575862008,1.0241229575862008,1.0241229575862008,1.0241229575862008,1.0241229575862008,1.0241229575862008,1.0241229575862008,1.0241229575862008,1.0241229575862008,1.0241229575862008,1.0241229575862008,1.0241229575862008,1.0241229575862008,1.0241229575862008,1.0241229575862008,1.0241229575862008,1.0241229575862008,1.0241229575862008,1.0241229575862008,1.0241229575862008,1.0241229575862008
28,0.8552831337398459,0.8552831337398459,0.8552831337398459,0.8552831337398459,0.8552831337398459,0.8552831337398459,0.8552831337398459,0.8552831337398459,0.8552831337398459,0.8552831337398459,0.8552831337398459,0.8552831337398459,0.8552831337398459,0.8552831337398459,0.8552831337398317,0.8552831337398317,0.8552831337398317,0.8552831337398388,0.8552831337398388,0.8552831337398388,0.8552831337398388,0.8552831337398423,0.8552831337398388,0.8552831337398352,1.0205974950239387,0.17582138341639109,-0.18650935976502225,-0.16883982384633445,0.0,0.005950168350725704,-0.28037884961186776,-0.3391217706951011,-0.07352547645452034,0.6180213846205689,0.41713995069622456,0.42473595919383555,0.42941945550598604,0.8552831337398317,0.8552831337398317,0.8552831337398317,0.8552831337398317,0.8552831337398317,0.8552831337398317,0.8552831337398317,0.8552831337398317,0.8552831337398317,0.8552831337398317,0.8552831337398317,0.8552831337398459,0.8552831337398317,0.8552831337398317,0.8552831337398317,0.8552831337398317,0.8552831337398317,0.8552831337398459,0.8552831337398317,0.8552831337398459,0.8552831337398459,0.8552831337398317,0.8552831337398459,0.8552831337398459,0.8660846045929702,1.030876538835109,1.4455363494705935,1.7918552365626255,2.911872089742971,2.94257397288073,2.445917061686238,2.3333137781557127,3.0087525129199975,3.0143333395258836,3.0027559433918043,0.8552831337398317,0.8552831337398317,0.8552831337398317,0.8552831337398317,0.8552831337398175,0.8552831337398175,0.8552831337398317,0.8552831337398317,0.8552831337398317,0.8552831337398317,-0.8827097811039692,-0.4214140831163178,-0.14813506898954643,0.17599087331376495,0.49203671247376235,0.49201206893603455,1.169731853340238,1.3734191580775814,0.8727919062988576,0.9668042256893159,0.6894154929984779,-0.18230177474359266,-0.3030203569404648,-0.3964854148350412,2.30726379424717,2.646706952718233,2.670306160292455,0.015829866813241722,-0.11870665735855468,-0.10826308174676313,1.5668205311304177,1.663017253406224,0.42510034983792266,-0.21706414278052222,-0.7866308898469541,-3.361383876838346,0.8552831337398317,0.8552831337398317,0.4996723728651631,0.5373001017548233,0.49805920943009596,0.02235676549751986,-0.447700001691544,-0.37515612896976336,-0.2573742838233102,0.6862040024188047,0.4280716229283854,0.8180453945273953,0.7699322185258524,1.2919902675062076,1.4829041585730067,1.7099558604641913,2.0491492794688497,2.243283597657694,2.3534755225552146,0.8552831337398459,0.8552831337398388,0.8552831337398459,0.8552831337398388,0.8552831337398388,0.8552831337398388,0.8552831337398317,0.8552831337398317,0.6926121178521356,0.7138263587092268,0.8552831337398388,-0.7612642941950014,-1.0728027084843035,-0.2624448010228093,0.2613137347362482,0.5801967526839178,0.394539563982903,0.005917012797667098,0.8552831337398317,0.8552831337398317,0.8552831337398317,0.8552831337398317,0.8552831337398459,0.8552831337398459,0.8552831337398459,0.8552831337398459,0.8552831337398459,0.8552831337398459,0.8552831337398459,0.8552831337398459,0.8552831337398459,0.8552831337398459,0.8552831337398175,0.8552831337398175,0.5682896255174086,0.8552831337398459,0.8552831337398459,0.6167855107655953,0.10931932320468718,0.11340762648572422,0.10508047358459294,-1.4227330429965832,-1.0733702211431364,-1.0811642988132633,1.3695053596011917,1.419246155300101,1.4026500365415728,2.385019708636264,2.3856324038703747,0.8552831337398459,0.8552831337398459,0.8552831337398459,0.8552831337398459,0.8552831337398459,0.8552831337398459,0.8552831337398459,0.8552831337398459,0.8552831337398459,0.8552831337398459,0.8552831337398459,0.8552831337398459,0.8552831337398459,0.8552831337398459,0.8552831337398317,0.8552831337398459,0.8552831337398459,0.8552831337398459,0.8552831337398459,0.8552831337398459,0.8552831337398459,0.8552831337398459,0.8552831337398459,0.8552831337398459,0.8552831337398317,0.8552831337398459
29,0.861233302090568,0.861233302090568,0.861233302090568,0.861233302090568,0.861233302090568,0.861233302090568,0.861233302090568,0.861233302090568,0.861233302090568,0.861233302090568,0.861233302090568,0.861233302090568,0.861233302090568,0.861233302090568,0.861233302090568,0.861233302090568,0.861233302090568,0.8612333020905609,0.8612333020905609,0.8612333020905609,0.8612333020905609,0.8612333020905609,0.8612333020905609,0.8612333020905609,1.0265476633746644,0.1817715517671168,-0.18055919141429655,-0.16288965549560785,0.005950168350725704,0.0,-0.28632901796259347,-0.3450719390458268,-0.07947564480524605,0.6120712162698432,0.4111897823454953,0.4187857908431063,0.4234692871552568,0.8612333020905609,0.8612333020905609,0.8612333020905609,0.861233302090568,0.861233302090568,0.861233302090568,0.861233302090568,0.861233302090568,0.861233302090568,0.861233302090568,0.861233302090568,0.8612333020905822,0.861233302090568,0.861233302090568,0.861233302090568,0.861233302090568,0.861233302090568,0.8612333020905822,0.861233302090568,0.8612333020905822,0.8612333020905822,0.861233302090568,0.861233302090568,0.861233302090568,0.8720347729436924,1.0368267071858313,1.4514865178213157,1.7978054049133476,2.917822258093693,2.9485241412314522,2.4518672300369673,2.339263946506449,3.0147026812707196,3.0202835078766057,3.0087061117425264,0.861233302090568,0.861233302090568,0.861233302090568,0.861233302090568,0.861233302090568,0.861233302090568,0.861233302090568,0.861233302090568,0.861233302090568,0.861233302090568,-0.8767596127532329,-0.4154639147655814,-0.14218490063881006,0.1819410416645013,0.4979868808244987,0.4979622372867709,1.1756820216909887,1.379369326428332,0.8787420746496082,0.9727543940400665,0.6953656613492285,-0.1763516063928421,-0.29707018858971423,-0.3905352464842906,2.3132139625978994,2.6526571210689625,2.676256328643177,0.021780035163967426,-0.11275648900783253,-0.10231291339604098,1.5727706994811683,1.6689674217569745,0.43105051818864837,-0.21111397442979296,-0.7806807214962248,-3.3554337084876167,0.861233302090568,0.861233302090568,0.5056225412158994,0.5432502701055597,0.5040093777808323,0.02830693384825622,-0.44174983334082185,-0.3692059606190412,-0.25142411547258803,0.6921541707695269,0.43402179127910756,0.8239955628781175,0.7758823868765745,1.2979404358569298,1.4888543269237289,1.7159060288149135,2.055099447819572,2.249233766008416,2.359425690905937,0.861233302090568,0.8612333020905609,0.861233302090568,0.8612333020905609,0.8612333020905609,0.8612333020905609,0.8612333020905538,0.8612333020905538,0.698562286202872,0.7197765270599632,0.8612333020905609,-0.755314125844265,-1.0668525401335671,-0.25649463267207295,0.26726390308698456,0.5861469210346542,0.4004897323336394,0.01186718114840346,0.861233302090568,0.861233302090568,0.861233302090568,0.861233302090568,0.861233302090568,0.861233302090568,0.861233302090568,0.861233302090568,0.861233302090568,0.861233302090568,0.861233302090568,0.861233302090568,0.861233302090568,0.861233302090568,0.861233302090568,0.861233302090568,0.5742397938681449,0.861233302090568,0.861233302090568,0.6227356791163174,0.11526949155540933,0.11935779483644637,0.11103064193531509,-1.4167828746458326,-1.0674200527923858,-1.0752141304625127,1.3754555279519138,1.4251963236508232,1.4086002048923092,2.3909698769869863,2.391582572221097,0.861233302090568,0.861233302090568,0.861233302090568,0.861233302090568,0.861233302090568,0.861233302090568,0.861233302090568,0.861233302090568,0.861233302090568,0.861233302090568,0.861233302090568,0.861233302090568,0.861233302090568,0.861233302090568,0.861233302090568,0.861233302090568,0.861233302090568,0.861233302090568,0.861233302090568,0.861233302090568,0.861233302090568,0.861233302090568,0.861233302090568,0.8612333020905822,0.8612333020905965,0.861233302090568
30,0.5749042841279675,0.5749042841279675,0.5749042841279675,0.5749042841279675,0.5749042841279675,0.5749042841279675,0.5749042841279675,0.5749042841279675,0.5749042841279675,0.5749042841279675,0.5749042841279675,0.5749042841279675,0.5749042841279675,0.5749042841279675,0.5749042841279675,0.5749042841279675,0.5749042841279675,0.5749042841279675,0.5749042841279675,0.5749042841279675,0.5749042841279675,0.5749042841279675,0.5749042841279675,0.5749042841279675,0.7402186454120709,-0.10455746619547668,-0.46688820937689,-0.4492186734582013,-0.28037884961186776,-0.28632901796259347,0.0,-0.05874292108323376,0.20685337315734742,0.8984002342324366,0.6975188003080888,0.7051148088056998,0.7097983051178502,0.5749042841279604,0.5749042841279604,0.5749042841279675,0.5749042841279675,0.5749042841279675,0.5749042841279675,0.5749042841279675,0.5749042841279675,0.5749042841279675,0.5749042841279675,0.5749042841279675,0.5749042841279817,0.5749042841279675,0.5749042841279675,0.5749042841279675,0.5749042841279675,0.5749042841279675,0.5749042841279817,0.5749042841279675,0.5749042841279817,0.5749042841279817,0.5749042841279675,0.5749042841279675,0.5749042841279675,0.585705754981106,0.7504976892232449,1.1651574998587293,1.5114763869507613,2.631493240131107,2.662195123268866,2.165538212074381,2.0529349285438627,2.7283736633081332,2.7339544899140193,2.72237709377994,0.5749042841279675,0.5749042841279675,0.5749042841279675,0.5749042841279675,0.5749042841279675,0.5749042841279675,0.5749042841279675,0.5749042841279675,0.5749042841279675,0.5749042841279675,-1.1630886307158335,-0.701792932728182,-0.42851391860141064,-0.10438797629809926,0.21165786286189814,0.21163321932417034,0.8893530037283881,1.0930403084657314,0.5924130566870076,0.6864253760774659,0.40903664338662793,-0.46268062435544266,-0.5833992065523148,-0.6768642644468912,2.026884944635313,2.366328103106376,2.3899273106805907,-0.26454898279862604,-0.399085506970426,-0.38864193135863445,1.2864416815185677,1.382638403794374,0.1447215002260549,-0.49744299239238643,-1.0670097394588183,-3.64176272645021,0.5749042841279675,0.5749042841279675,0.21929352325329887,0.25692125214295913,0.21768035981821754,-0.2580220841143728,-0.7280788513034508,-0.6555349785816702,-0.537753133435217,0.4058251528068979,0.1476927733165141,0.537666544915524,0.48955336891398105,1.0116114178943576,1.2025253089611567,1.4295770108523413,1.7687704298569997,1.962904748045844,2.0730966729433646,0.5749042841279746,0.5749042841279675,0.5749042841279746,0.5749042841279675,0.5749042841279675,0.5749042841279675,0.5749042841279604,0.5749042841279604,0.4122332682402714,0.4334475090973626,0.5749042841279604,-1.0416431438068656,-1.3531815580961677,-0.5428236506346735,-0.019065114875616018,0.2998179030720536,0.11416071437103881,-0.2744618368141971,0.5749042841279675,0.5749042841279675,0.5749042841279675,0.5749042841279675,0.5749042841279675,0.5749042841279675,0.5749042841279675,0.5749042841279675,0.5749042841279675,0.5749042841279675,0.5749042841279675,0.5749042841279675,0.5749042841279675,0.5749042841279675,0.5749042841279675,0.5749042841279675,0.28791077590554437,0.5749042841279675,0.5749042841279675,0.33640666115371687,-0.17105952640719124,-0.1669712231261542,-0.17529837602728549,-1.7031118926084616,-1.3537490707550148,-1.3615431484251417,1.0891265099893133,1.1388673056882226,1.1222711869297086,2.104640859024414,2.1052535542585247,0.5749042841279675,0.5749042841279675,0.5749042841279675,0.5749042841279675,0.5749042841279675,0.5749042841279675,0.5749042841279675,0.5749042841279675,0.5749042841279675,0.5749042841279675,0.5749042841279675,0.5749042841279675,0.5749042841279532,0.5749042841279675,0.5749042841279675,0.5749042841279675,0.5749042841279675,0.5749042841279675,0.5749042841279675,0.5749042841279675,0.5749042841279675,0.5749042841279675,0.5749042841279675,0.5749042841279675,0.5749042841279675,0.5749042841279675
31,0.5161613630447164,0.5161613630447164,0.5161613630447164,0.5161613630447164,0.5161613630447164,0.5161613630447164,0.5161613630447164,0.5161613630447164,0.5161613630447164,0.5161613630447164,0.5161613630447306,0.5161613630447448,0.5161613630447448,0.5161613630447448,0.5161613630447448,0.5161613630447448,0.5161613630447448,0.5161613630447377,0.5161613630447377,0.5161613630447377,0.5161613630447377,0.5161613630447377,0.5161613630447377,0.5161613630447377,0.6814757243288376,-0.16330038727871,-0.5256311304601233,-0.5079615945414346,-0.3391217706951011,-0.3450719390458268,-0.05874292108323376,0.0,0.2655962942405812,0.9571431553156691,0.7562617213913221,0.7638577298889366,0.7685412262010871,0.5161613630447377,0.5161613630447377,0.5161613630447448,0.5161613630447448,0.5161613630447448,0.5161613630447448,0.5161613630447448,0.5161613630447448,0.5161613630447448,0.5161613630447448,0.5161613630447448,0.516161363044759,0.5161613630447448,0.5161613630447448,0.5161613630447448,0.5161613630447448,0.5161613630447448,0.516161363044759,0.5161613630447448,0.516161363044759,0.516161363044759,0.5161613630447306,0.5161613630447448,0.5161613630447448,0.5269628338978691,0.691754768140008,1.1064145787754924,1.4527334658675244,2.57275031904787,2.603452202185636,2.1067952909911583,1.99419200746064,2.6696307422248964,2.6752115688307754,2.663634172696703,0.5161613630447448,0.5161613630447448,0.5161613630447448,0.5161613630447448,0.5161613630447448,0.5161613630447448,0.5161613630447448,0.5161613630447448,0.5161613630447448,0.5161613630447448,-1.2218315517990561,-0.7605358538114046,-0.4872568396846333,-0.16313089738132192,0.15291494177867548,0.1528902982409477,0.8306100826451654,1.0342973873825088,0.533670135603785,0.6276824549942432,0.3502937223034053,-0.5214235454386653,-0.6421421276355375,-0.7356071855301138,1.9681420235520761,2.3075851820231392,2.331184389597354,-0.32329190388185935,-0.4578284280536593,-0.4473848524418713,1.227698760435345,1.3238954827111513,0.08597857914282514,-0.5561859134756162,-1.125752660542048,-3.70050564753344,0.5161613630447448,0.5161613630447448,0.16055060217007622,0.19817833105972227,0.15893743873496646,-0.31676500519762385,-0.7868217723867019,-0.7142778996649213,-0.5964960545184681,0.34708223172364683,0.08894985223328433,0.47892362383229425,0.4308104478307513,0.952868496811135,1.143782387877934,1.3708340897691187,1.710027508773777,1.9041618269626213,2.014353751860142,0.5161613630447448,0.5161613630447377,0.5161613630447448,0.5161613630447377,0.5161613630447306,0.5161613630447306,0.5161613630447306,0.5161613630447306,0.35349034715704875,0.37470458801411155,0.5161613630447306,-1.1003860648900883,-1.4119244791793903,-0.6015665717178962,-0.07780803595883867,0.24107498198883093,0.05541779328781615,-0.33320475789741977,0.5161613630447448,0.5161613630447448,0.5161613630447448,0.5161613630447448,0.5161613630447448,0.5161613630447448,0.5161613630447448,0.5161613630447448,0.5161613630447448,0.5161613630447448,0.5161613630447448,0.5161613630447448,0.5161613630447448,0.5161613630447448,0.5161613630447732,0.5161613630447732,0.22916785482232171,0.5161613630447306,0.5161613630447448,0.2776637400704942,-0.2298024474904139,-0.22571414420937685,-0.23404129711050814,-1.7618548136916843,-1.4124919918382375,-1.4202860695083643,1.0303835889060906,1.080124384605,1.063528265846486,2.0458979379411915,2.046510633175302,0.5161613630447448,0.5161613630447448,0.5161613630447448,0.5161613630447448,0.5161613630447448,0.5161613630447448,0.5161613630447448,0.5161613630447448,0.5161613630447448,0.5161613630447448,0.5161613630447448,0.5161613630447448,0.5161613630447448,0.5161613630447448,0.5161613630447448,0.5161613630447448,0.5161613630447448,0.5161613630447448,0.5161613630447448,0.5161613630447448,0.5161613630447448,0.5161613630447448,0.5161613630447448,0.5161613630447164,0.5161613630447164,0.5161613630447164
32,0.7817576572853113,0.7817576572853113,0.7817576572853113,0.7817576572853113,0.7817576572853113,0.7817576572853113,0.7817576572853113,0.7817576572853113,0.7817576572853113,0.7817576572853113,0.7817576572853113,0.7817576572853113,0.7817576572853113,0.7817576572853113,0.7817576572853113,0.7817576572853113,0.7817576572853113,0.7817576572853184,0.7817576572853184,0.7817576572853184,0.7817576572853184,0.7817576572853184,0.7817576572853184,0.7817576572853184,0.9470720185694219,0.1022959069618743,-0.26003483621953905,-0.2423653003008539,-0.07352547645452034,-0.07947564480524605,0.20685337315734742,0.2655962942405812,0.0,0.6915468610750883,0.49066542715074135,0.4982614356483541,0.5029449319605046,0.7817576572853113,0.7817576572853113,0.7817576572853255,0.7817576572853255,0.7817576572853255,0.7817576572853255,0.7817576572853255,0.7817576572853255,0.7817576572853255,0.7817576572853255,0.7817576572853255,0.7817576572853397,0.7817576572853255,0.7817576572853255,0.7817576572853255,0.7817576572853255,0.7817576572853255,0.7817576572853397,0.7817576572853255,0.7817576572853397,0.7817576572853397,0.7817576572853255,0.7817576572853397,0.7817576572853397,0.792559128138457,0.9573510623805959,1.3720108730160803,1.7183297601081122,2.838346613288465,2.869048496426231,2.372391585231753,2.259788301701235,2.9352270364654913,2.9408078630713703,2.929230466937298,0.7817576572853255,0.7817576572853255,0.7817576572853255,0.7817576572853255,0.7817576572853113,0.7817576572853113,0.7817576572853255,0.7817576572853255,0.7817576572853255,0.7817576572853113,-0.9562352575584896,-0.49493955957083813,-0.22166054544406677,0.1024653968592446,0.418511236019242,0.4184865924815142,1.096206376885732,1.2998936816230753,0.7992664298443515,0.8932787492348098,0.6158900165439718,-0.2558272511980988,-0.37654583339497094,-0.4700108912895473,2.233738317792664,2.573181476263727,2.596780683837949,-0.05769560964127507,-0.19223213381307147,-0.18178855820128348,1.4932950546759116,1.5894917769517178,0.3515748733834059,-0.29058961923503546,-0.8601563663014673,-3.434909353292859,0.7817576572853255,0.7817576572853255,0.42614689641064274,0.4637746253002888,0.424533732975533,-0.05116871095705733,-0.5212254781461354,-0.44868160542435476,-0.3308997602779016,0.6126785259642133,0.35454614647386506,0.744519918072875,0.696406742071332,1.2184647910517015,1.4093786821185006,1.6364303840096852,1.9756238030143436,2.169758121203188,2.2799500461007085,0.7817576572853255,0.7817576572853184,0.7817576572853255,0.7817576572853184,0.7817576572853255,0.7817576572853255,0.7817576572853113,0.7817576572853113,0.6190866413976153,0.6403008822546781,0.7817576572853255,-0.8347897706495218,-1.1463281849388238,-0.33597027747732966,0.18778825828172785,0.5066712762293974,0.3210140875283827,-0.06760846365685325,0.7817576572853113,0.7817576572853113,0.7817576572853113,0.7817576572853113,0.7817576572853113,0.7817576572853113,0.7817576572853113,0.7817576572853113,0.7817576572853113,0.7817576572853113,0.7817576572853113,0.7817576572853113,0.7817576572853113,0.7817576572853113,0.7817576572853113,0.7817576572853113,0.49476414906288824,0.7817576572853113,0.7817576572853113,0.5432600343110607,0.035793846750152625,0.03988215003118967,0.03155499713005838,-1.4962585194511178,-1.146895697597671,-1.1546897752677978,1.2959798831466571,1.3457206788455665,1.3291245600870525,2.311494232181758,2.3121069274158685,0.7817576572852971,0.7817576572853113,0.7817576572853113,0.7817576572853113,0.7817576572853113,0.7817576572853113,0.7817576572853113,0.7817576572853113,0.7817576572853113,0.7817576572853113,0.7817576572853113,0.7817576572853113,0.7817576572853113,0.7817576572853113,0.7817576572853113,0.7817576572853113,0.7817576572853113,0.7817576572853113,0.7817576572853113,0.7817576572853113,0.7817576572853113,0.7817576572853113,0.7817576572853113,0.7817576572853113,0.7817576572853113,0.7817576572853113
33,1.4733045183603792,1.4733045183603792,1.4733045183603792,1.4733045183603792,1.4733045183603792,1.4733045183603792,1.4733045183603792,1.4733045183603792,1.4733045183603792,1.4733045183603792,1.4733045183603792,1.4733045183603792,1.4733045183603792,1.4733045183603792,1.4733045183603934,1.4733045183603934,1.4733045183603934,1.4733045183603934,1.4733045183603934,1.4733045183604006,1.4733045183604006,1.4733045183604006,1.4733045183604006,1.4733045183604006,1.638618879644504,0.7938427680369564,0.4315120248555431,0.44918156077423177,0.6180213846205689,0.6120712162698432,0.8984002342324366,0.9571431553156691,0.6915468610750883,0.0,-0.2008814339243452,-0.19328542542673333,-0.18860192911458284,1.4733045183603934,1.4733045183603792,1.4733045183603792,1.4733045183603792,1.4733045183603792,1.4733045183603792,1.4733045183603792,1.4733045183603792,1.4733045183603792,1.4733045183603792,1.4733045183603792,1.4733045183603934,1.4733045183603792,1.4733045183603792,1.4733045183603792,1.4733045183603792,1.4733045183603792,1.4733045183603934,1.4733045183603792,1.4733045183603934,1.4733045183603934,1.473304518360365,1.4733045183603792,1.4733045183603792,1.484105989213539,1.648897923455678,2.0635577340911624,2.4098766211831943,3.529893474363547,3.560595357501313,3.0639384463068353,2.951335162776317,3.6267738975405734,3.6323547241464524,3.6207773280123803,1.4733045183603792,1.4733045183603792,1.4733045183603792,1.4733045183603792,1.4733045183603792,1.4733045183603792,1.4733045183603792,1.4733045183603792,1.4733045183603792,1.4733045183603934,-0.2646883964834075,0.196607301504244,0.46988631563101535,0.7940122579343267,1.1100580970943383,1.1100334535566105,1.7877532379608283,1.9914405426981716,1.4908132909194478,1.584825610309906,1.3074368776190681,0.43571960987699754,0.3150010276801254,0.22153596978554901,2.925285178867746,3.264728337338809,3.288327544913031,0.6338512514338035,0.49931472726200354,0.5097583028737915,2.184841915751008,2.281038638026814,1.043121734458488,0.40095724184004666,-0.16860950522638518,-2.743362492217784,1.4733045183603792,1.4733045183603792,1.117693757485739,1.1553214863753851,1.1160805940506293,0.640378150118039,0.17032138292896093,0.24286525565074157,0.36064710079719475,1.3042253870393097,1.0460930075489472,1.436066779147957,1.3879536031464141,1.9100116521267978,2.100925543193597,2.3279772450847815,2.66717066408944,2.861304982278284,2.971496907175805,1.4733045183604077,1.4733045183603934,1.4733045183604077,1.4733045183604077,1.4733045183604077,1.4733045183604077,1.4733045183603934,1.4733045183603934,1.3106335024727116,1.3318477433297744,1.4733045183603934,-0.14324290957443964,-0.4547813238637417,0.35557658359775246,0.87933511935681,1.1982181373044796,1.0125609486034648,0.6239383974182289,1.4733045183603934,1.4733045183603934,1.4733045183603934,1.4733045183603934,1.4733045183603792,1.4733045183603792,1.4733045183603792,1.4733045183603792,1.4733045183603792,1.4733045183603792,1.4733045183603792,1.4733045183603792,1.4733045183603792,1.4733045183603792,1.4733045183604077,1.4733045183604077,1.1863110101379704,1.4733045183603792,1.4733045183603792,1.2348068953861286,0.7273407078252205,0.7314290111062576,0.7231018582051263,-0.8047116583760499,-0.45534883652260305,-0.4631429141927299,1.987526744221725,2.0372675399206344,2.0206714211621204,3.003041093256826,3.0036537884909364,1.4733045183603792,1.4733045183603792,1.4733045183603792,1.4733045183603792,1.4733045183603792,1.4733045183603792,1.4733045183603792,1.4733045183603792,1.4733045183603792,1.4733045183603792,1.4733045183603792,1.4733045183603792,1.4733045183603792,1.4733045183603792,1.4733045183603792,1.473304518360365,1.4733045183603508,1.4733045183603792,1.4733045183603792,1.4733045183603792,1.4733045183603792,1.4733045183603792,1.4733045183603792,1.4733045183603792,1.4733045183603792,1.4733045183603792
34,1.272423084436042,1.272423084436042,1.272423084436042,1.272423084436042,1.272423084436042,1.272423084436042,1.272423084436042,1.272423084436042,1.272423084436042,1.272423084436042,1.272423084436042,1.272423084436042,1.272423084436042,1.272423084436042,1.272423084436042,1.272423084436042,1.272423084436042,1.272423084436042,1.272423084436042,1.2724230844360562,1.2724230844360633,1.2724230844360562,1.2724230844360562,1.2724230844360562,1.4377374457201597,0.5929613341126156,0.23063059093119875,0.24830012684988745,0.41713995069622456,0.4111897823454953,0.6975188003080888,0.7562617213913221,0.49066542715074135,-0.2008814339243452,0.0,0.007596008497611884,0.012279504809762365,1.2724230844360562,1.272423084436042,1.272423084436042,1.272423084436042,1.272423084436042,1.272423084436042,1.272423084436042,1.272423084436042,1.272423084436042,1.272423084436042,1.272423084436042,1.2724230844360562,1.272423084436042,1.272423084436042,1.272423084436042,1.2724230844360278,1.272423084436042,1.2724230844360704,1.272423084436042,1.2724230844360562,1.2724230844360562,1.272423084436042,1.272423084436042,1.272423084436042,1.2832245552891877,1.4480164895313266,1.862676300166811,2.208995187258836,3.3290120404391956,3.3597139235769617,2.863057012382484,2.7504537288519657,3.425892463616222,3.431473290222101,3.419895894088029,1.272423084436042,1.272423084436042,1.272423084436042,1.272423084436042,1.272423084436042,1.272423084436042,1.272423084436042,1.272423084436042,1.272423084436042,1.272423084436042,-0.4655698304077589,-0.004274132420107435,0.26900488170667813,0.5931308240099611,0.9091766631699727,0.9091520196322449,1.5868718040364627,1.790559108773806,1.2899318569950822,1.3839441763855405,1.1065554436947025,0.2348381759526319,0.11411959375575975,0.020654535861183376,2.7244037449434018,3.063846903414472,3.0874461109886937,0.4329698175094663,0.2984332933376663,0.3088768689494543,1.9839604818266423,2.0801572041024485,0.8422403005341437,0.20007580791570234,-0.3694909391507295,-2.9442439261421214,1.272423084436042,1.272423084436042,0.9168123235613734,0.9544400524510195,0.9151991601262637,0.43949671619367336,-0.03056005099540471,0.041983821726375936,0.15976566687282912,1.103343953114944,0.8452115736246029,1.2351853452236128,1.1870721692220698,1.7091302182024322,1.9000441092692313,2.127095811160416,2.4662892301650743,2.6604235483539185,2.770615473251439,1.2724230844360704,1.2724230844360562,1.2724230844360704,1.2724230844360704,1.2724230844360704,1.2724230844360704,1.2724230844360562,1.2724230844360562,1.109752068548346,1.1309663094054088,1.272423084436042,-0.34412434349879106,-0.6556627577880931,0.15469514967341524,0.678453685432487,0.9973367033801281,0.8116795146791134,0.42305696349387745,1.272423084436042,1.272423084436042,1.272423084436042,1.272423084436042,1.272423084436042,1.272423084436042,1.272423084436042,1.272423084436042,1.272423084436042,1.272423084436042,1.272423084436042,1.272423084436042,1.272423084436042,1.272423084436042,1.2724230844360136,1.2724230844360136,0.9854295762136189,1.272423084436042,1.272423084436042,1.0339254614617914,0.5264592739008833,0.5305475771819204,0.5222204242807891,-1.0055930923003586,-0.6562302704469118,-0.6640243481170387,1.7866453102973878,1.8363861059962971,1.8197899872377832,2.8021596593324603,2.802772354566571,1.272423084436042,1.272423084436042,1.272423084436042,1.272423084436042,1.272423084436042,1.272423084436042,1.272423084436042,1.272423084436042,1.272423084436042,1.272423084436042,1.272423084436042,1.272423084436042,1.272423084436042,1.272423084436042,1.272423084436042,1.272423084436042,1.272423084436042,1.272423084436042,1.272423084436042,1.272423084436042,1.272423084436042,1.272423084436042,1.272423084436042,1.272423084436042,1.272423084436042,1.272423084436042
35,1.2800190929336566,1.2800190929336566,1.2800190929336566,1.2800190929336566,1.2800190929336566,1.2800190929336566,1.2800190929336566,1.2800190929336566,1.2800190929336566,1.2800190929336566,1.2800190929336566,1.2800190929336566,1.2800190929336566,1.2800190929336566,1.2800190929336566,1.2800190929336566,1.2800190929336566,1.2800190929336566,1.2800190929336566,1.2800190929336708,1.2800190929336708,1.2800190929336708,1.2800190929336708,1.2800190929336708,1.4453334542177743,0.6005573426102302,0.2382265994288133,0.25589613534749844,0.424735959193832,0.41878579084310985,0.7051148088057033,0.7638577298889366,0.4982614356483559,-0.19328542542673333,0.007596008497611884,0.0,0.00468349631215037,1.2800190929336566,1.2800190929336424,1.2800190929336424,1.2800190929336424,1.2800190929336424,1.2800190929336424,1.2800190929336424,1.2800190929336424,1.2800190929336424,1.2800190929336424,1.2800190929336424,1.2800190929336566,1.2800190929336424,1.2800190929336424,1.2800190929336281,1.2800190929336281,1.2800190929336281,1.2800190929336566,1.2800190929336424,1.2800190929336566,1.2800190929336566,1.2800190929336281,1.2800190929336281,1.2800190929336281,1.2908205637868022,1.455612498028934,1.8702723086644255,2.2165911957564504,3.33660804893681,3.3673099320745763,2.8706530208800984,2.7580497373495803,3.4334884721138366,3.4390692987197156,3.4274919025856434,1.2800190929336424,1.2800190929336424,1.2800190929336424,1.2800190929336424,1.2800190929336566,1.2800190929336566,1.2800190929336424,1.2800190929336424,1.2800190929336424,1.2800190929336566,-0.45797382191014435,0.003321876077535535,0.2766008902043211,0.6007268325076041,0.9167726716676157,0.9167480281298879,1.5944678125341056,1.798155117271449,1.2975278654927251,1.3915401848831834,1.1141514521923455,0.24243418445027487,0.12171560225340272,0.028250544358826346,2.731999753441002,3.0714429119120723,3.095042119486294,0.44056582600708083,0.3060293018352809,0.31647287744706887,1.9915564903242853,2.0877532126000915,0.8498363090317582,0.2076718164133169,-0.36189493065310785,-2.936647917644507,1.2800190929336424,1.2800190929336424,0.9244083320590164,0.9620360609486625,0.9227951686239066,0.44709272469131633,-0.02296404249776174,0.049579830224018906,0.16736167537047208,1.110939961612587,0.8528075821222174,1.2427813537212273,1.1946681777196915,1.7167262267000751,1.9076401177668743,2.134691819658059,2.4738852386627173,2.6680195568515614,2.778211481749082,1.2800190929336708,1.2800190929336566,1.2800190929336708,1.2800190929336708,1.2800190929336708,1.2800190929336708,1.2800190929336708,1.2800190929336708,1.117348077045989,1.1385623179030517,1.2800190929336566,-0.3365283350011765,-0.648066749290507,0.16229115817100137,0.6860496939300731,1.0049327118777427,0.8192755231767279,0.430652971991492,1.2800190929336566,1.2800190929336566,1.2800190929336566,1.2800190929336566,1.2800190929336566,1.2800190929336566,1.2800190929336566,1.2800190929336566,1.2800190929336566,1.2800190929336566,1.2800190929336566,1.2800190929336566,1.2800190929336566,1.2800190929336566,1.2800190929336281,1.2800190929336281,0.9930255847112335,1.2800190929336566,1.2800190929336566,1.041521469959406,0.5340552823984979,0.5381435856795349,0.5298164327784036,-0.9979970838027441,-0.6486342619492973,-0.6564283396194242,1.7942413187950024,1.8439821144939117,1.8273859957353977,2.809755667830075,2.8103683630641854,1.2800190929336566,1.2800190929336566,1.2800190929336566,1.2800190929336566,1.2800190929336566,1.2800190929336566,1.2800190929336566,1.2800190929336566,1.2800190929336566,1.2800190929336566,1.2800190929336566,1.2800190929336566,1.2800190929336566,1.2800190929336566,1.2800190929336566,1.2800190929336566,1.2800190929336566,1.2800190929336566,1.2800190929336566,1.2800190929336566,1.2800190929336566,1.2800190929336566,1.2800190929336566,1.2800190929336566,1.2800190929336566,1.2800190929336566
36,1.2847025892458248,1.2847025892458248,1.2847025892458248,1.2847025892458248,1.2847025892458248,1.2847025892458248,1.2847025892458248,1.2847025892458248,1.2847025892458248,1.2847025892458248,1.2847025892458248,1.2847025892458248,1.2847025892458248,1.2847025892458248,1.2847025892458248,1.2847025892458248,1.2847025892458248,1.2847025892458248,1.2847025892458248,1.284702589245839,1.284702589245839,1.284702589245832,1.284702589245832,1.284702589245832,1.4500169505299354,0.6052408389223842,0.24291009574096734,0.2605796316596525,0.42941945550598604,0.42346928715526033,0.7097983051178538,0.7685412262010871,0.5029449319605046,-0.18860192911458284,0.012279504809762365,0.00468349631215037,0.0,1.2847025892458248,1.2847025892458106,1.2847025892458106,1.2847025892458106,1.2847025892458106,1.2847025892458106,1.2847025892458106,1.2847025892458106,1.2847025892458106,1.2847025892458106,1.2847025892458106,1.2847025892458248,1.2847025892458106,1.2847025892458106,1.2847025892457964,1.2847025892457964,1.2847025892457964,1.2847025892458248,1.2847025892458106,1.2847025892458248,1.2847025892458248,1.2847025892457964,1.2847025892457964,1.2847025892457964,1.2955040600989705,1.4602959943411093,1.874955804976608,2.221274692068633,3.3412915452489926,3.3719934283867588,2.875336517192281,2.7627332336617627,3.438171968426019,3.443752795031898,3.432175398897826,1.2847025892458106,1.2847025892458106,1.2847025892458106,1.2847025892458106,1.2847025892458248,1.2847025892458248,1.2847025892458106,1.2847025892458106,1.2847025892458106,1.2847025892458248,-0.4532903255979761,0.00800537238970378,0.28128438651648935,0.6054103288197723,0.9214561679797839,0.9214315244420561,1.5991513088462739,1.8028386135836172,1.3022113618048934,1.3962236811953517,1.1188349485045137,0.24711768076244311,0.12639909856557097,0.03293404067099459,2.7366832497531703,3.0761264082242405,3.0997256157984623,0.44524932231923486,0.3107127981474349,0.3211563737592229,1.9962399866364535,2.0924367089122597,0.8545198053439194,0.21235531272547803,-0.3572114343409538,-2.9319644213323386,1.2847025892458106,1.2847025892458106,0.9290918283711846,0.9667195572608307,0.9274786649360749,0.4517762210034846,-0.018280546185593494,0.05426332653618715,0.17204517168264033,1.1156234579247553,0.8574910784343786,1.2474648500333814,1.1993516740318455,1.7214097230122434,1.9123236140790425,2.139375315970227,2.4785687349748855,2.6727030531637297,2.7828949780612504,1.284702589245839,1.2847025892458248,1.284702589245839,1.284702589245839,1.284702589245839,1.284702589245839,1.284702589245839,1.284702589245839,1.1220315733581572,1.14324581421522,1.2847025892458248,-0.33184483868899406,-0.6433832529783103,0.16697465448316962,0.6907331902422413,1.009616208189911,0.8239590194888962,0.43533646830366024,1.2847025892458248,1.2847025892458248,1.2847025892458248,1.2847025892458248,1.2847025892458248,1.2847025892458248,1.2847025892458248,1.2847025892458248,1.2847025892458248,1.2847025892458248,1.2847025892458248,1.2847025892458248,1.2847025892458248,1.2847025892458248,1.2847025892458532,1.2847025892458532,0.9977090810234017,1.2847025892458248,1.2847025892458248,1.0462049662715742,0.5387387787106661,0.5428270819917032,0.5344999290905719,-0.9933135874906043,-0.6439507656371575,-0.6517448433072843,1.7989248151071706,1.84866561080608,1.832069492047566,2.8144391641422715,2.815051859376382,1.2847025892458248,1.2847025892458248,1.2847025892458248,1.2847025892458248,1.2847025892458248,1.2847025892458248,1.2847025892458248,1.2847025892458248,1.2847025892458248,1.2847025892458248,1.2847025892458248,1.2847025892458248,1.2847025892458248,1.2847025892458248,1.2847025892458248,1.2847025892458248,1.2847025892458248,1.2847025892458248,1.2847025892458248,1.2847025892458248,1.2847025892458248,1.2847025892458248,1.2847025892458248,1.2847025892458248,1.2847025892458248,1.2847025892458248
37,0.0,0.0,0.0,0.0,0.0,0.0,0.0,0.0,0.0,0.0,-1.4210854715202004e-14,-1.4210854715202004e-14,-1.4210854715202004e-14,-1.4210854715202004e-14,-1.4210854715202004e-14,-1.4210854715202004e-14,-7.105427357601002e-15,-7.105427357601002e-15,-7.105427357601002e-15,-5.329070518200751e-15,-4.440892098500626e-15,-5.329070518200751e-15,1.7763568394002505e-15,0.0,-0.16531436128410348,0.6794617503234441,1.0417924935048575,1.0241229575861723,0.8552831337398388,0.861233302090568,0.5749042841279746,0.5161613630447377,0.7817576572853255,1.4733045183604077,1.2724230844360704,1.280019092933685,1.2847025892458248,0.0,-1.7763568394002505e-15,3.552713678800501e-15,3.552713678800501e-15,3.552713678800501e-15,3.552713678800501e-15,3.552713678800501e-15,7.105427357601002e-15,7.105427357601002e-15,7.105427357601002e-15,0.0,7.105427357601002e-15,7.105427357601002e-15,7.105427357601002e-15,7.105427357601002e-15,7.105427357601002e-15,7.105427357601002e-15,1.4210854715202004e-14,7.105427357601002e-15,1.4210854715202004e-14,1.4210854715202004e-14,0.0,7.105427357601002e-15,7.105427357601002e-15,0.010801470853134987,0.17559340509527388,0.5902532157307583,0.9365721028227867,2.0565889560031323,2.0872908391408913,1.5906339279463992,1.478030644415874,2.1534693791801587,2.159050205786045,2.1474728096519655,3.552713678800501e-15,3.552713678800501e-15,0.0,0.0,0.0,-7.105427357601002e-15,3.552713678800501e-15,1.0658141036401503e-14,7.105427357601002e-15,-7.105427357601002e-15,-1.737992914843801,-1.2766972168561495,-1.003418202729378,-0.6792922604260667,-0.3632464212660693,-0.3632710648037971,0.31444871960042065,0.518136024337764,0.017508772559040153,0.11152109194951265,-0.16586764074132532,-1.0375849084833817,-1.1583034906802823,-1.2517685485748586,1.4519806605073384,1.7914238189784015,1.8150230265526233,0.5194702337202912,0.38493370954849127,0.39537728516027926,0.7115373973906145,0.8077341196664207,-0.4301827839019161,-1.0723472765203574,-1.6419140235867893,-4.216667010578185,0.0,-3.552713678800501e-15,-0.3556107608746686,-0.3179830319850083,-0.3572239243097357,-0.8329263682423118,-1.302983135431404,-1.2304392627096519,-1.1126574175631845,-0.16907913132106955,-0.42721151081145337,-0.037237739212443444,-0.08535091521398286,0.43670713376639014,0.6276210248331751,0.8546727267243597,1.1938661457290465,1.3880004639179049,1.4981923888154256,0.0,-5.329070518200751e-15,0.0,-5.329070518200751e-15,-7.105427357601002e-15,-7.105427357601002e-15,-8.881784197001252e-15,-8.881784197001252e-15,-0.16267101588769606,-0.14145677503060483,-7.105427357601002e-15,-1.616547427934833,-1.9280858422241351,-1.117727934762641,-0.5939693990035835,-0.2750863810559281,-0.46074356975694286,-0.8493661209421859,-7.105427357601002e-15,-7.105427357601002e-15,-7.105427357601002e-15,-7.105427357601002e-15,-1.4210854715202004e-14,-1.4210854715202004e-14,-1.4210854715202004e-14,-1.4210854715202004e-14,-1.4210854715202004e-14,-1.4210854715202004e-14,-1.4210854715202004e-14,-1.4210854715202004e-14,-1.4210854715202004e-14,-1.4210854715202004e-14,-1.4210854715202004e-14,-1.4210854715202004e-14,-0.2869935082224302,-1.4210854715202004e-14,-1.4210854715202004e-14,-0.2384976229742648,-0.7459638105352013,-0.7418755072541643,-0.7502026601552814,-2.2780161767364433,-1.9286533548829823,-1.9364474325531091,0.5142222258613174,0.5639630215602267,0.5473669028017127,1.529736574896404,1.5303492701305146,-1.4210854715202004e-14,-1.4210854715202004e-14,-1.4210854715202004e-14,0.0,0.0,0.0,-1.4210854715202004e-14,-1.4210854715202004e-14,-1.4210854715202004e-14,-1.4210854715202004e-14,-1.4210854715202004e-14,-1.4210854715202004e-14,-1.4210854715202004e-14,-1.4210854715202004e-14,-1.4210854715202004e-14,-1.4210854715202004e-14,0.0,-1.4210854715202004e-14,-1.4210854715202004e-14,-1.4210854715202004e-14,-1.4210854715202004e-14,-1.4210854715202004e-14,-1.4210854715202004e-14,-1.4210854715202004e-14,-1.4210854715202004e-14,0.0
38,0.0,0.0,0.0,0.0,0.0,0.0,0.0,0.0,0.0,0.0,0.0,0.0,0.0,0.0,0.0,0.0,-7.105427357601002e-15,-1.0658141036401503e-14,-1.0658141036401503e-14,-7.105427357601002e-15,-5.329070518200751e-15,-5.329070518200751e-15,0.0,0.0,-0.16531436128410348,0.6794617503234477,1.0417924935048646,1.0241229575861794,0.8552831337398459,0.8612333020905751,0.5749042841279817,0.5161613630447448,0.7817576572853326,1.4733045183604219,1.2724230844360847,1.2800190929336992,1.284702589245839,-1.7763568394002505e-15,0.0,5.329070518200751e-15,3.552713678800501e-15,3.552713678800501e-15,3.552713678800501e-15,3.552713678800501e-15,7.105427357601002e-15,7.105427357601002e-15,7.105427357601002e-15,0.0,7.105427357601002e-15,7.105427357601002e-15,7.105427357601002e-15,7.105427357601002e-15,7.105427357601002e-15,7.105427357601002e-15,1.4210854715202004e-14,7.105427357601002e-15,1.4210854715202004e-14,1.4210854715202004e-14,0.0,7.105427357601002e-15,7.105427357601002e-15,0.010801470853134987,0.17559340509527033,0.5902532157307547,0.9365721028227867,2.0565889560031323,2.0872908391408913,1.5906339279463992,1.478030644415874,2.1534693791801587,2.159050205786045,2.1474728096519655,3.552713678800501e-15,3.552713678800501e-15,0.0,0.0,0.0,-3.552713678800501e-15,3.552713678800501e-15,1.0658141036401503e-14,7.105427357601002e-15,-7.105427357601002e-15,-1.7379929148438151,-1.2766972168561637,-1.0034182027293923,-0.6792922604260809,-0.36324642126608353,-0.3632710648038113,0.31444871960040643,0.5181360243377497,0.017508772559025942,0.11152109194949844,-0.16586764074133953,-1.037584908483396,-1.1583034906802965,-1.2517685485748729,1.4519806605073313,1.7914238189783944,1.815023026552609,0.5194702337202983,0.38493370954849837,0.39537728516028636,0.7115373973906145,0.8077341196664207,-0.4301827839019161,-1.072347276520361,-1.6419140235867928,-4.216667010578185,0.0,-3.552713678800501e-15,-0.3556107608746828,-0.31798303198502254,-0.3572239243097499,-0.832926368242326,-1.3029831354314183,-1.230439262709666,-1.1126574175631987,-0.16907913132108376,-0.42721151081145337,-0.037237739212443444,-0.08535091521398641,0.43670713376637593,0.6276210248331608,0.8546727267243455,1.1938661457290323,1.3880004639178907,1.4981923888154114,0.0,-7.105427357601002e-15,0.0,-7.105427357601002e-15,-7.105427357601002e-15,-7.105427357601002e-15,-1.0658141036401503e-14,-1.0658141036401503e-14,-0.16267101588771027,-0.14145677503061904,-1.4210854715202004e-14,-1.6165474279348473,-1.9280858422241494,-1.1177279347626552,-0.5939693990035977,-0.2750863810559281,-0.46074356975694286,-0.8493661209421788,-7.105427357601002e-15,-7.105427357601002e-15,-7.105427357601002e-15,0.0,0.0,0.0,0.0,0.0,0.0,0.0,0.0,0.0,0.0,0.0,0.0,0.0,-0.2869935082224231,0.0,0.0,-0.2384976229742506,-0.7459638105351871,-0.7418755072541501,-0.7502026601552672,-2.278016176736429,-1.928653354882968,-1.936447432553095,0.5142222258613316,0.5639630215602409,0.547366902801727,1.5297365748964182,1.5303492701305288,0.0,0.0,0.0,0.0,0.0,0.0,0.0,0.0,0.0,0.0,0.0,0.0,0.0,0.0,0.0,0.0,0.0,0.0,0.0,0.0,0.0,0.0,0.0,0.0,0.0,0.0
39,0.0,0.0,0.0,0.0,0.0,0.0,0.0,0.0,0.0,0.0,0.0,0.0,0.0,0.0,0.0,0.0,0.0,-3.552713678800501e-15,-3.552713678800501e-15,0.0,0.0,0.0,7.105427357601002e-15,7.105427357601002e-15,-0.16531436128409638,0.6794617503234548,1.0417924935048717,1.0241229575861865,0.855283133739853,0.8612333020905822,0.5749042841279959,0.516161363044759,0.7817576572853397,1.4733045183604219,1.2724230844360847,1.2800190929336992,1.284702589245839,3.552713678800501e-15,5.329070518200751e-15,0.0,-2.6645352591003757e-15,-1.7763568394002505e-15,-3.552713678800501e-15,-3.552713678800501e-15,0.0,0.0,0.0,-3.552713678800501e-15,0.0,0.0,0.0,0.0,0.0,0.0,7.105427357601002e-15,0.0,7.105427357601002e-15,0.0,0.0,7.105427357601002e-15,7.105427357601002e-15,0.01080147085313854,0.17559340509527743,0.5902532157307618,0.9365721028227938,2.0565889560031394,2.0872908391408984,1.5906339279464135,1.4780306444158953,2.153469379180166,2.159050205786052,2.1474728096519726,-1.7763568394002505e-15,0.0,-3.552713678800501e-15,0.0,0.0,-3.552713678800501e-15,-1.7763568394002505e-15,3.552713678800501e-15,-3.552713678800501e-15,0.0,-1.737992914843801,-1.2766972168561495,-1.003418202729378,-0.6792922604260667,-0.3632464212660693,-0.3632710648037971,0.31444871960042065,0.518136024337764,0.017508772559040153,0.11152109194951265,-0.16586764074132532,-1.037584908483396,-1.1583034906802823,-1.2517685485748586,1.4519806605073455,1.7914238189784086,1.8150230265526233,0.5194702337203054,0.3849337095485055,0.39537728516029347,0.7115373973906287,0.8077341196664349,-0.43018278390190545,-1.0723472765203468,-1.6419140235867786,-4.2166670105781705,-1.7763568394002505e-15,-5.329070518200751e-15,-0.3556107608746686,-0.3179830319850083,-0.3572239243097357,-0.8329263682423118,-1.302983135431404,-1.2304392627096519,-1.1126574175631845,-0.16907913132106955,-0.42721151081144626,-0.03723773921243634,-0.0853509152139793,0.43670713376639014,0.6276210248331751,0.8546727267243597,1.1938661457290465,1.3880004639179049,1.4981923888154256,7.105427357601002e-15,0.0,7.105427357601002e-15,0.0,0.0,0.0,-3.552713678800501e-15,-3.552713678800501e-15,-0.16267101588769606,-0.14145677503060483,0.0,-1.616547427934833,-1.9280858422241351,-1.117727934762641,-0.5939693990035835,-0.2750863810559139,-0.46074356975692865,-0.8493661209421646,0.0,0.0,0.0,0.0,0.0,0.0,0.0,0.0,0.0,0.0,0.0,0.0,0.0,0.0,0.0,0.0,-0.2869935082224231,0.0,0.0,-0.2384976229742506,-0.7459638105351871,-0.7418755072541501,-0.7502026601552672,-2.278016176736429,-1.928653354882968,-1.9364474325531091,0.5142222258613316,0.5639630215602267,0.547366902801727,1.5297365748964182,1.5303492701305288,0.0,0.0,0.0,0.0,0.0,0.0,0.0,0.0,0.0,0.0,0.0,0.0,0.0,0.0,0.0,0.0,0.0,0.0,0.0,0.0,0.0,0.0,0.0,0.0,0.0,0.0
40,0.0,0.0,0.0,0.0,0.0,0.0,0.0,0.0,0.0,0.0,0.0,0.0,0.0,0.0,0.0,0.0,-7.105427357601002e-15,-3.552713678800501e-15,-3.552713678800501e-15,0.0,0.0,0.0,7.105427357601002e-15,7.105427357601002e-15,-0.16531436128409638,0.6794617503234548,1.0417924935048717,1.0241229575861865,0.855283133739853,0.861233302090568,0.5749042841279675,0.5161613630447306,0.7817576572853113,1.4733045183603934,1.2724230844360562,1.2800190929336708,1.2847025892458106,3.552713678800501e-15,3.552713678800501e-15,-2.6645352591003757e-15,0.0,0.0,0.0,0.0,3.552713678800501e-15,3.552713678800501e-15,0.0,-3.552713678800501e-15,0.0,0.0,0.0,0.0,0.0,0.0,7.105427357601002e-15,3.552713678800501e-15,1.0658141036401503e-14,7.105427357601002e-15,-3.552713678800501e-15,3.552713678800501e-15,3.552713678800501e-15,0.01080147085313854,0.17559340509527743,0.5902532157307618,0.9365721028227938,2.0565889560031394,2.0872908391408984,1.5906339279464135,1.4780306444158953,2.153469379180166,2.159050205786052,2.1474728096519726,0.0,1.7763568394002505e-15,-1.7763568394002505e-15,-1.7763568394002505e-15,-3.552713678800501e-15,-7.105427357601002e-15,0.0,7.105427357601002e-15,0.0,-1.4210854715202004e-14,-1.7379929148438151,-1.2766972168561637,-1.0034182027293923,-0.6792922604260809,-0.36324642126608353,-0.3632710648038113,0.31444871960040643,0.5181360243377497,0.017508772559025942,0.11152109194949844,-0.16586764074133953,-1.0375849084833817,-1.1583034906802538,-1.2517685485748302,1.4519806605073455,1.7914238189784086,1.8150230265526233,0.5194702337203054,0.3849337095485055,0.39537728516029347,0.7115373973906003,0.8077341196664065,-0.43018278390190545,-1.0723472765203468,-1.6419140235867786,-4.2166670105781705,0.0,-3.552713678800501e-15,-0.3556107608746828,-0.31798303198502254,-0.3572239243097499,-0.832926368242326,-1.3029831354314183,-1.230439262709666,-1.1126574175631987,-0.16907913132108376,-0.42721151081144626,-0.03723773921243634,-0.0853509152139793,0.43670713376637593,0.6276210248331608,0.8546727267243455,1.1938661457290323,1.3880004639178907,1.4981923888154114,3.552713678800501e-15,-3.552713678800501e-15,3.552713678800501e-15,0.0,0.0,0.0,-3.552713678800501e-15,-3.552713678800501e-15,-0.16267101588771027,-0.14145677503061904,-7.105427357601002e-15,-1.6165474279348473,-1.9280858422241494,-1.1177279347626552,-0.5939693990035977,-0.2750863810559281,-0.46074356975694286,-0.8493661209421788,0.0,0.0,0.0,0.0,0.0,0.0,0.0,0.0,0.0,0.0,0.0,0.0,0.0,0.0,0.0,0.0,-0.2869935082224373,0.0,0.0,-0.2384976229742506,-0.7459638105351871,-0.7418755072541501,-0.7502026601552672,-2.278016176736429,-1.9286533548829823,-1.9364474325531091,0.5142222258613458,0.5639630215602551,0.547366902801727,1.5297365748964182,1.5303492701305288,0.0,0.0,0.0,0.0,0.0,0.0,0.0,0.0,0.0,0.0,0.0,0.0,0.0,0.0,0.0,0.0,0.0,0.0,0.0,0.0,0.0,0.0,0.0,0.0,0.0,0.0
41,0.0,0.0,0.0,0.0,0.0,0.0,0.0,0.0,0.0,0.0,0.0,0.0,0.0,0.0,0.0,0.0,0.0,0.0,0.0,0.0,0.0,0.0,0.0,0.0,-0.16531436128410348,0.6794617503234406,1.0417924935048575,1.0241229575861723,0.8552831337398317,0.8612333020905538,0.5749042841279532,0.5161613630447164,0.7817576572852971,1.4733045183603792,1.272423084436042,1.2800190929336566,1.2847025892457964,3.552713678800501e-15,3.552713678800501e-15,-1.7763568394002505e-15,0.0,0.0,0.0,0.0,0.0,0.0,0.0,0.0,7.105427357601002e-15,7.105427357601002e-15,1.0658141036401503e-14,1.0658141036401503e-14,1.4210854715202004e-14,1.4210854715202004e-14,2.1316282072803006e-14,0.0,7.105427357601002e-15,3.552713678800501e-15,-1.7763568394002505e-15,5.329070518200751e-15,7.105427357601002e-15,0.010801470853131434,0.17559340509527033,0.5902532157307547,0.9365721028227867,2.0565889560031394,2.0872908391409055,1.5906339279464277,1.4780306444159095,2.153469379180166,2.159050205786045,2.1474728096519726,0.0,1.3322676295501878e-15,-2.6645352591003757e-15,-2.6645352591003757e-15,-1.7763568394002505e-15,-7.105427357601002e-15,0.0,6.217248937900877e-15,0.0,0.0,-1.737992914843801,-1.2766972168561495,-1.003418202729378,-0.6792922604260667,-0.3632464212660693,-0.3632710648037971,0.31444871960042065,0.518136024337764,0.017508772559040153,0.11152109194949844,-0.16586764074133953,-1.0375849084834101,-1.1583034906802823,-1.2517685485748586,1.4519806605073384,1.7914238189784015,1.8150230265526233,0.5194702337202912,0.38493370954849127,0.39537728516027926,0.7115373973906003,0.8077341196664065,-0.43018278390191256,-1.0723472765203539,-1.6419140235867857,-4.216667010578178,0.0,-3.552713678800501e-15,-0.3556107608746686,-0.3179830319850083,-0.3572239243097357,-0.8329263682423118,-1.302983135431404,-1.2304392627096519,-1.1126574175631845,-0.16907913132106955,-0.42721151081145337,-0.037237739212443444,-0.08535091521398641,0.43670713376639014,0.6276210248331751,0.8546727267243597,1.1938661457290323,1.3880004639178765,1.4981923888153972,7.105427357601002e-15,0.0,7.105427357601002e-15,0.0,0.0,0.0,-7.105427357601002e-15,-7.105427357601002e-15,-0.16267101588769606,-0.14145677503060483,0.0,-1.616547427934833,-1.9280858422241351,-1.117727934762641,-0.5939693990035835,-0.2750863810559139,-0.46074356975692865,-0.8493661209421646,0.0,0.0,0.0,0.0,0.0,0.0,0.0,0.0,0.0,0.0,0.0,0.0,0.0,0.0,0.0,0.0,-0.2869935082224231,0.0,0.0,-0.2384976229742506,-0.7459638105351871,-0.7418755072541501,-0.7502026601552814,-2.278016176736429,-1.9286533548829823,-1.9364474325531091,0.5142222258613174,0.5639630215602267,0.547366902801727,1.5297365748964182,1.530349270130543,0.0,0.0,0.0,0.0,0.0,0.0,0.0,0.0,0.0,0.0,0.0,0.0,0.0,0.0,0.0,0.0,0.0,0.0,0.0,0.0,0.0,0.0,0.0,0.0,0.0,0.0
42,0.0,0.0,0.0,0.0,0.0,0.0,0.0,0.0,0.0,0.0,0.0,0.0,0.0,0.0,0.0,0.0,0.0,0.0,0.0,0.0,0.0,0.0,0.0,0.0,-0.16531436128410348,0.6794617503234477,1.0417924935048575,1.0241229575861581,0.8552831337398175,0.8612333020905396,0.5749042841279532,0.5161613630447164,0.7817576572852971,1.4733045183603792,1.272423084436042,1.2800190929336566,1.2847025892457964,3.552713678800501e-15,3.552713678800501e-15,-3.552713678800501e-15,0.0,0.0,0.0,6.661338147750939e-16,1.7763568394002505e-15,1.7763568394002505e-15,1.7763568394002505e-15,0.0,7.105427357601002e-15,3.552713678800501e-15,7.105427357601002e-15,7.105427357601002e-15,7.105427357601002e-15,7.105427357601002e-15,2.1316282072803006e-14,1.7763568394002505e-15,7.105427357601002e-15,3.552713678800501e-15,-1.7763568394002505e-15,3.552713678800501e-15,3.552713678800501e-15,0.01080147085313854,0.17559340509527743,0.5902532157307618,0.9365721028227938,2.0565889560031394,2.0872908391409055,1.5906339279464277,1.4780306444159095,2.153469379180166,2.159050205786045,2.1474728096519726,0.0,1.7763568394002505e-15,-1.7763568394002505e-15,-1.7763568394002505e-15,-3.552713678800501e-15,-7.105427357601002e-15,0.0,7.105427357601002e-15,0.0,0.0,-1.737992914843801,-1.2766972168561495,-1.003418202729378,-0.6792922604260667,-0.3632464212660693,-0.3632710648037971,0.31444871960042065,0.5181360243377355,0.01750877255901173,0.11152109194947002,-0.16586764074136795,-1.0375849084834385,-1.1583034906803107,-1.251768548574887,1.4519806605073455,1.7914238189784157,1.8150230265526375,0.5194702337202841,0.38493370954849127,0.39537728516027926,0.7115373973905719,0.8077341196663781,-0.43018278390191256,-1.0723472765203539,-1.6419140235867857,-4.216667010578192,0.0,-3.552713678800501e-15,-0.3556107608746686,-0.3179830319850083,-0.3572239243097357,-0.8329263682423118,-1.302983135431404,-1.2304392627096377,-1.1126574175631845,-0.16907913132106955,-0.42721151081145337,-0.037237739212443444,-0.08535091521398641,0.43670713376639014,0.6276210248331893,0.8546727267243739,1.1938661457290323,1.3880004639178765,1.4981923888153972,7.105427357601002e-15,0.0,7.105427357601002e-15,0.0,0.0,0.0,-7.105427357601002e-15,-7.105427357601002e-15,-0.16267101588769606,-0.14145677503060483,0.0,-1.616547427934833,-1.9280858422241351,-1.117727934762641,-0.5939693990035835,-0.2750863810559139,-0.46074356975692865,-0.8493661209421646,0.0,0.0,0.0,0.0,0.0,0.0,0.0,0.0,0.0,0.0,0.0,0.0,0.0,0.0,0.0,0.0,-0.2869935082224231,0.0,0.0,-0.2384976229742506,-0.7459638105351871,-0.7418755072541501,-0.7502026601552814,-2.2780161767364575,-1.9286533548830107,-1.9364474325531376,0.5142222258613174,0.5639630215602267,0.547366902801727,1.529736574896404,1.5303492701305288,0.0,0.0,0.0,0.0,0.0,0.0,0.0,0.0,0.0,0.0,0.0,0.0,0.0,0.0,0.0,0.0,0.0,0.0,0.0,0.0,0.0,0.0,0.0,0.0,0.0,0.0
43,0.0,0.0,0.0,0.0,0.0,0.0,0.0,0.0,0.0,0.0,0.0,0.0,0.0,0.0,0.0,0.0,0.0,0.0,0.0,0.0,0.0,0.0,0.0,0.0,-0.16531436128410348,0.6794617503234477,1.0417924935048575,1.0241229575861581,0.8552831337398175,0.8612333020905396,0.574904284127939,0.5161613630447022,0.7817576572852829,1.473304518360365,1.2724230844360278,1.2800190929336424,1.2847025892457822,3.552713678800501e-15,3.552713678800501e-15,-3.552713678800501e-15,0.0,0.0,6.661338147750939e-16,0.0,8.881784197001252e-16,8.881784197001252e-16,0.0,-1.7763568394002505e-15,3.552713678800501e-15,3.552713678800501e-15,7.105427357601002e-15,7.105427357601002e-15,7.105427357601002e-15,7.105427357601002e-15,2.1316282072803006e-14,1.7763568394002505e-15,7.105427357601002e-15,3.552713678800501e-15,-1.7763568394002505e-15,3.552713678800501e-15,3.552713678800501e-15,0.01080147085313854,0.17559340509527743,0.5902532157307618,0.9365721028228009,2.0565889560031536,2.0872908391409197,1.5906339279464419,1.4780306444159237,2.15346937918018,2.159050205786059,2.147472809651987,0.0,1.7763568394002505e-15,-1.7763568394002505e-15,-1.7763568394002505e-15,-3.552713678800501e-15,-7.105427357601002e-15,0.0,5.329070518200751e-15,0.0,0.0,-1.737992914843801,-1.2766972168561495,-1.003418202729378,-0.6792922604260667,-0.3632464212660693,-0.3632710648037971,0.31444871960042065,0.518136024337764,0.017508772559040153,0.11152109194949844,-0.16586764074133953,-1.0375849084834101,-1.1583034906802823,-1.2517685485748586,1.4519806605073455,1.7914238189784157,1.8150230265526375,0.5194702337202983,0.3849337095485055,0.39537728516029347,0.7115373973906003,0.8077341196664065,-0.43018278390191256,-1.0723472765203539,-1.6419140235867857,-4.216667010578163,0.0,-3.552713678800501e-15,-0.3556107608746686,-0.3179830319850083,-0.3572239243097357,-0.8329263682423118,-1.3029831354313899,-1.2304392627096092,-1.112657417563156,-0.16907913132104113,-0.42721151081145337,-0.037237739212443444,-0.08535091521398641,0.43670713376639014,0.6276210248331893,0.8546727267243739,1.1938661457290323,1.3880004639178765,1.4981923888153972,7.105427357601002e-15,0.0,7.105427357601002e-15,0.0,0.0,0.0,-7.105427357601002e-15,-7.105427357601002e-15,-0.16267101588769606,-0.14145677503060483,0.0,-1.616547427934833,-1.9280858422241351,-1.117727934762641,-0.5939693990035835,-0.2750863810559139,-0.46074356975692865,-0.8493661209421646,0.0,0.0,0.0,0.0,0.0,0.0,0.0,0.0,0.0,0.0,0.0,0.0,0.0,0.0,0.0,0.0,-0.2869935082224231,0.0,0.0,-0.2384976229742506,-0.7459638105351587,-0.7418755072541217,-0.7502026601552529,-2.278016176736429,-1.9286533548829823,-1.9364474325531091,0.5142222258613458,0.5639630215602551,0.547366902801727,1.5297365748964182,1.5303492701305288,0.0,0.0,0.0,0.0,0.0,0.0,0.0,0.0,0.0,0.0,0.0,0.0,0.0,0.0,0.0,0.0,0.0,0.0,0.0,0.0,0.0,0.0,0.0,0.0,0.0,0.0
44,0.0,0.0,0.0,0.0,0.0,0.0,0.0,0.0,0.0,0.0,0.0,0.0,0.0,0.0,0.0,0.0,0.0,0.0,0.0,0.0,0.0,0.0,0.0,0.0,-0.16531436128410348,0.6794617503234406,1.0417924935048433,1.024122957586144,0.8552831337398032,0.8612333020905254,0.574904284127939,0.5161613630447022,0.7817576572852829,1.473304518360365,1.2724230844360278,1.2800190929336424,1.2847025892457822,7.105427357601002e-15,7.105427357601002e-15,0.0,3.552713678800501e-15,3.552713678800501e-15,1.7763568394002505e-15,8.881784197001252e-16,0.0,0.0,0.0,-1.7763568394002505e-15,3.552713678800501e-15,0.0,3.552713678800501e-15,3.552713678800501e-15,3.552713678800501e-15,3.552713678800501e-15,1.7763568394002505e-14,0.0,7.105427357601002e-15,5.329070518200751e-15,0.0,7.105427357601002e-15,7.105427357601002e-15,0.01080147085313854,0.17559340509527743,0.5902532157307689,0.9365721028227938,2.0565889560031536,2.0872908391409197,1.5906339279464419,1.4780306444159237,2.15346937918018,2.159050205786059,2.147472809651987,3.552713678800501e-15,5.329070518200751e-15,1.7763568394002505e-15,0.0,0.0,-3.552713678800501e-15,3.552713678800501e-15,8.881784197001252e-15,3.552713678800501e-15,0.0,-1.737992914843801,-1.2766972168561495,-1.003418202729378,-0.6792922604260667,-0.3632464212660693,-0.3632710648037971,0.31444871960042065,0.518136024337764,0.017508772559040153,0.11152109194949844,-0.16586764074133953,-1.0375849084834101,-1.1583034906802823,-1.2517685485748586,1.4519806605073455,1.7914238189784157,1.8150230265526375,0.5194702337202841,0.38493370954849127,0.39537728516027926,0.7115373973906003,0.8077341196664065,-0.43018278390191256,-1.0723472765203539,-1.6419140235867857,-4.216667010578163,0.0,-3.552713678800501e-15,-0.3556107608746686,-0.3179830319850083,-0.3572239243097357,-0.8329263682423118,-1.3029831354313899,-1.2304392627096092,-1.112657417563156,-0.16907913132104113,-0.42721151081145337,-0.037237739212443444,-0.08535091521398641,0.43670713376639014,0.6276210248331893,0.8546727267243739,1.1938661457290323,1.3880004639178765,1.4981923888153972,7.105427357601002e-15,0.0,7.105427357601002e-15,0.0,0.0,0.0,-7.105427357601002e-15,-7.105427357601002e-15,-0.16267101588769606,-0.14145677503060483,0.0,-1.616547427934833,-1.9280858422241351,-1.117727934762641,-0.5939693990035835,-0.2750863810559139,-0.46074356975692865,-0.8493661209421646,0.0,0.0,0.0,0.0,0.0,0.0,0.0,0.0,0.0,0.0,0.0,0.0,0.0,0.0,0.0,0.0,-0.2869935082224231,0.0,0.0,-0.2384976229742506,-0.7459638105351587,-0.7418755072541217,-0.7502026601552529,-2.278016176736429,-1.9286533548829823,-1.9364474325531091,0.5142222258613458,0.5639630215602551,0.547366902801727,1.5297365748964182,1.5303492701305288,0.0,0.0,0.0,0.0,0.0,0.0,0.0,0.0,0.0,0.0,0.0,0.0,0.0,0.0,0.0,0.0,0.0,0.0,0.0,0.0,0.0,0.0,0.0,0.0,0.0,0.0
45,-2.842170943040401e-14,-2.842170943040401e-14,-2.842170943040401e-14,-2.842170943040401e-14,-2.842170943040401e-14,-2.842170943040401e-14,-2.842170943040401e-14,-2.842170943040401e-14,-2.842170943040401e-14,-2.842170943040401e-14,-2.842170943040401e-14,-2.842170943040401e-14,-2.842170943040401e-14,-2.842170943040401e-14,-1.4210854715202004e-14,-1.4210854715202004e-14,-1.4210854715202004e-14,-7.105427357601002e-15,-7.105427357601002e-15,-7.105427357601002e-15,-7.105427357601002e-15,-7.105427357601002e-15,-7.105427357601002e-15,-7.105427357601002e-15,-0.1653143612841106,0.6794617503234264,1.041792493504829,1.0241229575861297,0.855283133739789,0.8612333020905112,0.5749042841279106,0.5161613630446737,0.7817576572852545,1.4733045183603366,1.2724230844359994,1.280019092933614,1.2847025892457538,0.0,7.105427357601002e-15,0.0,3.552713678800501e-15,1.7763568394002505e-15,1.7763568394002505e-15,8.881784197001252e-16,0.0,0.0,0.0,-1.7763568394002505e-15,3.552713678800501e-15,1.7763568394002505e-15,3.552713678800501e-15,3.552713678800501e-15,3.552713678800501e-15,3.552713678800501e-15,1.7763568394002505e-14,0.0,5.329070518200751e-15,3.552713678800501e-15,0.0,7.105427357601002e-15,7.105427357601002e-15,0.010801470853131434,0.17559340509525612,0.5902532157307547,0.9365721028227796,2.0565889560031394,2.0872908391409055,1.5906339279464277,1.4780306444159095,2.153469379180166,2.159050205786045,2.1474728096519726,1.7763568394002505e-15,3.552713678800501e-15,0.0,0.0,0.0,-3.552713678800501e-15,1.7763568394002505e-15,7.105427357601002e-15,3.552713678800501e-15,-1.4210854715202004e-14,-1.7379929148438151,-1.2766972168561637,-1.0034182027293923,-0.6792922604260809,-0.36324642126608353,-0.3632710648038113,0.31444871960042065,0.518136024337764,0.017508772559040153,0.11152109194949844,-0.16586764074133953,-1.0375849084834101,-1.1583034906802823,-1.2517685485748586,1.4519806605073171,1.7914238189783873,1.815023026552609,0.5194702337202699,0.38493370954847705,0.39537728516026505,0.7115373973906003,0.8077341196664065,-0.43018278390191966,-1.072347276520361,-1.6419140235867928,-4.216667010578192,7.105427357601002e-15,3.552713678800501e-15,-0.3556107608746828,-0.31798303198502254,-0.3572239243097499,-0.8329263682423118,-1.3029831354313899,-1.2304392627096092,-1.112657417563156,-0.16907913132104113,-0.42721151081146047,-0.037237739212457655,-0.08535091521399352,0.4367071337663617,0.6276210248331608,0.8546727267243455,1.1938661457290038,1.388000463917848,1.4981923888153688,0.0,-7.105427357601002e-15,0.0,-7.105427357601002e-15,-7.105427357601002e-15,-7.105427357601002e-15,-1.4210854715202004e-14,-1.4210854715202004e-14,-0.16267101588771027,-0.14145677503061904,-7.105427357601002e-15,-1.6165474279348473,-1.9280858422241494,-1.1177279347626552,-0.5939693990035977,-0.2750863810559281,-0.46074356975694286,-0.8493661209421788,-1.4210854715202004e-14,-1.4210854715202004e-14,-1.4210854715202004e-14,-1.4210854715202004e-14,-2.842170943040401e-14,-2.842170943040401e-14,-2.842170943040401e-14,-2.842170943040401e-14,-2.842170943040401e-14,-2.842170943040401e-14,-2.842170943040401e-14,-2.842170943040401e-14,-2.842170943040401e-14,-2.842170943040401e-14,0.0,0.0,-0.2869935082224373,-2.842170943040401e-14,-2.842170943040401e-14,-0.238497622974279,-0.7459638105351871,-0.7418755072541501,-0.7502026601552814,-2.278016176736429,-1.9286533548829823,-1.9364474325531091,0.5142222258613174,0.5639630215602267,0.5473669028017127,1.5297365748963898,1.5303492701305004,-2.842170943040401e-14,-2.842170943040401e-14,-2.842170943040401e-14,-2.842170943040401e-14,-2.842170943040401e-14,-2.842170943040401e-14,-2.842170943040401e-14,-2.842170943040401e-14,-2.842170943040401e-14,-2.842170943040401e-14,-2.842170943040401e-14,-2.842170943040401e-14,-2.842170943040401e-14,-2.842170943040401e-14,-2.842170943040401e-14,-2.842170943040401e-14,-2.842170943040401e-14,-2.842170943040401e-14,-2.842170943040401e-14,-2.842170943040401e-14,-2.842170943040401e-14,-2.842170943040401e-14,-2.842170943040401e-14,-2.842170943040401e-14,-2.842170943040401e-14,-2.842170943040401e-14
46,0.0,0.0,0.0,0.0,0.0,0.0,0.0,0.0,0.0,0.0,0.0,0.0,0.0,0.0,0.0,0.0,0.0,0.0,0.0,0.0,0.0,0.0,0.0,0.0,-0.16531436128408927,0.6794617503234548,1.0417924935048575,1.0241229575861581,0.8552831337398175,0.8612333020905396,0.574904284127939,0.5161613630447022,0.7817576572852829,1.473304518360365,1.2724230844360278,1.2800190929336424,1.2847025892457822,0.0,0.0,-3.552713678800501e-15,0.0,0.0,0.0,0.0,0.0,0.0,0.0,-1.7763568394002505e-15,4.440892098500626e-15,1.7763568394002505e-15,3.552713678800501e-15,3.552713678800501e-15,3.552713678800501e-15,3.552713678800501e-15,1.7763568394002505e-14,0.0,7.105427357601002e-15,3.552713678800501e-15,-3.552713678800501e-15,3.552713678800501e-15,7.105427357601002e-15,0.01080147085313854,0.17559340509528454,0.5902532157307832,0.936572102822808,2.056588956003168,2.087290839140934,1.590633927946456,1.478030644415938,2.153469379180194,2.159050205786073,2.147472809652001,0.0,0.0,-3.552713678800501e-15,-7.105427357601002e-15,-7.105427357601002e-15,-1.0658141036401503e-14,0.0,3.552713678800501e-15,0.0,0.0,-1.737992914843801,-1.2766972168561495,-1.003418202729378,-0.6792922604260667,-0.3632464212660693,-0.3632710648037971,0.31444871960042065,0.518136024337764,0.017508772559040153,0.11152109194949844,-0.16586764074133953,-1.0375849084834101,-1.1583034906802823,-1.2517685485748586,1.4519806605073455,1.7914238189784157,1.8150230265526375,0.5194702337202983,0.3849337095485055,0.39537728516029347,0.7115373973906003,0.8077341196664065,-0.43018278390191256,-1.072347276520361,-1.6419140235867928,-4.216667010578178,0.0,0.0,-0.3556107608746686,-0.3179830319850083,-0.3572239243097499,-0.8329263682423402,-1.3029831354314183,-1.2304392627096377,-1.1126574175631845,-0.16907913132106955,-0.42721151081144626,-0.03723773921242923,-0.0853509152139651,0.43670713376639014,0.6276210248331893,0.8546727267243739,1.1938661457290323,1.3880004639178765,1.4981923888153972,7.105427357601002e-15,0.0,7.105427357601002e-15,0.0,0.0,0.0,-7.105427357601002e-15,-7.105427357601002e-15,-0.16267101588769606,-0.14145677503063325,0.0,-1.616547427934833,-1.9280858422241351,-1.117727934762641,-0.5939693990035835,-0.2750863810559139,-0.46074356975692865,-0.8493661209421646,0.0,0.0,0.0,0.0,0.0,0.0,0.0,0.0,0.0,0.0,0.0,0.0,0.0,0.0,0.0,0.0,-0.2869935082224231,0.0,0.0,-0.2384976229742506,-0.7459638105351587,-0.7418755072541217,-0.7502026601552529,-2.2780161767364007,-1.9286533548829539,-1.9364474325530807,0.5142222258613458,0.5639630215602551,0.5473669028017412,1.5297365748964182,1.5303492701305288,0.0,0.0,0.0,0.0,0.0,0.0,0.0,0.0,0.0,0.0,0.0,0.0,0.0,0.0,0.0,0.0,0.0,0.0,0.0,0.0,0.0,0.0,0.0,0.0,0.0,0.0
47,0.0,0.0,0.0,0.0,0.0,0.0,0.0,0.0,0.0,0.0,0.0,0.0,0.0,0.0,0.0,0.0,0.0,0.0,0.0,0.0,0.0,0.0,0.0,0.0,-0.16531436128410348,0.6794617503234406,1.0417924935048433,1.024122957586144,0.8552831337398032,0.8612333020905254,0.574904284127939,0.5161613630447022,0.7817576572852829,1.473304518360365,1.2724230844360278,1.2800190929336424,1.2847025892457822,0.0,0.0,-3.552713678800501e-15,0.0,0.0,-1.7763568394002505e-15,-1.7763568394002505e-15,-1.7763568394002505e-15,-1.7763568394002505e-15,-1.7763568394002505e-15,0.0,6.217248937900877e-15,3.552713678800501e-15,5.329070518200751e-15,5.329070518200751e-15,7.105427357601002e-15,7.105427357601002e-15,2.1316282072803006e-14,0.0,7.105427357601002e-15,7.105427357601002e-15,0.0,7.105427357601002e-15,7.105427357601002e-15,0.01080147085313854,0.17559340509527033,0.5902532157307689,0.9365721028227938,2.0565889560031536,2.0872908391409197,1.5906339279464419,1.4780306444159237,2.15346937918018,2.159050205786059,2.147472809651987,0.0,0.0,-7.105427357601002e-15,-7.105427357601002e-15,-7.105427357601002e-15,-1.4210854715202004e-14,0.0,7.105427357601002e-15,0.0,0.0,-1.737992914843801,-1.2766972168561495,-1.003418202729378,-0.6792922604260667,-0.3632464212660693,-0.3632710648037971,0.31444871960042065,0.518136024337764,0.017508772559040153,0.11152109194949844,-0.16586764074133953,-1.0375849084834101,-1.1583034906802823,-1.2517685485748586,1.4519806605073313,1.7914238189784015,1.8150230265526233,0.5194702337202841,0.38493370954849127,0.39537728516027926,0.7115373973906003,0.8077341196664065,-0.43018278390191256,-1.072347276520361,-1.6419140235867928,-4.216667010578192,0.0,0.0,-0.3556107608746686,-0.31798303198502254,-0.35722392430977834,-0.8329263682423687,-1.3029831354314467,-1.230439262709666,-1.112657417563213,-0.16907913132109798,-0.42721151081144626,-0.03723773921242923,-0.0853509152139651,0.43670713376639014,0.6276210248331893,0.8546727267243739,1.1938661457290323,1.3880004639178765,1.4981923888153972,7.105427357601002e-15,0.0,7.105427357601002e-15,0.0,0.0,0.0,-7.105427357601002e-15,-7.105427357601002e-15,-0.16267101588766764,-0.14145677503060483,0.0,-1.616547427934833,-1.9280858422241351,-1.117727934762641,-0.5939693990035835,-0.2750863810559139,-0.46074356975692865,-0.8493661209421646,0.0,0.0,0.0,0.0,0.0,0.0,0.0,0.0,0.0,0.0,0.0,0.0,0.0,0.0,0.0,0.0,-0.2869935082224231,0.0,0.0,-0.2384976229742506,-0.7459638105351587,-0.7418755072541217,-0.7502026601552529,-2.2780161767364007,-1.9286533548829539,-1.9364474325530807,0.5142222258613458,0.5639630215602551,0.5473669028017412,1.5297365748964182,1.5303492701305288,0.0,0.0,0.0,0.0,0.0,0.0,0.0,0.0,0.0,0.0,0.0,0.0,0.0,0.0,0.0,0.0,0.0,0.0,0.0,0.0,0.0,0.0,0.0,0.0,0.0,0.0
48,0.0,0.0,0.0,0.0,0.0,0.0,0.0,0.0,0.0,0.0,0.0,0.0,0.0,0.0,0.0,0.0,0.0,7.105427357601002e-15,7.105427357601002e-15,7.105427357601002e-15,7.105427357601002e-15,7.105427357601002e-15,7.105427357601002e-15,0.0,-0.16531436128408927,0.6794617503234548,1.0417924935048575,1.0241229575861581,0.8552831337398175,0.8612333020905396,0.574904284127939,0.5161613630447022,0.7817576572852829,1.473304518360365,1.2724230844360278,1.2800190929336424,1.2847025892457822,7.105427357601002e-15,7.105427357601002e-15,7.105427357601002e-15,7.105427357601002e-15,7.105427357601002e-15,7.105427357601002e-15,7.105427357601002e-15,3.552713678800501e-15,3.552713678800501e-15,4.440892098500626e-15,6.217248937900877e-15,0.0,-2.6645352591003757e-15,-8.881784197001252e-16,-8.881784197001252e-16,-1.7763568394002505e-15,-1.7763568394002505e-15,8.881784197001252e-15,3.552713678800501e-15,1.0658141036401503e-14,1.0658141036401503e-14,7.105427357601002e-15,1.4210854715202004e-14,1.4210854715202004e-14,0.01080147085313854,0.17559340509528454,0.5902532157307832,0.936572102822808,2.056588956003168,2.087290839140934,1.590633927946456,1.478030644415938,2.153469379180194,2.159050205786073,2.147472809652001,7.105427357601002e-15,7.105427357601002e-15,0.0,0.0,0.0,-7.105427357601002e-15,7.105427357601002e-15,1.4210854715202004e-14,7.105427357601002e-15,0.0,-1.737992914843801,-1.2766972168561495,-1.003418202729378,-0.6792922604260667,-0.3632464212660693,-0.3632710648037971,0.31444871960042065,0.518136024337764,0.017508772559040153,0.11152109194949844,-0.16586764074133953,-1.0375849084834101,-1.1583034906802823,-1.2517685485748586,1.4519806605073455,1.7914238189784157,1.8150230265526375,0.5194702337202983,0.3849337095485055,0.39537728516029347,0.7115373973906003,0.8077341196664065,-0.43018278390191256,-1.072347276520361,-1.6419140235867928,-4.216667010578178,7.105427357601002e-15,7.105427357601002e-15,-0.3556107608746686,-0.31798303198502254,-0.35722392430977834,-0.8329263682423687,-1.3029831354314467,-1.230439262709666,-1.112657417563213,-0.16907913132109798,-0.42721151081144626,-0.03723773921242923,-0.0853509152139651,0.43670713376639014,0.6276210248331893,0.8546727267243739,1.1938661457290323,1.3880004639178765,1.4981923888153972,1.4210854715202004e-14,7.105427357601002e-15,1.4210854715202004e-14,1.4210854715202004e-14,1.4210854715202004e-14,1.4210854715202004e-14,0.0,0.0,-0.16267101588769606,-0.14145677503063325,1.4210854715202004e-14,-1.616547427934833,-1.9280858422241351,-1.117727934762641,-0.5939693990035835,-0.2750863810559139,-0.46074356975692865,-0.8493661209421646,0.0,0.0,0.0,0.0,0.0,0.0,0.0,0.0,0.0,0.0,0.0,0.0,0.0,0.0,0.0,0.0,-0.2869935082224231,0.0,0.0,-0.2384976229742506,-0.7459638105351587,-0.7418755072541217,-0.7502026601552529,-2.2780161767364007,-1.9286533548829539,-1.9364474325530807,0.5142222258613458,0.5639630215602551,0.5473669028017412,1.5297365748964182,1.5303492701305288,0.0,0.0,0.0,0.0,0.0,0.0,0.0,0.0,0.0,0.0,0.0,0.0,0.0,0.0,0.0,0.0,0.0,0.0,0.0,0.0,0.0,0.0,0.0,0.0,0.0,0.0
49,0.0,0.0,0.0,0.0,0.0,0.0,0.0,0.0,0.0,0.0,0.0,0.0,0.0,0.0,0.0,0.0,0.0,0.0,0.0,0.0,0.0,0.0,0.0,0.0,-0.16531436128410348,0.6794617503234406,1.0417924935048433,1.024122957586144,0.8552831337398032,0.8612333020905254,0.574904284127939,0.5161613630447022,0.7817576572852829,1.473304518360365,1.2724230844360278,1.2800190929336424,1.2847025892457822,0.0,0.0,0.0,7.105427357601002e-15,7.105427357601002e-15,7.105427357601002e-15,7.105427357601002e-15,3.552713678800501e-15,1.7763568394002505e-15,1.7763568394002505e-15,3.552713678800501e-15,-2.6645352591003757e-15,0.0,2.220446049250313e-15,1.7763568394002505e-15,1.7763568394002505e-15,1.7763568394002505e-15,1.2434497875801753e-14,3.552713678800501e-15,1.0658141036401503e-14,1.0658141036401503e-14,7.105427357601002e-15,1.4210854715202004e-14,1.4210854715202004e-14,0.01080147085313854,0.17559340509527033,0.5902532157307689,0.9365721028227938,2.0565889560031536,2.0872908391409197,1.5906339279464419,1.4780306444159237,2.15346937918018,2.159050205786059,2.147472809651987,7.105427357601002e-15,7.105427357601002e-15,0.0,0.0,0.0,-7.105427357601002e-15,7.105427357601002e-15,1.4210854715202004e-14,7.105427357601002e-15,0.0,-1.737992914843801,-1.2766972168561495,-1.003418202729378,-0.6792922604260809,-0.3632464212660693,-0.3632710648037971,0.31444871960042065,0.518136024337764,0.017508772559040153,0.11152109194949844,-0.16586764074133953,-1.0375849084834101,-1.1583034906802823,-1.2517685485748586,1.4519806605073313,1.7914238189784015,1.8150230265526233,0.5194702337202841,0.38493370954849127,0.39537728516027926,0.7115373973906003,0.8077341196664065,-0.43018278390191256,-1.072347276520361,-1.6419140235867928,-4.216667010578192,7.105427357601002e-15,7.105427357601002e-15,-0.3556107608746686,-0.31798303198502254,-0.35722392430977834,-0.8329263682423687,-1.3029831354314467,-1.230439262709666,-1.112657417563213,-0.16907913132109798,-0.42721151081144626,-0.03723773921242923,-0.0853509152139651,0.43670713376639014,0.6276210248331893,0.8546727267243739,1.1938661457290323,1.3880004639178765,1.4981923888153972,0.0,-1.4210854715202004e-14,0.0,0.0,0.0,0.0,-7.105427357601002e-15,-1.4210854715202004e-14,-0.16267101588769606,-0.14145677503063325,0.0,-1.616547427934833,-1.9280858422241351,-1.117727934762641,-0.5939693990035835,-0.2750863810559139,-0.46074356975692865,-0.8493661209421646,0.0,0.0,0.0,0.0,0.0,0.0,0.0,0.0,0.0,0.0,0.0,0.0,0.0,0.0,0.0,0.0,-0.2869935082224231,0.0,0.0,-0.2384976229742506,-0.7459638105351587,-0.7418755072541217,-0.7502026601552529,-2.2780161767364007,-1.9286533548829539,-1.9364474325530807,0.5142222258613458,0.5639630215602551,0.5473669028017412,1.5297365748964182,1.5303492701305288,0.0,0.0,0.0,0.0,0.0,0.0,0.0,0.0,0.0,0.0,0.0,0.0,0.0,0.0,0.0,0.0,0.0,0.0,0.0,0.0,0.0,0.0,0.0,0.0,0.0,0.0
50,0.0,0.0,0.0,0.0,0.0,0.0,0.0,0.0,0.0,0.0,0.0,0.0,0.0,0.0,-1.4210854715202004e-14,-1.4210854715202004e-14,-1.4210854715202004e-14,-1.4210854715202004e-14,-1.4210854715202004e-14,0.0,0.0,0.0,0.0,0.0,-0.16531436128408927,0.6794617503234548,1.0417924935048575,1.0241229575861581,0.8552831337398175,0.8612333020905396,0.574904284127939,0.5161613630447022,0.7817576572852829,1.473304518360365,1.2724230844360278,1.2800190929336424,1.2847025892457964,0.0,0.0,0.0,7.105427357601002e-15,7.105427357601002e-15,7.105427357601002e-15,7.105427357601002e-15,3.552713678800501e-15,3.552713678800501e-15,3.552713678800501e-15,5.329070518200751e-15,-8.881784197001252e-16,2.220446049250313e-15,0.0,0.0,0.0,0.0,1.2434497875801753e-14,3.552713678800501e-15,1.0658141036401503e-14,7.105427357601002e-15,7.105427357601002e-15,1.4210854715202004e-14,1.4210854715202004e-14,0.01080147085313854,0.17559340509528454,0.5902532157307832,0.936572102822808,2.056588956003168,2.087290839140934,1.590633927946456,1.478030644415938,2.153469379180194,2.159050205786073,2.147472809652001,7.105427357601002e-15,7.105427357601002e-15,0.0,0.0,0.0,-7.105427357601002e-15,7.105427357601002e-15,1.4210854715202004e-14,7.105427357601002e-15,-1.4210854715202004e-14,-1.7379929148438151,-1.2766972168561637,-1.0034182027293923,-0.6792922604261094,-0.36324642126609774,-0.36327106480382554,0.3144487196003922,0.5181360243377355,0.01750877255901173,0.11152109194947002,-0.16586764074136795,-1.0375849084834385,-1.1583034906803107,-1.251768548574887,1.4519806605073455,1.7914238189784157,1.8150230265526375,0.5194702337202983,0.3849337095485055,0.39537728516029347,0.7115373973905719,0.8077341196663781,-0.43018278390191256,-1.072347276520361,-1.6419140235867928,-4.216667010578178,7.105427357601002e-15,7.105427357601002e-15,-0.355610760874697,-0.31798303198505096,-0.35722392430980676,-0.8329263682423971,-1.3029831354314751,-1.2304392627096945,-1.1126574175632413,-0.1690791313211264,-0.42721151081144626,-0.03723773921242923,-0.0853509152139651,0.4367071337663617,0.6276210248331608,0.8546727267243455,1.1938661457290038,1.388000463917848,1.4981923888153688,0.0,-1.4210854715202004e-14,0.0,0.0,0.0,0.0,0.0,0.0,-0.16267101588772448,-0.14145677503066167,-1.4210854715202004e-14,-1.6165474279348473,-1.9280858422241494,-1.1177279347626552,-0.5939693990036119,-0.2750863810559281,-0.46074356975694286,-0.8493661209421788,-1.4210854715202004e-14,-1.4210854715202004e-14,-1.4210854715202004e-14,-1.4210854715202004e-14,0.0,0.0,0.0,0.0,0.0,0.0,0.0,0.0,0.0,0.0,0.0,0.0,-0.2869935082224373,0.0,0.0,-0.2384976229742506,-0.7459638105351587,-0.7418755072541217,-0.7502026601552529,-2.278016176736429,-1.9286533548829823,-1.9364474325531091,0.5142222258613458,0.5639630215602551,0.5473669028017412,1.5297365748964467,1.5303492701305572,0.0,0.0,0.0,0.0,0.0,0.0,0.0,0.0,0.0,0.0,0.0,0.0,0.0,0.0,0.0,0.0,0.0,0.0,0.0,0.0,0.0,0.0,0.0,0.0,0.0,0.0
51,0.0,0.0,0.0,0.0,0.0,0.0,0.0,0.0,0.0,0.0,0.0,0.0,0.0,0.0,0.0,0.0,0.0,0.0,0.0,1.4210854715202004e-14,7.105427357601002e-15,1.4210854715202004e-14,1.4210854715202004e-14,1.4210854715202004e-14,-0.16531436128408927,0.6794617503234548,1.0417924935048575,1.0241229575861581,0.8552831337398175,0.8612333020905396,0.574904284127939,0.5161613630447022,0.7817576572852829,1.473304518360365,1.2724230844360278,1.2800190929336424,1.2847025892457964,7.105427357601002e-15,7.105427357601002e-15,7.105427357601002e-15,7.105427357601002e-15,1.0658141036401503e-14,1.0658141036401503e-14,1.0658141036401503e-14,7.105427357601002e-15,7.105427357601002e-15,5.329070518200751e-15,7.105427357601002e-15,-8.881784197001252e-16,1.7763568394002505e-15,0.0,0.0,0.0,0.0,1.2434497875801753e-14,7.105427357601002e-15,1.4210854715202004e-14,1.4210854715202004e-14,1.4210854715202004e-14,2.1316282072803006e-14,2.1316282072803006e-14,0.01080147085315275,0.17559340509529875,0.5902532157307974,0.9365721028228222,2.056588956003182,2.087290839140948,1.5906339279464703,1.478030644415952,2.1534693791802084,2.1590502057860874,2.1474728096520153,1.4210854715202004e-14,2.1316282072803006e-14,1.4210854715202004e-14,1.4210854715202004e-14,1.4210854715202004e-14,7.105427357601002e-15,7.105427357601002e-15,1.4210854715202004e-14,7.105427357601002e-15,0.0,-1.737992914843801,-1.2766972168561495,-1.003418202729378,-0.6792922604260809,-0.3632464212660693,-0.3632710648037971,0.31444871960042065,0.518136024337764,0.017508772559040153,0.11152109194949844,-0.16586764074133953,-1.0375849084834101,-1.1583034906802823,-1.2517685485748586,1.4519806605073597,1.79142381897843,1.8150230265526517,0.5194702337202983,0.3849337095485055,0.39537728516029347,0.7115373973906003,0.8077341196664065,-0.43018278390189835,-1.0723472765203468,-1.6419140235867786,-4.216667010578163,7.105427357601002e-15,7.105427357601002e-15,-0.3556107608746686,-0.31798303198502254,-0.35722392430977834,-0.8329263682423687,-1.3029831354314467,-1.230439262709666,-1.112657417563213,-0.16907913132109798,-0.42721151081143205,-0.03723773921241502,-0.08535091521395088,0.43670713376639014,0.6276210248331893,0.8546727267243739,1.1938661457290323,1.3880004639178765,1.4981923888153972,1.4210854715202004e-14,0.0,1.4210854715202004e-14,1.4210854715202004e-14,1.4210854715202004e-14,1.4210854715202004e-14,1.4210854715202004e-14,1.4210854715202004e-14,-0.16267101588769606,-0.14145677503063325,0.0,-1.616547427934833,-1.9280858422241351,-1.117727934762641,-0.5939693990035835,-0.2750863810559139,-0.46074356975692865,-0.8493661209421646,0.0,0.0,0.0,0.0,0.0,0.0,0.0,0.0,0.0,0.0,0.0,0.0,0.0,0.0,0.0,0.0,-0.2869935082224231,0.0,0.0,-0.2384976229742506,-0.7459638105351587,-0.7418755072541217,-0.7502026601552529,-2.278016176736429,-1.9286533548829823,-1.9364474325531091,0.5142222258613458,0.5639630215602551,0.5473669028017412,1.5297365748964467,1.5303492701305572,0.0,0.0,0.0,0.0,0.0,0.0,0.0,0.0,0.0,0.0,0.0,0.0,0.0,0.0,0.0,0.0,0.0,0.0,0.0,0.0,0.0,0.0,0.0,0.0,0.0,0.0
52,-2.842170943040401e-14,-2.842170943040401e-14,-2.842170943040401e-14,-2.842170943040401e-14,-2.842170943040401e-14,-2.842170943040401e-14,-2.842170943040401e-14,-2.842170943040401e-14,-2.842170943040401e-14,-2.842170943040401e-14,-2.842170943040401e-14,-2.842170943040401e-14,-2.842170943040401e-14,-2.842170943040401e-14,-1.4210854715202004e-14,-1.4210854715202004e-14,-1.4210854715202004e-14,-1.4210854715202004e-14,-1.4210854715202004e-14,0.0,0.0,0.0,0.0,0.0,-0.16531436128410348,0.6794617503234406,1.0417924935048433,1.024122957586144,0.8552831337398032,0.8612333020905254,0.574904284127939,0.5161613630447022,0.7817576572852829,1.473304518360365,1.2724230844360136,1.2800190929336281,1.2847025892457964,7.105427357601002e-15,7.105427357601002e-15,7.105427357601002e-15,7.105427357601002e-15,7.105427357601002e-15,3.552713678800501e-15,3.552713678800501e-15,0.0,0.0,3.552713678800501e-15,3.552713678800501e-15,-1.7763568394002505e-15,1.7763568394002505e-15,0.0,0.0,0.0,0.0,1.199040866595169e-14,0.0,7.105427357601002e-15,7.105427357601002e-15,7.105427357601002e-15,1.4210854715202004e-14,1.4210854715202004e-14,0.01080147085313854,0.17559340509527033,0.5902532157307689,0.9365721028227938,2.0565889560031536,2.0872908391409197,1.5906339279464419,1.4780306444159237,2.15346937918018,2.159050205786059,2.147472809651987,7.105427357601002e-15,1.4210854715202004e-14,7.105427357601002e-15,7.105427357601002e-15,7.105427357601002e-15,0.0,7.105427357601002e-15,1.4210854715202004e-14,7.105427357601002e-15,-1.4210854715202004e-14,-1.7379929148438151,-1.2766972168561637,-1.0034182027293639,-0.6792922604260809,-0.3632464212660693,-0.3632710648037971,0.31444871960042065,0.518136024337764,0.017508772559040153,0.11152109194949844,-0.16586764074133953,-1.0375849084834101,-1.1583034906802823,-1.2517685485748586,1.4519806605073313,1.7914238189784015,1.8150230265526233,0.5194702337202841,0.38493370954849127,0.39537728516027926,0.7115373973906003,0.8077341196664065,-0.43018278390191256,-1.072347276520361,-1.6419140235867928,-4.216667010578192,7.105427357601002e-15,7.105427357601002e-15,-0.3556107608746686,-0.31798303198502254,-0.35722392430977834,-0.8329263682423687,-1.3029831354314467,-1.230439262709666,-1.112657417563213,-0.16907913132109798,-0.42721151081144626,-0.03723773921242923,-0.0853509152139651,0.43670713376639014,0.6276210248331893,0.8546727267243739,1.1938661457290323,1.3880004639178765,1.4981923888153972,0.0,-1.4210854715202004e-14,0.0,0.0,0.0,0.0,-1.4210854715202004e-14,-1.4210854715202004e-14,-0.16267101588769606,-0.14145677503063325,-1.4210854715202004e-14,-1.6165474279348473,-1.9280858422241494,-1.1177279347626552,-0.5939693990035835,-0.2750863810559281,-0.46074356975694286,-0.8493661209421788,-1.4210854715202004e-14,-1.4210854715202004e-14,-1.4210854715202004e-14,-1.4210854715202004e-14,-2.842170943040401e-14,-2.842170943040401e-14,-2.842170943040401e-14,-2.842170943040401e-14,-2.842170943040401e-14,-2.842170943040401e-14,-2.842170943040401e-14,-2.842170943040401e-14,-2.842170943040401e-14,-2.842170943040401e-14,-5.684341886080802e-14,-5.684341886080802e-14,-0.2869935082224373,-2.842170943040401e-14,-2.842170943040401e-14,-0.238497622974279,-0.7459638105351871,-0.7418755072541501,-0.7502026601552814,-2.278016176736429,-1.9286533548829823,-1.9364474325531091,0.5142222258613174,0.5639630215602267,0.5473669028017127,1.5297365748963898,1.5303492701305004,-2.842170943040401e-14,-2.842170943040401e-14,-2.842170943040401e-14,-2.842170943040401e-14,-2.842170943040401e-14,-2.842170943040401e-14,-2.842170943040401e-14,-2.842170943040401e-14,-2.842170943040401e-14,-2.842170943040401e-14,-2.842170943040401e-14,-2.842170943040401e-14,-2.842170943040401e-14,-2.842170943040401e-14,-2.842170943040401e-14,-2.842170943040401e-14,-2.842170943040401e-14,-2.842170943040401e-14,-2.842170943040401e-14,-2.842170943040401e-14,-2.842170943040401e-14,-2.842170943040401e-14,-2.842170943040401e-14,-2.842170943040401e-14,-2.842170943040401e-14,-2.842170943040401e-14
53,-2.842170943040401e-14,-2.842170943040401e-14,-2.842170943040401e-14,-2.842170943040401e-14,-2.842170943040401e-14,-2.842170943040401e-14,-2.842170943040401e-14,-2.842170943040401e-14,-2.842170943040401e-14,-2.842170943040401e-14,-2.842170943040401e-14,-2.842170943040401e-14,-2.842170943040401e-14,-2.842170943040401e-14,-2.842170943040401e-14,-2.842170943040401e-14,-2.842170943040401e-14,-2.842170943040401e-14,-2.842170943040401e-14,-1.4210854715202004e-14,-1.4210854715202004e-14,-1.4210854715202004e-14,-1.4210854715202004e-14,-1.4210854715202004e-14,-0.16531436128410348,0.6794617503234406,1.0417924935048433,1.024122957586144,0.8552831337398032,0.8612333020905254,0.574904284127939,0.5161613630447022,0.7817576572852829,1.473304518360365,1.2724230844360136,1.2800190929336281,1.2847025892457964,-7.105427357601002e-15,-7.105427357601002e-15,-7.105427357601002e-15,0.0,0.0,3.552713678800501e-15,3.552713678800501e-15,0.0,0.0,3.552713678800501e-15,7.105427357601002e-15,0.0,1.7763568394002505e-15,0.0,0.0,0.0,0.0,1.199040866595169e-14,0.0,7.105427357601002e-15,7.105427357601002e-15,0.0,7.105427357601002e-15,7.105427357601002e-15,0.010801470853124329,0.17559340509525612,0.5902532157307547,0.9365721028227796,2.0565889560031394,2.0872908391409055,1.5906339279464277,1.4780306444159095,2.153469379180166,2.159050205786045,2.1474728096519726,0.0,7.105427357601002e-15,0.0,0.0,0.0,-7.105427357601002e-15,0.0,7.105427357601002e-15,0.0,-2.842170943040401e-14,-1.7379929148438293,-1.2766972168561779,-1.0034182027293923,-0.6792922604261094,-0.36324642126609774,-0.36327106480382554,0.3144487196003922,0.5181360243377355,0.01750877255901173,0.11152109194947002,-0.16586764074136795,-1.0375849084834385,-1.1583034906803107,-1.251768548574887,1.4519806605073171,1.7914238189783873,1.815023026552609,0.5194702337202841,0.38493370954849127,0.39537728516027926,0.7115373973905719,0.8077341196663781,-0.43018278390192677,-1.0723472765203752,-1.641914023586807,-4.216667010578206,0.0,0.0,-0.355610760874697,-0.31798303198505096,-0.35722392430980676,-0.8329263682423971,-1.3029831354314751,-1.2304392627096945,-1.1126574175632413,-0.1690791313211264,-0.42721151081146047,-0.037237739212443444,-0.0853509152139793,0.4367071337663617,0.6276210248331608,0.8546727267243455,1.1938661457290038,1.388000463917848,1.4981923888153688,-1.4210854715202004e-14,-2.842170943040401e-14,-1.4210854715202004e-14,-1.4210854715202004e-14,-1.4210854715202004e-14,-1.4210854715202004e-14,-2.842170943040401e-14,-2.842170943040401e-14,-0.16267101588772448,-0.14145677503066167,-2.842170943040401e-14,-1.6165474279348615,-1.9280858422241636,-1.1177279347626552,-0.5939693990035835,-0.2750863810559423,-0.46074356975695707,-0.849366120942193,-2.842170943040401e-14,-2.842170943040401e-14,-2.842170943040401e-14,-2.842170943040401e-14,-2.842170943040401e-14,-2.842170943040401e-14,-2.842170943040401e-14,-2.842170943040401e-14,-2.842170943040401e-14,-2.842170943040401e-14,-2.842170943040401e-14,-2.842170943040401e-14,-2.842170943040401e-14,-2.842170943040401e-14,-5.684341886080802e-14,-5.684341886080802e-14,-0.2869935082224515,-2.842170943040401e-14,-2.842170943040401e-14,-0.238497622974279,-0.7459638105351871,-0.7418755072541501,-0.7502026601552814,-2.278016176736429,-1.9286533548829823,-1.9364474325531091,0.5142222258613174,0.5639630215602267,0.5473669028017127,1.5297365748963898,1.5303492701305004,-2.842170943040401e-14,-2.842170943040401e-14,-2.842170943040401e-14,-2.842170943040401e-14,-2.842170943040401e-14,-2.842170943040401e-14,-2.842170943040401e-14,-2.842170943040401e-14,-2.842170943040401e-14,-2.842170943040401e-14,-2.842170943040401e-14,-2.842170943040401e-14,-2.842170943040401e-14,-2.842170943040401e-14,-2.842170943040401e-14,-2.842170943040401e-14,-2.842170943040401e-14,-2.842170943040401e-14,-2.842170943040401e-14,-2.842170943040401e-14,-2.842170943040401e-14,-2.842170943040401e-14,-2.842170943040401e-14,-2.842170943040401e-14,-2.842170943040401e-14,-2.842170943040401e-14
54,0.0,0.0,0.0,0.0,0.0,0.0,0.0,0.0,0.0,0.0,0.0,0.0,0.0,0.0,0.0,0.0,0.0,0.0,0.0,1.4210854715202004e-14,1.4210854715202004e-14,1.4210854715202004e-14,1.4210854715202004e-14,1.4210854715202004e-14,-0.16531436128407506,0.679461750323469,1.0417924935048717,1.0241229575861723,0.8552831337398317,0.8612333020905538,0.5749042841279675,0.5161613630447306,0.7817576572853113,1.4733045183603934,1.272423084436042,1.2800190929336566,1.2847025892458248,2.1316282072803006e-14,2.1316282072803006e-14,2.1316282072803006e-14,2.1316282072803006e-14,2.1316282072803006e-14,1.7763568394002505e-14,1.7763568394002505e-14,1.4210854715202004e-14,1.4210854715202004e-14,1.7763568394002505e-14,1.7763568394002505e-14,1.4210854715202004e-14,1.5987211554602254e-14,1.2434497875801753e-14,1.2434497875801753e-14,1.199040866595169e-14,1.199040866595169e-14,0.0,1.4210854715202004e-14,2.1316282072803006e-14,2.1316282072803006e-14,2.1316282072803006e-14,2.842170943040401e-14,2.842170943040401e-14,0.01080147085315275,0.17559340509528454,0.5902532157307832,0.936572102822808,2.056588956003168,2.087290839140934,1.590633927946456,1.478030644415938,2.153469379180194,2.159050205786073,2.147472809652001,2.1316282072803006e-14,2.842170943040401e-14,2.1316282072803006e-14,2.1316282072803006e-14,2.1316282072803006e-14,1.4210854715202004e-14,2.1316282072803006e-14,2.842170943040401e-14,2.1316282072803006e-14,0.0,-1.737992914843801,-1.2766972168561495,-1.0034182027293639,-0.6792922604260809,-0.3632464212660693,-0.3632710648037971,0.31444871960042065,0.518136024337764,0.017508772559040153,0.11152109194949844,-0.16586764074133953,-1.0375849084834101,-1.1583034906802823,-1.2517685485748586,1.4519806605073455,1.7914238189784157,1.8150230265526375,0.5194702337203125,0.3849337095485197,0.3953772851603077,0.7115373973906003,0.8077341196664065,-0.43018278390189835,-1.0723472765203468,-1.6419140235867786,-4.216667010578178,2.1316282072803006e-14,2.1316282072803006e-14,-0.3556107608746686,-0.31798303198502254,-0.35722392430977834,-0.8329263682423687,-1.3029831354314467,-1.230439262709666,-1.112657417563213,-0.16907913132109798,-0.42721151081143205,-0.03723773921241502,-0.08535091521395088,0.43670713376639014,0.6276210248331893,0.8546727267243739,1.1938661457290323,1.3880004639178765,1.4981923888153972,1.4210854715202004e-14,0.0,1.4210854715202004e-14,1.4210854715202004e-14,1.4210854715202004e-14,1.4210854715202004e-14,0.0,0.0,-0.16267101588769606,-0.14145677503063325,0.0,-1.616547427934833,-1.9280858422241351,-1.1177279347626268,-0.593969399003555,-0.2750863810559139,-0.46074356975692865,-0.8493661209421646,0.0,0.0,0.0,0.0,0.0,0.0,0.0,0.0,0.0,0.0,0.0,0.0,0.0,0.0,0.0,0.0,-0.2869935082224231,0.0,0.0,-0.2384976229742506,-0.7459638105351587,-0.7418755072541217,-0.7502026601552529,-2.278016176736429,-1.9286533548829823,-1.9364474325531091,0.5142222258613458,0.5639630215602551,0.5473669028017412,1.5297365748964467,1.5303492701305572,0.0,0.0,0.0,0.0,0.0,0.0,0.0,0.0,0.0,0.0,0.0,0.0,0.0,0.0,0.0,0.0,0.0,0.0,0.0,0.0,0.0,0.0,0.0,0.0,0.0,0.0
55,0.0,0.0,0.0,0.0,0.0,0.0,0.0,0.0,0.0,0.0,0.0,0.0,0.0,0.0,0.0,0.0,0.0,0.0,0.0,0.0,0.0,0.0,0.0,0.0,-0.16531436128410348,0.6794617503234406,1.0417924935048433,1.024122957586144,0.8552831337398032,0.8612333020905254,0.574904284127939,0.5161613630447022,0.7817576572852829,1.473304518360365,1.2724230844360278,1.2800190929336424,1.2847025892457822,7.105427357601002e-15,7.105427357601002e-15,0.0,3.552713678800501e-15,3.552713678800501e-15,1.7763568394002505e-15,1.7763568394002505e-15,0.0,0.0,0.0,0.0,7.105427357601002e-15,7.105427357601002e-15,1.0658141036401503e-14,1.0658141036401503e-14,1.4210854715202004e-14,1.4210854715202004e-14,2.1316282072803006e-14,0.0,6.217248937900877e-15,3.552713678800501e-15,0.0,7.105427357601002e-15,7.105427357601002e-15,0.01080147085313854,0.17559340509527033,0.5902532157307689,0.9365721028227938,2.0565889560031536,2.0872908391409197,1.5906339279464419,1.4780306444159237,2.15346937918018,2.159050205786059,2.147472809651987,3.552713678800501e-15,3.552713678800501e-15,0.0,0.0,0.0,-3.552713678800501e-15,3.552713678800501e-15,1.0658141036401503e-14,7.105427357601002e-15,0.0,-1.737992914843801,-1.2766972168561495,-1.003418202729378,-0.6792922604260667,-0.3632464212660693,-0.3632710648037971,0.31444871960042065,0.518136024337764,0.017508772559040153,0.11152109194949844,-0.16586764074133953,-1.0375849084834101,-1.1583034906802823,-1.2517685485748586,1.4519806605073313,1.7914238189784015,1.8150230265526233,0.5194702337202841,0.38493370954849127,0.39537728516027926,0.7115373973906003,0.8077341196664065,-0.43018278390191256,-1.072347276520361,-1.6419140235867928,-4.216667010578192,0.0,0.0,-0.3556107608746686,-0.3179830319850083,-0.3572239243097499,-0.8329263682423402,-1.3029831354314183,-1.2304392627096377,-1.1126574175631845,-0.16907913132106955,-0.42721151081144626,-0.03723773921242923,-0.0853509152139651,0.43670713376639014,0.6276210248331893,0.8546727267243739,1.1938661457290323,1.3880004639178765,1.4981923888153972,7.105427357601002e-15,0.0,7.105427357601002e-15,0.0,0.0,0.0,-7.105427357601002e-15,-7.105427357601002e-15,-0.16267101588769606,-0.14145677503060483,0.0,-1.616547427934833,-1.9280858422241351,-1.117727934762641,-0.5939693990035835,-0.2750863810559139,-0.46074356975692865,-0.8493661209421646,0.0,0.0,0.0,0.0,0.0,0.0,0.0,0.0,0.0,0.0,0.0,0.0,0.0,0.0,0.0,0.0,-0.2869935082224231,0.0,0.0,-0.2384976229742506,-0.7459638105351587,-0.7418755072541217,-0.7502026601552529,-2.278016176736429,-1.9286533548829823,-1.9364474325531091,0.5142222258613458,0.5639630215602551,0.5473669028017412,1.5297365748964467,1.5303492701305572,0.0,0.0,0.0,0.0,0.0,0.0,0.0,0.0,0.0,0.0,0.0,0.0,0.0,0.0,0.0,0.0,0.0,0.0,0.0,0.0,0.0,0.0,0.0,0.0,0.0,0.0
56,0.0,0.0,0.0,0.0,0.0,0.0,0.0,0.0,0.0,0.0,0.0,0.0,0.0,0.0,0.0,0.0,0.0,7.105427357601002e-15,7.105427357601002e-15,7.105427357601002e-15,7.105427357601002e-15,7.105427357601002e-15,7.105427357601002e-15,7.105427357601002e-15,-0.16531436128408927,0.6794617503234548,1.0417924935048575,1.0241229575861581,0.8552831337398175,0.8612333020905396,0.5749042841279532,0.5161613630447164,0.7817576572852971,1.4733045183603792,1.272423084436042,1.2800190929336566,1.2847025892457964,7.105427357601002e-15,7.105427357601002e-15,3.552713678800501e-15,7.105427357601002e-15,7.105427357601002e-15,7.105427357601002e-15,7.105427357601002e-15,7.105427357601002e-15,7.105427357601002e-15,7.105427357601002e-15,3.552713678800501e-15,7.105427357601002e-15,7.105427357601002e-15,1.0658141036401503e-14,7.105427357601002e-15,7.105427357601002e-15,7.105427357601002e-15,1.4210854715202004e-14,6.217248937900877e-15,0.0,-2.6645352591003757e-15,7.105427357601002e-15,1.4210854715202004e-14,1.4210854715202004e-14,0.01080147085313854,0.17559340509527033,0.5902532157307689,0.9365721028227938,2.0565889560031536,2.0872908391409197,1.5906339279464419,1.4780306444159237,2.15346937918018,2.159050205786059,2.147472809651987,7.105427357601002e-15,7.105427357601002e-15,0.0,0.0,0.0,-7.105427357601002e-15,7.105427357601002e-15,1.4210854715202004e-14,1.0658141036401503e-14,0.0,-1.737992914843801,-1.2766972168561495,-1.003418202729378,-0.6792922604260667,-0.3632464212660693,-0.3632710648037971,0.31444871960042065,0.518136024337764,0.017508772559040153,0.11152109194949844,-0.16586764074133953,-1.0375849084834101,-1.1583034906802823,-1.2517685485748586,1.4519806605073313,1.7914238189784015,1.8150230265526233,0.5194702337202983,0.3849337095485055,0.39537728516029347,0.7115373973906003,0.8077341196664065,-0.43018278390191256,-1.072347276520361,-1.6419140235867928,-4.216667010578192,7.105427357601002e-15,7.105427357601002e-15,-0.3556107608746686,-0.31798303198502254,-0.35722392430977834,-0.8329263682423687,-1.3029831354314467,-1.230439262709666,-1.112657417563213,-0.16907913132109798,-0.42721151081144626,-0.03723773921242923,-0.0853509152139651,0.43670713376639014,0.6276210248331893,0.8546727267243739,1.1938661457290323,1.3880004639178765,1.4981923888153972,1.4210854715202004e-14,7.105427357601002e-15,1.4210854715202004e-14,7.105427357601002e-15,7.105427357601002e-15,1.4210854715202004e-14,0.0,0.0,-0.16267101588769606,-0.14145677503060483,1.4210854715202004e-14,-1.616547427934833,-1.9280858422241351,-1.117727934762641,-0.5939693990035835,-0.2750863810559139,-0.46074356975692865,-0.8493661209421646,0.0,0.0,0.0,0.0,0.0,0.0,0.0,0.0,0.0,0.0,0.0,0.0,0.0,0.0,0.0,0.0,-0.2869935082224231,0.0,0.0,-0.2384976229742506,-0.7459638105351587,-0.7418755072541217,-0.7502026601552529,-2.2780161767364007,-1.9286533548829539,-1.9364474325530807,0.5142222258613458,0.5639630215602551,0.5473669028017412,1.5297365748964182,1.5303492701305288,0.0,0.0,0.0,0.0,0.0,0.0,0.0,0.0,0.0,0.0,0.0,0.0,0.0,0.0,0.0,0.0,0.0,0.0,0.0,0.0,0.0,0.0,0.0,0.0,0.0,0.0
57,0.0,0.0,0.0,0.0,0.0,0.0,0.0,0.0,0.0,0.0,0.0,0.0,0.0,0.0,0.0,0.0,0.0,0.0,0.0,0.0,0.0,0.0,0.0,0.0,-0.16531436128410348,0.6794617503234406,1.0417924935048433,1.024122957586144,0.8552831337398032,0.8612333020905254,0.574904284127939,0.5161613630447022,0.7817576572852829,1.473304518360365,1.2724230844360278,1.2800190929336424,1.2847025892457822,0.0,0.0,0.0,0.0,0.0,3.552713678800501e-15,3.552713678800501e-15,3.552713678800501e-15,3.552713678800501e-15,0.0,-3.552713678800501e-15,0.0,0.0,0.0,0.0,0.0,0.0,7.105427357601002e-15,3.552713678800501e-15,-2.6645352591003757e-15,0.0,0.0,7.105427357601002e-15,7.105427357601002e-15,0.01080147085313854,0.17559340509527033,0.5902532157307689,0.9365721028227938,2.0565889560031536,2.0872908391409197,1.5906339279464419,1.4780306444159237,2.15346937918018,2.159050205786059,2.147472809651987,0.0,0.0,-7.105427357601002e-15,-7.105427357601002e-15,-7.105427357601002e-15,-1.4210854715202004e-14,0.0,7.105427357601002e-15,0.0,0.0,-1.737992914843801,-1.2766972168561495,-1.003418202729378,-0.6792922604260667,-0.3632464212660693,-0.3632710648037971,0.31444871960042065,0.518136024337764,0.017508772559040153,0.11152109194949844,-0.16586764074133953,-1.0375849084834101,-1.1583034906802823,-1.2517685485748586,1.4519806605073313,1.7914238189784015,1.8150230265526233,0.5194702337202841,0.38493370954849127,0.39537728516027926,0.7115373973906003,0.8077341196664065,-0.43018278390191256,-1.072347276520361,-1.6419140235867928,-4.216667010578192,0.0,0.0,-0.3556107608746686,-0.31798303198502254,-0.35722392430977834,-0.8329263682423687,-1.3029831354314467,-1.230439262709666,-1.112657417563213,-0.16907913132109798,-0.42721151081144626,-0.03723773921242923,-0.0853509152139651,0.43670713376639014,0.6276210248331893,0.8546727267243739,1.1938661457290323,1.3880004639178765,1.4981923888153972,7.105427357601002e-15,0.0,7.105427357601002e-15,0.0,0.0,0.0,-7.105427357601002e-15,-7.105427357601002e-15,-0.16267101588766764,-0.14145677503060483,0.0,-1.616547427934833,-1.9280858422241351,-1.117727934762641,-0.5939693990035835,-0.2750863810559139,-0.46074356975692865,-0.8493661209421646,0.0,0.0,0.0,0.0,0.0,0.0,0.0,0.0,0.0,0.0,0.0,0.0,0.0,0.0,0.0,0.0,-0.2869935082224231,0.0,0.0,-0.2384976229742506,-0.7459638105351587,-0.7418755072541217,-0.7502026601552529,-2.2780161767364007,-1.9286533548829539,-1.9364474325530807,0.5142222258613458,0.5639630215602551,0.5473669028017412,1.5297365748964182,1.5303492701305288,0.0,0.0,0.0,0.0,0.0,0.0,0.0,0.0,0.0,0.0,0.0,0.0,0.0,0.0,0.0,0.0,0.0,0.0,0.0,0.0,0.0,0.0,0.0,0.0,0.0,0.0
58,0.0,0.0,0.0,0.0,0.0,0.0,0.0,0.0,0.0,0.0,0.0,0.0,0.0,0.0,0.0,0.0,0.0,0.0,0.0,0.0,0.0,0.0,0.0,0.0,-0.16531436128410348,0.6794617503234477,1.0417924935048575,1.0241229575861581,0.8552831337398175,0.8612333020905396,0.574904284127939,0.5161613630447022,0.7817576572852829,1.473304518360365,1.2724230844360278,1.2800190929336424,1.2847025892457822,0.0,0.0,-7.105427357601002e-15,-3.552713678800501e-15,-1.7763568394002505e-15,-1.7763568394002505e-15,-1.7763568394002505e-15,0.0,0.0,0.0,-3.552713678800501e-15,0.0,0.0,0.0,0.0,0.0,0.0,7.105427357601002e-15,0.0,7.105427357601002e-15,7.105427357601002e-15,0.0,7.993605777301127e-15,7.105427357601002e-15,0.01080147085313854,0.17559340509527743,0.5902532157307618,0.9365721028227938,2.0565889560031536,2.0872908391409197,1.5906339279464419,1.4780306444159237,2.15346937918018,2.159050205786059,2.147472809651987,-1.7763568394002505e-15,0.0,-3.552713678800501e-15,-3.552713678800501e-15,-3.552713678800501e-15,-7.105427357601002e-15,-1.7763568394002505e-15,5.329070518200751e-15,0.0,0.0,-1.737992914843801,-1.2766972168561495,-1.003418202729378,-0.6792922604260667,-0.3632464212660693,-0.3632710648037971,0.31444871960042065,0.518136024337764,0.017508772559040153,0.11152109194949844,-0.16586764074133953,-1.0375849084834101,-1.1583034906802823,-1.2517685485748586,1.4519806605073455,1.7914238189784157,1.8150230265526375,0.5194702337202983,0.3849337095485055,0.39537728516029347,0.7115373973906003,0.8077341196664065,-0.43018278390191256,-1.0723472765203539,-1.6419140235867857,-4.216667010578163,-7.105427357601002e-15,-1.0658141036401503e-14,-0.3556107608746686,-0.3179830319850083,-0.3572239243097357,-0.8329263682423118,-1.3029831354313899,-1.2304392627096092,-1.112657417563156,-0.16907913132104113,-0.42721151081145337,-0.037237739212443444,-0.08535091521398641,0.43670713376639014,0.6276210248331893,0.8546727267243739,1.1938661457290323,1.3880004639178765,1.4981923888153972,7.105427357601002e-15,0.0,7.105427357601002e-15,0.0,0.0,0.0,-7.105427357601002e-15,-7.105427357601002e-15,-0.16267101588769606,-0.14145677503060483,0.0,-1.616547427934833,-1.9280858422241351,-1.117727934762641,-0.5939693990035835,-0.2750863810559139,-0.46074356975692865,-0.8493661209421646,0.0,0.0,0.0,0.0,0.0,0.0,0.0,0.0,0.0,0.0,0.0,0.0,0.0,0.0,0.0,0.0,-0.2869935082224231,0.0,0.0,-0.2384976229742506,-0.7459638105351587,-0.7418755072541217,-0.7502026601552529,-2.2780161767364007,-1.9286533548829539,-1.9364474325530807,0.5142222258613458,0.5639630215602551,0.547366902801727,1.5297365748963898,1.5303492701305004,0.0,0.0,0.0,0.0,0.0,0.0,0.0,0.0,0.0,0.0,0.0,0.0,0.0,0.0,0.0,0.0,0.0,0.0,0.0,0.0,0.0,0.0,0.0,0.0,0.0,0.0
59,0.0,0.0,0.0,0.0,0.0,0.0,0.0,0.0,0.0,0.0,0.0,0.0,0.0,0.0,0.0,0.0,0.0,0.0,0.0,0.0,0.0,0.0,0.0,0.0,-0.16531436128410348,0.6794617503234406,1.0417924935048433,1.024122957586144,0.8552831337398032,0.8612333020905254,0.574904284127939,0.5161613630447022,0.7817576572852829,1.473304518360365,1.2724230844360278,1.2800190929336424,1.2847025892457822,7.105427357601002e-15,7.105427357601002e-15,0.0,3.552713678800501e-15,5.329070518200751e-15,3.552713678800501e-15,3.552713678800501e-15,7.105427357601002e-15,7.105427357601002e-15,7.105427357601002e-15,0.0,7.105427357601002e-15,7.105427357601002e-15,7.105427357601002e-15,7.105427357601002e-15,7.105427357601002e-15,7.105427357601002e-15,1.4210854715202004e-14,7.105427357601002e-15,1.4210854715202004e-14,1.4210854715202004e-14,7.993605777301127e-15,0.0,0.0,0.01080147085313854,0.17559340509528454,0.5902532157307832,0.936572102822808,2.056588956003168,2.087290839140934,1.590633927946456,1.478030644415938,2.153469379180194,2.159050205786073,2.147472809652001,5.329070518200751e-15,7.105427357601002e-15,0.0,0.0,0.0,-3.552713678800501e-15,5.329070518200751e-15,1.4210854715202004e-14,1.0658141036401503e-14,0.0,-1.737992914843801,-1.2766972168561495,-1.003418202729378,-0.6792922604260667,-0.3632464212660693,-0.3632710648037971,0.31444871960042065,0.518136024337764,0.017508772559040153,0.11152109194949844,-0.16586764074133953,-1.0375849084834101,-1.1583034906802823,-1.2517685485748586,1.4519806605073455,1.7914238189784157,1.8150230265526375,0.5194702337202841,0.38493370954849127,0.39537728516027926,0.7115373973906003,0.8077341196664065,-0.43018278390191256,-1.0723472765203539,-1.6419140235867786,-4.216667010578163,0.0,-3.552713678800501e-15,-0.3556107608746686,-0.3179830319850083,-0.3572239243097357,-0.8329263682423118,-1.3029831354313899,-1.2304392627096092,-1.112657417563156,-0.16907913132104113,-0.42721151081145337,-0.037237739212443444,-0.0853509152139793,0.43670713376639014,0.6276210248331893,0.8546727267243739,1.1938661457290323,1.3880004639178765,1.4981923888153972,7.105427357601002e-15,0.0,7.105427357601002e-15,0.0,0.0,0.0,-7.105427357601002e-15,-7.105427357601002e-15,-0.16267101588769606,-0.14145677503060483,0.0,-1.616547427934833,-1.9280858422241351,-1.117727934762641,-0.5939693990035835,-0.2750863810559139,-0.46074356975692865,-0.8493661209421646,0.0,0.0,0.0,0.0,0.0,0.0,0.0,0.0,0.0,0.0,0.0,0.0,0.0,0.0,0.0,0.0,-0.2869935082224231,0.0,0.0,-0.2384976229742506,-0.7459638105351587,-0.7418755072541217,-0.7502026601552529,-2.2780161767364007,-1.9286533548829539,-1.9364474325530807,0.5142222258613458,0.5639630215602551,0.5473669028017412,1.5297365748964182,1.5303492701305288,0.0,0.0,0.0,0.0,0.0,0.0,0.0,0.0,0.0,0.0,0.0,0.0,0.0,0.0,0.0,0.0,0.0,0.0,0.0,0.0,0.0,0.0,0.0,0.0,0.0,0.0
60,0.0,0.0,0.0,0.0,0.0,0.0,0.0,0.0,0.0,0.0,0.0,0.0,0.0,0.0,0.0,0.0,0.0,7.105427357601002e-15,7.105427357601002e-15,7.105427357601002e-15,7.105427357601002e-15,7.105427357601002e-15,7.105427357601002e-15,7.105427357601002e-15,-0.16531436128408927,0.6794617503234548,1.0417924935048575,1.0241229575861581,0.8552831337398175,0.8612333020905396,0.574904284127939,0.5161613630447022,0.7817576572852829,1.473304518360365,1.2724230844360278,1.2800190929336424,1.2847025892457822,7.105427357601002e-15,7.105427357601002e-15,3.552713678800501e-15,7.105427357601002e-15,7.105427357601002e-15,7.105427357601002e-15,7.105427357601002e-15,1.0658141036401503e-14,7.105427357601002e-15,7.105427357601002e-15,0.0,7.105427357601002e-15,7.105427357601002e-15,7.105427357601002e-15,7.105427357601002e-15,7.105427357601002e-15,7.105427357601002e-15,1.4210854715202004e-14,1.4210854715202004e-14,2.1316282072803006e-14,2.1316282072803006e-14,7.105427357601002e-15,0.0,0.0,0.01080147085315275,0.17559340509529875,0.5902532157307974,0.9365721028228222,2.056588956003182,2.087290839140948,1.5906339279464703,1.478030644415952,2.1534693791802084,2.1590502057860874,2.1474728096520153,7.105427357601002e-15,7.105427357601002e-15,0.0,0.0,0.0,-7.105427357601002e-15,7.105427357601002e-15,1.4210854715202004e-14,7.105427357601002e-15,0.0,-1.737992914843801,-1.2766972168561495,-1.003418202729378,-0.6792922604260667,-0.3632464212660693,-0.3632710648037971,0.31444871960042065,0.518136024337764,0.017508772559040153,0.11152109194949844,-0.16586764074133953,-1.0375849084834101,-1.1583034906802823,-1.2517685485748586,1.4519806605073597,1.79142381897843,1.8150230265526517,0.5194702337202983,0.3849337095485055,0.39537728516029347,0.7115373973906003,0.8077341196664065,-0.43018278390191256,-1.072347276520361,-1.6419140235867928,-4.216667010578178,7.105427357601002e-15,7.105427357601002e-15,-0.3556107608746686,-0.31798303198502254,-0.35722392430977834,-0.8329263682423687,-1.3029831354314467,-1.230439262709666,-1.112657417563213,-0.16907913132109798,-0.42721151081144626,-0.03723773921242923,-0.0853509152139651,0.43670713376639014,0.6276210248331893,0.8546727267243739,1.1938661457290323,1.3880004639178765,1.4981923888153972,1.4210854715202004e-14,7.105427357601002e-15,1.4210854715202004e-14,7.105427357601002e-15,7.105427357601002e-15,1.4210854715202004e-14,0.0,0.0,-0.16267101588769606,-0.14145677503063325,1.4210854715202004e-14,-1.616547427934833,-1.9280858422241351,-1.117727934762641,-0.5939693990035835,-0.2750863810559139,-0.46074356975692865,-0.8493661209421646,0.0,0.0,0.0,0.0,0.0,0.0,0.0,0.0,0.0,0.0,0.0,0.0,0.0,0.0,0.0,0.0,-0.2869935082224231,0.0,0.0,-0.2384976229742506,-0.7459638105351587,-0.7418755072541217,-0.7502026601552529,-2.2780161767364007,-1.9286533548829539,-1.9364474325530807,0.5142222258613458,0.5639630215602551,0.5473669028017412,1.5297365748964182,1.5303492701305288,0.0,0.0,0.0,0.0,0.0,0.0,0.0,0.0,0.0,0.0,0.0,0.0,0.0,0.0,0.0,0.0,0.0,0.0,0.0,0.0,0.0,0.0,0.0,0.0,0.0,0.0
61,0.01080147085315275,0.01080147085315275,0.01080147085315275,0.01080147085315275,0.01080147085315275,0.01080147085315275,0.01080147085315275,0.01080147085315275,0.01080147085315275,0.01080147085315275,0.01080147085315275,0.01080147085315275,0.01080147085315275,0.01080147085315275,0.01080147085313854,0.01080147085313854,0.01080147085313854,0.010801470853134987,0.010801470853134987,0.01080147085313854,0.01080147085313854,0.010801470853140316,0.010801470853134987,0.010801470853134987,-0.1545128904309685,0.6902632211765791,1.0525939643579925,1.0349244284393038,0.8660846045929667,0.8720347729436924,0.5857057549810989,0.5269628338978691,0.792559128138457,1.4841059892135462,1.2832245552892019,1.2908205637868093,1.2955040600989634,0.010801470853134987,0.010801470853134987,0.01080147085313854,0.010801470853131434,0.010801470853131434,0.010801470853124329,0.010801470853124329,0.010801470853124329,0.010801470853124329,0.010801470853124329,0.010801470853124329,0.01080147085313854,0.010801470853124329,0.010801470853124329,0.010801470853124329,0.010801470853124329,0.010801470853124329,0.01080147085313854,0.010801470853124329,0.01080147085313854,0.01080147085313854,0.010801470853131434,0.01080147085313854,0.01080147085315275,0.0,0.16479193424213712,0.5794517448776215,0.9257706319696499,2.0457874851499973,2.07648936828776,1.579832457093275,1.4672291735627532,2.1426679083270237,2.1482487349329062,2.1366713387988305,0.010801470853131434,0.01080147085313854,0.010801470853131434,0.010801470853131434,0.010801470853131434,0.010801470853124329,0.010801470853131434,0.01080147085313854,0.010801470853131434,0.01080147085313854,-1.7271914439906624,-1.265895746003011,-0.9926167318762396,-0.6684907895729282,-0.3524449504129308,-0.3524695939506586,0.3252501904535592,0.5289374951909025,0.028310243412178693,0.12232256280265119,-0.15506616988818678,-1.0267834376302574,-1.1475020198271295,-1.240967077721706,1.4411791896542034,1.78062234812527,1.8042215556994918,0.5302717045734298,0.39573518040163336,0.4061787560134249,0.722338868243753,0.8185355905195593,-0.41938131304877935,-1.0615458056672225,-1.6311125527336525,-4.205865539725046,0.010801470853131434,0.010801470853131434,-0.34480929002153005,-0.3071815611318698,-0.34642245345659717,-0.8221248973891733,-1.2921816645782656,-1.2196377918565133,-1.101855946710046,-0.15827766046793101,-0.4164100399583184,-0.026436268359310233,-0.07454944436085142,0.4475086046195287,0.6384224956863136,0.8654741975774982,1.204667616582185,1.3988019347710434,1.5089938596685641,0.010801470853145645,0.01080147085313854,0.010801470853145645,0.01080147085313854,0.01080147085313854,0.01080147085313854,0.010801470853134987,0.010801470853134987,-0.15186954503455752,-0.1306553041774663,0.01080147085313854,-1.6057459570816945,-1.9172843713709966,-1.1069264639095024,-0.5831679281504449,-0.26428491020277534,-0.4499420989037901,-0.838564650089026,0.01080147085313854,0.01080147085313854,0.01080147085313854,0.01080147085313854,0.01080147085315275,0.01080147085315275,0.01080147085315275,0.01080147085315275,0.01080147085315275,0.01080147085315275,0.01080147085315275,0.01080147085315275,0.01080147085315275,0.01080147085315275,0.01080147085315275,0.01080147085315275,-0.27619203736928455,0.01080147085315275,0.01080147085315275,-0.22769615212109784,-0.7351623396820344,-0.7310740364009973,-0.7394011893021144,-2.2672147058832763,-1.9178518840298295,-1.9256459616999564,0.5250236967144843,0.5747644924133795,0.5581683736548797,1.540538045749571,1.5411507409836815,0.01080147085315275,0.01080147085315275,0.01080147085315275,0.01080147085315275,0.01080147085315275,0.01080147085315275,0.01080147085315275,0.01080147085315275,0.01080147085315275,0.01080147085315275,0.01080147085315275,0.01080147085315275,0.01080147085315275,0.01080147085315275,0.01080147085315275,0.01080147085315275,0.01080147085315275,0.01080147085315275,0.01080147085315275,0.01080147085315275,0.01080147085315275,0.01080147085315275,0.01080147085315275,0.01080147085315275,0.01080147085315275,0.01080147085315275
62,0.17559340509529875,0.17559340509529875,0.17559340509529875,0.17559340509529875,0.17559340509529875,0.17559340509529875,0.17559340509529875,0.17559340509529875,0.17559340509529875,0.17559340509529875,0.17559340509529875,0.17559340509529875,0.17559340509529875,0.17559340509529875,0.17559340509528454,0.17559340509528454,0.17559340509528454,0.17559340509527743,0.17559340509527388,0.17559340509527743,0.17559340509527743,0.17559340509528099,0.17559340509527388,0.1755934050952721,0.010279043811170396,0.855055155418718,1.2173858986001314,1.1997163626814427,1.030876538835109,1.0368267071858384,0.7504976892232449,0.6917547681400151,0.957351062380603,1.6488979234556922,1.4480164895313479,1.4556124980289553,1.4602959943410951,0.17559340509527388,0.17559340509527033,0.17559340509527033,0.17559340509526322,0.17559340509526322,0.17559340509525612,0.17559340509525612,0.17559340509525612,0.17559340509525612,0.17559340509525612,0.17559340509525612,0.17559340509527033,0.17559340509525612,0.17559340509525612,0.17559340509525612,0.17559340509525612,0.17559340509525612,0.17559340509527033,0.17559340509525612,0.17559340509527033,0.17559340509527033,0.17559340509526322,0.17559340509527033,0.17559340509527033,0.16479193424213712,0.0,0.41465981063548485,0.7609786977275137,1.880995550907862,1.9116974340456245,1.4150405228511396,1.3024372393206178,1.9778759740848884,1.983456800690771,1.9718794045566952,0.17559340509526322,0.17559340509527033,0.17559340509526322,0.17559340509526322,0.17559340509526322,0.17559340509525612,0.17559340509526322,0.17559340509527033,0.17559340509526322,0.17559340509528454,-1.5623995097485164,-1.101103811760865,-0.8278247976340936,-0.5036988553307822,-0.18765301617078478,-0.18767765970851258,0.4900421246957052,0.6937294294330485,0.1931021776543247,0.2871144970447972,0.009725764353959221,-0.8619915033881114,-0.9827100855849835,-1.07617514347956,1.2763872554120672,1.615830413883133,1.6394296214573547,0.6950636388155687,0.5605271146437723,0.5709706902555638,0.887130802485899,0.9833275247617053,-0.2545893788066387,-0.89675387142508,-1.4663206184915119,-4.041073605482904,0.17559340509526322,0.17559340509526322,-0.18001735577938405,-0.14238962688972379,-0.18163051921445117,-0.6573329631470273,-1.1273897303361196,-1.0548458576143673,-0.9370640124678999,0.006514273774214985,-0.2516181057161795,0.13835566588283044,0.09024248988129102,0.6123005388616747,0.8032144299284596,1.0302661318196442,1.369459550824331,1.5635938690131894,1.6737857939107101,0.17559340509528454,0.17559340509527743,0.17559340509528454,0.17559340509527743,0.17559340509527743,0.17559340509527743,0.17559340509527388,0.17559340509527388,0.01292238920758848,0.03413663006467971,0.17559340509527743,-1.4409540228395485,-1.7524924371288506,-0.9421345296673564,-0.41837599390829894,-0.09949297596062934,-0.2851501646616441,-0.67377271584688,0.17559340509528454,0.17559340509528454,0.17559340509528454,0.17559340509528454,0.17559340509529875,0.17559340509529875,0.17559340509529875,0.17559340509529875,0.17559340509529875,0.17559340509529875,0.17559340509529875,0.17559340509529875,0.17559340509529875,0.17559340509529875,0.17559340509529875,0.17559340509529875,-0.11140010312713855,0.17559340509529875,0.17559340509529875,-0.06290421787895184,-0.5703704054398884,-0.5662821021588513,-0.5746092550599684,-2.1024227716411303,-1.7530599497876835,-1.7608540274578104,0.6898156309566446,0.7395564266555539,0.7229603078970257,1.705329979991717,1.7059426752258275,0.17559340509529875,0.17559340509529875,0.17559340509529875,0.17559340509529875,0.17559340509529875,0.17559340509529875,0.17559340509529875,0.17559340509529875,0.17559340509529875,0.17559340509529875,0.17559340509529875,0.17559340509529875,0.17559340509529875,0.17559340509529875,0.17559340509529875,0.17559340509529875,0.17559340509529875,0.17559340509529875,0.17559340509529875,0.17559340509529875,0.17559340509529875,0.17559340509529875,0.17559340509529875,0.17559340509529875,0.17559340509529875,0.17559340509529875
63,0.5902532157307405,0.5902532157307405,0.5902532157307405,0.5902532157307405,0.5902532157307405,0.5902532157307405,0.5902532157307405,0.5902532157307405,0.5902532157307405,0.5902532157307405,0.5902532157307405,0.5902532157307405,0.5902532157307405,0.5902532157307405,0.5902532157307547,0.5902532157307547,0.5902532157307547,0.5902532157307618,0.5902532157307618,0.5902532157307618,0.5902532157307618,0.5902532157307654,0.5902532157307583,0.5902532157307565,0.4249388544466548,1.2697149660542024,1.6320457092356158,1.614376173316927,1.4455363494705935,1.4514865178213228,1.1651574998587293,1.1064145787754924,1.3720108730160803,2.0635577340911624,1.862676300166818,1.8702723086644255,1.8749558049765653,0.5902532157307583,0.5902532157307547,0.5902532157307547,0.5902532157307547,0.5902532157307547,0.5902532157307547,0.5902532157307547,0.5902532157307618,0.5902532157307689,0.5902532157307689,0.5902532157307689,0.5902532157307832,0.5902532157307689,0.5902532157307689,0.5902532157307689,0.5902532157307689,0.5902532157307689,0.5902532157307832,0.5902532157307689,0.5902532157307832,0.5902532157307832,0.5902532157307547,0.5902532157307689,0.5902532157307689,0.5794517448776215,0.41465981063548485,0.0,0.3463188870920293,1.4663357402723776,1.4970376234101401,1.0003807122156552,0.8877774286851334,1.563216163449404,1.5687969900552865,1.5572195939212108,0.5902532157307547,0.5902532157307618,0.5902532157307547,0.5902532157307547,0.5902532157307547,0.5902532157307547,0.5902532157307547,0.5902532157307618,0.5902532157307547,0.5902532157307547,-1.1477396991130462,-0.6864440011253947,-0.41316498699862336,-0.08903904469531199,0.2270067944646854,0.22698215092695762,0.9047019353311754,1.1083892400685187,0.6077619882897949,0.7017743076802674,0.4243855749894294,-0.4473316927526412,-0.5680502749495133,-0.6615153328440897,1.6910470660475525,2.030490224518619,2.054089432092841,1.109723449451053,0.9751869252792602,0.9856305008910482,1.3017906131213692,1.3979873353971755,0.16007043182884573,-0.4820940607895956,-1.0516608078560274,-3.6264137948474158,0.5902532157307547,0.5902532157307547,0.23464245485608615,0.2722701837457464,0.23302929142101902,-0.24267315251155708,-0.7127299197006494,-0.6401860469788971,-0.5224042018324297,0.42117408440967097,0.16304170491930492,0.5530154765183148,0.5049023005167754,1.0269603494971449,1.2178742405639298,1.4449259424551144,1.7841193614598012,1.9782536796486454,2.088445604546166,0.5902532157307689,0.5902532157307618,0.5902532157307689,0.5902532157307618,0.5902532157307618,0.5902532157307618,0.5902532157307583,0.5902532157307618,0.4275821998430587,0.4487964407001499,0.5902532157307618,-1.0262942122040783,-1.3378326264933804,-0.5274747190318863,-0.0037161832728287436,0.31516683467484086,0.12950964597382608,-0.25911290521140984,0.5902532157307547,0.5902532157307547,0.5902532157307547,0.5902532157307547,0.5902532157307405,0.5902532157307405,0.5902532157307405,0.5902532157307405,0.5902532157307405,0.5902532157307405,0.5902532157307405,0.5902532157307405,0.5902532157307405,0.5902532157307405,0.5902532157307405,0.5902532157307405,0.30325970750833164,0.5902532157307405,0.5902532157307405,0.35175559275648993,-0.1557105948044466,-0.15162229152340956,-0.15994944442452663,-1.6877629610056886,-1.3384001391522418,-1.3461942168223686,1.1044754415920863,1.1542162372909957,1.1376201185324675,2.1199897906271588,2.1206024858612693,0.5902532157307405,0.5902532157307405,0.5902532157307405,0.5902532157307405,0.5902532157307405,0.5902532157307405,0.5902532157307405,0.5902532157307405,0.5902532157307405,0.5902532157307405,0.5902532157307405,0.5902532157307405,0.5902532157307405,0.5902532157307405,0.5902532157307405,0.5902532157307405,0.5902532157307405,0.5902532157307405,0.5902532157307405,0.5902532157307405,0.5902532157307405,0.5902532157307405,0.5902532157307405,0.5902532157307405,0.5902532157307405,0.5902532157307405
64,0.9365721028227938,0.9365721028227938,0.9365721028227938,0.9365721028227938,0.9365721028227938,0.9365721028227938,0.9365721028227938,0.9365721028227938,0.9365721028227938,0.9365721028227938,0.9365721028227938,0.9365721028227938,0.9365721028227938,0.9365721028227938,0.9365721028227796,0.9365721028227796,0.9365721028227796,0.9365721028227867,0.9365721028227867,0.9365721028227867,0.9365721028227867,0.9365721028227902,0.9365721028227831,0.9365721028227849,0.7712577415386832,1.6160338531462308,1.9783645963276442,1.960695060408959,1.7918552365626255,1.7978054049133547,1.5114763869507613,1.4527334658675244,1.7183297601081122,2.4098766211832015,2.2089951872588642,2.216591195756479,2.2212746920686186,0.9365721028227796,0.9365721028227796,0.9365721028227796,0.9365721028227796,0.9365721028227796,0.9365721028227796,0.9365721028227796,0.9365721028227796,0.9365721028227796,0.9365721028227796,0.9365721028227796,0.9365721028227938,0.9365721028227796,0.9365721028227796,0.9365721028227796,0.9365721028227796,0.9365721028227796,0.9365721028227938,0.9365721028227796,0.9365721028227938,0.9365721028227938,0.9365721028227796,0.9365721028227938,0.9365721028227938,0.9257706319696499,0.7609786977275137,0.3463188870920293,0.0,1.1200168531803483,1.1507187363181117,0.6540618251236268,0.541458541593105,1.2168972763573755,1.2224781029632599,1.2109007068291824,0.9365721028227796,0.9365721028227867,0.9365721028227796,0.9365721028227796,0.9365721028227654,0.9365721028227654,0.9365721028227796,0.9365721028227867,0.9365721028227796,0.9365721028227796,-0.8014208120210213,-0.34012511403336987,-0.06684609990659851,0.25727984239671287,0.5733256815567103,0.5733010380189825,1.2510208224232002,1.4547081271605435,0.9540808753818055,1.0480931947722638,0.7707044620814258,-0.10101280566064474,-0.2217313878575169,-0.31519644575209327,2.037365953139581,2.3768091116106476,2.4004083191848693,1.456042336543078,1.321505812371278,1.331949387983066,1.6481095002133657,1.7443062224891719,0.5063893189208706,-0.13577517369757075,-0.7053419207640026,-3.280094907755391,0.9365721028227796,0.9365721028227796,0.580961341948111,0.6185890708377713,0.5793481785130439,0.10364573458046777,-0.3664110326086245,-0.2938671598868723,-0.1760853147404049,0.7674929715017242,0.5093605920113298,0.8993343636103397,0.8512211876088003,1.3732792365891697,1.5641931276559546,1.7912448295471393,2.130438248551812,2.324572566740642,2.4347644916381626,0.9365721028227938,0.9365721028227867,0.9365721028227938,0.9365721028227867,0.9365721028227867,0.9365721028227867,0.9365721028227796,0.9365721028227796,0.7739010869350835,0.7951153277921748,0.9365721028227867,-0.6799753251120535,-0.9915137394013556,-0.1811558319398614,0.3426027038191961,0.6614857217668657,0.47582853306585093,0.08720598188061501,0.9365721028227796,0.9365721028227796,0.9365721028227796,0.9365721028227796,0.9365721028227938,0.9365721028227938,0.9365721028227938,0.9365721028227938,0.9365721028227938,0.9365721028227938,0.9365721028227938,0.9365721028227938,0.9365721028227938,0.9365721028227938,0.9365721028228222,0.9365721028228222,0.6495785946003565,0.9365721028227938,0.9365721028227938,0.6980744798485432,0.19060829228760667,0.19469659556864372,0.18636944266752664,-1.3414440739136353,-0.9920812520601885,-0.9998753297303153,1.4507943286841396,1.500535124383049,1.4839390056245207,2.466308677719212,2.4669213729533226,0.9365721028227938,0.9365721028227938,0.9365721028227938,0.9365721028227938,0.9365721028227938,0.9365721028227938,0.9365721028227938,0.9365721028227938,0.9365721028227938,0.9365721028227938,0.9365721028227938,0.9365721028227938,0.9365721028227938,0.9365721028227938,0.9365721028227938,0.9365721028227938,0.9365721028227938,0.9365721028227938,0.9365721028227938,0.9365721028227938,0.9365721028227938,0.9365721028227938,0.9365721028227938,0.9365721028227938,0.9365721028227938,0.9365721028227938
65,2.0565889560031394,2.0565889560031394,2.0565889560031394,2.0565889560031394,2.0565889560031394,2.0565889560031394,2.0565889560031394,2.0565889560031394,2.0565889560031394,2.0565889560031394,2.0565889560031394,2.0565889560031394,2.0565889560031394,2.0565889560031394,2.0565889560031394,2.0565889560031394,2.0565889560031394,2.0565889560031394,2.0565889560031394,2.0565889560031394,2.0565889560031394,2.0565889560031394,2.0565889560031323,2.0565889560031323,1.8912745947190288,2.73605070632658,3.098381449507997,3.0807119135893117,2.911872089742978,2.9178222580937074,2.631493240131114,2.572750319047877,2.838346613288465,3.529893474363547,3.32901204043921,3.3366080489368244,3.341291545248964,2.0565889560031394,2.0565889560031394,2.0565889560031394,2.0565889560031394,2.0565889560031394,2.0565889560031394,2.0565889560031394,2.0565889560031394,2.0565889560031394,2.0565889560031394,2.0565889560031394,2.0565889560031536,2.0565889560031394,2.0565889560031394,2.0565889560031394,2.0565889560031394,2.0565889560031394,2.0565889560031536,2.0565889560031394,2.0565889560031536,2.0565889560031536,2.0565889560031394,2.0565889560031394,2.0565889560031394,2.045787485149999,1.880995550907862,1.4663357402723776,1.1200168531803483,0.0,0.030701883137762565,-0.4659550280567242,-0.5785583115872477,0.09688042317702639,0.10246124978290982,0.09088385364883411,2.0565889560031394,2.0565889560031394,2.0565889560031394,2.0565889560031394,2.0565889560031394,2.0565889560031394,2.0565889560031394,2.0565889560031394,2.0565889560031394,2.0565889560031394,0.3185960411593385,0.77989173914699,1.0531707532737613,1.3772966955770727,1.69334253473707,1.6933178911993423,2.37103767560356,2.574724980340875,2.074097728562151,2.1681100479526094,1.8907213152617715,1.0190040475197009,0.8982854653228287,0.8048204074282523,3.1573828063199265,3.496825964790993,3.520425172365215,2.5760591897234306,2.4415226655516307,2.4519662411634187,2.7681263533937113,2.8643230756695175,1.6264061721012162,0.9842416794827749,0.41467493241634656,-2.1600780545750453,2.0565889560031323,2.056588956003125,1.7009781951284708,1.738605924018131,1.6993650316934037,1.2236625877608276,0.7536058205717495,0.8261496932935302,0.9439315384399833,1.8875098246820983,1.629377445191679,2.019351216790689,1.9712380407891459,2.4932960897695295,2.6842099808363287,2.9112616827275133,3.2504551017321717,3.444589419921016,3.5547813448185366,2.0565889560031465,2.0565889560031394,2.0565889560031465,2.0565889560031394,2.0565889560031394,2.0565889560031394,2.0565889560031323,2.0565889560031323,1.8939179401154433,1.9151321809725346,2.0565889560031394,0.4400415280683063,0.12850311377900425,0.9388610212404984,1.462619556999556,1.7815025749472255,1.5958453862462108,1.2072228350609748,2.0565889560031394,2.0565889560031394,2.0565889560031394,2.0565889560031394,2.0565889560031394,2.0565889560031394,2.0565889560031394,2.0565889560031394,2.0565889560031394,2.0565889560031394,2.0565889560031394,2.0565889560031394,2.0565889560031394,2.0565889560031394,2.056588956003168,2.056588956003168,1.7695954477807163,2.0565889560031394,2.0565889560031394,1.8180913330288888,1.3106251454679665,1.3147134487489893,1.306386295847858,-0.2214272207333181,0.1279356011201287,0.12014152345000184,2.570811181864457,2.620551977563366,2.6039558588048664,3.5863255308995434,3.586938226133668,2.0565889560031394,2.0565889560031394,2.0565889560031394,2.0565889560031394,2.0565889560031394,2.0565889560031394,2.0565889560031394,2.0565889560031394,2.0565889560031394,2.0565889560031394,2.0565889560031394,2.0565889560031394,2.0565889560031394,2.0565889560031394,2.0565889560031394,2.0565889560031394,2.0565889560031394,2.0565889560031394,2.0565889560031394,2.0565889560031394,2.0565889560031394,2.0565889560031394,2.0565889560031394,2.0565889560031394,2.0565889560031394,2.0565889560031394
66,2.0872908391409055,2.0872908391409055,2.0872908391409055,2.0872908391409055,2.0872908391409055,2.0872908391409055,2.0872908391409055,2.0872908391409055,2.0872908391409055,2.0872908391409055,2.0872908391409055,2.0872908391409055,2.0872908391409055,2.0872908391409055,2.0872908391409055,2.0872908391409055,2.0872908391409055,2.0872908391408984,2.0872908391408984,2.0872908391408984,2.0872908391408984,2.0872908391408984,2.0872908391408984,2.087290839140895,1.921976477856795,2.766752589464346,3.129083332645763,3.111413796727078,2.9425739728807443,2.9485241412314735,2.662195123268887,2.6034522021856503,2.869048496426231,3.560595357501313,3.359713923576976,3.3673099320745905,3.3719934283867303,2.0872908391408984,2.0872908391408984,2.0872908391408984,2.0872908391409055,2.0872908391409055,2.0872908391409055,2.0872908391409055,2.0872908391409055,2.0872908391409055,2.0872908391409055,2.0872908391409055,2.0872908391409197,2.0872908391409055,2.0872908391409055,2.0872908391409055,2.0872908391409055,2.0872908391409055,2.0872908391409197,2.0872908391409055,2.0872908391409197,2.0872908391409197,2.0872908391408913,2.0872908391409055,2.0872908391409055,2.07648936828776,1.9116974340456245,1.4970376234101401,1.1507187363181117,0.030701883137762565,0.0,-0.49665691119448674,-0.6092601947250094,0.12758230631478895,0.13316313292067328,0.12158573678659756,2.0872908391409055,2.0872908391409055,2.0872908391409055,2.0872908391409055,2.0872908391409055,2.0872908391409055,2.0872908391409055,2.0872908391409055,2.0872908391409055,2.0872908391409055,0.3492979242971046,0.8105936222847561,1.0838726364115274,1.4079985787148388,1.7240444178748362,1.7240197743371084,2.401739558741326,2.6054268634786695,2.1047996116999457,2.198811931090404,1.921423198399566,1.0497059306574954,0.9289873484606233,0.8355222905660469,3.1880846894576926,3.5275278479287557,3.551127055502981,2.6067610728611967,2.472224548689397,2.4826681243011848,2.798828236531506,2.895024958807312,1.6571080552389859,1.0149435626205445,0.4453768155541127,-2.129376171437279,2.0872908391409055,2.0872908391409055,1.731680078266237,1.7693078071558972,1.7300669148311698,1.2543644708985937,0.7843077037095156,0.8568515764312963,0.9746334215777495,1.9182117078198644,1.660079328329445,2.050053099928455,2.001939923926912,2.5239979729072957,2.714911863974095,2.9419635658652794,3.281156984869938,3.475291303058782,3.5854832279563027,2.0872908391409055,2.0872908391408984,2.0872908391409055,2.0872908391408984,2.0872908391408984,2.0872908391408984,2.0872908391408913,2.0872908391408913,1.9246198232532095,1.9458340641103007,2.0872908391408984,0.47074341120607244,0.15920499691677037,0.9695629043782645,1.493321440137322,1.8122044580849916,1.6265472693839769,1.237924718198741,2.0872908391409055,2.0872908391409055,2.0872908391409055,2.0872908391409055,2.0872908391409055,2.0872908391409055,2.0872908391409055,2.0872908391409055,2.0872908391409055,2.0872908391409055,2.0872908391409055,2.0872908391409055,2.0872908391409055,2.0872908391409055,2.0872908391409055,2.0872908391409055,1.8002973309184824,2.0872908391409055,2.0872908391409055,1.848793216166655,1.3413270286057468,1.3454153318867839,1.3370881789856526,-0.19072533759549515,0.15863748425795166,0.1508434065878248,2.6015130650022513,2.6512538607011606,2.6346577419426467,3.6170274140373238,3.6176401092714343,2.0872908391409055,2.0872908391409055,2.0872908391409055,2.0872908391409055,2.0872908391409055,2.0872908391409055,2.0872908391409055,2.0872908391409055,2.0872908391409055,2.0872908391409055,2.0872908391409055,2.0872908391409055,2.0872908391409055,2.0872908391408913,2.0872908391409055,2.0872908391409055,2.0872908391409055,2.0872908391409055,2.0872908391409055,2.0872908391409055,2.0872908391409055,2.0872908391409055,2.0872908391409055,2.0872908391409055,2.0872908391409055,2.0872908391409055
67,1.5906339279464135,1.5906339279464135,1.5906339279464135,1.5906339279464135,1.5906339279464135,1.5906339279464135,1.5906339279464135,1.5906339279464135,1.5906339279464135,1.5906339279464135,1.5906339279464135,1.5906339279464135,1.5906339279464135,1.5906339279464135,1.5906339279464135,1.5906339279464135,1.5906339279464135,1.5906339279464135,1.5906339279464135,1.5906339279464135,1.5906339279464135,1.5906339279464135,1.5906339279464135,1.5906339279464135,1.42531956666231,2.270095678269861,2.632426421451278,2.614756885532593,2.4459170616862593,2.4518672300369815,2.165538212074395,2.1067952909911583,2.372391585231739,3.063938446306821,2.863057012382484,2.8706530208800984,2.8753365171922383,1.5906339279464063,1.5906339279464063,1.5906339279464063,1.5906339279464135,1.5906339279464135,1.5906339279464135,1.5906339279464135,1.5906339279464135,1.5906339279464135,1.5906339279464135,1.5906339279464135,1.5906339279464277,1.5906339279464135,1.5906339279464135,1.5906339279464135,1.5906339279464135,1.5906339279464135,1.5906339279464277,1.5906339279464135,1.5906339279464277,1.5906339279464277,1.5906339279463992,1.5906339279464135,1.5906339279464135,1.5798324570932785,1.4150405228511396,1.0003807122156552,0.6540618251236268,-0.4659550280567242,-0.49665691119448674,0.0,-0.11260328353052318,-0.36907460487969956,-0.363493778273817,-0.3750711744078927,1.5906339279464135,1.5906339279464135,1.5906339279464135,1.5906339279464135,1.5906339279464135,1.5906339279464135,1.5906339279464135,1.5906339279464135,1.5906339279464135,1.5906339279464135,-0.14735898689738747,0.313936711090264,0.5872157252170354,0.9113416675203467,1.2273875066803441,1.2273628631426163,1.905082647546834,2.1087699522841774,1.6081427005054536,1.702155019895912,1.424766287205074,0.5530490194630033,0.4323304372661312,0.3388653793715548,2.6914277782632077,3.0308709367342743,3.054470144308496,2.1101041616667118,1.9755676374949118,1.9860112131066998,2.3021713253370137,2.39836804761282,1.160451144044501,0.5182866514260596,-0.05128009564037228,-2.626033082631764,1.5906339279464135,1.5906339279464135,1.2350231670717449,1.2726508959614051,1.2334100036366635,0.7577075597040732,0.28765079251499515,0.3601946652367758,0.47797651038322897,1.421554796625344,1.16342241713496,1.55339618873397,1.505283012732427,2.0273410617128036,2.2182549527796027,2.4453066546707873,2.7845000736754457,2.97863439186429,3.0888263167618106,1.5906339279464206,1.5906339279464135,1.5906339279464206,1.5906339279464135,1.5906339279464135,1.5906339279464135,1.5906339279464063,1.5906339279464063,1.4279629120587174,1.4491771529157944,1.5906339279464063,-0.02591349998841963,-0.3374519142777217,0.47290599318377247,0.99666452894283,1.3155475468904996,1.1298903581894848,0.7412678070042489,1.5906339279464135,1.5906339279464135,1.5906339279464135,1.5906339279464135,1.5906339279464135,1.5906339279464135,1.5906339279464135,1.5906339279464135,1.5906339279464135,1.5906339279464135,1.5906339279464135,1.5906339279464135,1.5906339279464135,1.5906339279464135,1.5906339279464419,1.5906339279464419,1.3036404197239904,1.5906339279464135,1.5906339279464135,1.3521363049721629,0.8446701174112548,0.8487584206922918,0.8404312677911605,-0.6873822487899872,-0.3380194269365404,-0.34581350460666727,2.1048561538077593,2.1545969495066686,2.1380008307481546,3.1203705028428317,3.1209831980769422,1.5906339279464135,1.5906339279464135,1.5906339279464135,1.5906339279464135,1.5906339279464135,1.5906339279464135,1.5906339279464135,1.5906339279464135,1.5906339279464135,1.5906339279464135,1.5906339279464135,1.5906339279464135,1.5906339279463992,1.5906339279464135,1.5906339279464135,1.5906339279464135,1.5906339279464135,1.5906339279464135,1.5906339279464135,1.5906339279464135,1.5906339279464135,1.5906339279464135,1.5906339279464135,1.5906339279464135,1.5906339279464135,1.5906339279464135
68,1.4780306444158668,1.4780306444158668,1.4780306444158668,1.4780306444158668,1.4780306444158668,1.4780306444158668,1.4780306444158668,1.4780306444158668,1.4780306444158668,1.4780306444158668,1.4780306444158668,1.4780306444158668,1.4780306444158668,1.4780306444158668,1.478030644415881,1.478030644415881,1.478030644415881,1.4780306444158882,1.4780306444158882,1.4780306444158882,1.4780306444158882,1.4780306444158882,1.4780306444158882,1.4780306444158882,1.3127162831317847,2.1574923947393287,2.5198231379207456,2.5021536020020605,2.333313778155727,2.339263946506449,2.0529349285438485,1.9941920074606116,2.2597883017011924,2.9513351627762745,2.7504537288519373,2.758049737349552,2.7627332336616917,1.478030644415881,1.478030644415881,1.4780306444158953,1.4780306444158953,1.4780306444158953,1.4780306444158953,1.4780306444158953,1.4780306444158953,1.4780306444158953,1.4780306444158953,1.4780306444158953,1.4780306444159095,1.4780306444158953,1.4780306444158953,1.4780306444158953,1.4780306444158953,1.4780306444158953,1.4780306444159095,1.4780306444158953,1.4780306444159095,1.4780306444159095,1.4780306444158953,1.4780306444158953,1.4780306444158953,1.4672291735627496,1.3024372393206107,0.8877774286851263,0.5414585415930979,-0.5785583115872477,-0.6092601947250094,-0.11260328353052318,0.0,-0.4816778884102213,-0.47609706180433875,-0.48767445793841446,1.4780306444158953,1.4780306444158953,1.4780306444158953,1.4780306444158953,1.4780306444158953,1.4780306444158953,1.4780306444158953,1.4780306444158953,1.4780306444158953,1.478030644415881,-0.25996227042791986,0.2013334275597316,0.47461244168650296,0.7987383839898143,1.1147842231498117,1.1147595796120982,1.792479364016316,1.9961666687536592,1.4955394169749354,1.5895517363653937,1.3121630036745557,0.44044573593248515,0.319727153735613,0.22626209584103663,2.578824494732679,2.918267653203749,2.9418668607779637,1.9975008781361794,1.8629643539643794,1.8734079295761674,2.1895680418064956,2.285764764082302,1.0478478605139756,0.4056833678955343,-0.16388337917089757,-2.7386363661622894,1.4780306444158953,1.4780306444158953,1.1224198835412125,1.1600476124308727,1.120806720106117,0.6451042761735266,0.17504750898444854,0.24759138170622919,0.36537322685268236,1.3089515130947973,1.0508191336044348,1.4407929052034447,1.3926797292019018,1.9147377781822854,2.1056516692490845,2.332703371140269,2.6718967901449275,2.8660311083337717,2.9762230332312924,1.4780306444158953,1.4780306444158882,1.4780306444158953,1.4780306444158882,1.4780306444158882,1.4780306444158882,1.478030644415881,1.478030644415881,1.315359628528185,1.336573869385262,1.4780306444158882,-0.13851678351895202,-0.4500551978082541,0.36030270965324007,0.8840612454122976,1.2029442633599672,1.0172870746589524,0.6286645234737165,1.478030644415881,1.478030644415881,1.478030644415881,1.478030644415881,1.4780306444158668,1.4780306444158668,1.4780306444158668,1.4780306444158668,1.4780306444158668,1.4780306444158668,1.4780306444158668,1.4780306444158668,1.4780306444158668,1.4780306444158668,1.4780306444158668,1.4780306444158668,1.191037136193458,1.4780306444158668,1.4780306444158668,1.2395330214416163,0.7320668338807081,0.7361551371617452,0.7278279842606139,-0.7999855323205622,-0.45062271046711544,-0.4584167881372423,1.9922528702772127,2.041993665976122,2.025397547217608,3.0077672193123135,3.008379914546424,1.4780306444158668,1.4780306444158668,1.4780306444158668,1.4780306444158668,1.4780306444158668,1.4780306444158668,1.4780306444158668,1.4780306444158668,1.4780306444158668,1.4780306444158668,1.4780306444158668,1.4780306444158668,1.4780306444158526,1.4780306444158668,1.4780306444158668,1.4780306444158668,1.4780306444158668,1.4780306444158668,1.4780306444158668,1.4780306444158668,1.4780306444158668,1.4780306444158668,1.4780306444158668,1.4780306444158668,1.4780306444158668,1.4780306444158668
69,2.153469379180166,2.153469379180166,2.153469379180166,2.153469379180166,2.153469379180166,2.153469379180166,2.153469379180166,2.153469379180166,2.153469379180166,2.153469379180166,2.153469379180166,2.153469379180166,2.153469379180166,2.153469379180166,2.153469379180166,2.153469379180166,2.153469379180166,2.153469379180166,2.153469379180166,2.153469379180166,2.153469379180166,2.153469379180166,2.153469379180166,2.1534693791801622,1.9881550178960623,2.8329311295036135,3.1952618726850304,3.1775923367663452,3.0087525129200117,3.014702681270741,2.7283736633081404,2.6696307422249106,2.9352270364654913,3.6267738975405734,3.4258924636162362,3.4334884721138508,3.4381719684259906,2.1534693791801587,2.1534693791801587,2.1534693791801587,2.153469379180166,2.153469379180166,2.153469379180166,2.153469379180166,2.153469379180166,2.153469379180166,2.153469379180166,2.153469379180166,2.15346937918018,2.153469379180166,2.153469379180166,2.153469379180166,2.153469379180166,2.153469379180166,2.15346937918018,2.153469379180166,2.15346937918018,2.15346937918018,2.153469379180166,2.153469379180166,2.153469379180166,2.1426679083270272,1.9778759740848884,1.563216163449404,1.2168972763573755,0.09688042317702639,0.12758230631478895,-0.36907460487969956,-0.4816778884102213,0.0,0.005580826605883438,-0.005996569528192275,2.153469379180166,2.153469379180166,2.153469379180166,2.153469379180166,2.153469379180166,2.153469379180166,2.153469379180166,2.153469379180166,2.153469379180166,2.153469379180166,0.41547646433636487,0.8767721623240163,1.1500511764507877,1.474177118754099,1.7902229579140965,1.7901983143763687,2.4679180987805864,2.6716054035179297,2.170978151739206,2.2649904711296642,1.9876017384388263,1.1158844706967557,0.9951658884998835,0.9017008306053071,3.2542632294969565,3.593706387968023,3.6173055955422484,2.672939612900464,2.538403088728664,2.548846664340452,2.865006776570766,2.9612034988465723,1.7232865952782532,1.081122102659812,0.5115553555933801,-2.063197631398012,2.153469379180166,2.153469379180166,1.7978586183054972,1.8354863471951575,1.79624545487043,1.320543010937854,0.8504862437487759,0.9230301164705565,1.0408119616170097,1.9843902478591247,1.7262578683687124,2.1162316399677223,2.0681184639661794,2.5901765129465275,2.7810904040133266,3.0081421059045113,3.3473355249091696,3.541469843098014,3.6516617679955345,2.153469379180173,2.153469379180166,2.153469379180173,2.153469379180166,2.153469379180166,2.153469379180166,2.1534693791801587,2.1534693791801587,1.9907983632924697,2.012012604149561,2.153469379180166,0.5369219512453327,0.22538353695603064,1.0357414444175248,1.5594999801765823,1.878382998124252,1.6927258094232371,1.3041032582380012,2.153469379180166,2.153469379180166,2.153469379180166,2.153469379180166,2.153469379180166,2.153469379180166,2.153469379180166,2.153469379180166,2.153469379180166,2.153469379180166,2.153469379180166,2.153469379180166,2.153469379180166,2.153469379180166,2.1534693791801374,2.1534693791801374,1.8664758709577427,2.153469379180166,2.153469379180166,1.9149717562059152,1.407505568645007,1.4115938719260441,1.4032667190249128,-0.1245467975562633,0.2248160242971835,0.21702194662705665,2.6676916050415116,2.717432400740421,2.700836281981907,3.6832059540766124,3.683818649310723,2.153469379180166,2.153469379180166,2.153469379180166,2.153469379180166,2.153469379180166,2.153469379180166,2.153469379180166,2.153469379180166,2.153469379180166,2.153469379180166,2.153469379180166,2.153469379180166,2.153469379180166,2.1534693791801516,2.1534693791801374,2.153469379180166,2.153469379180166,2.153469379180166,2.153469379180166,2.153469379180166,2.153469379180166,2.153469379180166,2.153469379180166,2.153469379180166,2.153469379180166,2.153469379180166
70,2.1590502057860306,2.1590502057860306,2.1590502057860306,2.1590502057860306,2.1590502057860306,2.1590502057860306,2.1590502057860306,2.1590502057860306,2.1590502057860306,2.1590502057860306,2.1590502057860306,2.1590502057860306,2.1590502057860306,2.1590502057860306,2.159050205786045,2.159050205786045,2.159050205786045,2.159050205786045,2.159050205786045,2.159050205786045,2.159050205786045,2.159050205786045,2.159050205786045,2.1590502057860412,1.9937358445019413,2.8385119561094854,3.2008426992909023,3.183173163372217,3.0143333395258836,3.020283507876613,2.7339544899140265,2.6752115688307896,2.9408078630713703,3.6323547241464524,3.4314732902221152,3.4390692987197298,3.4437527950318696,2.159050205786045,2.159050205786045,2.159050205786045,2.159050205786045,2.159050205786045,2.159050205786045,2.159050205786045,2.159050205786045,2.159050205786045,2.159050205786045,2.159050205786045,2.159050205786059,2.159050205786045,2.159050205786045,2.159050205786045,2.159050205786045,2.159050205786045,2.159050205786059,2.159050205786045,2.159050205786059,2.159050205786059,2.1590502057860306,2.1590502057860306,2.1590502057860306,2.1482487349329062,1.983456800690771,1.5687969900552865,1.222478102963258,0.10246124978290982,0.1331631329206715,-0.36349377827381346,-0.4760970618043352,0.005580826605883438,0.0,-0.011577396134075713,2.159050205786045,2.159050205786045,2.159050205786045,2.159050205786045,2.159050205786059,2.159050205786059,2.159050205786045,2.159050205786045,2.159050205786045,2.159050205786045,0.42105729094224387,0.8823529889298953,1.1556320030566667,1.479757945359978,1.7958037845199755,1.7957791409822477,2.4734989253864796,2.677186230123823,2.176558978345099,2.2705712977355574,1.9931825650447195,1.1214652973026489,1.0007467151057767,0.9072816572112004,3.259844056102839,3.599287214573902,3.6228864221481203,2.678520439506336,2.543983915334536,2.554427490946324,2.8705876031766593,2.9667843254524655,1.7288674218841322,1.086702929265691,0.517136182199259,-2.057616804792133,2.159050205786045,2.159050205786045,1.8034394449113762,1.8410671738010365,1.801826281476309,1.3261238375437472,0.8560670703546691,0.9286109430764498,1.046392788222903,1.9899710744650179,1.7318386949745914,2.1218124665736013,2.0736992905720584,2.5957573395524207,2.78667123061922,3.0137229325104045,3.352916351515063,3.547050669703907,3.6572425946014278,2.159050205786052,2.159050205786045,2.159050205786052,2.159050205786045,2.159050205786045,2.159050205786045,2.1590502057860377,2.1590502057860377,1.9963791898983487,2.01759343075544,2.159050205786045,0.5425027778512117,0.23096436356190964,1.0413222710234038,1.5650808067824613,1.883963824730131,1.6983066360291161,1.3096840848438802,2.159050205786045,2.159050205786045,2.159050205786045,2.159050205786045,2.1590502057860306,2.1590502057860306,2.1590502057860306,2.1590502057860306,2.1590502057860306,2.1590502057860306,2.1590502057860306,2.1590502057860306,2.1590502057860306,2.1590502057860306,2.159050205786059,2.159050205786059,1.8720566975636217,2.1590502057860306,2.1590502057860306,1.92055258281178,1.4130863952508719,1.417174698531909,1.4088475456307776,-0.11896597095037009,0.2303968509030767,0.22260277323294986,2.6732724316473764,2.7230132273462857,2.7064171085877717,3.688786780682449,3.6893994759165594,2.1590502057860306,2.1590502057860306,2.1590502057860306,2.1590502057860306,2.1590502057860306,2.1590502057860306,2.1590502057860306,2.1590502057860306,2.1590502057860306,2.1590502057860306,2.1590502057860306,2.1590502057860306,2.1590502057860306,2.1590502057860306,2.1590502057860306,2.1590502057860306,2.1590502057860306,2.1590502057860306,2.1590502057860306,2.1590502057860306,2.1590502057860306,2.1590502057860306,2.1590502057860306,2.159050205786045,2.159050205786059,2.1590502057860306
71,2.147472809651987,2.147472809651987,2.147472809651987,2.147472809651987,2.147472809651987,2.147472809651987,2.147472809651987,2.147472809651987,2.147472809651987,2.147472809651987,2.147472809651987,2.147472809651987,2.147472809651987,2.147472809651987,2.1474728096519726,2.1474728096519726,2.1474728096519726,2.1474728096519726,2.1474728096519726,2.1474728096519726,2.1474728096519726,2.1474728096519726,2.1474728096519726,2.147472809651969,1.9821584483678691,2.8269345599754203,3.189265303156837,3.171595767238152,3.0027559433918185,3.0087061117425478,2.722377093779947,2.6636341726967174,2.929230466937298,3.6207773280123803,3.419895894088043,3.4274919025856576,3.4321753988977974,2.1474728096519655,2.1474728096519655,2.1474728096519655,2.1474728096519726,2.1474728096519726,2.1474728096519726,2.1474728096519726,2.1474728096519726,2.1474728096519726,2.1474728096519726,2.1474728096519726,2.147472809651987,2.1474728096519726,2.1474728096519726,2.1474728096519726,2.1474728096519726,2.1474728096519726,2.147472809651987,2.1474728096519726,2.147472809651987,2.147472809651987,2.1474728096519726,2.147472809651987,2.147472809651987,2.136671338798834,1.9718794045566952,1.5572195939212108,1.2109007068291824,0.09088385364883411,0.12158573678659756,-0.3750711744078892,-0.4876744579384109,-0.005996569528192275,-0.011577396134075713,0.0,2.1474728096519726,2.1474728096519726,2.1474728096519726,2.1474728096519726,2.1474728096519584,2.1474728096519584,2.1474728096519726,2.1474728096519726,2.1474728096519726,2.1474728096519726,0.4094798948081717,0.8707755927958232,1.1440546069225945,1.468180549225906,1.7842263883859033,1.7842017448481755,2.461921529252379,2.6656088339897224,2.1649815822109986,2.258993901601457,1.9816051689106189,1.1098879011685483,0.9891693189716761,0.8957042610770998,3.2482666599687633,3.58770981843983,3.6113090260140552,2.666943043372271,2.532406519200471,2.542850094812259,2.8590102070425587,2.955206929318365,1.71729002575006,1.0751255331316187,0.5055587860651869,-2.069194200926205,2.1474728096519726,2.1474728096519726,1.791862048777304,1.8294897776669643,1.790248885342237,1.3145464414096466,0.8444896742205685,0.9170335469423492,1.0348153920888024,1.9783936783309173,1.7202612988405193,2.110235070439529,2.062121894437986,2.5841799434183486,2.7750938344851477,3.0021455363763323,3.3413389553809907,3.535473273569835,3.6456651984673556,2.1474728096519797,2.1474728096519726,2.1474728096519797,2.1474728096519726,2.1474728096519726,2.1474728096519726,2.1474728096519655,2.1474728096519655,1.9848017937642766,2.006016034621368,2.1474728096519726,0.5309253817171395,0.21938696742783748,1.0297448748893316,1.5535034106483891,1.8723864285960587,1.686729239895044,1.298106688709808,2.1474728096519726,2.1474728096519726,2.1474728096519726,2.1474728096519726,2.147472809651987,2.147472809651987,2.147472809651987,2.147472809651987,2.147472809651987,2.147472809651987,2.147472809651987,2.147472809651987,2.147472809651987,2.147472809651987,2.1474728096520153,2.1474728096520153,1.8604793014295495,2.147472809651987,2.147472809651987,1.9089751866777362,1.4015089991168281,1.4055973023978652,1.397270149496734,-0.13054336708441383,0.21881945476903297,0.21102537709890612,2.6616950355133326,2.711435831212242,2.694839712453728,3.677209384548405,3.6778220797825156,2.147472809651987,2.147472809651987,2.147472809651987,2.147472809651987,2.147472809651987,2.147472809651987,2.147472809651987,2.147472809651987,2.147472809651987,2.147472809651987,2.147472809651987,2.147472809651987,2.147472809651987,2.147472809651987,2.147472809651987,2.147472809651987,2.147472809651987,2.147472809651987,2.147472809651987,2.147472809651987,2.147472809651987,2.147472809651987,2.147472809651987,2.147472809652001,2.1474728096520153,2.147472809651987
72,0.0,0.0,0.0,0.0,0.0,0.0,0.0,0.0,0.0,0.0,0.0,0.0,0.0,0.0,0.0,0.0,0.0,0.0,0.0,0.0,0.0,0.0,0.0,0.0,-0.16531436128410348,0.6794617503234477,1.0417924935048646,1.0241229575861723,0.8552831337398317,0.8612333020905538,0.5749042841279532,0.5161613630447164,0.7817576572852971,1.4733045183603792,1.272423084436042,1.2800190929336566,1.2847025892457964,3.552713678800501e-15,3.552713678800501e-15,-3.552713678800501e-15,0.0,0.0,0.0,0.0,0.0,0.0,0.0,-3.552713678800501e-15,0.0,0.0,3.552713678800501e-15,0.0,0.0,0.0,7.105427357601002e-15,0.0,7.105427357601002e-15,7.105427357601002e-15,-1.7763568394002505e-15,5.329070518200751e-15,3.552713678800501e-15,0.01080147085313854,0.17559340509527743,0.5902532157307618,0.9365721028227938,2.0565889560031394,2.0872908391409055,1.5906339279464277,1.4780306444159095,2.153469379180166,2.159050205786045,2.1474728096519726,0.0,1.3322676295501878e-15,-3.1086244689504383e-15,-2.6645352591003757e-15,-3.552713678800501e-15,-8.881784197001252e-15,0.0,5.329070518200751e-15,0.0,0.0,-1.737992914843801,-1.2766972168561495,-1.003418202729378,-0.6792922604260667,-0.3632464212660693,-0.3632710648037971,0.31444871960042065,0.518136024337764,0.017508772559040153,0.11152109194949844,-0.16586764074133953,-1.0375849084834101,-1.1583034906802823,-1.2517685485748586,1.4519806605073455,1.7914238189784157,1.8150230265526375,0.5194702337202983,0.38493370954849837,0.39537728516029347,0.7115373973906003,0.8077341196664065,-0.43018278390191256,-1.0723472765203539,-1.6419140235867857,-4.2166670105781705,0.0,0.0,-0.3556107608746686,-0.3179830319850083,-0.3572239243097357,-0.8329263682423118,-1.302983135431404,-1.2304392627096519,-1.1126574175631845,-0.16907913132106955,-0.42721151081145337,-0.037237739212443444,-0.08535091521398641,0.43670713376639014,0.6276210248331751,0.8546727267243597,1.1938661457290323,1.3880004639178765,1.4981923888153972,0.0,-7.105427357601002e-15,0.0,-7.105427357601002e-15,-7.105427357601002e-15,-7.105427357601002e-15,0.0,0.0,-0.16267101588769606,-0.14145677503060483,0.0,-1.616547427934833,-1.9280858422241351,-1.117727934762641,-0.5939693990035835,-0.2750863810559139,-0.46074356975692865,-0.8493661209421646,0.0,0.0,0.0,0.0,0.0,0.0,0.0,0.0,0.0,0.0,0.0,0.0,0.0,0.0,0.0,0.0,-0.2869935082224231,0.0,0.0,-0.2384976229742506,-0.7459638105351871,-0.7418755072541501,-0.7502026601552814,-2.2780161767364575,-1.9286533548830107,-1.9364474325531376,0.5142222258613174,0.5639630215602267,0.547366902801727,1.5297365748964182,1.530349270130543,0.0,0.0,0.0,0.0,0.0,0.0,0.0,0.0,0.0,0.0,0.0,0.0,0.0,0.0,0.0,0.0,0.0,0.0,0.0,0.0,0.0,0.0,0.0,0.0,0.0,0.0
73,0.0,0.0,0.0,0.0,0.0,0.0,0.0,0.0,0.0,0.0,0.0,0.0,0.0,0.0,0.0,0.0,0.0,0.0,0.0,0.0,0.0,0.0,0.0,0.0,-0.16531436128410348,0.6794617503234406,1.0417924935048504,1.0241229575861581,0.8552831337398175,0.8612333020905396,0.5749042841279532,0.5161613630447164,0.7817576572852971,1.4733045183603792,1.272423084436042,1.2800190929336566,1.2847025892457964,3.552713678800501e-15,3.552713678800501e-15,-3.552713678800501e-15,0.0,1.3322676295501878e-15,1.7763568394002505e-15,1.7763568394002505e-15,1.7763568394002505e-15,1.7763568394002505e-15,3.552713678800501e-15,3.552713678800501e-15,7.105427357601002e-15,7.105427357601002e-15,7.105427357601002e-15,7.105427357601002e-15,7.105427357601002e-15,7.105427357601002e-15,1.4210854715202004e-14,0.0,7.105427357601002e-15,3.552713678800501e-15,0.0,7.105427357601002e-15,7.105427357601002e-15,0.010801470853131434,0.17559340509527033,0.5902532157307547,0.9365721028227867,2.0565889560031394,2.0872908391409055,1.5906339279464277,1.4780306444159095,2.153469379180166,2.159050205786045,2.1474728096519726,1.3322676295501878e-15,0.0,-4.218847493575595e-15,-4.440892098500626e-15,-4.440892098500626e-15,-1.0658141036401503e-14,1.7763568394002505e-15,8.881784197001252e-15,1.7763568394002505e-15,0.0,-1.737992914843801,-1.2766972168561495,-1.003418202729378,-0.6792922604260667,-0.3632464212660693,-0.3632710648037971,0.31444871960042065,0.518136024337764,0.017508772559040153,0.11152109194949844,-0.16586764074133953,-1.0375849084834101,-1.1583034906802823,-1.2517685485748586,1.4519806605073384,1.7914238189784015,1.8150230265526233,0.5194702337202912,0.38493370954849127,0.39537728516027926,0.7115373973906003,0.8077341196664065,-0.43018278390191256,-1.0723472765203539,-1.6419140235867857,-4.216667010578178,0.0,-3.552713678800501e-15,-0.3556107608746686,-0.3179830319850083,-0.3572239243097357,-0.8329263682423118,-1.302983135431404,-1.2304392627096377,-1.1126574175631845,-0.16907913132106955,-0.42721151081145337,-0.037237739212443444,-0.08535091521398641,0.43670713376639014,0.6276210248331751,0.8546727267243739,1.1938661457290323,1.3880004639178765,1.4981923888153972,7.105427357601002e-15,0.0,7.105427357601002e-15,0.0,0.0,0.0,-7.105427357601002e-15,-7.105427357601002e-15,-0.16267101588769606,-0.14145677503060483,0.0,-1.616547427934833,-1.9280858422241351,-1.117727934762641,-0.5939693990035835,-0.2750863810559139,-0.46074356975692865,-0.8493661209421646,0.0,0.0,0.0,0.0,0.0,0.0,0.0,0.0,0.0,0.0,0.0,0.0,0.0,0.0,0.0,0.0,-0.2869935082224231,0.0,0.0,-0.2384976229742506,-0.7459638105351871,-0.7418755072541501,-0.7502026601552814,-2.2780161767364575,-1.9286533548830107,-1.9364474325531376,0.5142222258613174,0.5639630215602267,0.547366902801727,1.5297365748964182,1.5303492701305572,0.0,0.0,0.0,0.0,0.0,0.0,0.0,0.0,0.0,0.0,0.0,0.0,0.0,0.0,0.0,0.0,0.0,0.0,0.0,0.0,0.0,0.0,0.0,0.0,0.0,0.0
74,0.0,0.0,0.0,0.0,0.0,0.0,0.0,0.0,0.0,0.0,0.0,0.0,0.0,0.0,-1.4210854715202004e-14,-1.4210854715202004e-14,-1.4210854715202004e-14,-7.105427357601002e-15,-7.105427357601002e-15,-7.105427357601002e-15,-7.105427357601002e-15,-7.105427357601002e-15,-7.105427357601002e-15,-7.105427357601002e-15,-0.1653143612841106,0.6794617503234335,1.0417924935048433,1.024122957586144,0.8552831337398032,0.8612333020905254,0.5749042841279248,0.516161363044688,0.7817576572852687,1.4733045183603508,1.2724230844360136,1.2800190929336281,1.284702589245768,0.0,0.0,-5.329070518200751e-15,-3.552713678800501e-15,-3.552713678800501e-15,-3.552713678800501e-15,-3.552713678800501e-15,-3.552713678800501e-15,-3.552713678800501e-15,-7.105427357601002e-15,-1.0658141036401503e-14,-7.105427357601002e-15,-7.105427357601002e-15,-7.105427357601002e-15,-7.105427357601002e-15,-7.105427357601002e-15,-7.105427357601002e-15,0.0,-3.552713678800501e-15,3.552713678800501e-15,0.0,-7.105427357601002e-15,0.0,0.0,0.010801470853131434,0.17559340509527033,0.5902532157307547,0.9365721028227867,2.0565889560031394,2.0872908391409055,1.5906339279464277,1.4780306444159095,2.153469379180166,2.159050205786045,2.1474728096519726,-3.1086244689504383e-15,-4.218847493575595e-15,0.0,0.0,0.0,-5.329070518200751e-15,-3.552713678800501e-15,3.552713678800501e-15,0.0,-1.4210854715202004e-14,-1.7379929148438151,-1.2766972168561637,-1.0034182027293923,-0.6792922604260809,-0.36324642126608353,-0.3632710648038113,0.31444871960040643,0.5181360243377355,0.01750877255901173,0.11152109194947002,-0.16586764074136795,-1.0375849084834385,-1.1583034906803107,-1.251768548574887,1.4519806605073384,1.7914238189784015,1.8150230265526233,0.5194702337202841,0.38493370954849127,0.39537728516027926,0.7115373973905719,0.8077341196663781,-0.43018278390191966,-1.072347276520361,-1.6419140235867928,-4.216667010578178,-3.552713678800501e-15,-7.105427357601002e-15,-0.3556107608746828,-0.31798303198502254,-0.3572239243097499,-0.832926368242326,-1.3029831354314183,-1.230439262709666,-1.112657417563213,-0.16907913132109798,-0.42721151081146047,-0.03723773921245055,-0.08535091521399352,0.43670713376637593,0.6276210248331608,0.8546727267243455,1.1938661457290038,1.388000463917848,1.4981923888153688,0.0,-7.105427357601002e-15,0.0,-7.105427357601002e-15,-7.105427357601002e-15,-7.105427357601002e-15,-1.4210854715202004e-14,-1.4210854715202004e-14,-0.16267101588771027,-0.14145677503061904,-7.105427357601002e-15,-1.6165474279348473,-1.9280858422241494,-1.1177279347626552,-0.5939693990035977,-0.2750863810559281,-0.46074356975694286,-0.8493661209421788,-1.4210854715202004e-14,-1.4210854715202004e-14,-1.4210854715202004e-14,-1.4210854715202004e-14,0.0,0.0,0.0,0.0,0.0,0.0,0.0,0.0,0.0,0.0,0.0,0.0,-0.2869935082224373,0.0,0.0,-0.2384976229742506,-0.7459638105351871,-0.7418755072541501,-0.7502026601552814,-2.2780161767364575,-1.9286533548830107,-1.9364474325531376,0.5142222258613174,0.5639630215602267,0.547366902801727,1.5297365748964182,1.5303492701305572,0.0,0.0,0.0,0.0,0.0,0.0,0.0,0.0,0.0,0.0,0.0,0.0,0.0,0.0,0.0,0.0,0.0,0.0,0.0,0.0,0.0,0.0,0.0,0.0,0.0,0.0
75,0.0,0.0,0.0,0.0,0.0,0.0,0.0,0.0,0.0,0.0,0.0,0.0,0.0,0.0,0.0,0.0,0.0,0.0,0.0,0.0,0.0,0.0,0.0,0.0,-0.16531436128410348,0.6794617503234477,1.0417924935048575,1.0241229575861581,0.8552831337398175,0.8612333020905396,0.5749042841279532,0.5161613630447164,0.7817576572852971,1.4733045183603792,1.272423084436042,1.2800190929336566,1.2847025892457964,0.0,0.0,-7.105427357601002e-15,-3.552713678800501e-15,-3.552713678800501e-15,-3.552713678800501e-15,-3.552713678800501e-15,0.0,0.0,0.0,-3.552713678800501e-15,0.0,0.0,0.0,0.0,0.0,0.0,7.105427357601002e-15,0.0,7.105427357601002e-15,7.105427357601002e-15,-3.552713678800501e-15,3.552713678800501e-15,3.552713678800501e-15,0.01080147085313854,0.17559340509527743,0.5902532157307618,0.9365721028227796,2.0565889560031394,2.0872908391409055,1.5906339279464277,1.4780306444159095,2.153469379180166,2.159050205786045,2.1474728096519726,-3.552713678800501e-15,-4.440892098500626e-15,0.0,0.0,0.0,-5.329070518200751e-15,-3.552713678800501e-15,1.7763568394002505e-15,-3.552713678800501e-15,0.0,-1.737992914843801,-1.2766972168561495,-1.003418202729378,-0.6792922604260667,-0.3632464212660693,-0.3632710648037971,0.31444871960042065,0.5181360243377355,0.01750877255901173,0.11152109194947002,-0.16586764074136795,-1.0375849084834385,-1.1583034906803107,-1.251768548574887,1.4519806605073455,1.7914238189784157,1.8150230265526375,0.5194702337202841,0.38493370954849127,0.39537728516027926,0.7115373973905719,0.8077341196663781,-0.43018278390191256,-1.0723472765203539,-1.6419140235867857,-4.216667010578192,-7.105427357601002e-15,-1.0658141036401503e-14,-0.3556107608746686,-0.3179830319850083,-0.3572239243097357,-0.8329263682423118,-1.302983135431404,-1.2304392627096377,-1.1126574175631845,-0.16907913132106955,-0.42721151081145337,-0.037237739212443444,-0.08535091521398641,0.43670713376639014,0.6276210248331893,0.8546727267243739,1.1938661457290323,1.3880004639178765,1.4981923888153972,7.105427357601002e-15,0.0,7.105427357601002e-15,0.0,0.0,0.0,-7.105427357601002e-15,-7.105427357601002e-15,-0.16267101588769606,-0.14145677503060483,0.0,-1.616547427934833,-1.9280858422241351,-1.117727934762641,-0.5939693990035835,-0.2750863810559139,-0.46074356975692865,-0.8493661209421646,0.0,0.0,0.0,0.0,0.0,0.0,0.0,0.0,0.0,0.0,0.0,0.0,0.0,0.0,0.0,0.0,-0.2869935082224231,0.0,0.0,-0.2384976229742506,-0.7459638105351587,-0.7418755072541217,-0.7502026601552529,-2.2780161767364007,-1.9286533548829539,-1.9364474325530807,0.5142222258613458,0.5639630215602551,0.547366902801727,1.5297365748963898,1.5303492701305004,0.0,0.0,0.0,0.0,0.0,0.0,0.0,0.0,0.0,0.0,0.0,0.0,0.0,0.0,0.0,0.0,0.0,0.0,0.0,0.0,0.0,0.0,0.0,0.0,0.0,0.0
76,0.0,0.0,0.0,0.0,0.0,0.0,0.0,0.0,0.0,0.0,0.0,0.0,0.0,0.0,-1.4210854715202004e-14,-1.4210854715202004e-14,-1.4210854715202004e-14,-7.105427357601002e-15,-7.105427357601002e-15,-7.105427357601002e-15,-7.105427357601002e-15,-7.105427357601002e-15,-7.105427357601002e-15,-7.105427357601002e-15,-0.1653143612841106,0.6794617503234264,1.041792493504829,1.0241229575861297,0.855283133739789,0.8612333020905112,0.5749042841279248,0.516161363044688,0.7817576572852687,1.4733045183603508,1.2724230844360136,1.2800190929336281,1.284702589245768,0.0,0.0,-7.105427357601002e-15,-3.552713678800501e-15,-1.7763568394002505e-15,-3.552713678800501e-15,-3.552713678800501e-15,0.0,0.0,0.0,-3.552713678800501e-15,0.0,0.0,0.0,0.0,0.0,0.0,7.105427357601002e-15,0.0,7.105427357601002e-15,7.105427357601002e-15,-3.552713678800501e-15,3.552713678800501e-15,3.552713678800501e-15,0.010801470853131434,0.17559340509527033,0.5902532157307547,0.9365721028227796,2.0565889560031394,2.0872908391409055,1.5906339279464277,1.4780306444159095,2.153469379180166,2.159050205786045,2.1474728096519726,-1.7763568394002505e-15,-4.440892098500626e-15,0.0,0.0,0.0,-5.329070518200751e-15,-1.7763568394002505e-15,7.105427357601002e-15,3.552713678800501e-15,-1.4210854715202004e-14,-1.7379929148438151,-1.2766972168561637,-1.0034182027293923,-0.6792922604260809,-0.36324642126608353,-0.3632710648038113,0.3144487196003922,0.5181360243377355,0.01750877255901173,0.11152109194947002,-0.16586764074136795,-1.0375849084834385,-1.1583034906803107,-1.251768548574887,1.4519806605073455,1.7914238189784157,1.8150230265526375,0.5194702337202699,0.38493370954847705,0.39537728516026505,0.7115373973905719,0.8077341196663781,-0.43018278390191966,-1.072347276520361,-1.6419140235867928,-4.216667010578178,-7.105427357601002e-15,-1.0658141036401503e-14,-0.3556107608746828,-0.31798303198502254,-0.3572239243097499,-0.832926368242326,-1.3029831354313899,-1.2304392627096092,-1.112657417563156,-0.16907913132104113,-0.42721151081146047,-0.03723773921245055,-0.08535091521399352,0.4367071337663617,0.6276210248331608,0.8546727267243455,1.1938661457290038,1.388000463917848,1.4981923888153688,0.0,-7.105427357601002e-15,0.0,-7.105427357601002e-15,-7.105427357601002e-15,-7.105427357601002e-15,-1.4210854715202004e-14,-1.4210854715202004e-14,-0.16267101588771027,-0.14145677503061904,-7.105427357601002e-15,-1.6165474279348473,-1.9280858422241494,-1.1177279347626552,-0.5939693990035977,-0.2750863810559281,-0.46074356975694286,-0.8493661209421788,-1.4210854715202004e-14,-1.4210854715202004e-14,-1.4210854715202004e-14,-1.4210854715202004e-14,0.0,0.0,0.0,0.0,0.0,0.0,0.0,0.0,0.0,0.0,0.0,0.0,-0.2869935082224373,0.0,0.0,-0.2384976229742506,-0.7459638105351587,-0.7418755072541217,-0.7502026601552529,-2.278016176736429,-1.9286533548829823,-1.9364474325531091,0.5142222258613458,0.5639630215602551,0.5473669028017412,1.5297365748964467,1.5303492701305572,0.0,0.0,0.0,0.0,0.0,0.0,0.0,0.0,0.0,0.0,0.0,0.0,0.0,0.0,0.0,0.0,0.0,0.0,0.0,0.0,0.0,0.0,0.0,0.0,0.0,0.0
77,-2.842170943040401e-14,-2.842170943040401e-14,-2.842170943040401e-14,-2.842170943040401e-14,-2.842170943040401e-14,-2.842170943040401e-14,-2.842170943040401e-14,-2.842170943040401e-14,-2.842170943040401e-14,-2.842170943040401e-14,-2.842170943040401e-14,-2.842170943040401e-14,-2.842170943040401e-14,-2.842170943040401e-14,-1.4210854715202004e-14,-1.4210854715202004e-14,-1.4210854715202004e-14,-1.4210854715202004e-14,-1.4210854715202004e-14,-1.4210854715202004e-14,-1.4210854715202004e-14,-1.4210854715202004e-14,-1.4210854715202004e-14,-1.4210854715202004e-14,-0.1653143612841177,0.6794617503234264,1.041792493504829,1.0241229575861297,0.855283133739789,0.8612333020905112,0.5749042841279106,0.5161613630446737,0.7817576572852545,1.4733045183603366,1.2724230844359994,1.280019092933614,1.2847025892457538,-7.105427357601002e-15,-3.552713678800501e-15,-1.0658141036401503e-14,-7.105427357601002e-15,-7.105427357601002e-15,-7.105427357601002e-15,-7.105427357601002e-15,-3.552713678800501e-15,-3.552713678800501e-15,-7.105427357601002e-15,-1.4210854715202004e-14,-7.105427357601002e-15,-7.105427357601002e-15,-7.105427357601002e-15,-7.105427357601002e-15,-7.105427357601002e-15,-7.105427357601002e-15,0.0,-3.552713678800501e-15,7.105427357601002e-15,7.105427357601002e-15,-1.0658141036401503e-14,-3.552713678800501e-15,0.0,0.010801470853124329,0.17559340509525612,0.5902532157307547,0.9365721028227796,2.0565889560031394,2.0872908391409055,1.5906339279464277,1.4780306444159095,2.153469379180166,2.159050205786045,2.1474728096519726,-7.105427357601002e-15,-8.881784197001252e-15,-5.329070518200751e-15,-5.329070518200751e-15,-5.329070518200751e-15,0.0,-7.105427357601002e-15,-3.552713678800501e-15,-7.105427357601002e-15,-1.4210854715202004e-14,-1.7379929148438151,-1.2766972168561637,-1.0034182027293923,-0.6792922604260809,-0.36324642126608353,-0.3632710648038113,0.31444871960042065,0.518136024337764,0.017508772559040153,0.11152109194949844,-0.16586764074133953,-1.0375849084834101,-1.1583034906802823,-1.2517685485748586,1.4519806605073171,1.7914238189783873,1.815023026552609,0.5194702337202699,0.38493370954847705,0.39537728516026505,0.7115373973906003,0.8077341196664065,-0.43018278390192677,-1.072347276520368,-1.6419140235867928,-4.216667010578192,-7.105427357601002e-15,-1.0658141036401503e-14,-0.3556107608746828,-0.31798303198502254,-0.3572239243097499,-0.8329263682423118,-1.3029831354313899,-1.2304392627096092,-1.112657417563156,-0.16907913132104113,-0.4272115108114676,-0.037237739212457655,-0.08535091521399352,0.4367071337663617,0.6276210248331608,0.8546727267243455,1.1938661457290038,1.388000463917848,1.4981923888153688,-7.105427357601002e-15,-1.4210854715202004e-14,-7.105427357601002e-15,-1.4210854715202004e-14,-1.4210854715202004e-14,-1.4210854715202004e-14,-2.1316282072803006e-14,-2.1316282072803006e-14,-0.16267101588771027,-0.14145677503061904,-1.4210854715202004e-14,-1.6165474279348473,-1.9280858422241494,-1.1177279347626552,-0.5939693990035977,-0.2750863810559281,-0.46074356975694286,-0.8493661209421788,-1.4210854715202004e-14,-1.4210854715202004e-14,-1.4210854715202004e-14,-1.4210854715202004e-14,-2.842170943040401e-14,-2.842170943040401e-14,-2.842170943040401e-14,-2.842170943040401e-14,-2.842170943040401e-14,-2.842170943040401e-14,-2.842170943040401e-14,-2.842170943040401e-14,-2.842170943040401e-14,-2.842170943040401e-14,0.0,0.0,-0.2869935082224373,-2.842170943040401e-14,-2.842170943040401e-14,-0.238497622974279,-0.7459638105351871,-0.7418755072541501,-0.7502026601552814,-2.278016176736429,-1.9286533548829823,-1.9364474325531091,0.5142222258613174,0.5639630215602267,0.5473669028017127,1.5297365748963898,1.5303492701305004,-2.842170943040401e-14,-2.842170943040401e-14,-2.842170943040401e-14,-2.842170943040401e-14,-2.842170943040401e-14,-2.842170943040401e-14,-2.842170943040401e-14,-2.842170943040401e-14,-2.842170943040401e-14,-2.842170943040401e-14,-2.842170943040401e-14,-2.842170943040401e-14,-2.842170943040401e-14,-2.842170943040401e-14,-2.842170943040401e-14,-2.842170943040401e-14,-2.842170943040401e-14,-2.842170943040401e-14,-2.842170943040401e-14,-2.842170943040401e-14,-2.842170943040401e-14,-2.842170943040401e-14,-2.842170943040401e-14,-2.842170943040401e-14,-2.842170943040401e-14,-2.842170943040401e-14
78,0.0,0.0,0.0,0.0,0.0,0.0,0.0,0.0,0.0,0.0,0.0,0.0,0.0,0.0,0.0,0.0,0.0,0.0,0.0,0.0,0.0,0.0,0.0,0.0,-0.16531436128410348,0.6794617503234477,1.0417924935048646,1.0241229575861723,0.8552831337398317,0.8612333020905538,0.5749042841279532,0.5161613630447164,0.7817576572852971,1.4733045183603792,1.272423084436042,1.2800190929336566,1.2847025892457964,3.552713678800501e-15,3.552713678800501e-15,-1.7763568394002505e-15,0.0,0.0,0.0,1.7763568394002505e-15,1.7763568394002505e-15,1.7763568394002505e-15,0.0,-3.552713678800501e-15,0.0,0.0,0.0,0.0,0.0,0.0,7.105427357601002e-15,3.552713678800501e-15,1.0658141036401503e-14,7.105427357601002e-15,-1.7763568394002505e-15,5.329070518200751e-15,3.552713678800501e-15,0.01080147085313854,0.17559340509527743,0.5902532157307618,0.9365721028227938,2.0565889560031394,2.0872908391409055,1.5906339279464277,1.4780306444159095,2.153469379180166,2.159050205786045,2.1474728096519726,0.0,1.7763568394002505e-15,-2.6645352591003757e-15,-3.552713678800501e-15,-3.552713678800501e-15,-8.881784197001252e-15,0.0,6.217248937900877e-15,0.0,0.0,-1.737992914843801,-1.2766972168561495,-1.003418202729378,-0.6792922604260667,-0.3632464212660693,-0.3632710648037971,0.31444871960042065,0.518136024337764,0.017508772559040153,0.11152109194949844,-0.16586764074133953,-1.0375849084834101,-1.1583034906802823,-1.2517685485748586,1.4519806605073455,1.7914238189784157,1.8150230265526375,0.5194702337202983,0.38493370954849837,0.39537728516029347,0.7115373973906003,0.8077341196664065,-0.43018278390191256,-1.0723472765203539,-1.6419140235867857,-4.2166670105781705,0.0,-3.552713678800501e-15,-0.3556107608746686,-0.3179830319850083,-0.3572239243097357,-0.8329263682423118,-1.302983135431404,-1.2304392627096519,-1.1126574175631845,-0.16907913132106955,-0.42721151081145337,-0.037237739212443444,-0.08535091521398641,0.43670713376639014,0.6276210248331751,0.8546727267243455,1.1938661457290038,1.388000463917848,1.4981923888153688,7.105427357601002e-15,0.0,7.105427357601002e-15,0.0,0.0,0.0,-7.105427357601002e-15,-7.105427357601002e-15,-0.16267101588769606,-0.14145677503060483,0.0,-1.616547427934833,-1.9280858422241351,-1.117727934762641,-0.5939693990035835,-0.2750863810559139,-0.46074356975692865,-0.8493661209421646,0.0,0.0,0.0,0.0,0.0,0.0,0.0,0.0,0.0,0.0,0.0,0.0,0.0,0.0,0.0,0.0,-0.2869935082224231,0.0,0.0,-0.2384976229742506,-0.7459638105351871,-0.7418755072541501,-0.7502026601552814,-2.278016176736429,-1.9286533548829823,-1.9364474325531091,0.5142222258613174,0.5639630215602267,0.547366902801727,1.5297365748964182,1.5303492701305572,0.0,0.0,0.0,0.0,0.0,0.0,0.0,0.0,0.0,0.0,0.0,0.0,0.0,0.0,0.0,0.0,0.0,0.0,0.0,0.0,0.0,0.0,0.0,0.0,0.0,0.0
79,2.842170943040401e-14,2.842170943040401e-14,2.842170943040401e-14,2.842170943040401e-14,2.842170943040401e-14,2.842170943040401e-14,2.842170943040401e-14,2.842170943040401e-14,2.842170943040401e-14,2.842170943040401e-14,2.842170943040401e-14,2.842170943040401e-14,2.842170943040401e-14,2.842170943040401e-14,1.4210854715202004e-14,1.4210854715202004e-14,1.4210854715202004e-14,7.105427357601002e-15,7.105427357601002e-15,7.105427357601002e-15,7.105427357601002e-15,7.105427357601002e-15,7.105427357601002e-15,7.105427357601002e-15,-0.16531436128409638,0.6794617503234548,1.0417924935048575,1.0241229575861581,0.8552831337398175,0.8612333020905396,0.5749042841279532,0.5161613630447164,0.7817576572852971,1.4733045183603792,1.272423084436042,1.2800190929336566,1.2847025892457964,1.0658141036401503e-14,1.0658141036401503e-14,3.552713678800501e-15,7.105427357601002e-15,6.217248937900877e-15,7.105427357601002e-15,7.105427357601002e-15,7.105427357601002e-15,7.105427357601002e-15,7.105427357601002e-15,3.552713678800501e-15,7.105427357601002e-15,7.105427357601002e-15,7.105427357601002e-15,7.105427357601002e-15,7.105427357601002e-15,7.105427357601002e-15,1.4210854715202004e-14,7.105427357601002e-15,1.4210854715202004e-14,1.0658141036401503e-14,5.329070518200751e-15,1.4210854715202004e-14,1.4210854715202004e-14,0.01080147085313854,0.17559340509527743,0.5902532157307618,0.9365721028227938,2.0565889560031394,2.0872908391409055,1.5906339279464277,1.4780306444159095,2.153469379180166,2.159050205786045,2.1474728096519726,6.217248937900877e-15,8.881784197001252e-15,5.329070518200751e-15,5.329070518200751e-15,7.105427357601002e-15,3.552713678800501e-15,6.217248937900877e-15,0.0,-6.217248937900877e-15,1.4210854715202004e-14,-1.7379929148437867,-1.2766972168561352,-1.0034182027293639,-0.6792922604260525,-0.3632464212660551,-0.3632710648037829,0.31444871960043486,0.518136024337764,0.017508772559040153,0.11152109194949844,-0.16586764074133953,-1.0375849084834101,-1.1583034906802823,-1.2517685485748586,1.4519806605073455,1.7914238189784157,1.8150230265526375,0.5194702337202983,0.3849337095485055,0.39537728516029347,0.7115373973906003,0.8077341196664065,-0.43018278390190545,-1.0723472765203468,-1.6419140235867786,-4.216667010578178,7.105427357601002e-15,3.552713678800501e-15,-0.3556107608746544,-0.3179830319849941,-0.3572239243097215,-0.8329263682422976,-1.3029831354313899,-1.2304392627096377,-1.1126574175631845,-0.16907913132106955,-0.42721151081144626,-0.03723773921243634,-0.0853509152139793,0.43670713376640435,0.6276210248331893,0.8546727267243739,1.1938661457290323,1.3880004639178765,1.4981923888153972,1.4210854715202004e-14,7.105427357601002e-15,1.4210854715202004e-14,7.105427357601002e-15,7.105427357601002e-15,7.105427357601002e-15,0.0,0.0,-0.16267101588768185,-0.14145677503059062,7.105427357601002e-15,-1.6165474279348189,-1.928085842224121,-1.1177279347626268,-0.5939693990035693,-0.27508638105589966,-0.46074356975691444,-0.8493661209421504,1.4210854715202004e-14,1.4210854715202004e-14,1.4210854715202004e-14,1.4210854715202004e-14,2.842170943040401e-14,2.842170943040401e-14,2.842170943040401e-14,2.842170943040401e-14,2.842170943040401e-14,2.842170943040401e-14,2.842170943040401e-14,2.842170943040401e-14,2.842170943040401e-14,2.842170943040401e-14,5.684341886080802e-14,5.684341886080802e-14,-0.2869935082224089,2.842170943040401e-14,2.842170943040401e-14,-0.23849762297422217,-0.7459638105351587,-0.7418755072541217,-0.7502026601552529,-2.278016176736429,-1.9286533548829823,-1.9364474325531091,0.5142222258613458,0.5639630215602551,0.5473669028017554,1.5297365748964324,1.5303492701305572,2.842170943040401e-14,2.842170943040401e-14,2.842170943040401e-14,2.842170943040401e-14,2.842170943040401e-14,2.842170943040401e-14,2.842170943040401e-14,2.842170943040401e-14,2.842170943040401e-14,2.842170943040401e-14,2.842170943040401e-14,2.842170943040401e-14,2.842170943040401e-14,2.842170943040401e-14,2.842170943040401e-14,2.842170943040401e-14,2.842170943040401e-14,2.842170943040401e-14,2.842170943040401e-14,2.842170943040401e-14,2.842170943040401e-14,2.842170943040401e-14,2.842170943040401e-14,2.842170943040401e-14,2.842170943040401e-14,2.842170943040401e-14
80,-2.842170943040401e-14,-2.842170943040401e-14,-2.842170943040401e-14,-2.842170943040401e-14,-2.842170943040401e-14,-2.842170943040401e-14,-2.842170943040401e-14,-2.842170943040401e-14,-2.842170943040401e-14,-2.842170943040401e-14,-2.842170943040401e-14,-2.842170943040401e-14,-2.842170943040401e-14,-2.842170943040401e-14,-1.4210854715202004e-14,-1.4210854715202004e-14,-1.4210854715202004e-14,-7.105427357601002e-15,-7.105427357601002e-15,-7.105427357601002e-15,-7.105427357601002e-15,-7.105427357601002e-15,-7.105427357601002e-15,-7.105427357601002e-15,-0.1653143612841106,0.6794617503234264,1.041792493504829,1.0241229575861297,0.855283133739789,0.8612333020905112,0.5749042841279106,0.5161613630446737,0.7817576572852545,1.4733045183603366,1.2724230844359994,1.280019092933614,1.2847025892457538,0.0,3.552713678800501e-15,-3.552713678800501e-15,0.0,0.0,0.0,0.0,3.552713678800501e-15,3.552713678800501e-15,0.0,-7.105427357601002e-15,0.0,0.0,0.0,0.0,0.0,0.0,7.105427357601002e-15,3.552713678800501e-15,1.0658141036401503e-14,7.105427357601002e-15,-3.552713678800501e-15,3.552713678800501e-15,0.0,0.010801470853131434,0.17559340509527033,0.5902532157307547,0.9365721028227796,2.0565889560031394,2.0872908391409055,1.5906339279464277,1.4780306444159095,2.153469379180166,2.159050205786045,2.1474728096519726,0.0,1.7763568394002505e-15,-3.552713678800501e-15,-7.105427357601002e-15,-7.105427357601002e-15,-1.0658141036401503e-14,0.0,-6.217248937900877e-15,0.0,-1.4210854715202004e-14,-1.7379929148438151,-1.2766972168561637,-1.0034182027293923,-0.6792922604260809,-0.36324642126608353,-0.3632710648038113,0.31444871960042065,0.518136024337764,0.017508772559040153,0.11152109194949844,-0.16586764074133953,-1.0375849084834101,-1.1583034906802823,-1.2517685485748586,1.4519806605073455,1.7914238189784157,1.8150230265526375,0.5194702337202699,0.38493370954847705,0.39537728516026505,0.7115373973906003,0.8077341196664065,-0.43018278390191966,-1.072347276520361,-1.6419140235867928,-4.216667010578192,0.0,-3.552713678800501e-15,-0.3556107608746828,-0.31798303198502254,-0.3572239243097499,-0.8329263682423118,-1.3029831354313899,-1.2304392627096092,-1.112657417563156,-0.16907913132104113,-0.42721151081146047,-0.03723773921245055,-0.08535091521399352,0.4367071337663617,0.6276210248331608,0.8546727267243455,1.1938661457290038,1.388000463917848,1.4981923888153688,0.0,-7.105427357601002e-15,0.0,-7.105427357601002e-15,-7.105427357601002e-15,-7.105427357601002e-15,-1.4210854715202004e-14,-1.4210854715202004e-14,-0.16267101588771027,-0.14145677503061904,-7.105427357601002e-15,-1.6165474279348473,-1.9280858422241494,-1.1177279347626552,-0.5939693990035977,-0.2750863810559281,-0.46074356975694286,-0.8493661209421788,-1.4210854715202004e-14,-1.4210854715202004e-14,-1.4210854715202004e-14,-1.4210854715202004e-14,-2.842170943040401e-14,-2.842170943040401e-14,-2.842170943040401e-14,-2.842170943040401e-14,-2.842170943040401e-14,-2.842170943040401e-14,-2.842170943040401e-14,-2.842170943040401e-14,-2.842170943040401e-14,-2.842170943040401e-14,-5.684341886080802e-14,-5.684341886080802e-14,-0.2869935082224373,-2.842170943040401e-14,-2.842170943040401e-14,-0.238497622974279,-0.7459638105351871,-0.7418755072541501,-0.7502026601552814,-2.2780161767364575,-1.9286533548830107,-1.9364474325531376,0.5142222258613174,0.5639630215602267,0.5473669028017127,1.5297365748964182,1.5303492701305288,-2.842170943040401e-14,-2.842170943040401e-14,-2.842170943040401e-14,-2.842170943040401e-14,-2.842170943040401e-14,-2.842170943040401e-14,-2.842170943040401e-14,-2.842170943040401e-14,-2.842170943040401e-14,-2.842170943040401e-14,-2.842170943040401e-14,-2.842170943040401e-14,-2.842170943040401e-14,-2.842170943040401e-14,-5.684341886080802e-14,-2.842170943040401e-14,-2.842170943040401e-14,-2.842170943040401e-14,-2.842170943040401e-14,-2.842170943040401e-14,-2.842170943040401e-14,-2.842170943040401e-14,-2.842170943040401e-14,-2.842170943040401e-14,-2.842170943040401e-14,-2.842170943040401e-14
81,0.0,0.0,0.0,0.0,0.0,0.0,0.0,0.0,0.0,0.0,0.0,0.0,0.0,0.0,0.0,0.0,0.0,0.0,0.0,0.0,0.0,0.0,0.0,0.0,-0.16531436128410348,0.6794617503234406,1.0417924935048433,1.024122957586144,0.8552831337398032,0.8612333020905254,0.5749042841279248,0.516161363044688,0.7817576572852687,1.4733045183603508,1.2724230844360136,1.2800190929336281,1.284702589245768,0.0,0.0,0.0,0.0,0.0,0.0,0.0,0.0,0.0,0.0,0.0,1.4210854715202004e-14,0.0,0.0,0.0,0.0,0.0,1.4210854715202004e-14,0.0,1.4210854715202004e-14,1.4210854715202004e-14,0.0,0.0,0.0,0.010801470853131434,0.17559340509527033,0.5902532157307689,0.9365721028227938,2.0565889560031536,2.0872908391409197,1.5906339279464419,1.4780306444159237,2.15346937918018,2.159050205786059,2.147472809651987,0.0,0.0,0.0,0.0,0.0,0.0,0.0,0.0,0.0,0.0,-1.737992914843801,-1.2766972168561423,-1.003418202729371,-0.6792922604260632,-0.3632464212660551,-0.3632710648037829,0.31444871960043486,0.5181360243377711,0.017508772559040153,0.11152109194951976,-0.1658676407413182,-1.0375849084833675,-1.158303490680268,-1.2517685485748444,1.4519806605073313,1.7914238189784015,1.8150230265526233,0.5194702337202841,0.38493370954849127,0.39537728516027926,0.7115373973906145,0.8077341196664207,-0.43018278390191256,-1.0723472765203468,-1.6419140235867786,-4.216667010578178,0.0,0.0,-0.35561076087464727,-0.3179830319849941,-0.3572239243097286,-0.8329263682422976,-1.3029831354313757,-1.2304392627096163,-1.1126574175631418,-0.16907913132102692,-0.42721151081146047,-0.037237739212443444,-0.0853509152139793,0.43670713376639725,0.6276210248331964,0.854672726724381,1.1938661457290678,1.388000463917919,1.4981923888154398,7.105427357601002e-15,0.0,7.105427357601002e-15,0.0,0.0,0.0,-7.105427357601002e-15,-7.105427357601002e-15,-0.16267101588768895,-0.14145677503060483,0.0,-1.616547427934833,-1.9280858422241458,-1.1177279347626516,-0.5939693990036012,-0.275086381055921,-0.46074356975693576,-0.849366120942177,0.0,0.0,0.0,0.0,0.0,0.0,0.0,0.0,0.0,0.0,0.0,0.0,0.0,0.0,0.0,0.0,-0.2869935082224204,0.0,0.0,-0.23849762297424348,-0.7459638105351729,-0.741875507254143,-0.7502026601552672,-2.2780161767364433,-1.9286533548829823,-1.9364474325531091,0.5142222258613316,0.5639630215602409,0.5473669028017341,1.5297365748964253,1.530349270130543,0.0,0.0,0.0,0.0,0.0,0.0,0.0,0.0,0.0,0.0,0.0,0.0,0.0,0.0,0.0,0.0,0.0,0.0,0.0,0.0,0.0,0.0,0.0,0.0,0.0,0.0
82,-1.737992914843801,-1.737992914843801,-1.737992914843801,-1.737992914843801,-1.737992914843801,-1.737992914843801,-1.737992914843801,-1.737992914843801,-1.737992914843801,-1.737992914843808,-1.737992914843808,-1.737992914843808,-1.737992914843808,-1.737992914843808,-1.7379929148438045,-1.737992914843801,-1.737992914843801,-1.737992914843801,-1.737992914843801,-1.737992914843801,-1.737992914843801,-1.737992914843801,-1.7379929148437938,-1.737992914843801,-1.9033072761278902,-1.0585311645203461,-0.6962004213389434,-0.7138699572576428,-0.8827097811039835,-0.8767596127532613,-1.1630886307158619,-1.2218315517990987,-0.956235257558518,-0.2646883964834359,-0.4655698304077731,-0.45797382191015856,-0.45329032559801874,-1.737992914843801,-1.7379929148438151,-1.7379929148438151,-1.7379929148438151,-1.7379929148438151,-1.7379929148438151,-1.7379929148438151,-1.7379929148438151,-1.7379929148438151,-1.7379929148438151,-1.7379929148438151,-1.737992914843801,-1.7379929148438151,-1.7379929148438151,-1.7379929148438151,-1.7379929148438151,-1.7379929148438151,-1.737992914843801,-1.7379929148438151,-1.737992914843801,-1.737992914843801,-1.7379929148438293,-1.7379929148438293,-1.7379929148438293,-1.7271914439906624,-1.5623995097485164,-1.1477396991130178,-0.8014208120209929,0.3185960411593669,0.349297924297133,-0.14735898689734483,-0.259962270427863,0.4154764643363933,0.4210572909422723,0.40947989480820013,-1.7379929148438151,-1.7379929148438151,-1.7379929148438151,-1.7379929148438151,-1.737992914843801,-1.737992914843801,-1.7379929148438151,-1.7379929148438151,-1.7379929148438151,-1.737992914843801,0.0,0.46129569798766124,0.7345747121144353,1.0587006544177413,1.3747464935777423,1.3747218500400145,2.0524416344442287,2.256128939181572,1.755501687402841,1.8495140067933207,1.5721252741024827,0.7004080063604334,0.57968942416354,0.4862243662689565,-0.2860122543364554,0.05343090413461482,0.07703011170883656,-1.2185226811235026,-1.3530592052952954,-1.3426156296835074,2.4495303122344296,2.5457270345102287,-2.1681756987457135,-2.810340191364162,-3.3799069384305938,-5.9546599254219785,-1.7379929148438151,-1.7379929148438151,1.3823821539691465,1.4200098828587961,1.3807689905340617,0.9050665466014891,0.43500977941240393,0.5075536521341704,0.6253354972806449,1.5689137835227598,-2.165204425655247,-1.7752306540562302,-1.823343830057766,2.174700048610198,2.3656139396769973,2.592665641568182,2.9318590605728687,3.12599337876172,3.2361853036592407,-1.7379929148437867,-1.737992914843801,-1.7379929148437867,-1.7379929148437867,-1.7379929148437867,-1.7379929148437867,-1.737992914843808,-1.737992914843801,1.575321898956119,1.5965361398132067,-1.737992914843801,0.12144548690896784,-0.19009292738034222,0.620264980081151,1.1440235158402032,-2.013079295899722,-2.1987364846007367,-2.587359035785976,-1.737992914843801,-1.737992914843801,-1.737992914843801,-1.737992914843801,-1.737992914843808,-1.737992914843808,-1.737992914843801,-1.737992914843801,-1.737992914843801,-1.737992914843801,-1.737992914843801,-1.737992914843801,-1.737992914843801,-1.737992914843801,-1.737992914843801,-1.737992914843801,-2.0249864230662205,-1.7379929148438151,-1.7379929148438151,-1.9764905378180515,-2.483956725378988,-2.479868422097951,-2.488195574999068,-4.01600909158023,-3.666646269726769,-3.674440347396896,-1.2237706889824693,-1.17402989328356,-1.1906260120420882,-0.2082563399473969,-0.20764364471328633,-1.737992914843808,-1.737992914843808,-1.7379929148438151,-1.737992914843801,-1.737992914843801,-1.737992914843801,-1.737992914843808,-1.737992914843801,-1.737992914843801,-1.737992914843801,-1.737992914843808,-1.7379929148438151,-1.7379929148438151,-1.7379929148438151,-1.7379929148438151,-1.737992914843808,-1.737992914843808,-1.737992914843808,-1.737992914843808,-1.737992914843808,-1.737992914843808,-1.737992914843808,-1.737992914843808,-1.737992914843808,-1.7379929148438151,-1.737992914843801
83,-1.2766972168561352,-1.2766972168561352,-1.2766972168561352,-1.2766972168561352,-1.2766972168561352,-1.2766972168561352,-1.2766972168561352,-1.2766972168561352,-1.2766972168561352,-1.2766972168561352,-1.2766972168561423,-1.2766972168561423,-1.2766972168561423,-1.2766972168561423,-1.2766972168561423,-1.2766972168561423,-1.2766972168561423,-1.2766972168561423,-1.2766972168561423,-1.2766972168561423,-1.2766972168561423,-1.2766972168561352,-1.2766972168561352,-1.2766972168561352,-1.4420115781402387,-0.5972354665326947,-0.23490472335129198,-0.25257425926999133,-0.421414083116332,-0.41546391476560984,-0.7017929327282104,-0.7605358538114473,-0.49493955957086655,0.19660730150421557,-0.004274132420121646,0.0033218760774786915,0.008005372389646936,-1.2766972168561495,-1.2766972168561637,-1.2766972168561637,-1.2766972168561637,-1.2766972168561637,-1.2766972168561637,-1.2766972168561637,-1.2766972168561637,-1.2766972168561637,-1.2766972168561637,-1.2766972168561637,-1.2766972168561495,-1.2766972168561637,-1.2766972168561637,-1.2766972168561637,-1.2766972168561637,-1.2766972168561495,-1.2766972168561352,-1.2766972168561637,-1.2766972168561495,-1.2766972168561495,-1.2766972168561779,-1.2766972168561779,-1.2766972168561779,-1.2658957460029967,-1.1011038117608507,-0.6864440011253521,-0.34012511403332724,0.7798917391470326,0.8105936222847987,0.31393671109032084,0.20133342755980266,0.876772162324059,0.882352988929938,0.8707755927958658,-1.2766972168561637,-1.2766972168561637,-1.2766972168561637,-1.2766972168561637,-1.2766972168561495,-1.2766972168561495,-1.2766972168561637,-1.2766972168561637,-1.2766972168561637,-1.2766972168561423,0.46129569798766124,0.0,0.273279014126774,0.597404956430081,0.9134507955900837,0.9134261520523523,1.5911459364565737,1.7948332411939134,1.2942059894151825,1.388218308805662,1.1108295761148241,0.23911230837277486,0.1183937261758814,0.024928668281297917,0.1752834436512103,0.5147266021222805,0.5383258096965022,-0.7572269831358511,-0.891763507307644,-0.881319931695856,1.988234614246771,2.08443133652257,-1.7068800007580478,-2.3490444933764962,-2.918611240442928,-5.493364227434313,-1.2766972168561637,-1.2766972168561637,0.921086455981488,0.9587141848711376,0.9194732925463995,0.443770848613827,-0.02628591857525464,0.04625795414650469,0.16403979929297918,1.107618085535094,-1.7039087276675815,-1.3139349560685645,-1.3620481320701003,1.7134043506225325,1.9043182416893245,2.131369943580509,2.470563362585196,2.6646976807740472,2.774889605671568,-1.2766972168561352,-1.2766972168561495,-1.2766972168561352,-1.2766972168561352,-1.2766972168561352,-1.2766972168561352,-1.2766972168561352,-1.2766972168561352,1.114026200968457,1.1352404418255446,-1.2766972168561423,0.5827411848966282,0.27120277060731723,1.0815606780688114,1.6053192138278654,-1.5517835979120633,-1.737440786613078,-2.1260633377983176,-1.2766972168561423,-1.2766972168561423,-1.2766972168561423,-1.2766972168561423,-1.2766972168561423,-1.2766972168561495,-1.2766972168561495,-1.2766972168561495,-1.2766972168561495,-1.2766972168561495,-1.2766972168561495,-1.2766972168561495,-1.2766972168561495,-1.2766972168561495,-1.2766972168561495,-1.2766972168561495,-1.5636907250785619,-1.2766972168561352,-1.2766972168561352,-1.5151948398303858,-2.0226610273913224,-2.0185727241102853,-2.0268998770114024,-3.5547133935925643,-3.2053505717391033,-3.21314464940923,-0.7624749909948036,-0.7127341952958943,-0.7293303140544083,0.253039358040283,0.25365205327439355,-1.2766972168561423,-1.2766972168561423,-1.2766972168561352,-1.2766972168561495,-1.2766972168561495,-1.2766972168561495,-1.2766972168561423,-1.2766972168561495,-1.2766972168561495,-1.2766972168561495,-1.2766972168561423,-1.2766972168561352,-1.2766972168561423,-1.2766972168561495,-1.2766972168561495,-1.2766972168561423,-1.2766972168561423,-1.2766972168561423,-1.2766972168561423,-1.2766972168561423,-1.2766972168561423,-1.2766972168561423,-1.2766972168561423,-1.2766972168561352,-1.2766972168561352,-1.2766972168561352
84,-1.003418202729378,-1.003418202729378,-1.003418202729378,-1.003418202729378,-1.003418202729378,-1.003418202729378,-1.003418202729378,-1.003418202729378,-1.003418202729378,-1.003418202729378,-1.003418202729371,-1.0034182027293639,-1.0034182027293639,-1.0034182027293639,-1.0034182027293639,-1.0034182027293674,-1.0034182027293674,-1.0034182027293639,-1.0034182027293639,-1.0034182027293639,-1.0034182027293639,-1.0034182027293639,-1.0034182027293639,-1.0034182027293639,-1.1687325640134532,-0.3239564524059091,0.03837429077549359,0.02070475485679424,-0.14813506898954643,-0.14218490063882427,-0.42851391860142485,-0.4872568396846617,-0.22166054544408098,0.46988631563100114,0.2690048817066497,0.27660089020426426,0.2812843865164325,-1.003418202729378,-1.0034182027293923,-1.0034182027293923,-1.0034182027293923,-1.0034182027293923,-1.0034182027293923,-1.0034182027293923,-1.0034182027293923,-1.0034182027293923,-1.0034182027293923,-1.0034182027293923,-1.003418202729378,-1.0034182027293923,-1.0034182027293923,-1.0034182027293923,-1.0034182027293923,-1.0034182027293923,-1.0034182027293639,-1.0034182027293923,-1.003418202729378,-1.003418202729378,-1.0034182027293923,-1.0034182027293923,-1.0034182027293923,-0.9926167318762253,-0.8278247976340793,-0.41316498699858073,-0.06684609990655588,1.053170753273804,1.08387263641157,0.5872157252170922,0.474612441686574,1.1500511764508303,1.1556320030567093,1.1440546069226372,-1.0034182027293923,-1.0034182027293923,-1.0034182027293923,-1.0034182027293923,-1.0034182027293923,-1.0034182027293923,-1.0034182027293923,-1.0034182027293923,-1.0034182027293923,-1.0034182027293674,0.7345747121144353,0.273279014126774,0.0,0.32412594230330694,0.6401717814633088,0.640147137925581,1.3178669223298023,1.521554227067142,1.0209269752884182,1.1149392946788979,0.8375505619880599,-0.03416670575398939,-0.15488528795088286,-0.24835034584546634,0.44856245777798165,0.7880056162490519,0.8116048238232736,-0.48394796900906556,-0.6184844931808584,-0.6080409175690704,1.7149556001200068,1.811152322395806,-1.4336009866312764,-2.075765479249725,-2.6453322263161567,-5.2200852133075415,-1.0034182027293923,-1.0034182027293923,0.6478074418547131,0.6854351707443644,0.6461942784196317,0.17049183448705918,-0.29956493270202245,-0.22702105998026312,-0.10923921483379218,0.8343390714083228,-1.4306297135408101,-1.0406559419417931,-1.088769117943329,1.4401253364957611,1.6310392275625532,1.8580909294537413,2.1972843484584246,2.391418666647276,2.5016105915447966,-1.0034182027293639,-1.003418202729378,-1.0034182027293639,-1.0034182027293639,-1.0034182027293639,-1.0034182027293639,-1.0034182027293639,-1.0034182027293639,0.840747186841682,0.8619614276987679,-1.0034182027293639,0.8560201990234031,0.5444817847340921,1.3548396921955863,1.8785982279546367,-1.2785045837852849,-1.4641617724862996,-1.8527843236715427,-1.0034182027293674,-1.0034182027293674,-1.0034182027293639,-1.0034182027293639,-1.0034182027293639,-1.0034182027293639,-1.0034182027293639,-1.0034182027293639,-1.0034182027293639,-1.0034182027293639,-1.0034182027293639,-1.0034182027293639,-1.0034182027293639,-1.0034182027293639,-1.0034182027293639,-1.0034182027293639,-1.290411710951787,-1.0034182027293639,-1.0034182027293639,-1.2419158257036145,-1.749382013264551,-1.745293709983514,-1.753620862884631,-3.281434379465793,-2.932071557612332,-2.939865635282459,-0.4891959768680323,-0.43945518116912297,-0.45605129992763693,0.5263183721670543,0.5269310674011649,-1.0034182027293639,-1.0034182027293639,-1.0034182027293639,-1.0034182027293639,-1.0034182027293639,-1.0034182027293639,-1.0034182027293639,-1.0034182027293639,-1.0034182027293639,-1.0034182027293639,-1.0034182027293639,-1.0034182027293639,-1.0034182027293639,-1.0034182027293639,-1.0034182027293639,-1.0034182027293639,-1.0034182027293639,-1.0034182027293639,-1.0034182027293639,-1.0034182027293639,-1.0034182027293639,-1.0034182027293639,-1.0034182027293639,-1.0034182027293639,-1.0034182027293639,-1.003418202729378
85,-0.6792922604260809,-0.6792922604260809,-0.6792922604260809,-0.6792922604260809,-0.6792922604260809,-0.6792922604260809,-0.6792922604260809,-0.6792922604260809,-0.6792922604260809,-0.6792922604260809,-0.6792922604260667,-0.6792922604260667,-0.6792922604260667,-0.6792922604260667,-0.6792922604260667,-0.6792922604260667,-0.6792922604260596,-0.6792922604260667,-0.6792922604260667,-0.6792922604260809,-0.6792922604260809,-0.6792922604260809,-0.6792922604260809,-0.6792922604260809,-0.8446066217101844,0.0001694898973596537,0.36250023307876234,0.344830697160063,0.17599087331372232,0.18194104166444447,-0.1043879762981419,-0.16313089738137876,0.10246539685920197,0.7940122579342983,0.5931308240099327,0.6007268325075472,0.6054103288197155,-0.6792922604260951,-0.6792922604261094,-0.6792922604261094,-0.6792922604261094,-0.6792922604261094,-0.6792922604261094,-0.6792922604261094,-0.6792922604261094,-0.6792922604261094,-0.6792922604261094,-0.6792922604261094,-0.6792922604260951,-0.6792922604260809,-0.6792922604260525,-0.6792922604260525,-0.6792922604260525,-0.6792922604260525,-0.6792922604260241,-0.6792922604261094,-0.6792922604260951,-0.6792922604260951,-0.6792922604261236,-0.6792922604261094,-0.6792922604261094,-0.6684907895729424,-0.5036988553308106,-0.08903904469531199,0.25727984239671287,1.3772966955770727,1.4079985787148388,0.9113416675203609,0.7987383839898428,1.474177118754099,1.479757945359978,1.468180549225906,-0.6792922604261094,-0.6792922604261094,-0.6792922604261094,-0.6792922604261094,-0.6792922604261094,-0.6792922604261094,-0.6792922604261094,-0.6792922604261094,-0.6792922604261094,-0.6792922604260596,1.0587006544177413,0.597404956430081,0.32412594230330694,0.0,0.31604583916000273,0.31602119562227493,0.9937409800264945,1.1974282847638342,0.6968010329851033,0.7908133523755829,0.5134246196847414,-0.358292648057315,-0.47901123025420844,-0.5724762881487919,0.7726884000812504,1.1121315585523206,1.1357307661265423,-0.15982202670579682,-0.29435855087758966,-0.2839149752658017,1.3908296578166812,1.4870263800924803,-1.1094750443279935,-1.751639536946442,-2.3212062840128738,-4.895959271004273,-0.6792922604261094,-0.6792922604261094,0.3236814995514061,0.3613092284410566,0.32206833611632035,-0.1536341078162522,-0.6236908750053338,-0.5511470022835709,-0.43336515713709645,0.5102131291050185,-1.1065037712375272,-0.7165299996385102,-0.764643175640046,1.1159993941924569,1.3069132852592489,1.533964987150437,1.8731584061551203,2.067292724343975,2.177484649241496,-0.6792922604260809,-0.6792922604260951,-0.6792922604260809,-0.6792922604260809,-0.6792922604260809,-0.6792922604260809,-0.6792922604260951,-0.6792922604260951,0.5166212445383751,0.5378354853954619,-0.6792922604260667,1.1801461413267091,0.8686077270373964,1.6789656344988906,2.202724170257941,-0.9543786414819806,-1.1400358301829954,-1.5286583813682384,-0.6792922604260596,-0.6792922604260596,-0.6792922604260596,-0.6792922604260596,-0.6792922604260667,-0.6792922604260667,-0.6792922604260667,-0.6792922604260667,-0.6792922604260667,-0.6792922604260667,-0.6792922604260667,-0.6792922604260667,-0.6792922604260667,-0.6792922604260667,-0.6792922604260667,-0.6792922604260667,-0.9662857686484827,-0.6792922604260667,-0.6792922604260667,-0.9177898834003173,-1.4252560709612538,-1.421167767680231,-1.429494920581348,-2.95730843716251,-2.607945615309049,-2.615739692979176,-0.16507003456474934,-0.11532923886584001,-0.13192535762433977,0.8504443144703515,0.8510570097044621,-0.6792922604260667,-0.6792922604260667,-0.6792922604260667,-0.6792922604260809,-0.6792922604260809,-0.6792922604260809,-0.6792922604260667,-0.6792922604260667,-0.6792922604260667,-0.6792922604260667,-0.6792922604260667,-0.6792922604260667,-0.6792922604260667,-0.6792922604260667,-0.6792922604260667,-0.6792922604260667,-0.6792922604260809,-0.6792922604260667,-0.6792922604260667,-0.6792922604260667,-0.6792922604260667,-0.6792922604260667,-0.6792922604260667,-0.6792922604260667,-0.6792922604260667,-0.6792922604260809
86,-0.3632464212660693,-0.3632464212660693,-0.3632464212660693,-0.3632464212660693,-0.3632464212660693,-0.3632464212660693,-0.3632464212660693,-0.3632464212660693,-0.3632464212660693,-0.3632464212660693,-0.3632464212660693,-0.3632464212660693,-0.3632464212660693,-0.3632464212660693,-0.3632464212660693,-0.3632464212660693,-0.3632464212660622,-0.3632464212660693,-0.3632464212660693,-0.36324642126608353,-0.36324642126608353,-0.36324642126608353,-0.36324642126608353,-0.36324642126608353,-0.528560782550187,0.31621532905735705,0.6785460722387597,0.6608765363200604,0.4920367124737197,0.49798688082444187,0.2116578628618413,0.15291494177859022,0.41851123601915674,1.110058097094253,0.9091766631698874,0.916772671667502,0.9214561679796702,-0.36324642126609774,-0.36324642126611195,-0.36324642126611195,-0.36324642126611195,-0.36324642126611195,-0.36324642126611195,-0.36324642126611195,-0.36324642126611195,-0.36324642126611195,-0.36324642126611195,-0.36324642126611195,-0.36324642126612616,-0.36324642126612616,-0.36324642126609774,-0.36324642126609774,-0.36324642126609774,-0.36324642126609774,-0.3632464212660693,-0.36324642126611195,-0.36324642126609774,-0.36324642126609774,-0.36324642126612616,-0.36324642126612616,-0.36324642126612616,-0.352444950412945,-0.187653016170799,0.22700679446469962,0.5733256815567245,1.6933425347370843,1.7240444178748504,1.2273875066803726,1.1147842231498544,1.7902229579141107,1.7958037845199897,1.7842263883859175,-0.36324642126611195,-0.36324642126611195,-0.36324642126611195,-0.36324642126611195,-0.36324642126609774,-0.36324642126609774,-0.36324642126611195,-0.36324642126611195,-0.36324642126611195,-0.3632464212660622,1.3747464935777423,0.9134507955900819,0.6401717814633088,0.31604583916000273,0.0,-2.464353772868577e-05,0.67769514086649,0.8813824456038297,0.38075519382510237,0.47476751321558197,0.19737878052474045,-0.6743384872173124,-0.7950570694142058,-0.8885221273087893,1.088734239241262,1.4281773977123322,1.451776605286554,0.15622381245420058,0.021687288282407735,0.03213086389419573,1.0747838186566838,1.170980540932483,-0.7934292051679961,-1.4355936977864445,-2.0051604448528764,-4.579913431844261,-0.36324642126611195,-0.36324642126611195,0.007635660391403912,0.04526338928105522,0.006022496956319401,-0.46967994697625315,-0.9397367141653366,-0.8671928414435754,-0.749410996297101,0.19416728994501398,-0.7904579320775298,-0.40048416047851276,-0.4485973364800486,0.7999535550324524,0.9908674460992444,1.2179191479904325,1.5571125669951158,1.7512468851839706,1.8614388100814914,-0.36324642126608353,-0.36324642126609774,-0.36324642126608353,-0.36324642126608353,-0.36324642126608353,-0.36324642126608353,-0.36324642126608353,-0.36324642126608353,0.8326670836983787,0.8538813245554664,-0.3632464212660693,1.49619198048671,1.184653566197401,1.995011473658895,2.518770009417949,-0.6383328023219832,-0.823989991022998,-1.212612542208241,-0.3632464212660622,-0.3632464212660622,-0.3632464212660622,-0.3632464212660622,-0.3632464212660693,-0.3632464212660693,-0.3632464212660693,-0.3632464212660693,-0.3632464212660693,-0.3632464212660693,-0.3632464212660693,-0.3632464212660693,-0.3632464212660693,-0.3632464212660693,-0.3632464212660693,-0.3632464212660693,-0.6502399294884853,-0.3632464212660693,-0.3632464212660693,-0.6017440442403199,-1.1092102318012564,-1.1051219285202336,-1.1134490814213507,-2.6412625980025126,-2.2918997761490516,-2.2996938538191785,0.15097580459524806,0.2007166002941574,0.18412048153565763,1.166490153630349,1.1671028488644595,-0.3632464212660693,-0.3632464212660693,-0.3632464212660693,-0.3632464212660693,-0.3632464212660693,-0.3632464212660693,-0.3632464212660693,-0.3632464212660693,-0.3632464212660693,-0.3632464212660693,-0.3632464212660693,-0.3632464212660693,-0.3632464212660693,-0.3632464212660693,-0.3632464212660693,-0.3632464212660693,-0.3632464212660693,-0.3632464212660693,-0.3632464212660693,-0.3632464212660693,-0.3632464212660693,-0.3632464212660693,-0.3632464212660693,-0.3632464212660693,-0.3632464212660693,-0.3632464212660693
87,-0.3632710648037971,-0.3632710648037971,-0.3632710648037971,-0.3632710648037971,-0.3632710648037971,-0.3632710648037971,-0.3632710648037971,-0.3632710648037971,-0.3632710648037971,-0.3632710648037971,-0.3632710648037829,-0.3632710648037829,-0.3632710648037829,-0.3632710648037829,-0.3632710648037829,-0.3632710648037829,-0.3632710648037829,-0.3632710648037829,-0.3632710648037829,-0.3632710648037971,-0.3632710648037971,-0.3632710648037971,-0.3632710648037971,-0.3632710648037971,-0.5285854260879006,0.31619068551964347,0.6785214287010461,0.6608518927823468,0.49201206893600613,0.4979622372867283,0.21163321932414192,0.15289029824089084,0.41848659248145736,1.1100334535565537,0.9091520196321881,0.9167480281298026,0.9214315244419709,-0.3632710648038113,-0.36327106480382554,-0.36327106480382554,-0.36327106480382554,-0.36327106480382554,-0.36327106480382554,-0.36327106480382554,-0.36327106480382554,-0.36327106480382554,-0.36327106480382554,-0.36327106480382554,-0.36327106480382554,-0.36327106480382554,-0.3632710648037971,-0.3632710648037971,-0.3632710648037971,-0.3632710648037971,-0.3632710648037687,-0.36327106480382554,-0.36327106480382554,-0.36327106480382554,-0.36327106480383975,-0.36327106480382554,-0.36327106480382554,-0.3524695939506586,-0.1876776597085268,0.22698215092697183,0.5733010380189967,1.6933178911993565,1.7240197743371226,1.2273628631426448,1.1147595796120982,1.7901983143763829,1.7957791409822619,1.7842017448481897,-0.36327106480382554,-0.36327106480382554,-0.36327106480382554,-0.36327106480382554,-0.36327106480382554,-0.36327106480382554,-0.36327106480382554,-0.36327106480382554,-0.36327106480382554,-0.3632710648037829,1.3747218500400145,0.9134261520523523,0.640147137925581,0.31602119562227493,-2.464353772868577e-05,0.0,0.6777197844042195,0.8814070891415593,0.38077983736283016,0.47479215675330977,0.19740342406246825,-0.674313843679581,-0.795032425876478,-0.8884974837710544,1.0887095957035342,1.4281527541746044,1.4517519617488261,0.156199168916487,0.02166264474469415,0.03210622035648214,1.0748084621944116,1.1710051844702143,-0.7934538487057097,-1.435618341324158,-2.00518508839059,-4.579938075381989,-0.36327106480382554,-0.36327106480382554,0.0076110168536747125,0.04523874574332609,0.005997853418589827,-0.4697045905139845,-0.9397613577030661,-0.8672174849813032,-0.7494356398348287,0.19414264640728618,-0.7904825756152434,-0.40050880401622635,-0.4486219800177622,0.799978198570181,0.9908920896369757,1.2179437915281621,1.5571372105328436,1.7512715287216984,1.8614634536192192,-0.3632710648037971,-0.3632710648038113,-0.3632710648037971,-0.3632710648037971,-0.3632710648037971,-0.3632710648037971,-0.3632710648038113,-0.3632710648038113,0.8326424401606509,0.8538566810177386,-0.3632710648037829,1.4961673369489823,1.1846289226596696,1.9949868301211637,2.518745365880214,-0.6383574458597039,-0.8240146345607187,-1.2126371857459617,-0.3632710648037829,-0.3632710648037829,-0.3632710648037829,-0.3632710648037829,-0.3632710648037829,-0.3632710648037829,-0.3632710648037829,-0.3632710648037829,-0.3632710648037829,-0.3632710648037829,-0.3632710648037829,-0.3632710648037829,-0.3632710648037829,-0.3632710648037829,-0.3632710648037829,-0.3632710648037829,-0.6502645730261989,-0.3632710648037829,-0.3632710648037829,-0.6017686877780335,-1.10923487533897,-1.1051465720579472,-1.1134737249590643,-2.641287241540226,-2.291924419686765,-2.299718497356892,0.15095116105753448,0.2006919567564438,0.18409583799794405,1.1664655100926353,1.1670782053267459,-0.3632710648037829,-0.3632710648037829,-0.3632710648037829,-0.3632710648037971,-0.3632710648037971,-0.3632710648037971,-0.3632710648037829,-0.3632710648037829,-0.3632710648037829,-0.3632710648037829,-0.3632710648037829,-0.3632710648037829,-0.3632710648037829,-0.3632710648037829,-0.3632710648037829,-0.3632710648037829,-0.3632710648037971,-0.3632710648037829,-0.3632710648037829,-0.3632710648037829,-0.3632710648037829,-0.3632710648037829,-0.3632710648037829,-0.3632710648037829,-0.3632710648037829,-0.3632710648037971
88,0.31444871960042065,0.31444871960042065,0.31444871960042065,0.31444871960042065,0.31444871960042065,0.31444871960042065,0.31444871960042065,0.31444871960042065,0.31444871960042065,0.31444871960042065,0.31444871960042065,0.31444871960042065,0.31444871960042065,0.31444871960042065,0.31444871960043486,0.31444871960043486,0.31444871960043486,0.31444871960043486,0.31444871960043486,0.31444871960042065,0.31444871960042065,0.31444871960042065,0.31444871960042065,0.31444871960042065,0.14913435831631716,0.9939104699238612,1.356241213105264,1.3385716771865646,1.169731853340238,1.1756820216909603,0.8893530037283597,0.8306100826451086,1.0962063768856751,1.7877532379607715,1.5868718040364058,1.5944678125340204,1.5991513088461886,0.31444871960040643,0.3144487196003922,0.3144487196003922,0.3144487196003922,0.3144487196003922,0.3144487196003922,0.3144487196003922,0.3144487196003922,0.3144487196003922,0.3144487196003922,0.3144487196003922,0.3144487196003922,0.3144487196003922,0.31444871960042065,0.31444871960042065,0.31444871960042065,0.31444871960042065,0.31444871960044907,0.3144487196003922,0.3144487196003922,0.3144487196003922,0.314448719600378,0.3144487196003922,0.3144487196003922,0.3252501904535592,0.490042124695691,0.9047019353311896,1.2510208224232144,2.3710376756035743,2.401739558741326,1.905082647546834,1.7924793640162875,2.4679180987805864,2.4734989253864796,2.4619215292524075,0.3144487196003922,0.3144487196003922,0.3144487196003922,0.3144487196003922,0.3144487196003922,0.3144487196003638,0.3144487196003922,0.3144487196003922,0.3144487196003638,0.31444871960043486,2.0524416344442358,1.59114593645657,1.3178669223297987,0.9937409800264909,0.67769514086649,0.6777197844042195,0.0,0.20368730473733887,-0.29693994704139115,-0.20292762765091332,-0.48031636034175307,-1.352033628083806,-1.472752210280703,-1.5662172681752864,1.766429380107752,2.105872538578822,2.129471746153044,0.8339189533207048,0.6993824291489119,0.7098260047606999,0.3970886777901903,0.4932854000659965,-0.11573406430149191,-0.7578985569199403,-1.3274653039863722,-3.902218290977771,0.3144487196003922,0.3144487196003922,0.6853308012578943,0.7229585301475439,0.6837176378228094,0.20801519389023682,-0.2620415732988448,-0.18949770057707838,-0.07171585543060388,0.871862430811511,-0.11276279121102561,0.2772109803879914,0.22909780438645555,1.4776979829743997,1.6686118740411935,1.8956635759323817,2.234856994937065,2.4289913131259198,2.5391832380234405,0.31444871960042065,0.31444871960040643,0.31444871960042065,0.31444871960042065,0.31444871960042065,0.31444871960042065,0.31444871960040643,0.31444871960040643,1.5103622245648687,1.5315764654219564,0.31444871960043486,2.1738871213532036,1.8623487070638944,2.6727066145253886,3.196465150284439,0.039362338544513875,-0.1462948501565009,-0.5349174013417439,0.31444871960043486,0.31444871960043486,0.31444871960043486,0.31444871960043486,0.31444871960042065,0.31444871960042065,0.31444871960042065,0.31444871960042065,0.31444871960042065,0.31444871960042065,0.31444871960042065,0.31444871960042065,0.31444871960042065,0.31444871960042065,0.31444871960042065,0.31444871960042065,0.027455211378018873,0.31444871960042065,0.31444871960042065,0.07595109662617006,-0.4315150909347665,-0.42742678765372943,-0.4357539405548465,-1.9635674571360084,-1.6142046352825474,-1.6219987129526743,0.8286709454617522,0.8784117411606616,0.8618156224021476,1.8441852944968389,1.8447979897309494,0.31444871960042065,0.31444871960042065,0.31444871960042065,0.31444871960042065,0.31444871960042065,0.31444871960042065,0.31444871960042065,0.31444871960042065,0.31444871960042065,0.31444871960042065,0.31444871960042065,0.31444871960042065,0.31444871960042065,0.31444871960042065,0.31444871960042065,0.31444871960042065,0.31444871960042065,0.31444871960042065,0.31444871960042065,0.31444871960042065,0.31444871960042065,0.31444871960042065,0.31444871960042065,0.31444871960042065,0.31444871960042065,0.31444871960042065
89,0.518136024337764,0.518136024337764,0.518136024337764,0.518136024337764,0.518136024337764,0.518136024337764,0.518136024337764,0.518136024337764,0.518136024337764,0.518136024337764,0.518136024337764,0.518136024337764,0.518136024337764,0.518136024337764,0.5181360243377782,0.5181360243377782,0.5181360243377782,0.5181360243377782,0.5181360243377782,0.518136024337764,0.518136024337764,0.518136024337764,0.518136024337764,0.518136024337764,0.3528216630536605,1.1975977746612045,1.5599285178426072,1.5422589819239079,1.3734191580775814,1.3793693264283036,1.093040308465703,1.034297387382452,1.2998936816230184,1.9914405426981148,1.7905591087737491,1.7981551172713637,1.802838613583532,0.5181360243377497,0.5181360243377355,0.5181360243377355,0.5181360243377355,0.5181360243377355,0.5181360243377355,0.518136024337764,0.518136024337764,0.518136024337764,0.518136024337764,0.518136024337764,0.518136024337764,0.518136024337764,0.5181360243377924,0.5181360243377924,0.5181360243377924,0.5181360243377924,0.5181360243378208,0.518136024337764,0.518136024337764,0.518136024337764,0.5181360243377355,0.5181360243377355,0.5181360243377355,0.5289374951909025,0.6937294294330343,1.108389240068533,1.4547081271605578,2.5747249803409034,2.6054268634786695,2.1087699522841774,1.9961666687536308,2.6716054035179297,2.677186230123823,2.665608833989751,0.5181360243377355,0.5181360243377355,0.5181360243377355,0.5181360243377355,0.5181360243377355,0.5181360243377071,0.5181360243377355,0.518136024337764,0.518136024337764,0.5181360243377782,2.256128939181579,1.7948332411939134,1.5215542270671385,1.1974282847638307,0.8813824456038297,0.8814070891415593,0.20368730473733887,0.0,-0.5006272517787282,-0.4066149323882504,-0.684003665079091,-1.555720932821142,-1.6764395150180391,-1.7699045729126226,1.9701166848450953,2.3095598433161797,2.3331590508904014,1.037606258058048,0.9030697338862552,0.9135133094980574,0.19340137305285232,0.28959809532865677,0.0879532404358514,-0.554211252182597,-1.1237779992490289,-3.698530986240428,0.5181360243377355,0.5181360243377355,0.889018105995234,0.9266458348848836,0.8874049425601491,0.4117024986275766,-0.058354268561508604,0.01418960416025783,0.13197144930673232,1.0755497355488473,0.0909245135263177,0.4808982851253347,0.43278510912379886,1.6813852877117412,1.8722991787785332,2.0993508806697214,2.4385442996744047,2.6326786178632595,2.742870542760784,0.518136024337764,0.5181360243377497,0.518136024337764,0.518136024337764,0.518136024337764,0.518136024337764,0.5181360243377497,0.5181360243377497,1.7140495293022084,1.7352637701592961,0.5181360243377782,2.377574426090547,2.0660360118012377,2.876393919262732,3.4001524550217823,0.2430496432818572,0.05739245458084241,-0.3312300966044006,0.5181360243377782,0.5181360243377782,0.5181360243377782,0.5181360243377782,0.518136024337764,0.518136024337764,0.518136024337764,0.518136024337764,0.518136024337764,0.518136024337764,0.518136024337764,0.518136024337764,0.518136024337764,0.518136024337764,0.518136024337764,0.518136024337764,0.23114251611536218,0.518136024337764,0.518136024337764,0.27963840136351337,-0.22782778619742317,-0.22373948291638612,-0.2320666358175032,-1.7598801523986651,-1.4105173305452041,-1.418311408215331,1.0323582501990956,1.0820990458980049,1.065502927139491,2.047872599234182,2.0484852944682928,0.518136024337764,0.518136024337764,0.518136024337764,0.518136024337764,0.518136024337764,0.518136024337764,0.518136024337764,0.518136024337764,0.518136024337764,0.518136024337764,0.518136024337764,0.518136024337764,0.518136024337764,0.518136024337764,0.518136024337764,0.518136024337764,0.518136024337764,0.518136024337764,0.518136024337764,0.518136024337764,0.518136024337764,0.518136024337764,0.518136024337764,0.518136024337764,0.518136024337764,0.518136024337764
90,0.017508772559040153,0.017508772559040153,0.017508772559040153,0.017508772559040153,0.017508772559040153,0.017508772559040153,0.017508772559040153,0.017508772559040153,0.017508772559040153,0.017508772559040153,0.017508772559040153,0.017508772559040153,0.017508772559040153,0.017508772559040153,0.017508772559040153,0.017508772559040153,0.017508772559040153,0.017508772559040153,0.017508772559040153,0.017508772559025942,0.017508772559025942,0.017508772559025942,0.017508772559025942,0.017508772559025942,-0.14780558872506333,0.6969705228824807,1.0593012660638976,1.0416317301452125,0.872791906298886,0.8787420746496082,0.5924130566870076,0.5336701356037565,0.7992664298443231,1.4908132909194194,1.2899318569950537,1.2975278654926683,1.3022113618048365,0.01750877255901173,0.01750877255899752,0.01750877255899752,0.01750877255899752,0.01750877255901173,0.01750877255901173,0.017508772559040153,0.017508772559040153,0.017508772559040153,0.017508772559040153,0.017508772559040153,0.017508772559040153,0.017508772559040153,0.017508772559068575,0.017508772559068575,0.017508772559068575,0.017508772559068575,0.017508772559096997,0.017508772559040153,0.017508772559040153,0.017508772559040153,0.01750877255901173,0.01750877255901173,0.01750877255901173,0.028310243412164482,0.19310217765429627,0.6077619882897949,0.954080875381834,2.0740977285621796,2.1047996116999457,1.6081427005054536,1.495539416974907,2.170978151739206,2.176558978345099,2.164981582211027,0.01750877255901173,0.01750877255901173,0.01750877255901173,0.01750877255901173,0.01750877255901173,0.01750877255898331,0.01750877255901173,0.017508772559040153,0.017508772559040153,0.017508772559040153,1.755501687402841,1.2942059894151754,1.020926975288404,0.6968010329851033,0.38075519382510237,0.38077983736283016,-0.29693994704139115,-0.5006272517787282,0.0,0.09401231939047805,-0.18337641330036192,-1.055093681042413,-1.1758122632393082,-1.26927732113389,1.4694894330663715,1.8089325915374275,1.8325317991116492,0.5369790062793527,0.40244248210757405,0.41288605771936204,0.6940286248315815,0.7902253471073859,-0.4126740113428866,-1.054838503961335,-1.624405251027767,-4.199158238019152,0.01750877255899752,0.01750877255898331,0.38839085421650665,0.42601858310615626,0.3867776907814182,-0.08892475315115433,-0.5589815203402324,-0.4864376476184731,-0.3686558024719986,0.5749224837701163,-0.4097027382524203,-0.01972896665340329,-0.06784214265493915,1.1807580359330139,1.371671926999806,1.598723628890994,1.9379170478956809,2.132051366084532,2.242243290982053,0.017508772559025942,0.01750877255901173,0.017508772559025942,0.017508772559025942,0.017508772559025942,0.017508772559025942,0.01750877255901173,0.01750877255901173,1.2134222775234775,1.2346365183805617,0.017508772559040153,1.876947174311809,1.5654087600224997,2.375766667483994,2.8995252032430443,-0.2575776084968737,-0.4432347971978885,-0.8318573483831244,0.017508772559040153,0.017508772559040153,0.017508772559040153,0.017508772559040153,0.017508772559040153,0.017508772559040153,0.017508772559040153,0.017508772559040153,0.017508772559040153,0.017508772559040153,0.017508772559040153,0.017508772559040153,0.017508772559040153,0.017508772559040153,0.017508772559040153,0.017508772559040153,-0.26948473566338293,0.017508772559040153,0.017508772559040153,-0.22098885041521044,-0.728455037976147,-0.7243667346951099,-0.732693887596227,-2.260507404177389,-1.9111445823239421,-1.918938659994069,0.531730998420386,0.5814717941192953,0.5648756753607671,1.5472453474554584,1.547858042689569,0.017508772559040153,0.017508772559040153,0.017508772559040153,0.017508772559040153,0.017508772559040153,0.017508772559040153,0.017508772559040153,0.017508772559040153,0.017508772559040153,0.017508772559040153,0.017508772559040153,0.017508772559040153,0.017508772559040153,0.017508772559040153,0.017508772559040153,0.017508772559040153,0.017508772559040153,0.017508772559040153,0.017508772559040153,0.017508772559040153,0.017508772559040153,0.017508772559040153,0.017508772559040153,0.017508772559040153,0.017508772559040153,0.017508772559040153
91,0.11152109194952686,0.11152109194952686,0.11152109194952686,0.11152109194952686,0.11152109194952686,0.11152109194952686,0.11152109194952686,0.11152109194952686,0.11152109194952686,0.11152109194952686,0.11152109194952686,0.11152109194952686,0.11152109194952686,0.11152109194952686,0.11152109194952686,0.11152109194952686,0.11152109194952686,0.11152109194952686,0.11152109194952686,0.11152109194951265,0.11152109194951265,0.11152109194951265,0.11152109194951265,0.11152109194951265,-0.05379326933459083,0.790982842272939,1.153313585454356,1.1356440495356708,0.9668042256893443,0.9727543940400665,0.6864253760774659,0.6276824549942148,0.8932787492347813,1.5848256103098777,1.383944176385512,1.3915401848831266,1.3962236811952948,0.11152109194949844,0.11152109194948423,0.11152109194948423,0.11152109194948423,0.11152109194947002,0.11152109194947002,0.11152109194949844,0.11152109194949844,0.11152109194949844,0.11152109194949844,0.11152109194949844,0.11152109194949844,0.11152109194949844,0.11152109194952686,0.11152109194952686,0.11152109194952686,0.11152109194952686,0.11152109194955528,0.11152109194949844,0.11152109194949844,0.11152109194949844,0.11152109194947002,0.11152109194947002,0.11152109194947002,0.12232256280265119,0.2871144970447972,0.7017743076802958,1.0480931947723207,2.1681100479526663,2.1988119310904324,1.7021550198959403,1.5895517363653937,2.2649904711296927,2.270571297735586,2.2589939016015137,0.11152109194947002,0.11152109194947002,0.11152109194947002,0.11152109194947002,0.11152109194947002,0.1115210919494416,0.11152109194947002,0.11152109194949844,0.11152109194949844,0.11152109194952686,1.8495140067933207,1.388218308805655,1.1149392946788836,0.7908133523755829,0.47476751321558197,0.47479215675330977,-0.20292762765091155,-0.4066149323882504,0.09401231939047805,0.0,-0.27738873269083975,-1.1491060004328908,-1.2698245826297878,-1.3632896405243695,1.5635017524568866,1.9029449109279426,1.9265441185021643,0.630991325669811,0.49645480149803234,0.5068983771098203,0.6000163054411054,0.6962130277169081,-0.3186616919523999,-0.9608261845708483,-1.5303929316372802,-4.105145918628665,0.11152109194949844,0.11152109194949844,0.48240317360698626,0.5200309024966359,0.4807900101718978,0.00508756623932527,-0.4649692009497528,-0.3924253282279935,-0.274643483081519,0.668934803160596,-0.3156904188619336,0.07428335273708342,0.026170176735547557,1.2747703553234935,1.4656842463902855,1.6927359482814737,2.0319293672861605,2.2260636854750118,2.3362556103725325,0.11152109194951265,0.11152109194949844,0.11152109194951265,0.11152109194951265,0.11152109194951265,0.11152109194951265,0.11152109194951265,0.11152109194951265,1.3074345969139571,1.3286488377710413,0.11152109194952686,1.9709594937022885,1.6594210794129793,2.4697789868744735,2.993537522633524,-0.163565289106387,-0.3492224778074018,-0.7378450289926377,0.11152109194952686,0.11152109194952686,0.11152109194952686,0.11152109194952686,0.11152109194952686,0.11152109194952686,0.11152109194952686,0.11152109194952686,0.11152109194952686,0.11152109194952686,0.11152109194952686,0.11152109194952686,0.11152109194952686,0.11152109194952686,0.11152109194949844,0.11152109194949844,-0.17547241627289623,0.11152109194952686,0.11152109194952686,-0.12697653102472373,-0.6344427185856603,-0.6303544153046232,-0.6386815682057403,-2.1664950847869022,-1.8171322629334554,-1.8249263406035823,0.6257433178108727,0.675484113509782,0.6588879947512538,1.641257666845945,1.6418703620800557,0.11152109194952686,0.11152109194952686,0.11152109194952686,0.11152109194952686,0.11152109194952686,0.11152109194952686,0.11152109194952686,0.11152109194952686,0.11152109194952686,0.11152109194952686,0.11152109194952686,0.11152109194952686,0.11152109194952686,0.11152109194952686,0.11152109194952686,0.11152109194952686,0.11152109194952686,0.11152109194952686,0.11152109194952686,0.11152109194952686,0.11152109194952686,0.11152109194952686,0.11152109194952686,0.11152109194952686,0.11152109194952686,0.11152109194952686
92,-0.16586764074133953,-0.16586764074133953,-0.16586764074133953,-0.16586764074133953,-0.16586764074133953,-0.16586764074133953,-0.16586764074133953,-0.16586764074133953,-0.16586764074133953,-0.16586764074133953,-0.16586764074133953,-0.16586764074133953,-0.16586764074133953,-0.16586764074133953,-0.16586764074132532,-0.16586764074132532,-0.16586764074132532,-0.16586764074132532,-0.16586764074132532,-0.16586764074133953,-0.16586764074133953,-0.16586764074133953,-0.16586764074133953,-0.16586764074133953,-0.331182002025443,0.513594109582101,0.875924852763518,0.8582553168448328,0.6894154929985064,0.6953656613492285,0.40903664338662793,0.35029372230337685,0.6158900165439434,1.3074368776190397,1.106555443694674,1.1141514521922886,1.1188349485044569,-0.16586764074135374,-0.16586764074136795,-0.16586764074136795,-0.16586764074136795,-0.16586764074136795,-0.16586764074136795,-0.16586764074133953,-0.16586764074133953,-0.16586764074133953,-0.16586764074133953,-0.16586764074133953,-0.16586764074133953,-0.16586764074133953,-0.16586764074133953,-0.16586764074133953,-0.16586764074133953,-0.16586764074133953,-0.1658676407413111,-0.16586764074133953,-0.16586764074133953,-0.16586764074133953,-0.16586764074136795,-0.16586764074136795,-0.16586764074136795,-0.155066169888201,0.0097257643539308,0.4243855749894294,0.7707044620814827,1.8907213152618283,1.9214231983995944,1.4247662872051023,1.3121630036745557,1.9876017384388547,1.993182565044748,1.9816051689106757,-0.16586764074136795,-0.16586764074136795,-0.16586764074136795,-0.16586764074136795,-0.16586764074136795,-0.16586764074139637,-0.16586764074136795,-0.16586764074133953,-0.16586764074133953,-0.16586764074132532,1.5721252741024756,1.11082957611481,0.8375505619880386,0.5134246196847378,0.1973787805247369,0.19740342406246825,-0.48031636034175307,-0.684003665079091,-0.18337641330036192,-0.27738873269083975,0.0,-0.8717172677420519,-0.9924358499389463,-1.085900907833528,1.2861130197660202,1.6255561782370762,1.649155385811298,0.3536025929789446,0.21906606880716595,0.22950964441895394,0.8774050381319443,0.9736017604077496,-0.5960504246432521,-1.2382149172617005,-1.8077816643281324,-4.382534651319531,-0.16586764074136795,-0.16586764074136795,0.20501444091614118,0.24264216980579079,0.2034012774810563,-0.2723011664515127,-0.7423579336405908,-0.6698140609188314,-0.552032215772357,0.391546070469758,-0.5930791515527858,-0.20310537995376876,-0.2512185559553046,0.997381622632652,1.188295513699451,1.4153472155906357,1.7545406345953225,1.9486749527841738,2.0588668776816945,-0.16586764074133953,-0.16586764074135374,-0.16586764074133953,-0.16586764074133953,-0.16586764074133953,-0.16586764074133953,-0.16586764074135374,-0.16586764074135374,1.030045864223112,1.0512601050801962,-0.16586764074132532,1.6935707610114434,1.3820323467221343,2.1923902541836284,2.716148789942679,-0.4409540217972392,-0.626611210498254,-1.0152337616834899,-0.16586764074132532,-0.16586764074132532,-0.16586764074132532,-0.16586764074132532,-0.16586764074133953,-0.16586764074133953,-0.16586764074133953,-0.16586764074133953,-0.16586764074133953,-0.16586764074133953,-0.16586764074133953,-0.16586764074133953,-0.16586764074133953,-0.16586764074133953,-0.16586764074133953,-0.16586764074133953,-0.4528611489637484,-0.16586764074133953,-0.16586764074133953,-0.4043652637155901,-0.9118314512765266,-0.9077431479954896,-0.9160703008966067,-2.4438838174777686,-2.094520995624322,-2.1023150732944487,0.3483545851200063,0.3980953808189156,0.3814992620603874,1.3638689341550787,1.3644816293891893,-0.16586764074133953,-0.16586764074133953,-0.16586764074133953,-0.16586764074133953,-0.16586764074133953,-0.16586764074133953,-0.16586764074133953,-0.16586764074133953,-0.16586764074133953,-0.16586764074133953,-0.16586764074133953,-0.16586764074133953,-0.16586764074133953,-0.16586764074133953,-0.16586764074133953,-0.16586764074133953,-0.16586764074133953,-0.16586764074133953,-0.16586764074133953,-0.16586764074133953,-0.16586764074133953,-0.16586764074133953,-0.16586764074133953,-0.16586764074133953,-0.16586764074133953,-0.16586764074133953
93,-1.0375849084833533,-1.0375849084833533,-1.0375849084833533,-1.0375849084833533,-1.0375849084833533,-1.0375849084833533,-1.0375849084833533,-1.0375849084833533,-1.0375849084833533,-1.0375849084833533,-1.0375849084833533,-1.0375849084833533,-1.0375849084833533,-1.0375849084833533,-1.0375849084833675,-1.0375849084833675,-1.0375849084833675,-1.0375849084833675,-1.0375849084833675,-1.0375849084833817,-1.0375849084833817,-1.0375849084833817,-1.0375849084833817,-1.0375849084833817,-1.202899269767471,-0.3581231581599411,0.004207585021475779,-0.013461950897209363,-0.18230177474353582,-0.17635160639281366,-0.46268062435541424,-0.5214235454386653,-0.2558272511980988,0.43571960987699754,0.2348381759526319,0.24243418445024645,0.2471176807624147,-1.037584908483396,-1.0375849084834101,-1.037584908483396,-1.0375849084833817,-1.0375849084833817,-1.0375849084833817,-1.0375849084833533,-1.0375849084833533,-1.0375849084833533,-1.0375849084833533,-1.0375849084833533,-1.0375849084833533,-1.0375849084833533,-1.0375849084833533,-1.0375849084833533,-1.0375849084833533,-1.0375849084833533,-1.0375849084833249,-1.0375849084833533,-1.0375849084833533,-1.0375849084833533,-1.0375849084833817,-1.0375849084833817,-1.0375849084833817,-1.0267834376302574,-0.8619915033881114,-0.44733169275261275,-0.1010128056605879,1.0190040475197577,1.0497059306575238,0.5530490194630318,0.44044573593248515,1.115884470696784,1.1214652973026773,1.1098879011686051,-1.0375849084833817,-1.0375849084833817,-1.0375849084833817,-1.0375849084833817,-1.0375849084833817,-1.0375849084834101,-1.0375849084833817,-1.0375849084833533,-1.0375849084833533,-1.0375849084833675,0.7004080063604334,0.23911230837276776,-0.0341667057540036,-0.35829264805730787,-0.6743384872173124,-0.674313843679581,-1.3520336280838023,-1.555720932821142,-1.055093681042413,-1.1491060004328908,-0.8717172677420519,0.0,-0.12071858219689569,-0.21418364009147695,0.41439575202397805,0.753838910495034,0.7774381180692558,-0.5181146747630976,-0.6526511989348762,-0.6422076233230882,0.0056877703898923215,0.10188449266569677,-1.46776769238528,-2.1099321850037143,-2.679498932070146,-5.254251919061545,-1.0375849084833817,-1.0375849084833817,-0.6667028268259045,-0.6290750979362514,-0.6683159902609859,-1.1440184341935549,-1.614075201382633,-1.5415313286608736,-1.4237494835143991,-0.4801711972722842,-1.464796419294828,-1.0748226476958394,-1.122935823697361,0.12566435489060268,0.3165782459574018,0.5436299478485864,0.8828233668532732,1.0769576850421245,1.1871496099396452,-1.0375849084833817,-1.037584908483396,-1.0375849084833817,-1.0375849084833817,-1.0375849084833817,-1.0375849084833817,-1.0375849084833817,-1.0375849084833817,0.1583285964810628,0.1795428373381469,-1.0375849084833675,0.8218534932694013,0.5103150789800921,1.3206729864415863,1.8444315222006367,-1.3126712895392814,-1.4983284782402961,-1.886951029425532,-1.0375849084833675,-1.0375849084833675,-1.0375849084833675,-1.0375849084833675,-1.0375849084833533,-1.0375849084833533,-1.0375849084833533,-1.0375849084833533,-1.0375849084833533,-1.0375849084833533,-1.0375849084833533,-1.0375849084833533,-1.0375849084833533,-1.0375849084833533,-1.0375849084833249,-1.0375849084833249,-1.3245784167057906,-1.0375849084833533,-1.0375849084833533,-1.2760825314576039,-1.7835487190185404,-1.7794604157375034,-1.7877875686386346,-3.315601085219811,-2.966238263366364,-2.974032341036491,-0.5233626826220359,-0.47362188692312657,-0.4902180056816263,0.49215166641306496,0.49276436164720394,-1.0375849084833533,-1.0375849084833533,-1.0375849084833533,-1.0375849084833533,-1.0375849084833533,-1.0375849084833533,-1.0375849084833533,-1.0375849084833533,-1.0375849084833533,-1.0375849084833533,-1.0375849084833533,-1.0375849084833533,-1.0375849084833533,-1.0375849084833533,-1.0375849084833533,-1.0375849084833533,-1.0375849084833533,-1.0375849084833533,-1.0375849084833533,-1.0375849084833533,-1.0375849084833533,-1.0375849084833533,-1.0375849084833533,-1.0375849084833533,-1.0375849084833533,-1.0375849084833533
94,-1.1583034906802538,-1.1583034906802538,-1.1583034906802538,-1.1583034906802538,-1.1583034906802538,-1.1583034906802538,-1.1583034906802538,-1.1583034906802538,-1.1583034906802538,-1.1583034906802538,-1.1583034906802538,-1.1583034906802538,-1.1583034906802538,-1.1583034906802538,-1.1583034906802538,-1.1583034906802538,-1.1583034906802538,-1.1583034906802538,-1.1583034906802538,-1.158303490680268,-1.158303490680268,-1.158303490680268,-1.158303490680268,-1.158303490680268,-1.3236178519643715,-0.4788417403568417,-0.11651099717542479,-0.13418053309410993,-0.3030203569404364,-0.29707018858971423,-0.5833992065523148,-0.6421421276355659,-0.37654583339499936,0.31500102768009697,0.11411959375573133,0.12171560225334588,0.12639909856551412,-1.1583034906802823,-1.1583034906802965,-1.1583034906802823,-1.1583034906802823,-1.1583034906802823,-1.1583034906802823,-1.1583034906802538,-1.1583034906802538,-1.1583034906802538,-1.1583034906802538,-1.1583034906802538,-1.1583034906802538,-1.1583034906802538,-1.1583034906802254,-1.1583034906802254,-1.1583034906802254,-1.1583034906802254,-1.158303490680197,-1.1583034906802538,-1.1583034906802538,-1.1583034906802538,-1.1583034906802823,-1.1583034906802823,-1.1583034906802823,-1.1475020198271295,-0.9827100855849835,-0.5680502749494849,-0.22173138785746005,0.8982854653228856,0.9289873484606517,0.4323304372661596,0.319727153735613,0.9951658884999119,1.0007467151058052,0.989169318971733,-1.1583034906802823,-1.1583034906802823,-1.1583034906802823,-1.1583034906802823,-1.1583034906802823,-1.1583034906803107,-1.1583034906802823,-1.1583034906802538,-1.1583034906802538,-1.1583034906802538,0.5796894241635471,0.1183937261758814,-0.15488528795088996,-0.47901123025420134,-0.7950570694142058,-0.795032425876478,-1.4727522102806994,-1.6764395150180391,-1.1758122632393082,-1.269824582629786,-0.9924358499389463,-0.12071858219689569,0.0,-0.09346505789458126,0.2936771698271059,0.6331203282981619,0.6567195358723836,-0.6388332569599697,-0.7733697811317484,-0.7629262055199604,-0.11503081180700292,-0.018834089531196696,-1.5884862745821806,-2.230650767200615,-2.8002175142670467,-5.374970501258446,-1.1583034906802823,-1.1583034906802823,-0.787421409022798,-0.7497936801331448,-0.7890345724578793,-1.2647370163904483,-1.7347937835795335,-1.6622499108577742,-1.5444680657112997,-0.6008897794691848,-1.5855150014917285,-1.19554122989274,-1.2436544058942616,0.004945772693702111,0.19585966376050123,0.42291136565168586,0.7621047846563727,0.956239102845224,1.0664310277427447,-1.158303490680268,-1.1583034906802823,-1.158303490680268,-1.158303490680268,-1.158303490680268,-1.1583034906802823,-1.158303490680268,-1.158303490680268,0.037610014284169324,0.058824255141253445,-1.1583034906802538,0.7011349110725149,0.38959649678320574,1.199954404244707,1.7237129400037645,-1.4333898717361677,-1.6190470604371825,-2.0076696116224184,-1.1583034906802538,-1.1583034906802538,-1.1583034906802538,-1.1583034906802538,-1.1583034906802538,-1.1583034906802538,-1.1583034906802538,-1.1583034906802538,-1.1583034906802538,-1.1583034906802396,-1.1583034906802254,-1.1583034906802254,-1.1583034906802254,-1.1583034906802254,-1.1583034906802254,-1.1583034906802254,-1.445296998902677,-1.1583034906802538,-1.1583034906802538,-1.3968011136545044,-1.904267301215441,-1.900178997934404,-1.9085061508355352,-3.436319667416683,-3.086956845563236,-3.094750923233363,-0.6440812648189365,-0.5943404691200271,-0.6109365878785269,0.3714330842161644,0.37204577945030337,-1.1583034906802538,-1.1583034906802538,-1.1583034906802538,-1.1583034906802538,-1.1583034906802538,-1.1583034906802538,-1.1583034906802538,-1.1583034906802538,-1.1583034906802538,-1.1583034906802538,-1.1583034906802538,-1.1583034906802538,-1.1583034906802538,-1.1583034906802538,-1.1583034906802538,-1.1583034906802538,-1.1583034906802538,-1.1583034906802538,-1.1583034906802538,-1.1583034906802538,-1.1583034906802538,-1.1583034906802538,-1.1583034906802538,-1.1583034906802538,-1.1583034906802538,-1.1583034906802538
95,-1.2517685485748302,-1.2517685485748302,-1.2517685485748302,-1.2517685485748302,-1.2517685485748302,-1.2517685485748302,-1.2517685485748302,-1.2517685485748302,-1.2517685485748302,-1.2517685485748302,-1.2517685485748302,-1.2517685485748302,-1.2517685485748302,-1.2517685485748302,-1.2517685485748444,-1.2517685485748444,-1.2517685485748444,-1.2517685485748444,-1.2517685485748444,-1.2517685485748586,-1.2517685485748586,-1.2517685485748586,-1.2517685485748586,-1.2517685485748586,-1.4170829098589763,-0.5723067982514465,-0.2099760550700296,-0.22764559098871473,-0.3964854148350412,-0.39053524648431903,-0.6768642644469196,-0.7356071855301707,-0.47001089128960416,0.22153596978549217,0.020654535861126533,0.02825054435874108,0.032934040670909326,-1.2517685485748729,-1.251768548574887,-1.2517685485748586,-1.2517685485748586,-1.2517685485748586,-1.2517685485748586,-1.2517685485748302,-1.2517685485748302,-1.2517685485748302,-1.2517685485748302,-1.2517685485748302,-1.2517685485748302,-1.2517685485748302,-1.2517685485748018,-1.2517685485748018,-1.2517685485748018,-1.2517685485748018,-1.2517685485747734,-1.2517685485748302,-1.2517685485748302,-1.2517685485748302,-1.2517685485748586,-1.2517685485748586,-1.2517685485748586,-1.2409670777217343,-1.0761751434795883,-0.6615153328440897,-0.3151964457520364,0.8048204074283092,0.8355222905660753,0.33886537937158323,0.22626209584103663,0.9017008306053356,0.9072816572112288,0.8957042610771566,-1.2517685485748586,-1.2517685485748586,-1.2517685485748586,-1.2517685485748586,-1.2517685485748586,-1.251768548574887,-1.2517685485748586,-1.2517685485748302,-1.2517685485748302,-1.2517685485748444,0.4862243662689565,0.02492866828129081,-0.24835034584548055,-0.5724762881487919,-0.8885221273087964,-0.8884974837710686,-1.5662172681752828,-1.7699045729126226,-1.2692773211338917,-1.3632896405243695,-1.0859009078335298,-0.21418364009147695,-0.09346505789458126,0.0,0.2002121119325011,0.5396552704035571,0.5632544779777788,-0.732298314854603,-0.8668348390263816,-0.8563912634145936,-0.2084958697015864,-0.11229914742578018,-1.6819513324767854,-2.3241158250952196,-2.8936825721616515,-5.4684355591530505,-1.2517685485748586,-1.2517685485748586,-0.8808864669173886,-0.8432587380277354,-0.8824996303524699,-1.358202074285039,-1.828258841474124,-1.7557149687523648,-1.6379331236058903,-0.6943548373637753,-1.6789800593863333,-1.2890062877873447,-1.3371194637888664,-0.08851928520088848,0.10239460586590354,0.32944630775708816,0.668639726761775,0.8627740449506263,0.972965969848147,-1.2517685485748586,-1.2517685485748729,-1.2517685485748586,-1.2517685485748586,-1.2517685485748586,-1.2517685485748586,-1.2517685485748586,-1.2517685485748586,-0.05585504361042126,-0.03464080275333714,-1.2517685485748444,0.6076698531779243,0.29613143888861515,1.1064893463501022,1.6302478821091597,-1.5268549296307583,-1.712512118331773,-2.101134669517009,-1.2517685485748444,-1.2517685485748444,-1.2517685485748444,-1.2517685485748444,-1.2517685485748302,-1.2517685485748302,-1.2517685485748302,-1.2517685485748302,-1.2517685485748302,-1.2517685485748302,-1.2517685485748302,-1.2517685485748302,-1.2517685485748302,-1.2517685485748302,-1.2517685485748302,-1.2517685485748302,-1.5387620567972675,-1.2517685485748302,-1.2517685485748302,-1.4902661715490808,-1.997732359109989,-1.9936440558289519,-2.001971208730083,-3.529784725311231,-3.180421903457784,-3.188215981127911,-0.7375463227134844,-0.6878055270145751,-0.7044016457731033,0.2779680263215596,0.27858072155567015,-1.2517685485748302,-1.2517685485748302,-1.2517685485748302,-1.2517685485748302,-1.2517685485748302,-1.2517685485748302,-1.2517685485748302,-1.2517685485748302,-1.2517685485748302,-1.2517685485748302,-1.2517685485748302,-1.2517685485748302,-1.2517685485748302,-1.2517685485748302,-1.251768548574816,-1.2517685485748302,-1.2517685485748302,-1.2517685485748302,-1.2517685485748302,-1.2517685485748302,-1.2517685485748302,-1.2517685485748302,-1.2517685485748302,-1.2517685485748302,-1.251768548574816,-1.2517685485748302
96,1.4519806605073313,1.4519806605073313,1.4519806605073313,1.4519806605073313,1.4519806605073313,1.4519806605073313,1.4519806605073313,1.4519806605073313,1.4519806605073313,1.4519806605073313,1.4519806605073313,1.4519806605073313,1.4519806605073313,1.4519806605073313,1.4519806605073455,1.4519806605073455,1.4519806605073455,1.4519806605073455,1.4519806605073455,1.4519806605073455,1.4519806605073455,1.4519806605073455,1.4519806605073384,1.4519806605073384,1.286666299223235,2.1314424108307826,2.493773154012196,2.4761036180935108,2.307263794247177,2.3132139625979065,2.026884944635313,1.9681420235520832,2.233738317792671,2.925285178867753,2.724403744943416,2.7319997534410305,2.7366832497531703,1.4519806605073455,1.4519806605073455,1.4519806605073455,1.4519806605073455,1.4519806605073455,1.4519806605073455,1.4519806605073455,1.4519806605073455,1.4519806605073455,1.4519806605073455,1.4519806605073455,1.4519806605073597,1.4519806605073455,1.4519806605073455,1.4519806605073455,1.4519806605073455,1.4519806605073455,1.4519806605073597,1.4519806605073455,1.4519806605073597,1.4519806605073597,1.4519806605073313,1.4519806605073313,1.4519806605073313,1.4411791896542034,1.2763872554120672,1.6910470660475525,2.037365953139581,3.15738280631993,3.1880846894576926,2.6914277782632077,2.578824494732686,3.2542632294969565,3.259844056102839,3.2482666599687633,1.4519806605073455,1.4519806605073526,1.4519806605073455,1.4519806605073455,1.4519806605073597,1.4519806605073597,1.4519806605073455,1.4519806605073597,1.4519806605073597,1.4519806605073455,-0.2860122543364554,0.17528344365119608,0.44856245777796744,0.7726884000812788,1.0887342392412762,1.0887095957035484,1.7664293801077662,1.9701166848451095,1.4694894330664,1.5635017524568582,1.2861130197660202,0.4143957520239496,0.2936771698270775,0.2002121119325011,0.0,0.33944315847106665,0.3630423660452884,1.9714508942276296,1.8369143700558297,1.8473579456676177,2.16351805789796,2.2597147801737663,1.0217978766054223,0.379633383986981,-0.18993336307945086,-2.7646863500708463,1.4519806605073455,1.4519806605073455,1.096369899632677,1.1339976285223372,1.0947567361976098,0.6190542922650337,0.14899752507594144,0.22154139779769366,0.33932324294416105,1.2829015291862618,1.024769149695885,1.414742921294895,1.3666297452933556,1.8886877942737357,2.0796016853405206,2.306653387231691,2.6458468062363636,2.839981124425208,2.9501730493227285,1.4519806605073526,1.4519806605073455,1.4519806605073526,1.4519806605073455,1.4519806605073455,1.4519806605073455,1.4519806605073384,1.4519806605073384,1.2893096446196495,1.3105238854767407,1.4519806605073455,-0.16456676742748755,-0.4761051817167896,0.33425272574470455,0.8580112615037621,1.1768942794514317,0.9912370907504169,0.602614539565181,1.4519806605073455,1.4519806605073455,1.4519806605073455,1.4519806605073455,1.4519806605073313,1.4519806605073313,1.4519806605073313,1.4519806605073313,1.4519806605073313,1.4519806605073313,1.4519806605073313,1.4519806605073313,1.4519806605073313,1.4519806605073313,1.4519806605073313,1.4519806605073313,1.1649871522849224,1.4519806605073313,1.4519806605073313,1.2134830375330807,0.7060168499721442,0.7101051532531812,0.70177800035205,-0.8260355162291262,-0.4766726943756794,-0.48446677204580624,1.9662028863686487,2.015943682067558,1.9993475633090583,2.9817172354037496,2.9823299306378743,1.4519806605073313,1.4519806605073313,1.4519806605073313,1.4519806605073313,1.4519806605073313,1.4519806605073313,1.4519806605073313,1.4519806605073313,1.4519806605073313,1.4519806605073313,1.4519806605073313,1.4519806605073313,1.4519806605073313,1.4519806605073313,1.4519806605073313,1.4519806605073313,1.4519806605073313,1.4519806605073313,1.4519806605073313,1.4519806605073313,1.4519806605073313,1.4519806605073313,1.4519806605073313,1.4519806605073313,1.4519806605073313,1.4519806605073313
97,1.7914238189784157,1.7914238189784157,1.7914238189784157,1.7914238189784157,1.7914238189784157,1.7914238189784157,1.7914238189784157,1.7914238189784157,1.7914238189784157,1.7914238189784157,1.7914238189784157,1.7914238189784157,1.7914238189784157,1.7914238189784157,1.7914238189784157,1.7914238189784157,1.7914238189784157,1.7914238189784086,1.7914238189784086,1.7914238189784086,1.7914238189784086,1.7914238189784086,1.7914238189784015,1.791423818978405,1.6261094576943016,2.470885569301849,2.833216312483266,2.815546776564581,2.6467069527182474,2.6526571210689767,2.366328103106383,2.3075851820231534,2.5731814762637413,3.2647283373388234,3.063846903414486,3.0714429119121007,3.0761264082242405,1.7914238189784086,1.7914238189784086,1.7914238189784086,1.7914238189784086,1.7914238189784015,1.7914238189784015,1.7914238189784015,1.7914238189784015,1.7914238189784015,1.7914238189784015,1.7914238189784015,1.7914238189784157,1.7914238189784015,1.7914238189784015,1.7914238189784015,1.7914238189784015,1.7914238189784015,1.7914238189784157,1.7914238189784015,1.7914238189784157,1.7914238189784157,1.7914238189783873,1.7914238189783873,1.7914238189783873,1.78062234812527,1.615830413883133,2.030490224518619,2.3768091116106476,3.496825964790993,3.5275278479287557,3.030870936734267,2.918267653203742,3.593706387968023,3.599287214573909,3.58770981843983,1.7914238189784015,1.7914238189784015,1.7914238189784015,1.7914238189784015,1.7914238189784157,1.7914238189784157,1.7914238189784015,1.7914238189784015,1.7914238189784015,1.7914238189784157,0.05343090413461482,0.5147266021222663,0.7880056162490376,1.112131558552349,1.4281773977123464,1.4281527541746186,2.1058725385788364,2.3095598433161513,1.8089325915374275,1.9029449109278858,1.6255561782370478,0.7538389104949772,0.633120328298105,0.5396552704035287,0.33944315847106665,0.0,0.023599207574221293,2.3108940526987,2.1763575285269,2.186801104138688,2.5029612163689876,2.599157938644794,1.361241035076489,0.7190765424580512,0.1495097953916229,-2.425243191599769,1.7914238189784086,1.7914238189784015,1.4358130581037472,1.4734407869934074,1.43419989466868,0.9584974507361039,0.48844068354702586,0.5609845562688065,0.6787664014152597,1.6223446876573746,1.3642123081669482,1.754186079765958,1.7060729037644151,2.228130952744806,2.419044843811605,2.6460965457027896,2.985289964707448,3.179424282896292,3.289616207793813,1.7914238189784157,1.7914238189784086,1.7914238189784157,1.7914238189784086,1.7914238189784086,1.7914238189784086,1.7914238189784015,1.7914238189784015,1.6287528030907197,1.649967043947811,1.7914238189784086,0.17487639104358266,-0.1366620232457194,0.6736958842157748,1.1974544199748323,1.5163374379225019,1.330680249221487,0.9420576980362512,1.7914238189784157,1.7914238189784157,1.7914238189784157,1.7914238189784157,1.7914238189784157,1.7914238189784157,1.7914238189784157,1.7914238189784157,1.7914238189784157,1.7914238189784157,1.7914238189784157,1.7914238189784157,1.7914238189784157,1.7914238189784157,1.7914238189783873,1.7914238189783873,1.5044303107559927,1.7914238189784157,1.7914238189784157,1.5529261960041651,1.0454600084432428,1.0495483117242657,1.0412211588231344,-0.48659235775801335,-0.13722953590456655,-0.1450236135746934,2.305646044839733,2.3553868405386424,2.3387907217801427,3.3211603938748198,3.3217730891089445,1.7914238189784157,1.7914238189784157,1.7914238189784157,1.7914238189784157,1.7914238189784157,1.7914238189784157,1.7914238189784157,1.7914238189784157,1.7914238189784157,1.7914238189784157,1.7914238189784157,1.7914238189784157,1.7914238189784157,1.7914238189784157,1.7914238189784157,1.7914238189784157,1.7914238189784157,1.7914238189784157,1.7914238189784157,1.7914238189784157,1.7914238189784157,1.7914238189784157,1.7914238189784157,1.7914238189784157,1.7914238189784157,1.7914238189784157
98,1.815023026552609,1.815023026552609,1.815023026552609,1.815023026552609,1.815023026552609,1.815023026552609,1.815023026552609,1.815023026552609,1.815023026552609,1.815023026552609,1.815023026552609,1.815023026552609,1.815023026552609,1.815023026552609,1.8150230265526233,1.8150230265526233,1.8150230265526233,1.8150230265526304,1.8150230265526304,1.8150230265526304,1.8150230265526304,1.815023026552634,1.8150230265526304,1.8150230265526268,1.6497086652685233,2.494484776876064,2.8568155200574807,2.8391459841387956,2.670306160292462,2.6762563286431913,2.389927310680598,2.331184389597361,2.596780683837949,3.288327544913031,3.0874461109886937,3.0950421194863083,3.099725615798448,1.8150230265526233,1.8150230265526233,1.8150230265526233,1.8150230265526233,1.8150230265526233,1.8150230265526233,1.8150230265526233,1.8150230265526233,1.8150230265526233,1.8150230265526233,1.8150230265526233,1.8150230265526375,1.8150230265526233,1.8150230265526233,1.8150230265526233,1.8150230265526233,1.8150230265526233,1.8150230265526375,1.8150230265526233,1.8150230265526375,1.8150230265526375,1.815023026552609,1.815023026552609,1.815023026552609,1.8042215556994918,1.6394296214573565,2.054089432092841,2.4004083191848693,3.5204251723652185,3.551127055502981,3.054470144308489,2.9418668607779637,3.6173055955422484,3.6228864221481345,3.6113090260140552,1.8150230265526233,1.8150230265526233,1.8150230265526233,1.8150230265526233,1.8150230265526375,1.8150230265526375,1.8150230265526233,1.8150230265526233,1.8150230265526233,1.8150230265526233,0.07703011170882235,0.5383258096964738,0.8116048238232452,1.1357307661265565,1.451776605286554,1.4517519617488261,2.129471746153044,2.333159050890373,1.8325317991116492,1.9265441185021075,1.6491553858112695,0.7774381180691989,0.6567195358723268,0.5632544779777504,0.3630423660452884,0.023599207574221293,0.0,2.3344932602729145,2.1999567361011145,2.2104003117129025,2.5265604239432093,2.6227571462190156,1.3848402426507143,0.7426757500322694,0.17310900296583753,-2.4016439840255543,1.8150230265526162,1.815023026552609,1.4594122656779547,1.497039994567615,1.4577991022428876,0.9820966583103115,0.5120398911212192,0.5845837638429998,0.702365608989453,1.645943895231568,1.387811515741177,1.777785287340187,1.729672111338644,2.2517301603190134,2.4426440513858267,2.6696957532770114,3.0088891722816697,3.203023490470514,3.3132154153680347,1.8150230265526375,1.8150230265526304,1.8150230265526375,1.8150230265526304,1.8150230265526304,1.8150230265526304,1.8150230265526233,1.8150230265526233,1.6523520106649272,1.6735662515220184,1.8150230265526304,0.19847559861779018,-0.11306281567151188,0.6972950917899823,1.2210536275490398,1.5399366454967094,1.3542794567956946,0.9656569056104587,1.8150230265526233,1.8150230265526233,1.8150230265526233,1.8150230265526233,1.815023026552609,1.815023026552609,1.815023026552609,1.815023026552609,1.815023026552609,1.815023026552609,1.815023026552609,1.815023026552609,1.815023026552609,1.815023026552609,1.8150230265525806,1.8150230265525806,1.5280295183302002,1.815023026552609,1.815023026552609,1.5765254035783585,1.0690592160174504,1.0731475192984874,1.064820366397356,-0.46299315018382003,-0.11363032833037323,-0.12142440600050008,2.329245252413955,2.378986048112864,2.362389929354336,3.3447596014490273,3.345372296683138,1.815023026552609,1.815023026552609,1.815023026552609,1.815023026552609,1.815023026552609,1.815023026552609,1.815023026552609,1.815023026552609,1.815023026552609,1.815023026552609,1.815023026552609,1.815023026552609,1.815023026552609,1.815023026552609,1.8150230265525948,1.815023026552609,1.815023026552609,1.815023026552609,1.815023026552609,1.815023026552609,1.815023026552609,1.815023026552609,1.815023026552609,1.815023026552609,1.8150230265525948,1.815023026552609
99,0.5194702337203125,0.5194702337203125,0.5194702337203125,0.5194702337203125,0.5194702337203125,0.5194702337203125,0.5194702337203125,0.5194702337203125,0.5194702337203125,0.5194702337203125,0.5194702337203125,0.5194702337203125,0.5194702337203125,0.5194702337203125,0.5194702337202983,0.5194702337202983,0.5194702337202983,0.5194702337202983,0.5194702337202983,0.5194702337202983,0.5194702337202983,0.5194702337202983,0.5194702337202912,0.5194702337202948,0.6847845950043983,-0.15999151660315025,0.20233922657826398,0.18466969065957528,0.015829866813241722,0.021780035163963873,-0.2645489827986296,-0.3232919038818629,-0.057695609641282175,0.6338512514338035,0.4329698175094592,0.4405658260070666,0.44524932231922065,0.5194702337202983,0.5194702337202983,0.5194702337202983,0.5194702337202983,0.5194702337202983,0.5194702337202983,0.5194702337202983,0.5194702337202983,0.5194702337202983,0.5194702337202983,0.5194702337202983,0.5194702337203125,0.5194702337202983,0.5194702337202983,0.5194702337202983,0.5194702337202983,0.5194702337202983,0.5194702337203125,0.5194702337202983,0.5194702337203125,0.5194702337203125,0.5194702337202983,0.5194702337203125,0.5194702337203125,0.5302717045734298,0.6950636388155651,1.1097234494510495,1.456042336543078,2.5760591897234235,2.6067610728611825,2.1101041616666905,1.9975008781361652,2.67293961290045,2.678520439506336,2.6669430433722567,0.5194702337202983,0.5194702337203054,0.5194702337202983,0.5194702337202983,0.5194702337202841,0.5194702337202841,0.5194702337202983,0.5194702337203125,0.5194702337203125,0.5194702337202983,-1.2185226811235026,-0.7572269831358511,-0.48394796900907977,-0.1598220267057684,0.156223812454229,0.1561991689165012,0.833918953320719,1.0376062580580623,0.5369790062793243,0.6309913256697826,0.3536025929789446,-0.518114674763126,-0.6388332569599982,-0.7322983148545745,1.9714508942276296,2.3108940526986927,2.3344932602729074,0.0,-0.13453652417179662,-0.12409294856000663,1.2310076311108844,1.3272043533866906,0.08928744981837866,-0.5528770428000627,-1.1224437898664945,-3.6971967768578935,0.5194702337202983,0.5194702337202983,0.16385947284562974,0.20148720173529,0.16224630941056262,-0.3134561345220135,-0.7835129017111058,-0.7109690289893535,-0.5931871838429004,0.35039110239921456,0.09225872290883785,0.4822324945078478,0.43411931850630836,0.9561773674866885,1.1470912585534734,1.374142960444658,1.7133363794493164,1.9074706976381606,2.0176626225356813,0.5194702337203054,0.5194702337202983,0.5194702337203054,0.5194702337202983,0.5194702337202983,0.5194702337202983,0.5194702337202912,0.5194702337202912,0.35679921783260227,0.3780134586896935,0.5194702337202983,-1.0970771942145348,-1.4086156085038368,-0.5982577010423427,-0.07449916528328515,0.24438385266438445,0.058726663963369674,-0.32989588722186625,0.5194702337202983,0.5194702337202983,0.5194702337202983,0.5194702337202983,0.5194702337203125,0.5194702337203125,0.5194702337203125,0.5194702337203125,0.5194702337203125,0.5194702337203125,0.5194702337203125,0.5194702337203125,0.5194702337203125,0.5194702337203125,0.5194702337203125,0.5194702337203125,0.23247672549787524,0.5194702337203125,0.5194702337203125,0.28097261074606195,-0.2264935768148746,-0.22240527353383754,-0.23073242643496883,-1.7585459430161166,-1.4091831211626697,-1.4169771988327966,1.03369245958163,1.0834332552805392,1.0668371365220395,2.0492068086167308,2.0498195038508698,0.5194702337203125,0.5194702337203125,0.5194702337203125,0.5194702337203125,0.5194702337203125,0.5194702337203125,0.5194702337203125,0.5194702337203125,0.5194702337203125,0.5194702337203125,0.5194702337203125,0.5194702337203125,0.5194702337203125,0.5194702337203125,0.5194702337203125,0.5194702337203125,0.5194702337203125,0.5194702337203125,0.5194702337203125,0.5194702337203125,0.5194702337203125,0.5194702337203125,0.5194702337203125,0.5194702337203125,0.5194702337203125,0.5194702337203125
100,0.3849337095485055,0.3849337095485055,0.3849337095485055,0.3849337095485055,0.3849337095485055,0.3849337095485055,0.3849337095485055,0.3849337095485055,0.3849337095485055,0.3849337095485055,0.3849337095485055,0.3849337095485055,0.3849337095485055,0.3849337095485055,0.3849337095485055,0.3849337095485055,0.3849337095485055,0.38493370954849837,0.38493370954849837,0.38493370954849837,0.38493370954849837,0.38493370954849837,0.38493370954849127,0.3849337095484948,0.5502480708325983,-0.29452804077494665,0.0678027024064658,0.0501331664877771,-0.11870665735855823,-0.11275648900783608,-0.39908550697042955,-0.45782842805366286,-0.19223213381307858,0.49931472726201065,0.2984332933376663,0.30602930183527377,0.3107127981474278,0.38493370954849837,0.38493370954849837,0.38493370954849837,0.38493370954849837,0.38493370954849837,0.38493370954849127,0.38493370954849127,0.38493370954849127,0.38493370954849127,0.38493370954849127,0.38493370954849127,0.3849337095485055,0.38493370954849127,0.38493370954849127,0.38493370954849127,0.38493370954849127,0.38493370954849127,0.3849337095485055,0.38493370954849127,0.3849337095485055,0.3849337095485055,0.38493370954849127,0.38493370954849127,0.3849337095485055,0.3957351804016298,0.5605271146437651,0.975186925279246,1.321505812371278,2.4415226655516236,2.4722245486893826,1.9755676374948905,1.8629643539643652,2.53840308872865,2.543983915334536,2.532406519200457,0.38493370954849837,0.38493370954849837,0.38493370954849127,0.38493370954849127,0.3849337095485055,0.3849337095485055,0.38493370954849837,0.3849337095485055,0.3849337095485055,0.3849337095485055,-1.3530592052952954,-0.891763507307644,-0.6184844931808726,-0.29435855087756124,0.021687288282436157,0.02166264474470836,0.6993824291489261,0.9030697338862694,0.40244248210754563,0.4964548014980039,0.21906606880716595,-0.6526511989349046,-0.7733697811317768,-0.8668348390263532,1.8369143700558297,2.176357528526893,2.1999567361011145,-0.13453652417179662,0.0,0.010443575611789768,1.0964711069391058,1.192667829214912,-0.04524907435342129,-0.6874135669718626,-1.2569803140382945,-3.8317333010296863,0.38493370954849837,0.38493370954849837,0.02932294867383689,0.06695067756349715,0.02770978523876977,-0.44799265869380633,-0.9180494258828986,-0.8455055531611322,-0.727723708014679,0.21585457822743592,-0.0422778012629621,0.3476959703360478,0.2995827943345084,0.8216408433148956,1.0125547343816805,1.2396064362728794,1.5787998552775377,1.772934173466382,1.8831260983639027,0.3849337095485055,0.38493370954849837,0.3849337095485055,0.38493370954849837,0.38493370954849837,0.38493370954849837,0.38493370954849127,0.38493370954849127,0.22226269366080942,0.24347693451790065,0.38493370954849837,-1.2316137183863276,-1.5431521326756297,-0.7327942252141355,-0.209035689455078,0.1098473284925916,-0.07580986020842317,-0.4644324113936591,0.3849337095485055,0.3849337095485055,0.3849337095485055,0.3849337095485055,0.3849337095485055,0.3849337095485055,0.3849337095485055,0.3849337095485055,0.3849337095485055,0.3849337095485055,0.3849337095485055,0.3849337095485055,0.3849337095485055,0.3849337095485055,0.38493370954847705,0.38493370954847705,0.09794020132608239,0.3849337095485055,0.3849337095485055,0.1464360865742549,-0.36103010098668165,-0.3569417977056446,-0.3652689506067759,-1.8930824671879236,-1.5437196453344768,-1.5515137230046037,0.8991559354098229,0.9488967311087322,0.9323006123502324,1.9146702844449237,1.9152829796790627,0.3849337095485055,0.3849337095485055,0.3849337095485055,0.3849337095485055,0.3849337095485055,0.3849337095485055,0.3849337095485055,0.3849337095485055,0.3849337095485055,0.3849337095485055,0.3849337095485055,0.3849337095485055,0.3849337095485055,0.3849337095485055,0.3849337095485055,0.3849337095485055,0.3849337095485055,0.3849337095485055,0.3849337095485055,0.3849337095485055,0.3849337095485055,0.3849337095485055,0.3849337095485055,0.3849337095485055,0.3849337095485055,0.3849337095485055
101,0.39537728516029347,0.39537728516029347,0.39537728516029347,0.39537728516029347,0.39537728516029347,0.39537728516029347,0.39537728516029347,0.39537728516029347,0.39537728516029347,0.39537728516029347,0.39537728516029347,0.39537728516029347,0.39537728516029347,0.39537728516029347,0.39537728516029347,0.39537728516029347,0.39537728516029347,0.39537728516029347,0.39537728516029347,0.39537728516029347,0.39537728516029347,0.39537728516029347,0.39537728516028636,0.39537728516028636,0.5606916464443898,-0.2840844651631578,0.07824627801825557,0.060576742099570424,-0.10826308174676669,-0.10231291339604098,-0.38864193135863445,-0.4473848524418642,-0.18178855820127637,0.5097583028738057,0.3088768689494614,0.31647287744706887,0.3211563737592229,0.39537728516028636,0.39537728516028636,0.39537728516028636,0.39537728516028636,0.39537728516027926,0.39537728516027926,0.39537728516027926,0.39537728516027926,0.39537728516027926,0.39537728516027926,0.39537728516027926,0.39537728516029347,0.39537728516027926,0.39537728516027926,0.39537728516027926,0.39537728516027926,0.39537728516027926,0.39537728516029347,0.39537728516027926,0.39537728516029347,0.39537728516029347,0.39537728516027926,0.39537728516029347,0.39537728516029347,0.40617875601342135,0.5709706902555567,0.9856305008910411,1.331949387983073,2.4519662411634187,2.4826681243011777,1.9860112131066856,1.8734079295761603,2.548846664340445,2.554427490946331,2.542850094812252,0.39537728516027926,0.39537728516027926,0.39537728516027926,0.39537728516027926,0.39537728516026505,0.39537728516026505,0.39537728516027926,0.39537728516027926,0.39537728516027926,0.39537728516029347,-1.3426156296835074,-0.881319931695856,-0.6080409175690846,-0.28391497526577325,0.03213086389422415,0.03210622035649635,0.7098260047607141,0.9135133094980574,0.4128860577193336,0.5068983771097919,0.22950964441895394,-0.6422076233231166,-0.7629262055199888,-0.8563912634145652,1.8473579456676177,2.186801104138681,2.2104003117129025,-0.12409294856000663,0.010443575611789768,0.0,1.1069146825508938,1.2031114048267,-0.03480549874162975,-0.6769699913600711,-1.2465367384265065,-3.8212897254178984,0.39537728516028636,0.39537728516027926,0.03976652428562488,0.07739425317528514,0.03815336085055776,-0.43754908308201834,-0.9076058502711106,-0.8350619775493442,-0.717280132402891,0.22629815383922391,-0.031834225651167,0.3581395459478429,0.31002636994629995,0.8320844189266836,1.0229983099934827,1.2500500118846674,1.5892434308893257,1.78337774907817,1.8935696739756906,0.3953772851603006,0.39537728516029347,0.3953772851603006,0.39537728516029347,0.39537728516029347,0.39537728516029347,0.39537728516028636,0.39537728516028636,0.2327062692725974,0.25392051012968864,0.39537728516029347,-1.2211701427745396,-1.5327085570638417,-0.7223506496023475,-0.19859211384329,0.12029090410437959,-0.06536628459663518,-0.4539888357818711,0.39537728516029347,0.39537728516029347,0.39537728516029347,0.39537728516029347,0.39537728516029347,0.39537728516029347,0.39537728516029347,0.39537728516029347,0.39537728516029347,0.39537728516029347,0.39537728516029347,0.39537728516029347,0.39537728516029347,0.39537728516029347,0.39537728516029347,0.39537728516029347,0.10838377693787038,0.39537728516029347,0.39537728516029347,0.15687966218604288,-0.35058652537489365,-0.3464982220938566,-0.3548253749949879,-1.8826388915761356,-1.5332760697226888,-1.5410701473928157,0.9095995110216109,0.9593403067205202,0.9427441879620204,1.9251138600566975,1.9257265552908223,0.39537728516029347,0.39537728516029347,0.39537728516029347,0.39537728516029347,0.39537728516029347,0.39537728516029347,0.39537728516029347,0.39537728516029347,0.39537728516029347,0.39537728516029347,0.39537728516029347,0.39537728516029347,0.39537728516029347,0.39537728516029347,0.39537728516029347,0.39537728516029347,0.39537728516029347,0.39537728516029347,0.39537728516029347,0.39537728516029347,0.39537728516029347,0.39537728516029347,0.39537728516029347,0.39537728516029347,0.39537728516029347,0.39537728516029347
102,0.7115373973906287,0.7115373973906287,0.7115373973906287,0.7115373973906287,0.7115373973906287,0.7115373973906287,0.7115373973906287,0.7115373973906287,0.7115373973906287,0.7115373973906287,0.7115373973906287,0.7115373973906287,0.7115373973906287,0.7115373973906287,0.7115373973906429,0.7115373973906429,0.7115373973906429,0.7115373973906429,0.7115373973906429,0.7115373973906287,0.7115373973906287,0.7115373973906287,0.7115373973906287,0.7115373973906287,0.546223036106511,1.3909991477140409,1.7533298908954578,1.7356603549767726,1.5668205311304462,1.5727706994811683,1.2864416815185677,1.2276987604353167,1.4932950546758832,2.1848419157509795,1.9839604818266139,1.9915564903242284,1.9962399866363967,0.7115373973906145,0.7115373973906003,0.7115373973906003,0.7115373973906003,0.7115373973906003,0.7115373973906003,0.7115373973906287,0.7115373973906287,0.7115373973906287,0.7115373973906287,0.7115373973906287,0.7115373973906287,0.7115373973906287,0.7115373973906287,0.7115373973906287,0.7115373973906287,0.7115373973906287,0.7115373973906571,0.7115373973906287,0.7115373973906287,0.7115373973906287,0.7115373973906003,0.7115373973906003,0.7115373973906003,0.722338868243753,0.887130802485899,1.3017906131213977,1.648109500213451,2.7681263533937965,2.7988282365315627,2.3021713253370706,2.189568041806524,2.865006776570823,2.870587603176716,2.859010207042644,0.7115373973906003,0.7115373973906003,0.7115373973906003,0.7115373973906003,0.7115373973906003,0.7115373973905719,0.7115373973906003,0.7115373973906287,0.7115373973906287,0.7115373973906429,2.4495303122344367,1.988234614246771,1.7149556001199997,1.3908296578166883,1.0747838186566838,1.0748084621944152,0.39708867779019386,0.19340137305285587,0.6940286248315832,0.6000163054411054,0.8774050381319443,0.0056877703898923215,-0.11503081180700292,-0.2084958697015864,2.1635180578979885,2.5029612163690445,2.526560423943266,1.2310076311108844,1.0964711069391058,1.1069146825508938,0.0,0.096196722275804,0.28135461348870194,-0.3608098791297323,-0.9303766261961641,-3.505129613187563,0.7115373973906003,0.7115373973906003,1.0824194790480917,1.1200472079377448,1.0808063156130103,0.6051038716804413,0.13504710449135615,0.20759097721311548,0.32537282235959,1.268951108601705,0.28432588657915403,0.6742996581781426,0.626186482176621,1.8747866607645989,2.065700551831391,2.2927522537225755,2.6319456727272623,2.8260799909161136,2.9362719158136343,0.7115373973906287,0.7115373973906145,0.7115373973906287,0.7115373973906287,0.7115373973906287,0.7115373973906287,0.7115373973906145,0.7115373973906145,1.907450902355059,1.928665143212143,0.7115373973906429,2.5709757991434046,2.2594373848540954,3.0697952923155896,3.593553828074647,0.43645101633472905,0.2507938276337143,-0.13782872355152165,0.7115373973906429,0.7115373973906429,0.7115373973906429,0.7115373973906429,0.7115373973906287,0.7115373973906287,0.7115373973906287,0.7115373973906287,0.7115373973906287,0.7115373973906287,0.7115373973906287,0.7115373973906287,0.7115373973906287,0.7115373973906287,0.7115373973906571,0.7115373973906571,0.42454388916821983,0.7115373973906287,0.7115373973906287,0.4730397744163781,-0.03442641314455841,-0.030338109863521368,-0.03866526276465265,-1.5664787793458288,-1.217115957492382,-1.2249100351625088,1.225759623251946,1.2755004189508554,1.2589043001923557,2.241273972287047,2.241886667521186,0.7115373973906287,0.7115373973906287,0.7115373973906287,0.7115373973906287,0.7115373973906429,0.7115373973906571,0.7115373973906287,0.7115373973906287,0.7115373973906287,0.7115373973906287,0.7115373973906287,0.7115373973906287,0.7115373973906287,0.7115373973906287,0.7115373973906287,0.7115373973906287,0.7115373973906287,0.7115373973906287,0.7115373973906287,0.7115373973906287,0.7115373973906287,0.7115373973906287,0.7115373973906287,0.7115373973906287,0.7115373973906287,0.7115373973906287
103,0.8077341196664349,0.8077341196664349,0.8077341196664349,0.8077341196664349,0.8077341196664349,0.8077341196664349,0.8077341196664349,0.8077341196664349,0.8077341196664349,0.8077341196664349,0.8077341196664349,0.8077341196664349,0.8077341196664349,0.8077341196664349,0.8077341196664349,0.8077341196664349,0.8077341196664349,0.8077341196664349,0.8077341196664349,0.8077341196664207,0.8077341196664207,0.8077341196664207,0.8077341196664207,0.8077341196664207,0.6424197583823172,1.487195869989847,1.849526613171264,1.8318570772525788,1.6630172534062524,1.6689674217569745,1.382638403794374,1.323895482711123,1.5894917769516894,2.2810386380267857,2.08015720410242,2.0877532126000347,2.092436708912203,0.8077341196664065,0.8077341196663923,0.8077341196664065,0.8077341196664065,0.8077341196664065,0.8077341196664065,0.8077341196664349,0.8077341196664349,0.8077341196664349,0.8077341196664349,0.8077341196664349,0.8077341196664349,0.8077341196664349,0.8077341196664349,0.8077341196664349,0.8077341196664349,0.8077341196664349,0.8077341196664634,0.8077341196664349,0.8077341196664349,0.8077341196664349,0.8077341196664065,0.8077341196664065,0.8077341196664065,0.8185355905195308,0.9833275247616768,1.3979873353971755,1.7443062224892003,2.864323075669546,2.895024958807312,2.39836804761282,2.2857647640822734,2.9612034988465723,2.9667843254524655,2.9552069293183933,0.8077341196664065,0.8077341196664065,0.8077341196664065,0.8077341196664065,0.8077341196664065,0.8077341196663781,0.8077341196664065,0.8077341196664349,0.8077341196664349,0.8077341196664349,2.545727034510236,2.08443133652257,1.8111523223957988,1.4870263800924945,1.17098054093249,1.1710051844702143,0.4932854000659965,0.28959809532865677,0.7902253471073877,0.6962130277169098,0.9736017604077496,0.10188449266569677,-0.01883408953120025,-0.11229914742578373,2.2597147801737663,2.5991579386448223,2.622757146219044,1.3272043533866906,1.192667829214912,1.2031114048267,0.096196722275804,0.0,0.37755133576450817,-0.26461315685392606,-0.8341799039203579,-3.408932890911757,0.8077341196664065,0.8077341196664065,1.1786162013238979,1.216243930213551,1.1770030378888166,0.7013005939562476,0.23124382676716948,0.3037876994889288,0.4215695446354033,1.3651478308775182,0.38052260885496025,0.7704963804539489,0.7223832044524272,1.970983383040391,2.161897274107183,2.3889489759983675,2.7281423950030543,2.9222767131919056,3.0324686380894263,0.8077341196664207,0.8077341196664065,0.8077341196664207,0.8077341196664207,0.8077341196664207,0.8077341196664349,0.8077341196664065,0.8077341196664065,2.003647624630865,2.0248618654879493,0.8077341196664349,2.6671725214192037,2.3556341071298945,3.1659920145913816,3.689750550350439,0.5326477386105211,0.3469905499095063,-0.041632001275729635,0.8077341196664349,0.8077341196664349,0.8077341196664349,0.8077341196664349,0.8077341196664349,0.8077341196664349,0.8077341196664349,0.8077341196664349,0.8077341196664349,0.8077341196664349,0.8077341196664349,0.8077341196664349,0.8077341196664349,0.8077341196664349,0.8077341196664634,0.8077341196664634,0.5207406114440118,0.8077341196664349,0.8077341196664349,0.5692364966921843,0.061770309131247814,0.06585861241228486,0.05753145951115357,-1.4702820570700226,-1.1209192352165758,-1.1287133128867026,1.3219563455277523,1.3716971412266616,1.3551010224681619,2.337470694562839,2.3380833897969637,0.8077341196664349,0.8077341196664349,0.8077341196664349,0.8077341196664349,0.8077341196664349,0.8077341196664349,0.8077341196664349,0.8077341196664349,0.8077341196664349,0.8077341196664349,0.8077341196664349,0.8077341196664349,0.8077341196664349,0.8077341196664349,0.8077341196664349,0.8077341196664349,0.8077341196664349,0.8077341196664349,0.8077341196664349,0.8077341196664349,0.8077341196664349,0.8077341196664349,0.8077341196664349,0.8077341196664349,0.8077341196664349,0.8077341196664349
104,-0.43018278390192677,-0.43018278390192677,-0.43018278390192677,-0.43018278390192677,-0.43018278390192677,-0.43018278390192677,-0.43018278390192677,-0.43018278390192677,-0.43018278390192677,-0.43018278390192677,-0.43018278390192677,-0.43018278390192677,-0.43018278390192677,-0.43018278390192677,-0.43018278390191256,-0.43018278390191256,-0.43018278390190545,-0.430182783901909,-0.430182783901909,-0.43018278390190545,-0.43018278390190545,-0.43018278390190545,-0.43018278390191256,-0.43018278390191345,-0.595497145186016,0.24927896642153158,0.6116097096029449,0.5939401736842562,0.4251003498379191,0.43105051818864126,0.1447215002260478,0.08597857914281093,0.35157487338339877,1.0431217344584809,0.8422403005341366,0.849836309031744,0.854519805343898,-0.430182783901909,-0.430182783901909,-0.43018278390190545,-0.43018278390190545,-0.43018278390190545,-0.43018278390191256,-0.43018278390191256,-0.43018278390191256,-0.43018278390191256,-0.43018278390191256,-0.43018278390191256,-0.43018278390189835,-0.43018278390191256,-0.43018278390191256,-0.43018278390191256,-0.43018278390191256,-0.43018278390191256,-0.43018278390189835,-0.43018278390190545,-0.43018278390189835,-0.43018278390189835,-0.43018278390190545,-0.43018278390189835,-0.43018278390189835,-0.41938131304877935,-0.25458937880664223,0.16007043182884217,0.5063893189208706,1.6264061721012162,1.6571080552389787,1.1604511440444867,1.0478478605139614,1.7232865952782461,1.7288674218841322,1.717290025750053,-0.43018278390190545,-0.43018278390189835,-0.43018278390190545,-0.43018278390190545,-0.43018278390190545,-0.43018278390191256,-0.43018278390190545,-0.43018278390189835,-0.43018278390190545,-0.43018278390190545,-2.1681756987456993,-1.7068800007580478,-1.4336009866312764,-1.109475044327965,-0.7934292051679677,-0.7934538487056955,-0.1157340643014777,0.08795324043586561,-0.4126740113428582,-0.3186616919523857,-0.5960504246432237,-1.46776769238528,-1.5884862745821522,-1.6819513324767286,1.0217978766054259,1.3612410350764925,1.3848402426507143,0.08928744981838221,-0.04524907435341419,-0.03480549874162264,0.28135461348873037,0.3775513357645366,0.0,-0.6421644926184418,-1.2117312396848723,-3.7864842266762633,-0.43018278390190545,-0.43018278390190545,-0.7857935447765669,-0.7481658158869067,-0.787406708211634,-1.2631091521442102,-1.7331659193333024,-1.6606220466115502,-1.5428402014650828,-0.5992619152229679,-0.8573942947133659,-0.46742052311435955,-0.515533699115899,0.006524349864491796,0.1974382409312767,0.42448994282246133,0.7636833618271481,0.9578176800160065,1.0680096049135273,-0.43018278390189835,-0.43018278390190545,-0.43018278390189835,-0.43018278390190545,-0.43018278390190545,-0.43018278390190545,-0.430182783901909,-0.430182783901909,-0.5928537997895944,-0.5716395589325032,-0.43018278390190545,-2.0467302118367314,-2.3582686261260335,-1.5479107186645393,-1.0241521829054818,-0.7052691649578264,-0.8909263536588412,-1.2795489048440771,-0.43018278390190545,-0.43018278390190545,-0.43018278390189835,-0.43018278390189835,-0.43018278390192677,-0.43018278390192677,-0.43018278390192677,-0.43018278390192677,-0.43018278390192677,-0.43018278390192677,-0.43018278390192677,-0.43018278390192677,-0.43018278390192677,-0.43018278390192677,-0.43018278390192677,-0.43018278390192677,-0.7171762921243356,-0.43018278390192677,-0.43018278390192677,-0.6686804068761774,-1.176146594437114,-1.1720582911560768,-1.180385444057194,-2.708198960638356,-2.358836138784909,-2.366630216455036,0.08403944195940483,0.13378023765829994,0.11718411889980018,1.0995537909944915,1.100166486228602,-0.43018278390192677,-0.43018278390192677,-0.43018278390192677,-0.43018278390192677,-0.43018278390192677,-0.43018278390192677,-0.43018278390192677,-0.43018278390192677,-0.43018278390192677,-0.43018278390192677,-0.43018278390192677,-0.43018278390192677,-0.43018278390192677,-0.43018278390192677,-0.43018278390192677,-0.43018278390192677,-0.43018278390192677,-0.43018278390192677,-0.43018278390192677,-0.43018278390192677,-0.43018278390192677,-0.43018278390192677,-0.43018278390192677,-0.43018278390192677,-0.43018278390192677,-0.43018278390192677
105,-1.072347276520361,-1.072347276520361,-1.072347276520361,-1.072347276520361,-1.072347276520361,-1.072347276520361,-1.072347276520361,-1.072347276520361,-1.072347276520361,-1.072347276520361,-1.072347276520361,-1.072347276520361,-1.072347276520361,-1.072347276520361,-1.072347276520361,-1.072347276520361,-1.0723472765203539,-1.0723472765203503,-1.0723472765203503,-1.0723472765203468,-1.0723472765203468,-1.0723472765203503,-1.0723472765203557,-1.0723472765203557,-1.2376616378044591,-0.39288552619690975,-0.030554783015496412,-0.048224318934185106,-0.2170641427805151,-0.21111397442978586,-0.4974429923923793,-0.5561859134756162,-0.29058961923502835,0.4009572418400609,0.20007580791571655,0.207671816413324,0.21235531272547803,-1.0723472765203503,-1.0723472765203539,-1.0723472765203539,-1.072347276520361,-1.072347276520361,-1.072347276520361,-1.072347276520361,-1.072347276520361,-1.072347276520361,-1.072347276520361,-1.072347276520361,-1.0723472765203468,-1.072347276520361,-1.072347276520361,-1.072347276520361,-1.072347276520361,-1.072347276520361,-1.0723472765203468,-1.072347276520361,-1.0723472765203468,-1.0723472765203468,-1.072347276520361,-1.0723472765203539,-1.072347276520361,-1.0615458056672207,-0.8967538714250836,-0.48209406078959915,-0.13577517369757075,0.9842416794827749,1.0149435626205374,0.5182866514260454,0.40568336789552006,1.0811221026598048,1.086702929265691,1.0751255331316116,-1.072347276520361,-1.0723472765203539,-1.072347276520361,-1.072347276520361,-1.072347276520361,-1.072347276520368,-1.072347276520361,-1.0723472765203539,-1.072347276520361,-1.0723472765203468,-2.8103401913641477,-2.3490444933764962,-2.075765479249725,-1.7516395369464135,-1.435593697786416,-1.435618341324144,-0.7578985569199261,-0.5542112521825828,-1.0548385039613066,-0.9608261845708341,-1.238214917261672,-2.1099321850037427,-2.230650767200615,-2.324115825095191,0.37963338398698454,0.7190765424580512,0.7426757500322765,-0.5528770428000591,-0.6874135669718555,-0.676969991360064,-0.3608098791297323,-0.26461315685392606,-0.6421644926184418,0.0,-0.5695667470664305,-3.144319734057822,-1.072347276520361,-1.072347276520361,-1.4279580373950154,-1.390330308505355,-1.4295712008300825,-1.9052736447626586,-2.375330411951751,-2.3027865392299987,-2.1850046940835313,-1.2414264078414163,-1.4995587873318073,-1.1095850157327973,-1.1576981917343367,-0.6356401427539566,-0.4447262516871717,-0.2176745497959871,0.1215188692086997,0.3156531873975581,0.4258451122950788,-1.0723472765203397,-1.0723472765203468,-1.0723472765203432,-1.0723472765203503,-1.0723472765203539,-1.0723472765203539,-1.0723472765203503,-1.0723472765203503,-1.2350182924080428,-1.2138040515509516,-1.0723472765203468,-2.68889470445518,-3.000433118744482,-2.1900752112829878,-1.6663166755239303,-1.3474336575762607,-1.5330908462772754,-1.9217133974625114,-1.0723472765203539,-1.0723472765203468,-1.0723472765203468,-1.0723472765203468,-1.072347276520361,-1.072347276520361,-1.072347276520361,-1.072347276520361,-1.072347276520361,-1.072347276520361,-1.072347276520361,-1.072347276520361,-1.072347276520361,-1.0723472765203468,-1.0723472765203326,-1.0723472765203326,-1.3593407847427699,-1.072347276520361,-1.072347276520361,-1.3108448994946116,-1.8183110870555481,-1.814222783774511,-1.8225499366756281,-3.35036345325679,-3.0010006314033433,-3.00879470907347,-0.5581250506590152,-0.5083842549601059,-0.524980373718634,0.45738929837605724,0.4580019936101678,-1.072347276520361,-1.072347276520361,-1.072347276520361,-1.072347276520361,-1.072347276520361,-1.072347276520361,-1.072347276520361,-1.072347276520361,-1.072347276520361,-1.072347276520361,-1.072347276520361,-1.072347276520361,-1.072347276520361,-1.072347276520361,-1.072347276520361,-1.072347276520361,-1.072347276520361,-1.072347276520361,-1.072347276520361,-1.072347276520361,-1.072347276520361,-1.072347276520361,-1.072347276520361,-1.072347276520361,-1.072347276520361,-1.072347276520361
106,-1.6419140235867644,-1.6419140235867644,-1.6419140235867644,-1.6419140235867644,-1.6419140235867644,-1.6419140235867644,-1.6419140235867644,-1.6419140235867644,-1.6419140235867644,-1.6419140235867644,-1.6419140235867644,-1.6419140235867644,-1.6419140235867644,-1.6419140235867644,-1.6419140235867786,-1.6419140235867786,-1.6419140235867786,-1.6419140235867786,-1.6419140235867822,-1.6419140235867786,-1.6419140235867786,-1.6419140235867786,-1.641914023586784,-1.6419140235867857,-1.8072283848708892,-0.9624522732633416,-0.6001215300819283,-0.6177910660006205,-0.7866308898469541,-0.7806807214962248,-1.0670097394588183,-1.125752660542048,-0.8601563663014602,-0.16860950522637097,-0.3694909391507153,-0.36189493065310785,-0.357211434340968,-1.6419140235867822,-1.6419140235867857,-1.6419140235867857,-1.6419140235867928,-1.6419140235867928,-1.6419140235867928,-1.6419140235867928,-1.6419140235867928,-1.6419140235867928,-1.6419140235867928,-1.6419140235867928,-1.6419140235867786,-1.6419140235867928,-1.6419140235867928,-1.6419140235867928,-1.6419140235867928,-1.6419140235867928,-1.6419140235867786,-1.6419140235867928,-1.6419140235867786,-1.6419140235867786,-1.6419140235867928,-1.6419140235867786,-1.6419140235867928,-1.6311125527336507,-1.4663206184915154,-1.051660807856031,-0.7053419207640026,0.41467493241634656,0.4453768155541056,-0.05128009564038649,-0.16388337917091178,0.511555355593373,0.517136182199259,0.5055587860651798,-1.6419140235867928,-1.6419140235867857,-1.6419140235867928,-1.6419140235867928,-1.6419140235867928,-1.6419140235867928,-1.6419140235867928,-1.6419140235867857,-1.6419140235867857,-1.6419140235867786,-3.3799069384305795,-2.918611240442928,-2.6453322263161567,-2.3212062840128453,-2.005160444852848,-2.0051850883905757,-1.327465303986358,-1.1237779992490147,-1.6244052510277385,-1.530392931637266,-1.807781664328104,-2.6794989320701745,-2.8002175142670467,-2.893682572161623,-0.1899333630794473,0.1495097953916229,0.17310900296584464,-1.122443789866491,-1.2569803140382874,-1.2465367384264994,-0.9303766261961641,-0.8341799039203579,-1.2117312396848723,-0.5695667470664305,0.0,-2.574752986991392,-1.6419140235867928,-1.6419140235867928,-1.9975247844614472,-1.959897055571787,-1.9991379478965143,-2.4748403918290904,-2.9448971590181827,-2.8723532862964305,-2.754571441149963,-1.8109931549078482,-2.069125534398239,-1.6791517627992292,-1.7272649388007686,-1.2052068898203885,-1.0142929987536036,-0.787241296862419,-0.44804787785773215,-0.25391355966887375,-0.14372163477135302,-1.6419140235867715,-1.6419140235867786,-1.6419140235867715,-1.6419140235867786,-1.6419140235867786,-1.6419140235867786,-1.6419140235867822,-1.6419140235867822,-1.8045850394744747,-1.7833707986173835,-1.6419140235867786,-3.2584614515216117,-3.5699998658109138,-2.7596419583494196,-2.235883422590362,-1.9170004046426925,-2.1026575933437073,-2.491280144528943,-1.6419140235867786,-1.6419140235867786,-1.6419140235867786,-1.6419140235867786,-1.6419140235867644,-1.6419140235867644,-1.6419140235867644,-1.6419140235867644,-1.6419140235867644,-1.6419140235867644,-1.6419140235867644,-1.6419140235867644,-1.6419140235867644,-1.6419140235867644,-1.6419140235867644,-1.6419140235867644,-1.9289075318092017,-1.6419140235867644,-1.6419140235867644,-1.880411646561015,-2.3878778341219515,-2.3837895308409145,-2.3921166837420316,-3.9199302003231935,-3.5705673784697467,-3.5783614561398736,-1.1276917977254186,-1.0779510020265093,-1.0945471207850375,-0.11217744869034618,-0.11156475345623562,-1.6419140235867644,-1.6419140235867644,-1.6419140235867644,-1.6419140235867644,-1.6419140235867644,-1.6419140235867644,-1.6419140235867644,-1.6419140235867644,-1.6419140235867644,-1.6419140235867644,-1.6419140235867644,-1.6419140235867644,-1.6419140235867644,-1.6419140235867644,-1.6419140235867644,-1.6419140235867644,-1.6419140235867644,-1.6419140235867644,-1.6419140235867644,-1.6419140235867644,-1.6419140235867644,-1.6419140235867644,-1.6419140235867644,-1.6419140235867644,-1.6419140235867644,-1.6419140235867644
107,-4.216667010578163,-4.216667010578163,-4.216667010578163,-4.216667010578163,-4.216667010578163,-4.216667010578163,-4.216667010578163,-4.216667010578163,-4.216667010578163,-4.216667010578163,-4.216667010578163,-4.216667010578163,-4.216667010578163,-4.216667010578163,-4.216667010578178,-4.216667010578178,-4.216667010578178,-4.2166670105781705,-4.2166670105781705,-4.2166670105781705,-4.2166670105781705,-4.2166670105781705,-4.216667010578178,-4.216667010578174,-4.3819813718622775,-3.53720526025473,-3.174874517073313,-3.192544052991998,-3.3613838768383317,-3.3554337084876025,-3.641762726450196,-3.700505647533433,-3.434909353292845,-2.7433624922177557,-2.944243926142093,-2.9366479176444784,-2.9319644213323386,-4.216667010578178,-4.216667010578178,-4.216667010578178,-4.216667010578178,-4.216667010578178,-4.216667010578178,-4.216667010578178,-4.216667010578178,-4.216667010578178,-4.216667010578178,-4.216667010578178,-4.216667010578163,-4.216667010578178,-4.216667010578178,-4.216667010578178,-4.216667010578178,-4.216667010578178,-4.216667010578163,-4.216667010578178,-4.216667010578163,-4.216667010578163,-4.216667010578178,-4.216667010578163,-4.216667010578163,-4.205865539725039,-4.041073605482904,-3.6264137948474158,-3.280094907755384,-2.160078054575038,-2.129376171437279,-2.6260330826317713,-2.7386363661622966,-2.063197631398012,-2.0576168047921257,-2.069194200926205,-4.216667010578178,-4.216667010578178,-4.216667010578178,-4.216667010578178,-4.216667010578192,-4.216667010578192,-4.2166670105781705,-4.216667010578163,-4.216667010578163,-4.216667010578178,-5.9546599254219785,-5.493364227434327,-5.220085213307556,-4.895959271004244,-4.579913431844247,-4.579938075381975,-3.902218290977757,-3.6985309862404137,-4.199158238019152,-4.105145918628693,-4.382534651319531,-5.254251919061602,-5.374970501258474,-5.4684355591530505,-2.764686350070839,-2.425243191599776,-2.4016439840255615,-3.6971967768578793,-3.8317333010296792,-3.8212897254178912,-3.5051296131875915,-3.4089328909117853,-3.7864842266762633,-3.144319734057822,-2.574752986991392,0.0,-4.216667010578178,-4.216667010578185,-4.572277771452846,-4.534650042563186,-4.573890934887913,-5.049593378820489,-5.519650146009582,-5.4471062732878295,-5.329324428141362,-4.385746141899233,-4.643878521389631,-4.253904749790621,-4.3020179257921605,-3.7799598768117875,-3.5890459857450026,-3.361994283853818,-3.0228008648491596,-2.8286665466603154,-2.7184746217627946,-4.216667010578163,-4.2166670105781705,-4.216667010578163,-4.2166670105781705,-4.2166670105781705,-4.2166670105781705,-4.216667010578178,-4.216667010578178,-4.379338026465874,-4.358123785608782,-4.2166670105781705,-5.833214438513011,-6.144752852802313,-5.334394945340819,-4.810636409581761,-4.4917533916340915,-4.677410580335106,-5.066033131520342,-4.216667010578178,-4.216667010578178,-4.216667010578178,-4.216667010578178,-4.216667010578163,-4.216667010578163,-4.216667010578163,-4.216667010578163,-4.216667010578163,-4.216667010578149,-4.216667010578149,-4.216667010578163,-4.216667010578163,-4.216667010578163,-4.216667010578135,-4.216667010578135,-4.503660518800601,-4.216667010578163,-4.216667010578163,-4.455164633552414,-4.9626308211133505,-4.9585425178323135,-4.966869670733445,-6.494683187314621,-6.145320365461174,-6.153114443131301,-3.702444784716846,-3.6527039890179367,-3.6693001077764364,-2.686930435681745,-2.686317740447606,-4.216667010578163,-4.216667010578163,-4.216667010578163,-4.216667010578163,-4.216667010578178,-4.216667010578192,-4.216667010578163,-4.216667010578163,-4.216667010578163,-4.216667010578163,-4.216667010578163,-4.216667010578163,-4.216667010578163,-4.216667010578163,-4.216667010578163,-4.216667010578163,-4.216667010578163,-4.216667010578163,-4.216667010578163,-4.216667010578163,-4.216667010578163,-4.216667010578163,-4.216667010578163,-4.216667010578163,-4.216667010578163,-4.216667010578163
108,0.0,0.0,0.0,0.0,0.0,0.0,0.0,0.0,0.0,0.0,0.0,0.0,0.0,0.0,0.0,0.0,0.0,-7.105427357601002e-15,-7.105427357601002e-15,0.0,0.0,0.0,0.0,0.0,-0.16531436128410348,0.6794617503234406,1.0417924935048575,1.0241229575861723,0.8552831337398317,0.8612333020905538,0.5749042841279675,0.5161613630447306,0.7817576572853113,1.4733045183603934,1.2724230844360562,1.2800190929336708,1.2847025892458106,3.552713678800501e-15,3.552713678800501e-15,-1.7763568394002505e-15,0.0,0.0,0.0,0.0,3.552713678800501e-15,3.552713678800501e-15,0.0,-7.105427357601002e-15,0.0,0.0,0.0,0.0,0.0,0.0,7.105427357601002e-15,3.552713678800501e-15,1.4210854715202004e-14,1.4210854715202004e-14,-3.552713678800501e-15,3.552713678800501e-15,0.0,0.010801470853131434,0.17559340509527033,0.5902532157307547,0.9365721028227867,2.0565889560031394,2.0872908391409055,1.5906339279464277,1.4780306444159095,2.153469379180166,2.159050205786045,2.1474728096519726,0.0,0.0,-3.552713678800501e-15,-7.105427357601002e-15,-7.105427357601002e-15,-1.0658141036401503e-14,0.0,3.552713678800501e-15,0.0,0.0,-1.737992914843801,-1.2766972168561495,-1.003418202729378,-0.6792922604260667,-0.3632464212660693,-0.3632710648037971,0.31444871960042065,0.518136024337764,0.017508772559040153,0.11152109194952686,-0.1658676407413111,-1.0375849084833817,-1.1583034906802538,-1.2517685485748302,1.4519806605073384,1.7914238189784015,1.8150230265526233,0.5194702337202912,0.38493370954849127,0.39537728516027926,0.7115373973906287,0.8077341196664349,-0.43018278390191256,-1.0723472765203539,-1.6419140235867857,-4.216667010578178,0.0,-3.1086244689504383e-15,-0.3556107608746686,-0.3179830319850083,-0.3572239243097357,-0.8329263682423118,-1.302983135431404,-1.2304392627096519,-1.1126574175631845,-0.16907913132106955,-0.42721151081145337,-0.037237739212443444,-0.08535091521398641,0.43670713376639014,0.6276210248331751,0.8546727267243597,1.1938661457290323,1.3880004639178765,1.4981923888153972,7.105427357601002e-15,0.0,7.105427357601002e-15,0.0,0.0,0.0,-3.552713678800501e-15,-7.105427357601002e-15,-0.16267101588769606,-0.14145677503060483,-7.105427357601002e-15,-1.616547427934833,-1.9280858422241351,-1.117727934762641,-0.5939693990035835,-0.2750863810559139,-0.46074356975692865,-0.8493661209421646,0.0,0.0,0.0,0.0,0.0,0.0,0.0,0.0,0.0,0.0,0.0,0.0,0.0,0.0,0.0,0.0,-0.2869935082224231,0.0,0.0,-0.2384976229742506,-0.7459638105351871,-0.7418755072541501,-0.7502026601552672,-2.278016176736429,-1.9286533548829823,-1.9364474325531091,0.5142222258613458,0.5639630215602551,0.547366902801727,1.5297365748964182,1.5303492701305288,0.0,0.0,0.0,0.0,0.0,0.0,0.0,0.0,0.0,0.0,0.0,0.0,0.0,0.0,0.0,0.0,0.0,0.0,0.0,0.0,0.0,0.0,0.0,0.0,0.0,0.0
109,0.0,0.0,0.0,0.0,0.0,0.0,0.0,0.0,0.0,0.0,0.0,0.0,0.0,0.0,0.0,0.0,0.0,-7.105427357601002e-15,-7.105427357601002e-15,-7.105427357601002e-15,-3.552713678800501e-15,0.0,0.0,0.0,-0.16531436128410348,0.6794617503234406,1.0417924935048575,1.0241229575861723,0.8552831337398317,0.8612333020905538,0.5749042841279675,0.5161613630447306,0.7817576572853113,1.4733045183603934,1.2724230844360562,1.2800190929336708,1.2847025892458106,0.0,0.0,-5.329070518200751e-15,-3.552713678800501e-15,-3.552713678800501e-15,-3.552713678800501e-15,-3.552713678800501e-15,0.0,0.0,0.0,-7.105427357601002e-15,0.0,0.0,0.0,0.0,0.0,0.0,7.105427357601002e-15,0.0,7.105427357601002e-15,7.105427357601002e-15,-3.552713678800501e-15,3.552713678800501e-15,0.0,0.010801470853131434,0.17559340509527033,0.5902532157307547,0.9365721028227867,2.0565889560031394,2.0872908391409055,1.5906339279464277,1.4780306444159095,2.153469379180166,2.159050205786045,2.1474728096519726,-3.552713678800501e-15,-3.552713678800501e-15,-1.0658141036401503e-14,-1.4210854715202004e-14,-1.4210854715202004e-14,-1.7763568394002505e-14,-3.552713678800501e-15,0.0,-3.552713678800501e-15,0.0,-1.737992914843801,-1.2766972168561495,-1.003418202729378,-0.6792922604260667,-0.3632464212660693,-0.3632710648037971,0.31444871960042065,0.518136024337764,0.017508772559040153,0.11152109194949844,-0.16586764074133953,-1.0375849084834101,-1.1583034906802823,-1.2517685485748586,1.4519806605073384,1.7914238189784015,1.8150230265526233,0.5194702337202912,0.38493370954849127,0.39537728516027926,0.7115373973906003,0.8077341196664065,-0.43018278390191256,-1.0723472765203539,-1.6419140235867857,-4.216667010578178,-3.1086244689504383e-15,0.0,-0.3556107608746686,-0.3179830319850083,-0.3572239243097357,-0.8329263682423118,-1.302983135431404,-1.2304392627096519,-1.1126574175631845,-0.16907913132106955,-0.42721151081145337,-0.037237739212443444,-0.08535091521398641,0.43670713376639014,0.6276210248331751,0.8546727267243739,1.1938661457290323,1.3880004639178765,1.4981923888153972,0.0,-7.105427357601002e-15,0.0,-7.105427357601002e-15,-7.105427357601002e-15,-7.105427357601002e-15,-7.105427357601002e-15,-7.105427357601002e-15,-0.16267101588769606,-0.14145677503060483,-7.105427357601002e-15,-1.616547427934833,-1.9280858422241351,-1.117727934762641,-0.5939693990035835,-0.2750863810559139,-0.46074356975692865,-0.8493661209421646,0.0,0.0,0.0,0.0,0.0,0.0,0.0,0.0,0.0,0.0,0.0,0.0,0.0,0.0,0.0,0.0,-0.2869935082224231,0.0,0.0,-0.2384976229742506,-0.7459638105351871,-0.7418755072541501,-0.7502026601552814,-2.278016176736429,-1.9286533548829823,-1.9364474325531091,0.5142222258613174,0.5639630215602267,0.547366902801727,1.5297365748964182,1.530349270130543,0.0,0.0,0.0,0.0,0.0,0.0,0.0,0.0,0.0,0.0,0.0,0.0,0.0,0.0,0.0,0.0,0.0,0.0,0.0,0.0,0.0,0.0,0.0,0.0,0.0,0.0
110,-0.35561076087464016,-0.35561076087464016,-0.35561076087464016,-0.35561076087464016,-0.35561076087464016,-0.35561076087464016,-0.35561076087464016,-0.35561076087464016,-0.35561076087464016,-0.35561076087464016,-0.3556107608746544,-0.3556107608746544,-0.3556107608746544,-0.3556107608746544,-0.3556107608746544,-0.3556107608746544,-0.3556107608746544,-0.3556107608746544,-0.3556107608746544,-0.3556107608746686,-0.3556107608746686,-0.3556107608746686,-0.3556107608746686,-0.3556107608746686,-0.5209251221587579,0.3238509894487862,0.6861817326301889,0.6685121967114895,0.4996723728651489,0.505622541215871,0.21929352325327045,0.16055060217001937,0.4261468964105859,1.1176937574856822,0.9168123235613166,0.9244083320589311,0.9290918283710994,-0.3556107608746828,-0.355610760874697,-0.355610760874697,-0.355610760874697,-0.355610760874697,-0.355610760874697,-0.355610760874697,-0.355610760874697,-0.355610760874697,-0.355610760874697,-0.355610760874697,-0.355610760874697,-0.355610760874697,-0.3556107608746686,-0.3556107608746686,-0.3556107608746686,-0.3556107608746686,-0.35561076087464016,-0.355610760874697,-0.3556107608746828,-0.3556107608746828,-0.355610760874697,-0.355610760874697,-0.355610760874697,-0.34480929002153005,-0.18001735577938405,0.23464245485611457,0.5809613419481394,1.7009781951284992,1.7316800782662654,1.2350231670717875,1.1224198835412693,1.7978586183055256,1.8034394449114046,1.7918620487773325,-0.355610760874697,-0.355610760874697,-0.355610760874697,-0.355610760874697,-0.355610760874697,-0.355610760874697,-0.355610760874697,-0.355610760874697,-0.355610760874697,-0.3556107608746544,1.3823821539691465,0.9210864559814862,0.6478074418547131,0.3236814995514061,0.007635660391403912,0.0076110168536747125,0.6853308012578943,0.889018105995234,0.38839085421650665,0.48240317360698626,0.20501444091614474,-0.6667028268259116,-0.7874214090228051,-0.8808864669173886,1.096369899632677,1.4358130581037472,1.459412265677969,0.16385947284562974,0.02932294867383689,0.03976652428562488,1.0824194790480917,1.1786162013238908,-0.7857935447765811,-1.4279580373950296,-1.9975247844614614,-4.572277771452846,-0.355610760874697,-0.355610760874697,0.0,0.03762772888965138,-0.0016131634350848856,-0.47731560736765744,-0.9473723745567408,-0.8748285018349797,-0.7570466566885052,0.1865316295536097,-0.7828222716861148,-0.3928485000870978,-0.4409616760886337,0.8075892154238566,0.9985031064906487,1.2255548083818368,1.56474822738652,1.758882545575375,1.8690744704728957,-0.3556107608746686,-0.3556107608746828,-0.3556107608746686,-0.3556107608746686,-0.3556107608746686,-0.3556107608746686,-0.3556107608746686,-0.3556107608746686,0.8403027440897812,0.8615169849468689,-0.3556107608746544,1.5038276408781144,1.1922892265888017,2.002647134050296,2.5264056698093498,-0.6306971419305754,-0.8163543306315901,-1.2049768818168332,-0.3556107608746544,-0.3556107608746544,-0.3556107608746544,-0.3556107608746544,-0.3556107608746544,-0.3556107608746544,-0.3556107608746544,-0.3556107608746544,-0.3556107608746544,-0.3556107608746544,-0.3556107608746544,-0.3556107608746544,-0.3556107608746544,-0.3556107608746544,-0.3556107608746544,-0.3556107608746544,-0.6426042690970704,-0.3556107608746544,-0.3556107608746544,-0.594108383848905,-1.1015745714098415,-1.0974862681288045,-1.1058134210299215,-2.6336269376110835,-2.2842641157576224,-2.2920581934277493,0.15861146498667722,0.20835226068558654,0.19175614192707258,1.1741258140217639,1.1747385092558744,-0.3556107608746544,-0.3556107608746544,-0.3556107608746544,-0.35561076087464016,-0.35561076087464016,-0.35561076087464016,-0.3556107608746544,-0.3556107608746544,-0.3556107608746544,-0.3556107608746544,-0.3556107608746544,-0.3556107608746544,-0.3556107608746544,-0.3556107608746544,-0.3556107608746544,-0.3556107608746544,-0.35561076087464016,-0.3556107608746544,-0.3556107608746544,-0.3556107608746544,-0.3556107608746544,-0.3556107608746544,-0.3556107608746544,-0.3556107608746544,-0.3556107608746544,-0.35561076087464016
111,-0.3179830319849941,-0.3179830319849941,-0.3179830319849941,-0.3179830319849941,-0.3179830319849941,-0.3179830319849941,-0.3179830319849941,-0.3179830319849941,-0.3179830319849941,-0.3179830319849941,-0.3179830319849941,-0.3179830319849941,-0.3179830319849941,-0.3179830319849941,-0.3179830319849941,-0.3179830319849941,-0.3179830319849941,-0.3179830319849941,-0.3179830319849941,-0.3179830319850083,-0.3179830319850083,-0.3179830319850083,-0.3179830319850083,-0.3179830319850083,-0.4832973932691118,0.36147871833843226,0.7238094615198349,0.7061399256011356,0.5373001017547949,0.5432502701055171,0.2569212521429165,0.19817833105966542,0.46377462530023195,1.1553214863753283,0.9544400524509626,0.9620360609485772,0.9667195572607454,-0.31798303198502254,-0.31798303198503675,-0.31798303198503675,-0.31798303198503675,-0.31798303198503675,-0.31798303198503675,-0.31798303198503675,-0.31798303198503675,-0.31798303198503675,-0.31798303198503675,-0.31798303198505096,-0.31798303198505096,-0.31798303198505096,-0.31798303198505096,-0.31798303198505096,-0.31798303198505096,-0.31798303198505096,-0.31798303198502254,-0.31798303198503675,-0.31798303198505096,-0.31798303198505096,-0.31798303198505096,-0.31798303198505096,-0.31798303198505096,-0.3071815611318698,-0.14238962688972379,0.27227018374577483,0.6185890708377997,1.7386059240181595,1.7693078071559256,1.2726508959614478,1.1600476124309296,1.8354863471951859,1.8410671738010649,1.8294897776669927,-0.31798303198503675,-0.31798303198503675,-0.31798303198503675,-0.31798303198503675,-0.31798303198502254,-0.31798303198502254,-0.31798303198503675,-0.31798303198503675,-0.31798303198503675,-0.3179830319849941,1.4200098828588033,0.9587141848711411,0.6854351707443644,0.3613092284410575,0.04526338928105522,0.04523874574332787,0.7229585301475474,0.9266458348848872,0.4260185831061598,0.5200309024966394,0.2426421698057979,-0.6290750979362585,-0.749793680133152,-0.8432587380277354,1.1339976285223372,1.4734407869934074,1.4970399945676292,0.2014872017352758,0.06695067756348294,0.07739425317527093,1.1200472079377377,1.2162439302135368,-0.7481658158869209,-1.3903303085053693,-1.9598970555718012,-4.534650042563186,-0.31798303198503675,-0.31798303198503675,0.03762772888965138,0.0,-0.03924089232473582,-0.514943336257307,-0.9850001034463904,-0.9124562307246293,-0.7946743855781548,0.1489039006639601,-0.7451945427964546,-0.35522077119743756,-0.4033339471989734,0.8452169443135062,1.0361308353802983,1.2631825372714864,1.6023759562761697,1.7965102744650245,1.9067021993625453,-0.3179830319850083,-0.31798303198502254,-0.3179830319850083,-0.3179830319850083,-0.3179830319850083,-0.3179830319850083,-0.3179830319850083,-0.3179830319850083,0.8779304729794326,0.8991447138365167,-0.3179830319849941,1.541455369767771,1.2299169554784584,2.0402748629399525,2.564033398699003,-0.5930694130409151,-0.7787266017419299,-1.167349152927173,-0.3179830319849941,-0.3179830319849941,-0.3179830319849941,-0.3179830319849941,-0.3179830319849941,-0.3179830319849941,-0.3179830319849941,-0.3179830319849941,-0.3179830319849941,-0.3179830319849941,-0.3179830319849941,-0.3179830319849941,-0.3179830319849941,-0.3179830319849941,-0.3179830319849941,-0.3179830319849941,-0.6049765402074101,-0.3179830319849941,-0.3179830319849941,-0.5564806549592447,-1.0639468425201812,-1.0598585392391584,-1.0681856921402755,-2.5959992087214374,-2.2466363868679764,-2.2544304645381033,0.19623919387632327,0.2459799895752326,0.22938387081673284,1.2117535429114241,1.2123662381455347,-0.3179830319849941,-0.3179830319849941,-0.3179830319849941,-0.3179830319849941,-0.3179830319849941,-0.3179830319849941,-0.3179830319849941,-0.3179830319849941,-0.3179830319849941,-0.3179830319849941,-0.3179830319849941,-0.3179830319849941,-0.3179830319849941,-0.3179830319849941,-0.3179830319849941,-0.3179830319849941,-0.3179830319849941,-0.3179830319849941,-0.3179830319849941,-0.3179830319849941,-0.3179830319849941,-0.3179830319849941,-0.3179830319849941,-0.3179830319849941,-0.3179830319849941,-0.3179830319849941
112,-0.3572239243097215,-0.3572239243097215,-0.3572239243097215,-0.3572239243097215,-0.3572239243097215,-0.3572239243097215,-0.3572239243097215,-0.3572239243097215,-0.3572239243097215,-0.3572239243097215,-0.3572239243097357,-0.3572239243097357,-0.3572239243097357,-0.3572239243097357,-0.3572239243097357,-0.3572239243097357,-0.3572239243097357,-0.3572239243097357,-0.3572239243097357,-0.3572239243097499,-0.3572239243097499,-0.3572239243097499,-0.3572239243097499,-0.3572239243097499,-0.5225382855938392,0.3222378260137049,0.6845685691951076,0.6668990332764082,0.49805920943006754,0.5040093777807897,0.21768035981818912,0.15893743873493804,0.42453373297550456,1.116080594050601,0.9151991601262353,0.9227951686238498,0.927478664936018,-0.35722392430976413,-0.35722392430977834,-0.35722392430977834,-0.35722392430977834,-0.35722392430977834,-0.35722392430977834,-0.35722392430977834,-0.35722392430977834,-0.35722392430977834,-0.35722392430977834,-0.35722392430977834,-0.35722392430977834,-0.35722392430977834,-0.3572239243097499,-0.3572239243097499,-0.3572239243097499,-0.3572239243097499,-0.3572239243097215,-0.35722392430976413,-0.3572239243097499,-0.3572239243097499,-0.35722392430977834,-0.35722392430977834,-0.35722392430977834,-0.3464224534566114,-0.18163051921446538,0.23302929142103324,0.5793481785130581,1.699365031693418,1.730066914831184,1.233410003636692,1.1208067201061453,1.7962454548704443,1.8018262814763233,1.7902488853422511,-0.35722392430977834,-0.35722392430977834,-0.35722392430977834,-0.35722392430977834,-0.35722392430977834,-0.35722392430977834,-0.35722392430977834,-0.35722392430977834,-0.35722392430977834,-0.3572239243097357,1.3807689905340652,0.9194732925464031,0.6461942784196317,0.32206833611632213,0.006022496956318513,0.005997853418591603,0.6837176378228129,0.8874049425601527,0.38677769078142177,0.48079001017190137,0.20340127748105985,-0.668315990260993,-0.7890345724578864,-0.8824996303524699,1.0947567361975956,1.4341998946686658,1.4577991022428876,0.1622463094105484,0.027709785238755558,0.03815336085054355,1.0808063156130103,1.1770030378888094,-0.7874067082116625,-1.429571200830111,-1.9991379478965428,-4.5738909348879275,-0.35722392430977834,-0.35722392430977834,-0.0016131634350848856,-0.03924089232473582,0.0,-0.47570244393257255,-0.945759211121656,-0.8732153383998948,-0.7554334932534239,0.18814479298869102,-0.7844354351211962,-0.39446166352217915,-0.442574839523715,0.8059760519887753,0.9968899430555673,1.2239416449467555,1.5631350639514388,1.7572693821402936,1.8674613070378143,-0.3572239243097499,-0.35722392430976413,-0.3572239243097499,-0.3572239243097499,-0.3572239243097499,-0.3572239243097499,-0.3572239243097499,-0.3572239243097499,0.8386895806546981,0.8599038215117858,-0.3572239243097357,1.502214477443033,1.1906760631537239,2.001033970615218,2.5247925063742684,-0.6323103053656567,-0.8179674940666715,-1.2065900452519145,-0.3572239243097357,-0.3572239243097357,-0.3572239243097357,-0.3572239243097357,-0.3572239243097357,-0.3572239243097357,-0.3572239243097357,-0.3572239243097357,-0.3572239243097357,-0.3572239243097357,-0.3572239243097357,-0.3572239243097357,-0.3572239243097357,-0.3572239243097357,-0.3572239243097357,-0.3572239243097357,-0.6442174325321517,-0.3572239243097357,-0.3572239243097357,-0.5957215472839863,-1.1031877348449228,-1.0990994315638858,-1.1074265844650029,-2.635240101046165,-2.285877279192704,-2.2936713568628306,0.1569983015515959,0.2067390972505052,0.19014297849199124,1.1725126505866825,1.173125345820793,-0.3572239243097357,-0.3572239243097357,-0.3572239243097357,-0.3572239243097215,-0.3572239243097215,-0.3572239243097215,-0.3572239243097357,-0.3572239243097357,-0.3572239243097357,-0.3572239243097357,-0.3572239243097357,-0.3572239243097357,-0.3572239243097357,-0.3572239243097357,-0.3572239243097357,-0.3572239243097357,-0.3572239243097215,-0.3572239243097357,-0.3572239243097357,-0.3572239243097357,-0.3572239243097357,-0.3572239243097357,-0.3572239243097357,-0.3572239243097357,-0.3572239243097357,-0.3572239243097215
113,-0.8329263682423118,-0.8329263682423118,-0.8329263682423118,-0.8329263682423118,-0.8329263682423118,-0.8329263682423118,-0.8329263682423118,-0.8329263682423118,-0.8329263682423118,-0.8329263682423118,-0.8329263682423118,-0.8329263682423118,-0.8329263682423118,-0.8329263682423118,-0.8329263682422976,-0.8329263682422976,-0.8329263682422976,-0.8329263682422976,-0.8329263682422976,-0.8329263682423118,-0.8329263682423118,-0.8329263682423118,-0.8329263682423118,-0.8329263682423118,-0.9982407295264153,-0.15346461791887123,0.20886612526253145,0.1911965893438321,0.022356765497491438,0.028306933848199378,-0.2580220841144012,-0.31676500519765227,-0.05116871095708575,0.6403781501180106,0.43949671619364494,0.4470927246912595,0.45177622100342774,-0.832926368242326,-0.8329263682423402,-0.8329263682423402,-0.8329263682423402,-0.8329263682423402,-0.8329263682423402,-0.8329263682423402,-0.8329263682423402,-0.8329263682423402,-0.8329263682423402,-0.8329263682423402,-0.8329263682423402,-0.8329263682423402,-0.8329263682423402,-0.8329263682423402,-0.8329263682423402,-0.8329263682423402,-0.8329263682423118,-0.8329263682423402,-0.8329263682423402,-0.8329263682423402,-0.8329263682423544,-0.8329263682423402,-0.8329263682423402,-0.8221248973891733,-0.6573329631470415,-0.24267315251154287,0.10364573458048199,1.2236625877608418,1.2543644708985937,0.7577075597041016,0.645104276173555,1.320543010937854,1.3261238375437472,1.314546441409675,-0.8329263682423402,-0.8329263682423402,-0.8329263682423402,-0.8329263682423402,-0.8329263682423402,-0.8329263682423687,-0.8329263682423402,-0.8329263682423402,-0.8329263682423687,-0.8329263682422976,0.9050665466014962,0.4437708486138341,0.17049183448705918,-0.15363410781624864,-0.4696799469762514,-0.46970459051398095,0.20801519389024037,0.4117024986275801,-0.08892475315114723,0.005087566239332375,-0.2723011664515056,-1.1440184341935549,-1.2647370163904483,-1.3582020742850318,0.6190542922650195,0.9584974507360897,0.9820966583103115,-0.3134561345220277,-0.44799265869382054,-0.43754908308203255,0.6051038716804413,0.7013005939562404,-1.2631091521442244,-1.9052736447626728,-2.4748403918291046,-5.049593378820504,-0.8329263682423402,-0.8329263682423402,-0.47731560736765566,-0.514943336257307,-0.47570244393257255,0.0,-0.47005676718908296,-0.3975128944673223,-0.2797310493208496,0.6638472369212636,-1.260137879053758,-0.870164107454741,-0.9182772834562769,0.33027360805620276,0.5211874991229948,0.748239201014183,1.0874326200188662,1.2815669382077175,1.3917588631052382,-0.8329263682423118,-0.832926368242326,-0.8329263682423118,-0.8329263682423118,-0.8329263682423118,-0.8329263682423118,-0.832926368242326,-0.832926368242326,0.36298713672212557,0.38420137757921324,-0.8329263682422976,1.026512033510464,0.7149736192211549,1.525331526682649,2.0490900624416994,-1.1080127492982186,-1.2936699379992334,-1.6822924891844764,-0.8329263682422976,-0.8329263682422976,-0.8329263682422976,-0.8329263682422976,-0.8329263682423118,-0.8329263682423118,-0.8329263682423118,-0.8329263682423118,-0.8329263682423118,-0.8329263682423118,-0.8329263682423118,-0.8329263682423118,-0.8329263682423118,-0.8329263682423118,-0.8329263682423118,-0.8329263682423118,-1.1199198764647136,-0.8329263682423118,-0.8329263682423118,-1.0714239912165624,-1.578890178777499,-1.574801875496462,-1.583129028397579,-3.110942544978741,-2.76157972312528,-2.7693738007954067,-0.3187041423809802,-0.2689633466820709,-0.28555946544058486,0.6968102066541064,0.697422901888217,-0.8329263682423118,-0.8329263682423118,-0.8329263682423118,-0.8329263682423118,-0.8329263682423118,-0.8329263682423118,-0.8329263682423118,-0.8329263682423118,-0.8329263682423118,-0.8329263682423118,-0.8329263682423118,-0.8329263682423118,-0.8329263682423118,-0.8329263682423118,-0.8329263682423118,-0.8329263682423118,-0.8329263682423118,-0.8329263682423118,-0.8329263682423118,-0.8329263682423118,-0.8329263682423118,-0.8329263682423118,-0.8329263682423118,-0.8329263682423118,-0.8329263682423118,-0.8329263682423118
114,-1.3029831354313899,-1.3029831354313899,-1.3029831354313899,-1.3029831354313899,-1.3029831354313899,-1.3029831354313899,-1.3029831354313899,-1.3029831354313899,-1.3029831354313899,-1.3029831354313899,-1.3029831354313899,-1.3029831354313899,-1.3029831354313899,-1.3029831354313899,-1.3029831354313899,-1.3029831354313899,-1.3029831354313899,-1.3029831354313899,-1.3029831354313899,-1.302983135431404,-1.302983135431404,-1.302983135431404,-1.302983135431404,-1.302983135431404,-1.4682974967155076,-0.6235213851079635,-0.26119064192656083,-0.2788601778452602,-0.4477000016915724,-0.4417498333408503,-0.7280788513034508,-0.7868217723867019,-0.5212254781461354,0.17032138292896093,-0.03056005099540471,-0.02296404249779016,-0.018280546185621915,-1.3029831354314183,-1.3029831354314325,-1.3029831354314325,-1.3029831354314325,-1.3029831354314325,-1.3029831354314325,-1.3029831354314325,-1.3029831354314467,-1.3029831354314467,-1.3029831354314467,-1.3029831354314467,-1.3029831354314467,-1.3029831354314467,-1.3029831354314183,-1.3029831354314183,-1.3029831354314183,-1.3029831354314183,-1.3029831354313899,-1.3029831354314467,-1.3029831354314467,-1.3029831354314467,-1.3029831354314467,-1.3029831354314467,-1.3029831354314467,-1.2921816645782656,-1.1273897303361196,-0.7127299197006209,-0.3664110326085961,0.7536058205717495,0.7843077037095156,0.28765079251502357,0.17504750898447696,0.8504862437487759,0.8560670703546691,0.844489674220597,-1.3029831354314325,-1.3029831354314325,-1.3029831354314325,-1.3029831354314325,-1.3029831354314183,-1.3029831354314467,-1.3029831354314325,-1.3029831354314325,-1.3029831354314467,-1.3029831354313899,0.43500977941241104,-0.02628591857525464,-0.299564932702026,-0.6236908750053338,-0.9397367141653366,-0.9397613577030661,-0.2620415732988448,-0.058354268561508604,-0.5589815203402395,-0.4649692009497599,-0.7423579336405979,-1.6140752013826472,-1.7347937835795406,-1.828258841474124,0.14899752507594144,0.48844068354701164,0.5120398911212476,-0.78351290171112,-0.9180494258829128,-0.9076058502711248,0.13504710449134905,0.23124382676714816,-1.7331659193333167,-2.375330411951765,-2.944897159018197,-5.519650146009582,-1.3029831354314325,-1.3029831354314325,-0.9473723745567408,-0.9850001034463922,-0.945759211121656,-0.47005676718908296,0.0,0.0725438727217611,0.19032571786823382,1.1339040041103488,-1.7301946462428504,-1.3402208746438333,-1.3883340506453692,-0.13978315913288597,0.0511307319339096,0.2781824338250942,0.617375852829781,0.8115101710186323,0.921702095916153,-1.302983135431404,-1.3029831354314183,-1.302983135431404,-1.302983135431404,-1.302983135431404,-1.302983135431404,-1.302983135431404,-1.302983135431404,-0.10706963046695606,-0.08585538960986838,-1.3029831354313899,0.5564552663213789,0.2449168520320697,1.0552747594935639,1.5790332952526143,-1.5780695164873109,-1.7637267051883256,-2.1523492563735687,-1.3029831354313899,-1.3029831354313899,-1.3029831354313899,-1.3029831354313899,-1.3029831354313899,-1.3029831354313899,-1.3029831354313899,-1.3029831354313899,-1.3029831354313899,-1.3029831354313899,-1.3029831354313899,-1.3029831354313899,-1.3029831354313899,-1.3029831354313899,-1.3029831354313899,-1.3029831354313899,-1.5899766436538059,-1.3029831354313899,-1.3029831354313899,-1.5414807584056405,-2.048946945966577,-2.04485864268554,-2.053185795586657,-3.580999312167819,-3.231636490314358,-3.239430567984485,-0.7887609095700583,-0.739020113871149,-0.7556162326296629,0.22675343946502835,0.2273661346991389,-1.3029831354313899,-1.3029831354313899,-1.3029831354313899,-1.3029831354313899,-1.3029831354313899,-1.3029831354313899,-1.3029831354313899,-1.3029831354313899,-1.3029831354313899,-1.3029831354313899,-1.3029831354313899,-1.3029831354313899,-1.3029831354313899,-1.3029831354313899,-1.3029831354313899,-1.3029831354313899,-1.3029831354313899,-1.3029831354313899,-1.3029831354313899,-1.3029831354313899,-1.3029831354313899,-1.3029831354313899,-1.3029831354313899,-1.3029831354313899,-1.3029831354313899,-1.3029831354313899
115,-1.230439262709666,-1.230439262709666,-1.230439262709666,-1.230439262709666,-1.2304392627096519,-1.2304392627096377,-1.2304392627096377,-1.2304392627096377,-1.2304392627096377,-1.2304392627096377,-1.2304392627096377,-1.2304392627096377,-1.2304392627096377,-1.2304392627096377,-1.2304392627096234,-1.2304392627096234,-1.2304392627096234,-1.2304392627096234,-1.2304392627096234,-1.2304392627096377,-1.2304392627096377,-1.2304392627096377,-1.2304392627096377,-1.2304392627096377,-1.3957536239937411,-0.5509775123861971,-0.18864676920478018,-0.20631630512346533,-0.3751561289697918,-0.36920596061906963,-0.6555349785816702,-0.7142778996649213,-0.44868160542435476,0.24286525565074157,0.041983821726375936,0.049579830223990484,0.05426332653615873,-1.2304392627096519,-1.230439262709666,-1.230439262709666,-1.230439262709666,-1.230439262709666,-1.230439262709666,-1.2304392627096377,-1.2304392627096377,-1.2304392627096377,-1.2304392627096377,-1.2304392627096377,-1.2304392627096377,-1.2304392627096377,-1.2304392627096377,-1.2304392627096377,-1.2304392627096377,-1.2304392627096377,-1.2304392627096092,-1.2304392627096377,-1.2304392627096377,-1.2304392627096377,-1.230439262709666,-1.230439262709666,-1.230439262709666,-1.2196377918564991,-1.0548458576143673,-0.6401860469788687,-0.29386715988684387,0.8261496932935017,0.8568515764312679,0.3601946652367758,0.24759138170622919,0.9230301164705281,0.9286109430764213,0.9170335469423492,-1.230439262709666,-1.230439262709666,-1.230439262709666,-1.230439262709666,-1.230439262709666,-1.2304392627096945,-1.230439262709666,-1.2304392627096377,-1.2304392627096377,-1.2304392627096234,0.5075536521341775,0.04625795414651179,-0.22702105998026667,-0.5511470022835745,-0.8671928414435754,-0.8672174849813068,-0.1894977005770926,0.014189604160243618,-0.4864376476184873,-0.3924253282280077,-0.6698140609188457,-1.541531328660895,-1.6622499108577884,-1.7557149687523719,0.22154139779769366,0.5609845562687781,0.5845837638429998,-0.7109690289893535,-0.8455055531611606,-0.8350619775493726,0.20759097721310127,0.3037876994889004,-1.6606220466115502,-2.3027865392299987,-2.8723532862964305,-5.4471062732878295,-1.230439262709666,-1.230439262709666,-0.8748285018349797,-0.9124562307246293,-0.8732153383998948,-0.3975128944673223,0.0725438727217611,0.0,0.11778184514647227,1.0613601313885859,-1.657650773521084,-1.267677001922067,-1.3157901779236028,-0.06723928641112309,0.12367460465567603,0.35072630654686066,0.6899197255515475,0.8840540437403988,0.9942459686379195,-1.2304392627096377,-1.2304392627096519,-1.2304392627096377,-1.2304392627096377,-1.2304392627096377,-1.2304392627096377,-1.2304392627096519,-1.2304392627096519,-0.03452575774520028,-0.01331151688811616,-1.2304392627096234,0.6289991390431453,0.31746072475383613,1.1278186322153303,1.6515771679743807,-1.5055256437655444,-1.6911828324665592,-2.079805383651795,-1.2304392627096234,-1.2304392627096234,-1.2304392627096234,-1.2304392627096234,-1.2304392627096377,-1.2304392627096377,-1.2304392627096377,-1.2304392627096377,-1.2304392627096377,-1.2304392627096377,-1.2304392627096377,-1.2304392627096377,-1.2304392627096377,-1.2304392627096377,-1.2304392627096377,-1.2304392627096377,-1.5174327709320394,-1.2304392627096377,-1.2304392627096377,-1.4689368856838882,-1.9764030732448248,-1.9723147699637877,-1.9806419228649048,-3.5084554394460667,-3.1590926175926057,-3.1668866952627326,-0.7162170368483061,-0.6664762411493967,-0.6830723599079107,0.2992973121867806,0.29991000742089113,-1.2304392627096377,-1.2304392627096377,-1.2304392627096377,-1.2304392627096377,-1.2304392627096377,-1.2304392627096377,-1.2304392627096377,-1.2304392627096377,-1.2304392627096377,-1.2304392627096377,-1.2304392627096377,-1.2304392627096377,-1.2304392627096377,-1.2304392627096377,-1.2304392627096377,-1.2304392627096377,-1.2304392627096377,-1.2304392627096377,-1.2304392627096377,-1.2304392627096377,-1.2304392627096377,-1.2304392627096377,-1.2304392627096377,-1.2304392627096377,-1.2304392627096377,-1.230439262709666
116,-1.112657417563156,-1.112657417563156,-1.112657417563156,-1.112657417563156,-1.112657417563156,-1.112657417563156,-1.112657417563156,-1.112657417563156,-1.112657417563156,-1.112657417563156,-1.112657417563156,-1.112657417563156,-1.112657417563156,-1.112657417563156,-1.112657417563156,-1.112657417563156,-1.112657417563156,-1.112657417563156,-1.112657417563156,-1.1126574175631703,-1.1126574175631703,-1.1126574175631703,-1.1126574175631703,-1.1126574175631703,-1.2779717788472738,-0.4331956672397297,-0.070864924058327,-0.08853445997701215,-0.2573742838233386,-0.25142411547261645,-0.537753133435217,-0.5964960545184681,-0.3308997602779016,0.36064710079719475,0.15976566687282912,0.16736167537044366,0.1720451716826119,-1.1126574175631845,-1.1126574175631987,-1.1126574175631987,-1.1126574175631987,-1.1126574175631987,-1.1126574175631845,-1.112657417563156,-1.112657417563156,-1.112657417563156,-1.112657417563156,-1.112657417563156,-1.112657417563156,-1.112657417563156,-1.1126574175631276,-1.1126574175631276,-1.1126574175631276,-1.1126574175631276,-1.1126574175630992,-1.112657417563156,-1.112657417563156,-1.112657417563156,-1.112657417563213,-1.112657417563213,-1.112657417563213,-1.1018559467100317,-0.9370640124678857,-0.5224042018323871,-0.17608531474036226,0.9439315384399833,0.9746334215777495,0.4779765103832574,0.3653732268527108,1.0408119616170097,1.046392788222903,1.0348153920888308,-1.112657417563213,-1.112657417563213,-1.112657417563213,-1.112657417563213,-1.112657417563213,-1.1126574175632413,-1.112657417563213,-1.1126574175631845,-1.1126574175631845,-1.112657417563156,0.6253354972806449,0.16403979929297918,-0.10923921483379218,-0.4333651571371,-0.749410996297101,-0.7494356398348323,-0.07171585543061809,0.1319714493067181,-0.3686558024720128,-0.2746434830815332,-0.5520322157723712,-1.4237494835144204,-1.544468065711314,-1.6379331236058974,0.33932324294417526,0.6787664014152597,0.7023656089894814,-0.593187183842872,-0.7277237080146506,-0.7172801324028626,0.32537282235957576,0.4215695446353749,-1.5428402014650828,-2.1850046940835313,-2.754571441149963,-5.329324428141348,-1.1126574175631987,-1.112657417563213,-0.7570466566885052,-0.7946743855781548,-0.7554334932534204,-0.2797310493208496,0.19032571786823382,0.11778184514647227,0.0,0.9435782862421149,-1.5398689283746165,-1.1498951567755995,-1.1980083327771354,0.050542558735351406,0.24145644980214342,0.46850815169332805,0.8077015706980148,1.0018358888868661,1.1120278137843869,-1.1126574175631703,-1.1126574175631845,-1.1126574175631703,-1.1126574175631703,-1.1126574175631703,-1.1126574175631703,-1.1126574175631703,-1.1126574175631703,0.08325608740127421,0.10447032825835834,-1.112657417563156,0.7467809841896127,0.4352425699003035,1.2456004773617977,1.769359013120848,-1.387743798619077,-1.573400987320099,-1.9620235385053348,-1.112657417563156,-1.112657417563156,-1.112657417563156,-1.112657417563156,-1.112657417563156,-1.112657417563156,-1.112657417563156,-1.112657417563156,-1.112657417563156,-1.112657417563156,-1.112657417563156,-1.112657417563156,-1.112657417563156,-1.112657417563156,-1.112657417563156,-1.112657417563156,-1.399650925785572,-1.112657417563156,-1.112657417563156,-1.3511550405374066,-1.8586212280983432,-1.8545329248173061,-1.8628600777184232,-3.390673594299585,-3.0413107724461383,-3.049104850116265,-0.5984351917018245,-0.5486943960029294,-0.5652905147614291,0.4170791573332622,0.41769185256737273,-1.112657417563156,-1.112657417563156,-1.112657417563156,-1.112657417563156,-1.112657417563156,-1.112657417563156,-1.112657417563156,-1.112657417563156,-1.112657417563156,-1.112657417563156,-1.112657417563156,-1.112657417563156,-1.112657417563156,-1.112657417563156,-1.112657417563156,-1.112657417563156,-1.112657417563156,-1.112657417563156,-1.112657417563156,-1.112657417563156,-1.112657417563156,-1.112657417563156,-1.112657417563156,-1.112657417563156,-1.112657417563156,-1.112657417563156
117,-0.16907913132104113,-0.16907913132104113,-0.16907913132104113,-0.16907913132104113,-0.16907913132104113,-0.16907913132104113,-0.16907913132104113,-0.16907913132104113,-0.16907913132104113,-0.16907913132104113,-0.16907913132104113,-0.16907913132104113,-0.16907913132104113,-0.16907913132104113,-0.16907913132104113,-0.16907913132104113,-0.16907913132104113,-0.16907913132104113,-0.16907913132104113,-0.16907913132105534,-0.16907913132105534,-0.16907913132105534,-0.16907913132105534,-0.16907913132105534,-0.3343934926051446,0.5103826190023995,0.8727133621838163,0.8550438262651312,0.6862040024188047,0.6921541707695269,0.4058251528069263,0.34708223172367525,0.6126785259642418,1.304225387039338,1.1033439531149725,1.110939961612587,1.1156234579247553,-0.16907913132106955,-0.16907913132108376,-0.16907913132108376,-0.16907913132108376,-0.16907913132106955,-0.16907913132106955,-0.16907913132104113,-0.16907913132104113,-0.16907913132104113,-0.16907913132104113,-0.16907913132104113,-0.16907913132104113,-0.16907913132104113,-0.16907913132104113,-0.16907913132104113,-0.16907913132104113,-0.16907913132104113,-0.1690791313210127,-0.16907913132104113,-0.16907913132104113,-0.16907913132104113,-0.16907913132106955,-0.16907913132106955,-0.16907913132106955,-0.1582776604679168,0.006514273774214985,0.4211740844096994,0.7674929715017242,1.8875098246820698,1.918211707819836,1.421554796625344,1.3089515130947973,1.9843902478590962,1.9899710744649894,1.9783936783309173,-0.16907913132106955,-0.16907913132106955,-0.16907913132106955,-0.16907913132106955,-0.16907913132106955,-0.16907913132109798,-0.16907913132106955,-0.16907913132104113,-0.16907913132104113,-0.16907913132104113,1.5689137835227527,1.107618085535087,0.8343390714083156,0.5102131291050114,0.19416728994500687,0.19414264640727907,0.8718624308114968,1.0755497355488401,0.5749224837701092,0.6689348031605888,0.3915460704697509,-0.4801711972722984,-0.6008897794691919,-0.6943548373637753,1.2829015291862902,1.6223446876573462,1.645943895231568,0.350391102399243,0.21585457822746434,0.22629815383925234,1.2689511086016978,1.365147830877504,-0.5992619152229679,-1.2414264078414163,-1.8109931549078482,-4.385746141899261,-0.16907913132109798,-0.16907913132109798,0.18653162955360258,0.14890390066395298,0.18814479298869102,0.6638472369212636,1.133904004110347,1.0613601313885859,0.9435782862421149,0.0,-0.5962906421325016,-0.20631687053348458,-0.25443004653502044,0.9941208449774592,1.1850347360442584,1.412086437935443,1.7512798569401298,1.945414175128981,2.055606100026502,-0.16907913132105534,-0.16907913132106955,-0.16907913132105534,-0.16907913132105534,-0.16907913132105534,-0.16907913132105534,-0.16907913132106955,-0.16907913132106955,1.026834373643382,1.0480486145004662,-0.16907913132104113,1.6903592704317205,1.3788208561424113,2.1891787636039055,2.712937299362956,-0.444165512376955,-0.6298227010779698,-1.0184452522632057,-0.16907913132104113,-0.16907913132104113,-0.16907913132104113,-0.16907913132104113,-0.16907913132104113,-0.16907913132104113,-0.16907913132104113,-0.16907913132104113,-0.16907913132104113,-0.16907913132104113,-0.16907913132104113,-0.16907913132104113,-0.16907913132104113,-0.16907913132104113,-0.16907913132104113,-0.16907913132104113,-0.4560726395434642,-0.16907913132104113,-0.16907913132104113,-0.4075767542952917,-0.9150429418562283,-0.9109546385751912,-0.9192817914763083,-2.44709530805747,-2.0977324862040234,-2.1055265638741503,0.3451430945403047,0.394883890239214,0.3782877714806858,1.360657443575377,1.3612701388094877,-0.16907913132104113,-0.16907913132104113,-0.16907913132104113,-0.16907913132104113,-0.16907913132104113,-0.16907913132104113,-0.16907913132104113,-0.16907913132104113,-0.16907913132104113,-0.16907913132104113,-0.16907913132104113,-0.16907913132104113,-0.16907913132104113,-0.16907913132104113,-0.16907913132104113,-0.16907913132104113,-0.16907913132104113,-0.16907913132104113,-0.16907913132104113,-0.16907913132104113,-0.16907913132104113,-0.16907913132104113,-0.16907913132104113,-0.16907913132104113,-0.16907913132104113,-0.16907913132104113
118,-0.42721151081144626,-0.42721151081144626,-0.42721151081144626,-0.42721151081144626,-0.42721151081144626,-0.42721151081144626,-0.42721151081144626,-0.42721151081144626,-0.42721151081144626,-0.42721151081144626,-0.42721151081144626,-0.42721151081144626,-0.42721151081144626,-0.42721151081144626,-0.42721151081144626,-0.42721151081144626,-0.42721151081144626,-0.4272115108114498,-0.4272115108114498,-0.42721151081144626,-0.42721151081144626,-0.42721151081144626,-0.42721151081145337,-0.42721151081145337,-0.5925258720955551,0.25225023951199077,0.6145809826934041,0.5969114467747154,0.4280716229283854,0.43402179127911467,0.1476927733165212,0.08894985223329144,0.3545461464738793,1.0460930075489614,0.8452115736246171,0.8528075821222245,0.8574910784343786,-0.4272115108114498,-0.4272115108114498,-0.42721151081144626,-0.42721151081145337,-0.42721151081145337,-0.42721151081146047,-0.42721151081146047,-0.42721151081146047,-0.42721151081146047,-0.42721151081146047,-0.42721151081146047,-0.42721151081144626,-0.42721151081146047,-0.42721151081146047,-0.42721151081146047,-0.42721151081146047,-0.42721151081146047,-0.42721151081144626,-0.42721151081146047,-0.42721151081144626,-0.42721151081144626,-0.42721151081145337,-0.42721151081144626,-0.42721151081144626,-0.4164100399583184,-0.2516181057161795,0.16304170491930492,0.5093605920113333,1.6293774451916825,1.660079328329445,1.163422417134953,1.0508191336044277,1.7262578683687124,1.7318386949745985,1.7202612988405193,-0.42721151081145337,-0.42721151081144626,-0.42721151081145337,-0.42721151081145337,-0.42721151081145337,-0.42721151081146047,-0.42721151081145337,-0.42721151081144626,-0.42721151081145337,-0.42721151081144626,-2.165204425655247,-1.7039087276675957,-1.4306297135408244,-1.106503771237513,-0.7904579320775156,-0.7904825756152434,-0.11276279121102561,0.0909245135263177,-0.4097027382524061,-0.3156904188619336,-0.5930791515527716,-1.464796419294828,-1.5855150014917,-1.6789800593862765,1.0247691496958886,1.3642123081669553,1.387811515741177,0.0922587229088414,-0.042277801262954995,-0.03183422565116345,0.28432588657918245,0.3805226088549887,-0.8573942947133659,-1.4995587873318073,-2.069125534398239,-4.643878521389631,-0.42721151081145337,-0.42721151081145337,-0.7828222716861148,-0.7451945427964546,-0.784435435121182,-1.260137879053758,-1.7301946462428504,-1.6576507735210981,-1.5398689283746307,-0.5962906421325158,0.0,0.3899737715990086,0.34186059559746873,0.009495622954943883,0.2004095140217288,0.4274612159129134,0.7666546349176002,0.9607889531064586,1.0709808780039793,-0.42721151081143915,-0.42721151081144626,-0.42721151081143915,-0.42721151081144626,-0.42721151081144626,-0.42721151081144626,-0.4272115108114498,-0.4272115108114498,-0.5898825266991423,-0.5686682858420511,-0.42721151081144626,-2.0437589387462793,-2.3552973530355814,-1.5449394455740872,-1.0211809098150297,-0.7022978918673601,-0.8879550805683749,-1.2765776317536108,-0.42721151081144626,-0.42721151081144626,-0.42721151081144626,-0.42721151081144626,-0.42721151081144626,-0.42721151081144626,-0.42721151081144626,-0.42721151081144626,-0.42721151081144626,-0.42721151081144626,-0.42721151081144626,-0.42721151081144626,-0.42721151081144626,-0.42721151081144626,-0.42721151081144626,-0.42721151081144626,-0.7142050190338693,-0.42721151081144626,-0.42721151081144626,-0.6657091337856968,-1.1731753213466334,-1.1690870180655963,-1.1774141709667134,-2.7052276875478753,-2.3558648656944285,-2.3636589433645554,0.08701071504989955,0.13675151074880887,0.12015539199028069,1.102525064084972,1.1031377593190825,-0.42721151081144626,-0.42721151081144626,-0.42721151081144626,-0.42721151081144626,-0.42721151081144626,-0.42721151081144626,-0.42721151081144626,-0.42721151081144626,-0.42721151081144626,-0.42721151081144626,-0.42721151081144626,-0.42721151081144626,-0.42721151081144626,-0.42721151081144626,-0.42721151081144626,-0.42721151081144626,-0.42721151081144626,-0.42721151081144626,-0.42721151081144626,-0.42721151081144626,-0.42721151081144626,-0.42721151081144626,-0.42721151081144626,-0.42721151081144626,-0.42721151081144626,-0.42721151081144626
119,-0.037237739212457655,-0.037237739212457655,-0.037237739212457655,-0.037237739212457655,-0.037237739212457655,-0.037237739212457655,-0.037237739212457655,-0.037237739212457655,-0.037237739212457655,-0.037237739212457655,-0.037237739212457655,-0.037237739212457655,-0.037237739212457655,-0.037237739212457655,-0.037237739212457655,-0.037237739212457655,-0.03723773921245055,-0.037237739212446996,-0.037237739212446996,-0.037237739212443444,-0.037237739212443444,-0.03723773921243989,-0.037237739212446996,-0.03723773921244522,-0.20255210049654693,0.6422240111110007,1.004554754292414,0.9868852183737289,0.8180453945273953,0.8239955628781246,0.5376665449155311,0.47892362383229425,0.7445199180728821,1.4360667791479642,1.23518534522362,1.2427813537212273,1.2474648500333672,-0.037237739212446996,-0.03723773921245055,-0.03723773921245055,-0.037237739212457655,-0.037237739212457655,-0.037237739212457655,-0.037237739212457655,-0.037237739212457655,-0.037237739212457655,-0.037237739212457655,-0.037237739212457655,-0.037237739212443444,-0.037237739212457655,-0.037237739212457655,-0.037237739212457655,-0.037237739212457655,-0.037237739212457655,-0.037237739212443444,-0.037237739212457655,-0.037237739212443444,-0.037237739212443444,-0.037237739212457655,-0.037237739212443444,-0.03723773921242923,-0.026436268359310233,0.13835566588282688,0.5530154765183113,0.8993343636103397,2.019351216790689,2.050053099928448,1.5533961887339558,1.4407929052034305,2.1162316399677152,2.1218124665736013,2.110235070439522,-0.037237739212457655,-0.03723773921245055,-0.037237739212457655,-0.037237739212457655,-0.037237739212457655,-0.037237739212457655,-0.037237739212457655,-0.03723773921245055,-0.037237739212457655,-0.037237739212443444,-1.7752306540562444,-1.313934956068593,-1.0406559419418215,-0.7165299996385102,-0.40048416047851276,-0.40050880401624056,0.2772109803879772,0.4808982851253205,-0.01972896665340329,0.07428335273706921,-0.20310537995376876,-1.074822647695811,-1.195541229892683,-1.2890062877872595,1.414742921294895,1.754186079765958,1.7777852873401798,0.48223249450785133,0.3476959703360514,0.3581395459478429,0.6742996581781711,0.7704963804539773,-0.46742052311435955,-1.1095850157328009,-1.6791517627992327,-4.253904749790625,-0.037237739212457655,-0.037237739212457655,-0.39284850008711203,-0.35522077119745177,-0.39446166352217915,-0.8701641074547553,-1.3402208746438475,-1.2676770019220953,-1.149895156775628,-0.206316870533513,0.3899737715990086,0.0,-0.04811317600153975,0.3994693945539467,0.5903832856207316,0.8174349875119162,1.156628406516603,1.3507627247054614,1.4609546496029822,-0.03723773921243634,-0.037237739212443444,-0.03723773921243634,-0.037237739212443444,-0.037237739212443444,-0.037237739212443444,-0.037237739212446996,-0.037237739212446996,-0.1999087551001395,-0.17869451424304827,-0.037237739212443444,-1.6537851671472765,-1.9653235814365786,-1.1549656739750844,-0.6312071382160269,-0.3123241202683573,-0.4979813089693721,-0.886603860154608,-0.037237739212457655,-0.037237739212457655,-0.037237739212457655,-0.037237739212457655,-0.037237739212457655,-0.037237739212457655,-0.037237739212457655,-0.037237739212457655,-0.037237739212457655,-0.037237739212457655,-0.037237739212457655,-0.037237739212457655,-0.037237739212457655,-0.037237739212457655,-0.037237739212457655,-0.037237739212457655,-0.32423124743486653,-0.037237739212457655,-0.037237739212457655,-0.27573536218670824,-0.7832015497476448,-0.7791132464666077,-0.7874403993677248,-2.3152539159488867,-1.96589109409544,-1.9736851717655668,0.47698448664888815,0.5267252823477975,0.5101291635892693,1.4924988356839606,1.4931115309180711,-0.037237739212457655,-0.037237739212457655,-0.037237739212457655,-0.037237739212457655,-0.037237739212457655,-0.037237739212457655,-0.037237739212457655,-0.037237739212457655,-0.037237739212457655,-0.037237739212457655,-0.037237739212457655,-0.037237739212457655,-0.037237739212457655,-0.037237739212457655,-0.037237739212457655,-0.037237739212457655,-0.037237739212457655,-0.037237739212457655,-0.037237739212457655,-0.037237739212457655,-0.037237739212457655,-0.037237739212457655,-0.037237739212457655,-0.037237739212457655,-0.037237739212457655,-0.037237739212457655
120,-0.0853509152139793,-0.0853509152139793,-0.0853509152139793,-0.0853509152139793,-0.0853509152139793,-0.0853509152139793,-0.0853509152139793,-0.0853509152139793,-0.0853509152139793,-0.0853509152139793,-0.0853509152139793,-0.0853509152139793,-0.0853509152139793,-0.0853509152139793,-0.0853509152139651,-0.0853509152139651,-0.0853509152139651,-0.0853509152139722,-0.08535091521397575,-0.0853509152139722,-0.0853509152139722,-0.08535091521397575,-0.08535091521398286,-0.08535091521398463,-0.25066527649808634,0.5941108351094613,0.9564415782908746,0.9387720423721859,0.7699322185258524,0.7758823868765816,0.48955336891398815,0.4308104478307513,0.6964067420713391,1.3879536031464283,1.187072169222084,1.1946681777196915,1.1993516740318313,-0.08535091521397575,-0.0853509152139793,-0.0853509152139793,-0.08535091521398641,-0.08535091521398641,-0.08535091521399352,-0.08535091521399352,-0.08535091521399352,-0.08535091521399352,-0.08535091521399352,-0.08535091521399352,-0.0853509152139793,-0.08535091521399352,-0.08535091521399352,-0.08535091521399352,-0.08535091521399352,-0.08535091521399352,-0.0853509152139793,-0.08535091521399352,-0.0853509152139793,-0.0853509152139793,-0.08535091521398641,-0.0853509152139793,-0.0853509152139793,-0.07454944436084787,0.09024248988129102,0.5049023005167754,0.8512211876088038,1.971238040789153,2.001939923926912,1.50528301273242,1.3926797292018946,2.0681184639661794,2.0736992905720655,2.062121894437986,-0.08535091521398641,-0.0853509152139793,-0.08535091521398641,-0.08535091521398641,-0.08535091521398641,-0.08535091521399352,-0.08535091521398641,-0.0853509152139793,-0.08535091521398641,-0.0853509152139651,-1.823343830057766,-1.3620481320701145,-1.0887691179433432,-0.7646431756400318,-0.4485973364800344,-0.4486219800177622,0.22909780438645555,0.43278510912379886,-0.06784214265492494,0.026170176735547557,-0.2512185559552904,-1.1229358236973326,-1.2436544058942047,-1.337119463788781,1.3666297452933591,1.7060729037644293,1.729672111338644,0.4341193185063119,0.2995827943345155,0.31002636994630706,0.6261864821766494,0.7223832044524556,-0.515533699115899,-1.1576981917343403,-1.7272649388007721,-4.302017925792164,-0.08535091521398641,-0.08535091521398641,-0.4409616760886337,-0.4033339471989734,-0.4425748395237008,-0.9182772834562769,-1.3883340506453692,-1.315790177923617,-1.1980083327771496,-0.25443004653504886,0.34186059559746873,-0.04811317600153975,0.0,0.35135621855242505,0.54227010961921,0.7693218115103946,1.1085152305150814,1.3026495487039398,1.4128414736014605,-0.0853509152139651,-0.0853509152139722,-0.0853509152139651,-0.0853509152139722,-0.0853509152139722,-0.0853509152139722,-0.08535091521397575,-0.08535091521397575,-0.24802193110166115,-0.22680769024456993,-0.0853509152139722,-1.7018983431487982,-2.0134367574381002,-1.203078849976606,-0.6793203142175486,-0.36043729626987897,-0.5460944849708937,-0.9347170361561297,-0.0853509152139651,-0.0853509152139651,-0.0853509152139651,-0.0853509152139651,-0.0853509152139793,-0.0853509152139793,-0.0853509152139793,-0.0853509152139793,-0.0853509152139793,-0.0853509152139793,-0.0853509152139793,-0.0853509152139793,-0.0853509152139793,-0.0853509152139793,-0.08535091521395088,-0.08535091521395088,-0.3723444234363882,-0.0853509152139793,-0.0853509152139793,-0.3238485381882299,-0.8313147257491664,-0.8272264224681294,-0.8355535753692465,-2.3633670919504084,-2.0140042700969616,-2.0217983477670884,0.4288713106473665,0.4786121063462758,0.46201598758774765,1.444385659682439,1.4449983549165495,-0.0853509152139793,-0.0853509152139793,-0.0853509152139793,-0.0853509152139793,-0.0853509152139793,-0.0853509152139793,-0.0853509152139793,-0.0853509152139793,-0.0853509152139793,-0.0853509152139793,-0.0853509152139793,-0.0853509152139793,-0.0853509152139793,-0.0853509152139793,-0.0853509152139793,-0.0853509152139793,-0.0853509152139793,-0.0853509152139793,-0.0853509152139793,-0.0853509152139793,-0.0853509152139793,-0.0853509152139793,-0.0853509152139793,-0.0853509152139793,-0.0853509152139793,-0.0853509152139793
121,0.43670713376639014,0.43670713376639014,0.43670713376639014,0.43670713376639014,0.43670713376639014,0.43670713376639014,0.43670713376639014,0.43670713376639014,0.43670713376639014,0.43670713376639014,0.43670713376639014,0.43670713376639014,0.43670713376639014,0.43670713376639014,0.43670713376640435,0.43670713376640435,0.43670713376640435,0.43670713376640435,0.43670713376640435,0.43670713376639014,0.43670713376639014,0.43670713376639014,0.43670713376639014,0.43670713376639014,0.27139277248228666,1.1161688840898307,1.4784996272712334,1.460830091352534,1.2919902675062076,1.2979404358569298,1.0116114178943292,0.9528684968110781,1.2184647910516446,1.910011652126741,1.7091302182023753,1.7167262266999899,1.721409723012158,0.43670713376637593,0.4367071337663617,0.4367071337663617,0.4367071337663617,0.4367071337663617,0.4367071337663617,0.4367071337663617,0.4367071337663617,0.4367071337663617,0.4367071337663617,0.4367071337663617,0.4367071337663617,0.4367071337663617,0.43670713376639014,0.43670713376639014,0.43670713376639014,0.43670713376639014,0.43670713376641856,0.4367071337663617,0.4367071337663617,0.4367071337663617,0.4367071337663475,0.4367071337663617,0.4367071337663617,0.4475086046195287,0.6123005388616605,1.026960349497159,1.373279236589184,2.4932960897695438,2.5239979729072957,2.0273410617128036,1.914737778182257,2.590176512946556,2.595757339552449,2.584179943418377,0.4367071337663617,0.4367071337663617,0.4367071337663617,0.4367071337663617,0.4367071337663617,0.4367071337663333,0.4367071337663617,0.4367071337663617,0.4367071337663333,0.43670713376640435,2.174700048610198,1.713404350622536,1.4401253364957611,1.1159993941924533,0.7999535550324524,0.799978198570181,1.4776979829743997,1.6813852877117377,1.1807580359330068,1.2747703553234864,0.9973816226326448,0.12566435489058847,0.004945772693695005,-0.08851928520088848,1.8886877942737215,2.2281309527447917,2.2517301603190134,0.9561773674866743,0.8216408433148814,0.8320844189266694,1.8747866607645918,1.970983383040391,0.0065243498644775855,-0.6356401427539708,-1.2052068898204027,-3.7799598768118017,0.4367071337663617,0.4367071337663617,0.8075892154238566,0.8452169443135062,0.8059760519887682,0.33027360805619566,-0.13978315913288597,-0.06723928641112664,0.0505425587353443,0.9941208449774592,0.009495622954943883,0.3994693945539609,0.35135621855242505,0.0,0.1909138910667929,0.4179655929579784,0.7571590119626617,0.951293330151513,1.0614852550490337,0.43670713376639014,0.43670713376637593,0.43670713376639014,0.43670713376639014,0.43670713376639014,0.43670713376639014,0.43670713376637593,0.43670713376637593,1.6326206387308275,1.6538348795879152,0.43670713376640435,2.296145535519166,1.9846071212298568,2.794965028691351,3.3187235644504014,0.16162075271048337,-0.024036435990531402,-0.4126589871757744,0.43670713376640435,0.43670713376640435,0.43670713376640435,0.43670713376640435,0.43670713376639014,0.43670713376639014,0.43670713376639014,0.43670713376639014,0.43670713376639014,0.43670713376639014,0.43670713376639014,0.43670713376639014,0.43670713376639014,0.43670713376639014,0.43670713376639014,0.43670713376639014,0.14971362554398837,0.43670713376639014,0.43670713376639014,0.19820951079213955,-0.309256676768797,-0.30516837348775994,-0.313495526388877,-1.841309042970039,-1.491946221116578,-1.4997402987867048,0.9509293596277217,1.000670155326631,0.9840740365681171,1.9664437086628084,1.967056403896919,0.43670713376639014,0.43670713376639014,0.43670713376639014,0.43670713376639014,0.43670713376639014,0.43670713376639014,0.43670713376639014,0.43670713376639014,0.43670713376639014,0.43670713376639014,0.43670713376639014,0.43670713376639014,0.43670713376639014,0.43670713376639014,0.43670713376639014,0.43670713376639014,0.43670713376639014,0.43670713376639014,0.43670713376639014,0.43670713376639014,0.43670713376639014,0.43670713376639014,0.43670713376639014,0.43670713376639014,0.43670713376639014,0.43670713376639014
122,0.6276210248331893,0.6276210248331893,0.6276210248331893,0.6276210248331893,0.6276210248331893,0.6276210248331893,0.6276210248331893,0.6276210248331893,0.6276210248331893,0.6276210248331893,0.6276210248331893,0.6276210248331893,0.6276210248331893,0.6276210248331893,0.6276210248331893,0.6276210248331893,0.6276210248331893,0.6276210248331893,0.6276210248331893,0.6276210248331751,0.6276210248331751,0.6276210248331751,0.6276210248331751,0.6276210248331751,0.4623066635490858,1.3070827751566299,1.6694135183380325,1.6517439824193332,1.4829041585730067,1.4888543269237289,1.2025253089611283,1.1437823878778772,1.4093786821184437,2.10092554319354,1.9000441092691744,1.907640117766789,1.9123236140789572,0.6276210248331608,0.6276210248331466,0.6276210248331466,0.6276210248331466,0.6276210248331466,0.6276210248331324,0.6276210248331608,0.6276210248331608,0.6276210248331608,0.6276210248331608,0.6276210248331608,0.6276210248331608,0.6276210248331608,0.6276210248331608,0.6276210248331608,0.6276210248331608,0.6276210248331608,0.6276210248331893,0.6276210248331608,0.6276210248331608,0.6276210248331608,0.6276210248331608,0.6276210248331608,0.6276210248331608,0.6384224956863136,0.8032144299284454,1.217874240563944,1.5641931276559689,2.6842099808363287,2.714911863974095,2.2182549527796027,2.105651669249056,2.781090404013355,2.7866712306192483,2.775093834485176,0.6276210248331466,0.6276210248331466,0.6276210248331608,0.6276210248331608,0.6276210248331608,0.6276210248331324,0.6276210248331466,0.6276210248331608,0.6276210248331608,0.6276210248331893,2.3656139396769973,1.9043182416893316,1.6310392275625567,1.3069132852592489,0.9908674460992479,0.9908920896369757,1.668611874041197,1.8722991787785368,1.371671926999806,1.4656842463902855,1.188295513699451,0.3165782459574018,0.19585966376050834,0.10239460586592486,2.0796016853405064,2.4190448438115766,2.4426440513857983,1.1470912585534734,1.0125547343816663,1.0229983099934543,2.065700551831398,2.161897274107197,0.1974382409312625,-0.44472625168718594,-1.0142929987536178,-3.5890459857450168,0.6276210248331466,0.6276210248331466,0.9985031064906522,1.0361308353803018,0.9968899430555638,0.5211874991229912,0.0511307319339096,0.12367460465567603,0.24145644980215053,1.1850347360442655,0.2004095140217288,0.5903832856207458,0.54227010961921,0.1909138910667929,0.0,0.2270517018911864,0.5662451208958705,0.7603794390847236,0.8705713639822452,0.6276210248331751,0.6276210248331608,0.6276210248331751,0.6276210248331751,0.6276210248331751,0.6276210248331751,0.6276210248331608,0.6276210248331608,1.823534529797623,1.8447487706547072,0.6276210248331893,2.487059426585965,2.175521012296656,2.98587891975815,3.5096374555172005,0.3525346437772683,0.1668774550762535,-0.22174509610898951,0.6276210248331893,0.6276210248331893,0.6276210248331893,0.6276210248331893,0.6276210248331893,0.6276210248331893,0.6276210248331893,0.6276210248331893,0.6276210248331893,0.6276210248331893,0.6276210248331893,0.6276210248331893,0.6276210248331893,0.6276210248331893,0.6276210248331893,0.6276210248331893,0.3406275166107733,0.6276210248331893,0.6276210248331893,0.3891234018589387,-0.11834278570199785,-0.11425448242096081,-0.12258163532207789,-1.6503951519032398,-1.3010323300497788,-1.3088264077199057,1.1418432506945209,1.1915840463934302,1.1749879276349162,2.1573575997296075,2.157970294963718,0.6276210248331893,0.6276210248331893,0.6276210248331893,0.6276210248331893,0.6276210248331893,0.6276210248331893,0.6276210248331893,0.6276210248331893,0.6276210248331893,0.6276210248331893,0.6276210248331893,0.6276210248331893,0.6276210248331893,0.6276210248331893,0.6276210248331893,0.6276210248331893,0.6276210248331893,0.6276210248331893,0.6276210248331893,0.6276210248331893,0.6276210248331893,0.6276210248331893,0.6276210248331893,0.6276210248331893,0.6276210248331893,0.6276210248331893
123,0.8546727267243739,0.8546727267243739,0.8546727267243739,0.8546727267243739,0.8546727267243739,0.8546727267243739,0.8546727267243739,0.8546727267243739,0.8546727267243739,0.8546727267243739,0.8546727267243739,0.8546727267243739,0.8546727267243739,0.8546727267243739,0.8546727267243739,0.8546727267243739,0.8546727267243739,0.8546727267243739,0.8546727267243739,0.8546727267243597,0.8546727267243597,0.8546727267243597,0.8546727267243597,0.8546727267243597,0.6893583654402704,1.5341344770478145,1.8964652202292314,1.8787956843105462,1.7099558604642198,1.715906028814942,1.4295770108523413,1.3708340897690903,1.6364303840096568,2.327977245084753,2.1270958111603875,2.134691819658002,2.1393753159701703,0.8546727267243455,0.8546727267243313,0.8546727267243313,0.8546727267243313,0.8546727267243313,0.854672726724317,0.8546727267243455,0.8546727267243455,0.8546727267243455,0.8546727267243455,0.8546727267243455,0.8546727267243455,0.8546727267243455,0.8546727267243739,0.8546727267243739,0.8546727267243739,0.8546727267243739,0.8546727267244023,0.8546727267243455,0.8546727267243455,0.8546727267243455,0.8546727267243455,0.8546727267243455,0.8546727267243455,0.8654741975774982,1.03026613181963,1.4449259424551286,1.7912448295471535,2.9112616827275133,2.9419635658652794,2.4453066546707873,2.3327033711402407,3.0081421059045397,3.013722932510433,3.0021455363763607,0.8546727267243455,0.8546727267243455,0.8546727267243455,0.8546727267243455,0.8546727267243455,0.854672726724317,0.8546727267243455,0.8546727267243739,0.8546727267243739,0.8546727267243739,2.592665641568175,2.131369943580509,1.8580909294537342,1.53396498715043,1.217919147990429,1.2179437915281586,1.895663575932378,2.099350880669718,1.598723628890994,1.6927359482814737,1.4153472155906357,0.5436299478485864,0.42291136565169296,0.3294463077571095,2.306653387231691,2.646096545702761,2.669695753276983,1.374142960444658,1.2396064362728794,1.2500500118846674,2.2927522537225826,2.3889489759983817,0.4244899428224471,-0.21767454979600132,-0.7872412968624332,-3.361994283853818,0.8546727267243313,0.854672726724317,1.2255548083818333,1.2631825372714829,1.2239416449467448,0.7482392010141723,0.2781824338250871,0.35072630654685355,0.46850815169332805,1.412086437935443,0.4274612159129134,0.8174349875119304,0.7693218115103946,0.4179655929579784,0.2270517018911864,0.0,0.3391934190046837,0.5333277371935368,0.643519662091057,0.8546727267243597,0.8546727267243455,0.8546727267243597,0.8546727267243597,0.8546727267243597,0.8546727267243597,0.8546727267243455,0.8546727267243455,2.050586231688804,2.0718004725458883,0.8546727267243739,2.7141111284771426,2.4025727141878335,3.2129306216493276,3.736689157408378,0.5795863456684529,0.393929156967431,0.005306605782195106,0.8546727267243739,0.8546727267243739,0.8546727267243739,0.8546727267243739,0.8546727267243739,0.8546727267243739,0.8546727267243739,0.8546727267243739,0.8546727267243739,0.8546727267243739,0.8546727267243739,0.8546727267243739,0.8546727267243739,0.8546727267243739,0.8546727267243739,0.8546727267243739,0.5676792185019579,0.8546727267243739,0.8546727267243739,0.6161751037501233,0.10870891618918677,0.11279721947022381,0.10447006656910673,-1.4233434500120552,-1.0739806281586084,-1.0817747058287353,1.3688949525857197,1.418635748284629,1.4020396295261008,2.384409301620792,2.3850219968549027,0.8546727267243739,0.8546727267243739,0.8546727267243739,0.8546727267243739,0.8546727267243739,0.8546727267243739,0.8546727267243739,0.8546727267243739,0.8546727267243739,0.8546727267243739,0.8546727267243739,0.8546727267243739,0.8546727267243739,0.8546727267243739,0.8546727267243739,0.8546727267243739,0.8546727267243739,0.8546727267243739,0.8546727267243739,0.8546727267243739,0.8546727267243739,0.8546727267243739,0.8546727267243739,0.8546727267243739,0.8546727267243739,0.8546727267243739
124,1.1938661457290607,1.1938661457290607,1.1938661457290607,1.1938661457290607,1.1938661457290607,1.1938661457290607,1.1938661457290607,1.1938661457290607,1.1938661457290607,1.1938661457290607,1.1938661457290607,1.1938661457290607,1.1938661457290607,1.1938661457290607,1.1938661457290607,1.1938661457290607,1.1938661457290607,1.1938661457290607,1.1938661457290607,1.1938661457290465,1.1938661457290465,1.1938661457290465,1.1938661457290465,1.1938661457290465,1.028551784444943,1.873327896052487,2.2356586392338897,2.2179891033152046,2.049149279468878,2.0550994478196003,1.7687704298569997,1.7100275087737487,1.9756238030143152,2.6671706640894115,2.466289230165046,2.4738852386626604,2.4785687349748287,1.1938661457290323,1.193866145729018,1.193866145729018,1.193866145729018,1.1938661457290038,1.1938661457290038,1.1938661457290323,1.1938661457290323,1.1938661457290323,1.1938661457290323,1.1938661457290323,1.1938661457290323,1.1938661457290323,1.1938661457290607,1.1938661457290607,1.1938661457290607,1.1938661457290607,1.1938661457290891,1.1938661457290323,1.1938661457290323,1.1938661457290323,1.1938661457290038,1.1938661457290038,1.1938661457290038,1.204667616582185,1.369459550824331,1.7841193614598296,2.1304382485518403,3.2504551017322,3.281156984869966,2.784500073675474,2.6718967901449275,3.3473355249092265,3.3529163515151197,3.3413389553810475,1.1938661457290038,1.1938661457290038,1.1938661457290038,1.1938661457290038,1.1938661457290038,1.1938661457289754,1.1938661457290038,1.1938661457290323,1.1938661457290323,1.1938661457290607,2.9318590605728545,2.470563362585189,2.1972843484584175,1.8731584061551132,1.5571125669951122,1.5571372105328436,2.234856994937065,2.4385442996744047,1.9379170478956809,2.0319293672861605,1.7545406345953225,0.8828233668532732,0.7621047846563798,0.6686397267617963,2.6458468062364204,2.9852899647074764,3.008889172281698,1.7133363794493448,1.5787998552775662,1.5892434308893542,2.6319456727272694,2.7281423950030685,0.7636833618271339,0.12151886920868549,-0.44804787785774636,-3.022800864849131,1.1938661457290323,1.1938661457290323,1.5647482273865165,1.6023759562761661,1.563135063951428,1.087432620018859,0.617375852829781,0.6899197255515404,0.8077015706980148,1.7512798569401298,0.7666546349176002,1.1566284065166172,1.1085152305150814,0.7571590119626634,0.5662451208958705,0.3391934190046837,0.0,0.19413431818885285,0.304326243086374,1.1938661457290465,1.1938661457290323,1.1938661457290465,1.1938661457290465,1.1938661457290465,1.1938661457290465,1.1938661457290465,1.1938661457290465,2.389779650693484,2.410993891550568,1.1938661457290607,3.0533045474818223,2.741766133192513,3.5521240406540073,4.075882576413058,0.9187797646731468,0.733122575972132,0.3445000247868961,1.1938661457290536,1.1938661457290465,1.1938661457290465,1.1938661457290465,1.1938661457290607,1.1938661457290607,1.1938661457290607,1.1938661457290607,1.1938661457290607,1.1938661457290607,1.1938661457290607,1.1938661457290607,1.1938661457290607,1.1938661457290607,1.1938661457290323,1.1938661457290323,0.9068726375066376,1.1938661457290607,1.1938661457290607,0.9553685227548101,0.44790233519387357,0.4519906384749106,0.44366348557379354,-1.0841500310073684,-0.7347872091539216,-0.7425812868240484,1.7080883715904065,1.7578291672893158,1.7412330485307876,2.723602720625479,2.7242154158595895,1.1938661457290607,1.1938661457290607,1.1938661457290607,1.1938661457290607,1.1938661457290607,1.1938661457290607,1.1938661457290607,1.1938661457290607,1.1938661457290607,1.1938661457290607,1.1938661457290607,1.1938661457290607,1.1938661457290607,1.1938661457290607,1.1938661457290607,1.1938661457290607,1.1938661457290607,1.1938661457290607,1.1938661457290607,1.1938661457290607,1.1938661457290607,1.1938661457290607,1.1938661457290607,1.1938661457290607,1.1938661457290607,1.1938661457290607
125,1.3880004639179049,1.3880004639179049,1.3880004639179049,1.3880004639179049,1.3880004639179049,1.3880004639179049,1.3880004639179049,1.3880004639179049,1.3880004639179049,1.3880004639179049,1.3880004639179049,1.3880004639179049,1.3880004639179049,1.3880004639179049,1.3880004639179049,1.3880004639179049,1.3880004639179049,1.3880004639179049,1.3880004639179049,1.3880004639178907,1.3880004639178907,1.3880004639178907,1.3880004639178907,1.3880004639178907,1.2226861026337872,2.0674622142413313,2.429792957422734,2.412123421504049,2.2432835976577223,2.2492337660084445,1.962904748045844,1.9041618269625928,2.1697581212031594,2.8613049822782557,2.66042354835389,2.6680195568515046,2.672703053163673,1.3880004639178765,1.3880004639178622,1.3880004639178622,1.3880004639178622,1.388000463917848,1.388000463917848,1.3880004639178765,1.3880004639178765,1.3880004639178765,1.3880004639178765,1.3880004639178765,1.3880004639178765,1.3880004639178765,1.3880004639179049,1.3880004639179049,1.3880004639179049,1.3880004639179049,1.3880004639179333,1.3880004639178765,1.3880004639178765,1.3880004639178765,1.388000463917848,1.388000463917848,1.388000463917848,1.3988019347710292,1.5635938690131752,1.9782536796486738,2.3245725667406987,3.4445894199210443,3.4752913030588104,2.9786343918643183,2.8660311083337717,3.5414698430980707,3.547050669703964,3.5354732735698917,1.388000463917848,1.388000463917848,1.388000463917848,1.388000463917848,1.388000463917848,1.3880004639178196,1.388000463917848,1.3880004639178765,1.3880004639178765,1.3880004639179049,3.125993378761706,2.66469768077404,2.3914186666472688,2.0672927243439645,1.7512468851839635,1.751271528721695,2.428991313125916,2.6326786178632595,2.132051366084532,2.2260636854750118,1.9486749527841738,1.0769576850421245,0.9562391028452311,0.8627740449506476,2.8399811244252646,3.1794242828963206,3.2030234904705424,1.907470697638189,1.7729341734664104,1.7833777490781983,2.8260799909161207,2.92227671319192,0.9578176800159781,0.3156531873975297,-0.25391355966890217,-2.828666546660287,1.3880004639178765,1.3880004639178765,1.7588825455753678,1.7965102744650174,1.7572693821402794,1.2815669382077104,0.8115101710186323,0.8840540437403916,1.0018358888868661,1.945414175128981,0.9607889531064444,1.3507627247054614,1.3026495487039256,0.9512933301515147,0.7603794390847227,0.5333277371935368,0.19413431818885285,0.0,0.11019192489752094,1.3880004639178907,1.3880004639178765,1.3880004639178907,1.3880004639178907,1.3880004639178907,1.3880004639178907,1.3880004639178907,1.3880004639178907,2.583913968882335,2.6051282097394193,1.3880004639179049,3.2474388656706736,2.9359004513813645,3.7462583588428586,4.270016894601909,1.112914082861991,0.9272568941609762,0.5386343429757403,1.3880004639179049,1.3880004639179049,1.3880004639179049,1.3880004639179049,1.3880004639179049,1.3880004639179049,1.3880004639179049,1.3880004639179049,1.3880004639179049,1.3880004639179049,1.3880004639179049,1.3880004639179049,1.3880004639179049,1.3880004639179049,1.3880004639178765,1.3880004639178765,1.1010069556954818,1.3880004639179049,1.3880004639179049,1.1495028409436543,0.6420366533827178,0.6461249566637548,0.6377978037626377,-0.8900157128185242,-0.5406528909650774,-0.5484469686352043,1.9022226897792507,1.95196348547816,1.9353673667196318,2.917737038814323,2.9183497340484337,1.3880004639179049,1.3880004639179049,1.3880004639179049,1.3880004639179049,1.3880004639179049,1.3880004639179049,1.3880004639179049,1.3880004639179049,1.3880004639179049,1.3880004639179049,1.3880004639179049,1.3880004639179049,1.3880004639179049,1.3880004639179049,1.3880004639179049,1.3880004639179049,1.3880004639179049,1.3880004639179049,1.3880004639179049,1.3880004639179049,1.3880004639179049,1.3880004639179049,1.3880004639179049,1.3880004639179049,1.3880004639179049,1.3880004639179049
126,1.4981923888154256,1.4981923888154256,1.4981923888154256,1.4981923888154256,1.4981923888154256,1.4981923888154256,1.4981923888154256,1.4981923888154256,1.4981923888154256,1.4981923888154256,1.4981923888154256,1.4981923888154256,1.4981923888154256,1.4981923888154256,1.4981923888154256,1.4981923888154256,1.4981923888154256,1.4981923888154256,1.4981923888154256,1.4981923888154114,1.4981923888154114,1.4981923888154114,1.4981923888154114,1.4981923888154114,1.332878027531308,2.1776541391388378,2.5399848823202547,2.5223153464015695,2.353475522555243,2.359425690905965,2.0730966729433646,2.0143537518601136,2.27995004610068,2.9714969071757764,2.7706154732514108,2.7782114817490253,2.7828949780611936,1.4981923888153972,1.498192388815383,1.498192388815383,1.498192388815383,1.4981923888153688,1.4981923888153688,1.4981923888153972,1.4981923888153972,1.4981923888153972,1.4981923888153972,1.4981923888153972,1.4981923888153972,1.4981923888153972,1.4981923888153972,1.4981923888153972,1.4981923888153972,1.4981923888153972,1.4981923888154256,1.4981923888153972,1.4981923888153972,1.4981923888153972,1.4981923888153688,1.4981923888153688,1.4981923888153688,1.50899385966855,1.673785793910696,2.0884456045461945,2.434764491638248,3.5547813448185934,3.5854832279563595,3.0888263167618675,2.976223033231321,3.65166176799562,3.657242594601513,3.645665198467441,1.4981923888153688,1.4981923888153688,1.4981923888153688,1.4981923888153688,1.4981923888153688,1.4981923888153403,1.4981923888153688,1.4981923888153972,1.4981923888153972,1.4981923888154256,3.2361853036592265,2.774889605671561,2.5016105915447895,2.177484649241485,1.8614388100814843,1.8614634536192156,2.539183238023437,2.7428705427607802,2.242243290982053,2.3362556103725325,2.0588668776816945,1.1871496099396452,1.0664310277427518,0.9729659698481683,2.9501730493227853,3.2896162077938413,3.313215415368063,2.0176626225357097,1.883126098363931,1.893569673975719,2.9362719158136414,3.0324686380894406,1.0680096049134988,0.4258451122950504,-0.14372163477138145,-2.718474621762766,1.4981923888153972,1.4981923888153972,1.8690744704728885,1.9067021993625382,1.8674613070378001,1.3917588631052311,0.921702095916153,0.9942459686379124,1.1120278137843869,2.055606100026502,1.0709808780039651,1.4609546496029822,1.4128414736014463,1.0614852550490372,0.8705713639822434,0.643519662091057,0.304326243086374,0.11019192489752094,0.0,1.4981923888154114,1.4981923888153972,1.4981923888154114,1.4981923888154114,1.4981923888154114,1.4981923888154114,1.4981923888154114,1.4981923888154114,2.694105893779856,2.71532013463694,1.4981923888154256,3.3576307905681944,3.046092376278885,3.8564502837403793,4.38020881949943,1.2231060077595117,1.037448819058497,0.648826267873261,1.4981923888154256,1.4981923888154256,1.4981923888154256,1.4981923888154256,1.4981923888154256,1.4981923888154256,1.4981923888154256,1.4981923888154256,1.4981923888154256,1.4981923888154256,1.4981923888154256,1.4981923888154256,1.4981923888154256,1.4981923888154256,1.4981923888154256,1.4981923888154256,1.2111988805930025,1.4981923888154256,1.4981923888154256,1.259694765841175,0.7522285782802385,0.7563168815612755,0.7479897286601584,-0.7798237879210035,-0.4304609660675567,-0.43825504373768354,2.0124146146767714,2.0621554103756807,2.0455592916171526,3.027928963711844,3.0285416589459544,1.4981923888154256,1.4981923888154256,1.4981923888154256,1.4981923888154256,1.4981923888154256,1.4981923888154256,1.4981923888154256,1.4981923888154256,1.4981923888154256,1.4981923888154256,1.4981923888154256,1.4981923888154256,1.4981923888154256,1.4981923888154256,1.4981923888154256,1.4981923888154256,1.4981923888154256,1.4981923888154256,1.4981923888154256,1.4981923888154256,1.4981923888154256,1.4981923888154256,1.4981923888154256,1.4981923888154256,1.4981923888154256,1.4981923888154256
127,0.0,0.0,0.0,0.0,0.0,0.0,0.0,0.0,0.0,0.0,0.0,0.0,0.0,0.0,0.0,0.0,0.0,0.0,1.7763568394002505e-15,3.552713678800501e-15,5.329070518200751e-15,5.329070518200751e-15,1.2434497875801753e-14,1.0658141036401503e-14,-0.16531436128409283,0.6794617503234477,1.0417924935048646,1.0241229575861794,0.8552831337398459,0.8612333020905751,0.5749042841279817,0.5161613630447448,0.7817576572853326,1.4733045183604219,1.2724230844360847,1.2800190929336992,1.284702589245839,0.0,0.0,7.105427357601002e-15,3.552713678800501e-15,7.105427357601002e-15,1.4210854715202004e-14,1.4210854715202004e-14,1.4210854715202004e-14,1.4210854715202004e-14,1.4210854715202004e-14,1.4210854715202004e-14,2.1316282072803006e-14,1.4210854715202004e-14,1.4210854715202004e-14,1.4210854715202004e-14,1.4210854715202004e-14,1.4210854715202004e-14,2.842170943040401e-14,1.4210854715202004e-14,2.1316282072803006e-14,2.1316282072803006e-14,7.105427357601002e-15,1.4210854715202004e-14,1.4210854715202004e-14,0.010801470853145645,0.17559340509528454,0.5902532157307689,0.9365721028228009,2.0565889560031465,2.0872908391409055,1.5906339279464135,1.4780306444158882,2.153469379180173,2.159050205786059,2.1474728096519797,7.105427357601002e-15,1.4210854715202004e-14,7.105427357601002e-15,7.105427357601002e-15,7.105427357601002e-15,0.0,7.105427357601002e-15,1.4210854715202004e-14,7.105427357601002e-15,0.0,-1.737992914843801,-1.2766972168561495,-1.003418202729378,-0.6792922604260667,-0.3632464212660693,-0.3632710648037971,0.31444871960042065,0.518136024337764,0.017508772559040153,0.11152109194951265,-0.16586764074132532,-1.0375849084833817,-1.1583034906802823,-1.2517685485748586,1.4519806605073526,1.7914238189784157,1.8150230265526375,0.5194702337202983,0.38493370954849837,0.39537728516028636,0.7115373973906287,0.8077341196664349,-0.4301827839019019,-1.0723472765203432,-1.641914023586775,-4.2166670105781705,7.105427357601002e-15,7.105427357601002e-15,-0.3556107608746686,-0.3179830319850083,-0.3572239243097357,-0.8329263682423118,-1.302983135431404,-1.2304392627096519,-1.1126574175631845,-0.16907913132106955,-0.42721151081143915,-0.03723773921242923,-0.08535091521396865,0.43670713376639014,0.6276210248331751,0.8546727267243597,1.1938661457290465,1.3880004639179049,1.4981923888154256,0.0,-6.661338147750939e-15,-4.440892098500626e-16,-6.217248937900877e-15,-5.329070518200751e-15,-5.329070518200751e-15,0.0,0.0,-0.16267101588769606,-0.14145677503060483,0.0,-1.616547427934833,-1.9280858422241351,-1.117727934762641,-0.5939693990035835,-0.275086381055921,-0.46074356975693576,-0.8493661209421646,0.0,0.0,0.0,0.0,0.0,0.0,0.0,0.0,0.0,0.0,0.0,0.0,0.0,0.0,0.0,0.0,-0.286993508222416,0.0,0.0,-0.2384976229742506,-0.7459638105351871,-0.7418755072541501,-0.7502026601552672,-2.278016176736429,-1.928653354882968,-1.936447432553095,0.5142222258613316,0.5639630215602409,0.547366902801727,1.5297365748964182,1.5303492701305288,0.0,0.0,0.0,0.0,0.0,0.0,0.0,0.0,0.0,0.0,0.0,0.0,0.0,0.0,0.0,0.0,0.0,0.0,0.0,0.0,0.0,0.0,0.0,0.0,0.0,0.0
128,0.0,0.0,0.0,0.0,0.0,0.0,0.0,0.0,0.0,0.0,0.0,0.0,0.0,0.0,-1.4210854715202004e-14,-1.4210854715202004e-14,-7.105427357601002e-15,-3.552713678800501e-15,-3.552713678800501e-15,0.0,0.0,0.0,5.329070518200751e-15,3.552713678800501e-15,-0.16531436128409993,0.6794617503234406,1.0417924935048575,1.0241229575861723,0.8552831337398388,0.861233302090568,0.5749042841279746,0.5161613630447377,0.7817576572853255,1.4733045183604077,1.2724230844360704,1.280019092933685,1.2847025892458248,-3.552713678800501e-15,-3.552713678800501e-15,3.552713678800501e-15,0.0,0.0,0.0,0.0,0.0,0.0,0.0,0.0,7.105427357601002e-15,0.0,0.0,0.0,0.0,0.0,1.4210854715202004e-14,0.0,7.105427357601002e-15,7.105427357601002e-15,0.0,7.105427357601002e-15,7.105427357601002e-15,0.01080147085313854,0.17559340509527743,0.5902532157307618,0.9365721028227938,2.0565889560031394,2.0872908391408984,1.5906339279464063,1.478030644415881,2.153469379180166,2.159050205786052,2.1474728096519726,0.0,7.105427357601002e-15,0.0,0.0,0.0,-7.105427357601002e-15,0.0,7.105427357601002e-15,0.0,-7.105427357601002e-15,-1.737992914843801,-1.2766972168561495,-1.003418202729378,-0.6792922604260667,-0.3632464212660693,-0.3632710648037971,0.31444871960042065,0.518136024337764,0.017508772559040153,0.11152109194951265,-0.16586764074132532,-1.0375849084833817,-1.1583034906802823,-1.2517685485748586,1.4519806605073384,1.7914238189784015,1.8150230265526233,0.5194702337202912,0.38493370954849127,0.39537728516027926,0.7115373973906145,0.8077341196664207,-0.430182783901909,-1.0723472765203503,-1.6419140235867857,-4.216667010578178,0.0,0.0,-0.3556107608746686,-0.3179830319850083,-0.3572239243097357,-0.8329263682423118,-1.302983135431404,-1.2304392627096519,-1.1126574175631845,-0.16907913132106955,-0.42721151081144626,-0.03723773921243634,-0.0853509152139793,0.43670713376639014,0.6276210248331751,0.8546727267243597,1.1938661457290465,1.3880004639179049,1.4981923888154256,-6.661338147750939e-15,0.0,5.995204332975845e-15,4.440892098500626e-16,0.0,0.0,-3.552713678800501e-15,-3.552713678800501e-15,-0.16267101588769606,-0.14145677503060483,0.0,-1.616547427934833,-1.9280858422241351,-1.117727934762641,-0.5939693990035835,-0.2750863810559281,-0.46074356975694286,-0.8493661209421788,-7.105427357601002e-15,-7.105427357601002e-15,-7.105427357601002e-15,-1.4210854715202004e-14,0.0,0.0,0.0,0.0,0.0,0.0,0.0,0.0,0.0,0.0,0.0,0.0,-0.2869935082224302,0.0,0.0,-0.2384976229742506,-0.7459638105351871,-0.7418755072541501,-0.7502026601552672,-2.278016176736429,-1.928653354882968,-1.936447432553095,0.5142222258613316,0.5639630215602409,0.547366902801727,1.5297365748964182,1.5303492701305288,0.0,0.0,0.0,0.0,0.0,0.0,0.0,0.0,0.0,0.0,0.0,0.0,0.0,0.0,0.0,0.0,0.0,0.0,0.0,0.0,0.0,0.0,0.0,0.0,0.0,0.0
129,0.0,0.0,0.0,0.0,0.0,0.0,0.0,0.0,0.0,0.0,0.0,0.0,0.0,0.0,0.0,0.0,0.0,3.552713678800501e-15,3.552713678800501e-15,7.105427357601002e-15,5.329070518200751e-15,5.329070518200751e-15,1.0658141036401503e-14,1.4210854715202004e-14,-0.16531436128408927,0.6794617503234548,1.0417924935048717,1.0241229575861865,0.855283133739853,0.8612333020905822,0.5749042841279888,0.5161613630447519,0.7817576572853397,1.4733045183604219,1.2724230844360847,1.2800190929336992,1.284702589245839,1.7763568394002505e-15,0.0,7.105427357601002e-15,3.552713678800501e-15,7.105427357601002e-15,1.4210854715202004e-14,1.4210854715202004e-14,1.4210854715202004e-14,1.4210854715202004e-14,1.4210854715202004e-14,1.4210854715202004e-14,2.842170943040401e-14,1.4210854715202004e-14,1.4210854715202004e-14,1.4210854715202004e-14,1.4210854715202004e-14,1.4210854715202004e-14,2.842170943040401e-14,1.4210854715202004e-14,2.1316282072803006e-14,2.1316282072803006e-14,7.105427357601002e-15,1.4210854715202004e-14,1.4210854715202004e-14,0.010801470853149198,0.17559340509529164,0.590253215730776,0.936572102822808,2.0565889560031536,2.0872908391409126,1.5906339279464206,1.4780306444158953,2.15346937918018,2.159050205786066,2.147472809651987,7.105427357601002e-15,1.4210854715202004e-14,7.105427357601002e-15,7.105427357601002e-15,7.105427357601002e-15,0.0,7.105427357601002e-15,1.4210854715202004e-14,7.105427357601002e-15,0.0,-1.737992914843801,-1.2766972168561495,-1.003418202729378,-0.6792922604260667,-0.3632464212660693,-0.3632710648037971,0.31444871960042065,0.518136024337764,0.017508772559040153,0.11152109194951265,-0.16586764074132532,-1.0375849084833817,-1.1583034906802823,-1.2517685485748586,1.4519806605073526,1.7914238189784157,1.8150230265526375,0.5194702337203054,0.3849337095485055,0.39537728516029347,0.7115373973906287,0.8077341196664349,-0.4301827839019019,-1.0723472765203468,-1.6419140235867786,-4.2166670105781705,7.105427357601002e-15,7.105427357601002e-15,-0.3556107608746686,-0.3179830319850083,-0.3572239243097357,-0.8329263682423118,-1.302983135431404,-1.2304392627096519,-1.1126574175631845,-0.16907913132106955,-0.42721151081143915,-0.03723773921242923,-0.0853509152139722,0.43670713376639014,0.6276210248331751,0.8546727267243597,1.1938661457290465,1.3880004639179049,1.4981923888154256,-4.440892098500626e-16,5.995204332975845e-15,0.0,-5.440092820663267e-15,-5.773159728050814e-15,-6.217248937900877e-15,1.7763568394002505e-15,0.0,-0.16267101588769606,-0.14145677503060483,0.0,-1.616547427934833,-1.9280858422241351,-1.117727934762641,-0.5939693990035835,-0.275086381055921,-0.46074356975694286,-0.8493661209421788,0.0,0.0,0.0,0.0,0.0,0.0,0.0,0.0,0.0,0.0,0.0,0.0,0.0,0.0,0.0,0.0,-0.286993508222416,0.0,0.0,-0.2384976229742506,-0.7459638105351871,-0.7418755072541501,-0.7502026601552672,-2.278016176736429,-1.928653354882968,-1.936447432553095,0.5142222258613316,0.5639630215602409,0.547366902801727,1.5297365748964182,1.5303492701305288,0.0,0.0,0.0,0.0,0.0,0.0,0.0,0.0,0.0,0.0,0.0,0.0,0.0,0.0,0.0,0.0,0.0,0.0,0.0,0.0,0.0,0.0,0.0,0.0,0.0,0.0
130,0.0,0.0,0.0,0.0,0.0,0.0,0.0,0.0,0.0,0.0,0.0,0.0,0.0,0.0,0.0,0.0,0.0,-3.552713678800501e-15,-3.552713678800501e-15,0.0,-1.7763568394002505e-15,0.0,7.105427357601002e-15,7.105427357601002e-15,-0.16531436128409638,0.6794617503234477,1.0417924935048646,1.0241229575861794,0.8552831337398459,0.8612333020905751,0.5749042841279817,0.5161613630447448,0.7817576572853326,1.4733045183604219,1.2724230844360847,1.2800190929336992,1.284702589245839,-5.329070518200751e-15,-7.105427357601002e-15,0.0,0.0,0.0,0.0,0.0,0.0,0.0,0.0,0.0,1.4210854715202004e-14,0.0,0.0,0.0,0.0,0.0,1.4210854715202004e-14,0.0,7.105427357601002e-15,7.105427357601002e-15,0.0,7.105427357601002e-15,7.105427357601002e-15,0.010801470853142092,0.17559340509527743,0.5902532157307618,0.9365721028227938,2.0565889560031394,2.0872908391408984,1.5906339279464063,1.478030644415881,2.153469379180166,2.159050205786052,2.1474728096519726,0.0,7.105427357601002e-15,0.0,0.0,0.0,-7.105427357601002e-15,0.0,7.105427357601002e-15,0.0,0.0,-1.737992914843801,-1.2766972168561495,-1.003418202729378,-0.6792922604260667,-0.3632464212660693,-0.3632710648037971,0.31444871960042065,0.518136024337764,0.017508772559040153,0.11152109194951265,-0.16586764074132532,-1.0375849084833817,-1.1583034906802823,-1.2517685485748586,1.4519806605073384,1.7914238189784015,1.8150230265526233,0.5194702337202983,0.38493370954849837,0.39537728516028636,0.7115373973906145,0.8077341196664207,-0.430182783901909,-1.0723472765203539,-1.6419140235867857,-4.216667010578178,0.0,0.0,-0.3556107608746686,-0.3179830319850083,-0.3572239243097357,-0.8329263682423118,-1.302983135431404,-1.2304392627096519,-1.1126574175631845,-0.16907913132106955,-0.42721151081144626,-0.03723773921243634,-0.0853509152139793,0.43670713376639014,0.6276210248331751,0.8546727267243597,1.1938661457290465,1.3880004639179049,1.4981923888154256,-6.217248937900877e-15,4.440892098500626e-16,-5.440092820663267e-15,0.0,0.0,0.0,-5.329070518200751e-15,-7.105427357601002e-15,-0.16267101588769606,-0.14145677503060483,-7.105427357601002e-15,-1.616547427934833,-1.9280858422241351,-1.117727934762641,-0.5939693990035835,-0.275086381055921,-0.46074356975694286,-0.8493661209421788,0.0,0.0,0.0,0.0,0.0,0.0,0.0,0.0,0.0,0.0,0.0,0.0,0.0,0.0,0.0,0.0,-0.286993508222416,0.0,0.0,-0.2384976229742506,-0.7459638105351871,-0.7418755072541501,-0.7502026601552672,-2.278016176736429,-1.928653354882968,-1.936447432553095,0.5142222258613316,0.5639630215602409,0.547366902801727,1.5297365748964182,1.5303492701305288,0.0,0.0,0.0,0.0,0.0,0.0,0.0,0.0,0.0,0.0,0.0,0.0,0.0,0.0,0.0,0.0,0.0,0.0,0.0,0.0,0.0,0.0,0.0,0.0,0.0,0.0
131,0.0,0.0,0.0,0.0,0.0,0.0,0.0,0.0,0.0,0.0,0.0,0.0,0.0,0.0,0.0,0.0,0.0,-7.105427357601002e-15,-7.105427357601002e-15,-3.552713678800501e-15,-3.552713678800501e-15,-7.105427357601002e-15,0.0,0.0,-0.16531436128410348,0.6794617503234477,1.0417924935048646,1.0241229575861794,0.8552831337398459,0.8612333020905751,0.5749042841279817,0.5161613630447448,0.7817576572853255,1.4733045183604077,1.2724230844360704,1.280019092933685,1.2847025892458248,-7.105427357601002e-15,-7.105427357601002e-15,0.0,0.0,0.0,0.0,0.0,0.0,0.0,0.0,0.0,1.4210854715202004e-14,0.0,0.0,0.0,0.0,0.0,1.4210854715202004e-14,0.0,7.105427357601002e-15,7.105427357601002e-15,0.0,7.105427357601002e-15,7.105427357601002e-15,0.01080147085313854,0.17559340509527743,0.5902532157307618,0.9365721028227938,2.0565889560031394,2.0872908391408984,1.5906339279464063,1.478030644415881,2.153469379180166,2.159050205786052,2.1474728096519726,0.0,7.105427357601002e-15,0.0,0.0,0.0,-7.105427357601002e-15,0.0,7.105427357601002e-15,0.0,0.0,-1.737992914843801,-1.2766972168561495,-1.003418202729378,-0.6792922604260667,-0.3632464212660693,-0.3632710648037971,0.31444871960042065,0.518136024337764,0.017508772559040153,0.11152109194951265,-0.16586764074132532,-1.0375849084833817,-1.1583034906802823,-1.2517685485748586,1.4519806605073455,1.7914238189784086,1.8150230265526233,0.5194702337202983,0.38493370954849837,0.39537728516028636,0.7115373973906287,0.8077341196664349,-0.43018278390191256,-1.0723472765203539,-1.6419140235867857,-4.216667010578178,0.0,0.0,-0.3556107608746686,-0.3179830319850083,-0.3572239243097357,-0.8329263682423118,-1.302983135431404,-1.2304392627096519,-1.1126574175631845,-0.16907913132106955,-0.42721151081145337,-0.037237739212443444,-0.08535091521398641,0.43670713376639014,0.6276210248331751,0.8546727267243597,1.1938661457290465,1.3880004639179049,1.4981923888154256,-7.105427357601002e-15,0.0,-5.773159728050814e-15,0.0,0.0,0.0,-7.105427357601002e-15,-7.105427357601002e-15,-0.16267101588769606,-0.14145677503060483,-7.105427357601002e-15,-1.616547427934833,-1.9280858422241351,-1.117727934762641,-0.5939693990035835,-0.2750863810559139,-0.46074356975692865,-0.8493661209421646,0.0,0.0,0.0,0.0,0.0,0.0,0.0,0.0,0.0,0.0,0.0,0.0,0.0,0.0,0.0,0.0,-0.2869935082224231,0.0,0.0,-0.2384976229742506,-0.7459638105351871,-0.7418755072541501,-0.7502026601552672,-2.278016176736429,-1.928653354882968,-1.936447432553095,0.5142222258613316,0.5639630215602409,0.547366902801727,1.5297365748964182,1.5303492701305288,0.0,0.0,0.0,0.0,0.0,0.0,0.0,0.0,0.0,0.0,0.0,0.0,0.0,0.0,0.0,0.0,0.0,0.0,0.0,0.0,0.0,0.0,0.0,0.0,0.0,0.0
132,0.0,0.0,0.0,0.0,0.0,0.0,0.0,0.0,0.0,0.0,0.0,0.0,0.0,0.0,0.0,0.0,0.0,-3.552713678800501e-15,-3.552713678800501e-15,0.0,0.0,0.0,7.105427357601002e-15,7.105427357601002e-15,-0.16531436128409638,0.6794617503234548,1.0417924935048717,1.0241229575861865,0.855283133739853,0.8612333020905822,0.5749042841279888,0.5161613630447448,0.7817576572853255,1.4733045183604077,1.2724230844360704,1.280019092933685,1.2847025892458248,-3.552713678800501e-15,-3.552713678800501e-15,0.0,-7.105427357601002e-15,-7.105427357601002e-15,-1.4210854715202004e-14,-1.4210854715202004e-14,-1.4210854715202004e-14,-1.4210854715202004e-14,-1.4210854715202004e-14,-1.4210854715202004e-14,0.0,-1.4210854715202004e-14,-1.4210854715202004e-14,-1.4210854715202004e-14,-1.4210854715202004e-14,-1.4210854715202004e-14,0.0,-1.4210854715202004e-14,-1.4210854715202004e-14,-1.4210854715202004e-14,-7.105427357601002e-15,0.0,0.0,0.01080147085313854,0.17559340509527743,0.5902532157307618,0.9365721028227938,2.0565889560031394,2.0872908391408984,1.5906339279464063,1.478030644415881,2.153469379180166,2.159050205786052,2.1474728096519726,-7.105427357601002e-15,0.0,-7.105427357601002e-15,-7.105427357601002e-15,-7.105427357601002e-15,-1.4210854715202004e-14,-7.105427357601002e-15,0.0,-7.105427357601002e-15,0.0,-1.737992914843801,-1.2766972168561495,-1.003418202729378,-0.6792922604260667,-0.3632464212660693,-0.3632710648037971,0.31444871960042065,0.518136024337764,0.017508772559040153,0.11152109194951265,-0.16586764074132532,-1.0375849084833817,-1.1583034906802823,-1.2517685485748586,1.4519806605073455,1.7914238189784086,1.8150230265526233,0.5194702337203054,0.3849337095485055,0.39537728516029347,0.7115373973906287,0.8077341196664349,-0.43018278390190545,-1.0723472765203468,-1.6419140235867786,-4.2166670105781705,-7.105427357601002e-15,-7.105427357601002e-15,-0.3556107608746686,-0.3179830319850083,-0.3572239243097357,-0.8329263682423118,-1.302983135431404,-1.2304392627096519,-1.1126574175631845,-0.16907913132106955,-0.42721151081144626,-0.03723773921243634,-0.0853509152139793,0.43670713376639014,0.6276210248331751,0.8546727267243597,1.1938661457290465,1.3880004639179049,1.4981923888154256,-6.217248937900877e-15,8.881784197001252e-16,-5.329070518200751e-15,0.0,0.0,0.0,-3.552713678800501e-15,-3.552713678800501e-15,-0.16267101588769606,-0.14145677503060483,0.0,-1.616547427934833,-1.9280858422241351,-1.117727934762641,-0.5939693990035835,-0.2750863810559139,-0.46074356975692865,-0.8493661209421646,0.0,0.0,0.0,0.0,0.0,0.0,0.0,0.0,0.0,0.0,0.0,0.0,0.0,0.0,0.0,0.0,-0.2869935082224231,0.0,0.0,-0.2384976229742506,-0.7459638105351871,-0.7418755072541501,-0.7502026601552672,-2.278016176736429,-1.928653354882968,-1.936447432553095,0.5142222258613316,0.5639630215602409,0.547366902801727,1.5297365748964182,1.5303492701305288,0.0,0.0,0.0,0.0,0.0,0.0,0.0,0.0,0.0,0.0,0.0,0.0,0.0,0.0,0.0,0.0,0.0,0.0,0.0,0.0,0.0,0.0,0.0,0.0,0.0,0.0
133,-2.842170943040401e-14,-2.842170943040401e-14,-2.842170943040401e-14,-2.842170943040401e-14,-2.842170943040401e-14,-2.842170943040401e-14,-2.842170943040401e-14,-2.842170943040401e-14,-2.842170943040401e-14,-2.842170943040401e-14,-1.4210854715202004e-14,-1.4210854715202004e-14,-1.4210854715202004e-14,-1.4210854715202004e-14,-1.4210854715202004e-14,-1.4210854715202004e-14,-7.105427357601002e-15,-7.105427357601002e-15,-7.105427357601002e-15,-5.329070518200751e-15,-4.440892098500626e-15,-5.329070518200751e-15,1.7763568394002505e-15,3.552713678800501e-15,-0.16531436128409993,0.6794617503234477,1.0417924935048575,1.0241229575861723,0.8552831337398388,0.861233302090568,0.5749042841279746,0.5161613630447377,0.7817576572853255,1.4733045183604077,1.2724230844360704,1.280019092933685,1.2847025892458248,-8.881784197001252e-15,-1.0658141036401503e-14,-3.552713678800501e-15,-7.105427357601002e-15,-7.105427357601002e-15,-1.4210854715202004e-14,-1.4210854715202004e-14,-1.4210854715202004e-14,-1.4210854715202004e-14,-1.4210854715202004e-14,-1.4210854715202004e-14,-7.105427357601002e-15,-7.105427357601002e-15,0.0,0.0,0.0,0.0,1.4210854715202004e-14,-1.4210854715202004e-14,-7.105427357601002e-15,-7.105427357601002e-15,-7.105427357601002e-15,0.0,0.0,0.01080147085313854,0.17559340509527743,0.5902532157307618,0.9365721028227902,2.0565889560031394,2.0872908391408984,1.5906339279464063,1.478030644415881,2.153469379180166,2.159050205786052,2.1474728096519726,-7.105427357601002e-15,0.0,-7.105427357601002e-15,-7.105427357601002e-15,-7.105427357601002e-15,-1.4210854715202004e-14,-7.105427357601002e-15,0.0,-7.105427357601002e-15,-7.105427357601002e-15,-1.737992914843801,-1.2766972168561495,-1.003418202729378,-0.6792922604260667,-0.3632464212660693,-0.3632710648037971,0.31444871960042065,0.518136024337764,0.017508772559040153,0.11152109194951265,-0.16586764074132532,-1.0375849084833817,-1.1583034906802823,-1.2517685485748586,1.4519806605073384,1.7914238189784015,1.8150230265526233,0.5194702337202912,0.38493370954849127,0.39537728516027926,0.7115373973906287,0.8077341196664349,-0.430182783901909,-1.0723472765203503,-1.6419140235867822,-4.2166670105781705,-7.105427357601002e-15,-7.105427357601002e-15,-0.3556107608746686,-0.3179830319850083,-0.3572239243097357,-0.8329263682423118,-1.302983135431404,-1.2304392627096519,-1.1126574175631845,-0.16907913132106955,-0.42721151081144626,-0.03723773921243634,-0.08535091521397575,0.43670713376639014,0.6276210248331751,0.8546727267243597,1.1938661457290465,1.3880004639179049,1.4981923888154256,0.0,-5.329070518200751e-15,0.0,-5.329070518200751e-15,-7.105427357601002e-15,-7.105427357601002e-15,0.0,0.0,-0.16267101588769606,-0.14145677503060483,-7.105427357601002e-15,-1.6165474279348402,-1.9280858422241494,-1.1177279347626552,-0.5939693990035977,-0.2750863810559281,-0.46074356975694286,-0.8493661209421859,-7.105427357601002e-15,-7.105427357601002e-15,-7.105427357601002e-15,-7.105427357601002e-15,-1.4210854715202004e-14,-1.4210854715202004e-14,-1.4210854715202004e-14,-1.4210854715202004e-14,-1.4210854715202004e-14,-1.4210854715202004e-14,-1.4210854715202004e-14,-1.4210854715202004e-14,-1.4210854715202004e-14,-1.4210854715202004e-14,-1.4210854715202004e-14,-1.4210854715202004e-14,-0.2869935082224302,-1.4210854715202004e-14,-1.4210854715202004e-14,-0.2384976229742648,-0.7459638105352013,-0.7418755072541785,-0.7502026601552956,-2.2780161767364575,-1.9286533548829965,-1.9364474325531233,0.5142222258613032,0.5639630215602125,0.5473669028017127,1.529736574896404,1.5303492701305146,-1.4210854715202004e-14,-1.4210854715202004e-14,-1.4210854715202004e-14,-2.842170943040401e-14,-2.842170943040401e-14,-2.842170943040401e-14,-1.4210854715202004e-14,-1.4210854715202004e-14,-1.4210854715202004e-14,-1.4210854715202004e-14,-1.4210854715202004e-14,-1.4210854715202004e-14,-1.4210854715202004e-14,-1.4210854715202004e-14,-1.4210854715202004e-14,-1.4210854715202004e-14,-2.842170943040401e-14,-1.4210854715202004e-14,-1.4210854715202004e-14,-1.4210854715202004e-14,-1.4210854715202004e-14,-1.4210854715202004e-14,-1.4210854715202004e-14,-1.4210854715202004e-14,-1.4210854715202004e-14,-2.842170943040401e-14
134,0.0,0.0,0.0,0.0,0.0,0.0,0.0,0.0,0.0,0.0,0.0,0.0,0.0,0.0,-1.4210854715202004e-14,-1.4210854715202004e-14,-7.105427357601002e-15,-7.105427357601002e-15,-5.329070518200751e-15,-3.552713678800501e-15,-3.552713678800501e-15,-3.552713678800501e-15,1.7763568394002505e-15,3.552713678800501e-15,-0.16531436128409993,0.6794617503234406,1.0417924935048575,1.0241229575861723,0.8552831337398388,0.861233302090568,0.5749042841279746,0.5161613630447377,0.7817576572853255,1.4733045183604077,1.2724230844360704,1.280019092933685,1.2847025892458248,-7.105427357601002e-15,-7.105427357601002e-15,0.0,-3.552713678800501e-15,0.0,0.0,0.0,0.0,0.0,0.0,0.0,7.105427357601002e-15,0.0,0.0,0.0,0.0,0.0,1.4210854715202004e-14,0.0,7.105427357601002e-15,7.105427357601002e-15,0.0,7.105427357601002e-15,7.105427357601002e-15,0.01080147085313854,0.17559340509527743,0.5902532157307618,0.9365721028227938,2.0565889560031394,2.0872908391408984,1.5906339279464063,1.478030644415881,2.153469379180166,2.159050205786052,2.1474728096519726,0.0,7.105427357601002e-15,0.0,0.0,0.0,-7.105427357601002e-15,0.0,7.105427357601002e-15,0.0,-7.105427357601002e-15,-1.737992914843801,-1.2766972168561495,-1.003418202729378,-0.6792922604260667,-0.3632464212660693,-0.3632710648037971,0.31444871960042065,0.518136024337764,0.017508772559040153,0.11152109194951265,-0.16586764074132532,-1.0375849084833817,-1.1583034906802823,-1.2517685485748586,1.4519806605073384,1.7914238189784015,1.8150230265526233,0.5194702337202912,0.38493370954849127,0.39537728516027926,0.7115373973906145,0.8077341196664207,-0.430182783901909,-1.0723472765203503,-1.6419140235867822,-4.2166670105781705,0.0,0.0,-0.3556107608746686,-0.3179830319850083,-0.3572239243097357,-0.8329263682423118,-1.302983135431404,-1.2304392627096519,-1.1126574175631845,-0.16907913132106955,-0.42721151081144626,-0.03723773921243634,-0.08535091521397575,0.43670713376639014,0.6276210248331751,0.8546727267243597,1.1938661457290465,1.3880004639179049,1.4981923888154256,1.7763568394002505e-15,-3.552713678800501e-15,3.552713678800501e-15,-3.552713678800501e-15,-3.552713678800501e-15,-3.552713678800501e-15,0.0,0.0,-0.16267101588769606,-0.14145677503060483,-7.105427357601002e-15,-1.616547427934833,-1.9280858422241351,-1.117727934762641,-0.5939693990035835,-0.2750863810559281,-0.46074356975694286,-0.8493661209421859,-7.105427357601002e-15,-7.105427357601002e-15,-7.105427357601002e-15,-7.105427357601002e-15,0.0,0.0,0.0,0.0,0.0,0.0,0.0,0.0,0.0,0.0,0.0,0.0,-0.2869935082224302,0.0,0.0,-0.2384976229742506,-0.7459638105351871,-0.7418755072541501,-0.7502026601552672,-2.278016176736429,-1.928653354882968,-1.936447432553095,0.5142222258613316,0.5639630215602409,0.547366902801727,1.5297365748964182,1.5303492701305288,0.0,0.0,0.0,0.0,0.0,0.0,0.0,0.0,0.0,0.0,0.0,0.0,0.0,0.0,0.0,0.0,0.0,0.0,0.0,0.0,0.0,0.0,0.0,0.0,0.0,0.0
135,-0.16267101588769606,-0.16267101588769606,-0.16267101588769606,-0.16267101588769606,-0.16267101588769606,-0.16267101588769606,-0.16267101588769606,-0.16267101588769606,-0.16267101588769606,-0.16267101588769606,-0.16267101588768185,-0.16267101588768185,-0.16267101588768185,-0.16267101588768185,-0.16267101588768185,-0.16267101588768185,-0.16267101588768185,-0.16267101588768185,-0.16267101588768185,-0.16267101588769606,-0.16267101588769606,-0.16267101588769606,-0.16267101588769606,-0.16267101588769606,-0.32798537717179954,0.5167907344357445,0.8791214776171472,0.8614519416984479,0.6926121178521072,0.6985622862028293,0.412233268240243,0.3534903471569919,0.6190866413975584,1.3106335024726548,1.1097520685482891,1.1173480770459037,1.122031573358072,-0.16267101588771027,-0.16267101588772448,-0.16267101588772448,-0.16267101588772448,-0.16267101588772448,-0.16267101588772448,-0.16267101588772448,-0.16267101588772448,-0.16267101588772448,-0.16267101588772448,-0.16267101588772448,-0.16267101588772448,-0.16267101588772448,-0.16267101588772448,-0.16267101588772448,-0.16267101588772448,-0.16267101588772448,-0.16267101588769606,-0.16267101588772448,-0.16267101588771027,-0.16267101588772448,-0.1626710158877387,-0.16267101588772448,-0.16267101588772448,-0.15186954503455752,0.01292238920757427,0.4275821998430729,0.7739010869350977,1.8939179401154576,1.9246198232532237,1.4279629120587458,1.3153596285282276,1.990798363292484,1.996379189898363,1.9848017937642908,-0.16267101588772448,-0.16267101588772448,-0.16267101588772448,-0.16267101588772448,-0.16267101588772448,-0.16267101588772448,-0.16267101588772448,-0.16267101588772448,-0.16267101588772448,-0.16267101588768185,1.575321898956119,1.114026200968457,0.840747186841682,0.5166212445383751,0.8326670836983787,0.8326424401606509,1.5103622245648722,1.714049529302212,1.2134222775234846,1.3074345969139642,1.0300458642231263,0.158328596481077,0.037610014284183535,-0.055855043610399946,1.2893096446196353,1.6287528030907055,1.6523520106649272,0.35679921783258806,0.2222626936607952,0.2327062692725832,1.9074509023550732,2.0036476246308723,-0.5928537997896086,-1.235018292408057,-1.804585039474489,-4.379338026465888,-0.16267101588772448,-0.16267101588772448,0.840302744089783,0.8779304729794344,0.8386895806547017,0.3629871367221291,-0.1070696304669525,-0.03452575774518962,0.08325608740128132,1.0268343736433962,-0.5898825266991423,-0.1999087551001253,-0.24802193110166115,1.6326206387308346,1.8235345297976266,2.050586231688815,2.389779650693498,2.5839139688823494,2.69410589377987,-0.16267101588769606,-0.16267101588771027,-0.16267101588769606,-0.16267101588769606,-0.16267101588769606,-0.16267101588769606,-0.16267101588771027,-0.16267101588771027,0.0,0.021214240857086786,-0.16267101588768185,1.696767385865087,1.3852289715757777,2.195586879037272,2.7193454147963223,-0.43775739694360283,-0.6234145856446176,-1.0120371368298606,-0.16267101588768185,-0.16267101588768185,-0.16267101588768185,-0.16267101588768185,-0.16267101588768185,-0.16267101588768185,-0.16267101588768185,-0.16267101588768185,-0.16267101588768185,-0.16267101588768185,-0.16267101588768185,-0.16267101588768185,-0.16267101588768185,-0.16267101588768185,-0.16267101588768185,-0.16267101588768185,-0.44966452411009783,-0.16267101588768185,-0.16267101588768185,-0.40116863886193244,-0.908634826422869,-0.9045465231418461,-0.9128736760429632,-2.440687192624125,-2.091324370770664,-2.099118448440791,0.35155120997363554,0.40129200567254486,0.3846958869140451,1.3670655590087364,1.367678254242847,-0.16267101588768185,-0.16267101588768185,-0.16267101588768185,-0.16267101588769606,-0.16267101588769606,-0.16267101588769606,-0.16267101588768185,-0.16267101588768185,-0.16267101588768185,-0.16267101588768185,-0.16267101588768185,-0.16267101588768185,-0.16267101588768185,-0.16267101588768185,-0.16267101588768185,-0.16267101588768185,-0.16267101588769606,-0.16267101588768185,-0.16267101588768185,-0.16267101588768185,-0.16267101588768185,-0.16267101588768185,-0.16267101588768185,-0.16267101588768185,-0.16267101588768185,-0.16267101588769606
136,-0.14145677503060483,-0.14145677503060483,-0.14145677503060483,-0.14145677503060483,-0.14145677503060483,-0.14145677503060483,-0.14145677503060483,-0.14145677503060483,-0.14145677503060483,-0.14145677503060483,-0.14145677503060483,-0.14145677503060483,-0.14145677503060483,-0.14145677503060483,-0.14145677503060483,-0.14145677503060483,-0.14145677503060483,-0.14145677503060483,-0.14145677503060483,-0.14145677503061904,-0.14145677503061904,-0.14145677503061904,-0.14145677503061904,-0.14145677503061904,-0.3067711363147083,0.5380049752928358,0.9003357184742384,0.8826661825555391,0.7138263587091984,0.7197765270599206,0.4334475090973342,0.37470458801408313,0.6403008822546497,1.331847743329746,1.1309663094053803,1.138562317902995,1.1432458142151631,-0.14145677503063325,-0.14145677503064746,-0.14145677503064746,-0.14145677503064746,-0.14145677503064746,-0.14145677503064746,-0.14145677503064746,-0.14145677503064746,-0.14145677503064746,-0.14145677503066167,-0.14145677503066167,-0.14145677503066167,-0.14145677503066167,-0.14145677503066167,-0.14145677503066167,-0.14145677503066167,-0.14145677503066167,-0.14145677503063325,-0.14145677503064746,-0.14145677503063325,-0.14145677503063325,-0.14145677503064746,-0.14145677503063325,-0.14145677503063325,-0.1306553041774805,0.034136630064651285,0.4487964407001499,0.7951153277921748,1.9151321809725346,1.9458340641103007,1.4491771529158086,1.3365738693852762,2.012012604149561,2.01759343075544,2.006016034621368,-0.14145677503064746,-0.14145677503064746,-0.14145677503064746,-0.14145677503064746,-0.14145677503066167,-0.14145677503066167,-0.14145677503064746,-0.14145677503064746,-0.14145677503064746,-0.14145677503060483,1.5965361398131996,1.135240441825541,0.8619614276987679,0.5378354853954619,0.8538813245554664,0.853856681017735,1.5315764654219564,1.7352637701592961,1.2346365183805688,1.3286488377710484,1.0512601050802104,0.17954283733816112,0.058824255141267656,-0.034640802753315825,1.3105238854767123,1.6499670439477825,1.6735662515220042,0.3780134586896793,0.24347693451788643,0.2539205101296744,1.9286651432121573,2.0248618654879564,-0.5716395589325316,-1.21380405155098,-1.7833707986174119,-4.358123785608811,-0.14145677503064746,-0.14145677503064746,0.8615169849468707,0.8991447138365203,0.8599038215117822,0.3842013775792097,-0.08585538960987193,-0.01331151688811616,0.10447032825835834,1.0480486145004733,-0.5686682858420653,-0.17869451424304827,-0.22680769024458414,1.6538348795879187,1.8447487706547143,2.0718004725458954,2.410993891550582,2.6051282097394335,2.715320134636954,-0.14145677503061904,-0.14145677503063325,-0.14145677503061904,-0.14145677503061904,-0.14145677503061904,-0.14145677503061904,-0.14145677503063325,-0.14145677503063325,0.021214240857086786,0.0,-0.14145677503060483,1.7179816267221675,1.4064432124328548,2.216801119894349,2.7405596556533993,-0.4165431560865258,-0.6022003447875406,-0.9908228959727836,-0.14145677503060483,-0.14145677503060483,-0.14145677503060483,-0.14145677503060483,-0.14145677503060483,-0.14145677503060483,-0.14145677503060483,-0.14145677503060483,-0.14145677503060483,-0.14145677503060483,-0.14145677503060483,-0.14145677503060483,-0.14145677503060483,-0.14145677503060483,-0.14145677503060483,-0.14145677503060483,-0.4284502832530208,-0.14145677503060483,-0.14145677503060483,-0.3799543980048554,-0.887420585565792,-0.8833322822847549,-0.891659435185872,-2.419472951767034,-2.070110129913573,-2.0779042075836998,0.37276545083072676,0.4225062465296361,0.4059101277711221,1.3882797998658134,1.388892495099924,-0.14145677503060483,-0.14145677503060483,-0.14145677503060483,-0.14145677503060483,-0.14145677503060483,-0.14145677503060483,-0.14145677503060483,-0.14145677503060483,-0.14145677503060483,-0.14145677503060483,-0.14145677503060483,-0.14145677503060483,-0.14145677503060483,-0.14145677503060483,-0.14145677503060483,-0.14145677503060483,-0.14145677503060483,-0.14145677503060483,-0.14145677503060483,-0.14145677503060483,-0.14145677503060483,-0.14145677503060483,-0.14145677503060483,-0.14145677503060483,-0.14145677503060483,-0.14145677503060483
137,0.0,0.0,0.0,0.0,0.0,0.0,0.0,0.0,0.0,0.0,0.0,0.0,0.0,0.0,0.0,0.0,0.0,0.0,0.0,-1.7763568394002505e-15,-3.552713678800501e-15,0.0,7.105427357601002e-15,7.105427357601002e-15,-0.16531436128409638,0.6794617503234477,1.0417924935048646,1.0241229575861794,0.8552831337398459,0.8612333020905751,0.5749042841279746,0.5161613630447448,0.7817576572853255,1.4733045183604077,1.2724230844360704,1.280019092933685,1.2847025892458248,-7.105427357601002e-15,-7.105427357601002e-15,0.0,0.0,0.0,0.0,0.0,0.0,0.0,0.0,0.0,1.4210854715202004e-14,0.0,0.0,0.0,0.0,0.0,1.4210854715202004e-14,0.0,0.0,0.0,0.0,7.105427357601002e-15,0.0,0.010801470853145645,0.17559340509528454,0.5902532157307689,0.9365721028228009,2.0565889560031465,2.0872908391409055,1.5906339279464135,1.4780306444158953,2.153469379180173,2.159050205786059,2.1474728096519797,0.0,7.105427357601002e-15,0.0,0.0,0.0,-7.105427357601002e-15,0.0,7.105427357601002e-15,0.0,0.0,-1.737992914843801,-1.2766972168561352,-1.0034182027293568,-0.6792922604260525,-0.3632464212660551,-0.3632710648037829,0.31444871960043486,0.5181360243377782,0.017508772559054364,0.11152109194952686,-0.1658676407413111,-1.0375849084833675,-1.158303490680268,-1.2517685485748444,1.4519806605073526,1.7914238189784157,1.8150230265526375,0.5194702337202983,0.38493370954849837,0.39537728516028636,0.7115373973906287,0.8077341196664349,-0.43018278390190545,-1.0723472765203468,-1.6419140235867786,-4.2166670105781705,0.0,0.0,-0.3556107608746544,-0.3179830319849941,-0.3572239243097215,-0.8329263682422976,-1.3029831354313899,-1.2304392627096377,-1.1126574175631703,-0.16907913132105534,-0.42721151081144626,-0.03723773921243634,-0.0853509152139793,0.43670713376640435,0.6276210248331893,0.8546727267243739,1.1938661457290607,1.388000463917919,1.4981923888154398,0.0,-7.105427357601002e-15,0.0,-7.105427357601002e-15,-7.105427357601002e-15,-7.105427357601002e-15,-7.105427357601002e-15,-7.105427357601002e-15,-0.16267101588768185,-0.14145677503059062,0.0,-1.616547427934833,-1.9280858422241423,-1.117727934762641,-0.5939693990035835,-0.275086381055921,-0.46074356975693576,-0.8493661209421788,0.0,0.0,0.0,0.0,0.0,0.0,0.0,0.0,0.0,0.0,0.0,0.0,0.0,0.0,0.0,0.0,-0.286993508222416,0.0,0.0,-0.2384976229742506,-0.7459638105351871,-0.7418755072541643,-0.7502026601552814,-2.2780161767364433,-1.9286533548829823,-1.9364474325531091,0.5142222258613174,0.5639630215602267,0.547366902801727,1.5297365748964182,1.5303492701305288,0.0,0.0,0.0,0.0,0.0,0.0,0.0,0.0,0.0,0.0,0.0,0.0,0.0,0.0,0.0,0.0,0.0,0.0,0.0,0.0,0.0,0.0,0.0,0.0,0.0,0.0
138,-1.6165474279348189,-1.6165474279348189,-1.6165474279348189,-1.6165474279348189,-1.6165474279348189,-1.6165474279348189,-1.6165474279348189,-1.6165474279348189,-1.6165474279348189,-1.6165474279348189,-1.616547427934833,-1.616547427934833,-1.616547427934833,-1.616547427934833,-1.616547427934833,-1.616547427934833,-1.616547427934833,-1.616547427934833,-1.616547427934833,-1.616547427934833,-1.616547427934833,-1.616547427934833,-1.616547427934833,-1.616547427934833,-1.7818617892189366,-0.9370856776113925,-0.5747549344299898,-0.5924244703486892,-0.7612642941950298,-0.7553141258443077,-1.0416431438069083,-1.1003860648901451,-0.8347897706495644,-0.14324290957448227,-0.3441243434988195,-0.33652833500120494,-0.3318448386890509,-1.6165474279348473,-1.6165474279348615,-1.6165474279348615,-1.6165474279348615,-1.6165474279348615,-1.6165474279348615,-1.6165474279348615,-1.6165474279348615,-1.6165474279348615,-1.6165474279348615,-1.6165474279348615,-1.6165474279348473,-1.6165474279348615,-1.6165474279348615,-1.6165474279348615,-1.6165474279348615,-1.6165474279348615,-1.6165474279348473,-1.6165474279348615,-1.6165474279348473,-1.6165474279348473,-1.6165474279348757,-1.6165474279348757,-1.6165474279348757,-1.6057459570816945,-1.4409540228395485,-1.02629421220405,-0.6799753251120251,0.44004152806833474,0.47074341120610086,-0.025913499988376998,-0.13851678351889518,0.5369219512453611,0.5425027778512401,0.530925381717168,-1.6165474279348615,-1.6165474279348615,-1.6165474279348615,-1.6165474279348615,-1.6165474279348473,-1.6165474279348473,-1.6165474279348615,-1.6165474279348615,-1.6165474279348615,-1.616547427934833,0.12144548690896784,0.5827411848966282,0.8560201990234013,1.1801461413267091,1.49619198048671,1.4961673369489787,2.1738871213531965,2.37757442609054,1.876947174311809,1.9709594937022885,1.6935707610114505,0.8218534932694013,0.7011349110725078,0.6076698531779243,-0.16456676742748755,0.17487639104358266,0.1984755986178044,-1.097077194214549,-1.2316137183863418,-1.2211701427745538,2.5709757991433975,2.6671725214191966,-2.0467302118367456,-2.688894704455194,-3.258461451521626,-5.833214438513011,-1.6165474279348615,-1.6165474279348615,1.5038276408781144,1.541455369767764,1.502214477443026,1.026512033510457,0.5564552663213789,0.6289991390431382,0.7467809841896127,1.6903592704317276,-2.0437589387462793,-1.6537851671472623,-1.7018983431487982,2.296145535519159,2.487059426585958,2.7141111284771426,3.0533045474818294,3.2474388656706807,3.3576307905682015,-1.616547427934833,-1.6165474279348473,-1.616547427934833,-1.616547427934833,-1.616547427934833,-1.616547427934833,-1.616547427934833,-1.616547427934833,1.6967673858650834,1.717981626722171,-1.616547427934833,0.0,-0.3115384142893105,0.4988194931721832,1.0225780289312354,-1.891633808990754,-2.077290997691769,-2.4659135488770083,-1.616547427934833,-1.616547427934833,-1.616547427934833,-1.616547427934833,-1.616547427934833,-1.616547427934833,-1.616547427934833,-1.616547427934833,-1.616547427934833,-1.616547427934833,-1.616547427934833,-1.616547427934833,-1.616547427934833,-1.616547427934833,-1.616547427934833,-1.616547427934833,-1.9035409361572526,-1.616547427934833,-1.616547427934826,-1.8550450509090695,-2.362511238470006,-2.358422935188983,-2.3667500880901002,-3.894563604671262,-3.545200782817801,-3.552994860487928,-1.1023252020735015,-1.0525844063745922,-1.069180525133092,-0.08681085303840064,-0.08619815780429008,-1.616547427934833,-1.616547427934833,-1.616547427934833,-1.6165474279348473,-1.6165474279348473,-1.6165474279348473,-1.616547427934833,-1.616547427934833,-1.616547427934833,-1.616547427934833,-1.616547427934833,-1.616547427934833,-1.616547427934833,-1.616547427934833,-1.616547427934833,-1.616547427934833,-1.616547427934833,-1.616547427934833,-1.616547427934833,-1.616547427934833,-1.616547427934833,-1.616547427934833,-1.616547427934833,-1.616547427934833,-1.616547427934833,-1.6165474279348189
139,-1.9280858422241494,-1.9280858422241494,-1.9280858422241494,-1.9280858422241494,-1.9280858422241494,-1.9280858422241494,-1.9280858422241494,-1.9280858422241494,-1.9280858422241494,-1.9280858422241494,-1.9280858422241494,-1.9280858422241494,-1.9280858422241494,-1.9280858422241494,-1.9280858422241494,-1.9280858422241458,-1.9280858422241458,-1.9280858422241494,-1.9280858422241494,-1.9280858422241494,-1.9280858422241494,-1.9280858422241494,-1.9280858422241494,-1.9280858422241494,-2.0934002035082386,-1.2486240919006946,-0.8862933487192919,-0.9039628846379912,-1.072802708484332,-1.0668525401336098,-1.3531815580961961,-1.411924479179433,-1.1463281849388522,-0.4547813238637701,-0.6556627577881073,-0.648066749290507,-0.6433832529783388,-1.9280858422241494,-1.9280858422241636,-1.9280858422241636,-1.9280858422241636,-1.9280858422241636,-1.9280858422241636,-1.9280858422241636,-1.9280858422241636,-1.9280858422241636,-1.9280858422241636,-1.9280858422241636,-1.9280858422241494,-1.9280858422241636,-1.9280858422241636,-1.9280858422241636,-1.9280858422241636,-1.9280858422241494,-1.9280858422241351,-1.9280858422241636,-1.9280858422241494,-1.9280858422241494,-1.9280858422241636,-1.9280858422241636,-1.9280858422241636,-1.9172843713710108,-1.752492437128879,-1.3378326264933804,-0.9915137394013556,0.12850311377900425,0.15920499691677037,-0.3374519142777075,-0.45005519780822567,0.22538353695603064,0.23096436356190964,0.21938696742783748,-1.9280858422241636,-1.9280858422241636,-1.9280858422241636,-1.9280858422241636,-1.9280858422241636,-1.9280858422241636,-1.9280858422241636,-1.9280858422241636,-1.9280858422241636,-1.9280858422241458,-0.19009292738034222,0.2712027706073208,0.5444817847340939,0.8686077270374035,1.1846535661974045,1.1846289226596731,1.8623487070638873,2.0660360118012235,1.5654087600224926,1.6594210794129722,1.3820323467221343,0.510315078980085,0.3895964967831915,0.29613143888860805,-0.47610518171681804,-0.13666202324574783,-0.1130628156715261,-1.408615608503851,-1.5431521326756439,-1.532708557063856,2.259437384854081,2.3556341071298803,-2.358268626126062,-3.0004331187445104,-3.569999865810942,-6.144752852802341,-1.9280858422241636,-1.9280858422241636,1.1922892265888088,1.2299169554784584,1.1906760631537203,0.7149736192211478,0.2449168520320697,0.317460724753829,0.4352425699003035,1.3788208561424184,-2.3552973530355956,-1.9653235814365786,-2.0134367574381145,1.9846071212298568,2.175521012296656,2.4025727141878406,2.7417661331925274,2.9359004513813787,3.0460923762788994,-1.9280858422241351,-1.9280858422241494,-1.9280858422241351,-1.9280858422241351,-1.9280858422241351,-1.9280858422241351,-1.9280858422241494,-1.9280858422241494,1.3852289715757777,1.4064432124328654,-1.9280858422241494,-0.3115384142893105,0.0,0.8103579074614942,1.3341164432205446,-2.2031722232800632,-2.388829411981078,-2.7774519631663175,-1.9280858422241458,-1.9280858422241458,-1.9280858422241423,-1.9280858422241423,-1.9280858422241494,-1.9280858422241494,-1.9280858422241494,-1.9280858422241494,-1.9280858422241494,-1.9280858422241494,-1.9280858422241494,-1.9280858422241494,-1.9280858422241494,-1.9280858422241494,-1.9280858422241494,-1.9280858422241494,-2.2150793504465653,-1.9280858422241494,-1.9280858422241494,-2.1665834651984,-2.6740496527593365,-2.6699613494783137,-2.6782885023794307,-4.206102018960593,-3.8567391971071316,-3.8645332747772585,-1.413863616362832,-1.3641228206639227,-1.3807189394224224,-0.3983492673277311,-0.39773657209362057,-1.9280858422241494,-1.9280858422241423,-1.9280858422241351,-1.9280858422241351,-1.9280858422241351,-1.9280858422241351,-1.9280858422241494,-1.9280858422241494,-1.9280858422241494,-1.9280858422241494,-1.9280858422241494,-1.9280858422241494,-1.9280858422241565,-1.9280858422241636,-1.9280858422241636,-1.9280858422241494,-1.9280858422241494,-1.9280858422241494,-1.9280858422241494,-1.9280858422241494,-1.9280858422241494,-1.9280858422241494,-1.9280858422241494,-1.9280858422241494,-1.9280858422241494,-1.9280858422241494
140,-1.1177279347626694,-1.1177279347626694,-1.1177279347626694,-1.1177279347626694,-1.1177279347626694,-1.1177279347626694,-1.1177279347626694,-1.1177279347626694,-1.1177279347626694,-1.1177279347626694,-1.1177279347626623,-1.1177279347626552,-1.1177279347626552,-1.1177279347626552,-1.1177279347626552,-1.1177279347626552,-1.1177279347626516,-1.1177279347626552,-1.1177279347626552,-1.1177279347626552,-1.1177279347626552,-1.1177279347626552,-1.1177279347626552,-1.1177279347626552,-1.2830422960467445,-0.4382661844392004,-0.07593544125779772,-0.09360497717649707,-0.26244480102283774,-0.2564946326721156,-0.5428236506347162,-0.601566571717953,-0.3359702774773723,0.3555765835977098,0.1546951496733584,0.16229115817097295,0.1669746544831412,-1.1177279347626694,-1.1177279347626836,-1.1177279347626836,-1.1177279347626836,-1.1177279347626836,-1.1177279347626836,-1.1177279347626836,-1.1177279347626836,-1.1177279347626836,-1.1177279347626836,-1.1177279347626836,-1.1177279347626694,-1.1177279347626836,-1.1177279347626836,-1.1177279347626836,-1.1177279347626836,-1.1177279347626836,-1.1177279347626552,-1.1177279347626836,-1.1177279347626694,-1.1177279347626694,-1.1177279347626836,-1.1177279347626836,-1.1177279347626836,-1.1069264639095167,-0.9421345296673707,-0.527474719031872,-0.1811558319398472,0.9388610212405126,0.9695629043782787,0.4729059931838009,0.3603027096532827,1.035741444417539,1.041322271023418,1.0297448748893459,-1.1177279347626836,-1.1177279347626836,-1.1177279347626836,-1.1177279347626836,-1.1177279347626836,-1.1177279347626836,-1.1177279347626836,-1.1177279347626836,-1.1177279347626836,-1.1177279347626516,0.620264980081151,1.0815606780688132,1.3548396921955863,1.6789656344988941,1.995011473658895,1.9949868301211708,2.6727066145253886,2.876393919262732,2.375766667484001,2.4697789868744806,2.1923902541836426,1.3206729864415934,1.1999544042446928,1.1064893463501164,0.33425272574469034,0.6736958842157605,0.6972950917899823,-0.5982577010423569,-0.7327942252141497,-0.7223506496023617,3.0697952923155896,3.165992014591396,-1.5479107186645678,-2.190075211283016,-2.759641958349448,-5.334394945340833,-1.1177279347626836,-1.1177279347626836,2.0026471340502994,2.040274862939949,2.001033970615218,1.525331526682649,1.055274759493571,1.1278186322153303,1.2456004773618048,2.1891787636039197,-1.5449394455741015,-1.1549656739750844,-1.2030788499766203,2.794965028691351,2.98587891975815,3.2129306216493347,3.5521240406540215,3.746258358842873,3.8564502837403936,-1.1177279347626552,-1.1177279347626694,-1.1177279347626552,-1.1177279347626552,-1.1177279347626552,-1.1177279347626552,-1.1177279347626552,-1.1177279347626552,2.195586879037272,2.2168011198943596,-1.1177279347626552,0.4988194931721832,0.8103579074614942,0.0,0.5237585357590522,-1.392814315818569,-1.5784715045195838,-1.9670940557048269,-1.1177279347626516,-1.1177279347626516,-1.117727934762648,-1.117727934762648,-1.1177279347626552,-1.1177279347626552,-1.1177279347626552,-1.1177279347626552,-1.1177279347626552,-1.1177279347626552,-1.1177279347626552,-1.1177279347626552,-1.1177279347626552,-1.1177279347626552,-1.1177279347626552,-1.1177279347626552,-1.4047214429850712,-1.1177279347626552,-1.1177279347626552,-1.3562255577369058,-1.8636917452978423,-1.8596034420168053,-1.8679305949179223,-3.3957441114990843,-3.0463812896456233,-3.05417536731575,-0.6035057089013236,-0.5537649132024143,-0.5703610319609282,0.41200864013376304,0.4126213353678736,-1.1177279347626552,-1.1177279347626552,-1.1177279347626552,-1.1177279347626552,-1.1177279347626552,-1.1177279347626552,-1.1177279347626552,-1.1177279347626552,-1.1177279347626552,-1.1177279347626552,-1.1177279347626552,-1.1177279347626552,-1.1177279347626552,-1.1177279347626552,-1.1177279347626552,-1.1177279347626552,-1.1177279347626552,-1.1177279347626552,-1.1177279347626552,-1.1177279347626623,-1.1177279347626694,-1.1177279347626694,-1.1177279347626694,-1.1177279347626552,-1.1177279347626552,-1.1177279347626694
141,-0.5939693990036119,-0.5939693990036119,-0.5939693990036119,-0.5939693990036119,-0.5939693990036119,-0.5939693990036119,-0.5939693990036119,-0.5939693990036119,-0.5939693990036119,-0.5939693990036119,-0.5939693990036119,-0.5939693990036048,-0.5939693990036048,-0.5939693990036048,-0.5939693990036048,-0.5939693990036048,-0.5939693990036012,-0.5939693990036048,-0.5939693990036119,-0.5939693990036261,-0.5939693990036261,-0.5939693990036261,-0.5939693990036261,-0.5939693990036261,-0.7592837602877296,0.08549235131981447,0.44782309450121716,0.4301535585825178,0.26131373473617714,0.2672639030868993,-0.019065114875701283,-0.07780803595893815,0.18778825828164258,0.8793351193567247,0.6784536854323733,0.6860496939299878,0.6907331902421561,-0.5939693990036403,-0.5939693990036545,-0.5939693990036545,-0.5939693990036545,-0.5939693990036545,-0.5939693990036545,-0.5939693990036545,-0.5939693990036545,-0.5939693990036545,-0.5939693990036545,-0.5939693990036545,-0.5939693990036403,-0.5939693990036545,-0.5939693990036403,-0.5939693990036403,-0.5939693990036403,-0.5939693990036403,-0.5939693990036119,-0.5939693990036545,-0.5939693990036403,-0.5939693990036403,-0.5939693990036687,-0.5939693990036687,-0.5939693990036687,-0.5831679281504876,-0.41837599390834157,-0.0037161832728429545,0.3426027038191819,1.4626195569995417,1.4933214401373078,0.99666452894283,0.8840612454123118,1.559499980176568,1.565080806782447,1.553503410648375,-0.5939693990036545,-0.5939693990036545,-0.5939693990036545,-0.5939693990036545,-0.5939693990036403,-0.5939693990036403,-0.5939693990036545,-0.5939693990036545,-0.5939693990036545,-0.5939693990036012,1.1440235158402015,1.6053192138278654,1.8785982279546367,2.2027241702579445,2.518770009417949,2.5187453658802212,3.196465150284439,3.400152455021775,2.8995252032430443,2.993537522633524,2.716148789942686,1.8444315222006367,1.723712940003736,1.6302478821091597,0.8580112615037194,1.1974544199747896,1.2210536275490114,-0.074499165283342,-0.20903568945513484,-0.19859211384334685,3.5935538280746187,3.689750550350425,-1.0241521829055387,-1.666316675523987,-2.235883422590419,-4.810636409581804,-0.5939693990036545,-0.5939693990036545,2.526405669809357,2.56403339869901,2.5247925063742755,2.0490900624417066,1.5790332952526285,1.6515771679743878,1.7693590131208623,2.7129372993629772,-1.0211809098150724,-0.6312071382160553,-0.6793203142175912,3.3187235644504014,3.5096374555172005,3.736689157408385,4.075882576413072,4.270016894601923,4.380208819499444,-0.5939693990036261,-0.5939693990036403,-0.5939693990036261,-0.5939693990036261,-0.5939693990036261,-0.5939693990036261,-0.5939693990036261,-0.5939693990036261,2.7193454147963223,2.7405596556534064,-0.5939693990036119,1.0225780289312336,1.3341164432205446,0.5237585357590522,0.0,-0.8690557800595187,-1.0547129687605334,-1.4433355199457765,-0.5939693990036048,-0.5939693990036048,-0.5939693990036048,-0.5939693990036048,-0.5939693990036119,-0.5939693990036119,-0.5939693990036119,-0.5939693990036119,-0.5939693990036119,-0.5939693990036119,-0.5939693990036119,-0.5939693990036119,-0.5939693990036119,-0.5939693990036119,-0.5939693990036119,-0.5939693990036119,-0.8809629072260208,-0.5939693990036119,-0.5939693990036119,-0.8324670219778625,-1.339933209538799,-1.3358449062577762,-1.3441720591588933,-2.871985575740055,-2.522622753886594,-2.530416831556721,-0.07974717314229451,-0.03000637744338519,-0.046602496201884946,0.9357671758928063,0.9363798711269169,-0.5939693990036119,-0.5939693990036119,-0.5939693990036119,-0.5939693990036119,-0.5939693990036119,-0.5939693990036119,-0.5939693990036048,-0.5939693990035977,-0.5939693990035977,-0.5939693990035977,-0.5939693990035977,-0.5939693990035977,-0.5939693990035977,-0.5939693990035977,-0.5939693990035977,-0.5939693990036048,-0.5939693990035977,-0.5939693990035977,-0.5939693990035977,-0.5939693990035977,-0.5939693990035977,-0.5939693990035977,-0.5939693990035977,-0.5939693990036119,-0.5939693990036119,-0.5939693990036119
142,-0.2750863810559139,-0.2750863810559139,-0.2750863810559139,-0.2750863810559139,-0.2750863810559139,-0.2750863810559139,-0.2750863810559139,-0.275086381055921,-0.275086381055921,-0.275086381055921,-0.275086381055921,-0.275086381055921,-0.275086381055921,-0.275086381055921,-0.275086381055921,-0.275086381055921,-0.275086381055921,-0.275086381055921,-0.275086381055921,-0.275086381055921,-0.275086381055921,-0.275086381055921,-0.275086381055921,-0.2750863810559281,-0.44040074234003157,0.4043753692675125,0.7667061124489152,0.7490365765302158,0.5801967526838752,0.5861469210345973,0.29981790307201095,0.24107498198877408,0.5066712762293548,1.198218137304437,0.9973367033800997,1.0049327118777143,1.009616208189854,-0.2750863810559281,-0.2750863810559281,-0.2750863810559139,-0.2750863810559139,-0.2750863810559139,-0.2750863810559139,-0.2750863810559139,-0.2750863810559139,-0.2750863810559139,-0.2750863810559139,-0.2750863810559139,-0.27508638105589966,-0.2750863810559139,-0.2750863810559139,-0.2750863810559139,-0.2750863810559139,-0.2750863810559139,-0.27508638105589966,-0.2750863810559139,-0.27508638105589966,-0.27508638105589966,-0.2750863810559281,-0.2750863810559281,-0.2750863810559281,-0.26428491020278955,-0.09949297596065776,0.31516683467484086,0.6614857217668657,1.7815025749472255,1.8122044580849916,1.3155475468905138,1.2029442633599956,1.878382998124252,1.883963824730131,1.8723864285960587,-0.2750863810559139,-0.2750863810559139,-0.2750863810559139,-0.2750863810559139,-0.27508638105589966,-0.27508638105589966,-0.2750863810559139,-0.2750863810559139,-0.2750863810559139,-0.275086381055921,-2.013079295899722,-1.5517835979120598,-1.2785045837852884,-0.9543786414819877,-0.6383328023219832,-0.638357445859711,0.03936233854450677,0.24304964328185008,-0.2575776084968737,-0.16356528910640122,-0.4409540217972392,-1.3126712895392956,-1.4333898717361961,-1.5268549296307725,1.1768942794514032,1.5163374379224734,1.5399366454966952,0.24438385266435603,0.10984732849256318,0.12029090410435117,0.4364510163347006,0.5326477386105068,-0.7052691649578406,-1.347433657576289,-1.917000404642721,-4.49175339163412,-0.2750863810559139,-0.2750863810559139,-0.6306971419305754,-0.5930694130409222,-0.6323103053656567,-1.1080127492982257,-1.5780695164873109,-1.5055256437655515,-1.387743798619077,-0.4441655123769692,-0.7022978918673743,-0.3123241202683573,-0.3604372962698932,0.16162075271046916,0.3525346437772612,0.5795863456684458,0.9187797646731184,1.1129140828619768,1.2231060077594975,-0.2750863810559139,-0.275086381055921,-0.2750863810559139,-0.275086381055921,-0.2750863810559139,-0.2750863810559139,-0.2750863810559281,-0.2750863810559281,-0.43775739694361704,-0.4165431560865329,-0.275086381055921,-1.891633808990754,-2.2031722232800632,-1.392814315818569,-0.8690557800595187,0.0,-0.18565718870101477,-0.5742797398862551,-0.275086381055921,-0.275086381055921,-0.275086381055921,-0.275086381055921,-0.275086381055921,-0.275086381055921,-0.275086381055921,-0.275086381055921,-0.2750863810559139,-0.2750863810559139,-0.2750863810559139,-0.2750863810559139,-0.2750863810559139,-0.2750863810559139,-0.2750863810559139,-0.2750863810559139,-0.5620798892783405,-0.2750863810559139,-0.2750863810559139,-0.5135840040301574,-1.0210501915910868,-1.0169618883100497,-1.0252890412111668,-2.5531025577923288,-2.2037397359388677,-2.2115338136089946,0.23913584480543193,0.28887664050434125,0.2722805217458202,1.2546501938405044,1.255262889074615,-0.275086381055921,-0.275086381055921,-0.275086381055921,-0.275086381055921,-0.2750863810559281,-0.2750863810559281,-0.275086381055921,-0.2750863810559281,-0.2750863810559281,-0.2750863810559281,-0.275086381055921,-0.2750863810559139,-0.2750863810559139,-0.2750863810559139,-0.2750863810559139,-0.275086381055921,-0.275086381055921,-0.275086381055921,-0.275086381055921,-0.275086381055921,-0.275086381055921,-0.275086381055921,-0.275086381055921,-0.275086381055921,-0.2750863810559139,-0.2750863810559139
143,-0.46074356975692865,-0.46074356975692865,-0.46074356975692865,-0.46074356975692865,-0.46074356975692865,-0.46074356975692865,-0.46074356975692865,-0.46074356975692865,-0.46074356975692865,-0.46074356975692865,-0.46074356975692865,-0.46074356975692865,-0.46074356975692865,-0.46074356975692865,-0.46074356975693576,-0.46074356975693576,-0.46074356975693576,-0.46074356975694286,-0.46074356975694286,-0.46074356975694286,-0.46074356975694286,-0.46074356975694286,-0.46074356975694286,-0.46074356975694286,-0.6260579310410321,0.21871818056651193,0.5810489237479146,0.5633793878292153,0.3945395639828746,0.40048973233359675,0.11416071437099617,0.05541779328775931,0.32101408752834004,1.0125609486034222,0.811679514679085,0.8192755231766995,0.8239590194888393,-0.46074356975694286,-0.46074356975695707,-0.46074356975695707,-0.46074356975695707,-0.46074356975695707,-0.46074356975695707,-0.46074356975695707,-0.46074356975695707,-0.46074356975695707,-0.46074356975695707,-0.46074356975695707,-0.46074356975694286,-0.46074356975695707,-0.46074356975695707,-0.46074356975695707,-0.46074356975695707,-0.46074356975695707,-0.46074356975694286,-0.46074356975695707,-0.46074356975694286,-0.46074356975694286,-0.4607435697569713,-0.4607435697569713,-0.4607435697569713,-0.4499420989038043,-0.2851501646616583,0.1295096459738403,0.47582853306586514,1.595845386246225,1.626547269383991,1.1298903581895132,1.017287074658995,1.6927258094232513,1.6983066360291303,1.6867292398950582,-0.46074356975695707,-0.46074356975695707,-0.46074356975695707,-0.46074356975695707,-0.46074356975694286,-0.46074356975694286,-0.46074356975695707,-0.46074356975695707,-0.46074356975695707,-0.46074356975693576,-2.1987364846007367,-1.7374407866130746,-1.4641617724863032,-1.1400358301829954,-0.8239899910229909,-0.8240146345607187,-0.1462948501565009,0.057392454580835306,-0.4432347971978885,-0.349222477807416,-0.626611210498254,-1.4983284782403103,-1.619047060437211,-1.7125121183317873,0.9912370907504027,1.3306802492214729,1.3542794567956946,0.05872666396335546,-0.07580986020843739,-0.0653662845966494,0.25079382763370006,0.3469905499095063,-0.8909263536588554,-1.5330908462773039,-2.1026575933437357,-4.6774105803351205,-0.46074356975695707,-0.46074356975695707,-0.816354330631583,-0.7787266017419299,-0.8179674940666644,-1.2936699379992334,-1.7637267051883185,-1.6911828324665592,-1.573400987320099,-0.629822701077984,-0.8879550805683891,-0.4979813089693721,-0.546094484970908,-0.024036435990538507,0.1668774550762535,0.393929156967431,0.7331225759721178,0.9272568941609762,1.037448819058497,-0.46074356975693576,-0.46074356975694286,-0.46074356975692865,-0.46074356975692865,-0.46074356975692865,-0.46074356975692865,-0.46074356975694997,-0.46074356975694997,-0.6234145856446247,-0.6022003447875406,-0.46074356975694286,-2.077290997691769,-2.388829411981078,-1.5784715045195838,-1.0547129687605334,-0.18565718870101477,0.0,-0.38862255118524014,-0.46074356975693576,-0.46074356975693576,-0.46074356975693576,-0.46074356975693576,-0.46074356975692865,-0.46074356975692865,-0.46074356975692865,-0.46074356975692865,-0.46074356975692865,-0.46074356975692865,-0.46074356975692865,-0.46074356975692865,-0.46074356975692865,-0.46074356975692865,-0.46074356975692865,-0.46074356975692865,-0.7477370779793553,-0.46074356975692865,-0.46074356975692865,-0.699241192731165,-1.2067073802921016,-1.2026190770110787,-1.2109462299121958,-2.7387597464933577,-2.3893969246398967,-2.3971910023100236,0.053478656104402944,0.10321945180331227,0.0866233330447983,1.0689930051394896,1.0696057003736001,-0.46074356975692865,-0.46074356975692865,-0.46074356975692865,-0.46074356975694286,-0.46074356975694286,-0.46074356975694286,-0.46074356975692865,-0.46074356975692865,-0.46074356975692865,-0.46074356975692865,-0.46074356975692865,-0.46074356975692865,-0.46074356975692865,-0.46074356975692865,-0.46074356975692865,-0.46074356975692865,-0.46074356975692865,-0.46074356975692865,-0.46074356975692865,-0.46074356975692865,-0.46074356975692865,-0.46074356975692865,-0.46074356975692865,-0.46074356975692865,-0.46074356975692865,-0.46074356975692865
144,-0.8493661209421788,-0.8493661209421788,-0.8493661209421788,-0.8493661209421788,-0.8493661209421788,-0.8493661209421788,-0.8493661209421788,-0.8493661209421788,-0.8493661209421788,-0.8493661209421788,-0.8493661209421788,-0.8493661209421788,-0.8493661209421788,-0.8493661209421788,-0.8493661209421788,-0.8493661209421788,-0.8493661209421788,-0.8493661209421788,-0.8493661209421788,-0.8493661209421788,-0.8493661209421788,-0.8493661209421788,-0.8493661209421788,-0.8493661209421788,-1.014680482226268,-0.169904370618724,0.1924263725626787,0.17475683664397934,0.005917012797638677,0.011867181148360828,-0.27446183681422553,-0.3332047578974624,-0.06760846365688167,0.6239383974182005,0.42305696349386324,0.4306529719914778,0.4353364683036176,-0.8493661209421788,-0.849366120942193,-0.849366120942193,-0.849366120942193,-0.849366120942193,-0.849366120942193,-0.849366120942193,-0.849366120942193,-0.849366120942193,-0.849366120942193,-0.849366120942193,-0.8493661209421788,-0.849366120942193,-0.849366120942193,-0.849366120942193,-0.849366120942193,-0.849366120942193,-0.8493661209421788,-0.849366120942193,-0.8493661209421788,-0.8493661209421788,-0.8493661209422072,-0.849366120942193,-0.849366120942193,-0.8385646500890402,-0.6737727158469085,-0.25911290521140984,0.08720598188061501,1.2072228350609748,1.237924718198741,0.7412678070042631,0.6286645234737449,1.3041032582380012,1.3096840848438802,1.298106688709808,-0.849366120942193,-0.849366120942193,-0.849366120942193,-0.849366120942193,-0.849366120942193,-0.849366120942193,-0.849366120942193,-0.849366120942193,-0.849366120942193,-0.849366120942177,-2.5873590357859797,-2.1260633377983176,-1.8527843236715427,-1.5286583813682384,-1.212612542208234,-1.2126371857459617,-0.5349174013417439,-0.3312300966044006,-0.8318573483831244,-0.7378450289926519,-1.0152337616834899,-1.8869510294255463,-2.007669611622447,-2.101134669517023,0.6026145395651525,0.9420576980362227,0.9656569056104445,-0.32989588722188046,-0.4644324113936733,-0.4539888357818853,-0.13782872355153586,-0.041632001275729635,-1.2795489048440913,-1.9217133974625398,-2.4912801445289716,-5.066033131520371,-0.849366120942193,-0.849366120942193,-1.204976881816826,-1.167349152927173,-1.2065900452519074,-1.6822924891844764,-2.1523492563735616,-2.0798053836518022,-1.9620235385053348,-1.01844525226322,-1.276577631753625,-0.886603860154608,-0.9347170361561439,-0.41265898717578153,-0.22174509610898951,0.005306605782195106,0.3445000247868819,0.5386343429757403,0.648826267873261,-0.8493661209421788,-0.849366120942193,-0.8493661209421788,-0.8493661209421788,-0.8493661209421788,-0.8493661209421788,-0.8493661209421859,-0.8493661209421859,-1.0120371368298677,-0.9908228959727836,-0.8493661209421788,-2.465913548877012,-2.777451963166321,-1.9670940557048269,-1.4433355199457765,-0.5742797398862551,-0.38862255118524014,0.0,-0.8493661209421788,-0.8493661209421788,-0.8493661209421788,-0.8493661209421788,-0.8493661209421788,-0.8493661209421788,-0.8493661209421788,-0.8493661209421788,-0.8493661209421788,-0.8493661209421788,-0.8493661209421788,-0.8493661209421788,-0.8493661209421788,-0.8493661209421788,-0.8493661209421788,-0.8493661209421788,-1.1363596291645983,-0.8493661209421788,-0.8493661209421788,-1.0878637439164152,-1.5953299314773517,-1.5912416281963289,-1.599568781097446,-3.127382297678608,-2.778019475825147,-2.7858135534952737,-0.3351438950808472,-0.28540309938193786,-0.30199921814045183,0.6803704539542395,0.68098314918835,-0.8493661209421788,-0.8493661209421788,-0.8493661209421788,-0.849366120942193,-0.849366120942193,-0.849366120942193,-0.8493661209421788,-0.8493661209421788,-0.8493661209421788,-0.8493661209421788,-0.8493661209421788,-0.8493661209421788,-0.8493661209421788,-0.8493661209421788,-0.8493661209421788,-0.8493661209421788,-0.8493661209421788,-0.8493661209421788,-0.8493661209421788,-0.8493661209421788,-0.8493661209421788,-0.8493661209421788,-0.8493661209421788,-0.8493661209421788,-0.8493661209421788,-0.8493661209421788
145,0.0,0.0,0.0,0.0,0.0,0.0,0.0,0.0,0.0,0.0,0.0,0.0,0.0,0.0,0.0,0.0,0.0,0.0,0.0,0.0,0.0,0.0,0.0,0.0,-0.16531436128410348,0.6794617503234406,1.0417924935048433,1.024122957586144,0.8552831337398032,0.8612333020905254,0.5749042841279248,0.516161363044688,0.7817576572852687,1.4733045183603508,1.2724230844360136,1.2800190929336281,1.284702589245768,-7.105427357601002e-15,-7.105427357601002e-15,-7.105427357601002e-15,0.0,0.0,0.0,0.0,0.0,0.0,0.0,0.0,1.4210854715202004e-14,0.0,0.0,0.0,0.0,0.0,1.4210854715202004e-14,0.0,1.4210854715202004e-14,1.4210854715202004e-14,0.0,0.0,0.0,0.01080147085313854,0.17559340509527033,0.5902532157307689,0.9365721028227938,2.0565889560031536,2.0872908391409197,1.5906339279464419,1.4780306444159237,2.15346937918018,2.159050205786059,2.147472809651987,0.0,0.0,0.0,0.0,0.0,0.0,0.0,0.0,0.0,0.0,-1.737992914843801,-1.2766972168561388,-1.0034182027293674,-0.6792922604260667,-0.3632464212660622,-0.36327106480379,0.31444871960042775,0.518136024337764,0.017508772559040153,0.11152109194951265,-0.16586764074132532,-1.0375849084833817,-1.1583034906802823,-1.2517685485748586,1.4519806605073313,1.7914238189784015,1.8150230265526233,0.5194702337202841,0.38493370954849127,0.39537728516027926,0.7115373973906145,0.8077341196664207,-0.43018278390191256,-1.0723472765203539,-1.6419140235867786,-4.216667010578178,0.0,0.0,-0.3556107608746544,-0.3179830319850012,-0.3572239243097357,-0.8329263682423047,-1.3029831354313899,-1.2304392627096306,-1.112657417563156,-0.16907913132104113,-0.42721151081145337,-0.037237739212443444,-0.0853509152139793,0.43670713376639014,0.6276210248331822,0.8546727267243668,1.1938661457290536,1.3880004639179049,1.4981923888154256,7.105427357601002e-15,0.0,7.105427357601002e-15,0.0,0.0,0.0,-7.105427357601002e-15,-7.105427357601002e-15,-0.16267101588769606,-0.14145677503061194,0.0,-1.616547427934833,-1.9280858422241423,-1.117727934762648,-0.5939693990035977,-0.275086381055921,-0.46074356975693576,-0.8493661209421752,0.0,0.0,0.0,0.0,0.0,0.0,0.0,0.0,0.0,0.0,0.0,0.0,0.0,0.0,0.0,0.0,-0.28699350822241954,0.0,0.0,-0.23849762297424348,-0.7459638105351729,-0.741875507254143,-0.7502026601552743,-2.278016176736429,-1.928653354882968,-1.936447432553095,0.5142222258613174,0.5639630215602267,0.5473669028017341,1.5297365748964253,1.530349270130543,0.0,0.0,0.0,0.0,0.0,0.0,0.0,0.0,0.0,0.0,0.0,0.0,0.0,0.0,0.0,0.0,0.0,0.0,0.0,0.0,0.0,0.0,0.0,0.0,0.0,0.0
146,0.0,0.0,0.0,0.0,0.0,0.0,0.0,0.0,0.0,0.0,0.0,0.0,0.0,0.0,0.0,0.0,0.0,0.0,0.0,0.0,0.0,0.0,0.0,0.0,-0.16531436128410348,0.6794617503234406,1.0417924935048433,1.024122957586144,0.8552831337398032,0.8612333020905254,0.574904284127939,0.5161613630447022,0.7817576572852829,1.473304518360365,1.2724230844360278,1.2800190929336424,1.2847025892457822,0.0,0.0,0.0,0.0,0.0,0.0,0.0,0.0,0.0,0.0,0.0,1.4210854715202004e-14,0.0,0.0,0.0,0.0,0.0,1.4210854715202004e-14,0.0,1.4210854715202004e-14,1.4210854715202004e-14,-1.4210854715202004e-14,0.0,0.0,0.010801470853131434,0.17559340509525612,0.5902532157307547,0.9365721028227796,2.0565889560031394,2.0872908391409055,1.5906339279464277,1.4780306444159095,2.153469379180166,2.159050205786045,2.1474728096519726,0.0,0.0,0.0,0.0,0.0,0.0,0.0,0.0,0.0,0.0,-1.737992914843801,-1.2766972168561388,-1.0034182027293674,-0.6792922604260596,-0.3632464212660551,-0.3632710648037829,0.31444871960043486,0.5181360243377782,0.017508772559054364,0.11152109194952686,-0.1658676407413111,-1.0375849084833675,-1.158303490680268,-1.2517685485748444,1.4519806605073171,1.7914238189783873,1.815023026552609,0.5194702337202841,0.38493370954849127,0.39537728516027926,0.7115373973906429,0.8077341196664491,-0.43018278390191256,-1.0723472765203468,-1.6419140235867786,-4.216667010578163,0.0,0.0,-0.35561076087464727,-0.3179830319849941,-0.3572239243097286,-0.8329263682422976,-1.3029831354313828,-1.2304392627096234,-1.112657417563149,-0.16907913132104113,-0.42721151081145337,-0.037237739212443444,-0.0853509152139793,0.43670713376639725,0.6276210248331893,0.8546727267243739,1.1938661457290465,1.3880004639179049,1.4981923888154256,7.105427357601002e-15,0.0,7.105427357601002e-15,0.0,0.0,0.0,-7.105427357601002e-15,-7.105427357601002e-15,-0.16267101588768895,-0.14145677503060483,0.0,-1.616547427934833,-1.9280858422241423,-1.117727934762648,-0.5939693990035977,-0.275086381055921,-0.46074356975693576,-0.8493661209421752,0.0,0.0,0.0,0.0,0.0,0.0,0.0,0.0,0.0,0.0,0.0,0.0,0.0,0.0,0.0,0.0,-0.2869935082224231,0.0,0.0,-0.23849762297424348,-0.7459638105351729,-0.741875507254143,-0.7502026601552672,-2.278016176736429,-1.928653354882968,-1.936447432553095,0.5142222258613316,0.5639630215602409,0.5473669028017341,1.5297365748964253,1.530349270130543,0.0,0.0,0.0,0.0,0.0,0.0,0.0,0.0,0.0,0.0,0.0,0.0,0.0,0.0,0.0,0.0,0.0,0.0,0.0,0.0,0.0,0.0,0.0,0.0,0.0,0.0
147,0.0,0.0,0.0,0.0,0.0,0.0,0.0,0.0,0.0,0.0,0.0,0.0,0.0,0.0,0.0,0.0,0.0,0.0,0.0,0.0,0.0,0.0,0.0,0.0,-0.16531436128410348,0.6794617503234406,1.0417924935048433,1.024122957586144,0.8552831337398032,0.8612333020905254,0.5749042841279248,0.516161363044688,0.7817576572852687,1.4733045183603508,1.2724230844360136,1.2800190929336281,1.284702589245768,0.0,0.0,1.4210854715202004e-14,1.4210854715202004e-14,1.4210854715202004e-14,1.4210854715202004e-14,1.4210854715202004e-14,1.4210854715202004e-14,1.4210854715202004e-14,1.4210854715202004e-14,1.4210854715202004e-14,2.842170943040401e-14,1.4210854715202004e-14,1.4210854715202004e-14,1.4210854715202004e-14,1.4210854715202004e-14,1.4210854715202004e-14,2.842170943040401e-14,1.4210854715202004e-14,2.842170943040401e-14,2.842170943040401e-14,0.0,0.0,0.0,0.010801470853124329,0.17559340509527033,0.5902532157307689,0.9365721028227938,2.0565889560031536,2.0872908391409197,1.5906339279464419,1.4780306444159237,2.15346937918018,2.159050205786059,2.147472809651987,1.4210854715202004e-14,1.4210854715202004e-14,1.4210854715202004e-14,1.4210854715202004e-14,2.842170943040401e-14,2.842170943040401e-14,1.4210854715202004e-14,1.4210854715202004e-14,1.4210854715202004e-14,0.0,-1.737992914843801,-1.2766972168561423,-1.003418202729371,-0.6792922604260596,-0.3632464212660551,-0.3632710648037829,0.31444871960043486,0.5181360243377782,0.017508772559054364,0.11152109194952686,-0.1658676407413111,-1.0375849084833675,-1.158303490680268,-1.2517685485748444,1.4519806605073313,1.7914238189784015,1.8150230265526233,0.5194702337202841,0.38493370954849127,0.39537728516027926,0.7115373973906287,0.8077341196664349,-0.43018278390191256,-1.072347276520361,-1.6419140235867928,-4.216667010578192,1.4210854715202004e-14,1.4210854715202004e-14,-0.35561076087464727,-0.3179830319849941,-0.3572239243097286,-0.8329263682422976,-1.3029831354313828,-1.2304392627096234,-1.112657417563156,-0.16907913132104113,-0.42721151081146047,-0.037237739212443444,-0.0853509152139793,0.43670713376639725,0.6276210248331893,0.8546727267243739,1.1938661457290607,1.388000463917919,1.4981923888154398,7.105427357601002e-15,0.0,7.105427357601002e-15,0.0,0.0,0.0,-7.105427357601002e-15,-7.105427357601002e-15,-0.16267101588768895,-0.14145677503060483,0.0,-1.616547427934833,-1.9280858422241458,-1.117727934762648,-0.5939693990035977,-0.275086381055921,-0.46074356975693576,-0.8493661209421752,0.0,0.0,0.0,0.0,0.0,0.0,0.0,0.0,0.0,0.0,0.0,0.0,0.0,0.0,0.0,0.0,-0.28699350822241954,0.0,0.0,-0.23849762297424348,-0.7459638105351729,-0.741875507254143,-0.7502026601552672,-2.2780161767364433,-1.9286533548829823,-1.9364474325531091,0.5142222258613316,0.5639630215602409,0.5473669028017341,1.5297365748964253,1.530349270130543,0.0,0.0,0.0,0.0,0.0,0.0,0.0,0.0,0.0,0.0,0.0,0.0,0.0,0.0,0.0,0.0,0.0,0.0,0.0,0.0,0.0,0.0,0.0,0.0,0.0,0.0
148,0.0,0.0,0.0,0.0,0.0,0.0,0.0,0.0,0.0,0.0,0.0,0.0,0.0,0.0,0.0,0.0,0.0,0.0,0.0,0.0,0.0,0.0,0.0,0.0,-0.16531436128408927,0.6794617503234548,1.0417924935048575,1.0241229575861581,0.8552831337398175,0.8612333020905396,0.574904284127939,0.5161613630447022,0.7817576572852829,1.473304518360365,1.2724230844360278,1.2800190929336424,1.2847025892457822,0.0,-1.4210854715202004e-14,-1.4210854715202004e-14,-1.4210854715202004e-14,-1.4210854715202004e-14,-1.4210854715202004e-14,-1.4210854715202004e-14,-1.4210854715202004e-14,-1.4210854715202004e-14,-1.4210854715202004e-14,-1.4210854715202004e-14,0.0,-1.4210854715202004e-14,-1.4210854715202004e-14,-1.4210854715202004e-14,-1.4210854715202004e-14,-1.4210854715202004e-14,0.0,-1.4210854715202004e-14,0.0,0.0,-2.842170943040401e-14,-2.842170943040401e-14,-2.842170943040401e-14,0.01080147085313854,0.17559340509528454,0.5902532157307832,0.936572102822808,2.056588956003168,2.087290839140934,1.590633927946456,1.478030644415938,2.153469379180194,2.159050205786073,2.147472809652001,-1.4210854715202004e-14,-1.4210854715202004e-14,-1.4210854715202004e-14,-1.4210854715202004e-14,0.0,0.0,-1.4210854715202004e-14,-1.4210854715202004e-14,-1.4210854715202004e-14,0.0,-1.737992914843801,-1.2766972168561352,-1.0034182027293639,-0.6792922604260525,-0.363246421266048,-0.3632710648037758,0.31444871960043486,0.5181360243377782,0.017508772559054364,0.11152109194952686,-0.1658676407413111,-1.0375849084833675,-1.158303490680268,-1.2517685485748444,1.4519806605073455,1.7914238189784157,1.8150230265526375,0.5194702337202983,0.3849337095485055,0.39537728516029347,0.7115373973906429,0.8077341196664491,-0.43018278390191256,-1.072347276520361,-1.6419140235867928,-4.216667010578178,-1.4210854715202004e-14,-1.4210854715202004e-14,-0.35561076087464016,-0.317983031984987,-0.3572239243097215,-0.8329263682422976,-1.3029831354313899,-1.2304392627096377,-1.1126574175631703,-0.16907913132105534,-0.42721151081144626,-0.03723773921242923,-0.0853509152139651,0.43670713376640435,0.6276210248331893,0.8546727267243739,1.1938661457290607,1.388000463917919,1.4981923888154398,7.105427357601002e-15,0.0,1.4210854715202004e-14,1.4210854715202004e-14,1.4210854715202004e-14,1.4210854715202004e-14,-7.105427357601002e-15,-7.105427357601002e-15,-0.16267101588768185,-0.14145677503059773,0.0,-1.616547427934833,-1.9280858422241423,-1.117727934762648,-0.5939693990035977,-0.275086381055921,-0.46074356975693576,-0.8493661209421788,0.0,0.0,0.0,0.0,0.0,0.0,0.0,0.0,0.0,0.0,0.0,0.0,0.0,0.0,0.0,0.0,-0.28699350822241954,0.0,0.0,-0.23849762297423638,-0.7459638105351729,-0.7418755072541501,-0.7502026601552672,-2.278016176736429,-1.928653354882968,-1.936447432553095,0.5142222258613316,0.5639630215602409,0.547366902801727,1.5297365748964182,1.5303492701305288,0.0,0.0,0.0,0.0,0.0,0.0,0.0,0.0,0.0,0.0,0.0,0.0,0.0,0.0,0.0,0.0,0.0,0.0,0.0,0.0,0.0,0.0,0.0,0.0,0.0,0.0
149,0.0,0.0,0.0,0.0,0.0,0.0,0.0,0.0,0.0,0.0,0.0,0.0,0.0,0.0,0.0,0.0,0.0,0.0,0.0,-1.4210854715202004e-14,-1.4210854715202004e-14,-1.4210854715202004e-14,-1.4210854715202004e-14,-1.4210854715202004e-14,-0.1653143612841177,0.6794617503234264,1.041792493504829,1.0241229575861297,0.855283133739789,0.8612333020905112,0.5749042841279106,0.5161613630446595,0.7817576572852261,1.4733045183603224,1.2724230844359568,1.2800190929335713,1.2847025892457395,-2.842170943040401e-14,-4.263256414560601e-14,-4.263256414560601e-14,-4.263256414560601e-14,-4.263256414560601e-14,-4.263256414560601e-14,-4.263256414560601e-14,-4.263256414560601e-14,-4.263256414560601e-14,-4.263256414560601e-14,-5.684341886080802e-14,-5.684341886080802e-14,-5.684341886080802e-14,-5.684341886080802e-14,-5.684341886080802e-14,-5.684341886080802e-14,-5.684341886080802e-14,-2.842170943040401e-14,-4.263256414560601e-14,-2.842170943040401e-14,-5.684341886080802e-14,-5.684341886080802e-14,-5.684341886080802e-14,-5.684341886080802e-14,0.010801470853124329,0.17559340509527033,0.5902532157307689,0.9365721028227938,2.0565889560031536,2.0872908391409197,1.5906339279464419,1.4780306444159237,2.15346937918018,2.159050205786059,2.147472809651987,-4.263256414560601e-14,-4.263256414560601e-14,-4.263256414560601e-14,-4.263256414560601e-14,-2.842170943040401e-14,-2.842170943040401e-14,-4.263256414560601e-14,-4.263256414560601e-14,-4.263256414560601e-14,0.0,-1.737992914843801,-1.2766972168561352,-1.0034182027293497,-0.6792922604260383,-0.3632464212660409,-0.3632710648037687,0.31444871960044907,0.5181360243377924,0.017508772559068575,0.11152109194954107,-0.1658676407412969,-1.0375849084833533,-1.1583034906802538,-1.2517685485748302,1.4519806605073313,1.7914238189784015,1.8150230265526233,0.5194702337202699,0.38493370954847705,0.39537728516026505,0.7115373973906429,0.8077341196664491,-0.43018278390192677,-1.0723472765203752,-1.641914023586807,-4.216667010578192,-4.263256414560601e-14,-4.263256414560601e-14,-0.35561076087464016,-0.3179830319849799,-0.3572239243097073,-0.8329263682422834,-1.3029831354313757,-1.2304392627096234,-1.112657417563156,-0.16907913132104113,-0.42721151081146047,-0.037237739212443444,-0.0853509152139793,0.43670713376641856,0.6276210248332035,0.8546727267243881,1.193866145729075,1.3880004639179333,1.498192388815454,-1.4210854715202004e-14,-2.842170943040401e-14,-1.4210854715202004e-14,-1.4210854715202004e-14,-1.4210854715202004e-14,-1.4210854715202004e-14,-1.4210854715202004e-14,-1.4210854715202004e-14,-0.16267101588766764,-0.1414567750305764,0.0,-1.616547427934833,-1.9280858422241423,-1.117727934762641,-0.5939693990035835,-0.275086381055921,-0.46074356975693576,-0.8493661209421788,0.0,0.0,0.0,0.0,0.0,0.0,0.0,0.0,0.0,0.0,0.0,0.0,0.0,0.0,0.0,0.0,-0.286993508222416,0.0,0.0,-0.23849762297424704,-0.7459638105351729,-0.741875507254143,-0.7502026601552672,-2.278016176736436,-1.9286533548829823,-1.9364474325531162,0.5142222258613245,0.5639630215602338,0.5473669028017305,1.5297365748964218,1.530349270130536,0.0,0.0,0.0,0.0,0.0,0.0,0.0,0.0,0.0,0.0,0.0,0.0,0.0,0.0,0.0,0.0,0.0,0.0,0.0,0.0,0.0,0.0,0.0,0.0,0.0,0.0
150,0.0,0.0,0.0,0.0,0.0,0.0,0.0,0.0,0.0,0.0,0.0,0.0,0.0,0.0,0.0,0.0,0.0,0.0,0.0,-1.4210854715202004e-14,-1.4210854715202004e-14,-1.4210854715202004e-14,-1.4210854715202004e-14,-1.4210854715202004e-14,-0.1653143612841177,0.6794617503234264,1.041792493504829,1.0241229575861297,0.855283133739789,0.8612333020905112,0.5749042841279106,0.5161613630446595,0.7817576572852261,1.4733045183603224,1.2724230844359568,1.2800190929335713,1.2847025892457395,-2.842170943040401e-14,-4.263256414560601e-14,-4.263256414560601e-14,-4.263256414560601e-14,-4.263256414560601e-14,-4.263256414560601e-14,-4.263256414560601e-14,-4.263256414560601e-14,-4.263256414560601e-14,-2.842170943040401e-14,-2.842170943040401e-14,-2.842170943040401e-14,-2.842170943040401e-14,-2.842170943040401e-14,-2.842170943040401e-14,-2.842170943040401e-14,-2.842170943040401e-14,0.0,-2.842170943040401e-14,-2.842170943040401e-14,-2.842170943040401e-14,-5.684341886080802e-14,-5.684341886080802e-14,-5.684341886080802e-14,0.010801470853124329,0.17559340509527033,0.5902532157307689,0.9365721028227938,2.0565889560031536,2.0872908391409197,1.5906339279464419,1.4780306444158953,2.15346937918018,2.159050205786059,2.147472809652001,-4.263256414560601e-14,-4.263256414560601e-14,-4.263256414560601e-14,-4.263256414560601e-14,-2.842170943040401e-14,-2.842170943040401e-14,-4.263256414560601e-14,-4.263256414560601e-14,-4.263256414560601e-14,0.0,-1.737992914843801,-1.2766972168561495,-1.003418202729378,-0.6792922604260667,-0.3632464212660693,-0.3632710648037971,0.31444871960042065,0.518136024337764,0.017508772559040153,0.11152109194951265,-0.16586764074132532,-1.0375849084833817,-1.1583034906802823,-1.2517685485748586,1.4519806605073313,1.7914238189784015,1.8150230265526233,0.5194702337202699,0.38493370954847705,0.39537728516026505,0.7115373973906287,0.8077341196664349,-0.43018278390192677,-1.0723472765203752,-1.641914023586807,-4.216667010578192,-4.263256414560601e-14,-4.263256414560601e-14,-0.3556107608746686,-0.3179830319850083,-0.3572239243097357,-0.8329263682423118,-1.302983135431404,-1.2304392627096519,-1.1126574175631845,-0.16907913132106955,-0.42721151081146047,-0.037237739212443444,-0.0853509152139793,0.43670713376639014,0.6276210248331751,0.8546727267243597,1.1938661457290465,1.3880004639179049,1.4981923888154256,-1.4210854715202004e-14,-2.842170943040401e-14,-1.4210854715202004e-14,-1.4210854715202004e-14,-1.4210854715202004e-14,-1.4210854715202004e-14,-1.4210854715202004e-14,-1.4210854715202004e-14,-0.16267101588769606,-0.14145677503060483,0.0,-1.616547427934833,-1.9280858422241351,-1.117727934762641,-0.5939693990035835,-0.275086381055921,-0.46074356975693576,-0.8493661209421788,0.0,0.0,0.0,0.0,0.0,0.0,0.0,0.0,0.0,0.0,0.0,0.0,0.0,0.0,0.0,0.0,-0.286993508222416,0.0,0.0,-0.23849762297424704,-0.7459638105351729,-0.741875507254143,-0.7502026601552743,-2.2780161767364433,-1.9286533548829894,-1.9364474325531233,0.5142222258613174,0.5639630215602267,0.5473669028017305,1.5297365748964182,1.530349270130536,0.0,0.0,0.0,0.0,0.0,0.0,0.0,0.0,0.0,0.0,0.0,0.0,0.0,0.0,0.0,0.0,0.0,0.0,0.0,0.0,0.0,0.0,0.0,0.0,0.0,0.0
151,0.0,0.0,0.0,0.0,0.0,0.0,0.0,0.0,0.0,0.0,0.0,0.0,0.0,0.0,0.0,0.0,0.0,0.0,0.0,-1.4210854715202004e-14,-1.4210854715202004e-14,-1.4210854715202004e-14,-1.4210854715202004e-14,-1.4210854715202004e-14,-0.1653143612841177,0.6794617503234264,1.041792493504829,1.0241229575861297,0.855283133739789,0.8612333020905112,0.5749042841279106,0.5161613630446595,0.7817576572852261,1.4733045183603224,1.2724230844359568,1.2800190929335713,1.2847025892457395,-2.842170943040401e-14,-4.263256414560601e-14,-4.263256414560601e-14,-4.263256414560601e-14,-4.263256414560601e-14,-4.263256414560601e-14,-4.263256414560601e-14,-4.263256414560601e-14,-2.842170943040401e-14,-2.842170943040401e-14,-2.842170943040401e-14,-2.842170943040401e-14,-2.842170943040401e-14,-2.842170943040401e-14,-2.842170943040401e-14,-2.842170943040401e-14,-2.842170943040401e-14,0.0,-2.842170943040401e-14,-2.842170943040401e-14,-2.842170943040401e-14,-5.684341886080802e-14,-5.684341886080802e-14,-5.684341886080802e-14,0.010801470853124329,0.17559340509527033,0.5902532157307689,0.9365721028227938,2.0565889560031536,2.0872908391409197,1.5906339279464419,1.4780306444158953,2.153469379180166,2.159050205786045,2.1474728096519584,-4.263256414560601e-14,-4.263256414560601e-14,-4.263256414560601e-14,-4.263256414560601e-14,-2.842170943040401e-14,-5.684341886080802e-14,-4.263256414560601e-14,-4.263256414560601e-14,-4.263256414560601e-14,0.0,-1.737992914843801,-1.2766972168561495,-1.003418202729378,-0.6792922604260667,-0.3632464212660693,-0.3632710648037971,0.31444871960042065,0.518136024337764,0.017508772559040153,0.11152109194951265,-0.16586764074132532,-1.0375849084833817,-1.1583034906802823,-1.2517685485748586,1.4519806605073313,1.7914238189784015,1.8150230265526233,0.5194702337202699,0.38493370954847705,0.39537728516026505,0.7115373973906287,0.8077341196664349,-0.43018278390192677,-1.0723472765203752,-1.641914023586807,-4.216667010578192,-4.263256414560601e-14,-4.263256414560601e-14,-0.3556107608746686,-0.3179830319850083,-0.3572239243097357,-0.8329263682423118,-1.302983135431404,-1.2304392627096519,-1.1126574175631845,-0.16907913132106955,-0.42721151081146047,-0.037237739212443444,-0.0853509152139793,0.43670713376639014,0.6276210248331751,0.8546727267243597,1.1938661457290465,1.3880004639179049,1.4981923888154256,-1.4210854715202004e-14,-2.842170943040401e-14,-1.4210854715202004e-14,-1.4210854715202004e-14,-1.4210854715202004e-14,-1.4210854715202004e-14,-1.4210854715202004e-14,-1.4210854715202004e-14,-0.16267101588769606,-0.14145677503060483,0.0,-1.616547427934833,-1.9280858422241351,-1.117727934762641,-0.5939693990035835,-0.275086381055921,-0.46074356975693576,-0.8493661209421717,0.0,0.0,0.0,0.0,0.0,0.0,0.0,0.0,0.0,0.0,0.0,0.0,0.0,0.0,0.0,0.0,-0.286993508222416,0.0,0.0,-0.23849762297424348,-0.7459638105351729,-0.741875507254143,-0.7502026601552743,-2.2780161767364433,-1.9286533548829894,-1.9364474325531233,0.5142222258613174,0.5639630215602267,0.5473669028017305,1.5297365748964182,1.530349270130536,0.0,0.0,0.0,0.0,0.0,0.0,0.0,0.0,0.0,0.0,0.0,0.0,0.0,0.0,0.0,0.0,0.0,0.0,0.0,0.0,0.0,0.0,0.0,0.0,0.0,0.0
152,0.0,0.0,0.0,0.0,0.0,0.0,0.0,0.0,0.0,0.0,0.0,0.0,0.0,0.0,0.0,0.0,0.0,0.0,0.0,-1.4210854715202004e-14,-1.4210854715202004e-14,-1.4210854715202004e-14,-1.4210854715202004e-14,-1.4210854715202004e-14,-0.16531436128410348,0.6794617503234406,1.0417924935048433,1.024122957586144,0.8552831337398032,0.8612333020905112,0.5749042841279106,0.5161613630446595,0.7817576572852261,1.4733045183603224,1.2724230844359568,1.2800190929335713,1.2847025892457395,-2.842170943040401e-14,-4.263256414560601e-14,-4.263256414560601e-14,-4.263256414560601e-14,-4.263256414560601e-14,-4.263256414560601e-14,-4.263256414560601e-14,-4.263256414560601e-14,-5.684341886080802e-14,-5.684341886080802e-14,-5.684341886080802e-14,-5.684341886080802e-14,-5.684341886080802e-14,-5.684341886080802e-14,-5.684341886080802e-14,-5.684341886080802e-14,-5.684341886080802e-14,-2.842170943040401e-14,-5.684341886080802e-14,-5.684341886080802e-14,-5.684341886080802e-14,-4.263256414560601e-14,-2.842170943040401e-14,-2.842170943040401e-14,0.010801470853124329,0.17559340509525612,0.5902532157307547,0.9365721028227796,2.0565889560031394,2.0872908391409055,1.5906339279464135,1.4780306444158668,2.153469379180166,2.159050205786059,2.147472809651987,-4.263256414560601e-14,-4.263256414560601e-14,-4.263256414560601e-14,-4.263256414560601e-14,-5.684341886080802e-14,-8.526512829121202e-14,-4.263256414560601e-14,-4.263256414560601e-14,-5.684341886080802e-14,0.0,-1.737992914843801,-1.2766972168561495,-1.003418202729378,-0.6792922604260667,-0.3632464212660693,-0.3632710648037971,0.31444871960042065,0.518136024337764,0.017508772559040153,0.11152109194951265,-0.16586764074132532,-1.0375849084833817,-1.1583034906802823,-1.2517685485748586,1.4519806605073171,1.7914238189783873,1.815023026552609,0.5194702337202841,0.38493370954849127,0.39537728516027926,0.7115373973906145,0.8077341196664207,-0.43018278390192677,-1.0723472765203752,-1.641914023586807,-4.216667010578206,-4.263256414560601e-14,-4.263256414560601e-14,-0.3556107608746686,-0.3179830319850083,-0.3572239243097357,-0.8329263682423118,-1.302983135431404,-1.2304392627096519,-1.1126574175631845,-0.16907913132106955,-0.42721151081146047,-0.037237739212443444,-0.0853509152139793,0.43670713376639014,0.6276210248331751,0.8546727267243597,1.1938661457290465,1.3880004639179049,1.4981923888154256,-1.4210854715202004e-14,-2.842170943040401e-14,-1.4210854715202004e-14,-1.4210854715202004e-14,-1.4210854715202004e-14,-1.4210854715202004e-14,-2.842170943040401e-14,-2.842170943040401e-14,-0.16267101588769606,-0.14145677503060483,0.0,-1.616547427934833,-1.9280858422241351,-1.117727934762641,-0.5939693990035835,-0.275086381055921,-0.46074356975694286,-0.8493661209421788,0.0,0.0,0.0,0.0,0.0,0.0,0.0,0.0,0.0,0.0,0.0,0.0,0.0,0.0,0.0,0.0,-0.286993508222416,0.0,0.0,-0.23849762297424348,-0.7459638105351729,-0.741875507254143,-0.7502026601552672,-2.278016176736436,-1.9286533548829823,-1.9364474325531162,0.5142222258613245,0.5639630215602338,0.5473669028017341,1.5297365748964253,1.530349270130543,0.0,0.0,0.0,0.0,0.0,0.0,0.0,0.0,0.0,0.0,0.0,0.0,0.0,0.0,0.0,0.0,0.0,0.0,0.0,0.0,0.0,0.0,0.0,0.0,0.0,0.0
153,0.0,0.0,0.0,0.0,0.0,0.0,0.0,0.0,0.0,0.0,0.0,0.0,0.0,0.0,0.0,0.0,0.0,0.0,0.0,-1.4210854715202004e-14,-1.4210854715202004e-14,-1.4210854715202004e-14,-1.4210854715202004e-14,-1.4210854715202004e-14,-0.16531436128410348,0.6794617503234406,1.0417924935048433,1.024122957586144,0.8552831337398175,0.8612333020905396,0.574904284127939,0.516161363044688,0.7817576572852545,1.4733045183603508,1.2724230844359852,1.2800190929335997,1.284702589245768,-2.842170943040401e-14,-4.263256414560601e-14,-4.263256414560601e-14,-4.263256414560601e-14,-4.263256414560601e-14,-4.263256414560601e-14,-2.842170943040401e-14,-2.842170943040401e-14,-2.842170943040401e-14,-2.842170943040401e-14,-2.842170943040401e-14,-2.842170943040401e-14,-2.842170943040401e-14,-2.842170943040401e-14,-2.842170943040401e-14,-2.842170943040401e-14,-2.842170943040401e-14,0.0,-2.842170943040401e-14,-2.842170943040401e-14,-2.842170943040401e-14,-2.842170943040401e-14,-2.842170943040401e-14,-2.842170943040401e-14,0.010801470853124329,0.17559340509525612,0.5902532157307547,0.9365721028227796,2.0565889560031394,2.0872908391409055,1.5906339279464135,1.4780306444158668,2.153469379180166,2.159050205786059,2.147472809651987,-4.263256414560601e-14,-4.263256414560601e-14,-4.263256414560601e-14,-5.684341886080802e-14,-5.684341886080802e-14,-8.526512829121202e-14,-4.263256414560601e-14,-4.263256414560601e-14,-5.684341886080802e-14,0.0,-1.737992914843801,-1.2766972168561495,-1.003418202729378,-0.6792922604260667,-0.3632464212660693,-0.3632710648037971,0.31444871960042065,0.518136024337764,0.017508772559040153,0.11152109194951265,-0.16586764074132532,-1.0375849084833817,-1.1583034906802823,-1.2517685485748586,1.4519806605073171,1.791423818978373,1.8150230265525948,0.5194702337202841,0.38493370954849127,0.39537728516027926,0.7115373973906145,0.8077341196664207,-0.43018278390192677,-1.0723472765203752,-1.641914023586807,-4.216667010578206,-4.263256414560601e-14,-4.263256414560601e-14,-0.3556107608746686,-0.3179830319850083,-0.3572239243097357,-0.8329263682423118,-1.302983135431404,-1.2304392627096519,-1.1126574175631845,-0.16907913132106955,-0.42721151081146047,-0.037237739212443444,-0.0853509152139793,0.43670713376639014,0.6276210248331751,0.8546727267243597,1.1938661457290465,1.3880004639179049,1.4981923888154256,-1.4210854715202004e-14,-2.842170943040401e-14,-1.4210854715202004e-14,-1.4210854715202004e-14,-1.4210854715202004e-14,-1.4210854715202004e-14,-2.842170943040401e-14,-2.842170943040401e-14,-0.16267101588769606,-0.14145677503060483,0.0,-1.616547427934833,-1.9280858422241351,-1.117727934762641,-0.5939693990035835,-0.2750863810559139,-0.46074356975692865,-0.8493661209421646,0.0,0.0,0.0,0.0,0.0,0.0,0.0,0.0,0.0,0.0,0.0,0.0,0.0,0.0,0.0,0.0,-0.2869935082224231,0.0,0.0,-0.23849762297424348,-0.7459638105351729,-0.741875507254143,-0.7502026601552672,-2.278016176736436,-1.9286533548829823,-1.9364474325531162,0.5142222258613245,0.5639630215602338,0.5473669028017341,1.5297365748964253,1.530349270130543,0.0,0.0,0.0,0.0,0.0,0.0,0.0,0.0,0.0,0.0,0.0,0.0,0.0,0.0,0.0,0.0,0.0,0.0,0.0,0.0,0.0,0.0,0.0,0.0,0.0,0.0
154,0.0,0.0,0.0,0.0,0.0,0.0,0.0,0.0,0.0,0.0,0.0,0.0,0.0,0.0,0.0,0.0,0.0,0.0,0.0,-1.4210854715202004e-14,-1.4210854715202004e-14,-1.4210854715202004e-14,-1.4210854715202004e-14,-1.4210854715202004e-14,-0.1653143612841177,0.6794617503234264,1.041792493504829,1.024122957586144,0.8552831337398175,0.8612333020905396,0.574904284127939,0.516161363044688,0.7817576572852545,1.4733045183603508,1.2724230844359852,1.2800190929335997,1.284702589245768,-2.842170943040401e-14,-4.263256414560601e-14,-4.263256414560601e-14,-4.263256414560601e-14,-4.263256414560601e-14,-2.842170943040401e-14,0.0,0.0,0.0,0.0,0.0,0.0,0.0,2.842170943040401e-14,2.842170943040401e-14,2.842170943040401e-14,2.842170943040401e-14,5.684341886080802e-14,0.0,0.0,0.0,-5.684341886080802e-14,-5.684341886080802e-14,-5.684341886080802e-14,0.010801470853124329,0.17559340509527033,0.5902532157307689,0.9365721028227938,2.0565889560031394,2.0872908391409055,1.5906339279464135,1.4780306444158668,2.153469379180166,2.159050205786059,2.147472809651987,-4.263256414560601e-14,-4.263256414560601e-14,-4.263256414560601e-14,-2.842170943040401e-14,-2.842170943040401e-14,-5.684341886080802e-14,-4.263256414560601e-14,-2.842170943040401e-14,-2.842170943040401e-14,0.0,-1.737992914843801,-1.2766972168561495,-1.003418202729378,-0.6792922604260667,-0.3632464212660693,-0.3632710648037971,0.31444871960042065,0.518136024337764,0.017508772559040153,0.11152109194951265,-0.16586764074132532,-1.0375849084833817,-1.1583034906802823,-1.2517685485748586,1.4519806605073313,1.7914238189784157,1.8150230265526375,0.5194702337202699,0.38493370954847705,0.39537728516026505,0.7115373973906287,0.8077341196664349,-0.43018278390192677,-1.0723472765203752,-1.641914023586807,-4.216667010578192,-4.263256414560601e-14,-4.263256414560601e-14,-0.3556107608746686,-0.3179830319850083,-0.3572239243097357,-0.8329263682423118,-1.302983135431404,-1.2304392627096519,-1.1126574175631845,-0.16907913132106955,-0.42721151081146047,-0.037237739212443444,-0.0853509152139793,0.43670713376639014,0.6276210248331751,0.8546727267243597,1.1938661457290465,1.3880004639179049,1.4981923888154256,-1.4210854715202004e-14,-2.842170943040401e-14,-1.4210854715202004e-14,-1.4210854715202004e-14,-1.4210854715202004e-14,-1.4210854715202004e-14,-1.4210854715202004e-14,-1.4210854715202004e-14,-0.16267101588769606,-0.14145677503060483,0.0,-1.616547427934833,-1.9280858422241351,-1.117727934762641,-0.5939693990035835,-0.2750863810559139,-0.46074356975692865,-0.8493661209421646,0.0,0.0,0.0,0.0,0.0,0.0,0.0,0.0,0.0,0.0,0.0,0.0,0.0,0.0,0.0,0.0,-0.2869935082224231,0.0,0.0,-0.23849762297424348,-0.7459638105351729,-0.741875507254143,-0.7502026601552743,-2.2780161767364433,-1.9286533548829894,-1.9364474325531233,0.5142222258613174,0.5639630215602267,0.5473669028017341,1.5297365748964253,1.530349270130543,0.0,0.0,0.0,0.0,0.0,0.0,0.0,0.0,0.0,0.0,0.0,0.0,0.0,0.0,0.0,0.0,0.0,0.0,0.0,0.0,0.0,0.0,0.0,0.0,0.0,0.0
155,0.0,0.0,0.0,0.0,0.0,0.0,0.0,0.0,0.0,0.0,0.0,0.0,0.0,0.0,0.0,0.0,0.0,0.0,0.0,-1.4210854715202004e-14,-1.4210854715202004e-14,-1.4210854715202004e-14,-1.4210854715202004e-14,-1.4210854715202004e-14,-0.1653143612841177,0.6794617503234264,1.041792493504829,1.024122957586144,0.8552831337398175,0.8612333020905396,0.574904284127939,0.516161363044688,0.7817576572852545,1.4733045183603508,1.2724230844359852,1.2800190929335997,1.284702589245768,-2.842170943040401e-14,-4.263256414560601e-14,-4.263256414560601e-14,-4.263256414560601e-14,-4.263256414560601e-14,-2.842170943040401e-14,0.0,0.0,0.0,0.0,0.0,0.0,0.0,0.0,0.0,0.0,0.0,2.842170943040401e-14,0.0,0.0,0.0,-5.684341886080802e-14,-5.684341886080802e-14,-5.684341886080802e-14,0.010801470853124329,0.17559340509527033,0.5902532157307689,0.9365721028227938,2.0565889560031394,2.0872908391409055,1.5906339279464135,1.4780306444158668,2.153469379180166,2.159050205786059,2.147472809651987,-4.263256414560601e-14,-4.263256414560601e-14,-5.684341886080802e-14,-5.684341886080802e-14,-5.684341886080802e-14,-8.526512829121202e-14,-4.263256414560601e-14,-2.842170943040401e-14,-2.842170943040401e-14,0.0,-1.737992914843801,-1.2766972168561495,-1.003418202729378,-0.6792922604260667,-0.3632464212660693,-0.3632710648037971,0.31444871960042065,0.518136024337764,0.017508772559040153,0.11152109194951265,-0.16586764074132532,-1.0375849084833817,-1.1583034906802823,-1.2517685485748586,1.4519806605073313,1.7914238189784157,1.8150230265526375,0.5194702337202699,0.38493370954847705,0.39537728516026505,0.7115373973906287,0.8077341196664349,-0.43018278390192677,-1.0723472765203752,-1.641914023586807,-4.216667010578192,-4.263256414560601e-14,-4.263256414560601e-14,-0.3556107608746686,-0.3179830319850083,-0.3572239243097357,-0.8329263682423118,-1.302983135431404,-1.2304392627096519,-1.1126574175631845,-0.16907913132106955,-0.42721151081146047,-0.037237739212443444,-0.0853509152139793,0.43670713376639014,0.6276210248331751,0.8546727267243597,1.1938661457290465,1.3880004639179049,1.4981923888154256,-1.4210854715202004e-14,-2.842170943040401e-14,-1.4210854715202004e-14,-1.4210854715202004e-14,-1.4210854715202004e-14,-1.4210854715202004e-14,-1.4210854715202004e-14,-1.4210854715202004e-14,-0.16267101588769606,-0.14145677503060483,0.0,-1.616547427934833,-1.9280858422241351,-1.117727934762641,-0.5939693990035835,-0.2750863810559139,-0.46074356975692865,-0.8493661209421646,0.0,0.0,0.0,0.0,0.0,0.0,0.0,0.0,0.0,0.0,0.0,0.0,0.0,0.0,0.0,0.0,-0.2869935082224231,0.0,0.0,-0.23849762297424348,-0.7459638105351729,-0.741875507254143,-0.7502026601552672,-2.278016176736436,-1.9286533548829823,-1.9364474325531162,0.5142222258613245,0.5639630215602338,0.5473669028017341,1.5297365748964253,1.530349270130543,0.0,0.0,0.0,0.0,0.0,0.0,0.0,0.0,0.0,0.0,0.0,0.0,0.0,0.0,0.0,0.0,0.0,0.0,0.0,0.0,0.0,0.0,0.0,0.0,0.0,0.0
156,0.0,0.0,0.0,0.0,0.0,0.0,0.0,0.0,0.0,0.0,0.0,0.0,0.0,0.0,0.0,0.0,0.0,0.0,0.0,-1.4210854715202004e-14,-1.4210854715202004e-14,-1.4210854715202004e-14,-1.4210854715202004e-14,-1.4210854715202004e-14,-0.16531436128410348,0.6794617503234406,1.0417924935048575,1.0241229575861723,0.8552831337398459,0.861233302090568,0.5749042841279675,0.5161613630447164,0.7817576572852829,1.4733045183603792,1.2724230844360136,1.2800190929336281,1.2847025892457964,-2.842170943040401e-14,-4.263256414560601e-14,-4.263256414560601e-14,-4.263256414560601e-14,-4.263256414560601e-14,-5.684341886080802e-14,-2.842170943040401e-14,-2.842170943040401e-14,-2.842170943040401e-14,-2.842170943040401e-14,-2.842170943040401e-14,-2.842170943040401e-14,-2.842170943040401e-14,-2.842170943040401e-14,-2.842170943040401e-14,-2.842170943040401e-14,-2.842170943040401e-14,0.0,-2.842170943040401e-14,-2.842170943040401e-14,-2.842170943040401e-14,-2.842170943040401e-14,-2.842170943040401e-14,-2.842170943040401e-14,0.010801470853124329,0.17559340509525612,0.5902532157307547,0.9365721028227796,2.0565889560031394,2.0872908391409055,1.5906339279464135,1.4780306444158668,2.153469379180166,2.159050205786059,2.147472809651987,-4.263256414560601e-14,-5.684341886080802e-14,-5.684341886080802e-14,-5.684341886080802e-14,-5.684341886080802e-14,-8.526512829121202e-14,-4.263256414560601e-14,-2.842170943040401e-14,-2.842170943040401e-14,0.0,-1.737992914843801,-1.2766972168561495,-1.003418202729378,-0.6792922604260667,-0.3632464212660693,-0.3632710648037971,0.31444871960042065,0.518136024337764,0.017508772559040153,0.11152109194951265,-0.16586764074132532,-1.0375849084833817,-1.1583034906802538,-1.2517685485748302,1.4519806605073171,1.7914238189783873,1.815023026552609,0.5194702337202841,0.38493370954847705,0.39537728516026505,0.7115373973906003,0.8077341196664065,-0.43018278390192677,-1.0723472765203752,-1.641914023586807,-4.216667010578206,-4.263256414560601e-14,-4.263256414560601e-14,-0.3556107608746686,-0.3179830319850083,-0.3572239243097357,-0.8329263682423118,-1.302983135431404,-1.2304392627096519,-1.1126574175631845,-0.16907913132106955,-0.42721151081146047,-0.037237739212443444,-0.0853509152139793,0.43670713376639014,0.6276210248331751,0.8546727267243597,1.1938661457290465,1.3880004639179049,1.4981923888154256,-1.4210854715202004e-14,-2.842170943040401e-14,-1.4210854715202004e-14,-1.4210854715202004e-14,-1.4210854715202004e-14,-1.4210854715202004e-14,-2.842170943040401e-14,-2.842170943040401e-14,-0.16267101588769606,-0.14145677503060483,0.0,-1.616547427934833,-1.9280858422241351,-1.117727934762641,-0.5939693990035835,-0.2750863810559139,-0.46074356975692865,-0.8493661209421646,0.0,0.0,0.0,0.0,0.0,0.0,0.0,0.0,0.0,0.0,0.0,0.0,0.0,0.0,0.0,0.0,-0.2869935082224231,0.0,0.0,-0.23849762297424348,-0.7459638105351729,-0.741875507254143,-0.7502026601552672,-2.278016176736436,-1.9286533548829823,-1.9364474325531162,0.5142222258613245,0.5639630215602338,0.5473669028017341,1.5297365748964253,1.530349270130543,0.0,0.0,0.0,0.0,0.0,0.0,0.0,0.0,0.0,0.0,0.0,0.0,0.0,0.0,0.0,0.0,0.0,0.0,0.0,0.0,0.0,0.0,0.0,0.0,0.0,0.0
157,0.0,0.0,0.0,0.0,0.0,0.0,0.0,0.0,0.0,0.0,0.0,0.0,0.0,0.0,0.0,0.0,0.0,0.0,0.0,-1.4210854715202004e-14,-1.4210854715202004e-14,-1.4210854715202004e-14,-1.4210854715202004e-14,-1.4210854715202004e-14,-0.16531436128410348,0.6794617503234406,1.0417924935048575,1.0241229575861723,0.8552831337398459,0.861233302090568,0.5749042841279675,0.5161613630447164,0.7817576572852829,1.4733045183603792,1.2724230844360136,1.2800190929336281,1.2847025892457964,-2.842170943040401e-14,-4.263256414560601e-14,-4.263256414560601e-14,-4.263256414560601e-14,-2.842170943040401e-14,-2.842170943040401e-14,0.0,0.0,0.0,0.0,0.0,0.0,0.0,2.842170943040401e-14,2.842170943040401e-14,2.842170943040401e-14,2.842170943040401e-14,5.684341886080802e-14,0.0,0.0,0.0,-2.842170943040401e-14,-2.842170943040401e-14,-2.842170943040401e-14,0.010801470853124329,0.17559340509525612,0.5902532157307405,0.9365721028227938,2.0565889560031394,2.0872908391409055,1.5906339279464135,1.4780306444158668,2.153469379180166,2.159050205786059,2.147472809651987,-2.842170943040401e-14,-2.842170943040401e-14,-2.842170943040401e-14,-2.842170943040401e-14,-2.842170943040401e-14,-5.684341886080802e-14,-2.842170943040401e-14,0.0,0.0,0.0,-1.737992914843801,-1.2766972168561495,-1.003418202729378,-0.6792922604260667,-0.3632464212660693,-0.3632710648037971,0.31444871960042065,0.518136024337764,0.017508772559040153,0.11152109194951265,-0.16586764074132532,-1.0375849084833817,-1.1583034906802538,-1.2517685485748302,1.4519806605073313,1.7914238189783873,1.815023026552609,0.5194702337203125,0.3849337095485339,0.3953772851603219,0.7115373973906003,0.8077341196664065,-0.43018278390192677,-1.0723472765203752,-1.641914023586807,-4.216667010578192,-5.684341886080802e-14,-5.684341886080802e-14,-0.3556107608746686,-0.3179830319850083,-0.3572239243097357,-0.8329263682423118,-1.302983135431404,-1.2304392627096519,-1.1126574175631845,-0.16907913132106955,-0.42721151081146047,-0.037237739212443444,-0.0853509152139793,0.43670713376639014,0.6276210248331751,0.8546727267243597,1.1938661457290465,1.3880004639179049,1.4981923888154256,-1.4210854715202004e-14,-2.842170943040401e-14,-1.4210854715202004e-14,-1.4210854715202004e-14,-1.4210854715202004e-14,-1.4210854715202004e-14,-2.842170943040401e-14,-2.842170943040401e-14,-0.16267101588769606,-0.14145677503060483,0.0,-1.616547427934833,-1.9280858422241351,-1.117727934762641,-0.5939693990035835,-0.2750863810559139,-0.46074356975692865,-0.8493661209421646,0.0,0.0,0.0,0.0,0.0,0.0,0.0,0.0,0.0,0.0,0.0,0.0,0.0,0.0,0.0,0.0,-0.2869935082224231,0.0,0.0,-0.23849762297424348,-0.7459638105351729,-0.741875507254143,-0.7502026601552672,-2.278016176736436,-1.9286533548829823,-1.9364474325531091,0.5142222258613316,0.5639630215602409,0.5473669028017341,1.5297365748964253,1.530349270130543,0.0,0.0,0.0,0.0,0.0,0.0,0.0,0.0,0.0,0.0,0.0,0.0,0.0,0.0,0.0,0.0,0.0,0.0,0.0,0.0,0.0,0.0,0.0,0.0,0.0,0.0
158,0.0,0.0,0.0,0.0,0.0,0.0,0.0,0.0,0.0,0.0,0.0,0.0,0.0,0.0,0.0,0.0,0.0,0.0,0.0,-1.4210854715202004e-14,-1.4210854715202004e-14,-1.4210854715202004e-14,-1.4210854715202004e-14,-1.4210854715202004e-14,-0.1653143612841177,0.6794617503234122,1.041792493504829,1.024122957586144,0.8552831337398175,0.8612333020905396,0.574904284127939,0.516161363044688,0.7817576572852545,1.4733045183603508,1.2724230844359852,1.2800190929335997,1.284702589245768,-2.842170943040401e-14,-4.263256414560601e-14,-4.263256414560601e-14,-5.684341886080802e-14,-5.684341886080802e-14,-5.684341886080802e-14,-2.842170943040401e-14,-2.842170943040401e-14,-2.842170943040401e-14,-2.842170943040401e-14,-2.842170943040401e-14,-2.842170943040401e-14,-2.842170943040401e-14,-2.842170943040401e-14,-2.842170943040401e-14,-2.842170943040401e-14,-2.842170943040401e-14,0.0,-2.842170943040401e-14,-2.842170943040401e-14,-2.842170943040401e-14,-5.684341886080802e-14,-5.684341886080802e-14,-5.684341886080802e-14,0.010801470853124329,0.17559340509527033,0.5902532157307689,0.9365721028228222,2.056588956003168,2.087290839140934,1.5906339279464419,1.4780306444158953,2.153469379180194,2.1590502057860874,2.1474728096520153,-5.684341886080802e-14,-5.684341886080802e-14,-5.684341886080802e-14,-5.684341886080802e-14,-5.684341886080802e-14,-8.526512829121202e-14,-5.684341886080802e-14,-2.842170943040401e-14,-2.842170943040401e-14,0.0,-1.737992914843801,-1.2766972168561495,-1.003418202729378,-0.6792922604260667,-0.3632464212660693,-0.3632710648037971,0.31444871960042065,0.518136024337764,0.017508772559040153,0.11152109194949844,-0.16586764074133953,-1.0375849084834101,-1.1583034906802823,-1.2517685485748586,1.4519806605073597,1.7914238189784157,1.8150230265526375,0.5194702337202841,0.3849337095485055,0.39537728516029347,0.7115373973906003,0.8077341196664065,-0.43018278390192677,-1.072347276520361,-1.6419140235867928,-4.216667010578192,-5.684341886080802e-14,-5.684341886080802e-14,-0.3556107608746686,-0.3179830319850083,-0.3572239243097357,-0.8329263682423118,-1.302983135431404,-1.2304392627096519,-1.1126574175631845,-0.16907913132106955,-0.42721151081146047,-0.037237739212457655,-0.0853509152139793,0.43670713376639014,0.6276210248331751,0.8546727267243597,1.1938661457290323,1.3880004639178765,1.4981923888153972,-1.4210854715202004e-14,-2.842170943040401e-14,-1.4210854715202004e-14,-1.4210854715202004e-14,-1.4210854715202004e-14,-1.4210854715202004e-14,-1.4210854715202004e-14,-1.4210854715202004e-14,-0.16267101588769606,-0.14145677503060483,0.0,-1.616547427934833,-1.9280858422241351,-1.117727934762641,-0.5939693990035835,-0.2750863810559139,-0.46074356975692865,-0.8493661209421646,0.0,0.0,0.0,0.0,0.0,0.0,0.0,0.0,0.0,0.0,0.0,0.0,0.0,0.0,0.0,0.0,-0.2869935082224231,0.0,0.0,-0.23849762297424348,-0.7459638105351729,-0.741875507254143,-0.7502026601552672,-2.278016176736429,-1.928653354882968,-1.936447432553095,0.5142222258613316,0.5639630215602409,0.5473669028017341,1.5297365748964253,1.530349270130543,0.0,0.0,0.0,0.0,0.0,0.0,0.0,0.0,0.0,0.0,0.0,0.0,0.0,0.0,0.0,0.0,0.0,0.0,0.0,0.0,0.0,0.0,0.0,0.0,0.0,0.0
159,0.0,0.0,0.0,0.0,0.0,0.0,0.0,0.0,0.0,0.0,0.0,0.0,0.0,0.0,0.0,0.0,0.0,0.0,0.0,-1.4210854715202004e-14,-1.4210854715202004e-14,-1.4210854715202004e-14,-1.4210854715202004e-14,-1.4210854715202004e-14,-0.1653143612841177,0.6794617503234122,1.041792493504829,1.024122957586144,0.8552831337398175,0.8612333020905396,0.574904284127939,0.516161363044688,0.7817576572852545,1.4733045183603508,1.2724230844359852,1.2800190929335997,1.284702589245768,-2.842170943040401e-14,-4.263256414560601e-14,-2.842170943040401e-14,-2.842170943040401e-14,-2.842170943040401e-14,-2.842170943040401e-14,0.0,0.0,0.0,0.0,0.0,0.0,0.0,0.0,0.0,0.0,0.0,2.842170943040401e-14,0.0,0.0,0.0,-2.842170943040401e-14,-2.842170943040401e-14,-2.842170943040401e-14,0.010801470853124329,0.17559340509527033,0.5902532157307689,0.9365721028228222,2.056588956003168,2.087290839140934,1.5906339279464419,1.4780306444158953,2.153469379180194,2.1590502057860874,2.1474728096520153,-2.842170943040401e-14,-2.842170943040401e-14,-2.842170943040401e-14,-2.842170943040401e-14,-2.842170943040401e-14,-5.684341886080802e-14,-2.842170943040401e-14,0.0,0.0,0.0,-1.737992914843801,-1.2766972168561495,-1.003418202729378,-0.6792922604260667,-0.3632464212660693,-0.3632710648037971,0.31444871960042065,0.518136024337764,0.017508772559040153,0.11152109194949844,-0.16586764074133953,-1.0375849084834101,-1.1583034906802823,-1.2517685485748586,1.4519806605073597,1.7914238189784157,1.8150230265526375,0.5194702337202841,0.3849337095485055,0.39537728516029347,0.7115373973906003,0.8077341196664065,-0.43018278390192677,-1.072347276520361,-1.6419140235867928,-4.216667010578192,-2.842170943040401e-14,-2.842170943040401e-14,-0.3556107608746686,-0.3179830319850083,-0.3572239243097357,-0.8329263682423118,-1.302983135431404,-1.2304392627096377,-1.1126574175631845,-0.16907913132106955,-0.4272115108114747,-0.037237739212486076,-0.08535091521400773,0.43670713376639014,0.6276210248331893,0.8546727267243739,1.1938661457290323,1.3880004639178765,1.4981923888153972,-1.4210854715202004e-14,-2.842170943040401e-14,-1.4210854715202004e-14,-1.4210854715202004e-14,-1.4210854715202004e-14,-2.842170943040401e-14,-1.4210854715202004e-14,-1.4210854715202004e-14,-0.16267101588769606,-0.14145677503060483,0.0,-1.616547427934833,-1.9280858422241351,-1.117727934762641,-0.5939693990035835,-0.2750863810559139,-0.46074356975692865,-0.8493661209421646,0.0,0.0,0.0,0.0,0.0,0.0,0.0,0.0,0.0,0.0,0.0,0.0,0.0,0.0,0.0,0.0,-0.2869935082224231,0.0,0.0,-0.23849762297424348,-0.7459638105351729,-0.741875507254143,-0.7502026601552672,-2.2780161767364433,-1.9286533548829823,-1.9364474325531091,0.5142222258613316,0.5639630215602409,0.5473669028017341,1.5297365748964253,1.530349270130543,0.0,0.0,0.0,0.0,0.0,0.0,0.0,0.0,0.0,0.0,0.0,0.0,0.0,0.0,0.0,0.0,0.0,0.0,0.0,0.0,0.0,0.0,0.0,0.0,0.0,0.0
160,0.0,0.0,0.0,0.0,0.0,0.0,0.0,0.0,0.0,0.0,0.0,0.0,0.0,0.0,0.0,0.0,0.0,0.0,0.0,-1.4210854715202004e-14,-1.4210854715202004e-14,-1.4210854715202004e-14,-1.4210854715202004e-14,0.0,-0.1653143612841177,0.6794617503234122,1.041792493504829,1.024122957586144,0.8552831337398175,0.8612333020905396,0.574904284127939,0.516161363044688,0.7817576572852545,1.4733045183603508,1.2724230844359852,1.2800190929335997,1.284702589245768,-2.842170943040401e-14,-4.263256414560601e-14,-2.842170943040401e-14,-2.842170943040401e-14,-2.842170943040401e-14,-2.842170943040401e-14,0.0,0.0,0.0,0.0,0.0,0.0,0.0,0.0,0.0,0.0,0.0,2.842170943040401e-14,0.0,0.0,0.0,-2.842170943040401e-14,-2.842170943040401e-14,-2.842170943040401e-14,0.010801470853124329,0.17559340509527033,0.5902532157307689,0.9365721028228222,2.056588956003168,2.087290839140934,1.5906339279464419,1.4780306444158953,2.153469379180194,2.1590502057860874,2.1474728096520153,-2.842170943040401e-14,-2.842170943040401e-14,-2.842170943040401e-14,-2.842170943040401e-14,-2.842170943040401e-14,-5.684341886080802e-14,-2.842170943040401e-14,0.0,0.0,0.0,-1.737992914843801,-1.2766972168561495,-1.003418202729378,-0.6792922604260667,-0.3632464212660693,-0.3632710648037971,0.31444871960042065,0.518136024337764,0.017508772559040153,0.11152109194949844,-0.16586764074133953,-1.0375849084834101,-1.1583034906802823,-1.2517685485748586,1.4519806605073597,1.7914238189784157,1.8150230265526375,0.5194702337202841,0.3849337095485055,0.39537728516029347,0.7115373973906003,0.8077341196664065,-0.43018278390192677,-1.072347276520361,-1.6419140235867928,-4.216667010578192,-2.842170943040401e-14,-2.842170943040401e-14,-0.3556107608746686,-0.3179830319850083,-0.3572239243097357,-0.8329263682423118,-1.3029831354313899,-1.2304392627096092,-1.112657417563156,-0.16907913132104113,-0.4272115108114747,-0.037237739212486076,-0.08535091521400773,0.43670713376639014,0.6276210248331893,0.8546727267243739,1.1938661457290323,1.3880004639178765,1.4981923888153972,-1.4210854715202004e-14,-2.842170943040401e-14,-1.4210854715202004e-14,-2.842170943040401e-14,-2.842170943040401e-14,-2.842170943040401e-14,-1.4210854715202004e-14,-1.4210854715202004e-14,-0.16267101588769606,-0.14145677503060483,0.0,-1.616547427934833,-1.9280858422241351,-1.117727934762641,-0.5939693990035835,-0.2750863810559139,-0.46074356975692865,-0.8493661209421646,0.0,0.0,0.0,0.0,0.0,0.0,0.0,0.0,0.0,0.0,0.0,0.0,0.0,0.0,0.0,0.0,-0.2869935082224231,0.0,0.0,-0.23849762297424348,-0.7459638105351729,-0.7418755072541359,-0.7502026601552529,-2.278016176736415,-1.9286533548829539,-1.9364474325530807,0.5142222258613458,0.5639630215602551,0.5473669028017341,1.5297365748964324,1.530349270130543,0.0,0.0,0.0,0.0,0.0,0.0,0.0,0.0,0.0,0.0,0.0,0.0,0.0,0.0,0.0,0.0,0.0,0.0,0.0,0.0,0.0,0.0,0.0,0.0,0.0,0.0
161,-0.2869935082224231,-0.2869935082224231,-0.2869935082224231,-0.2869935082224231,-0.2869935082224231,-0.2869935082224231,-0.2869935082224231,-0.286993508222416,-0.286993508222416,-0.286993508222416,-0.286993508222416,-0.286993508222416,-0.286993508222416,-0.28699350822241954,-0.28699350822241954,-0.28699350822241954,-0.28699350822241954,-0.286993508222416,-0.286993508222416,-0.286993508222416,-0.286993508222416,-0.286993508222416,-0.286993508222416,-0.2869935082224089,-0.45230786950649815,0.3924682421010459,0.7547989852824486,0.7371294493637492,0.5682896255174086,0.5742397938681307,0.28791077590554437,0.2291678548223075,0.49476414906288824,1.1863110101379704,0.9854295762136331,0.9930255847112477,0.9977090810233875,-0.286993508222416,-0.286993508222416,-0.2869935082224089,-0.2869935082224089,-0.2869935082224089,-0.2869935082224089,-0.2869935082224089,-0.2869935082224089,-0.2869935082224089,-0.2869935082224089,-0.2869935082224089,-0.28699350822239467,-0.2869935082224089,-0.2869935082224089,-0.2869935082224089,-0.2869935082224089,-0.2869935082224089,-0.28699350822239467,-0.2869935082224089,-0.28699350822239467,-0.28699350822239467,-0.2869935082224231,-0.2869935082224231,-0.2869935082224231,-0.27619203736927034,-0.11140010312713855,0.30325970750836007,0.6495785946003849,1.7695954477807447,1.8002973309185109,1.303640419724033,1.1910371361935148,1.8664758709577711,1.8720566975636501,1.860479301429578,-0.2869935082224089,-0.2869935082224089,-0.2869935082224089,-0.2869935082224089,-0.28699350822239467,-0.28699350822239467,-0.2869935082224089,-0.2869935082224089,-0.2869935082224089,-0.2869935082224204,-2.0249864230662205,-1.5636907250785583,-1.290411710951787,-0.9662857686484827,-0.6502399294884782,-0.650264573026206,0.027455211378011768,0.23114251611535508,-0.2694847356633687,-0.17547241627289623,-0.4528611489637342,-1.3245784167057906,-1.4452969989026911,-1.5387620567972675,1.1649871522849224,1.5044303107559927,1.5280295183302144,0.23247672549788945,0.0979402013260966,0.10838377693788459,0.42454388916821983,0.5207406114440261,-0.7171762921243214,-1.3593407847427699,-1.9289075318092017,-4.503660518800601,-0.2869935082224089,-0.2869935082224089,-0.6426042690970704,-0.6049765402074172,-0.6442174325321517,-1.1199198764647207,-1.5899766436538059,-1.5174327709320465,-1.399650925785572,-0.4560726395434642,-0.7142050190338551,-0.3242312474348381,-0.372344423436374,0.14971362554397416,0.3406275166107662,0.5676792185019508,0.9068726375066234,1.1010069556954818,1.2111988805930025,-0.2869935082224089,-0.286993508222416,-0.2869935082224089,-0.286993508222416,-0.2869935082224231,-0.2869935082224231,-0.2869935082224231,-0.2869935082224231,-0.44966452411011204,-0.4284502832530279,-0.286993508222416,-1.9035409361572526,-2.2150793504465653,-1.4047214429850712,-0.8809629072260208,-0.5620798892783405,-0.7477370779793588,-1.1363596291645983,-0.28699350822241954,-0.28699350822241954,-0.286993508222416,-0.286993508222416,-0.286993508222416,-0.286993508222416,-0.286993508222416,-0.286993508222416,-0.2869935082224231,-0.2869935082224231,-0.2869935082224231,-0.2869935082224231,-0.2869935082224231,-0.2869935082224231,-0.2869935082224231,-0.2869935082224231,0.0,-0.2869935082224231,-0.2869935082224231,-0.5254911311966666,-1.032957318757596,-1.028869015476559,-1.037196168377676,-2.565009684958838,-2.215646863105377,-2.223440940775504,0.22722871763892272,0.27696951333783204,0.26037339457931097,1.2427430666740094,1.24335576190812,-0.286993508222416,-0.286993508222416,-0.286993508222416,-0.286993508222416,-0.2869935082224089,-0.2869935082224089,-0.286993508222416,-0.2869935082224089,-0.2869935082224089,-0.2869935082224089,-0.286993508222416,-0.2869935082224231,-0.2869935082224231,-0.2869935082224231,-0.2869935082224231,-0.286993508222416,-0.286993508222416,-0.286993508222416,-0.286993508222416,-0.286993508222416,-0.286993508222416,-0.286993508222416,-0.286993508222416,-0.286993508222416,-0.2869935082224231,-0.2869935082224231
162,0.0,0.0,0.0,0.0,0.0,0.0,0.0,0.0,0.0,0.0,0.0,0.0,0.0,0.0,0.0,0.0,0.0,0.0,0.0,-1.4210854715202004e-14,-1.4210854715202004e-14,-1.4210854715202004e-14,-1.4210854715202004e-14,-1.4210854715202004e-14,-0.1653143612841177,0.6794617503234264,1.041792493504829,1.0241229575861297,0.855283133739789,0.8612333020905112,0.5749042841279106,0.5161613630446595,0.7817576572852261,1.4733045183603224,1.2724230844359568,1.2800190929335713,1.2847025892457395,-2.842170943040401e-14,-4.263256414560601e-14,-4.263256414560601e-14,-4.263256414560601e-14,-4.263256414560601e-14,-4.263256414560601e-14,-4.263256414560601e-14,-4.263256414560601e-14,-4.263256414560601e-14,-4.263256414560601e-14,-4.263256414560601e-14,-5.684341886080802e-14,-5.684341886080802e-14,-5.684341886080802e-14,-5.684341886080802e-14,-5.684341886080802e-14,-5.684341886080802e-14,-2.842170943040401e-14,-4.263256414560601e-14,-2.842170943040401e-14,-2.842170943040401e-14,-5.684341886080802e-14,-5.684341886080802e-14,-5.684341886080802e-14,0.010801470853124329,0.17559340509527033,0.5902532157307689,0.9365721028227938,2.0565889560031536,2.0872908391409197,1.5906339279464419,1.4780306444159237,2.15346937918018,2.159050205786059,2.147472809651987,-4.263256414560601e-14,-4.263256414560601e-14,-4.263256414560601e-14,-4.263256414560601e-14,-2.842170943040401e-14,-2.842170943040401e-14,-4.263256414560601e-14,-4.263256414560601e-14,-4.263256414560601e-14,0.0,-1.737992914843801,-1.2766972168561352,-1.0034182027293568,-0.6792922604260525,-0.3632464212660551,-0.3632710648037829,0.31444871960043486,0.5181360243377782,0.017508772559054364,0.11152109194952686,-0.1658676407413111,-1.0375849084833675,-1.158303490680268,-1.2517685485748444,1.4519806605073313,1.7914238189784015,1.8150230265526233,0.5194702337202699,0.38493370954847705,0.39537728516026505,0.7115373973906287,0.8077341196664349,-0.43018278390192677,-1.0723472765203752,-1.641914023586807,-4.216667010578192,-4.263256414560601e-14,-4.263256414560601e-14,-0.3556107608746544,-0.3179830319849941,-0.3572239243097215,-0.8329263682422976,-1.3029831354313899,-1.2304392627096377,-1.1126574175631703,-0.16907913132105534,-0.42721151081146047,-0.037237739212443444,-0.0853509152139793,0.43670713376640435,0.6276210248331893,0.8546727267243739,1.1938661457290607,1.388000463917919,1.4981923888154398,-1.4210854715202004e-14,-2.842170943040401e-14,-1.4210854715202004e-14,-1.4210854715202004e-14,-1.4210854715202004e-14,-1.4210854715202004e-14,-1.4210854715202004e-14,-1.4210854715202004e-14,-0.16267101588768185,-0.14145677503059062,0.0,-1.616547427934833,-1.9280858422241423,-1.117727934762641,-0.5939693990035835,-0.275086381055921,-0.46074356975693576,-0.8493661209421788,0.0,0.0,0.0,0.0,0.0,0.0,0.0,0.0,0.0,0.0,0.0,0.0,0.0,0.0,0.0,0.0,-0.286993508222416,0.0,0.0,-0.23849762297424348,-0.7459638105351694,-0.7418755072541394,-0.7502026601552636,-2.2780161767364326,-1.9286533548829787,-1.9364474325531162,0.5142222258613316,0.5639630215602338,0.5473669028017305,1.5297365748964182,1.530349270130536,0.0,0.0,0.0,0.0,0.0,0.0,0.0,0.0,0.0,0.0,0.0,0.0,0.0,0.0,0.0,0.0,0.0,0.0,0.0,0.0,0.0,0.0,0.0,0.0,0.0,0.0
163,0.0,0.0,0.0,0.0,0.0,0.0,0.0,0.0,0.0,0.0,0.0,0.0,0.0,0.0,0.0,0.0,0.0,0.0,0.0,-1.4210854715202004e-14,-1.4210854715202004e-14,-1.4210854715202004e-14,-1.4210854715202004e-14,-1.4210854715202004e-14,-0.16531436128410348,0.6794617503234406,1.0417924935048433,1.024122957586144,0.8552831337398032,0.8612333020905254,0.574904284127939,0.516161363044688,0.7817576572852545,1.4733045183603508,1.2724230844359852,1.2800190929335997,1.284702589245768,-2.842170943040401e-14,-4.263256414560601e-14,-4.263256414560601e-14,-4.263256414560601e-14,-4.263256414560601e-14,-4.263256414560601e-14,-4.263256414560601e-14,-4.263256414560601e-14,-4.263256414560601e-14,-5.684341886080802e-14,-5.684341886080802e-14,-5.684341886080802e-14,-5.684341886080802e-14,-2.842170943040401e-14,-2.842170943040401e-14,-2.842170943040401e-14,-2.842170943040401e-14,0.0,-5.684341886080802e-14,-5.684341886080802e-14,-5.684341886080802e-14,-4.263256414560601e-14,-2.842170943040401e-14,-2.842170943040401e-14,0.010801470853124329,0.17559340509525612,0.5902532157307547,0.9365721028227796,2.0565889560031394,2.0872908391409055,1.5906339279464135,1.4780306444158668,2.153469379180166,2.159050205786045,2.1474728096519726,-4.263256414560601e-14,-4.263256414560601e-14,-4.263256414560601e-14,-4.263256414560601e-14,-5.684341886080802e-14,-5.684341886080802e-14,-4.263256414560601e-14,-4.263256414560601e-14,-4.263256414560601e-14,0.0,-1.737992914843801,-1.2766972168561495,-1.003418202729378,-0.6792922604260667,-0.3632464212660693,-0.3632710648037971,0.31444871960042065,0.518136024337764,0.017508772559040153,0.11152109194951265,-0.16586764074132532,-1.0375849084833817,-1.1583034906802823,-1.2517685485748586,1.4519806605073171,1.7914238189783873,1.815023026552609,0.5194702337202841,0.38493370954849127,0.39537728516027926,0.7115373973906145,0.8077341196664207,-0.43018278390192677,-1.0723472765203752,-1.641914023586807,-4.216667010578206,-4.263256414560601e-14,-4.263256414560601e-14,-0.3556107608746686,-0.3179830319850083,-0.3572239243097357,-0.8329263682423118,-1.302983135431404,-1.2304392627096519,-1.1126574175631845,-0.16907913132106955,-0.42721151081146047,-0.037237739212443444,-0.0853509152139793,0.43670713376639014,0.6276210248331751,0.8546727267243597,1.1938661457290465,1.3880004639179049,1.4981923888154256,-1.4210854715202004e-14,-2.842170943040401e-14,-1.4210854715202004e-14,-1.4210854715202004e-14,-1.4210854715202004e-14,-1.4210854715202004e-14,-2.842170943040401e-14,-2.842170943040401e-14,-0.16267101588769606,-0.14145677503060483,0.0,-1.6165474279348402,-1.9280858422241494,-1.1177279347626552,-0.5939693990035977,-0.275086381055921,-0.46074356975693576,-0.8493661209421788,0.0,0.0,0.0,0.0,0.0,0.0,0.0,0.0,0.0,0.0,0.0,0.0,0.0,0.0,0.0,0.0,-0.286993508222416,0.0,0.0,-0.23849762297424526,-0.7459638105351729,-0.741875507254143,-0.7502026601552707,-2.2780161767364397,-1.9286533548829894,-1.936447432553127,0.5142222258613245,0.5639630215602338,0.5473669028017305,1.5297365748964182,1.530349270130536,0.0,0.0,0.0,0.0,0.0,0.0,0.0,0.0,0.0,0.0,0.0,0.0,0.0,0.0,0.0,0.0,0.0,0.0,0.0,0.0,0.0,0.0,0.0,0.0,0.0,0.0
164,-0.2384976229742506,-0.2384976229742506,-0.2384976229742506,-0.2384976229742506,-0.2384976229742506,-0.2384976229742506,-0.2384976229742506,-0.23849762297424348,-0.23849762297424348,-0.23849762297424348,-0.23849762297424348,-0.23849762297424348,-0.23849762297424348,-0.23849762297424348,-0.2384976229742506,-0.2384976229742506,-0.2384976229742506,-0.2384976229742506,-0.2384976229742506,-0.2384976229742648,-0.2384976229742648,-0.2384976229742648,-0.2384976229742648,-0.2384976229742648,-0.4038119842583541,0.44096412734919,0.8032948705305927,0.7856253346118933,0.6167855107655527,0.6227356791162606,0.33640666115366,0.27766374007040895,0.5432600343109755,1.2348068953860718,1.0339254614617062,1.0415214699593207,1.046204966271489,-0.238497622974279,-0.23849762297429322,-0.23849762297429322,-0.23849762297429322,-0.23849762297429322,-0.23849762297429322,-0.23849762297429322,-0.23849762297429322,-0.23849762297430743,-0.23849762297430743,-0.23849762297430743,-0.23849762297430743,-0.23849762297430743,-0.23849762297430743,-0.23849762297430743,-0.23849762297430743,-0.23849762297430743,-0.238497622974279,-0.23849762297430743,-0.23849762297430743,-0.23849762297430743,-0.23849762297429322,-0.238497622974279,-0.238497622974279,-0.22769615212112626,-0.06290421787899447,0.35175559275650414,0.698074479848529,1.8180913330288888,1.848793216166655,1.3521363049721629,1.2395330214416163,1.9149717562059152,1.9205525828118084,1.9089751866777362,-0.23849762297429322,-0.23849762297429322,-0.23849762297429322,-0.23849762297429322,-0.23849762297430743,-0.23849762297433585,-0.23849762297429322,-0.23849762297429322,-0.23849762297430743,-0.2384976229742506,-1.9764905378180515,-1.5151948398304,-1.2419158257036287,-0.9177898834003173,-0.6017440442403199,-0.6017686877780477,0.07595109662617006,0.27963840136351337,-0.22098885041521044,-0.12697653102473794,-0.4043652637155759,-1.2760825314576323,-1.3968011136545329,-1.4902661715491092,1.2134830375330665,1.5529261960041367,1.5765254035783585,0.2809726107460335,0.14643608657424068,0.15687966218602867,0.4730397744163639,0.5692364966921701,-0.6686804068761774,-1.3108448994946258,-1.8804116465610576,-4.455164633552457,-0.23849762297429322,-0.23849762297429322,-0.5941083838489192,-0.5564806549592589,-0.5957215472839863,-1.0714239912165624,-1.5414807584056547,-1.4689368856839025,-1.351155040537435,-0.40757675429532014,-0.6657091337857111,-0.27573536218669403,-0.3238485381882299,0.19820951079213955,0.38912340185892447,0.6161751037501091,0.9553685227547959,1.1495028409436543,1.259694765841175,-0.2384976229742648,-0.238497622974279,-0.2384976229742648,-0.2384976229742648,-0.2384976229742648,-0.2384976229742648,-0.238497622974279,-0.238497622974279,-0.40116863886194665,-0.3799543980048554,-0.2384976229742506,-1.8550450509090837,-2.1665834651983857,-1.3562255577368916,-0.8324670219778341,-0.5135840040301716,-0.6992411927311935,-1.0878637439164294,-0.2384976229742506,-0.2384976229742506,-0.2384976229742506,-0.2384976229742506,-0.23849762297424348,-0.23849762297424348,-0.23849762297424348,-0.23849762297424348,-0.23849762297424348,-0.23849762297424348,-0.23849762297424348,-0.23849762297424348,-0.23849762297424348,-0.23849762297424348,-0.23849762297424348,-0.2384976229742506,-0.5254911311966666,-0.23849762297424348,-0.23849762297424526,0.0,-0.5074661875609272,-0.5033778842798968,-0.5117050371810219,-2.039518553762189,-1.6901557319087388,-1.6979498095788763,0.7527198488355751,0.8024606445344844,0.30886927982748524,1.2912389519221765,1.2918516471562924,-0.23849762297424348,-0.23849762297424348,-0.23849762297424348,-0.23849762297424348,-0.23849762297424348,-0.23849762297424348,-0.23849762297424348,-0.23849762297423638,-0.23849762297423638,-0.23849762297423638,-0.23849762297424348,-0.23849762297424348,-0.23849762297424348,-0.23849762297424348,-0.23849762297424348,-0.23849762297424348,-0.23849762297424348,-0.23849762297424348,-0.23849762297424348,-0.23849762297424348,-0.23849762297424348,-0.23849762297424348,-0.23849762297424348,-0.23849762297424348,-0.23849762297424348,-0.2384976229742506
165,-0.7459638105351729,-0.7459638105351729,-0.7459638105351729,-0.7459638105351729,-0.7459638105351729,-0.7459638105351729,-0.7459638105351729,-0.7459638105351729,-0.7459638105351729,-0.7459638105351729,-0.7459638105351729,-0.7459638105351729,-0.7459638105351729,-0.7459638105351729,-0.7459638105351729,-0.7459638105351729,-0.7459638105351729,-0.7459638105351729,-0.7459638105351729,-0.7459638105351871,-0.7459638105351871,-0.7459638105351871,-0.7459638105351871,-0.7459638105351871,-0.9112781718192764,-0.06650206021173233,0.29582868296967035,0.278159147050971,0.10931932320465876,0.11526949155538091,-0.17105952640721966,-0.22980244749047074,0.03579384675009578,0.7273407078251921,0.5264592739008265,0.534055282398441,0.5387387787106093,-0.7459638105352013,-0.7459638105352155,-0.7459638105352155,-0.7459638105352155,-0.7459638105352155,-0.7459638105352155,-0.7459638105352155,-0.7459638105352155,-0.7459638105352155,-0.7459638105352155,-0.7459638105352155,-0.7459638105352155,-0.7459638105352155,-0.7459638105352155,-0.7459638105352155,-0.7459638105352155,-0.7459638105352155,-0.7459638105351871,-0.7459638105352155,-0.7459638105352155,-0.7459638105352155,-0.7459638105352155,-0.7459638105352155,-0.7459638105352155,-0.7351623396820486,-0.5703704054399026,-0.15571059480440397,0.19060829228762088,1.3106251454679807,1.3413270286057468,0.8446701174112548,0.7320668338807081,1.407505568645007,1.4130863952509003,1.4015089991168281,-0.7459638105352155,-0.7459638105352155,-0.7459638105352155,-0.7459638105352155,-0.7459638105352155,-0.745963810535244,-0.7459638105352155,-0.7459638105352155,-0.7459638105352155,-0.7459638105351729,-2.483956725378974,-2.0226610273913224,-1.749382013264551,-1.4252560709612396,-1.1092102318012422,-1.10923487533897,-0.43151509093475227,-0.22782778619740895,-0.7284550379761328,-0.6344427185856603,-0.9118314512764982,-1.7835487190185546,-1.9042673012154552,-1.9977323591100458,0.7060168499721584,1.0454600084432144,1.0690592160174504,-0.2264935768148888,-0.36103010098668165,-0.35058652537489365,-0.0344264131445442,0.061770309131262024,-1.1761465944370997,-1.8183110870555481,-2.38787783412198,-4.962630821113365,-0.7459638105352155,-0.7459638105352155,-1.1015745714098415,-1.0639468425201812,-1.1031877348449086,-1.5788901787774847,-2.048946945966577,-1.9764030732448248,-1.8586212280983574,-0.9150429418562425,-1.1731753213466334,-0.7832015497476164,-0.8313147257491522,-0.30925667676878277,-0.11834278570199785,0.10870891618918677,0.44790233519387357,0.642036653382732,0.7522285782802527,-0.7459638105351871,-0.7459638105352013,-0.7459638105351871,-0.7459638105351871,-0.7459638105351871,-0.7459638105351871,-0.7459638105351871,-0.7459638105351871,-0.908634826422869,-0.8874205855657777,-0.7459638105351729,-2.362511238470006,-2.674049652759308,-1.863691745297814,-1.3399332095387564,-1.0210501915910868,-1.2067073802921016,-1.5953299314773375,-0.7459638105351729,-0.7459638105351729,-0.7459638105351729,-0.7459638105351729,-0.7459638105351729,-0.7459638105351729,-0.7459638105351729,-0.7459638105351729,-0.7459638105351729,-0.7459638105351729,-0.7459638105351729,-0.7459638105351729,-0.7459638105351729,-0.7459638105351729,-0.7459638105351729,-0.7459638105351729,-1.032957318757596,-0.7459638105351729,-0.7459638105351729,-0.5074661875609272,0.0,0.004088303281030381,-0.004238849620096019,-1.532052366201265,-1.1826895443478112,-1.1904836220179469,1.260186036396501,1.3099268320954103,-0.1985969077334424,0.7837727643612489,0.7843854595953665,-0.7459638105351729,-0.7459638105351729,-0.7459638105351729,-0.7459638105351729,-0.7459638105351729,-0.7459638105351729,-0.7459638105351729,-0.7459638105351729,-0.7459638105351729,-0.7459638105351729,-0.7459638105351729,-0.7459638105351729,-0.7459638105351729,-0.7459638105351729,-0.7459638105351729,-0.7459638105351729,-0.7459638105351729,-0.7459638105351729,-0.7459638105351729,-0.7459638105351729,-0.7459638105351729,-0.7459638105351729,-0.7459638105351729,-0.7459638105351729,-0.7459638105351729,-0.7459638105351729
166,-0.7418755072541501,-0.7418755072541501,-0.7418755072541501,-0.7418755072541501,-0.7418755072541501,-0.7418755072541501,-0.7418755072541501,-0.7418755072541501,-0.7418755072541501,-0.7418755072541501,-0.741875507254143,-0.741875507254143,-0.741875507254143,-0.741875507254143,-0.741875507254143,-0.741875507254143,-0.7418755072541359,-0.7418755072541359,-0.7418755072541359,-0.7418755072541501,-0.7418755072541501,-0.7418755072541501,-0.7418755072541501,-0.7418755072541501,-0.9071898685382536,-0.062413756930709496,0.2999169862506932,0.28224745033199383,0.11340762648566738,0.11935779483638953,-0.16697122312621104,-0.22571414420946212,0.0398821500311044,0.7314290111062007,0.5305475771818351,0.5381435856794496,0.5428270819916179,-0.7418755072541643,-0.7418755072541785,-0.7418755072541785,-0.7418755072541785,-0.7418755072541785,-0.7418755072541785,-0.7418755072541501,-0.7418755072541501,-0.7418755072541501,-0.7418755072541501,-0.7418755072541501,-0.7418755072541501,-0.7418755072541501,-0.7418755072541501,-0.7418755072541501,-0.7418755072541501,-0.7418755072541501,-0.7418755072541217,-0.7418755072541501,-0.7418755072541501,-0.7418755072541501,-0.7418755072541785,-0.7418755072541785,-0.7418755072541785,-0.7310740364010115,-0.5662821021588798,-0.15162229152338114,0.19469659556864372,1.3147134487489893,1.3454153318867554,0.8487584206922634,0.7361551371617168,1.4115938719260157,1.417174698531909,1.4055973023978368,-0.7418755072541785,-0.7418755072541785,-0.7418755072541785,-0.7418755072541785,-0.7418755072541785,-0.7418755072542069,-0.7418755072541785,-0.7418755072541501,-0.7418755072541501,-0.7418755072541359,-2.479868422097937,-2.0185727241102853,-1.745293709983514,-1.4211677676802026,-1.1051219285202052,-1.105146572057933,-0.4274267876537152,-0.2237394829163719,-0.7243667346950957,-0.6303544153046232,-0.9077431479954612,-1.7794604157375176,-1.900178997934404,-1.9936440558289803,0.7101051532531812,1.0495483117242657,1.0731475192984874,-0.22240527353386597,-0.3569417977056588,-0.3464982220938566,-0.030338109863521368,0.06585861241228486,-1.1720582911560626,-1.814222783774511,-2.383789530840943,-4.958542517832342,-0.7418755072541785,-0.7418755072541785,-1.0974862681288045,-1.0598585392391442,-1.0990994315638716,-1.5748018754964477,-2.04485864268554,-1.9723147699637877,-1.8545329248173203,-0.9109546385752054,-1.1690870180655963,-0.7791132464665793,-0.8272264224681152,-0.3051683734877457,-0.11425448242096081,0.11279721947022381,0.4519906384749106,0.646124956663769,0.7563168815612897,-0.7418755072541501,-0.7418755072541643,-0.7418755072541501,-0.7418755072541501,-0.7418755072541501,-0.7418755072541501,-0.7418755072541643,-0.7418755072541643,-0.9045465231418319,-0.8833322822847407,-0.7418755072541359,-2.358422935188969,-2.669961349478271,-1.8596034420167769,-1.3358449062577193,-1.0169618883100497,-1.2026190770110645,-1.5912416281963004,-0.7418755072541359,-0.7418755072541359,-0.7418755072541359,-0.7418755072541359,-0.741875507254143,-0.741875507254143,-0.741875507254143,-0.741875507254143,-0.741875507254143,-0.741875507254143,-0.741875507254143,-0.741875507254143,-0.741875507254143,-0.741875507254143,-0.741875507254143,-0.7418755072541501,-1.028869015476559,-0.741875507254143,-0.741875507254143,-0.5033778842798968,0.004088303281030381,0.0,-0.008327152901125956,-1.536140669482295,-1.186777847628841,-1.194571925298975,1.2560977331154692,1.305838528814375,-0.19450860445241247,0.7878610676422788,0.7884737628763965,-0.741875507254143,-0.741875507254143,-0.741875507254143,-0.741875507254143,-0.741875507254143,-0.741875507254143,-0.741875507254143,-0.7418755072541359,-0.7418755072541359,-0.7418755072541359,-0.741875507254143,-0.741875507254143,-0.7418755072541465,-0.7418755072541501,-0.7418755072541501,-0.741875507254143,-0.741875507254143,-0.741875507254143,-0.741875507254143,-0.741875507254143,-0.741875507254143,-0.741875507254143,-0.741875507254143,-0.741875507254143,-0.741875507254143,-0.7418755072541501
167,-0.7502026601552672,-0.7502026601552672,-0.7502026601552672,-0.7502026601552672,-0.7502026601552672,-0.7502026601552672,-0.7502026601552672,-0.7502026601552672,-0.7502026601552672,-0.7502026601552672,-0.7502026601552672,-0.7502026601552672,-0.7502026601552672,-0.7502026601552672,-0.7502026601552672,-0.7502026601552672,-0.7502026601552672,-0.7502026601552672,-0.7502026601552672,-0.7502026601552814,-0.7502026601552814,-0.7502026601552814,-0.7502026601552814,-0.7502026601552814,-0.9155170214393706,-0.07074090983182657,0.2915898333495761,0.27392029743089097,0.10508047358456452,0.11103064193528667,-0.1752983760273139,-0.23404129711056498,0.03155499713000154,0.7231018582050979,0.5222204242807322,0.5298164327783468,0.534499929090515,-0.7502026601552956,-0.7502026601553098,-0.7502026601553098,-0.7502026601553098,-0.7502026601553098,-0.7502026601553098,-0.7502026601552814,-0.7502026601552814,-0.7502026601552814,-0.7502026601552814,-0.7502026601552814,-0.7502026601552814,-0.7502026601552814,-0.7502026601552814,-0.7502026601552814,-0.7502026601552814,-0.7502026601552814,-0.7502026601552529,-0.7502026601552814,-0.7502026601552814,-0.7502026601552814,-0.7502026601553098,-0.7502026601553098,-0.7502026601553098,-0.7394011893021428,-0.5746092550599968,-0.1599494444244982,0.18636944266752664,1.3063862958478865,1.3370881789856526,0.8404312677911605,0.7278279842606139,1.4032667190249128,1.408847545630806,1.397270149496734,-0.7502026601553098,-0.7502026601553098,-0.7502026601553098,-0.7502026601553098,-0.7502026601553098,-0.7502026601553382,-0.7502026601553098,-0.7502026601552814,-0.7502026601552814,-0.7502026601552672,-2.488195574999068,-2.0268998770114166,-1.7536208628846452,-1.4294949205813339,-1.1134490814213365,-1.1134737249590643,-0.4357539405548465,-0.2320666358175032,-0.732693887596227,-0.6386815682057545,-0.9160703008965925,-1.787787568638663,-1.9085061508355352,-2.0019712087301116,0.7017780003520784,1.0412211588231344,1.064820366397356,-0.23073242643496883,-0.36526895060674747,-0.3548253749949595,-0.03866526276465265,0.05753145951115357,-1.180385444057194,-1.8225499366756424,-2.392116683742074,-4.966869670733473,-0.7502026601553098,-0.7502026601553098,-1.1058134210299357,-1.0681856921402755,-1.1074265844650029,-1.583129028397579,-2.0531857955866712,-1.980641922864919,-1.8628600777184516,-0.9192817914763367,-1.1774141709667276,-0.7874403993677106,-0.8355535753692465,-0.313495526388877,-0.1225816353220921,0.10447006656909252,0.4436634855737793,0.6377978037626377,0.7479897286601584,-0.7502026601552814,-0.7502026601552956,-0.7502026601552814,-0.7502026601552814,-0.7502026601552814,-0.7502026601552814,-0.7502026601552814,-0.7502026601552814,-0.9128736760429632,-0.891659435185872,-0.7502026601552672,-2.3667500880901002,-2.6782885023794023,-1.8679305949179081,-1.3441720591588506,-1.025289041211181,-1.2109462299121958,-1.5995687810974317,-0.7502026601552672,-0.7502026601552672,-0.7502026601552672,-0.7502026601552672,-0.7502026601552672,-0.7502026601552672,-0.7502026601552672,-0.7502026601552672,-0.7502026601552672,-0.7502026601552672,-0.7502026601552672,-0.7502026601552672,-0.7502026601552672,-0.7502026601552672,-0.7502026601552672,-0.7502026601552672,-1.0371961683776902,-0.7502026601552672,-0.7502026601552672,-0.5117050371810219,-0.004238849620096019,-0.008327152901125956,0.0,-1.527813516581169,-1.178450694727717,-1.1862447723978509,1.2644248860165952,1.3141656817155027,-0.20283575735353665,0.7795339147411511,0.7801466099752687,-0.7502026601552636,-0.7502026601552672,-0.7502026601552672,-0.7502026601552672,-0.7502026601552672,-0.7502026601552672,-0.7502026601552672,-0.7502026601552672,-0.7502026601552672,-0.7502026601552672,-0.7502026601552672,-0.7502026601552672,-0.7502026601552672,-0.7502026601552672,-0.7502026601552672,-0.7502026601552672,-0.7502026601552672,-0.7502026601552672,-0.7502026601552672,-0.7502026601552672,-0.7502026601552672,-0.7502026601552672,-0.7502026601552672,-0.7502026601552672,-0.7502026601552672,-0.7502026601552672
168,-2.2780161767364433,-2.2780161767364433,-2.2780161767364433,-2.2780161767364433,-2.2780161767364433,-2.2780161767364433,-2.2780161767364433,-2.2780161767364433,-2.2780161767364433,-2.2780161767364433,-2.2780161767364433,-2.2780161767364433,-2.2780161767364433,-2.2780161767364433,-2.2780161767364433,-2.2780161767364433,-2.2780161767364433,-2.2780161767364433,-2.2780161767364433,-2.2780161767364575,-2.2780161767364575,-2.2780161767364575,-2.2780161767364575,-2.2780161767364575,-2.443330538020561,-1.598554426413017,-1.2362236832316,-1.2538932191502852,-1.4227330429966116,-1.4167828746458895,-1.70311189260849,-1.7618548136917411,-1.4962585194511746,-0.8047116583760783,-1.005593092300444,-0.9979970838028294,-0.9933135874906611,-2.2780161767364717,-2.278016176736486,-2.278016176736486,-2.2780161767364717,-2.278016176736486,-2.278016176736486,-2.2780161767364575,-2.2780161767364575,-2.2780161767364575,-2.2780161767364575,-2.2780161767364575,-2.2780161767364575,-2.2780161767364575,-2.278016176736429,-2.278016176736429,-2.278016176736429,-2.278016176736429,-2.2780161767364007,-2.2780161767364575,-2.2780161767364575,-2.2780161767364575,-2.278016176736486,-2.278016176736486,-2.278016176736486,-2.267214705883319,-2.102422771641187,-1.6877629610056886,-1.3414440739136637,-0.2214272207333181,-0.190725337595552,-0.6873822487900441,-0.7999855323205907,-0.12454679755629172,-0.11896597095039851,-0.13054336708447067,-2.278016176736486,-2.278016176736486,-2.278016176736486,-2.278016176736486,-2.278016176736486,-2.2780161767365144,-2.278016176736486,-2.2780161767364575,-2.2780161767364575,-2.2780161767364433,-4.016009091580244,-3.5547133935925928,-3.2814343794658214,-2.95730843716251,-2.6412625980025126,-2.6412872415402404,-1.9635674571360227,-1.7598801523986793,-2.260507404177389,-2.1664950847869306,-2.4438838174777686,-3.315601085219839,-3.4363196674167114,-3.5297847253112877,-0.8260355162290978,-0.48659235775804177,-0.46299315018382003,-1.758545943016145,-1.8930824671879236,-1.8826388915761356,-1.5664787793458288,-1.4702820570700226,-2.70819896063837,-3.3503634532568185,-3.9199302003232503,-6.494683187314649,-2.2780161767364575,-2.2780161767364575,-2.633626937611112,-2.5959992087214516,-2.635240101046179,-3.110942544978755,-3.5809993121678474,-3.508455439446095,-3.390673594299628,-2.447095308057527,-2.7052276875479038,-2.3152539159488867,-2.3633670919504226,-1.8413090429700532,-1.6503951519032682,-1.4233434500120836,-1.0841500310073968,-0.8900157128185526,-0.7798237879210319,-2.2780161767364575,-2.2780161767364717,-2.2780161767364575,-2.2780161767364575,-2.2780161767364575,-2.2780161767364575,-2.2780161767364717,-2.2780161767364717,-2.4406871926241394,-2.419472951767048,-2.2780161767364433,-3.8945636046712764,-4.2061020189605784,-3.3957441114990843,-2.8719855757400268,-2.553102557792357,-2.738759746493372,-3.127382297678608,-2.2780161767364433,-2.2780161767364433,-2.2780161767364433,-2.2780161767364433,-2.2780161767364433,-2.2780161767364433,-2.2780161767364433,-2.2780161767364433,-2.2780161767364433,-2.2780161767364433,-2.2780161767364433,-2.2780161767364433,-2.2780161767364433,-2.2780161767364433,-2.2780161767364433,-2.2780161767364433,-2.5650096849588664,-2.2780161767364433,-2.2780161767364397,-2.0395185537621927,-1.532052366201265,-1.536140669482295,-1.527813516581169,0.0,0.3493628218534526,0.3415687441833173,-0.26338863056457384,-0.21364783486566452,-1.7306492739347092,-0.748279601840018,-0.7476669066059003,-2.2780161767364433,-2.2780161767364433,-2.2780161767364433,-2.2780161767364433,-2.2780161767364433,-2.2780161767364433,-2.2780161767364433,-2.2780161767364433,-2.2780161767364433,-2.2780161767364433,-2.2780161767364433,-2.2780161767364433,-2.2780161767364433,-2.2780161767364433,-2.2780161767364433,-2.2780161767364433,-2.2780161767364433,-2.2780161767364433,-2.2780161767364433,-2.2780161767364433,-2.2780161767364433,-2.2780161767364433,-2.2780161767364433,-2.2780161767364433,-2.2780161767364433,-2.2780161767364433
169,-1.9286533548829823,-1.9286533548829823,-1.9286533548829823,-1.9286533548829823,-1.9286533548829823,-1.9286533548829823,-1.9286533548829823,-1.9286533548829823,-1.9286533548829823,-1.9286533548829823,-1.9286533548829823,-1.9286533548829823,-1.9286533548829823,-1.9286533548829823,-1.9286533548829823,-1.9286533548829823,-1.9286533548829823,-1.9286533548829823,-1.9286533548829823,-1.9286533548829965,-1.9286533548829965,-1.9286533548829965,-1.9286533548829965,-1.9286533548829965,-2.0939677161671,-1.2491916045595701,-0.8868608613781532,-0.9045303972968384,-1.0733702211431648,-1.0674200527924427,-1.3537490707550432,-1.4124919918382943,-1.1468956975977278,-0.4553488365226315,-0.6562302704469971,-0.6486342619493826,-0.6439507656372143,-1.9286533548830107,-1.928653354883025,-1.928653354883025,-1.9286533548830391,-1.9286533548830391,-1.9286533548830391,-1.9286533548830107,-1.9286533548830107,-1.9286533548830107,-1.9286533548830107,-1.9286533548830107,-1.9286533548830107,-1.9286533548830107,-1.9286533548829823,-1.9286533548829823,-1.9286533548829823,-1.9286533548829823,-1.9286533548829539,-1.9286533548830107,-1.9286533548830107,-1.9286533548830107,-1.9286533548830391,-1.9286533548830391,-1.9286533548830391,-1.917851884029858,-1.753059949787712,-1.3384001391522133,-0.9920812520601885,0.12793560112015712,0.15863748425792323,-0.33801942693656883,-0.45062271046711544,0.2248160242971835,0.2303968509030767,0.21881945476900455,-1.9286533548830391,-1.9286533548830391,-1.9286533548830391,-1.9286533548830391,-1.9286533548830391,-1.9286533548830675,-1.9286533548830391,-1.9286533548830107,-1.9286533548830107,-1.9286533548829823,-3.666646269726783,-3.2053505717391317,-2.9320715576123604,-2.607945615309049,-2.2918997761490516,-2.2919244196867794,-1.6142046352825616,-1.4105173305452183,-1.9111445823239421,-1.8171322629334838,-2.094520995624322,-2.9662382633663924,-3.0869568455632646,-3.180421903457841,-0.47667269437562254,-0.13722953590456655,-0.11363032833034481,-1.4091831211626982,-1.5437196453344768,-1.5332760697226888,-1.217115957492382,-1.1209192352165758,-2.358836138784895,-3.0010006314033433,-3.570567378469775,-6.145320365461174,-1.9286533548830391,-1.9286533548830391,-2.284264115757651,-2.2466363868679906,-2.285877279192718,-2.761579723125294,-3.2316364903143864,-3.159092617592634,-3.0413107724461668,-2.097732486204052,-2.3558648656944428,-1.96589109409544,-2.0140042700969616,-1.4919462211165921,-1.3010323300498072,-1.0739806281586226,-0.73478720915395,-0.5406528909651058,-0.4304609660675851,-1.9286533548829965,-1.9286533548830107,-1.9286533548829965,-1.9286533548829965,-1.9286533548829965,-1.9286533548829965,-1.9286533548829965,-1.9286533548829965,-2.0913243707706783,-2.070110129913587,-1.9286533548829823,-3.5452007828178154,-3.8567391971071174,-3.0463812896456233,-2.5226227538865658,-2.203739735938896,-2.389396924639911,-2.778019475825147,-1.9286533548829823,-1.9286533548829823,-1.9286533548829823,-1.9286533548829823,-1.9286533548829823,-1.9286533548829823,-1.9286533548829823,-1.9286533548829823,-1.9286533548829823,-1.9286533548829823,-1.9286533548829823,-1.9286533548829823,-1.9286533548829823,-1.9286533548829823,-1.9286533548829823,-1.9286533548829823,-2.2156468631054054,-1.9286533548829894,-1.9286533548829858,-1.6901557319087388,-1.1826895443478112,-1.1867778476288429,-1.178450694727717,0.3493628218534526,0.0,-0.007794077670135402,0.08597419128888006,0.1357149869877894,-1.3812864520812553,-0.39891677998656405,-0.3983040847524464,-1.9286533548829823,-1.9286533548829823,-1.9286533548829823,-1.9286533548829823,-1.9286533548829823,-1.9286533548829823,-1.9286533548829823,-1.9286533548829823,-1.9286533548829823,-1.9286533548829823,-1.9286533548829823,-1.9286533548829823,-1.9286533548829823,-1.9286533548829823,-1.9286533548829823,-1.9286533548829823,-1.9286533548829823,-1.9286533548829823,-1.9286533548829823,-1.9286533548829823,-1.9286533548829823,-1.9286533548829823,-1.9286533548829823,-1.9286533548829823,-1.9286533548829823,-1.9286533548829823
170,-1.9364474325531233,-1.9364474325531233,-1.9364474325531233,-1.9364474325531233,-1.9364474325531233,-1.9364474325531233,-1.9364474325531233,-1.9364474325531233,-1.9364474325531233,-1.9364474325531233,-1.9364474325531233,-1.9364474325531233,-1.9364474325531233,-1.9364474325531233,-1.9364474325531233,-1.9364474325531233,-1.9364474325531233,-1.9364474325531233,-1.9364474325531233,-1.9364474325531376,-1.9364474325531376,-1.9364474325531376,-1.9364474325531376,-1.9364474325531376,-2.1017617938372553,-1.2569856822297254,-0.8946549390483085,-0.9123244749669936,-1.08116429881332,-1.075214130462598,-1.3615431484251985,-1.4202860695084496,-1.154689775267883,-0.46314291419278675,-0.6640243481171524,-0.6564283396195378,-0.6517448433073696,-1.9364474325531518,-1.936447432553166,-1.936447432553166,-1.936447432553166,-1.936447432553166,-1.936447432553166,-1.9364474325531376,-1.9364474325531376,-1.9364474325531376,-1.9364474325531376,-1.9364474325531376,-1.9364474325531376,-1.9364474325531376,-1.9364474325531091,-1.9364474325531091,-1.9364474325531091,-1.9364474325531091,-1.9364474325530807,-1.9364474325531376,-1.9364474325531376,-1.9364474325531376,-1.936447432553166,-1.936447432553166,-1.936447432553166,-1.9256459617000132,-1.7608540274578672,-1.3461942168223686,-0.9998753297303438,0.12014152345000184,0.15084340658776796,-0.3458135046067241,-0.4584167881372707,0.21702194662702823,0.22260277323292144,0.21102537709884928,-1.936447432553166,-1.936447432553166,-1.936447432553166,-1.936447432553166,-1.936447432553166,-1.9364474325531944,-1.936447432553166,-1.9364474325531376,-1.9364474325531376,-1.9364474325531233,-3.6744403473969243,-3.213144649409273,-2.9398656352825014,-2.61573969297919,-2.2996938538191927,-2.2997184973569205,-1.6219987129527027,-1.4183114082153594,-1.918938659994069,-1.8249263406036107,-2.1023150732944487,-2.9740323410365193,-3.0947509232333914,-3.188215981127968,-0.4844667720457778,-0.14502361357472182,-0.12142440600050008,-1.4169771988328534,-1.551513723004632,-1.541070147392844,-1.2249100351625088,-1.1287133128867026,-2.36663021645505,-3.0087947090734986,-3.5783614561399304,-6.153114443131329,-1.936447432553166,-1.936447432553166,-2.292058193427792,-2.2544304645381317,-2.293671356862859,-2.769373800795435,-3.2394305679845274,-3.166886695262775,-3.0491048501162936,-2.1055265638741787,-2.3636589433646122,-1.9736851717656236,-2.0217983477671453,-1.4997402987867332,-1.3088264077199483,-1.0817747058287495,-0.7425812868240769,-0.5484469686352327,-0.43825504373771196,-1.9364474325531376,-1.9364474325531518,-1.9364474325531376,-1.9364474325531376,-1.9364474325531376,-1.9364474325531376,-1.9364474325531518,-1.9364474325531518,-2.0991184484408194,-2.077904207583728,-1.9364474325531233,-3.5529948604879564,-3.8645332747772585,-3.0541753673157643,-2.530416831556707,-2.2115338136090372,-2.397191002310052,-2.785813553495288,-1.9364474325531233,-1.9364474325531233,-1.9364474325531233,-1.9364474325531233,-1.9364474325531233,-1.9364474325531233,-1.9364474325531233,-1.9364474325531233,-1.9364474325531233,-1.9364474325531233,-1.9364474325531233,-1.9364474325531233,-1.9364474325531233,-1.9364474325531233,-1.9364474325531233,-1.9364474325531233,-2.2234409407755464,-1.9364474325531233,-1.9364474325531198,-1.6979498095788728,-1.1904836220179469,-1.1945719252989768,-1.1862447723978509,0.3415687441833173,-0.007794077670135402,0.0,0.07818011361874255,0.12792090931765188,-1.3890805297513893,-0.4067108576567051,-0.40609816242258745,-1.9364474325531233,-1.9364474325531233,-1.9364474325531233,-1.9364474325531233,-1.9364474325531233,-1.9364474325531233,-1.9364474325531233,-1.9364474325531233,-1.9364474325531233,-1.9364474325531233,-1.9364474325531233,-1.9364474325531233,-1.9364474325531233,-1.9364474325531233,-1.9364474325531233,-1.9364474325531233,-1.9364474325531233,-1.9364474325531233,-1.9364474325531233,-1.9364474325531233,-1.9364474325531233,-1.9364474325531233,-1.9364474325531233,-1.9364474325531233,-1.9364474325531233,-1.9364474325531233
171,0.5142222258613316,0.5142222258613316,0.5142222258613316,0.5142222258613316,0.5142222258613316,0.5142222258613316,0.5142222258613316,0.5142222258613316,0.5142222258613316,0.5142222258613316,0.5142222258613316,0.5142222258613316,0.5142222258613316,0.5142222258613316,0.5142222258613316,0.5142222258613316,0.5142222258613316,0.5142222258613316,0.5142222258613316,0.5142222258613174,0.5142222258613174,0.5142222258613174,0.5142222258613174,0.5142222258613174,0.3489078645772139,1.193683976184758,1.5560147193661749,1.5383451834474897,1.3695053596011633,1.3754555279518854,1.0891265099892848,1.0303835889060338,1.2959798831466003,1.9875267442216966,1.786645310297331,1.7942413187949455,1.7989248151071138,0.5142222258613032,0.514222225861289,0.514222225861289,0.514222225861289,0.514222225861289,0.514222225861289,0.5142222258613174,0.5142222258613174,0.5142222258613174,0.5142222258613174,0.5142222258613174,0.5142222258613174,0.5142222258613174,0.5142222258613174,0.5142222258613174,0.5142222258613174,0.5142222258613174,0.5142222258613458,0.5142222258613174,0.5142222258613174,0.5142222258613174,0.514222225861289,0.514222225861289,0.514222225861289,0.5250236967144559,0.6898156309565877,1.1044754415920863,1.4507943286841396,2.570811181864485,2.6015130650022513,2.1048561538077593,1.9922528702772127,2.6676916050415116,2.673272431647405,2.6616950355133326,0.514222225861289,0.514222225861289,0.514222225861289,0.514222225861289,0.514222225861289,0.5142222258612605,0.514222225861289,0.5142222258613174,0.5142222258613174,0.5142222258613316,-1.2237706889824693,-0.7624749909948179,-0.4891959768680465,-0.16507003456473512,0.15097580459526228,0.15095116105753448,0.8286709454617522,1.0323582501990956,0.531730998420386,0.6257433178108442,0.3483545851200063,-0.5233626826220643,-0.6440812648189365,-0.7375463227135128,1.9662028863686771,2.305646044839733,2.329245252413955,1.0336924595816015,0.8991559354098229,0.9095995110216109,1.225759623251946,1.3219563455277523,0.08403944195940483,-0.5581250506590436,-1.1276917977254755,-3.7024447847168744,0.514222225861289,0.514222225861289,0.158611464986663,0.19623919387632327,0.1569983015515959,-0.3187041423809802,-0.7887609095700725,-0.7162170368483203,-0.5984351917018387,0.34514309454027625,0.0870107150498427,0.4769844866488313,0.42887131064730966,0.9509293596277217,1.1418432506945067,1.368894952585677,1.7080883715903497,1.9022226897791938,2.0124146146767146,0.5142222258613174,0.5142222258613032,0.5142222258613174,0.5142222258613174,0.5142222258613174,0.5142222258613174,0.5142222258613032,0.5142222258613032,0.35155120997363554,0.37276545083072676,0.5142222258613316,-1.1023252020735015,-1.4138636163628036,-0.6035057089013094,-0.07974717314225188,0.23913584480541772,0.053478656104402944,-0.335143895080833,0.5142222258613316,0.5142222258613316,0.5142222258613316,0.5142222258613316,0.5142222258613316,0.5142222258613316,0.5142222258613316,0.5142222258613316,0.5142222258613316,0.5142222258613316,0.5142222258613316,0.5142222258613316,0.5142222258613316,0.5142222258613316,0.5142222258613316,0.5142222258613316,0.2272287176389085,0.5142222258613316,0.514222225861328,0.7527198488355751,1.260186036396501,1.2560977331154692,1.2644248860165952,-0.26338863056457384,0.08597419128888006,0.07818011361874255,0.0,0.04974079569890777,1.0615891286630585,2.04395880075775,2.0445714959918675,0.5142222258613316,0.5142222258613316,0.5142222258613316,0.5142222258613316,0.5142222258613316,0.5142222258613316,0.5142222258613316,0.5142222258613316,0.5142222258613316,0.5142222258613316,0.5142222258613316,0.5142222258613316,0.5142222258613316,0.5142222258613316,0.5142222258613316,0.5142222258613316,0.5142222258613316,0.5142222258613316,0.5142222258613316,0.5142222258613316,0.5142222258613316,0.5142222258613316,0.5142222258613316,0.5142222258613316,0.5142222258613316,0.5142222258613316
172,0.5639630215602409,0.5639630215602409,0.5639630215602409,0.5639630215602409,0.5639630215602409,0.5639630215602409,0.5639630215602409,0.5639630215602409,0.5639630215602409,0.5639630215602409,0.5639630215602409,0.5639630215602409,0.5639630215602409,0.5639630215602409,0.5639630215602409,0.5639630215602409,0.5639630215602409,0.5639630215602409,0.5639630215602409,0.5639630215602267,0.5639630215602267,0.5639630215602267,0.5639630215602267,0.5639630215602267,0.398648660276109,1.2434247718836389,1.6057555150650558,1.5880859791463706,1.4192461553000442,1.4251963236507663,1.1388673056881657,1.0801243846049147,1.3457206788454812,2.0372675399205775,1.8363861059962119,1.8439821144938264,1.8486656108059947,0.5639630215602125,0.5639630215601983,0.5639630215601983,0.5639630215601983,0.5639630215601983,0.5639630215601983,0.5639630215602267,0.5639630215602267,0.5639630215602267,0.5639630215602267,0.5639630215602267,0.5639630215602267,0.5639630215602267,0.5639630215602551,0.5639630215602551,0.5639630215602551,0.5639630215602551,0.5639630215602836,0.5639630215602267,0.5639630215602267,0.5639630215602267,0.5639630215601983,0.5639630215601983,0.5639630215601983,0.574764492413351,0.739556426655497,1.1542162372909957,1.5005351243830205,2.620551977563366,2.6512538607011322,2.15459694950664,2.0419936659760936,2.7174324007403925,2.7230132273462857,2.7114358312122135,0.5639630215601983,0.5639630215601983,0.5639630215601983,0.5639630215601983,0.5639630215601983,0.5639630215601699,0.5639630215601983,0.5639630215602267,0.5639630215602267,0.5639630215602409,-1.17402989328356,-0.7127341952959085,-0.4394551811691372,-0.1153292388658258,0.2007166002941716,0.2006919567564438,0.8784117411606616,1.0820990458980049,0.5814717941192953,0.6754841135097536,0.3980953808189156,-0.473621886923155,-0.5943404691200271,-0.6878055270146035,2.0159436820675865,2.3553868405386424,2.378986048112864,1.0834332552805108,0.9488967311087322,0.9593403067205202,1.2755004189508554,1.3716971412266616,0.13378023765829994,-0.5083842549601343,-1.0779510020265661,-3.652703989017965,0.5639630215601983,0.5639630215601983,0.20835226068557233,0.2459799895752326,0.2067390972505052,-0.2689633466820709,-0.7390201138711632,-0.666476241149411,-0.5486943960029294,0.3948838902391856,0.13675151074875203,0.5267252823477406,0.478612106346219,1.000670155326631,1.191584046393416,1.4186357482846006,1.757829167289259,1.9519634854781032,2.062155410375624,0.5639630215602267,0.5639630215602125,0.5639630215602267,0.5639630215602267,0.5639630215602267,0.5639630215602267,0.5639630215602125,0.5639630215602125,0.40129200567254486,0.4225062465296361,0.5639630215602409,-1.0525844063745922,-1.3641228206638942,-0.5537649132024001,-0.030006377443342558,0.28887664050432704,0.10321945180331227,-0.28540309938192365,0.5639630215602409,0.5639630215602409,0.5639630215602409,0.5639630215602409,0.5639630215602409,0.5639630215602409,0.5639630215602409,0.5639630215602409,0.5639630215602409,0.5639630215602409,0.5639630215602409,0.5639630215602409,0.5639630215602409,0.5639630215602409,0.5639630215602409,0.5639630215602409,0.27696951333781783,0.5639630215602338,0.5639630215602338,0.8024606445344808,1.3099268320954067,1.305838528814375,1.3141656817155027,-0.21364783486566452,0.13571498698778584,0.12792090931764832,0.04974079569890777,0.0,1.1113299243619643,2.093699596456659,2.094312291690777,0.5639630215602409,0.5639630215602409,0.5639630215602409,0.5639630215602409,0.5639630215602409,0.5639630215602409,0.5639630215602409,0.5639630215602409,0.5639630215602409,0.5639630215602409,0.5639630215602409,0.5639630215602409,0.5639630215602409,0.5639630215602409,0.5639630215602409,0.5639630215602409,0.5639630215602409,0.5639630215602409,0.5639630215602409,0.5639630215602409,0.5639630215602409,0.5639630215602409,0.5639630215602409,0.5639630215602409,0.5639630215602409,0.5639630215602409
173,0.547366902801727,0.547366902801727,0.547366902801727,0.547366902801727,0.547366902801727,0.547366902801727,0.547366902801727,0.547366902801727,0.547366902801727,0.5473669028017305,0.5473669028017305,0.5473669028017305,0.547366902801727,0.547366902801727,0.547366902801727,0.547366902801727,0.547366902801727,0.547366902801727,0.547366902801727,0.5473669028017127,0.5473669028017127,0.5473669028017127,0.5473669028017127,0.5473669028017127,0.38205254151760926,1.2268286531251533,1.589159396306556,1.5714898603878567,1.402650036541516,1.408600204892224,1.1222711869296234,1.0635282658463723,1.3291245600869388,2.020671421162035,1.8197899872376695,1.827385995735284,1.8320694920474523,0.5473669028016985,0.5473669028016843,0.5473669028016843,0.5473669028016843,0.5473669028016843,0.5473669028016843,0.5473669028016843,0.5473669028016843,0.5473669028016843,0.5473669028016843,0.5473669028016843,0.5473669028016843,0.5473669028016843,0.5473669028017127,0.5473669028017127,0.5473669028017127,0.5473669028017127,0.5473669028017412,0.5473669028016843,0.5473669028016843,0.5473669028016843,0.5473669028016701,0.5473669028016843,0.5473669028016843,0.5581683736548513,0.7229603078969831,1.1376201185324817,1.4839390056245065,2.6039558588048664,2.6346577419426183,2.138000830748126,2.0253975472175796,2.7008362819818785,2.7064171085877717,2.6948397124536996,0.5473669028016843,0.5473669028016843,0.5473669028016843,0.5473669028016843,0.5473669028016843,0.5473669028016559,0.5473669028016843,0.5473669028016843,0.5473669028016559,0.547366902801727,-1.190626012042074,-0.7293303140544225,-0.45605129992765114,-0.13192535762433977,0.18412048153565763,0.18409583799792983,0.8618156224021476,1.065502927139491,0.5648756753607671,0.6588879947512396,0.38149926206040163,-0.49021800568165474,-0.6109365878785553,-0.7044016457731317,1.999347563309044,2.3387907217801143,2.362389929354336,1.0668371365219969,0.932300612350204,0.942744187961992,1.2589043001923415,1.3551010224681477,0.11718411889980018,-0.5249803737186483,-1.09454712078508,-3.669300107776479,0.5473669028016843,0.5473669028016843,0.19175614192705837,0.22938387081671863,0.19014297849199124,-0.28555946544058486,-0.7556162326296771,-0.6830723599079249,-0.5652905147614575,0.3782877714806574,0.12015539199026648,0.5101291635892835,0.46201598758774765,0.9840740365681171,1.174987927634902,1.4020396295260866,1.7412330485307734,1.9353673667196318,2.0455592916171526,0.5473669028017127,0.5473669028016985,0.5473669028017127,0.5473669028017127,0.5473669028017127,0.5473669028017127,0.5473669028016985,0.5473669028016985,0.3846958869140309,0.4059101277711221,0.547366902801727,-1.0691805251331061,-1.3807189394224082,-0.570361031960914,-0.046602496201856525,0.27228052174580597,0.08662333304478409,-0.30199921814045183,0.547366902801727,0.547366902801727,0.547366902801727,0.547366902801727,0.5473669028017305,0.547366902801727,0.547366902801727,0.547366902801727,0.547366902801727,0.547366902801727,0.547366902801727,0.547366902801727,0.547366902801727,0.547366902801727,0.547366902801727,0.547366902801727,0.26037339457931097,0.5473669028017305,0.5473669028017305,0.30886927982748524,-0.19859690773344063,-0.1945086044524107,-0.20283575735353665,-1.7306492739347057,-1.3812864520812553,-1.3890805297513928,1.0615891286630585,1.1113299243619679,0.0,0.9823696720946895,0.982982367328809,0.5473669028017305,0.5473669028017341,0.5473669028017341,0.5473669028017341,0.5473669028017341,0.5473669028017341,0.547366902801727,0.547366902801727,0.547366902801727,0.547366902801727,0.5473669028017305,0.5473669028017305,0.5473669028017305,0.547366902801727,0.547366902801727,0.547366902801727,0.547366902801727,0.547366902801727,0.547366902801727,0.547366902801727,0.547366902801727,0.547366902801727,0.547366902801727,0.5473669028017305,0.547366902801727,0.547366902801727
174,1.5297365748964324,1.5297365748964324,1.5297365748964324,1.5297365748964253,1.5297365748964182,1.5297365748964182,1.5297365748964182,1.5297365748964111,1.5297365748964111,1.5297365748964111,1.5297365748964147,1.5297365748964147,1.5297365748964182,1.5297365748964182,1.5297365748964182,1.5297365748964182,1.5297365748964182,1.5297365748964182,1.5297365748964182,1.529736574896404,1.529736574896404,1.529736574896404,1.529736574896404,1.529736574896404,1.3644222136123147,2.209198325219859,2.5715290684012615,2.553859532482562,2.3850197086362357,2.390969876986958,2.1046408590243573,2.045897937941106,2.3114942321816727,3.003041093256769,2.8021596593324034,2.809755667830018,2.814439164142186,1.5297365748963898,1.5297365748963756,1.5297365748963756,1.5297365748963756,1.5297365748963756,1.5297365748963614,1.5297365748963898,1.5297365748963898,1.5297365748963898,1.5297365748963898,1.5297365748963898,1.5297365748963898,1.5297365748963898,1.5297365748964182,1.5297365748964182,1.5297365748964182,1.5297365748964182,1.5297365748964467,1.5297365748963898,1.5297365748963898,1.5297365748963898,1.5297365748963898,1.5297365748963898,1.5297365748963898,1.5405380457495426,1.7053299799916743,2.119989790627173,2.466308677719198,3.5863255308995576,3.6170274140373238,3.1203705028428317,3.007767219312285,3.683205954076584,3.6887867806824772,3.677209384548405,1.5297365748963756,1.5297365748963756,1.5297365748963756,1.5297365748963614,1.5297365748963614,1.529736574896333,1.5297365748963756,1.5297365748963756,1.5297365748963614,1.5297365748964182,-0.20825633994738268,0.2530393580402688,0.5263183721670401,0.8504443144703515,1.166490153630349,1.1664655100926211,1.8441852944968389,2.047872599234182,1.5472453474554584,1.6412576668459309,1.363868934155093,0.49215166641303654,0.37143308421613597,0.2779680263215596,2.9817172354037353,3.3211603938747913,3.3447596014490273,2.0492068086167023,1.9146702844449095,1.9251138600566975,2.2412739722870327,2.3374706945628247,1.0995537909944915,0.45738929837604303,-0.11217744869038881,-2.686930435681788,1.5297365748963756,1.5297365748963756,1.1741258140217496,1.21175354291141,1.1725126505866825,0.6968102066541064,0.22675343946501414,0.29929731218676636,0.41707915733323375,1.3606574435753487,1.1025250640849578,1.4924988356839748,1.444385659682439,1.9664437086628084,2.1573575997295933,2.384409301620778,2.7236027206254647,2.917737038814323,3.027928963711844,1.529736574896404,1.5297365748963898,1.529736574896404,1.529736574896404,1.529736574896404,1.529736574896404,1.5297365748963898,1.5297365748963898,1.3670655590087222,1.3882797998658134,1.5297365748964182,-0.08681085303841485,-0.3983492673277169,0.41200864013377725,0.9357671758928348,1.2546501938405044,1.0689930051394896,0.6803704539542537,1.5297365748964182,1.5297365748964182,1.5297365748964182,1.5297365748964182,1.5297365748964147,1.5297365748964182,1.5297365748964182,1.5297365748964182,1.5297365748964182,1.5297365748964182,1.5297365748964182,1.5297365748964182,1.5297365748964182,1.5297365748964182,1.5297365748964253,1.5297365748964324,1.2427430666739951,1.5297365748964165,1.5297365748964182,1.2912389519221712,0.7837727643612453,0.7878610676422753,0.7795339147411511,-0.748279601840018,-0.39891677998656405,-0.406710857656698,2.0439588007577427,2.093699596456652,0.9823696720946895,0.0,0.0006126952341176661,1.5297365748964147,1.5297365748964111,1.5297365748964111,1.5297365748964111,1.5297365748964111,1.5297365748964111,1.5297365748964182,1.5297365748964182,1.5297365748964182,1.5297365748964182,1.5297365748964147,1.5297365748964147,1.5297365748964182,1.5297365748964182,1.5297365748964182,1.5297365748964182,1.5297365748964182,1.5297365748964182,1.5297365748964182,1.5297365748964182,1.5297365748964182,1.5297365748964182,1.5297365748964182,1.5297365748964111,1.5297365748964111,1.5297365748964182
175,1.530349270130543,1.530349270130543,1.530349270130543,1.530349270130543,1.530349270130543,1.53034927013055,1.530349270130543,1.530349270130543,1.530349270130543,1.530349270130543,1.530349270130543,1.530349270130543,1.530349270130543,1.530349270130543,1.530349270130543,1.530349270130543,1.530349270130543,1.530349270130543,1.530349270130543,1.5303492701305288,1.5303492701305288,1.5303492701305288,1.5303492701305288,1.5303492701305288,1.3650349088464395,2.2098110204539836,2.5721417636353863,2.554472227716701,2.3856324038703747,2.391582572221097,2.1052535542584963,2.046510633175245,2.3121069274158117,3.003653788490908,2.8027723545665424,2.810368363064157,2.815051859376325,1.5303492701305146,1.5303492701305004,1.5303492701305004,1.5303492701305004,1.5303492701305004,1.5303492701305004,1.5303492701305288,1.5303492701305288,1.5303492701305288,1.5303492701305288,1.5303492701305288,1.5303492701305288,1.5303492701305288,1.5303492701305288,1.5303492701305288,1.5303492701305288,1.5303492701305288,1.5303492701305572,1.5303492701305288,1.5303492701305288,1.5303492701305288,1.5303492701305004,1.5303492701305004,1.5303492701305004,1.5411507409836673,1.7059426752258133,2.120602485861312,2.466921372953337,3.5869382261336966,3.6176401092714627,3.1209831980769707,3.008379914546424,3.683818649310723,3.689399475916616,3.677822079782544,1.5303492701305146,1.5303492701305288,1.5303492701305288,1.5303492701305288,1.5303492701305288,1.5303492701305004,1.5303492701305004,1.5303492701305288,1.5303492701305288,1.530349270130543,-0.2076436447132579,0.25365205327439355,0.5269310674011649,0.8510570097044763,1.1671028488644737,1.1670782053267459,1.8447979897309636,2.048485294468307,1.5478580426895832,1.6418703620800557,1.3644816293892177,0.4927643616471471,0.37204577945027495,0.2785807215556986,2.9823299306378743,3.3217730891089445,3.3453722966831663,2.0498195038508413,1.9152829796790627,1.9257265552908507,2.2418866675211575,2.3380833897969637,1.1001664862286162,0.4580019936101678,-0.11156475345626404,-2.686317740447663,1.5303492701305004,1.5303492701305004,1.1747385092558744,1.2123662381455347,1.1731253458208073,0.6974229018882312,0.2273661346991389,0.29991000742089113,0.4176918525673585,1.3612701388094735,1.1031377593190825,1.4931115309180996,1.4449983549165637,1.9670564038969331,2.157970294963718,2.3850219968549027,2.7242154158595895,2.918349734048448,3.0285416589459686,1.5303492701305288,1.5303492701305146,1.5303492701305288,1.5303492701305288,1.5303492701305288,1.5303492701305288,1.5303492701305288,1.5303492701305288,1.367678254242847,1.3888924950999382,1.530349270130543,-0.08619815780429008,-0.39773657209359214,0.412621335367902,0.9363798711269595,1.2552628890746291,1.0696057003736144,0.6809831491883784,1.530349270130543,1.530349270130543,1.530349270130543,1.530349270130543,1.530349270130543,1.530349270130543,1.530349270130543,1.530349270130543,1.530349270130543,1.530349270130543,1.530349270130543,1.530349270130543,1.530349270130543,1.530349270130543,1.530349270130543,1.530349270130543,1.24335576190812,1.530349270130543,1.5303492701305395,1.2918516471562924,0.7843854595953665,0.7884737628763965,0.7801466099752723,-0.7476669066058932,-0.3983040847524393,-0.40609816242257324,2.0445714959918675,2.0943122916907697,0.982982367328809,0.0006126952341176661,0.0,1.530349270130543,1.530349270130543,1.530349270130543,1.530349270130543,1.530349270130543,1.530349270130543,1.530349270130543,1.530349270130543,1.530349270130543,1.530349270130543,1.530349270130543,1.530349270130543,1.530349270130543,1.530349270130543,1.530349270130543,1.530349270130543,1.530349270130543,1.530349270130543,1.5303492701305395,1.5303492701305395,1.530349270130536,1.530349270130536,1.530349270130536,1.530349270130543,1.530349270130543,1.530349270130543
176,0.0,0.0,0.0,0.0,0.0,0.0,0.0,0.0,0.0,0.0,0.0,0.0,0.0,0.0,0.0,0.0,0.0,0.0,0.0,-1.4210854715202004e-14,-1.4210854715202004e-14,-1.4210854715202004e-14,-1.4210854715202004e-14,-1.4210854715202004e-14,-0.1653143612841177,0.6794617503234264,1.041792493504829,1.0241229575861297,0.855283133739789,0.8612333020905112,0.5749042841279106,0.5161613630446737,0.7817576572852545,1.4733045183603508,1.2724230844359852,1.2800190929335997,1.284702589245768,-2.842170943040401e-14,-4.263256414560601e-14,-4.263256414560601e-14,-4.263256414560601e-14,-4.263256414560601e-14,-4.263256414560601e-14,-4.263256414560601e-14,-4.263256414560601e-14,-4.263256414560601e-14,-4.263256414560601e-14,-4.263256414560601e-14,-5.684341886080802e-14,-5.684341886080802e-14,-2.842170943040401e-14,-2.842170943040401e-14,-2.842170943040401e-14,-2.842170943040401e-14,0.0,-4.263256414560601e-14,-2.842170943040401e-14,-2.842170943040401e-14,-5.684341886080802e-14,-5.684341886080802e-14,-5.684341886080802e-14,0.010801470853124329,0.17559340509527033,0.5902532157307689,0.9365721028227938,2.0565889560031536,2.0872908391409197,1.5906339279464419,1.4780306444159237,2.15346937918018,2.159050205786059,2.147472809651987,-4.263256414560601e-14,-4.263256414560601e-14,-4.263256414560601e-14,-4.263256414560601e-14,-2.842170943040401e-14,-2.842170943040401e-14,-4.263256414560601e-14,-4.263256414560601e-14,-4.263256414560601e-14,0.0,-1.737992914843801,-1.2766972168561352,-1.0034182027293639,-0.6792922604260667,-0.3632464212660693,-0.3632710648037971,0.31444871960042065,0.518136024337764,0.017508772559040153,0.11152109194951265,-0.16586764074132532,-1.0375849084833817,-1.1583034906802823,-1.2517685485748586,1.4519806605073313,1.7914238189784015,1.8150230265526233,0.5194702337202699,0.38493370954847705,0.39537728516026505,0.7115373973906287,0.8077341196664349,-0.43018278390192677,-1.0723472765203752,-1.641914023586807,-4.216667010578192,-4.263256414560601e-14,-4.263256414560601e-14,-0.3556107608746686,-0.3179830319850083,-0.3572239243097357,-0.8329263682423118,-1.302983135431404,-1.2304392627096519,-1.1126574175631845,-0.16907913132106955,-0.42721151081146047,-0.037237739212443444,-0.0853509152139793,0.43670713376639014,0.6276210248331751,0.8546727267243597,1.1938661457290465,1.3880004639179049,1.4981923888154256,-1.4210854715202004e-14,-2.842170943040401e-14,-1.4210854715202004e-14,-1.4210854715202004e-14,-1.4210854715202004e-14,-1.4210854715202004e-14,-1.4210854715202004e-14,-1.4210854715202004e-14,-0.16267101588769606,-0.14145677503060483,0.0,-1.616547427934833,-1.9280858422241423,-1.117727934762648,-0.5939693990035835,-0.275086381055921,-0.46074356975693576,-0.8493661209421788,0.0,0.0,0.0,0.0,0.0,0.0,0.0,0.0,0.0,0.0,0.0,0.0,0.0,0.0,0.0,0.0,-0.286993508222416,0.0,0.0,-0.23849762297424704,-0.7459638105351729,-0.741875507254143,-0.7502026601552707,-2.2780161767364433,-1.9286533548829894,-1.9364474325531233,0.5142222258613245,0.5639630215602338,0.5473669028017305,1.5297365748964218,1.5303492701305395,0.0,0.0,0.0,0.0,0.0,0.0,0.0,0.0,0.0,0.0,0.0,0.0,0.0,0.0,0.0,0.0,0.0,0.0,0.0,0.0,0.0,0.0,0.0,0.0,0.0,0.0
177,0.0,0.0,0.0,0.0,0.0,0.0,0.0,0.0,0.0,0.0,0.0,0.0,0.0,0.0,0.0,0.0,0.0,0.0,0.0,-1.4210854715202004e-14,-1.4210854715202004e-14,-1.4210854715202004e-14,-1.4210854715202004e-14,-1.4210854715202004e-14,-0.16531436128410348,0.6794617503234406,1.0417924935048433,1.024122957586144,0.8552831337398032,0.8612333020905254,0.574904284127939,0.516161363044688,0.7817576572852545,1.4733045183603508,1.2724230844359852,1.2800190929335997,1.284702589245768,-2.842170943040401e-14,-4.263256414560601e-14,-4.263256414560601e-14,-4.263256414560601e-14,-4.263256414560601e-14,-4.263256414560601e-14,-4.263256414560601e-14,-4.263256414560601e-14,-4.263256414560601e-14,-5.684341886080802e-14,-5.684341886080802e-14,-5.684341886080802e-14,-5.684341886080802e-14,-2.842170943040401e-14,-2.842170943040401e-14,-2.842170943040401e-14,-2.842170943040401e-14,0.0,-4.263256414560601e-14,-2.842170943040401e-14,-2.842170943040401e-14,-4.263256414560601e-14,-2.842170943040401e-14,-2.842170943040401e-14,0.010801470853124329,0.17559340509525612,0.5902532157307547,0.9365721028227796,2.0565889560031394,2.0872908391409055,1.5906339279464135,1.478030644415881,2.153469379180166,2.159050205786045,2.1474728096519726,-4.263256414560601e-14,-4.263256414560601e-14,-4.263256414560601e-14,-4.263256414560601e-14,-5.684341886080802e-14,-5.684341886080802e-14,-4.263256414560601e-14,-4.263256414560601e-14,-4.263256414560601e-14,0.0,-1.737992914843801,-1.2766972168561423,-1.0034182027293639,-0.6792922604260525,-0.3632464212660551,-0.3632710648037829,0.31444871960043486,0.5181360243377782,0.017508772559054364,0.11152109194952686,-0.1658676407413111,-1.0375849084833675,-1.158303490680268,-1.2517685485748444,1.4519806605073171,1.7914238189783873,1.815023026552609,0.5194702337202841,0.38493370954849127,0.39537728516027926,0.7115373973906287,0.8077341196664349,-0.43018278390192677,-1.0723472765203752,-1.641914023586807,-4.216667010578206,-4.263256414560601e-14,-4.263256414560601e-14,-0.3556107608746544,-0.3179830319849941,-0.3572239243097215,-0.8329263682422976,-1.3029831354313899,-1.2304392627096377,-1.1126574175631703,-0.16907913132105534,-0.42721151081146047,-0.037237739212443444,-0.0853509152139793,0.43670713376640435,0.6276210248331893,0.8546727267243739,1.1938661457290607,1.388000463917919,1.4981923888154398,-1.4210854715202004e-14,-2.842170943040401e-14,-1.4210854715202004e-14,-1.4210854715202004e-14,-1.4210854715202004e-14,-1.4210854715202004e-14,-2.842170943040401e-14,-2.842170943040401e-14,-0.16267101588768185,-0.14145677503059062,0.0,-1.616547427934833,-1.9280858422241494,-1.1177279347626552,-0.5939693990035977,-0.275086381055921,-0.46074356975693576,-0.8493661209421788,0.0,0.0,0.0,0.0,0.0,0.0,0.0,0.0,0.0,0.0,0.0,0.0,0.0,0.0,0.0,0.0,-0.286993508222416,0.0,0.0,-0.23849762297424704,-0.7459638105351729,-0.741875507254143,-0.7502026601552743,-2.2780161767364433,-1.9286533548829894,-1.9364474325531233,0.5142222258613174,0.5639630215602267,0.5473669028017305,1.5297365748964218,1.530349270130536,0.0,0.0,0.0,0.0,0.0,0.0,0.0,0.0,0.0,0.0,0.0,0.0,0.0,0.0,0.0,0.0,0.0,0.0,0.0,0.0,0.0,0.0,0.0,0.0,0.0,0.0
178,0.0,0.0,0.0,0.0,0.0,0.0,0.0,0.0,0.0,0.0,0.0,0.0,0.0,0.0,0.0,0.0,0.0,0.0,0.0,-1.4210854715202004e-14,-1.4210854715202004e-14,-1.4210854715202004e-14,-1.4210854715202004e-14,-1.4210854715202004e-14,-0.16531436128410348,0.6794617503234406,1.0417924935048433,1.024122957586144,0.8552831337398032,0.8612333020905112,0.5749042841279106,0.5161613630446595,0.7817576572852261,1.4733045183603224,1.2724230844359568,1.2800190929335713,1.2847025892457395,-2.842170943040401e-14,-4.263256414560601e-14,-4.263256414560601e-14,-4.263256414560601e-14,-4.263256414560601e-14,-4.263256414560601e-14,-4.263256414560601e-14,-4.263256414560601e-14,-5.684341886080802e-14,-5.684341886080802e-14,-5.684341886080802e-14,-5.684341886080802e-14,-5.684341886080802e-14,-5.684341886080802e-14,-5.684341886080802e-14,-5.684341886080802e-14,-5.684341886080802e-14,-2.842170943040401e-14,-5.684341886080802e-14,-5.684341886080802e-14,-5.684341886080802e-14,-4.263256414560601e-14,-2.842170943040401e-14,-2.842170943040401e-14,0.010801470853124329,0.17559340509525612,0.5902532157307547,0.9365721028227796,2.0565889560031394,2.0872908391409197,1.5906339279464419,1.4780306444158953,2.153469379180166,2.159050205786059,2.147472809651987,-4.263256414560601e-14,-4.263256414560601e-14,-4.263256414560601e-14,-4.263256414560601e-14,-5.684341886080802e-14,-8.526512829121202e-14,-4.263256414560601e-14,-4.263256414560601e-14,-4.263256414560601e-14,0.0,-1.737992914843801,-1.2766972168561495,-1.003418202729378,-0.6792922604260667,-0.3632464212660693,-0.3632710648037971,0.31444871960042065,0.518136024337764,0.017508772559040153,0.11152109194951265,-0.16586764074132532,-1.0375849084833817,-1.1583034906802823,-1.2517685485748586,1.4519806605073171,1.7914238189783873,1.815023026552609,0.5194702337202841,0.38493370954849127,0.39537728516027926,0.7115373973906145,0.8077341196664207,-0.43018278390192677,-1.0723472765203752,-1.641914023586807,-4.216667010578206,-4.263256414560601e-14,-4.263256414560601e-14,-0.3556107608746686,-0.3179830319850083,-0.3572239243097357,-0.8329263682423118,-1.302983135431404,-1.2304392627096519,-1.1126574175631845,-0.16907913132106955,-0.42721151081146047,-0.037237739212443444,-0.0853509152139793,0.43670713376639014,0.6276210248331751,0.8546727267243597,1.1938661457290465,1.3880004639179049,1.4981923888154256,-1.4210854715202004e-14,-2.842170943040401e-14,-1.4210854715202004e-14,-1.4210854715202004e-14,-1.4210854715202004e-14,-1.4210854715202004e-14,-2.842170943040401e-14,-2.842170943040401e-14,-0.16267101588769606,-0.14145677503060483,0.0,-1.616547427934833,-1.9280858422241351,-1.117727934762641,-0.5939693990035835,-0.275086381055921,-0.46074356975693576,-0.8493661209421717,0.0,0.0,0.0,0.0,0.0,0.0,0.0,0.0,0.0,0.0,0.0,0.0,0.0,0.0,0.0,0.0,-0.286993508222416,0.0,0.0,-0.23849762297424348,-0.7459638105351729,-0.741875507254143,-0.7502026601552743,-2.2780161767364433,-1.9286533548829894,-1.9364474325531233,0.5142222258613174,0.5639630215602267,0.5473669028017305,1.5297365748964182,1.530349270130536,0.0,0.0,0.0,0.0,0.0,0.0,0.0,0.0,0.0,0.0,0.0,0.0,0.0,0.0,0.0,0.0,0.0,0.0,0.0,0.0,0.0,0.0,0.0,0.0,0.0,0.0
179,0.0,0.0,0.0,0.0,0.0,0.0,0.0,0.0,0.0,0.0,0.0,0.0,0.0,0.0,0.0,0.0,0.0,0.0,0.0,-1.4210854715202004e-14,-1.4210854715202004e-14,-1.4210854715202004e-14,-1.4210854715202004e-14,-1.4210854715202004e-14,-0.16531436128410348,0.6794617503234406,1.0417924935048433,1.024122957586144,0.8552831337398032,0.8612333020905112,0.5749042841279106,0.5161613630446595,0.7817576572852261,1.4733045183603224,1.2724230844359568,1.2800190929335713,1.2847025892457395,-2.842170943040401e-14,-4.263256414560601e-14,-4.263256414560601e-14,-4.263256414560601e-14,-4.263256414560601e-14,-4.263256414560601e-14,-4.263256414560601e-14,-2.842170943040401e-14,-2.842170943040401e-14,-2.842170943040401e-14,-2.842170943040401e-14,-2.842170943040401e-14,-2.842170943040401e-14,0.0,0.0,0.0,0.0,2.842170943040401e-14,-2.842170943040401e-14,-2.842170943040401e-14,-2.842170943040401e-14,-4.263256414560601e-14,-2.842170943040401e-14,-2.842170943040401e-14,0.010801470853124329,0.17559340509525612,0.5902532157307547,0.9365721028227796,2.0565889560031394,2.0872908391409055,1.5906339279464135,1.4780306444158668,2.153469379180166,2.159050205786059,2.147472809651987,-4.263256414560601e-14,-4.263256414560601e-14,-4.263256414560601e-14,-4.263256414560601e-14,-5.684341886080802e-14,-8.526512829121202e-14,-4.263256414560601e-14,-4.263256414560601e-14,-5.684341886080802e-14,0.0,-1.737992914843801,-1.2766972168561495,-1.003418202729378,-0.6792922604260667,-0.3632464212660693,-0.3632710648037971,0.31444871960042065,0.518136024337764,0.017508772559040153,0.11152109194951265,-0.16586764074132532,-1.0375849084833817,-1.1583034906802823,-1.2517685485748586,1.4519806605073171,1.7914238189783873,1.815023026552609,0.5194702337202841,0.38493370954849127,0.39537728516027926,0.7115373973906145,0.8077341196664207,-0.43018278390192677,-1.0723472765203752,-1.641914023586807,-4.216667010578206,-4.263256414560601e-14,-4.263256414560601e-14,-0.3556107608746686,-0.3179830319850083,-0.3572239243097357,-0.8329263682423118,-1.302983135431404,-1.2304392627096519,-1.1126574175631845,-0.16907913132106955,-0.42721151081146047,-0.037237739212443444,-0.0853509152139793,0.43670713376639014,0.6276210248331751,0.8546727267243597,1.1938661457290465,1.3880004639179049,1.4981923888154256,-1.4210854715202004e-14,-2.842170943040401e-14,-1.4210854715202004e-14,-1.4210854715202004e-14,-1.4210854715202004e-14,-1.4210854715202004e-14,-2.842170943040401e-14,-2.842170943040401e-14,-0.16267101588769606,-0.14145677503060483,0.0,-1.616547427934833,-1.9280858422241351,-1.117727934762641,-0.5939693990035835,-0.275086381055921,-0.46074356975694286,-0.8493661209421788,0.0,0.0,0.0,0.0,0.0,0.0,0.0,0.0,0.0,0.0,0.0,0.0,0.0,0.0,0.0,0.0,-0.286993508222416,0.0,0.0,-0.23849762297424348,-0.7459638105351729,-0.741875507254143,-0.7502026601552672,-2.278016176736436,-1.9286533548829823,-1.9364474325531162,0.5142222258613245,0.5639630215602338,0.5473669028017341,1.5297365748964253,1.530349270130543,0.0,0.0,0.0,0.0,0.0,0.0,0.0,0.0,0.0,0.0,0.0,0.0,0.0,0.0,0.0,0.0,0.0,0.0,0.0,0.0,0.0,0.0,0.0,0.0,0.0,0.0
180,0.0,0.0,0.0,0.0,0.0,0.0,0.0,0.0,0.0,0.0,0.0,0.0,0.0,0.0,0.0,0.0,0.0,0.0,0.0,-1.4210854715202004e-14,-1.4210854715202004e-14,-1.4210854715202004e-14,-1.4210854715202004e-14,-1.4210854715202004e-14,-0.1653143612841177,0.6794617503234264,1.041792493504829,1.024122957586144,0.8552831337398175,0.8612333020905396,0.574904284127939,0.516161363044688,0.7817576572852545,1.4733045183603508,1.2724230844359852,1.2800190929335997,1.284702589245768,-2.842170943040401e-14,-4.263256414560601e-14,-4.263256414560601e-14,-4.263256414560601e-14,-4.263256414560601e-14,-2.842170943040401e-14,0.0,0.0,0.0,0.0,0.0,0.0,0.0,0.0,0.0,0.0,0.0,2.842170943040401e-14,0.0,0.0,0.0,-5.684341886080802e-14,-5.684341886080802e-14,-5.684341886080802e-14,0.010801470853124329,0.17559340509527033,0.5902532157307689,0.9365721028227938,2.0565889560031394,2.0872908391409055,1.5906339279464135,1.4780306444158668,2.153469379180166,2.159050205786059,2.147472809651987,-4.263256414560601e-14,-4.263256414560601e-14,-5.684341886080802e-14,-5.684341886080802e-14,-5.684341886080802e-14,-8.526512829121202e-14,-4.263256414560601e-14,-2.842170943040401e-14,-2.842170943040401e-14,0.0,-1.737992914843801,-1.2766972168561495,-1.003418202729378,-0.6792922604260667,-0.3632464212660693,-0.3632710648037971,0.31444871960042065,0.518136024337764,0.017508772559040153,0.11152109194951265,-0.16586764074132532,-1.0375849084833817,-1.1583034906802823,-1.2517685485748586,1.4519806605073313,1.7914238189784157,1.8150230265526375,0.5194702337202699,0.38493370954847705,0.39537728516026505,0.7115373973906287,0.8077341196664349,-0.43018278390192677,-1.0723472765203752,-1.641914023586807,-4.216667010578192,-4.263256414560601e-14,-4.263256414560601e-14,-0.3556107608746686,-0.3179830319850083,-0.3572239243097357,-0.8329263682423118,-1.302983135431404,-1.2304392627096519,-1.1126574175631845,-0.16907913132106955,-0.42721151081146047,-0.037237739212443444,-0.0853509152139793,0.43670713376639014,0.6276210248331751,0.8546727267243597,1.1938661457290465,1.3880004639179049,1.4981923888154256,-1.4210854715202004e-14,-2.842170943040401e-14,-1.4210854715202004e-14,-1.4210854715202004e-14,-1.4210854715202004e-14,-1.4210854715202004e-14,-1.4210854715202004e-14,-1.4210854715202004e-14,-0.16267101588769606,-0.14145677503060483,0.0,-1.616547427934833,-1.9280858422241351,-1.117727934762641,-0.5939693990035835,-0.2750863810559139,-0.46074356975692865,-0.8493661209421646,0.0,0.0,0.0,0.0,0.0,0.0,0.0,0.0,0.0,0.0,0.0,0.0,0.0,0.0,0.0,0.0,-0.2869935082224231,0.0,0.0,-0.23849762297424348,-0.7459638105351729,-0.741875507254143,-0.7502026601552672,-2.278016176736436,-1.9286533548829823,-1.9364474325531162,0.5142222258613245,0.5639630215602338,0.5473669028017341,1.5297365748964253,1.530349270130543,0.0,0.0,0.0,0.0,0.0,0.0,0.0,0.0,0.0,0.0,0.0,0.0,0.0,0.0,0.0,0.0,0.0,0.0,0.0,0.0,0.0,0.0,0.0,0.0,0.0,0.0
181,0.0,0.0,0.0,0.0,0.0,0.0,0.0,0.0,0.0,0.0,0.0,0.0,0.0,0.0,0.0,0.0,0.0,0.0,0.0,-1.4210854715202004e-14,-1.4210854715202004e-14,-1.4210854715202004e-14,-1.4210854715202004e-14,-1.4210854715202004e-14,-0.16531436128410348,0.6794617503234406,1.0417924935048433,1.024122957586144,0.8552831337398175,0.8612333020905396,0.574904284127939,0.516161363044688,0.7817576572852545,1.4733045183603508,1.2724230844359852,1.2800190929335997,1.284702589245768,-2.842170943040401e-14,-4.263256414560601e-14,-4.263256414560601e-14,-4.263256414560601e-14,-4.263256414560601e-14,-5.684341886080802e-14,-2.842170943040401e-14,-2.842170943040401e-14,-2.842170943040401e-14,-2.842170943040401e-14,-2.842170943040401e-14,-2.842170943040401e-14,-2.842170943040401e-14,0.0,0.0,0.0,0.0,2.842170943040401e-14,-2.842170943040401e-14,-2.842170943040401e-14,-2.842170943040401e-14,-2.842170943040401e-14,-2.842170943040401e-14,-2.842170943040401e-14,0.010801470853124329,0.17559340509525612,0.5902532157307547,0.9365721028227796,2.0565889560031394,2.0872908391409055,1.5906339279464135,1.4780306444158668,2.153469379180166,2.159050205786059,2.147472809651987,-4.263256414560601e-14,-5.684341886080802e-14,-5.684341886080802e-14,-5.684341886080802e-14,-5.684341886080802e-14,-8.526512829121202e-14,-4.263256414560601e-14,-2.842170943040401e-14,-2.842170943040401e-14,0.0,-1.737992914843801,-1.2766972168561495,-1.003418202729378,-0.6792922604260667,-0.3632464212660693,-0.3632710648037971,0.31444871960042065,0.518136024337764,0.017508772559040153,0.11152109194951265,-0.16586764074132532,-1.0375849084833817,-1.1583034906802538,-1.2517685485748302,1.4519806605073171,1.7914238189783873,1.815023026552609,0.5194702337202841,0.38493370954847705,0.39537728516026505,0.7115373973906003,0.8077341196664065,-0.43018278390192677,-1.0723472765203752,-1.641914023586807,-4.216667010578206,-4.263256414560601e-14,-4.263256414560601e-14,-0.3556107608746686,-0.3179830319850083,-0.3572239243097357,-0.8329263682423118,-1.302983135431404,-1.2304392627096519,-1.1126574175631845,-0.16907913132106955,-0.42721151081146047,-0.037237739212443444,-0.0853509152139793,0.43670713376639014,0.6276210248331751,0.8546727267243597,1.1938661457290465,1.3880004639179049,1.4981923888154256,-1.4210854715202004e-14,-2.842170943040401e-14,-1.4210854715202004e-14,-1.4210854715202004e-14,-1.4210854715202004e-14,-1.4210854715202004e-14,-2.842170943040401e-14,-2.842170943040401e-14,-0.16267101588769606,-0.14145677503060483,0.0,-1.616547427934833,-1.9280858422241351,-1.117727934762641,-0.5939693990035835,-0.2750863810559139,-0.46074356975692865,-0.8493661209421646,0.0,0.0,0.0,0.0,0.0,0.0,0.0,0.0,0.0,0.0,0.0,0.0,0.0,0.0,0.0,0.0,-0.2869935082224231,0.0,0.0,-0.23849762297424348,-0.7459638105351729,-0.741875507254143,-0.7502026601552672,-2.278016176736436,-1.9286533548829823,-1.9364474325531162,0.5142222258613245,0.5639630215602338,0.5473669028017341,1.5297365748964253,1.530349270130543,0.0,0.0,0.0,0.0,0.0,0.0,0.0,0.0,0.0,0.0,0.0,0.0,0.0,0.0,0.0,0.0,0.0,0.0,0.0,0.0,0.0,0.0,0.0,0.0,0.0,0.0
182,0.0,0.0,0.0,0.0,0.0,0.0,0.0,0.0,0.0,0.0,0.0,0.0,0.0,0.0,0.0,0.0,0.0,0.0,0.0,-1.4210854715202004e-14,-1.4210854715202004e-14,-1.4210854715202004e-14,-1.4210854715202004e-14,-1.4210854715202004e-14,-0.16531436128410348,0.6794617503234406,1.0417924935048433,1.024122957586144,0.8552831337398032,0.8612333020905254,0.574904284127939,0.5161613630447022,0.7817576572852829,1.4733045183603792,1.2724230844360136,1.2800190929336281,1.2847025892457964,-2.842170943040401e-14,-4.263256414560601e-14,-4.263256414560601e-14,-4.263256414560601e-14,-4.263256414560601e-14,-4.263256414560601e-14,-4.263256414560601e-14,-4.263256414560601e-14,-4.263256414560601e-14,-4.263256414560601e-14,-4.263256414560601e-14,-2.842170943040401e-14,-2.842170943040401e-14,0.0,0.0,0.0,0.0,2.842170943040401e-14,-4.263256414560601e-14,-2.842170943040401e-14,-2.842170943040401e-14,-4.263256414560601e-14,-2.842170943040401e-14,-2.842170943040401e-14,0.010801470853124329,0.17559340509525612,0.5902532157307547,0.9365721028227796,2.0565889560031394,2.0872908391409055,1.5906339279464277,1.4780306444159095,2.153469379180166,2.159050205786045,2.1474728096519726,-4.263256414560601e-14,-4.263256414560601e-14,-4.263256414560601e-14,-4.263256414560601e-14,-5.684341886080802e-14,-5.684341886080802e-14,-4.263256414560601e-14,-4.263256414560601e-14,-4.263256414560601e-14,0.0,-1.737992914843801,-1.2766972168561352,-1.0034182027293639,-0.6792922604260667,-0.3632464212660693,-0.3632710648037971,0.31444871960042065,0.518136024337764,0.017508772559040153,0.11152109194951265,-0.16586764074132532,-1.0375849084833817,-1.1583034906802823,-1.2517685485748586,1.4519806605073171,1.7914238189783873,1.815023026552609,0.5194702337202841,0.38493370954849127,0.39537728516027926,0.7115373973906287,0.8077341196664349,-0.43018278390192677,-1.0723472765203752,-1.641914023586807,-4.216667010578206,-4.263256414560601e-14,-4.263256414560601e-14,-0.3556107608746686,-0.3179830319850083,-0.3572239243097357,-0.8329263682423118,-1.302983135431404,-1.2304392627096519,-1.1126574175631845,-0.16907913132106955,-0.42721151081146047,-0.037237739212443444,-0.0853509152139793,0.43670713376639014,0.6276210248331751,0.8546727267243597,1.1938661457290465,1.3880004639179049,1.4981923888154256,-1.4210854715202004e-14,-2.842170943040401e-14,-1.4210854715202004e-14,-1.4210854715202004e-14,-1.4210854715202004e-14,-1.4210854715202004e-14,-2.842170943040401e-14,-2.842170943040401e-14,-0.16267101588769606,-0.14145677503060483,0.0,-1.616547427934833,-1.9280858422241423,-1.117727934762648,-0.5939693990035977,-0.275086381055921,-0.46074356975693576,-0.8493661209421788,0.0,0.0,0.0,0.0,0.0,0.0,0.0,0.0,0.0,0.0,0.0,0.0,0.0,0.0,0.0,0.0,-0.2869935082224231,0.0,0.0,-0.23849762297424704,-0.7459638105351729,-0.741875507254143,-0.7502026601552743,-2.2780161767364433,-1.9286533548829894,-1.9364474325531233,0.5142222258613174,0.5639630215602267,0.5473669028017305,1.5297365748964182,1.530349270130536,0.0,0.0,0.0,0.0,0.0,0.0,0.0,0.0,0.0,0.0,0.0,0.0,0.0,0.0,0.0,0.0,0.0,0.0,0.0,0.0,0.0,0.0,0.0,0.0,0.0,0.0
183,0.0,0.0,0.0,0.0,0.0,0.0,0.0,0.0,0.0,0.0,0.0,0.0,0.0,0.0,0.0,0.0,0.0,0.0,0.0,-1.4210854715202004e-14,-1.4210854715202004e-14,-1.4210854715202004e-14,-1.4210854715202004e-14,-1.4210854715202004e-14,-0.16531436128410348,0.6794617503234406,1.0417924935048433,1.024122957586144,0.8552831337398032,0.8612333020905254,0.574904284127939,0.516161363044688,0.7817576572852545,1.4733045183603508,1.2724230844359852,1.2800190929335997,1.284702589245768,-2.842170943040401e-14,-4.263256414560601e-14,-4.263256414560601e-14,-4.263256414560601e-14,-4.263256414560601e-14,-4.263256414560601e-14,-4.263256414560601e-14,-4.263256414560601e-14,-4.263256414560601e-14,-4.263256414560601e-14,-2.842170943040401e-14,-2.842170943040401e-14,-2.842170943040401e-14,0.0,0.0,0.0,0.0,2.842170943040401e-14,-4.263256414560601e-14,-2.842170943040401e-14,-2.842170943040401e-14,-4.263256414560601e-14,-2.842170943040401e-14,-2.842170943040401e-14,0.010801470853124329,0.17559340509525612,0.5902532157307547,0.9365721028227796,2.0565889560031394,2.0872908391409055,1.5906339279464277,1.4780306444159095,2.153469379180166,2.159050205786045,2.1474728096519726,-4.263256414560601e-14,-4.263256414560601e-14,-4.263256414560601e-14,-4.263256414560601e-14,-5.684341886080802e-14,-5.684341886080802e-14,-4.263256414560601e-14,-4.263256414560601e-14,-4.263256414560601e-14,0.0,-1.737992914843801,-1.2766972168561352,-1.0034182027293568,-0.6792922604260525,-0.3632464212660551,-0.3632710648037829,0.31444871960043486,0.5181360243377782,0.017508772559054364,0.11152109194952686,-0.1658676407413111,-1.0375849084833675,-1.158303490680268,-1.2517685485748444,1.4519806605073171,1.7914238189783873,1.815023026552609,0.5194702337202841,0.38493370954849127,0.39537728516027926,0.7115373973906429,0.8077341196664491,-0.43018278390192677,-1.0723472765203752,-1.641914023586807,-4.216667010578206,-4.263256414560601e-14,-4.263256414560601e-14,-0.3556107608746544,-0.3179830319849941,-0.3572239243097215,-0.8329263682422976,-1.3029831354313899,-1.2304392627096377,-1.1126574175631703,-0.16907913132105534,-0.42721151081146047,-0.037237739212443444,-0.0853509152139793,0.43670713376640435,0.6276210248331893,0.8546727267243739,1.1938661457290607,1.388000463917919,1.4981923888154398,-1.4210854715202004e-14,-2.842170943040401e-14,-1.4210854715202004e-14,-1.4210854715202004e-14,-1.4210854715202004e-14,-1.4210854715202004e-14,-2.842170943040401e-14,-2.842170943040401e-14,-0.16267101588768185,-0.14145677503059062,0.0,-1.616547427934833,-1.9280858422241423,-1.1177279347626552,-0.5939693990035977,-0.275086381055921,-0.46074356975693576,-0.8493661209421788,0.0,0.0,0.0,0.0,0.0,0.0,0.0,0.0,0.0,0.0,0.0,0.0,0.0,0.0,0.0,0.0,-0.286993508222416,0.0,0.0,-0.23849762297424348,-0.7459638105351729,-0.741875507254143,-0.7502026601552743,-2.2780161767364433,-1.9286533548829894,-1.9364474325531233,0.5142222258613174,0.5639630215602267,0.5473669028017341,1.5297365748964253,1.530349270130543,0.0,0.0,0.0,0.0,0.0,0.0,0.0,0.0,0.0,0.0,0.0,0.0,0.0,0.0,0.0,0.0,0.0,0.0,0.0,0.0,0.0,0.0,0.0,0.0,0.0,0.0
184,0.0,0.0,0.0,0.0,0.0,0.0,0.0,0.0,0.0,0.0,0.0,0.0,0.0,0.0,0.0,0.0,0.0,0.0,0.0,-1.4210854715202004e-14,-1.4210854715202004e-14,-1.4210854715202004e-14,-1.4210854715202004e-14,-1.4210854715202004e-14,-0.1653143612841177,0.6794617503234264,1.041792493504829,1.0241229575861297,0.855283133739789,0.8612333020905112,0.5749042841279106,0.5161613630446595,0.7817576572852261,1.4733045183603224,1.2724230844359568,1.2800190929335713,1.2847025892457395,-2.842170943040401e-14,-4.263256414560601e-14,-4.263256414560601e-14,-4.263256414560601e-14,-4.263256414560601e-14,-4.263256414560601e-14,-4.263256414560601e-14,-4.263256414560601e-14,-4.263256414560601e-14,-4.263256414560601e-14,-5.684341886080802e-14,-5.684341886080802e-14,-5.684341886080802e-14,-5.684341886080802e-14,-5.684341886080802e-14,-5.684341886080802e-14,-5.684341886080802e-14,-2.842170943040401e-14,-4.263256414560601e-14,-2.842170943040401e-14,-5.684341886080802e-14,-5.684341886080802e-14,-5.684341886080802e-14,-5.684341886080802e-14,0.010801470853124329,0.17559340509527033,0.5902532157307689,0.9365721028227938,2.0565889560031536,2.0872908391409197,1.5906339279464419,1.4780306444159237,2.15346937918018,2.159050205786059,2.147472809651987,-4.263256414560601e-14,-4.263256414560601e-14,-4.263256414560601e-14,-4.263256414560601e-14,-2.842170943040401e-14,-2.842170943040401e-14,-4.263256414560601e-14,-4.263256414560601e-14,-4.263256414560601e-14,0.0,-1.737992914843801,-1.2766972168561352,-1.0034182027293497,-0.6792922604260383,-0.3632464212660409,-0.3632710648037687,0.31444871960044907,0.5181360243377924,0.017508772559068575,0.11152109194954107,-0.1658676407412969,-1.0375849084833533,-1.1583034906802538,-1.2517685485748302,1.4519806605073313,1.7914238189784015,1.8150230265526233,0.5194702337202699,0.38493370954847705,0.39537728516026505,0.7115373973906429,0.8077341196664491,-0.43018278390192677,-1.0723472765203752,-1.641914023586807,-4.216667010578192,-4.263256414560601e-14,-4.263256414560601e-14,-0.35561076087464016,-0.3179830319849799,-0.3572239243097073,-0.8329263682422834,-1.3029831354313757,-1.2304392627096234,-1.112657417563156,-0.16907913132104113,-0.42721151081146047,-0.037237739212443444,-0.0853509152139793,0.43670713376641856,0.6276210248332035,0.8546727267243881,1.193866145729075,1.3880004639179333,1.498192388815454,-1.4210854715202004e-14,-2.842170943040401e-14,-1.4210854715202004e-14,-1.4210854715202004e-14,-1.4210854715202004e-14,-1.4210854715202004e-14,-1.4210854715202004e-14,-1.4210854715202004e-14,-0.16267101588766764,-0.1414567750305764,0.0,-1.616547427934833,-1.9280858422241423,-1.117727934762641,-0.5939693990035835,-0.275086381055921,-0.46074356975693576,-0.8493661209421788,0.0,0.0,0.0,0.0,0.0,0.0,0.0,0.0,0.0,0.0,0.0,0.0,0.0,0.0,0.0,0.0,-0.286993508222416,0.0,0.0,-0.23849762297424348,-0.7459638105351729,-0.741875507254143,-0.7502026601552672,-2.278016176736436,-1.9286533548829823,-1.9364474325531162,0.5142222258613245,0.5639630215602338,0.5473669028017341,1.5297365748964253,1.530349270130543,0.0,0.0,0.0,0.0,0.0,0.0,0.0,0.0,0.0,0.0,0.0,0.0,0.0,0.0,0.0,0.0,0.0,0.0,0.0,0.0,0.0,0.0,0.0,0.0,0.0,0.0
185,0.0,0.0,0.0,0.0,0.0,0.0,0.0,0.0,0.0,0.0,0.0,0.0,0.0,0.0,0.0,0.0,0.0,0.0,0.0,-1.4210854715202004e-14,-1.4210854715202004e-14,-1.4210854715202004e-14,-1.4210854715202004e-14,-1.4210854715202004e-14,-0.1653143612841177,0.6794617503234264,1.041792493504829,1.0241229575861297,0.855283133739789,0.8612333020905112,0.5749042841279106,0.5161613630446595,0.7817576572852261,1.4733045183603224,1.2724230844359568,1.2800190929335713,1.2847025892457395,-2.842170943040401e-14,-4.263256414560601e-14,-4.263256414560601e-14,-4.263256414560601e-14,-4.263256414560601e-14,-4.263256414560601e-14,-4.263256414560601e-14,-4.263256414560601e-14,-4.263256414560601e-14,-4.263256414560601e-14,-5.684341886080802e-14,-5.684341886080802e-14,-5.684341886080802e-14,-5.684341886080802e-14,-5.684341886080802e-14,-5.684341886080802e-14,-5.684341886080802e-14,-2.842170943040401e-14,-4.263256414560601e-14,-2.842170943040401e-14,-5.684341886080802e-14,-5.684341886080802e-14,-5.684341886080802e-14,-5.684341886080802e-14,0.010801470853124329,0.17559340509527033,0.5902532157307689,0.9365721028227938,2.0565889560031536,2.0872908391409197,1.5906339279464419,1.4780306444159237,2.15346937918018,2.159050205786059,2.147472809651987,-4.263256414560601e-14,-4.263256414560601e-14,-4.263256414560601e-14,-4.263256414560601e-14,-2.842170943040401e-14,-2.842170943040401e-14,-4.263256414560601e-14,-4.263256414560601e-14,-4.263256414560601e-14,0.0,-1.737992914843801,-1.2766972168561352,-1.0034182027293497,-0.6792922604260383,-0.3632464212660409,-0.3632710648037687,0.31444871960044907,0.5181360243377924,0.017508772559068575,0.11152109194954107,-0.1658676407412969,-1.0375849084833533,-1.1583034906802538,-1.2517685485748302,1.4519806605073313,1.7914238189784015,1.8150230265526233,0.5194702337202699,0.38493370954847705,0.39537728516026505,0.7115373973906429,0.8077341196664491,-0.43018278390192677,-1.0723472765203752,-1.641914023586807,-4.216667010578192,-4.263256414560601e-14,-4.263256414560601e-14,-0.35561076087464016,-0.3179830319849799,-0.3572239243097073,-0.8329263682422834,-1.3029831354313757,-1.2304392627096234,-1.112657417563156,-0.16907913132104113,-0.42721151081146047,-0.037237739212443444,-0.0853509152139793,0.43670713376641856,0.6276210248332035,0.8546727267243881,1.193866145729075,1.3880004639179333,1.498192388815454,-1.4210854715202004e-14,-2.842170943040401e-14,-1.4210854715202004e-14,-1.4210854715202004e-14,-1.4210854715202004e-14,-1.4210854715202004e-14,-1.4210854715202004e-14,-1.4210854715202004e-14,-0.16267101588766764,-0.1414567750305764,0.0,-1.616547427934833,-1.9280858422241423,-1.117727934762641,-0.5939693990035835,-0.275086381055921,-0.46074356975693576,-0.8493661209421788,0.0,0.0,0.0,0.0,0.0,0.0,0.0,0.0,0.0,0.0,0.0,0.0,0.0,0.0,0.0,0.0,-0.286993508222416,0.0,0.0,-0.23849762297424348,-0.7459638105351729,-0.741875507254143,-0.7502026601552743,-2.2780161767364433,-1.9286533548829894,-1.9364474325531233,0.5142222258613174,0.5639630215602267,0.5473669028017341,1.5297365748964253,1.530349270130543,0.0,0.0,0.0,0.0,0.0,0.0,0.0,0.0,0.0,0.0,0.0,0.0,0.0,0.0,0.0,0.0,0.0,0.0,0.0,0.0,0.0,0.0,0.0,0.0,0.0,0.0
186,0.0,0.0,0.0,0.0,0.0,0.0,0.0,0.0,0.0,0.0,0.0,0.0,0.0,0.0,0.0,0.0,0.0,0.0,0.0,-1.4210854715202004e-14,-1.4210854715202004e-14,-1.4210854715202004e-14,-1.4210854715202004e-14,-1.4210854715202004e-14,-0.16531436128410348,0.6794617503234406,1.0417924935048433,1.024122957586144,0.8552831337398032,0.8612333020905254,0.574904284127939,0.5161613630447022,0.7817576572852829,1.4733045183603792,1.2724230844360136,1.2800190929336281,1.2847025892457964,-2.842170943040401e-14,-4.263256414560601e-14,-4.263256414560601e-14,-4.263256414560601e-14,-4.263256414560601e-14,-4.263256414560601e-14,-4.263256414560601e-14,-4.263256414560601e-14,-4.263256414560601e-14,-4.263256414560601e-14,-4.263256414560601e-14,-2.842170943040401e-14,-2.842170943040401e-14,0.0,0.0,0.0,0.0,2.842170943040401e-14,-4.263256414560601e-14,-2.842170943040401e-14,-2.842170943040401e-14,-4.263256414560601e-14,-2.842170943040401e-14,-2.842170943040401e-14,0.010801470853124329,0.17559340509525612,0.5902532157307547,0.9365721028227796,2.0565889560031394,2.0872908391409055,1.5906339279464277,1.4780306444159095,2.153469379180166,2.159050205786045,2.1474728096519726,-4.263256414560601e-14,-4.263256414560601e-14,-4.263256414560601e-14,-4.263256414560601e-14,-5.684341886080802e-14,-5.684341886080802e-14,-4.263256414560601e-14,-4.263256414560601e-14,-4.263256414560601e-14,0.0,-1.737992914843801,-1.2766972168561352,-1.0034182027293639,-0.6792922604260667,-0.3632464212660693,-0.3632710648037971,0.31444871960042065,0.518136024337764,0.017508772559040153,0.11152109194951265,-0.16586764074132532,-1.0375849084833817,-1.1583034906802823,-1.2517685485748586,1.4519806605073171,1.7914238189783873,1.815023026552609,0.5194702337202841,0.38493370954849127,0.39537728516027926,0.7115373973906287,0.8077341196664349,-0.43018278390192677,-1.0723472765203752,-1.641914023586807,-4.216667010578206,-4.263256414560601e-14,-4.263256414560601e-14,-0.3556107608746686,-0.3179830319850083,-0.3572239243097357,-0.8329263682423118,-1.302983135431404,-1.2304392627096519,-1.1126574175631845,-0.16907913132106955,-0.42721151081146047,-0.037237739212443444,-0.0853509152139793,0.43670713376639014,0.6276210248331751,0.8546727267243597,1.1938661457290465,1.3880004639179049,1.4981923888154256,-1.4210854715202004e-14,-2.842170943040401e-14,-1.4210854715202004e-14,-1.4210854715202004e-14,-1.4210854715202004e-14,-1.4210854715202004e-14,-2.842170943040401e-14,-2.842170943040401e-14,-0.16267101588769606,-0.14145677503060483,0.0,-1.616547427934833,-1.9280858422241423,-1.117727934762648,-0.5939693990035835,-0.275086381055921,-0.46074356975693576,-0.8493661209421788,0.0,0.0,0.0,0.0,0.0,0.0,0.0,0.0,0.0,0.0,0.0,0.0,0.0,0.0,0.0,0.0,-0.2869935082224231,0.0,0.0,-0.23849762297424704,-0.7459638105351729,-0.741875507254143,-0.7502026601552707,-2.278016176736436,-1.9286533548829823,-1.9364474325531162,0.5142222258613245,0.5639630215602267,0.5473669028017305,1.5297365748964218,1.5303492701305395,0.0,0.0,0.0,0.0,0.0,0.0,0.0,0.0,0.0,0.0,0.0,0.0,0.0,0.0,0.0,0.0,0.0,0.0,0.0,0.0,0.0,0.0,0.0,0.0,0.0,0.0
187,0.0,0.0,0.0,0.0,0.0,0.0,0.0,0.0,0.0,0.0,0.0,0.0,0.0,0.0,0.0,0.0,0.0,0.0,0.0,-1.4210854715202004e-14,-1.4210854715202004e-14,-1.4210854715202004e-14,-1.4210854715202004e-14,-1.4210854715202004e-14,-0.1653143612841177,0.6794617503234264,1.041792493504829,1.0241229575861297,0.855283133739789,0.8612333020905112,0.5749042841279106,0.5161613630446595,0.7817576572852261,1.4733045183603224,1.2724230844359568,1.2800190929335713,1.2847025892457395,-2.842170943040401e-14,-4.263256414560601e-14,-4.263256414560601e-14,-4.263256414560601e-14,-4.263256414560601e-14,-4.263256414560601e-14,-4.263256414560601e-14,-4.263256414560601e-14,-4.263256414560601e-14,-4.263256414560601e-14,-5.684341886080802e-14,-5.684341886080802e-14,-5.684341886080802e-14,-2.842170943040401e-14,-2.842170943040401e-14,-2.842170943040401e-14,-2.842170943040401e-14,0.0,-4.263256414560601e-14,-2.842170943040401e-14,-5.684341886080802e-14,-5.684341886080802e-14,-5.684341886080802e-14,-5.684341886080802e-14,0.010801470853124329,0.17559340509527033,0.5902532157307689,0.9365721028227938,2.0565889560031536,2.0872908391409197,1.5906339279464419,1.4780306444159237,2.15346937918018,2.159050205786059,2.147472809651987,-4.263256414560601e-14,-4.263256414560601e-14,-4.263256414560601e-14,-4.263256414560601e-14,-2.842170943040401e-14,-2.842170943040401e-14,-4.263256414560601e-14,-4.263256414560601e-14,-4.263256414560601e-14,0.0,-1.737992914843801,-1.2766972168561352,-1.0034182027293568,-0.6792922604260525,-0.3632464212660551,-0.3632710648037829,0.31444871960043486,0.5181360243377782,0.017508772559054364,0.11152109194952686,-0.1658676407413111,-1.0375849084833675,-1.158303490680268,-1.2517685485748444,1.4519806605073313,1.7914238189784015,1.8150230265526233,0.5194702337202699,0.38493370954847705,0.39537728516026505,0.7115373973906287,0.8077341196664349,-0.43018278390192677,-1.0723472765203752,-1.641914023586807,-4.216667010578192,-4.263256414560601e-14,-4.263256414560601e-14,-0.3556107608746544,-0.3179830319849941,-0.3572239243097215,-0.8329263682422976,-1.3029831354313899,-1.2304392627096377,-1.1126574175631703,-0.16907913132105534,-0.42721151081146047,-0.037237739212443444,-0.0853509152139793,0.43670713376640435,0.6276210248331893,0.8546727267243739,1.1938661457290607,1.388000463917919,1.4981923888154398,-1.4210854715202004e-14,-2.842170943040401e-14,-1.4210854715202004e-14,-1.4210854715202004e-14,-1.4210854715202004e-14,-1.4210854715202004e-14,-1.4210854715202004e-14,-1.4210854715202004e-14,-0.16267101588768185,-0.14145677503059062,0.0,-1.616547427934833,-1.9280858422241423,-1.117727934762641,-0.5939693990035835,-0.275086381055921,-0.46074356975693576,-0.8493661209421788,0.0,0.0,0.0,0.0,0.0,0.0,0.0,0.0,0.0,0.0,0.0,0.0,0.0,0.0,0.0,0.0,-0.286993508222416,0.0,0.0,-0.23849762297424704,-0.7459638105351729,-0.741875507254143,-0.7502026601552743,-2.2780161767364433,-1.9286533548829894,-1.9364474325531233,0.5142222258613174,0.5639630215602267,0.5473669028017305,1.5297365748964218,1.530349270130536,0.0,0.0,0.0,0.0,0.0,0.0,0.0,0.0,0.0,0.0,0.0,0.0,0.0,0.0,0.0,0.0,0.0,0.0,0.0,0.0,0.0,0.0,0.0,0.0,0.0,0.0
188,0.0,0.0,0.0,0.0,0.0,0.0,0.0,0.0,0.0,0.0,0.0,0.0,0.0,0.0,0.0,0.0,0.0,0.0,0.0,-1.4210854715202004e-14,-1.4210854715202004e-14,-1.4210854715202004e-14,-1.4210854715202004e-14,-1.4210854715202004e-14,-0.1653143612841177,0.6794617503234264,1.041792493504829,1.0241229575861297,0.855283133739789,0.8612333020905112,0.5749042841279106,0.5161613630446595,0.7817576572852261,1.4733045183603224,1.2724230844359568,1.2800190929335713,1.2847025892457395,-2.842170943040401e-14,-4.263256414560601e-14,-4.263256414560601e-14,-4.263256414560601e-14,-4.263256414560601e-14,-4.263256414560601e-14,-4.263256414560601e-14,-4.263256414560601e-14,-4.263256414560601e-14,-2.842170943040401e-14,-2.842170943040401e-14,-2.842170943040401e-14,-2.842170943040401e-14,0.0,0.0,0.0,0.0,2.842170943040401e-14,-4.263256414560601e-14,-5.684341886080802e-14,-5.684341886080802e-14,-5.684341886080802e-14,-5.684341886080802e-14,-5.684341886080802e-14,0.010801470853124329,0.17559340509527033,0.5902532157307689,0.9365721028227938,2.0565889560031536,2.0872908391409197,1.5906339279464419,1.4780306444159095,2.15346937918018,2.159050205786059,2.147472809651987,-4.263256414560601e-14,-4.263256414560601e-14,-4.263256414560601e-14,-4.263256414560601e-14,-2.842170943040401e-14,-2.842170943040401e-14,-4.263256414560601e-14,-4.263256414560601e-14,-4.263256414560601e-14,0.0,-1.737992914843801,-1.2766972168561423,-1.0034182027293639,-0.6792922604260525,-0.3632464212660551,-0.3632710648037829,0.31444871960043486,0.5181360243377782,0.017508772559054364,0.11152109194952686,-0.1658676407413111,-1.0375849084833675,-1.158303490680268,-1.2517685485748444,1.4519806605073313,1.7914238189784015,1.8150230265526233,0.5194702337202699,0.38493370954847705,0.39537728516026505,0.7115373973906429,0.8077341196664491,-0.43018278390192677,-1.0723472765203752,-1.641914023586807,-4.216667010578192,-4.263256414560601e-14,-4.263256414560601e-14,-0.3556107608746544,-0.3179830319849941,-0.3572239243097215,-0.8329263682422976,-1.3029831354313899,-1.2304392627096377,-1.1126574175631703,-0.16907913132105534,-0.42721151081146047,-0.037237739212443444,-0.0853509152139793,0.43670713376640435,0.6276210248331893,0.8546727267243739,1.1938661457290607,1.388000463917919,1.4981923888154398,-1.4210854715202004e-14,-2.842170943040401e-14,-1.4210854715202004e-14,-1.4210854715202004e-14,-1.4210854715202004e-14,-1.4210854715202004e-14,-1.4210854715202004e-14,-1.4210854715202004e-14,-0.16267101588768185,-0.14145677503059062,0.0,-1.616547427934833,-1.9280858422241494,-1.1177279347626552,-0.5939693990035977,-0.275086381055921,-0.46074356975693576,-0.8493661209421788,0.0,0.0,0.0,0.0,0.0,0.0,0.0,0.0,0.0,0.0,0.0,0.0,0.0,0.0,0.0,0.0,-0.286993508222416,0.0,0.0,-0.23849762297424704,-0.7459638105351729,-0.7418755072541394,-0.7502026601552672,-2.278016176736436,-1.9286533548829823,-1.9364474325531162,0.5142222258613245,0.5639630215602338,0.5473669028017305,1.5297365748964182,1.530349270130536,0.0,0.0,0.0,0.0,0.0,0.0,0.0,0.0,0.0,0.0,0.0,0.0,0.0,0.0,0.0,0.0,0.0,0.0,0.0,0.0,0.0,0.0,0.0,0.0,0.0,0.0
189,0.0,0.0,0.0,0.0,0.0,0.0,0.0,0.0,0.0,0.0,0.0,0.0,0.0,0.0,0.0,0.0,0.0,0.0,0.0,-1.4210854715202004e-14,-1.4210854715202004e-14,-1.4210854715202004e-14,-1.4210854715202004e-14,-1.4210854715202004e-14,-0.1653143612841177,0.6794617503234264,1.041792493504829,1.0241229575861297,0.855283133739789,0.8612333020905112,0.5749042841279106,0.5161613630446595,0.7817576572852261,1.4733045183603224,1.2724230844359568,1.2800190929335713,1.2847025892457395,-2.842170943040401e-14,-4.263256414560601e-14,-4.263256414560601e-14,-4.263256414560601e-14,-4.263256414560601e-14,-4.263256414560601e-14,-4.263256414560601e-14,-4.263256414560601e-14,-2.842170943040401e-14,-2.842170943040401e-14,-2.842170943040401e-14,-2.842170943040401e-14,-2.842170943040401e-14,-2.842170943040401e-14,-2.842170943040401e-14,-2.842170943040401e-14,-2.842170943040401e-14,0.0,-2.842170943040401e-14,-2.842170943040401e-14,-2.842170943040401e-14,-5.684341886080802e-14,-5.684341886080802e-14,-5.684341886080802e-14,0.010801470853124329,0.17559340509527033,0.5902532157307689,0.9365721028227938,2.0565889560031536,2.0872908391409197,1.5906339279464419,1.4780306444158953,2.153469379180166,2.159050205786059,2.147472809651987,-4.263256414560601e-14,-4.263256414560601e-14,-4.263256414560601e-14,-4.263256414560601e-14,-2.842170943040401e-14,-5.684341886080802e-14,-4.263256414560601e-14,-4.263256414560601e-14,-4.263256414560601e-14,0.0,-1.737992914843801,-1.2766972168561495,-1.003418202729378,-0.6792922604260667,-0.3632464212660693,-0.3632710648037971,0.31444871960042065,0.518136024337764,0.017508772559040153,0.11152109194951265,-0.16586764074132532,-1.0375849084833817,-1.1583034906802823,-1.2517685485748586,1.4519806605073313,1.7914238189784015,1.8150230265526233,0.5194702337202699,0.38493370954847705,0.39537728516026505,0.7115373973906287,0.8077341196664349,-0.43018278390192677,-1.0723472765203752,-1.641914023586807,-4.216667010578192,-4.263256414560601e-14,-4.263256414560601e-14,-0.3556107608746686,-0.3179830319850083,-0.3572239243097357,-0.8329263682423118,-1.302983135431404,-1.2304392627096519,-1.1126574175631845,-0.16907913132106955,-0.42721151081146047,-0.037237739212443444,-0.0853509152139793,0.43670713376639014,0.6276210248331751,0.8546727267243597,1.1938661457290465,1.3880004639179049,1.4981923888154256,-1.4210854715202004e-14,-2.842170943040401e-14,-1.4210854715202004e-14,-1.4210854715202004e-14,-1.4210854715202004e-14,-1.4210854715202004e-14,-1.4210854715202004e-14,-1.4210854715202004e-14,-0.16267101588769606,-0.14145677503060483,0.0,-1.616547427934833,-1.9280858422241351,-1.117727934762641,-0.5939693990035835,-0.275086381055921,-0.46074356975693576,-0.8493661209421717,0.0,0.0,0.0,0.0,0.0,0.0,0.0,0.0,0.0,0.0,0.0,0.0,0.0,0.0,0.0,0.0,-0.286993508222416,0.0,0.0,-0.23849762297424348,-0.7459638105351729,-0.741875507254143,-0.7502026601552672,-2.278016176736436,-1.9286533548829823,-1.9364474325531162,0.5142222258613245,0.5639630215602338,0.5473669028017305,1.5297365748964253,1.530349270130543,0.0,0.0,0.0,0.0,0.0,0.0,0.0,0.0,0.0,0.0,0.0,0.0,0.0,0.0,0.0,0.0,0.0,0.0,0.0,0.0,0.0,0.0,0.0,0.0,0.0,0.0
190,0.0,0.0,0.0,0.0,0.0,0.0,0.0,0.0,0.0,0.0,0.0,0.0,0.0,0.0,0.0,0.0,0.0,0.0,0.0,-1.4210854715202004e-14,-1.4210854715202004e-14,-1.4210854715202004e-14,-1.4210854715202004e-14,-1.4210854715202004e-14,-0.1653143612841177,0.6794617503234264,1.041792493504829,1.0241229575861297,0.8552831337398032,0.8612333020905396,0.574904284127939,0.516161363044688,0.7817576572852545,1.4733045183603508,1.2724230844359852,1.2800190929335997,1.284702589245768,-2.842170943040401e-14,-4.263256414560601e-14,-4.263256414560601e-14,-4.263256414560601e-14,-4.263256414560601e-14,-4.263256414560601e-14,-4.263256414560601e-14,-5.684341886080802e-14,-5.684341886080802e-14,-5.684341886080802e-14,-5.684341886080802e-14,-5.684341886080802e-14,-5.684341886080802e-14,-5.684341886080802e-14,-5.684341886080802e-14,-5.684341886080802e-14,-5.684341886080802e-14,-2.842170943040401e-14,-5.684341886080802e-14,-5.684341886080802e-14,-5.684341886080802e-14,-5.684341886080802e-14,-5.684341886080802e-14,-5.684341886080802e-14,0.010801470853124329,0.17559340509527033,0.5902532157307689,0.9365721028227938,2.0565889560031536,2.0872908391409055,1.5906339279464135,1.4780306444158668,2.153469379180166,2.159050205786059,2.147472809651987,-4.263256414560601e-14,-4.263256414560601e-14,-4.263256414560601e-14,-4.263256414560601e-14,-2.842170943040401e-14,-5.684341886080802e-14,-4.263256414560601e-14,-4.263256414560601e-14,-5.684341886080802e-14,0.0,-1.737992914843801,-1.2766972168561495,-1.003418202729378,-0.6792922604260667,-0.3632464212660693,-0.3632710648037971,0.31444871960042065,0.518136024337764,0.017508772559040153,0.11152109194951265,-0.16586764074132532,-1.0375849084833817,-1.1583034906802823,-1.2517685485748729,1.4519806605073313,1.7914238189784015,1.8150230265526233,0.5194702337202699,0.38493370954847705,0.39537728516026505,0.7115373973906287,0.8077341196664349,-0.43018278390192677,-1.0723472765203752,-1.641914023586807,-4.216667010578192,-4.263256414560601e-14,-4.263256414560601e-14,-0.3556107608746686,-0.3179830319850083,-0.3572239243097357,-0.8329263682423118,-1.302983135431404,-1.2304392627096519,-1.1126574175631845,-0.16907913132106955,-0.42721151081146047,-0.037237739212443444,-0.0853509152139793,0.43670713376639014,0.6276210248331751,0.8546727267243597,1.1938661457290465,1.3880004639179049,1.4981923888154256,-1.4210854715202004e-14,-2.842170943040401e-14,-1.4210854715202004e-14,-1.4210854715202004e-14,-1.4210854715202004e-14,-1.4210854715202004e-14,-1.4210854715202004e-14,-1.4210854715202004e-14,-0.16267101588769606,-0.14145677503060483,0.0,-1.616547427934833,-1.9280858422241351,-1.117727934762641,-0.5939693990035835,-0.2750863810559139,-0.46074356975692865,-0.8493661209421646,0.0,0.0,0.0,0.0,0.0,0.0,0.0,0.0,0.0,0.0,0.0,0.0,0.0,0.0,0.0,0.0,-0.286993508222416,0.0,0.0,-0.23849762297424348,-0.7459638105351729,-0.741875507254143,-0.7502026601552672,-2.278016176736436,-1.9286533548829823,-1.9364474325531162,0.5142222258613245,0.5639630215602338,0.5473669028017341,1.5297365748964253,1.530349270130543,0.0,0.0,0.0,0.0,0.0,0.0,0.0,0.0,0.0,0.0,0.0,0.0,0.0,0.0,0.0,0.0,0.0,0.0,0.0,0.0,0.0,0.0,0.0,0.0,0.0,0.0
191,0.0,0.0,0.0,0.0,0.0,0.0,0.0,0.0,0.0,0.0,0.0,0.0,0.0,0.0,0.0,0.0,0.0,0.0,0.0,-1.4210854715202004e-14,-1.4210854715202004e-14,-1.4210854715202004e-14,-1.4210854715202004e-14,-1.4210854715202004e-14,-0.1653143612841177,0.6794617503234264,1.041792493504829,1.0241229575861297,0.855283133739789,0.8612333020905112,0.5749042841279106,0.5161613630446737,0.7817576572852545,1.4733045183603366,1.2724230844359852,1.2800190929335997,1.284702589245768,-2.842170943040401e-14,-4.263256414560601e-14,-4.263256414560601e-14,-4.263256414560601e-14,-4.263256414560601e-14,-4.263256414560601e-14,-4.263256414560601e-14,-4.263256414560601e-14,-4.263256414560601e-14,-4.263256414560601e-14,-4.263256414560601e-14,-2.842170943040401e-14,-4.263256414560601e-14,-2.842170943040401e-14,-2.842170943040401e-14,-2.842170943040401e-14,-2.842170943040401e-14,0.0,-4.263256414560601e-14,-2.842170943040401e-14,-2.842170943040401e-14,-5.684341886080802e-14,-5.684341886080802e-14,-5.684341886080802e-14,0.010801470853124329,0.17559340509527033,0.5902532157307689,0.9365721028227938,2.0565889560031536,2.0872908391409197,1.5906339279464419,1.4780306444159237,2.15346937918018,2.159050205786059,2.147472809651987,-4.263256414560601e-14,-4.263256414560601e-14,-4.263256414560601e-14,-4.263256414560601e-14,-2.842170943040401e-14,-2.842170943040401e-14,-4.263256414560601e-14,-4.263256414560601e-14,-4.263256414560601e-14,0.0,-1.737992914843801,-1.2766972168561352,-1.0034182027293639,-0.6792922604260596,-0.3632464212660551,-0.3632710648037829,0.31444871960043486,0.5181360243377782,0.017508772559054364,0.11152109194952686,-0.1658676407413111,-1.0375849084833675,-1.158303490680268,-1.2517685485748444,1.4519806605073313,1.7914238189784015,1.8150230265526233,0.5194702337202699,0.38493370954847705,0.39537728516026505,0.7115373973906429,0.8077341196664491,-0.43018278390192677,-1.0723472765203752,-1.641914023586807,-4.216667010578192,-4.263256414560601e-14,-4.263256414560601e-14,-0.3556107608746544,-0.3179830319849941,-0.3572239243097215,-0.8329263682422976,-1.3029831354313899,-1.2304392627096377,-1.1126574175631703,-0.16907913132105534,-0.42721151081146047,-0.037237739212443444,-0.0853509152139793,0.43670713376640435,0.6276210248331893,0.8546727267243739,1.1938661457290607,1.388000463917919,1.4981923888154398,-1.4210854715202004e-14,-2.842170943040401e-14,-1.4210854715202004e-14,-1.4210854715202004e-14,-1.4210854715202004e-14,-1.4210854715202004e-14,-1.4210854715202004e-14,-1.4210854715202004e-14,-0.16267101588768185,-0.14145677503059062,0.0,-1.616547427934833,-1.9280858422241423,-1.117727934762648,-0.5939693990035977,-0.275086381055921,-0.46074356975693576,-0.8493661209421788,0.0,0.0,0.0,0.0,0.0,0.0,0.0,0.0,0.0,0.0,0.0,0.0,0.0,0.0,0.0,0.0,-0.286993508222416,0.0,0.0,-0.23849762297424704,-0.7459638105351729,-0.741875507254143,-0.7502026601552672,-2.278016176736436,-1.9286533548829823,-1.9364474325531162,0.5142222258613245,0.5639630215602338,0.5473669028017305,1.5297365748964253,1.530349270130543,0.0,0.0,0.0,0.0,0.0,0.0,0.0,0.0,0.0,0.0,0.0,0.0,0.0,0.0,0.0,0.0,0.0,0.0,0.0,0.0,0.0,0.0,0.0,0.0,0.0,0.0
192,0.0,0.0,0.0,0.0,0.0,0.0,0.0,0.0,0.0,0.0,0.0,0.0,0.0,0.0,0.0,0.0,0.0,0.0,0.0,-1.4210854715202004e-14,-1.4210854715202004e-14,-1.4210854715202004e-14,-1.4210854715202004e-14,-1.4210854715202004e-14,-0.16531436128410348,0.6794617503234406,1.0417924935048433,1.024122957586144,0.8552831337398032,0.8612333020905254,0.574904284127939,0.5161613630447022,0.7817576572852829,1.4733045183603792,1.2724230844360136,1.2800190929336281,1.2847025892457964,-2.842170943040401e-14,-4.263256414560601e-14,-4.263256414560601e-14,-4.263256414560601e-14,-4.263256414560601e-14,-4.263256414560601e-14,-4.263256414560601e-14,-4.263256414560601e-14,-4.263256414560601e-14,-4.263256414560601e-14,-4.263256414560601e-14,-2.842170943040401e-14,-2.842170943040401e-14,-2.842170943040401e-14,-2.842170943040401e-14,-2.842170943040401e-14,-2.842170943040401e-14,0.0,-4.263256414560601e-14,-2.842170943040401e-14,-2.842170943040401e-14,-4.263256414560601e-14,-2.842170943040401e-14,-2.842170943040401e-14,0.010801470853124329,0.17559340509525612,0.5902532157307547,0.9365721028227796,2.0565889560031394,2.0872908391409055,1.5906339279464277,1.4780306444159095,2.153469379180166,2.159050205786045,2.1474728096519726,-4.263256414560601e-14,-4.263256414560601e-14,-4.263256414560601e-14,-4.263256414560601e-14,-5.684341886080802e-14,-5.684341886080802e-14,-4.263256414560601e-14,-4.263256414560601e-14,-4.263256414560601e-14,0.0,-1.737992914843801,-1.2766972168561352,-1.0034182027293639,-0.6792922604260667,-0.3632464212660693,-0.3632710648037971,0.31444871960042065,0.518136024337764,0.017508772559040153,0.11152109194951265,-0.16586764074132532,-1.0375849084833817,-1.1583034906802823,-1.2517685485748586,1.4519806605073171,1.7914238189783873,1.815023026552609,0.5194702337202841,0.38493370954849127,0.39537728516027926,0.7115373973906287,0.8077341196664349,-0.43018278390192677,-1.0723472765203752,-1.641914023586807,-4.216667010578206,-4.263256414560601e-14,-4.263256414560601e-14,-0.3556107608746686,-0.3179830319850083,-0.3572239243097357,-0.8329263682423118,-1.302983135431404,-1.2304392627096519,-1.1126574175631845,-0.16907913132106955,-0.42721151081146047,-0.037237739212443444,-0.0853509152139793,0.43670713376639014,0.6276210248331751,0.8546727267243597,1.1938661457290465,1.3880004639179049,1.4981923888154256,-1.4210854715202004e-14,-2.842170943040401e-14,-1.4210854715202004e-14,-1.4210854715202004e-14,-1.4210854715202004e-14,-1.4210854715202004e-14,-2.842170943040401e-14,-2.842170943040401e-14,-0.16267101588769606,-0.14145677503060483,0.0,-1.616547427934833,-1.9280858422241423,-1.117727934762648,-0.5939693990035835,-0.275086381055921,-0.46074356975693576,-0.8493661209421788,0.0,0.0,0.0,0.0,0.0,0.0,0.0,0.0,0.0,0.0,0.0,0.0,0.0,0.0,0.0,0.0,-0.2869935082224231,0.0,0.0,-0.23849762297424348,-0.7459638105351729,-0.741875507254143,-0.7502026601552743,-2.2780161767364433,-1.9286533548829894,-1.9364474325531233,0.5142222258613174,0.5639630215602267,0.5473669028017305,1.5297365748964182,1.530349270130536,0.0,0.0,0.0,0.0,0.0,0.0,0.0,0.0,0.0,0.0,0.0,0.0,0.0,0.0,0.0,0.0,0.0,0.0,0.0,0.0,0.0,0.0,0.0,0.0,0.0,0.0
193,0.0,0.0,0.0,0.0,0.0,0.0,0.0,0.0,0.0,0.0,0.0,0.0,0.0,0.0,0.0,0.0,0.0,0.0,0.0,-1.4210854715202004e-14,-1.4210854715202004e-14,-1.4210854715202004e-14,-1.4210854715202004e-14,-1.4210854715202004e-14,-0.1653143612841177,0.6794617503234264,1.041792493504829,1.0241229575861297,0.855283133739789,0.8612333020905112,0.5749042841279106,0.5161613630446737,0.7817576572852545,1.4733045183603508,1.2724230844359852,1.2800190929335997,1.284702589245768,-2.842170943040401e-14,-4.263256414560601e-14,-4.263256414560601e-14,-4.263256414560601e-14,-4.263256414560601e-14,-4.263256414560601e-14,-4.263256414560601e-14,-4.263256414560601e-14,-4.263256414560601e-14,-4.263256414560601e-14,-4.263256414560601e-14,-5.684341886080802e-14,-5.684341886080802e-14,-2.842170943040401e-14,-2.842170943040401e-14,-2.842170943040401e-14,-2.842170943040401e-14,0.0,-4.263256414560601e-14,-2.842170943040401e-14,-2.842170943040401e-14,-5.684341886080802e-14,-5.684341886080802e-14,-5.684341886080802e-14,0.010801470853124329,0.17559340509527033,0.5902532157307689,0.9365721028227938,2.0565889560031536,2.0872908391409197,1.5906339279464419,1.4780306444159237,2.15346937918018,2.159050205786059,2.147472809651987,-4.263256414560601e-14,-4.263256414560601e-14,-4.263256414560601e-14,-4.263256414560601e-14,-2.842170943040401e-14,-2.842170943040401e-14,-4.263256414560601e-14,-4.263256414560601e-14,-4.263256414560601e-14,0.0,-1.737992914843801,-1.2766972168561352,-1.0034182027293639,-0.6792922604260667,-0.3632464212660693,-0.3632710648037971,0.31444871960042065,0.518136024337764,0.017508772559040153,0.11152109194951265,-0.16586764074132532,-1.0375849084833817,-1.1583034906802823,-1.2517685485748586,1.4519806605073313,1.7914238189784015,1.8150230265526233,0.5194702337202699,0.38493370954847705,0.39537728516026505,0.7115373973906287,0.8077341196664349,-0.43018278390192677,-1.0723472765203752,-1.641914023586807,-4.216667010578192,-4.263256414560601e-14,-4.263256414560601e-14,-0.3556107608746686,-0.3179830319850083,-0.3572239243097357,-0.8329263682423118,-1.302983135431404,-1.2304392627096519,-1.1126574175631845,-0.16907913132106955,-0.42721151081146047,-0.037237739212443444,-0.0853509152139793,0.43670713376639014,0.6276210248331751,0.8546727267243597,1.1938661457290465,1.3880004639179049,1.4981923888154256,-1.4210854715202004e-14,-2.842170943040401e-14,-1.4210854715202004e-14,-1.4210854715202004e-14,-1.4210854715202004e-14,-1.4210854715202004e-14,-1.4210854715202004e-14,-1.4210854715202004e-14,-0.16267101588769606,-0.14145677503060483,0.0,-1.616547427934833,-1.9280858422241423,-1.117727934762648,-0.5939693990035835,-0.275086381055921,-0.46074356975693576,-0.8493661209421788,0.0,0.0,0.0,0.0,0.0,0.0,0.0,0.0,0.0,0.0,0.0,0.0,0.0,0.0,0.0,0.0,-0.286993508222416,0.0,0.0,-0.23849762297424704,-0.7459638105351729,-0.741875507254143,-0.7502026601552672,-2.278016176736436,-1.9286533548829823,-1.9364474325531162,0.5142222258613245,0.5639630215602338,0.5473669028017305,1.5297365748964182,1.530349270130536,0.0,0.0,0.0,0.0,0.0,0.0,0.0,0.0,0.0,0.0,0.0,0.0,0.0,0.0,0.0,0.0,0.0,0.0,0.0,0.0,0.0,0.0,0.0,0.0,0.0,0.0
194,0.0,0.0,0.0,0.0,0.0,0.0,0.0,0.0,0.0,0.0,0.0,0.0,0.0,0.0,0.0,0.0,0.0,0.0,0.0,-1.4210854715202004e-14,-1.4210854715202004e-14,-1.4210854715202004e-14,-1.4210854715202004e-14,-1.4210854715202004e-14,-0.16531436128410348,0.6794617503234406,1.0417924935048433,1.024122957586144,0.8552831337398032,0.8612333020905254,0.574904284127939,0.5161613630447022,0.7817576572852829,1.4733045183603792,1.2724230844360136,1.2800190929336281,1.2847025892457964,-2.842170943040401e-14,-4.263256414560601e-14,-4.263256414560601e-14,-4.263256414560601e-14,-4.263256414560601e-14,-4.263256414560601e-14,-4.263256414560601e-14,-4.263256414560601e-14,-4.263256414560601e-14,-4.263256414560601e-14,-4.263256414560601e-14,-2.842170943040401e-14,-2.842170943040401e-14,-2.842170943040401e-14,-2.842170943040401e-14,-2.842170943040401e-14,-2.842170943040401e-14,0.0,-4.263256414560601e-14,-2.842170943040401e-14,-2.842170943040401e-14,-4.263256414560601e-14,-2.842170943040401e-14,-2.842170943040401e-14,0.010801470853124329,0.17559340509525612,0.5902532157307547,0.9365721028227796,2.0565889560031394,2.0872908391409055,1.5906339279464277,1.4780306444159095,2.153469379180166,2.159050205786045,2.1474728096519726,-4.263256414560601e-14,-4.263256414560601e-14,-4.263256414560601e-14,-4.263256414560601e-14,-5.684341886080802e-14,-5.684341886080802e-14,-4.263256414560601e-14,-4.263256414560601e-14,-4.263256414560601e-14,0.0,-1.737992914843801,-1.2766972168561352,-1.0034182027293639,-0.6792922604260667,-0.3632464212660693,-0.3632710648037971,0.31444871960042065,0.518136024337764,0.017508772559040153,0.11152109194951265,-0.16586764074132532,-1.0375849084833817,-1.1583034906802823,-1.2517685485748586,1.4519806605073171,1.7914238189783873,1.815023026552609,0.5194702337202841,0.38493370954849127,0.39537728516027926,0.7115373973906287,0.8077341196664349,-0.43018278390192677,-1.0723472765203752,-1.641914023586807,-4.216667010578206,-4.263256414560601e-14,-4.263256414560601e-14,-0.3556107608746686,-0.3179830319850083,-0.3572239243097357,-0.8329263682423118,-1.302983135431404,-1.2304392627096519,-1.1126574175631845,-0.16907913132106955,-0.42721151081146047,-0.037237739212443444,-0.0853509152139793,0.43670713376639014,0.6276210248331751,0.8546727267243597,1.1938661457290465,1.3880004639179049,1.4981923888154256,-1.4210854715202004e-14,-2.842170943040401e-14,-1.4210854715202004e-14,-1.4210854715202004e-14,-1.4210854715202004e-14,-1.4210854715202004e-14,-2.842170943040401e-14,-2.842170943040401e-14,-0.16267101588769606,-0.14145677503060483,0.0,-1.616547427934833,-1.9280858422241423,-1.117727934762641,-0.5939693990035835,-0.275086381055921,-0.46074356975693576,-0.8493661209421788,0.0,0.0,0.0,0.0,0.0,0.0,0.0,0.0,0.0,0.0,0.0,0.0,0.0,0.0,0.0,0.0,-0.2869935082224231,0.0,0.0,-0.23849762297424704,-0.7459638105351729,-0.741875507254143,-0.7502026601552743,-2.2780161767364433,-1.9286533548829894,-1.9364474325531233,0.5142222258613174,0.5639630215602267,0.5473669028017305,1.5297365748964218,1.5303492701305395,0.0,0.0,0.0,0.0,0.0,0.0,0.0,0.0,0.0,0.0,0.0,0.0,0.0,0.0,0.0,0.0,0.0,0.0,0.0,0.0,0.0,0.0,0.0,0.0,0.0,0.0
195,0.0,0.0,0.0,0.0,0.0,0.0,0.0,0.0,0.0,0.0,0.0,0.0,0.0,0.0,0.0,0.0,0.0,0.0,0.0,-1.4210854715202004e-14,-1.4210854715202004e-14,-1.4210854715202004e-14,-1.4210854715202004e-14,-1.4210854715202004e-14,-0.1653143612841177,0.6794617503234264,1.041792493504829,1.0241229575861297,0.855283133739789,0.8612333020905112,0.5749042841279106,0.5161613630446737,0.7817576572852545,1.4733045183603508,1.2724230844359852,1.2800190929335997,1.284702589245768,-2.842170943040401e-14,-4.263256414560601e-14,-4.263256414560601e-14,-4.263256414560601e-14,-4.263256414560601e-14,-4.263256414560601e-14,-4.263256414560601e-14,-4.263256414560601e-14,-4.263256414560601e-14,-4.263256414560601e-14,-4.263256414560601e-14,-5.684341886080802e-14,-5.684341886080802e-14,-2.842170943040401e-14,-2.842170943040401e-14,-2.842170943040401e-14,-2.842170943040401e-14,0.0,-4.263256414560601e-14,-2.842170943040401e-14,-2.842170943040401e-14,-5.684341886080802e-14,-5.684341886080802e-14,-5.684341886080802e-14,0.010801470853124329,0.17559340509527033,0.5902532157307689,0.9365721028227938,2.0565889560031536,2.0872908391409197,1.5906339279464419,1.4780306444159237,2.15346937918018,2.159050205786059,2.147472809651987,-4.263256414560601e-14,-4.263256414560601e-14,-4.263256414560601e-14,-4.263256414560601e-14,-2.842170943040401e-14,-2.842170943040401e-14,-4.263256414560601e-14,-4.263256414560601e-14,-4.263256414560601e-14,0.0,-1.737992914843801,-1.2766972168561352,-1.0034182027293639,-0.6792922604260667,-0.3632464212660693,-0.3632710648037971,0.31444871960042065,0.518136024337764,0.017508772559040153,0.11152109194951265,-0.16586764074132532,-1.0375849084833817,-1.1583034906802823,-1.2517685485748586,1.4519806605073313,1.7914238189784015,1.8150230265526233,0.5194702337202699,0.38493370954847705,0.39537728516026505,0.7115373973906287,0.8077341196664349,-0.43018278390192677,-1.0723472765203752,-1.641914023586807,-4.216667010578192,-4.263256414560601e-14,-4.263256414560601e-14,-0.3556107608746686,-0.3179830319850083,-0.3572239243097357,-0.8329263682423118,-1.302983135431404,-1.2304392627096519,-1.1126574175631845,-0.16907913132106955,-0.42721151081146047,-0.037237739212443444,-0.0853509152139793,0.43670713376639014,0.6276210248331751,0.8546727267243597,1.1938661457290465,1.3880004639179049,1.4981923888154256,-1.4210854715202004e-14,-2.842170943040401e-14,-1.4210854715202004e-14,-1.4210854715202004e-14,-1.4210854715202004e-14,-1.4210854715202004e-14,-1.4210854715202004e-14,-1.4210854715202004e-14,-0.16267101588769606,-0.14145677503060483,0.0,-1.616547427934833,-1.9280858422241423,-1.117727934762641,-0.5939693990035835,-0.275086381055921,-0.46074356975693576,-0.8493661209421788,0.0,0.0,0.0,0.0,0.0,0.0,0.0,0.0,0.0,0.0,0.0,0.0,0.0,0.0,0.0,0.0,-0.286993508222416,0.0,0.0,-0.23849762297424704,-0.7459638105351729,-0.741875507254143,-0.7502026601552672,-2.278016176736436,-1.9286533548829823,-1.9364474325531162,0.5142222258613245,0.5639630215602338,0.5473669028017305,1.5297365748964218,1.5303492701305395,0.0,0.0,0.0,0.0,0.0,0.0,0.0,0.0,0.0,0.0,0.0,0.0,0.0,0.0,0.0,0.0,0.0,0.0,0.0,0.0,0.0,0.0,0.0,0.0,0.0,0.0
196,0.0,0.0,0.0,0.0,0.0,0.0,0.0,0.0,0.0,0.0,0.0,0.0,0.0,0.0,0.0,0.0,0.0,0.0,0.0,-1.4210854715202004e-14,-1.4210854715202004e-14,-1.4210854715202004e-14,-1.4210854715202004e-14,-1.4210854715202004e-14,-0.1653143612841177,0.6794617503234264,1.041792493504829,1.0241229575861297,0.855283133739789,0.8612333020905112,0.5749042841279106,0.5161613630446595,0.7817576572852261,1.4733045183603224,1.2724230844359568,1.2800190929335713,1.2847025892457395,-2.842170943040401e-14,-4.263256414560601e-14,-4.263256414560601e-14,-4.263256414560601e-14,-4.263256414560601e-14,-4.263256414560601e-14,-4.263256414560601e-14,-4.263256414560601e-14,-4.263256414560601e-14,-4.263256414560601e-14,-5.684341886080802e-14,-5.684341886080802e-14,-5.684341886080802e-14,-2.842170943040401e-14,-2.842170943040401e-14,-2.842170943040401e-14,-2.842170943040401e-14,0.0,-4.263256414560601e-14,-2.842170943040401e-14,-5.684341886080802e-14,-5.684341886080802e-14,-5.684341886080802e-14,-5.684341886080802e-14,0.010801470853124329,0.17559340509527033,0.5902532157307689,0.9365721028227938,2.0565889560031536,2.0872908391409197,1.5906339279464419,1.4780306444159237,2.15346937918018,2.159050205786059,2.147472809651987,-4.263256414560601e-14,-4.263256414560601e-14,-4.263256414560601e-14,-4.263256414560601e-14,-2.842170943040401e-14,-2.842170943040401e-14,-4.263256414560601e-14,-4.263256414560601e-14,-4.263256414560601e-14,0.0,-1.737992914843801,-1.2766972168561352,-1.0034182027293568,-0.6792922604260525,-0.3632464212660551,-0.3632710648037829,0.31444871960043486,0.5181360243377782,0.017508772559054364,0.11152109194952686,-0.1658676407413111,-1.0375849084833675,-1.158303490680268,-1.2517685485748444,1.4519806605073313,1.7914238189784015,1.8150230265526233,0.5194702337202699,0.38493370954847705,0.39537728516026505,0.7115373973906287,0.8077341196664349,-0.43018278390192677,-1.0723472765203752,-1.641914023586807,-4.216667010578192,-4.263256414560601e-14,-4.263256414560601e-14,-0.3556107608746544,-0.3179830319849941,-0.3572239243097215,-0.8329263682422976,-1.3029831354313899,-1.2304392627096377,-1.1126574175631703,-0.16907913132105534,-0.42721151081146047,-0.037237739212443444,-0.0853509152139793,0.43670713376640435,0.6276210248331893,0.8546727267243739,1.1938661457290607,1.388000463917919,1.4981923888154398,-1.4210854715202004e-14,-2.842170943040401e-14,-1.4210854715202004e-14,-1.4210854715202004e-14,-1.4210854715202004e-14,-1.4210854715202004e-14,-1.4210854715202004e-14,-1.4210854715202004e-14,-0.16267101588768185,-0.14145677503059062,0.0,-1.616547427934833,-1.9280858422241423,-1.117727934762641,-0.5939693990035835,-0.275086381055921,-0.46074356975693576,-0.8493661209421788,0.0,0.0,0.0,0.0,0.0,0.0,0.0,0.0,0.0,0.0,0.0,0.0,0.0,0.0,0.0,0.0,-0.286993508222416,0.0,0.0,-0.23849762297424704,-0.7459638105351729,-0.741875507254143,-0.7502026601552743,-2.2780161767364433,-1.9286533548829894,-1.9364474325531233,0.5142222258613174,0.5639630215602267,0.5473669028017305,1.5297365748964218,1.530349270130536,0.0,0.0,0.0,0.0,0.0,0.0,0.0,0.0,0.0,0.0,0.0,0.0,0.0,0.0,0.0,0.0,0.0,0.0,0.0,0.0,0.0,0.0,0.0,0.0,0.0,0.0
197,0.0,0.0,0.0,0.0,0.0,0.0,0.0,0.0,0.0,0.0,0.0,0.0,0.0,0.0,0.0,0.0,0.0,0.0,0.0,-1.4210854715202004e-14,-1.4210854715202004e-14,-1.4210854715202004e-14,-1.4210854715202004e-14,-1.4210854715202004e-14,-0.16531436128410348,0.6794617503234406,1.0417924935048433,1.024122957586144,0.8552831337398032,0.8612333020905254,0.574904284127939,0.516161363044688,0.7817576572852545,1.4733045183603508,1.2724230844359852,1.2800190929335997,1.284702589245768,-2.842170943040401e-14,-4.263256414560601e-14,-4.263256414560601e-14,-4.263256414560601e-14,-4.263256414560601e-14,-4.263256414560601e-14,-4.263256414560601e-14,-4.263256414560601e-14,-4.263256414560601e-14,-4.263256414560601e-14,-2.842170943040401e-14,-2.842170943040401e-14,-2.842170943040401e-14,0.0,0.0,0.0,0.0,2.842170943040401e-14,-4.263256414560601e-14,-2.842170943040401e-14,-2.842170943040401e-14,-4.263256414560601e-14,-2.842170943040401e-14,-2.842170943040401e-14,0.010801470853124329,0.17559340509525612,0.5902532157307547,0.9365721028227796,2.0565889560031394,2.0872908391409055,1.5906339279464277,1.4780306444159095,2.153469379180166,2.159050205786045,2.1474728096519726,-4.263256414560601e-14,-4.263256414560601e-14,-4.263256414560601e-14,-4.263256414560601e-14,-5.684341886080802e-14,-5.684341886080802e-14,-4.263256414560601e-14,-4.263256414560601e-14,-4.263256414560601e-14,0.0,-1.737992914843801,-1.2766972168561352,-1.0034182027293497,-0.6792922604260383,-0.3632464212660409,-0.3632710648037687,0.31444871960044907,0.5181360243377924,0.017508772559068575,0.11152109194954107,-0.1658676407412969,-1.0375849084833533,-1.1583034906802538,-1.2517685485748302,1.4519806605073171,1.7914238189783873,1.815023026552609,0.5194702337202841,0.38493370954849127,0.39537728516027926,0.7115373973906571,0.8077341196664634,-0.43018278390192677,-1.0723472765203752,-1.641914023586807,-4.216667010578206,-4.263256414560601e-14,-4.263256414560601e-14,-0.35561076087464016,-0.3179830319849799,-0.3572239243097073,-0.8329263682422834,-1.3029831354313757,-1.2304392627096234,-1.112657417563156,-0.16907913132104113,-0.42721151081146047,-0.037237739212443444,-0.0853509152139793,0.43670713376641856,0.6276210248332035,0.8546727267243881,1.193866145729075,1.3880004639179333,1.498192388815454,-1.4210854715202004e-14,-2.842170943040401e-14,-1.4210854715202004e-14,-1.4210854715202004e-14,-1.4210854715202004e-14,-1.4210854715202004e-14,-2.842170943040401e-14,-2.842170943040401e-14,-0.16267101588766764,-0.1414567750305764,0.0,-1.616547427934833,-1.9280858422241423,-1.1177279347626552,-0.5939693990035977,-0.275086381055921,-0.46074356975693576,-0.8493661209421788,0.0,0.0,0.0,0.0,0.0,0.0,0.0,0.0,0.0,0.0,0.0,0.0,0.0,0.0,0.0,0.0,-0.286993508222416,0.0,0.0,-0.23849762297424704,-0.7459638105351729,-0.741875507254143,-0.7502026601552672,-2.278016176736436,-1.9286533548829823,-1.9364474325531162,0.5142222258613245,0.5639630215602267,0.5473669028017305,1.5297365748964182,1.530349270130536,0.0,0.0,0.0,0.0,0.0,0.0,0.0,0.0,0.0,0.0,0.0,0.0,0.0,0.0,0.0,0.0,0.0,0.0,0.0,0.0,0.0,0.0,0.0,0.0,0.0,0.0
198,0.0,0.0,0.0,0.0,0.0,0.0,0.0,0.0,0.0,0.0,0.0,0.0,0.0,0.0,0.0,0.0,0.0,0.0,0.0,-1.4210854715202004e-14,-1.4210854715202004e-14,-1.4210854715202004e-14,-1.4210854715202004e-14,-1.4210854715202004e-14,-0.1653143612841177,0.6794617503234264,1.041792493504829,1.0241229575861297,0.855283133739789,0.8612333020905112,0.5749042841279106,0.5161613630446595,0.7817576572852261,1.4733045183603224,1.2724230844359568,1.2800190929335713,1.2847025892457395,-2.842170943040401e-14,-4.263256414560601e-14,-4.263256414560601e-14,-4.263256414560601e-14,-4.263256414560601e-14,-4.263256414560601e-14,-4.263256414560601e-14,-4.263256414560601e-14,-4.263256414560601e-14,-4.263256414560601e-14,-5.684341886080802e-14,-5.684341886080802e-14,-5.684341886080802e-14,-2.842170943040401e-14,-2.842170943040401e-14,-2.842170943040401e-14,-2.842170943040401e-14,0.0,-4.263256414560601e-14,-5.684341886080802e-14,-5.684341886080802e-14,-5.684341886080802e-14,-5.684341886080802e-14,-5.684341886080802e-14,0.010801470853124329,0.17559340509527033,0.5902532157307689,0.9365721028227938,2.0565889560031536,2.0872908391409197,1.5906339279464419,1.4780306444159237,2.15346937918018,2.159050205786059,2.147472809651987,-4.263256414560601e-14,-4.263256414560601e-14,-4.263256414560601e-14,-4.263256414560601e-14,-2.842170943040401e-14,-2.842170943040401e-14,-4.263256414560601e-14,-4.263256414560601e-14,-4.263256414560601e-14,0.0,-1.737992914843801,-1.2766972168561352,-1.0034182027293497,-0.6792922604260383,-0.3632464212660409,-0.3632710648037687,0.31444871960044907,0.5181360243377924,0.017508772559068575,0.11152109194954107,-0.1658676407412969,-1.0375849084833533,-1.1583034906802538,-1.2517685485748302,1.4519806605073313,1.7914238189784015,1.8150230265526233,0.5194702337202699,0.38493370954847705,0.39537728516026505,0.7115373973906429,0.8077341196664491,-0.43018278390192677,-1.0723472765203752,-1.641914023586807,-4.216667010578192,-4.263256414560601e-14,-4.263256414560601e-14,-0.35561076087464016,-0.3179830319849799,-0.3572239243097073,-0.8329263682422834,-1.3029831354313757,-1.2304392627096234,-1.112657417563156,-0.16907913132104113,-0.42721151081146047,-0.037237739212443444,-0.0853509152139793,0.43670713376641856,0.6276210248332035,0.8546727267243881,1.193866145729075,1.3880004639179333,1.498192388815454,-1.4210854715202004e-14,-2.842170943040401e-14,-1.4210854715202004e-14,-1.4210854715202004e-14,-1.4210854715202004e-14,-1.4210854715202004e-14,-1.4210854715202004e-14,-1.4210854715202004e-14,-0.16267101588766764,-0.1414567750305764,0.0,-1.616547427934833,-1.9280858422241423,-1.117727934762641,-0.5939693990035835,-0.275086381055921,-0.46074356975693576,-0.8493661209421788,0.0,0.0,0.0,0.0,0.0,0.0,0.0,0.0,0.0,0.0,0.0,0.0,0.0,0.0,0.0,0.0,-0.286993508222416,0.0,0.0,-0.23849762297424704,-0.7459638105351729,-0.741875507254143,-0.7502026601552743,-2.2780161767364433,-1.9286533548829894,-1.9364474325531233,0.5142222258613174,0.5639630215602267,0.5473669028017305,1.5297365748964218,1.530349270130536,0.0,0.0,0.0,0.0,0.0,0.0,0.0,0.0,0.0,0.0,0.0,0.0,0.0,0.0,0.0,0.0,0.0,0.0,0.0,0.0,0.0,0.0,0.0,0.0,0.0,0.0
199,0.0,0.0,0.0,0.0,0.0,0.0,0.0,0.0,0.0,0.0,0.0,0.0,0.0,0.0,0.0,0.0,0.0,0.0,0.0,-1.4210854715202004e-14,-1.4210854715202004e-14,-1.4210854715202004e-14,-1.4210854715202004e-14,-1.4210854715202004e-14,-0.1653143612841177,0.6794617503234264,1.041792493504829,1.0241229575861297,0.855283133739789,0.8612333020905112,0.5749042841279106,0.5161613630446595,0.7817576572852261,1.4733045183603224,1.2724230844359568,1.2800190929335713,1.2847025892457395,-2.842170943040401e-14,-4.263256414560601e-14,-4.263256414560601e-14,-4.263256414560601e-14,-4.263256414560601e-14,-4.263256414560601e-14,-4.263256414560601e-14,-4.263256414560601e-14,-4.263256414560601e-14,-2.842170943040401e-14,-2.842170943040401e-14,-2.842170943040401e-14,-2.842170943040401e-14,-2.842170943040401e-14,-2.842170943040401e-14,-2.842170943040401e-14,-2.842170943040401e-14,0.0,-2.842170943040401e-14,-2.842170943040401e-14,-2.842170943040401e-14,-5.684341886080802e-14,-5.684341886080802e-14,-5.684341886080802e-14,0.010801470853124329,0.17559340509527033,0.5902532157307689,0.9365721028227938,2.0565889560031536,2.0872908391409197,1.5906339279464419,1.4780306444158953,2.15346937918018,2.159050205786045,2.1474728096519726,-4.263256414560601e-14,-4.263256414560601e-14,-4.263256414560601e-14,-4.263256414560601e-14,-2.842170943040401e-14,-2.842170943040401e-14,-4.263256414560601e-14,-4.263256414560601e-14,-4.263256414560601e-14,0.0,-1.737992914843801,-1.2766972168561495,-1.003418202729378,-0.6792922604260667,-0.3632464212660693,-0.3632710648037971,0.31444871960042065,0.518136024337764,0.017508772559040153,0.11152109194951265,-0.16586764074132532,-1.0375849084833817,-1.1583034906802823,-1.2517685485748586,1.4519806605073313,1.7914238189784015,1.8150230265526233,0.5194702337202699,0.38493370954847705,0.39537728516026505,0.7115373973906287,0.8077341196664349,-0.43018278390192677,-1.0723472765203752,-1.641914023586807,-4.216667010578192,-4.263256414560601e-14,-4.263256414560601e-14,-0.3556107608746686,-0.3179830319850083,-0.3572239243097357,-0.8329263682423118,-1.302983135431404,-1.2304392627096519,-1.1126574175631845,-0.16907913132106955,-0.42721151081146047,-0.037237739212443444,-0.0853509152139793,0.43670713376639014,0.6276210248331751,0.8546727267243597,1.1938661457290465,1.3880004639179049,1.4981923888154256,-1.4210854715202004e-14,-2.842170943040401e-14,-1.4210854715202004e-14,-1.4210854715202004e-14,-1.4210854715202004e-14,-1.4210854715202004e-14,-1.4210854715202004e-14,-1.4210854715202004e-14,-0.16267101588769606,-0.14145677503060483,0.0,-1.616547427934833,-1.9280858422241351,-1.117727934762641,-0.5939693990035835,-0.275086381055921,-0.46074356975693576,-0.8493661209421788,0.0,0.0,0.0,0.0,0.0,0.0,0.0,0.0,0.0,0.0,0.0,0.0,0.0,0.0,0.0,0.0,-0.286993508222416,0.0,0.0,-0.23849762297424704,-0.7459638105351729,-0.741875507254143,-0.7502026601552672,-2.278016176736436,-1.9286533548829823,-1.9364474325531162,0.5142222258613245,0.5639630215602338,0.5473669028017305,1.5297365748964253,1.530349270130543,0.0,0.0,0.0,0.0,0.0,0.0,0.0,0.0,0.0,0.0,0.0,0.0,0.0,0.0,0.0,0.0,0.0,0.0,0.0,0.0,0.0,0.0,0.0,0.0,0.0,0.0
200,0.0,0.0,0.0,0.0,0.0,0.0,0.0,0.0,0.0,0.0,0.0,0.0,0.0,0.0,0.0,0.0,0.0,0.0,0.0,-1.4210854715202004e-14,-1.4210854715202004e-14,-1.4210854715202004e-14,-1.4210854715202004e-14,-1.4210854715202004e-14,-0.1653143612841177,0.6794617503234264,1.041792493504829,1.0241229575861297,0.8552831337398032,0.8612333020905396,0.574904284127939,0.516161363044688,0.7817576572852545,1.4733045183603508,1.2724230844359852,1.2800190929335997,1.284702589245768,-2.842170943040401e-14,-4.263256414560601e-14,-4.263256414560601e-14,-4.263256414560601e-14,-4.263256414560601e-14,-4.263256414560601e-14,-4.263256414560601e-14,-5.684341886080802e-14,-5.684341886080802e-14,-5.684341886080802e-14,-5.684341886080802e-14,-5.684341886080802e-14,-5.684341886080802e-14,-5.684341886080802e-14,-5.684341886080802e-14,-5.684341886080802e-14,-5.684341886080802e-14,-2.842170943040401e-14,-5.684341886080802e-14,-5.684341886080802e-14,-5.684341886080802e-14,-5.684341886080802e-14,-5.684341886080802e-14,-5.684341886080802e-14,0.010801470853124329,0.17559340509527033,0.5902532157307689,0.9365721028227938,2.0565889560031536,2.0872908391409055,1.5906339279464135,1.4780306444158668,2.153469379180166,2.159050205786059,2.147472809651987,-4.263256414560601e-14,-4.263256414560601e-14,-4.263256414560601e-14,-4.263256414560601e-14,-2.842170943040401e-14,-5.684341886080802e-14,-4.263256414560601e-14,-4.263256414560601e-14,-5.684341886080802e-14,0.0,-1.737992914843801,-1.2766972168561495,-1.003418202729378,-0.6792922604260667,-0.3632464212660693,-0.3632710648037971,0.31444871960042065,0.518136024337764,0.017508772559040153,0.11152109194951265,-0.16586764074132532,-1.0375849084833817,-1.1583034906802823,-1.2517685485748729,1.4519806605073313,1.7914238189784015,1.8150230265526233,0.5194702337202699,0.38493370954847705,0.39537728516026505,0.7115373973906287,0.8077341196664349,-0.43018278390192677,-1.0723472765203752,-1.641914023586807,-4.216667010578192,-4.263256414560601e-14,-4.263256414560601e-14,-0.3556107608746686,-0.3179830319850083,-0.3572239243097357,-0.8329263682423118,-1.302983135431404,-1.2304392627096519,-1.1126574175631845,-0.16907913132106955,-0.42721151081146047,-0.037237739212443444,-0.0853509152139793,0.43670713376639014,0.6276210248331751,0.8546727267243597,1.1938661457290465,1.3880004639179049,1.4981923888154256,-1.4210854715202004e-14,-2.842170943040401e-14,-1.4210854715202004e-14,-1.4210854715202004e-14,-1.4210854715202004e-14,-1.4210854715202004e-14,-1.4210854715202004e-14,-1.4210854715202004e-14,-0.16267101588769606,-0.14145677503060483,0.0,-1.616547427934833,-1.9280858422241351,-1.117727934762641,-0.5939693990035835,-0.2750863810559139,-0.46074356975692865,-0.8493661209421646,0.0,0.0,0.0,0.0,0.0,0.0,0.0,0.0,0.0,0.0,0.0,0.0,0.0,0.0,0.0,0.0,-0.286993508222416,0.0,0.0,-0.23849762297424348,-0.7459638105351729,-0.741875507254143,-0.7502026601552743,-2.2780161767364433,-1.9286533548829894,-1.9364474325531233,0.5142222258613174,0.5639630215602267,0.5473669028017341,1.5297365748964253,1.530349270130543,0.0,0.0,0.0,0.0,0.0,0.0,0.0,0.0,0.0,0.0,0.0,0.0,0.0,0.0,0.0,0.0,0.0,0.0,0.0,0.0,0.0,0.0,0.0,0.0,0.0,0.0
201,0.0,0.0,0.0,0.0,0.0,0.0,0.0,0.0,0.0,0.0,0.0,0.0,0.0,0.0,0.0,0.0,0.0,0.0,0.0,-1.4210854715202004e-14,-1.4210854715202004e-14,-1.4210854715202004e-14,-1.4210854715202004e-14,0.0,-0.1653143612841177,0.6794617503234122,1.041792493504829,1.024122957586144,0.8552831337398175,0.8612333020905396,0.574904284127939,0.516161363044688,0.7817576572852545,1.4733045183603508,1.2724230844359852,1.2800190929335997,1.284702589245768,-2.842170943040401e-14,-2.842170943040401e-14,-2.842170943040401e-14,-2.842170943040401e-14,-2.842170943040401e-14,-2.842170943040401e-14,0.0,0.0,0.0,0.0,0.0,0.0,0.0,0.0,0.0,0.0,0.0,2.842170943040401e-14,0.0,0.0,0.0,-2.842170943040401e-14,-2.842170943040401e-14,-2.842170943040401e-14,0.010801470853124329,0.17559340509527033,0.5902532157307689,0.9365721028228222,2.056588956003168,2.087290839140934,1.5906339279464419,1.4780306444158953,2.153469379180194,2.1590502057860874,2.1474728096520153,-2.842170943040401e-14,-2.842170943040401e-14,-2.842170943040401e-14,-2.842170943040401e-14,-2.842170943040401e-14,-5.684341886080802e-14,-2.842170943040401e-14,0.0,0.0,0.0,-1.737992914843801,-1.2766972168561495,-1.003418202729378,-0.6792922604260667,-0.3632464212660693,-0.3632710648037971,0.31444871960042065,0.518136024337764,0.017508772559040153,0.11152109194949844,-0.16586764074133953,-1.0375849084834101,-1.1583034906802823,-1.2517685485748586,1.4519806605073597,1.7914238189784157,1.8150230265526375,0.5194702337202841,0.3849337095485055,0.39537728516029347,0.7115373973906003,0.8077341196664065,-0.43018278390192677,-1.072347276520361,-1.6419140235867928,-4.216667010578192,-2.842170943040401e-14,-2.842170943040401e-14,-0.3556107608746686,-0.3179830319850083,-0.3572239243097357,-0.8329263682423118,-1.3029831354313899,-1.2304392627096092,-1.112657417563156,-0.16907913132104113,-0.4272115108114747,-0.037237739212486076,-0.08535091521400773,0.43670713376639014,0.6276210248331893,0.8546727267243739,1.1938661457290323,1.3880004639178765,1.4981923888153972,-1.4210854715202004e-14,-2.842170943040401e-14,-2.842170943040401e-14,-2.842170943040401e-14,-2.842170943040401e-14,-2.842170943040401e-14,-1.4210854715202004e-14,-1.4210854715202004e-14,-0.16267101588769606,-0.14145677503060483,0.0,-1.616547427934833,-1.9280858422241351,-1.117727934762641,-0.5939693990035835,-0.2750863810559139,-0.46074356975692865,-0.8493661209421646,0.0,0.0,0.0,0.0,0.0,0.0,0.0,0.0,0.0,0.0,0.0,0.0,0.0,0.0,0.0,0.0,-0.2869935082224231,0.0,0.0,-0.23849762297423638,-0.7459638105351729,-0.7418755072541359,-0.7502026601552529,-2.278016176736415,-1.9286533548829539,-1.9364474325530807,0.5142222258613458,0.5639630215602551,0.547366902801727,1.5297365748964182,1.5303492701305288,0.0,0.0,0.0,0.0,0.0,0.0,0.0,0.0,0.0,0.0,0.0,0.0,0.0,0.0,0.0,0.0,0.0,0.0,0.0,0.0,0.0,0.0,0.0,0.0,0.0,0.0
